ISO-10303-21;
HEADER;
FILE_DESCRIPTION(('Open CASCADE Model'),'2;1');
FILE_NAME('Open CASCADE Shape Model','2026-09-29T03:15:35',('Author'),(
    'Open CASCADE'),'Open CASCADE STEP processor 7.9','Open CASCADE 7.9'
  ,'Unknown');
FILE_SCHEMA(('AUTOMOTIVE_DESIGN { 1 0 10303 214 1 1 1 1 }'));
ENDSEC;
DATA;
#1 = APPLICATION_PROTOCOL_DEFINITION('international standard',
  'automotive_design',2000,#2);
#2 = APPLICATION_CONTEXT(
  'core data for automotive mechanical design processes');
#3 = SHAPE_DEFINITION_REPRESENTATION(#4,#10);
#4 = PRODUCT_DEFINITION_SHAPE('','',#5);
#5 = PRODUCT_DEFINITION('design','',#6,#9);
#6 = PRODUCT_DEFINITION_FORMATION('','',#7);
#7 = PRODUCT('Open CASCADE STEP translator 7.9 10',
  'Open CASCADE STEP translator 7.9 10','',(#8));
#8 = PRODUCT_CONTEXT('',#2,'mechanical');
#9 = PRODUCT_DEFINITION_CONTEXT('part definition',#2,'design');
#10 = ADVANCED_BREP_SHAPE_REPRESENTATION('',(#11,#15),#3015);
#11 = AXIS2_PLACEMENT_3D('',#12,#13,#14);
#12 = CARTESIAN_POINT('',(0.,0.,0.));
#13 = DIRECTION('',(0.,0.,1.));
#14 = DIRECTION('',(1.,0.,-0.));
#15 = MANIFOLD_SOLID_BREP('',#16);
#16 = CLOSED_SHELL('',(#17,#675,#811,#878,#1054,#1108,#1265,#1332,#1504,
    #1574,#1751,#1805,#1956,#2004,#2105,#2332,#2408,#2415,#2600,#2627,
    #2654,#2709,#2772,#2804,#2866,#2873,#2900,#2927,#2934,#2961,#2988));
#17 = ADVANCED_FACE('',(#18),#33,.T.);
#18 = FACE_BOUND('',#19,.F.);
#19 = EDGE_LOOP('',(#20,#122,#171,#207,#241,#278,#327,#478,#524,#561,
    #595,#631));
#20 = ORIENTED_EDGE('',*,*,#21,.F.);
#21 = EDGE_CURVE('',#22,#24,#26,.T.);
#22 = VERTEX_POINT('',#23);
#23 = CARTESIAN_POINT('',(20.,-4.456794927063,6.190878691923));
#24 = VERTEX_POINT('',#25);
#25 = CARTESIAN_POINT('',(43.,-4.456794927063,6.190878691923));
#26 = SURFACE_CURVE('',#27,(#32,#106),.PCURVE_S1.);
#27 = CIRCLE('',#28,13.8);
#28 = AXIS2_PLACEMENT_3D('',#29,#30,#31);
#29 = CARTESIAN_POINT('',(31.5,0.,0.));
#30 = DIRECTION('',(-0.,0.811573981965,0.584249665637));
#31 = DIRECTION('',(-0.,0.584249665637,-0.811573981965));
#32 = PCURVE('',#33,#38);
#33 = SPHERICAL_SURFACE('',#34,13.8);
#34 = AXIS2_PLACEMENT_3D('',#35,#36,#37);
#35 = CARTESIAN_POINT('',(31.5,0.,0.));
#36 = DIRECTION('',(-0.,-0.,1.));
#37 = DIRECTION('',(-1.,-0.,-0.));
#38 = DEFINITIONAL_REPRESENTATION('',(#39),#105);
#39 = B_SPLINE_CURVE_WITH_KNOTS('',8,(#40,#41,#42,#43,#44,#45,#46,#47,
    #48,#49,#50,#51,#52,#53,#54,#55,#56,#57,#58,#59,#60,#61,#62,#63,#64,
    #65,#66,#67,#68,#69,#70,#71,#72,#73,#74,#75,#76,#77,#78,#79,#80,#81,
    #82,#83,#84,#85,#86,#87,#88,#89,#90,#91,#92,#93,#94,#95,#96,#97,#98,
    #99,#100,#101,#102,#103,#104),.UNSPECIFIED.,.F.,.F.,(9,7,7,7,7,7,7,7
    ,7,9),(1.570796326795,1.963495408494,2.30710710498,2.607767339406,
    2.870845044528,3.10103803651,3.503875772479,3.806004074455,
    4.25919652742,4.712388980385),.UNSPECIFIED.);
#40 = CARTESIAN_POINT('',(-6.28318530718,1.572156043771E-15));
#41 = CARTESIAN_POINT('',(-6.254506018782,3.983804468103E-02));
#42 = CARTESIAN_POINT('',(-6.225826726749,7.967607866828E-02));
#43 = CARTESIAN_POINT('',(-6.197008735469,0.119464223344));
#44 = CARTESIAN_POINT('',(-6.167913285966,0.159152457781));
#45 = CARTESIAN_POINT('',(-6.13839753023,0.198689001114));
#46 = CARTESIAN_POINT('',(-6.108310224647,0.238018285787));
#47 = CARTESIAN_POINT('',(-6.077487142562,0.27707852168));
#48 = CARTESIAN_POINT('',(-6.017972886389,0.349679139369));
#49 = CARTESIAN_POINT('',(-5.989496884655,0.383299177273));
#50 = CARTESIAN_POINT('',(-5.960195986103,0.416611465773));
#51 = CARTESIAN_POINT('',(-5.929938138004,0.449563079321));
#52 = CARTESIAN_POINT('',(-5.898577903868,0.482094109413));
#53 = CARTESIAN_POINT('',(-5.865954276948,0.514135590863));
#54 = CARTESIAN_POINT('',(-5.83188985292,0.545606910835));
#55 = CARTESIAN_POINT('',(-5.764955181955,0.603367766695));
#56 = CARTESIAN_POINT('',(-5.732467966615,0.62981328404));
#57 = CARTESIAN_POINT('',(-5.698600465172,0.655685386276));
#58 = CARTESIAN_POINT('',(-5.663214639243,0.680911501481));
#59 = CARTESIAN_POINT('',(-5.626165184612,0.705409017815));
#60 = CARTESIAN_POINT('',(-5.587302885348,0.729083356053));
#61 = CARTESIAN_POINT('',(-5.546483715536,0.751826738283));
#62 = CARTESIAN_POINT('',(-5.466053506612,0.792499620283));
#63 = CARTESIAN_POINT('',(-5.426929270731,0.810675495174));
#64 = CARTESIAN_POINT('',(-5.386134315795,0.827966022579));
#65 = CARTESIAN_POINT('',(-5.343602613458,0.844283479177));
#66 = CARTESIAN_POINT('',(-5.299290653068,0.859533299098));
#67 = CARTESIAN_POINT('',(-5.25319302128,0.873615940937));
#68 = CARTESIAN_POINT('',(-5.205358498703,0.88643086436));
#69 = CARTESIAN_POINT('',(-5.112623019472,0.907903985258));
#70 = CARTESIAN_POINT('',(-5.068102745228,0.916881495166));
#71 = CARTESIAN_POINT('',(-5.022414153638,0.924752353007));
#72 = CARTESIAN_POINT('',(-4.975669156364,0.931455890425));
#73 = CARTESIAN_POINT('',(-4.928021668269,0.936938432985));
#74 = CARTESIAN_POINT('',(-4.879665245399,0.941156930687));
#75 = CARTESIAN_POINT('',(-4.830822869459,0.944081928925));
#76 = CARTESIAN_POINT('',(-4.695814395141,0.94853129408));
#77 = CARTESIAN_POINT('',(-4.609129490155,0.947359687875));
#78 = CARTESIAN_POINT('',(-4.52293020347,0.94211184512));
#79 = CARTESIAN_POINT('',(-4.438586949836,0.932855600927));
#80 = CARTESIAN_POINT('',(-4.357312435826,0.919830959013));
#81 = CARTESIAN_POINT('',(-4.279773642175,0.903377809276));
#82 = CARTESIAN_POINT('',(-4.206290703246,0.883855124199));
#83 = CARTESIAN_POINT('',(-4.084887475389,0.844933660681));
#84 = CARTESIAN_POINT('',(-4.035169260535,0.826724046913));
#85 = CARTESIAN_POINT('',(-3.987786399436,0.807133512941));
#86 = CARTESIAN_POINT('',(-3.942679830476,0.786307091689));
#87 = CARTESIAN_POINT('',(-3.899739128429,0.764378507268));
#88 = CARTESIAN_POINT('',(-3.858828154652,0.741467689988));
#89 = CARTESIAN_POINT('',(-3.819802451299,0.717681378268));
#90 = CARTESIAN_POINT('',(-3.726585785963,0.656263192577));
#91 = CARTESIAN_POINT('',(-3.674568788972,0.617655090629));
#92 = CARTESIAN_POINT('',(-3.625971250763,0.577609075078));
#93 = CARTESIAN_POINT('',(-3.580297155999,0.536382027879));
#94 = CARTESIAN_POINT('',(-3.537105034657,0.494179800768));
#95 = CARTESIAN_POINT('',(-3.496011706284,0.451170391));
#96 = CARTESIAN_POINT('',(-3.456676024837,0.407495309131));
#97 = CARTESIAN_POINT('',(-3.380915770506,0.319055730673));
#98 = CARTESIAN_POINT('',(-3.344491117492,0.274291286374));
#99 = CARTESIAN_POINT('',(-3.309219188738,0.229103139469));
#100 = CARTESIAN_POINT('',(-3.274834257352,0.183592636132));
#101 = CARTESIAN_POINT('',(-3.241097419767,0.137848014245));
#102 = CARTESIAN_POINT('',(-3.207787041158,9.194977105042E-02));
#103 = CARTESIAN_POINT('',(-3.174689845979,4.597490045614E-02));
#104 = CARTESIAN_POINT('',(-3.14159265359,1.490837218927E-16));
#105 = ( GEOMETRIC_REPRESENTATION_CONTEXT(2) 
PARAMETRIC_REPRESENTATION_CONTEXT() REPRESENTATION_CONTEXT('2D SPACE',''
  ) );
#106 = PCURVE('',#107,#112);
#107 = PLANE('',#108);
#108 = AXIS2_PLACEMENT_3D('',#109,#110,#111);
#109 = CARTESIAN_POINT('',(46.3,0.,0.));
#110 = DIRECTION('',(-0.,-0.811573981965,-0.584249665637));
#111 = DIRECTION('',(0.,0.584249665637,-0.811573981965));
#112 = DEFINITIONAL_REPRESENTATION('',(#113),#121);
#113 = ( BOUNDED_CURVE() B_SPLINE_CURVE(2,(#114,#115,#116,#117,#118,#119
,#120),.UNSPECIFIED.,.T.,.F.) B_SPLINE_CURVE_WITH_KNOTS((1,2,2,2,2,1),(
    -2.094395102393,0.,2.094395102393,4.188790204786,6.28318530718,
8.377580409573),.UNSPECIFIED.) CURVE() GEOMETRIC_REPRESENTATION_ITEM() 
RATIONAL_B_SPLINE_CURVE((1.,0.5,1.,0.5,1.,0.5,1.)) REPRESENTATION_ITEM(
  '') );
#114 = CARTESIAN_POINT('',(13.8,-14.8));
#115 = CARTESIAN_POINT('',(13.8,-38.70230114445));
#116 = CARTESIAN_POINT('',(-6.9,-26.75115057222));
#117 = CARTESIAN_POINT('',(-27.6,-14.8));
#118 = CARTESIAN_POINT('',(-6.9,-2.848849427775));
#119 = CARTESIAN_POINT('',(13.8,9.102301144451));
#120 = CARTESIAN_POINT('',(13.8,-14.8));
#121 = ( GEOMETRIC_REPRESENTATION_CONTEXT(2) 
PARAMETRIC_REPRESENTATION_CONTEXT() REPRESENTATION_CONTEXT('2D SPACE',''
  ) );
#122 = ORIENTED_EDGE('',*,*,#123,.F.);
#123 = EDGE_CURVE('',#124,#22,#126,.T.);
#124 = VERTEX_POINT('',#125);
#125 = CARTESIAN_POINT('',(20.,-4.014084531692,6.486688320895));
#126 = SURFACE_CURVE('',#127,(#132,#159),.PCURVE_S1.);
#127 = CIRCLE('',#128,7.628237017817);
#128 = AXIS2_PLACEMENT_3D('',#129,#130,#131);
#129 = CARTESIAN_POINT('',(20.,0.,0.));
#130 = DIRECTION('',(1.,-0.,0.));
#131 = DIRECTION('',(-0.,-0.,1.));
#132 = PCURVE('',#33,#133);
#133 = DEFINITIONAL_REPRESENTATION('',(#134),#158);
#134 = B_SPLINE_CURVE_WITH_KNOTS('',8,(#135,#136,#137,#138,#139,#140,
    #141,#142,#143,#144,#145,#146,#147,#148,#149,#150,#151,#152,#153,
    #154,#155,#156,#157),.UNSPECIFIED.,.F.,.F.,(9,7,7,9),(
    -8.881784197001E-15,0.392699081699,0.981747704247,1.570796326795),
  .UNSPECIFIED.);
#135 = CARTESIAN_POINT('',(-6.28318530718,0.585685543457));
#136 = CARTESIAN_POINT('',(-6.250624419442,0.585685543457));
#137 = CARTESIAN_POINT('',(-6.218063546753,0.58385887957));
#138 = CARTESIAN_POINT('',(-6.185727350952,0.580205568836));
#139 = CARTESIAN_POINT('',(-6.153840884113,0.57474734002));
#140 = CARTESIAN_POINT('',(-6.12261515144,0.567527873263));
#141 = CARTESIAN_POINT('',(-6.09223525083,0.55860958717));
#142 = CARTESIAN_POINT('',(-6.062853822616,0.548068833864));
#143 = CARTESIAN_POINT('',(-5.99220062369,0.517875155433));
#144 = CARTESIAN_POINT('',(-5.952329008914,0.496301341623));
#145 = CARTESIAN_POINT('',(-5.915387950156,0.471559303506));
#146 = CARTESIAN_POINT('',(-5.881629191623,0.443986410241));
#147 = CARTESIAN_POINT('',(-5.851146468079,0.413932964106));
#148 = CARTESIAN_POINT('',(-5.823942391216,0.381734600529));
#149 = CARTESIAN_POINT('',(-5.799970556455,0.347707563844));
#150 = CARTESIAN_POINT('',(-5.758358854796,0.276587296369));
#151 = CARTESIAN_POINT('',(-5.740718994403,0.239494062637));
#152 = CARTESIAN_POINT('',(-5.726178829477,0.201163412597));
#153 = CARTESIAN_POINT('',(-5.714652290026,0.161870383599));
#154 = CARTESIAN_POINT('',(-5.7060622018,0.121869850312));
#155 = CARTESIAN_POINT('',(-5.700353931615,8.140221197909E-02));
#156 = CARTESIAN_POINT('',(-5.697499763722,4.070110967219E-02));
#157 = CARTESIAN_POINT('',(-5.697499763722,-5.544453019207E-14));
#158 = ( GEOMETRIC_REPRESENTATION_CONTEXT(2) 
PARAMETRIC_REPRESENTATION_CONTEXT() REPRESENTATION_CONTEXT('2D SPACE',''
  ) );
#159 = PCURVE('',#160,#165);
#160 = CONICAL_SURFACE('',#161,0.,0.585685543457);
#161 = AXIS2_PLACEMENT_3D('',#162,#163,#164);
#162 = CARTESIAN_POINT('',(31.5,0.,0.));
#163 = DIRECTION('',(-1.,-0.,-0.));
#164 = DIRECTION('',(-0.,-0.,1.));
#165 = DEFINITIONAL_REPRESENTATION('',(#166),#170);
#166 = LINE('',#167,#168);
#167 = CARTESIAN_POINT('',(-0.,11.5));
#168 = VECTOR('',#169,1.);
#169 = DIRECTION('',(-1.,0.));
#170 = ( GEOMETRIC_REPRESENTATION_CONTEXT(2) 
PARAMETRIC_REPRESENTATION_CONTEXT() REPRESENTATION_CONTEXT('2D SPACE',''
  ) );
#171 = ORIENTED_EDGE('',*,*,#172,.T.);
#172 = EDGE_CURVE('',#124,#173,#175,.T.);
#173 = VERTEX_POINT('',#174);
#174 = CARTESIAN_POINT('',(20.869854187265,-4.630682528136,
    7.483099579961));
#175 = SURFACE_CURVE('',#176,(#181,#191),.PCURVE_S1.);
#176 = CIRCLE('',#177,13.8);
#177 = AXIS2_PLACEMENT_3D('',#178,#179,#180);
#178 = CARTESIAN_POINT('',(31.5,0.,0.));
#179 = DIRECTION('',(-0.,0.850352224996,0.526213923652));
#180 = DIRECTION('',(-0.,0.526213923652,-0.850352224996));
#181 = PCURVE('',#33,#182);
#182 = DEFINITIONAL_REPRESENTATION('',(#183),#190);
#183 = B_SPLINE_CURVE_WITH_KNOTS('',5,(#184,#185,#186,#187,#188,#189),
  .UNSPECIFIED.,.F.,.F.,(6,6),(2.126525673131,2.262280520798),
  .PIECEWISE_BEZIER_KNOTS.);
#184 = CARTESIAN_POINT('',(-5.967337697177,0.465214368008));
#185 = CARTESIAN_POINT('',(-5.949450616786,0.487160176855));
#186 = CARTESIAN_POINT('',(-5.931070927821,0.508945639058));
#187 = CARTESIAN_POINT('',(-5.912140414496,0.53055022315));
#188 = CARTESIAN_POINT('',(-5.89259359851,0.551950218208));
#189 = CARTESIAN_POINT('',(-5.872355628741,0.573116957598));
#190 = ( GEOMETRIC_REPRESENTATION_CONTEXT(2) 
PARAMETRIC_REPRESENTATION_CONTEXT() REPRESENTATION_CONTEXT('2D SPACE',''
  ) );
#191 = PCURVE('',#192,#197);
#192 = PLANE('',#193);
#193 = AXIS2_PLACEMENT_3D('',#194,#195,#196);
#194 = CARTESIAN_POINT('',(21.,0.,0.));
#195 = DIRECTION('',(-0.,-0.850352224996,-0.526213923652));
#196 = DIRECTION('',(0.,0.526213923652,-0.850352224996));
#197 = DEFINITIONAL_REPRESENTATION('',(#198),#206);
#198 = ( BOUNDED_CURVE() B_SPLINE_CURVE(2,(#199,#200,#201,#202,#203,#204
,#205),.UNSPECIFIED.,.T.,.F.) B_SPLINE_CURVE_WITH_KNOTS((1,2,2,2,2,1),(
    -2.094395102393,0.,2.094395102393,4.188790204786,6.28318530718,
8.377580409573),.UNSPECIFIED.) CURVE() GEOMETRIC_REPRESENTATION_ITEM() 
RATIONAL_B_SPLINE_CURVE((1.,0.5,1.,0.5,1.,0.5,1.)) REPRESENTATION_ITEM(
  '') );
#199 = CARTESIAN_POINT('',(13.8,10.5));
#200 = CARTESIAN_POINT('',(13.8,-13.40230114445));
#201 = CARTESIAN_POINT('',(-6.9,-1.451150572225));
#202 = CARTESIAN_POINT('',(-27.6,10.5));
#203 = CARTESIAN_POINT('',(-6.9,22.451150572225));
#204 = CARTESIAN_POINT('',(13.8,34.402301144451));
#205 = CARTESIAN_POINT('',(13.8,10.5));
#206 = ( GEOMETRIC_REPRESENTATION_CONTEXT(2) 
PARAMETRIC_REPRESENTATION_CONTEXT() REPRESENTATION_CONTEXT('2D SPACE',''
  ) );
#207 = ORIENTED_EDGE('',*,*,#208,.F.);
#208 = EDGE_CURVE('',#209,#173,#211,.T.);
#209 = VERTEX_POINT('',#210);
#210 = CARTESIAN_POINT('',(20.869854187265,-1.490275633871,
    8.672893319711));
#211 = SURFACE_CURVE('',#212,(#217,#229),.PCURVE_S1.);
#212 = CIRCLE('',#213,8.8);
#213 = AXIS2_PLACEMENT_3D('',#214,#215,#216);
#214 = CARTESIAN_POINT('',(20.869854187265,0.,0.));
#215 = DIRECTION('',(1.,-0.,0.));
#216 = DIRECTION('',(-0.,-0.,1.));
#217 = PCURVE('',#33,#218);
#218 = DEFINITIONAL_REPRESENTATION('',(#219),#228);
#219 = B_SPLINE_CURVE_WITH_KNOTS('',7,(#220,#221,#222,#223,#224,#225,
    #226,#227),.UNSPECIFIED.,.F.,.F.,(8,8),(0.170169602069,
    0.554142037508),.PIECEWISE_BEZIER_KNOTS.);
#220 = CARTESIAN_POINT('',(-6.143899748487,0.679585325534));
#221 = CARTESIAN_POINT('',(-6.100008908708,0.671969746368));
#222 = CARTESIAN_POINT('',(-6.057230897508,0.661572567029));
#223 = CARTESIAN_POINT('',(-6.016016170552,0.648502301029));
#224 = CARTESIAN_POINT('',(-5.976733897158,0.632921069511));
#225 = CARTESIAN_POINT('',(-5.939621909851,0.615026273352));
#226 = CARTESIAN_POINT('',(-5.904810795651,0.595023687922));
#227 = CARTESIAN_POINT('',(-5.872355628741,0.573116957598));
#228 = ( GEOMETRIC_REPRESENTATION_CONTEXT(2) 
PARAMETRIC_REPRESENTATION_CONTEXT() REPRESENTATION_CONTEXT('2D SPACE',''
  ) );
#229 = PCURVE('',#230,#235);
#230 = CYLINDRICAL_SURFACE('',#231,8.8);
#231 = AXIS2_PLACEMENT_3D('',#232,#233,#234);
#232 = CARTESIAN_POINT('',(21.,0.,0.));
#233 = DIRECTION('',(-1.,-0.,-0.));
#234 = DIRECTION('',(-0.,-0.,1.));
#235 = DEFINITIONAL_REPRESENTATION('',(#236),#240);
#236 = LINE('',#237,#238);
#237 = CARTESIAN_POINT('',(-0.,0.130145812735));
#238 = VECTOR('',#239,1.);
#239 = DIRECTION('',(-1.,0.));
#240 = ( GEOMETRIC_REPRESENTATION_CONTEXT(2) 
PARAMETRIC_REPRESENTATION_CONTEXT() REPRESENTATION_CONTEXT('2D SPACE',''
  ) );
#241 = ORIENTED_EDGE('',*,*,#242,.T.);
#242 = EDGE_CURVE('',#209,#243,#245,.T.);
#243 = VERTEX_POINT('',#244);
#244 = CARTESIAN_POINT('',(20.,-1.29183815421,7.518055212841));
#245 = SURFACE_CURVE('',#246,(#251,#262),.PCURVE_S1.);
#246 = CIRCLE('',#247,13.8);
#247 = AXIS2_PLACEMENT_3D('',#248,#249,#250);
#248 = CARTESIAN_POINT('',(31.5,0.,0.));
#249 = DIRECTION('',(0.,-0.985556059058,-0.169349503849));
#250 = DIRECTION('',(-0.,-0.169349503849,0.985556059058));
#251 = PCURVE('',#33,#252);
#252 = DEFINITIONAL_REPRESENTATION('',(#253),#261);
#253 = B_SPLINE_CURVE_WITH_KNOTS('',6,(#254,#255,#256,#257,#258,#259,
    #260),.UNSPECIFIED.,.F.,.F.,(7,7),(0.879312132791,1.098211721001),
  .PIECEWISE_BEZIER_KNOTS.);
#254 = CARTESIAN_POINT('',(-6.143899748487,0.679585325534));
#255 = CARTESIAN_POINT('',(-6.154111599065,0.643977243964));
#256 = CARTESIAN_POINT('',(-6.163618350492,0.608307991026));
#257 = CARTESIAN_POINT('',(-6.172556238952,0.572589516253));
#258 = CARTESIAN_POINT('',(-6.181021347083,0.536830188414));
#259 = CARTESIAN_POINT('',(-6.189090339338,0.501036672558));
#260 = CARTESIAN_POINT('',(-6.196825501164,0.465214368008));
#261 = ( GEOMETRIC_REPRESENTATION_CONTEXT(2) 
PARAMETRIC_REPRESENTATION_CONTEXT() REPRESENTATION_CONTEXT('2D SPACE',''
  ) );
#262 = PCURVE('',#263,#268);
#263 = PLANE('',#264);
#264 = AXIS2_PLACEMENT_3D('',#265,#266,#267);
#265 = CARTESIAN_POINT('',(21.,-10.16097023094,59.133363543485));
#266 = DIRECTION('',(-0.,0.985556059058,0.169349503849));
#267 = DIRECTION('',(0.,-0.169349503849,0.985556059058));
#268 = DEFINITIONAL_REPRESENTATION('',(#269),#277);
#269 = ( BOUNDED_CURVE() B_SPLINE_CURVE(2,(#270,#271,#272,#273,#274,#275
,#276),.UNSPECIFIED.,.T.,.F.) B_SPLINE_CURVE_WITH_KNOTS((1,2,2,2,2,1),(
    -2.094395102393,0.,2.094395102393,4.188790204786,6.28318530718,
8.377580409573),.UNSPECIFIED.) CURVE() GEOMETRIC_REPRESENTATION_ITEM() 
RATIONAL_B_SPLINE_CURVE((1.,0.5,1.,0.5,1.,0.5,1.)) REPRESENTATION_ITEM(
  '') );
#270 = CARTESIAN_POINT('',(-46.2,10.5));
#271 = CARTESIAN_POINT('',(-46.2,-13.40230114445));
#272 = CARTESIAN_POINT('',(-66.9,-1.451150572225));
#273 = CARTESIAN_POINT('',(-87.6,10.5));
#274 = CARTESIAN_POINT('',(-66.9,22.451150572225));
#275 = CARTESIAN_POINT('',(-46.2,34.402301144451));
#276 = CARTESIAN_POINT('',(-46.2,10.5));
#277 = ( GEOMETRIC_REPRESENTATION_CONTEXT(2) 
PARAMETRIC_REPRESENTATION_CONTEXT() REPRESENTATION_CONTEXT('2D SPACE',''
  ) );
#278 = ORIENTED_EDGE('',*,*,#279,.F.);
#279 = EDGE_CURVE('',#280,#243,#282,.T.);
#280 = VERTEX_POINT('',#281);
#281 = CARTESIAN_POINT('',(20.,-0.764258280333,7.589855682485));
#282 = SURFACE_CURVE('',#283,(#288,#315),.PCURVE_S1.);
#283 = CIRCLE('',#284,7.628237017817);
#284 = AXIS2_PLACEMENT_3D('',#285,#286,#287);
#285 = CARTESIAN_POINT('',(20.,0.,0.));
#286 = DIRECTION('',(1.,-0.,0.));
#287 = DIRECTION('',(-0.,-0.,1.));
#288 = PCURVE('',#33,#289);
#289 = DEFINITIONAL_REPRESENTATION('',(#290),#314);
#290 = B_SPLINE_CURVE_WITH_KNOTS('',8,(#291,#292,#293,#294,#295,#296,
    #297,#298,#299,#300,#301,#302,#303,#304,#305,#306,#307,#308,#309,
    #310,#311,#312,#313),.UNSPECIFIED.,.F.,.F.,(9,7,7,9),(
    -8.881784197001E-15,0.392699081699,0.981747704247,1.570796326795),
  .UNSPECIFIED.);
#291 = CARTESIAN_POINT('',(-6.28318530718,0.585685543457));
#292 = CARTESIAN_POINT('',(-6.250624419442,0.585685543457));
#293 = CARTESIAN_POINT('',(-6.218063546753,0.58385887957));
#294 = CARTESIAN_POINT('',(-6.185727350952,0.580205568836));
#295 = CARTESIAN_POINT('',(-6.153840884113,0.57474734002));
#296 = CARTESIAN_POINT('',(-6.12261515144,0.567527873263));
#297 = CARTESIAN_POINT('',(-6.09223525083,0.55860958717));
#298 = CARTESIAN_POINT('',(-6.062853822616,0.548068833864));
#299 = CARTESIAN_POINT('',(-5.99220062369,0.517875155433));
#300 = CARTESIAN_POINT('',(-5.952329008914,0.496301341623));
#301 = CARTESIAN_POINT('',(-5.915387950156,0.471559303506));
#302 = CARTESIAN_POINT('',(-5.881629191623,0.443986410241));
#303 = CARTESIAN_POINT('',(-5.851146468079,0.413932964106));
#304 = CARTESIAN_POINT('',(-5.823942391216,0.381734600529));
#305 = CARTESIAN_POINT('',(-5.799970556455,0.347707563844));
#306 = CARTESIAN_POINT('',(-5.758358854796,0.276587296369));
#307 = CARTESIAN_POINT('',(-5.740718994403,0.239494062637));
#308 = CARTESIAN_POINT('',(-5.726178829477,0.201163412597));
#309 = CARTESIAN_POINT('',(-5.714652290026,0.161870383599));
#310 = CARTESIAN_POINT('',(-5.7060622018,0.121869850312));
#311 = CARTESIAN_POINT('',(-5.700353931615,8.140221197909E-02));
#312 = CARTESIAN_POINT('',(-5.697499763722,4.070110967219E-02));
#313 = CARTESIAN_POINT('',(-5.697499763722,-5.544453019207E-14));
#314 = ( GEOMETRIC_REPRESENTATION_CONTEXT(2) 
PARAMETRIC_REPRESENTATION_CONTEXT() REPRESENTATION_CONTEXT('2D SPACE',''
  ) );
#315 = PCURVE('',#316,#321);
#316 = CONICAL_SURFACE('',#317,0.,0.585685543457);
#317 = AXIS2_PLACEMENT_3D('',#318,#319,#320);
#318 = CARTESIAN_POINT('',(31.5,0.,0.));
#319 = DIRECTION('',(-1.,-0.,-0.));
#320 = DIRECTION('',(-0.,-0.,1.));
#321 = DEFINITIONAL_REPRESENTATION('',(#322),#326);
#322 = LINE('',#323,#324);
#323 = CARTESIAN_POINT('',(-0.,11.5));
#324 = VECTOR('',#325,1.);
#325 = DIRECTION('',(-1.,0.));
#326 = ( GEOMETRIC_REPRESENTATION_CONTEXT(2) 
PARAMETRIC_REPRESENTATION_CONTEXT() REPRESENTATION_CONTEXT('2D SPACE',''
  ) );
#327 = ORIENTED_EDGE('',*,*,#328,.F.);
#328 = EDGE_CURVE('',#329,#280,#331,.T.);
#329 = VERTEX_POINT('',#330);
#330 = CARTESIAN_POINT('',(43.,-0.764258280333,7.589855682485));
#331 = SURFACE_CURVE('',#332,(#337,#462),.PCURVE_S1.);
#332 = CIRCLE('',#333,13.8);
#333 = AXIS2_PLACEMENT_3D('',#334,#335,#336);
#334 = CARTESIAN_POINT('',(31.5,0.,0.));
#335 = DIRECTION('',(0.,-0.994968518251,-0.100188061612));
#336 = DIRECTION('',(-0.,-0.100188061612,0.994968518251));
#337 = PCURVE('',#33,#338);
#338 = DEFINITIONAL_REPRESENTATION('',(#339),#461);
#339 = B_SPLINE_CURVE_WITH_KNOTS('',8,(#340,#341,#342,#343,#344,#345,
    #346,#347,#348,#349,#350,#351,#352,#353,#354,#355,#356,#357,#358,
    #359,#360,#361,#362,#363,#364,#365,#366,#367,#368,#369,#370,#371,
    #372,#373,#374,#375,#376,#377,#378,#379,#380,#381,#382,#383,#384,
    #385,#386,#387,#388,#389,#390,#391,#392,#393,#394,#395,#396,#397,
    #398,#399,#400,#401,#402,#403,#404,#405,#406,#407,#408,#409,#410,
    #411,#412,#413,#414,#415,#416,#417,#418,#419,#420,#421,#422,#423,
    #424,#425,#426,#427,#428,#429,#430,#431,#432,#433,#434,#435,#436,
    #437,#438,#439,#440,#441,#442,#443,#444,#445,#446,#447,#448,#449,
    #450,#451,#452,#453,#454,#455,#456,#457,#458,#459,#460),
  .UNSPECIFIED.,.F.,.F.,(9,7,7,7,7,7,7,7,7,7,7,7,7,7,7,7,7,9),(
    4.712388980385,5.105088062083,5.44869975857,5.749359992995,
    5.880898845557,6.004216519833,6.119826839467,6.174019176795,
    6.226518003582,6.277376242032,6.32664516053,6.374374425325,
    6.466849875866,6.640241345629,6.791958881672,7.057464569748,
    7.455723101861,7.853981633975),.UNSPECIFIED.);
#340 = CARTESIAN_POINT('',(-3.14159265359,-1.066482317861E-15));
#341 = CARTESIAN_POINT('',(-3.146510623564,4.884040292953E-02));
#342 = CARTESIAN_POINT('',(-3.151428630338,9.768080398369E-02));
#343 = CARTESIAN_POINT('',(-3.156382251771,0.146519412017));
#344 = CARTESIAN_POINT('',(-3.161407530615,0.195354412202));
#345 = CARTESIAN_POINT('',(-3.166542274702,0.244183900653));
#346 = CARTESIAN_POINT('',(-3.171828533988,0.293005759155));
#347 = CARTESIAN_POINT('',(-3.177316254463,0.341817470014));
#348 = CARTESIAN_POINT('',(-3.188100981552,0.433314471877));
#349 = CARTESIAN_POINT('',(-3.193336097227,0.476002881612));
#350 = CARTESIAN_POINT('',(-3.198815704633,0.518678968228));
#351 = CARTESIAN_POINT('',(-3.204589454615,0.561340225376));
#352 = CARTESIAN_POINT('',(-3.210718814888,0.603983546454));
#353 = CARTESIAN_POINT('',(-3.217280499804,0.646605051753));
#354 = CARTESIAN_POINT('',(-3.22437539625,0.689199632888));
#355 = CARTESIAN_POINT('',(-3.238951778477,0.769000093892));
#356 = CARTESIAN_POINT('',(-3.246274123777,0.806214018853));
#357 = CARTESIAN_POINT('',(-3.254214182485,0.843396695021));
#358 = CARTESIAN_POINT('',(-3.262897507388,0.880541733977));
#359 = CARTESIAN_POINT('',(-3.272485227382,0.917640939939));
#360 = CARTESIAN_POINT('',(-3.283203731588,0.954682734921));
#361 = CARTESIAN_POINT('',(-3.295363504693,0.991651251842));
#362 = CARTESIAN_POINT('',(-3.315685302767,1.044648360648));
#363 = CARTESIAN_POINT('',(-3.322248688731,1.060758587294));
#364 = CARTESIAN_POINT('',(-3.329235228085,1.076847179769));
#365 = CARTESIAN_POINT('',(-3.336698522756,1.092911359366));
#366 = CARTESIAN_POINT('',(-3.34470235658,1.108947813606));
#367 = CARTESIAN_POINT('',(-3.353324476475,1.124952491706));
#368 = CARTESIAN_POINT('',(-3.36266291228,1.140920256535));
#369 = CARTESIAN_POINT('',(-3.382390388097,1.171773271073));
#370 = CARTESIAN_POINT('',(-3.392677317722,1.186663802577));
#371 = CARTESIAN_POINT('',(-3.403810801136,1.201510428179));
#372 = CARTESIAN_POINT('',(-3.415918662239,1.21630637319));
#373 = CARTESIAN_POINT('',(-3.429160732743,1.231043083955));
#374 = CARTESIAN_POINT('',(-3.443738765465,1.245709701908));
#375 = CARTESIAN_POINT('',(-3.459917110643,1.26029184575));
#376 = CARTESIAN_POINT('',(-3.495077417717,1.288341278133));
#377 = CARTESIAN_POINT('',(-3.513820941509,1.301821281366));
#378 = CARTESIAN_POINT('',(-3.534599117243,1.315192045841));
#379 = CARTESIAN_POINT('',(-3.557795598917,1.328431806942));
#380 = CARTESIAN_POINT('',(-3.583911343587,1.341512003124));
#381 = CARTESIAN_POINT('',(-3.613601311965,1.354393618612));
#382 = CARTESIAN_POINT('',(-3.647782585273,1.367021637209));
#383 = CARTESIAN_POINT('',(-3.706491321742,1.385067942501));
#384 = CARTESIAN_POINT('',(-3.726500510209,1.390752436479));
#385 = CARTESIAN_POINT('',(-3.74791573735,1.396352948375));
#386 = CARTESIAN_POINT('',(-3.770889347217,1.401858877578));
#387 = CARTESIAN_POINT('',(-3.795593743498,1.407257698384));
#388 = CARTESIAN_POINT('',(-3.822224617675,1.412534434328));
#389 = CARTESIAN_POINT('',(-3.850999908723,1.417671037007));
#390 = CARTESIAN_POINT('',(-3.912323489688,1.427465019284));
#391 = CARTESIAN_POINT('',(-3.944725673138,1.432132385185));
#392 = CARTESIAN_POINT('',(-3.9795633551,1.436627962266));
#393 = CARTESIAN_POINT('',(-4.017052344872,1.440928947847));
#394 = CARTESIAN_POINT('',(-4.057409490918,1.445008519954));
#395 = CARTESIAN_POINT('',(-4.100826361343,1.448835658059));
#396 = CARTESIAN_POINT('',(-4.147422964523,1.452375894808));
#397 = CARTESIAN_POINT('',(-4.245385100705,1.458709568092));
#398 = CARTESIAN_POINT('',(-4.296556108641,1.461522912393));
#399 = CARTESIAN_POINT('',(-4.350679260608,1.464000211549));
#400 = CARTESIAN_POINT('',(-4.407617554512,1.466107468016));
#401 = CARTESIAN_POINT('',(-4.467072048817,1.467811477269));
#402 = CARTESIAN_POINT('',(-4.528510375947,1.469083780269));
#403 = CARTESIAN_POINT('',(-4.591228576329,1.469906332473));
#404 = CARTESIAN_POINT('',(-4.715738209826,1.470627170324));
#405 = CARTESIAN_POINT('',(-4.777497318369,1.470553535597));
#406 = CARTESIAN_POINT('',(-4.839061967145,1.470045537134));
#407 = CARTESIAN_POINT('',(-4.899698902336,1.469107152039));
#408 = CARTESIAN_POINT('',(-4.958721600975,1.467753749376));
#409 = CARTESIAN_POINT('',(-5.015626196464,1.466009484025));
#410 = CARTESIAN_POINT('',(-5.070082038434,1.463902581209));
#411 = CARTESIAN_POINT('',(-5.172108735235,1.459099204951));
#412 = CARTESIAN_POINT('',(-5.219841642576,1.456423213059));
#413 = CARTESIAN_POINT('',(-5.264935883696,1.453461801462));
#414 = CARTESIAN_POINT('',(-5.307354422474,1.450243283602));
#415 = CARTESIAN_POINT('',(-5.347158723692,1.446794688794));
#416 = CARTESIAN_POINT('',(-5.384467731435,1.443140617167));
#417 = CARTESIAN_POINT('',(-5.419423956574,1.439303002029));
#418 = CARTESIAN_POINT('',(-5.51565182607,1.427547828072));
#419 = CARTESIAN_POINT('',(-5.570870582435,1.41917821489));
#420 = CARTESIAN_POINT('',(-5.618962747791,1.410333522235));
#421 = CARTESIAN_POINT('',(-5.66119886321,1.401118492636));
#422 = CARTESIAN_POINT('',(-5.698553642986,1.391605914816));
#423 = CARTESIAN_POINT('',(-5.7318303306,1.381851336836));
#424 = CARTESIAN_POINT('',(-5.761660824988,1.371896365685));
#425 = CARTESIAN_POINT('',(-5.838988909967,1.342793341619));
#426 = CARTESIAN_POINT('',(-5.87910575708,1.323223111399));
#427 = CARTESIAN_POINT('',(-5.912283067541,1.303277066071));
#428 = CARTESIAN_POINT('',(-5.940357591502,1.283055015542));
#429 = CARTESIAN_POINT('',(-5.964524971456,1.262626520014));
#430 = CARTESIAN_POINT('',(-5.985616968905,1.242035419945));
#431 = CARTESIAN_POINT('',(-6.004229303265,1.221314567362));
#432 = CARTESIAN_POINT('',(-6.035315692669,1.182264221567));
#433 = CARTESIAN_POINT('',(-6.048266184056,1.163959585116));
#434 = CARTESIAN_POINT('',(-6.059958833015,1.145589794476));
#435 = CARTESIAN_POINT('',(-6.070604184293,1.127165957465));
#436 = CARTESIAN_POINT('',(-6.080361973889,1.108696447115));
#437 = CARTESIAN_POINT('',(-6.089358485966,1.09018786058));
#438 = CARTESIAN_POINT('',(-6.097694163981,1.071645413496));
#439 = CARTESIAN_POINT('',(-6.11902729943,1.020572352457));
#440 = CARTESIAN_POINT('',(-6.130832214905,0.987980735979));
#441 = CARTESIAN_POINT('',(-6.141308381499,0.955321443292));
#442 = CARTESIAN_POINT('',(-6.150726159918,0.922608335807));
#443 = CARTESIAN_POINT('',(-6.159284089023,0.889851589003));
#444 = CARTESIAN_POINT('',(-6.167127318716,0.857058605447));
#445 = CARTESIAN_POINT('',(-6.174369518302,0.82423518016));
#446 = CARTESIAN_POINT('',(-6.191196334161,0.742111901485));
#447 = CARTESIAN_POINT('',(-6.200141742789,0.69277969755));
#448 = CARTESIAN_POINT('',(-6.208238399886,0.643404616665));
#449 = CARTESIAN_POINT('',(-6.215672432132,0.593996087553));
#450 = CARTESIAN_POINT('',(-6.222577999675,0.544560897647));
#451 = CARTESIAN_POINT('',(-6.229059550349,0.495104329297));
#452 = CARTESIAN_POINT('',(-6.235196822406,0.445630406591));
#453 = CARTESIAN_POINT('',(-6.246917029947,0.346654627326));
#454 = CARTESIAN_POINT('',(-6.252499935913,0.297152769154));
#455 = CARTESIAN_POINT('',(-6.257871999449,0.247640290671));
#456 = CARTESIAN_POINT('',(-6.263085776481,0.198119841216));
#457 = CARTESIAN_POINT('',(-6.268185304894,0.14859363916));
#458 = CARTESIAN_POINT('',(-6.273210078474,9.906367329876E-02));
#459 = CARTESIAN_POINT('',(-6.278197713385,4.953183769714E-02));
#460 = CARTESIAN_POINT('',(-6.28318530718,-5.536908141728E-14));
#461 = ( GEOMETRIC_REPRESENTATION_CONTEXT(2) 
PARAMETRIC_REPRESENTATION_CONTEXT() REPRESENTATION_CONTEXT('2D SPACE',''
  ) );
#462 = PCURVE('',#463,#468);
#463 = PLANE('',#464);
#464 = AXIS2_PLACEMENT_3D('',#465,#466,#467);
#465 = CARTESIAN_POINT('',(46.3,-6.011283696725,59.698111095055));
#466 = DIRECTION('',(-0.,0.994968518251,0.100188061612));
#467 = DIRECTION('',(0.,-0.100188061612,0.994968518251));
#468 = DEFINITIONAL_REPRESENTATION('',(#469),#477);
#469 = ( BOUNDED_CURVE() B_SPLINE_CURVE(2,(#470,#471,#472,#473,#474,#475
,#476),.UNSPECIFIED.,.T.,.F.) B_SPLINE_CURVE_WITH_KNOTS((1,2,2,2,2,1),(
    -2.094395102393,0.,2.094395102393,4.188790204786,6.28318530718,
8.377580409573),.UNSPECIFIED.) CURVE() GEOMETRIC_REPRESENTATION_ITEM() 
RATIONAL_B_SPLINE_CURVE((1.,0.5,1.,0.5,1.,0.5,1.)) REPRESENTATION_ITEM(
  '') );
#470 = CARTESIAN_POINT('',(-46.2,-14.8));
#471 = CARTESIAN_POINT('',(-46.2,-38.70230114445));
#472 = CARTESIAN_POINT('',(-66.9,-26.75115057222));
#473 = CARTESIAN_POINT('',(-87.6,-14.8));
#474 = CARTESIAN_POINT('',(-66.9,-2.848849427775));
#475 = CARTESIAN_POINT('',(-46.2,9.102301144451));
#476 = CARTESIAN_POINT('',(-46.2,-14.8));
#477 = ( GEOMETRIC_REPRESENTATION_CONTEXT(2) 
PARAMETRIC_REPRESENTATION_CONTEXT() REPRESENTATION_CONTEXT('2D SPACE',''
  ) );
#478 = ORIENTED_EDGE('',*,*,#479,.F.);
#479 = EDGE_CURVE('',#480,#329,#482,.T.);
#480 = VERTEX_POINT('',#481);
#481 = CARTESIAN_POINT('',(43.,-1.29183815421,7.518055212841));
#482 = SURFACE_CURVE('',#483,(#488,#512),.PCURVE_S1.);
#483 = CIRCLE('',#484,7.628237017817);
#484 = AXIS2_PLACEMENT_3D('',#485,#486,#487);
#485 = CARTESIAN_POINT('',(43.,0.,0.));
#486 = DIRECTION('',(-1.,-0.,0.));
#487 = DIRECTION('',(-0.,-0.,-1.));
#488 = PCURVE('',#33,#489);
#489 = DEFINITIONAL_REPRESENTATION('',(#490),#511);
#490 = B_SPLINE_CURVE_WITH_KNOTS('',7,(#491,#492,#493,#494,#495,#496,
    #497,#498,#499,#500,#501,#502,#503,#504,#505,#506,#507,#508,#509,
    #510),.UNSPECIFIED.,.F.,.F.,(8,6,6,8),(1.570796326795,2.356194490192
    ,2.748893571891,3.14159265359),.UNSPECIFIED.);
#491 = CARTESIAN_POINT('',(-3.727278197047,-5.538948531742E-14));
#492 = CARTESIAN_POINT('',(-3.727278197047,6.202073854813E-02));
#493 = CARTESIAN_POINT('',(-3.720512786444,0.124041357322));
#494 = CARTESIAN_POINT('',(-3.70698205856,0.18517722253));
#495 = CARTESIAN_POINT('',(-3.686511059472,0.244539135033));
#496 = CARTESIAN_POINT('',(-3.658758053378,0.301170840882));
#497 = CARTESIAN_POINT('',(-3.623304582651,0.353928751564));
#498 = CARTESIAN_POINT('',(-3.558600064091,0.425397228258));
#499 = CARTESIAN_POINT('',(-3.535111149013,0.447942023965));
#500 = CARTESIAN_POINT('',(-3.509703504516,0.469054086042));
#501 = CARTESIAN_POINT('',(-3.48240616769,0.48857321697));
#502 = CARTESIAN_POINT('',(-3.453289121305,0.506336761675));
#503 = CARTESIAN_POINT('',(-3.422484022947,0.522188538066));
#504 = CARTESIAN_POINT('',(-3.357886812501,0.549794186917));
#505 = CARTESIAN_POINT('',(-3.324094675752,0.561548053921));
#506 = CARTESIAN_POINT('',(-3.289003689476,0.571115764867));
#507 = CARTESIAN_POINT('',(-3.252870463838,0.578378915173));
#508 = CARTESIAN_POINT('',(-3.216017519783,0.583249991607));
#509 = CARTESIAN_POINT('',(-3.178805096719,0.585685543457));
#510 = CARTESIAN_POINT('',(-3.14159265359,0.585685543457));
#511 = ( GEOMETRIC_REPRESENTATION_CONTEXT(2) 
PARAMETRIC_REPRESENTATION_CONTEXT() REPRESENTATION_CONTEXT('2D SPACE',''
  ) );
#512 = PCURVE('',#513,#518);
#513 = CONICAL_SURFACE('',#514,0.,0.585685543457);
#514 = AXIS2_PLACEMENT_3D('',#515,#516,#517);
#515 = CARTESIAN_POINT('',(31.5,0.,0.));
#516 = DIRECTION('',(1.,-0.,-0.));
#517 = DIRECTION('',(-0.,-0.,-1.));
#518 = DEFINITIONAL_REPRESENTATION('',(#519),#523);
#519 = LINE('',#520,#521);
#520 = CARTESIAN_POINT('',(-0.,11.5));
#521 = VECTOR('',#522,1.);
#522 = DIRECTION('',(-1.,0.));
#523 = ( GEOMETRIC_REPRESENTATION_CONTEXT(2) 
PARAMETRIC_REPRESENTATION_CONTEXT() REPRESENTATION_CONTEXT('2D SPACE',''
  ) );
#524 = ORIENTED_EDGE('',*,*,#525,.T.);
#525 = EDGE_CURVE('',#480,#526,#528,.T.);
#526 = VERTEX_POINT('',#527);
#527 = CARTESIAN_POINT('',(42.130145812735,-1.490275633871,
    8.672893319711));
#528 = SURFACE_CURVE('',#529,(#534,#545),.PCURVE_S1.);
#529 = CIRCLE('',#530,13.8);
#530 = AXIS2_PLACEMENT_3D('',#531,#532,#533);
#531 = CARTESIAN_POINT('',(31.5,0.,0.));
#532 = DIRECTION('',(0.,-0.985556059058,-0.169349503849));
#533 = DIRECTION('',(-0.,-0.169349503849,0.985556059058));
#534 = PCURVE('',#33,#535);
#535 = DEFINITIONAL_REPRESENTATION('',(#536),#544);
#536 = B_SPLINE_CURVE_WITH_KNOTS('',6,(#537,#538,#539,#540,#541,#542,
    #543),.UNSPECIFIED.,.F.,.F.,(7,7),(5.184973586179,5.403873174388),
  .PIECEWISE_BEZIER_KNOTS.);
#537 = CARTESIAN_POINT('',(-3.227952459606,0.465214368008));
#538 = CARTESIAN_POINT('',(-3.235687621431,0.501036672558));
#539 = CARTESIAN_POINT('',(-3.243756613686,0.536830188414));
#540 = CARTESIAN_POINT('',(-3.252221721816,0.572589516253));
#541 = CARTESIAN_POINT('',(-3.261159610278,0.608307991026));
#542 = CARTESIAN_POINT('',(-3.270666361704,0.643977243964));
#543 = CARTESIAN_POINT('',(-3.280878212282,0.679585325534));
#544 = ( GEOMETRIC_REPRESENTATION_CONTEXT(2) 
PARAMETRIC_REPRESENTATION_CONTEXT() REPRESENTATION_CONTEXT('2D SPACE',''
  ) );
#545 = PCURVE('',#546,#551);
#546 = PLANE('',#547);
#547 = AXIS2_PLACEMENT_3D('',#548,#549,#550);
#548 = CARTESIAN_POINT('',(44.5,-10.16097023094,59.133363543485));
#549 = DIRECTION('',(-0.,0.985556059058,0.169349503849));
#550 = DIRECTION('',(0.,-0.169349503849,0.985556059058));
#551 = DEFINITIONAL_REPRESENTATION('',(#552),#560);
#552 = ( BOUNDED_CURVE() B_SPLINE_CURVE(2,(#553,#554,#555,#556,#557,#558
,#559),.UNSPECIFIED.,.T.,.F.) B_SPLINE_CURVE_WITH_KNOTS((1,2,2,2,2,1),(
    -2.094395102393,0.,2.094395102393,4.188790204786,6.28318530718,
8.377580409573),.UNSPECIFIED.) CURVE() GEOMETRIC_REPRESENTATION_ITEM() 
RATIONAL_B_SPLINE_CURVE((1.,0.5,1.,0.5,1.,0.5,1.)) REPRESENTATION_ITEM(
  '') );
#553 = CARTESIAN_POINT('',(-46.2,-13.));
#554 = CARTESIAN_POINT('',(-46.2,-36.90230114445));
#555 = CARTESIAN_POINT('',(-66.9,-24.95115057222));
#556 = CARTESIAN_POINT('',(-87.6,-13.));
#557 = CARTESIAN_POINT('',(-66.9,-1.048849427775));
#558 = CARTESIAN_POINT('',(-46.2,10.902301144451));
#559 = CARTESIAN_POINT('',(-46.2,-13.));
#560 = ( GEOMETRIC_REPRESENTATION_CONTEXT(2) 
PARAMETRIC_REPRESENTATION_CONTEXT() REPRESENTATION_CONTEXT('2D SPACE',''
  ) );
#561 = ORIENTED_EDGE('',*,*,#562,.T.);
#562 = EDGE_CURVE('',#526,#563,#565,.T.);
#563 = VERTEX_POINT('',#564);
#564 = CARTESIAN_POINT('',(42.130145812735,-4.630682528136,
    7.483099579961));
#565 = SURFACE_CURVE('',#566,(#571,#583),.PCURVE_S1.);
#566 = CIRCLE('',#567,8.8);
#567 = AXIS2_PLACEMENT_3D('',#568,#569,#570);
#568 = CARTESIAN_POINT('',(42.130145812735,0.,0.));
#569 = DIRECTION('',(1.,-0.,0.));
#570 = DIRECTION('',(-0.,-0.,1.));
#571 = PCURVE('',#33,#572);
#572 = DEFINITIONAL_REPRESENTATION('',(#573),#582);
#573 = B_SPLINE_CURVE_WITH_KNOTS('',7,(#574,#575,#576,#577,#578,#579,
    #580,#581),.UNSPECIFIED.,.F.,.F.,(8,8),(0.170169602069,
    0.554142037508),.PIECEWISE_BEZIER_KNOTS.);
#574 = CARTESIAN_POINT('',(-3.280878212282,0.679585325534));
#575 = CARTESIAN_POINT('',(-3.324769052062,0.671969746368));
#576 = CARTESIAN_POINT('',(-3.36754706326,0.661572567029));
#577 = CARTESIAN_POINT('',(-3.408761790219,0.648502301029));
#578 = CARTESIAN_POINT('',(-3.44804406361,0.632921069511));
#579 = CARTESIAN_POINT('',(-3.485156050918,0.615026273352));
#580 = CARTESIAN_POINT('',(-3.519967165118,0.595023687922));
#581 = CARTESIAN_POINT('',(-3.552422332029,0.573116957598));
#582 = ( GEOMETRIC_REPRESENTATION_CONTEXT(2) 
PARAMETRIC_REPRESENTATION_CONTEXT() REPRESENTATION_CONTEXT('2D SPACE',''
  ) );
#583 = PCURVE('',#584,#589);
#584 = CYLINDRICAL_SURFACE('',#585,8.8);
#585 = AXIS2_PLACEMENT_3D('',#586,#587,#588);
#586 = CARTESIAN_POINT('',(44.5,0.,0.));
#587 = DIRECTION('',(-1.,-0.,-0.));
#588 = DIRECTION('',(-0.,-0.,1.));
#589 = DEFINITIONAL_REPRESENTATION('',(#590),#594);
#590 = LINE('',#591,#592);
#591 = CARTESIAN_POINT('',(-0.,2.369854187265));
#592 = VECTOR('',#593,1.);
#593 = DIRECTION('',(-1.,0.));
#594 = ( GEOMETRIC_REPRESENTATION_CONTEXT(2) 
PARAMETRIC_REPRESENTATION_CONTEXT() REPRESENTATION_CONTEXT('2D SPACE',''
  ) );
#595 = ORIENTED_EDGE('',*,*,#596,.T.);
#596 = EDGE_CURVE('',#563,#597,#599,.T.);
#597 = VERTEX_POINT('',#598);
#598 = CARTESIAN_POINT('',(43.,-4.014084531692,6.486688320895));
#599 = SURFACE_CURVE('',#600,(#605,#615),.PCURVE_S1.);
#600 = CIRCLE('',#601,13.8);
#601 = AXIS2_PLACEMENT_3D('',#602,#603,#604);
#602 = CARTESIAN_POINT('',(31.5,0.,0.));
#603 = DIRECTION('',(-0.,0.850352224996,0.526213923652));
#604 = DIRECTION('',(-0.,0.526213923652,-0.850352224996));
#605 = PCURVE('',#33,#606);
#606 = DEFINITIONAL_REPRESENTATION('',(#607),#614);
#607 = B_SPLINE_CURVE_WITH_KNOTS('',5,(#608,#609,#610,#611,#612,#613),
  .UNSPECIFIED.,.F.,.F.,(6,6),(4.020904786381,4.156659634048),
  .PIECEWISE_BEZIER_KNOTS.);
#608 = CARTESIAN_POINT('',(-3.552422332028,0.573116957598));
#609 = CARTESIAN_POINT('',(-3.532184362259,0.551950218208));
#610 = CARTESIAN_POINT('',(-3.512637546274,0.53055022315));
#611 = CARTESIAN_POINT('',(-3.493707032949,0.508945639058));
#612 = CARTESIAN_POINT('',(-3.475327343983,0.487160176855));
#613 = CARTESIAN_POINT('',(-3.457440263592,0.465214368008));
#614 = ( GEOMETRIC_REPRESENTATION_CONTEXT(2) 
PARAMETRIC_REPRESENTATION_CONTEXT() REPRESENTATION_CONTEXT('2D SPACE',''
  ) );
#615 = PCURVE('',#616,#621);
#616 = PLANE('',#617);
#617 = AXIS2_PLACEMENT_3D('',#618,#619,#620);
#618 = CARTESIAN_POINT('',(44.5,0.,0.));
#619 = DIRECTION('',(-0.,-0.850352224996,-0.526213923652));
#620 = DIRECTION('',(0.,0.526213923652,-0.850352224996));
#621 = DEFINITIONAL_REPRESENTATION('',(#622),#630);
#622 = ( BOUNDED_CURVE() B_SPLINE_CURVE(2,(#623,#624,#625,#626,#627,#628
,#629),.UNSPECIFIED.,.T.,.F.) B_SPLINE_CURVE_WITH_KNOTS((1,2,2,2,2,1),(
    -2.094395102393,0.,2.094395102393,4.188790204786,6.28318530718,
8.377580409573),.UNSPECIFIED.) CURVE() GEOMETRIC_REPRESENTATION_ITEM() 
RATIONAL_B_SPLINE_CURVE((1.,0.5,1.,0.5,1.,0.5,1.)) REPRESENTATION_ITEM(
  '') );
#623 = CARTESIAN_POINT('',(13.8,-13.));
#624 = CARTESIAN_POINT('',(13.8,-36.90230114445));
#625 = CARTESIAN_POINT('',(-6.9,-24.95115057222));
#626 = CARTESIAN_POINT('',(-27.6,-13.));
#627 = CARTESIAN_POINT('',(-6.9,-1.048849427775));
#628 = CARTESIAN_POINT('',(13.8,10.902301144451));
#629 = CARTESIAN_POINT('',(13.8,-13.));
#630 = ( GEOMETRIC_REPRESENTATION_CONTEXT(2) 
PARAMETRIC_REPRESENTATION_CONTEXT() REPRESENTATION_CONTEXT('2D SPACE',''
  ) );
#631 = ORIENTED_EDGE('',*,*,#632,.F.);
#632 = EDGE_CURVE('',#24,#597,#633,.T.);
#633 = SURFACE_CURVE('',#634,(#639,#663),.PCURVE_S1.);
#634 = CIRCLE('',#635,7.628237017817);
#635 = AXIS2_PLACEMENT_3D('',#636,#637,#638);
#636 = CARTESIAN_POINT('',(43.,0.,0.));
#637 = DIRECTION('',(-1.,-0.,0.));
#638 = DIRECTION('',(-0.,-0.,-1.));
#639 = PCURVE('',#33,#640);
#640 = DEFINITIONAL_REPRESENTATION('',(#641),#662);
#641 = B_SPLINE_CURVE_WITH_KNOTS('',7,(#642,#643,#644,#645,#646,#647,
    #648,#649,#650,#651,#652,#653,#654,#655,#656,#657,#658,#659,#660,
    #661),.UNSPECIFIED.,.F.,.F.,(8,6,6,8),(1.570796326795,2.356194490192
    ,2.748893571891,3.14159265359),.UNSPECIFIED.);
#642 = CARTESIAN_POINT('',(-3.727278197047,-5.538948531742E-14));
#643 = CARTESIAN_POINT('',(-3.727278197047,6.202073854813E-02));
#644 = CARTESIAN_POINT('',(-3.720512786444,0.124041357322));
#645 = CARTESIAN_POINT('',(-3.70698205856,0.18517722253));
#646 = CARTESIAN_POINT('',(-3.686511059472,0.244539135033));
#647 = CARTESIAN_POINT('',(-3.658758053378,0.301170840882));
#648 = CARTESIAN_POINT('',(-3.623304582651,0.353928751564));
#649 = CARTESIAN_POINT('',(-3.558600064091,0.425397228258));
#650 = CARTESIAN_POINT('',(-3.535111149013,0.447942023965));
#651 = CARTESIAN_POINT('',(-3.509703504516,0.469054086042));
#652 = CARTESIAN_POINT('',(-3.48240616769,0.48857321697));
#653 = CARTESIAN_POINT('',(-3.453289121305,0.506336761675));
#654 = CARTESIAN_POINT('',(-3.422484022947,0.522188538066));
#655 = CARTESIAN_POINT('',(-3.357886812501,0.549794186917));
#656 = CARTESIAN_POINT('',(-3.324094675752,0.561548053921));
#657 = CARTESIAN_POINT('',(-3.289003689476,0.571115764867));
#658 = CARTESIAN_POINT('',(-3.252870463838,0.578378915173));
#659 = CARTESIAN_POINT('',(-3.216017519783,0.583249991607));
#660 = CARTESIAN_POINT('',(-3.178805096719,0.585685543457));
#661 = CARTESIAN_POINT('',(-3.14159265359,0.585685543457));
#662 = ( GEOMETRIC_REPRESENTATION_CONTEXT(2) 
PARAMETRIC_REPRESENTATION_CONTEXT() REPRESENTATION_CONTEXT('2D SPACE',''
  ) );
#663 = PCURVE('',#664,#669);
#664 = CONICAL_SURFACE('',#665,0.,0.585685543457);
#665 = AXIS2_PLACEMENT_3D('',#666,#667,#668);
#666 = CARTESIAN_POINT('',(31.5,0.,0.));
#667 = DIRECTION('',(1.,-0.,-0.));
#668 = DIRECTION('',(-0.,-0.,-1.));
#669 = DEFINITIONAL_REPRESENTATION('',(#670),#674);
#670 = LINE('',#671,#672);
#671 = CARTESIAN_POINT('',(-0.,11.5));
#672 = VECTOR('',#673,1.);
#673 = DIRECTION('',(-1.,0.));
#674 = ( GEOMETRIC_REPRESENTATION_CONTEXT(2) 
PARAMETRIC_REPRESENTATION_CONTEXT() REPRESENTATION_CONTEXT('2D SPACE',''
  ) );
#675 = ADVANCED_FACE('',(#676),#107,.T.);
#676 = FACE_BOUND('',#677,.F.);
#677 = EDGE_LOOP('',(#678,#768,#789,#790));
#678 = ORIENTED_EDGE('',*,*,#679,.F.);
#679 = EDGE_CURVE('',#680,#682,#684,.T.);
#680 = VERTEX_POINT('',#681);
#681 = CARTESIAN_POINT('',(21.,-4.069247542101,5.652541414364));
#682 = VERTEX_POINT('',#683);
#683 = CARTESIAN_POINT('',(42.,-4.069247542101,5.652541414364));
#684 = SURFACE_CURVE('',#685,(#690,#701),.PCURVE_S1.);
#685 = CIRCLE('',#686,12.6);
#686 = AXIS2_PLACEMENT_3D('',#687,#688,#689);
#687 = CARTESIAN_POINT('',(31.5,0.,0.));
#688 = DIRECTION('',(-0.,0.811573981965,0.584249665637));
#689 = DIRECTION('',(-0.,0.584249665637,-0.811573981965));
#690 = PCURVE('',#107,#691);
#691 = DEFINITIONAL_REPRESENTATION('',(#692),#700);
#692 = ( BOUNDED_CURVE() B_SPLINE_CURVE(2,(#693,#694,#695,#696,#697,#698
,#699),.UNSPECIFIED.,.T.,.F.) B_SPLINE_CURVE_WITH_KNOTS((1,2,2,2,2,1),(
    -2.094395102393,0.,2.094395102393,4.188790204786,6.28318530718,
8.377580409573),.UNSPECIFIED.) CURVE() GEOMETRIC_REPRESENTATION_ITEM() 
RATIONAL_B_SPLINE_CURVE((1.,0.5,1.,0.5,1.,0.5,1.)) REPRESENTATION_ITEM(
  '') );
#693 = CARTESIAN_POINT('',(12.6,-14.8));
#694 = CARTESIAN_POINT('',(12.6,-36.62384017536));
#695 = CARTESIAN_POINT('',(-6.3,-25.71192008768));
#696 = CARTESIAN_POINT('',(-25.2,-14.8));
#697 = CARTESIAN_POINT('',(-6.3,-3.888079912316));
#698 = CARTESIAN_POINT('',(12.6,7.023840175368));
#699 = CARTESIAN_POINT('',(12.6,-14.8));
#700 = ( GEOMETRIC_REPRESENTATION_CONTEXT(2) 
PARAMETRIC_REPRESENTATION_CONTEXT() REPRESENTATION_CONTEXT('2D SPACE',''
  ) );
#701 = PCURVE('',#702,#707);
#702 = SPHERICAL_SURFACE('',#703,12.6);
#703 = AXIS2_PLACEMENT_3D('',#704,#705,#706);
#704 = CARTESIAN_POINT('',(31.5,0.,0.));
#705 = DIRECTION('',(-0.,-0.,1.));
#706 = DIRECTION('',(-1.,-0.,-0.));
#707 = DEFINITIONAL_REPRESENTATION('',(#708),#767);
#708 = B_SPLINE_CURVE_WITH_KNOTS('',8,(#709,#710,#711,#712,#713,#714,
    #715,#716,#717,#718,#719,#720,#721,#722,#723,#724,#725,#726,#727,
    #728,#729,#730,#731,#732,#733,#734,#735,#736,#737,#738,#739,#740,
    #741,#742,#743,#744,#745,#746,#747,#748,#749,#750,#751,#752,#753,
    #754,#755,#756,#757,#758,#759,#760,#761,#762,#763,#764,#765,#766),
  .UNSPECIFIED.,.F.,.F.,(9,7,7,7,7,7,7,7,9),(1.570796326795,
    1.963495408494,2.650718801466,2.908427573831,3.13392274965,
    3.528539307334,3.824501725597,4.268445352991,4.712388980385),
  .UNSPECIFIED.);
#709 = CARTESIAN_POINT('',(-6.28318530718,1.572156043771E-15));
#710 = CARTESIAN_POINT('',(-6.254506018782,3.983804468103E-02));
#711 = CARTESIAN_POINT('',(-6.225826726749,7.967607866828E-02));
#712 = CARTESIAN_POINT('',(-6.197008735469,0.119464223344));
#713 = CARTESIAN_POINT('',(-6.167913285966,0.159152457781));
#714 = CARTESIAN_POINT('',(-6.13839753023,0.198689001114));
#715 = CARTESIAN_POINT('',(-6.108310224647,0.238018285787));
#716 = CARTESIAN_POINT('',(-6.077487142562,0.27707852168));
#717 = CARTESIAN_POINT('',(-5.990199566842,0.383559427624));
#718 = CARTESIAN_POINT('',(-5.9318420252,0.450279165149));
#719 = CARTESIAN_POINT('',(-5.869697322134,0.515576623875));
#720 = CARTESIAN_POINT('',(-5.80262529118,0.57899105662));
#721 = CARTESIAN_POINT('',(-5.729225060331,0.639902674406));
#722 = CARTESIAN_POINT('',(-5.647827429357,0.69752188423));
#723 = CARTESIAN_POINT('',(-5.556264767031,0.750630476569));
#724 = CARTESIAN_POINT('',(-5.414767699985,0.815336467566));
#725 = CARTESIAN_POINT('',(-5.374582286916,0.832132847682));
#726 = CARTESIAN_POINT('',(-5.332739136203,0.847997417507));
#727 = CARTESIAN_POINT('',(-5.289195485541,0.862842999883));
#728 = CARTESIAN_POINT('',(-5.243937149264,0.876577129901));
#729 = CARTESIAN_POINT('',(-5.196994112539,0.889104775924));
#730 = CARTESIAN_POINT('',(-5.148454307161,0.900333009194));
#731 = CARTESIAN_POINT('',(-5.05472822148,0.918791686445));
#732 = CARTESIAN_POINT('',(-5.009881216669,0.926346372315));
#733 = CARTESIAN_POINT('',(-4.96402583975,0.932785450379));
#734 = CARTESIAN_POINT('',(-4.917297986354,0.938057216837));
#735 = CARTESIAN_POINT('',(-4.869870669131,0.942118679066));
#736 = CARTESIAN_POINT('',(-4.821948465996,0.944938679738));
#737 = CARTESIAN_POINT('',(-4.773755402543,0.946499974373));
#738 = CARTESIAN_POINT('',(-4.641097784224,0.947325766285));
#739 = CARTESIAN_POINT('',(-4.556538600175,0.943989291848));
#740 = CARTESIAN_POINT('',(-4.473044584716,0.936777975293));
#741 = CARTESIAN_POINT('',(-4.391847197392,0.925812954485));
#742 = CARTESIAN_POINT('',(-4.313928675863,0.911361297944));
#743 = CARTESIAN_POINT('',(-4.239779807325,0.893756999317));
#744 = CARTESIAN_POINT('',(-4.169600287516,0.873341162063));
#745 = CARTESIAN_POINT('',(-4.053698158789,0.833264171665));
#746 = CARTESIAN_POINT('',(-4.006247601762,0.814690263878));
#747 = CARTESIAN_POINT('',(-3.96101148466,0.794856114139));
#748 = CARTESIAN_POINT('',(-3.917914850429,0.773893681756));
#749 = CARTESIAN_POINT('',(-3.87684346672,0.751924393416));
#750 = CARTESIAN_POINT('',(-3.837664632174,0.729056856244));
#751 = CARTESIAN_POINT('',(-3.800240451159,0.705386963035));
#752 = CARTESIAN_POINT('',(-3.710723265704,0.644420529645));
#753 = CARTESIAN_POINT('',(-3.660651991309,0.606227995079));
#754 = CARTESIAN_POINT('',(-3.613755874375,0.566711206861));
#755 = CARTESIAN_POINT('',(-3.569577644256,0.526102646219));
#756 = CARTESIAN_POINT('',(-3.527710841963,0.484589679694));
#757 = CARTESIAN_POINT('',(-3.487801537636,0.442326156006));
#758 = CARTESIAN_POINT('',(-3.449534182705,0.399442204874));
#759 = CARTESIAN_POINT('',(-3.375722250957,0.312657130839));
#760 = CARTESIAN_POINT('',(-3.340177608233,0.268756050809));
#761 = CARTESIAN_POINT('',(-3.305713203208,0.224458244191));
#762 = CARTESIAN_POINT('',(-3.272081287066,0.179857995645));
#763 = CARTESIAN_POINT('',(-3.23905827272,0.135037820138));
#764 = CARTESIAN_POINT('',(-3.206436136025,9.007324860633E-02));
#765 = CARTESIAN_POINT('',(-3.174014393073,4.503663718152E-02));
#766 = CARTESIAN_POINT('',(-3.14159265359,1.490837218927E-16));
#767 = ( GEOMETRIC_REPRESENTATION_CONTEXT(2) 
PARAMETRIC_REPRESENTATION_CONTEXT() REPRESENTATION_CONTEXT('2D SPACE',''
  ) );
#768 = ORIENTED_EDGE('',*,*,#769,.T.);
#769 = EDGE_CURVE('',#680,#22,#770,.T.);
#770 = SURFACE_CURVE('',#771,(#775,#782),.PCURVE_S1.);
#771 = LINE('',#772,#773);
#772 = CARTESIAN_POINT('',(31.5,0.,0.));
#773 = VECTOR('',#774,1.);
#774 = DIRECTION('',(-0.833333333333,-0.322956154135,0.448614397965));
#775 = PCURVE('',#107,#776);
#776 = DEFINITIONAL_REPRESENTATION('',(#777),#781);
#777 = LINE('',#778,#779);
#778 = CARTESIAN_POINT('',(-0.,-14.8));
#779 = VECTOR('',#780,1.);
#780 = DIRECTION('',(-0.552770798393,-0.833333333333));
#781 = ( GEOMETRIC_REPRESENTATION_CONTEXT(2) 
PARAMETRIC_REPRESENTATION_CONTEXT() REPRESENTATION_CONTEXT('2D SPACE',''
  ) );
#782 = PCURVE('',#160,#783);
#783 = DEFINITIONAL_REPRESENTATION('',(#784),#788);
#784 = LINE('',#785,#786);
#785 = CARTESIAN_POINT('',(-0.623955207588,0.));
#786 = VECTOR('',#787,1.);
#787 = DIRECTION('',(-0.,1.));
#788 = ( GEOMETRIC_REPRESENTATION_CONTEXT(2) 
PARAMETRIC_REPRESENTATION_CONTEXT() REPRESENTATION_CONTEXT('2D SPACE',''
  ) );
#789 = ORIENTED_EDGE('',*,*,#21,.T.);
#790 = ORIENTED_EDGE('',*,*,#791,.F.);
#791 = EDGE_CURVE('',#682,#24,#792,.T.);
#792 = SURFACE_CURVE('',#793,(#797,#804),.PCURVE_S1.);
#793 = LINE('',#794,#795);
#794 = CARTESIAN_POINT('',(31.5,0.,0.));
#795 = VECTOR('',#796,1.);
#796 = DIRECTION('',(0.833333333333,-0.322956154135,0.448614397965));
#797 = PCURVE('',#107,#798);
#798 = DEFINITIONAL_REPRESENTATION('',(#799),#803);
#799 = LINE('',#800,#801);
#800 = CARTESIAN_POINT('',(-0.,-14.8));
#801 = VECTOR('',#802,1.);
#802 = DIRECTION('',(-0.552770798393,0.833333333333));
#803 = ( GEOMETRIC_REPRESENTATION_CONTEXT(2) 
PARAMETRIC_REPRESENTATION_CONTEXT() REPRESENTATION_CONTEXT('2D SPACE',''
  ) );
#804 = PCURVE('',#664,#805);
#805 = DEFINITIONAL_REPRESENTATION('',(#806),#810);
#806 = LINE('',#807,#808);
#807 = CARTESIAN_POINT('',(-2.517637446002,0.));
#808 = VECTOR('',#809,1.);
#809 = DIRECTION('',(-0.,1.));
#810 = ( GEOMETRIC_REPRESENTATION_CONTEXT(2) 
PARAMETRIC_REPRESENTATION_CONTEXT() REPRESENTATION_CONTEXT('2D SPACE',''
  ) );
#811 = ADVANCED_FACE('',(#812),#664,.F.);
#812 = FACE_BOUND('',#813,.T.);
#813 = EDGE_LOOP('',(#814,#815,#816,#857));
#814 = ORIENTED_EDGE('',*,*,#632,.F.);
#815 = ORIENTED_EDGE('',*,*,#791,.F.);
#816 = ORIENTED_EDGE('',*,*,#817,.T.);
#817 = EDGE_CURVE('',#682,#818,#820,.T.);
#818 = VERTEX_POINT('',#819);
#819 = CARTESIAN_POINT('',(42.,-3.665033702849,5.922628466904));
#820 = SURFACE_CURVE('',#821,(#826,#833),.PCURVE_S1.);
#821 = CIRCLE('',#822,6.964912059746);
#822 = AXIS2_PLACEMENT_3D('',#823,#824,#825);
#823 = CARTESIAN_POINT('',(42.,0.,0.));
#824 = DIRECTION('',(-1.,-0.,0.));
#825 = DIRECTION('',(-0.,-0.,-1.));
#826 = PCURVE('',#664,#827);
#827 = DEFINITIONAL_REPRESENTATION('',(#828),#832);
#828 = LINE('',#829,#830);
#829 = CARTESIAN_POINT('',(-0.,10.5));
#830 = VECTOR('',#831,1.);
#831 = DIRECTION('',(-1.,0.));
#832 = ( GEOMETRIC_REPRESENTATION_CONTEXT(2) 
PARAMETRIC_REPRESENTATION_CONTEXT() REPRESENTATION_CONTEXT('2D SPACE',''
  ) );
#833 = PCURVE('',#702,#834);
#834 = DEFINITIONAL_REPRESENTATION('',(#835),#856);
#835 = B_SPLINE_CURVE_WITH_KNOTS('',7,(#836,#837,#838,#839,#840,#841,
    #842,#843,#844,#845,#846,#847,#848,#849,#850,#851,#852,#853,#854,
    #855),.UNSPECIFIED.,.F.,.F.,(8,6,6,8),(1.570796326795,2.356194490192
    ,2.748893571891,3.14159265359),.UNSPECIFIED.);
#836 = CARTESIAN_POINT('',(-3.727278197047,-6.066729557977E-14));
#837 = CARTESIAN_POINT('',(-3.727278197047,6.202073854812E-02));
#838 = CARTESIAN_POINT('',(-3.720512786443,0.124041357322));
#839 = CARTESIAN_POINT('',(-3.70698205856,0.18517722253));
#840 = CARTESIAN_POINT('',(-3.68651105947,0.244539135033));
#841 = CARTESIAN_POINT('',(-3.658758053378,0.301170840882));
#842 = CARTESIAN_POINT('',(-3.623304582651,0.353928751564));
#843 = CARTESIAN_POINT('',(-3.558600064091,0.425397228258));
#844 = CARTESIAN_POINT('',(-3.535111039965,0.447942014398));
#845 = CARTESIAN_POINT('',(-3.509703815245,0.469054113223));
#846 = CARTESIAN_POINT('',(-3.482405857079,0.488573189876));
#847 = CARTESIAN_POINT('',(-3.453289230222,0.506336771148));
#848 = CARTESIAN_POINT('',(-3.422484022947,0.522188538066));
#849 = CARTESIAN_POINT('',(-3.357886812501,0.549794186917));
#850 = CARTESIAN_POINT('',(-3.324094766574,0.561547992336));
#851 = CARTESIAN_POINT('',(-3.289003431128,0.571115940493));
#852 = CARTESIAN_POINT('',(-3.252870721657,0.578378739482));
#853 = CARTESIAN_POINT('',(-3.216017429535,0.583250053263));
#854 = CARTESIAN_POINT('',(-3.178805096719,0.585685543457));
#855 = CARTESIAN_POINT('',(-3.14159265359,0.585685543457));
#856 = ( GEOMETRIC_REPRESENTATION_CONTEXT(2) 
PARAMETRIC_REPRESENTATION_CONTEXT() REPRESENTATION_CONTEXT('2D SPACE',''
  ) );
#857 = ORIENTED_EDGE('',*,*,#858,.T.);
#858 = EDGE_CURVE('',#818,#597,#859,.T.);
#859 = SURFACE_CURVE('',#860,(#864,#871),.PCURVE_S1.);
#860 = LINE('',#861,#862);
#861 = CARTESIAN_POINT('',(31.5,0.,0.));
#862 = VECTOR('',#863,1.);
#863 = DIRECTION('',(0.833333333333,-0.290875690702,0.470049878326));
#864 = PCURVE('',#664,#865);
#865 = DEFINITIONAL_REPRESENTATION('',(#866),#870);
#866 = LINE('',#867,#868);
#867 = CARTESIAN_POINT('',(-2.587450616082,0.));
#868 = VECTOR('',#869,1.);
#869 = DIRECTION('',(-0.,1.));
#870 = ( GEOMETRIC_REPRESENTATION_CONTEXT(2) 
PARAMETRIC_REPRESENTATION_CONTEXT() REPRESENTATION_CONTEXT('2D SPACE',''
  ) );
#871 = PCURVE('',#616,#872);
#872 = DEFINITIONAL_REPRESENTATION('',(#873),#877);
#873 = LINE('',#874,#875);
#874 = CARTESIAN_POINT('',(-0.,-13.));
#875 = VECTOR('',#876,1.);
#876 = DIRECTION('',(-0.552770798393,0.833333333333));
#877 = ( GEOMETRIC_REPRESENTATION_CONTEXT(2) 
PARAMETRIC_REPRESENTATION_CONTEXT() REPRESENTATION_CONTEXT('2D SPACE',''
  ) );
#878 = ADVANCED_FACE('',(#879),#616,.T.);
#879 = FACE_BOUND('',#880,.F.);
#880 = EDGE_LOOP('',(#881,#911,#939,#975,#976,#977,#1000,#1028));
#881 = ORIENTED_EDGE('',*,*,#882,.F.);
#882 = EDGE_CURVE('',#883,#885,#887,.T.);
#883 = VERTEX_POINT('',#884);
#884 = CARTESIAN_POINT('',(44.5,-2.210098479338,3.571479344981));
#885 = VERTEX_POINT('',#886);
#886 = CARTESIAN_POINT('',(44.5,-3.583263758966,5.790489710034));
#887 = SURFACE_CURVE('',#888,(#892,#899),.PCURVE_S1.);
#888 = LINE('',#889,#890);
#889 = CARTESIAN_POINT('',(44.5,0.,0.));
#890 = VECTOR('',#891,1.);
#891 = DIRECTION('',(-0.,-0.526213923652,0.850352224996));
#892 = PCURVE('',#616,#893);
#893 = DEFINITIONAL_REPRESENTATION('',(#894),#898);
#894 = LINE('',#895,#896);
#895 = CARTESIAN_POINT('',(-0.,0.));
#896 = VECTOR('',#897,1.);
#897 = DIRECTION('',(-1.,0.));
#898 = ( GEOMETRIC_REPRESENTATION_CONTEXT(2) 
PARAMETRIC_REPRESENTATION_CONTEXT() REPRESENTATION_CONTEXT('2D SPACE',''
  ) );
#899 = PCURVE('',#900,#905);
#900 = PLANE('',#901);
#901 = AXIS2_PLACEMENT_3D('',#902,#903,#904);
#902 = CARTESIAN_POINT('',(44.5,-4.809960212905,3.586681300349));
#903 = DIRECTION('',(1.,-0.,-0.));
#904 = DIRECTION('',(0.,0.,1.));
#905 = DEFINITIONAL_REPRESENTATION('',(#906),#910);
#906 = LINE('',#907,#908);
#907 = CARTESIAN_POINT('',(-3.586681300349,-4.809960212905));
#908 = VECTOR('',#909,1.);
#909 = DIRECTION('',(0.850352224996,0.526213923652));
#910 = ( GEOMETRIC_REPRESENTATION_CONTEXT(2) 
PARAMETRIC_REPRESENTATION_CONTEXT() REPRESENTATION_CONTEXT('2D SPACE',''
  ) );
#911 = ORIENTED_EDGE('',*,*,#912,.T.);
#912 = EDGE_CURVE('',#883,#913,#915,.T.);
#913 = VERTEX_POINT('',#914);
#914 = CARTESIAN_POINT('',(43.379393923934,-2.210098479338,
    3.571479344981));
#915 = SURFACE_CURVE('',#916,(#920,#927),.PCURVE_S1.);
#916 = LINE('',#917,#918);
#917 = CARTESIAN_POINT('',(45.5,-2.210098479338,3.571479344981));
#918 = VECTOR('',#919,1.);
#919 = DIRECTION('',(-1.,-0.,-0.));
#920 = PCURVE('',#616,#921);
#921 = DEFINITIONAL_REPRESENTATION('',(#922),#926);
#922 = LINE('',#923,#924);
#923 = CARTESIAN_POINT('',(-4.2,1.));
#924 = VECTOR('',#925,1.);
#925 = DIRECTION('',(-0.,-1.));
#926 = ( GEOMETRIC_REPRESENTATION_CONTEXT(2) 
PARAMETRIC_REPRESENTATION_CONTEXT() REPRESENTATION_CONTEXT('2D SPACE',''
  ) );
#927 = PCURVE('',#928,#933);
#928 = CYLINDRICAL_SURFACE('',#929,4.2);
#929 = AXIS2_PLACEMENT_3D('',#930,#931,#932);
#930 = CARTESIAN_POINT('',(45.5,0.,0.));
#931 = DIRECTION('',(-1.,-0.,-0.));
#932 = DIRECTION('',(-0.,-0.,1.));
#933 = DEFINITIONAL_REPRESENTATION('',(#934),#938);
#934 = LINE('',#935,#936);
#935 = CARTESIAN_POINT('',(-0.554142037508,0.));
#936 = VECTOR('',#937,1.);
#937 = DIRECTION('',(-0.,1.));
#938 = ( GEOMETRIC_REPRESENTATION_CONTEXT(2) 
PARAMETRIC_REPRESENTATION_CONTEXT() REPRESENTATION_CONTEXT('2D SPACE',''
  ) );
#939 = ORIENTED_EDGE('',*,*,#940,.F.);
#940 = EDGE_CURVE('',#818,#913,#941,.T.);
#941 = SURFACE_CURVE('',#942,(#947,#958),.PCURVE_S1.);
#942 = CIRCLE('',#943,12.6);
#943 = AXIS2_PLACEMENT_3D('',#944,#945,#946);
#944 = CARTESIAN_POINT('',(31.5,0.,0.));
#945 = DIRECTION('',(-0.,0.850352224996,0.526213923652));
#946 = DIRECTION('',(-0.,0.526213923652,-0.850352224996));
#947 = PCURVE('',#616,#948);
#948 = DEFINITIONAL_REPRESENTATION('',(#949),#957);
#949 = ( BOUNDED_CURVE() B_SPLINE_CURVE(2,(#950,#951,#952,#953,#954,#955
,#956),.UNSPECIFIED.,.T.,.F.) B_SPLINE_CURVE_WITH_KNOTS((1,2,2,2,2,1),(
    -2.094395102393,0.,2.094395102393,4.188790204786,6.28318530718,
8.377580409573),.UNSPECIFIED.) CURVE() GEOMETRIC_REPRESENTATION_ITEM() 
RATIONAL_B_SPLINE_CURVE((1.,0.5,1.,0.5,1.,0.5,1.)) REPRESENTATION_ITEM(
  '') );
#950 = CARTESIAN_POINT('',(12.6,-13.));
#951 = CARTESIAN_POINT('',(12.6,-34.82384017536));
#952 = CARTESIAN_POINT('',(-6.3,-23.91192008768));
#953 = CARTESIAN_POINT('',(-25.2,-13.));
#954 = CARTESIAN_POINT('',(-6.3,-2.088079912316));
#955 = CARTESIAN_POINT('',(12.6,8.823840175368));
#956 = CARTESIAN_POINT('',(12.6,-13.));
#957 = ( GEOMETRIC_REPRESENTATION_CONTEXT(2) 
PARAMETRIC_REPRESENTATION_CONTEXT() REPRESENTATION_CONTEXT('2D SPACE',''
  ) );
#958 = PCURVE('',#959,#964);
#959 = SPHERICAL_SURFACE('',#960,12.6);
#960 = AXIS2_PLACEMENT_3D('',#961,#962,#963);
#961 = CARTESIAN_POINT('',(31.5,0.,0.));
#962 = DIRECTION('',(-0.,-0.,1.));
#963 = DIRECTION('',(-1.,-0.,-0.));
#964 = DEFINITIONAL_REPRESENTATION('',(#965),#974);
#965 = B_SPLINE_CURVE_WITH_KNOTS('',7,(#966,#967,#968,#969,#970,#971,
    #972,#973),.UNSPECIFIED.,.F.,.F.,(8,8),(4.126703436928,
    4.712388980385),.PIECEWISE_BEZIER_KNOTS.);
#966 = CARTESIAN_POINT('',(-3.477421636071,0.489347287558));
#967 = CARTESIAN_POINT('',(-3.420906896182,0.422173391577));
#968 = CARTESIAN_POINT('',(-3.369109616843,0.353453559399));
#969 = CARTESIAN_POINT('',(-3.320617409105,0.283692891391));
#970 = CARTESIAN_POINT('',(-3.274404376798,0.213219920724));
#971 = CARTESIAN_POINT('',(-3.22964868303,0.142296878717));
#972 = CARTESIAN_POINT('',(-3.185620637568,7.11484292895E-02));
#973 = CARTESIAN_POINT('',(-3.14159265359,1.562071695733E-16));
#974 = ( GEOMETRIC_REPRESENTATION_CONTEXT(2) 
PARAMETRIC_REPRESENTATION_CONTEXT() REPRESENTATION_CONTEXT('2D SPACE',''
  ) );
#975 = ORIENTED_EDGE('',*,*,#858,.T.);
#976 = ORIENTED_EDGE('',*,*,#596,.F.);
#977 = ORIENTED_EDGE('',*,*,#978,.T.);
#978 = EDGE_CURVE('',#563,#979,#981,.T.);
#979 = VERTEX_POINT('',#980);
#980 = CARTESIAN_POINT('',(46.5,-4.630682528137,7.483099579961));
#981 = SURFACE_CURVE('',#982,(#986,#993),.PCURVE_S1.);
#982 = LINE('',#983,#984);
#983 = CARTESIAN_POINT('',(42.130145812735,-4.630682528136,
    7.483099579961));
#984 = VECTOR('',#985,1.);
#985 = DIRECTION('',(1.,-2.459340384787E-14,-1.504059408878E-14));
#986 = PCURVE('',#616,#987);
#987 = DEFINITIONAL_REPRESENTATION('',(#988),#992);
#988 = LINE('',#989,#990);
#989 = CARTESIAN_POINT('',(-8.8,-2.369854187265));
#990 = VECTOR('',#991,1.);
#991 = DIRECTION('',(-1.515888860935E-16,1.));
#992 = ( GEOMETRIC_REPRESENTATION_CONTEXT(2) 
PARAMETRIC_REPRESENTATION_CONTEXT() REPRESENTATION_CONTEXT('2D SPACE',''
  ) );
#993 = PCURVE('',#584,#994);
#994 = DEFINITIONAL_REPRESENTATION('',(#995),#999);
#995 = LINE('',#996,#997);
#996 = CARTESIAN_POINT('',(-0.554142037508,2.369854187265));
#997 = VECTOR('',#998,1.);
#998 = DIRECTION('',(-0.,-1.));
#999 = ( GEOMETRIC_REPRESENTATION_CONTEXT(2) 
PARAMETRIC_REPRESENTATION_CONTEXT() REPRESENTATION_CONTEXT('2D SPACE',''
  ) );
#1000 = ORIENTED_EDGE('',*,*,#1001,.F.);
#1001 = EDGE_CURVE('',#1002,#979,#1004,.T.);
#1002 = VERTEX_POINT('',#1003);
#1003 = CARTESIAN_POINT('',(46.5,-3.583263758966,5.790489710034));
#1004 = SURFACE_CURVE('',#1005,(#1009,#1016),.PCURVE_S1.);
#1005 = LINE('',#1006,#1007);
#1006 = CARTESIAN_POINT('',(46.5,0.,0.));
#1007 = VECTOR('',#1008,1.);
#1008 = DIRECTION('',(-0.,-0.526213923652,0.850352224996));
#1009 = PCURVE('',#616,#1010);
#1010 = DEFINITIONAL_REPRESENTATION('',(#1011),#1015);
#1011 = LINE('',#1012,#1013);
#1012 = CARTESIAN_POINT('',(-0.,2.));
#1013 = VECTOR('',#1014,1.);
#1014 = DIRECTION('',(-1.,0.));
#1015 = ( GEOMETRIC_REPRESENTATION_CONTEXT(2) 
PARAMETRIC_REPRESENTATION_CONTEXT() REPRESENTATION_CONTEXT('2D SPACE',''
  ) );
#1016 = PCURVE('',#1017,#1022);
#1017 = PLANE('',#1018);
#1018 = AXIS2_PLACEMENT_3D('',#1019,#1020,#1021);
#1019 = CARTESIAN_POINT('',(46.5,0.,0.));
#1020 = DIRECTION('',(-1.,-0.,-0.));
#1021 = DIRECTION('',(0.,0.,-1.));
#1022 = DEFINITIONAL_REPRESENTATION('',(#1023),#1027);
#1023 = LINE('',#1024,#1025);
#1024 = CARTESIAN_POINT('',(-0.,-0.));
#1025 = VECTOR('',#1026,1.);
#1026 = DIRECTION('',(-0.850352224996,0.526213923652));
#1027 = ( GEOMETRIC_REPRESENTATION_CONTEXT(2) 
PARAMETRIC_REPRESENTATION_CONTEXT() REPRESENTATION_CONTEXT('2D SPACE',''
  ) );
#1028 = ORIENTED_EDGE('',*,*,#1029,.F.);
#1029 = EDGE_CURVE('',#885,#1002,#1030,.T.);
#1030 = SURFACE_CURVE('',#1031,(#1035,#1042),.PCURVE_S1.);
#1031 = LINE('',#1032,#1033);
#1032 = CARTESIAN_POINT('',(46.5,-3.583263758966,5.790489710034));
#1033 = VECTOR('',#1034,1.);
#1034 = DIRECTION('',(1.,-0.,-0.));
#1035 = PCURVE('',#616,#1036);
#1036 = DEFINITIONAL_REPRESENTATION('',(#1037),#1041);
#1037 = LINE('',#1038,#1039);
#1038 = CARTESIAN_POINT('',(-6.809519090826,2.));
#1039 = VECTOR('',#1040,1.);
#1040 = DIRECTION('',(-0.,1.));
#1041 = ( GEOMETRIC_REPRESENTATION_CONTEXT(2) 
PARAMETRIC_REPRESENTATION_CONTEXT() REPRESENTATION_CONTEXT('2D SPACE',''
  ) );
#1042 = PCURVE('',#1043,#1048);
#1043 = PLANE('',#1044);
#1044 = AXIS2_PLACEMENT_3D('',#1045,#1046,#1047);
#1045 = CARTESIAN_POINT('',(46.5,-8.125469883998,9.177512689408));
#1046 = DIRECTION('',(-0.,0.597780216725,0.801660035484));
#1047 = DIRECTION('',(0.,-0.801660035484,0.597780216725));
#1048 = DEFINITIONAL_REPRESENTATION('',(#1049),#1053);
#1049 = LINE('',#1050,#1051);
#1050 = CARTESIAN_POINT('',(-5.666000454031,0.));
#1051 = VECTOR('',#1052,1.);
#1052 = DIRECTION('',(-0.,1.));
#1053 = ( GEOMETRIC_REPRESENTATION_CONTEXT(2) 
PARAMETRIC_REPRESENTATION_CONTEXT() REPRESENTATION_CONTEXT('2D SPACE',''
  ) );
#1054 = ADVANCED_FACE('',(#1055),#584,.T.);
#1055 = FACE_BOUND('',#1056,.F.);
#1056 = EDGE_LOOP('',(#1057,#1058,#1081,#1107));
#1057 = ORIENTED_EDGE('',*,*,#562,.F.);
#1058 = ORIENTED_EDGE('',*,*,#1059,.T.);
#1059 = EDGE_CURVE('',#526,#1060,#1062,.T.);
#1060 = VERTEX_POINT('',#1061);
#1061 = CARTESIAN_POINT('',(46.5,-1.490275633871,8.672893319711));
#1062 = SURFACE_CURVE('',#1063,(#1067,#1074),.PCURVE_S1.);
#1063 = LINE('',#1064,#1065);
#1064 = CARTESIAN_POINT('',(42.130145812735,-1.490275633871,
    8.672893319711));
#1065 = VECTOR('',#1066,1.);
#1066 = DIRECTION('',(1.,8.079238040932E-15,-1.21950762882E-15));
#1067 = PCURVE('',#584,#1068);
#1068 = DEFINITIONAL_REPRESENTATION('',(#1069),#1073);
#1069 = LINE('',#1070,#1071);
#1070 = CARTESIAN_POINT('',(-0.170169602069,2.369854187265));
#1071 = VECTOR('',#1072,1.);
#1072 = DIRECTION('',(-0.,-1.));
#1073 = ( GEOMETRIC_REPRESENTATION_CONTEXT(2) 
PARAMETRIC_REPRESENTATION_CONTEXT() REPRESENTATION_CONTEXT('2D SPACE',''
  ) );
#1074 = PCURVE('',#546,#1075);
#1075 = DEFINITIONAL_REPRESENTATION('',(#1076),#1080);
#1076 = LINE('',#1077,#1078);
#1077 = CARTESIAN_POINT('',(-51.2,-2.369854187265));
#1078 = VECTOR('',#1079,1.);
#1079 = DIRECTION('',(-2.570108086361E-15,1.));
#1080 = ( GEOMETRIC_REPRESENTATION_CONTEXT(2) 
PARAMETRIC_REPRESENTATION_CONTEXT() REPRESENTATION_CONTEXT('2D SPACE',''
  ) );
#1081 = ORIENTED_EDGE('',*,*,#1082,.T.);
#1082 = EDGE_CURVE('',#1060,#979,#1083,.T.);
#1083 = SURFACE_CURVE('',#1084,(#1089,#1096),.PCURVE_S1.);
#1084 = CIRCLE('',#1085,8.8);
#1085 = AXIS2_PLACEMENT_3D('',#1086,#1087,#1088);
#1086 = CARTESIAN_POINT('',(46.5,0.,0.));
#1087 = DIRECTION('',(1.,-0.,0.));
#1088 = DIRECTION('',(-0.,-0.,1.));
#1089 = PCURVE('',#584,#1090);
#1090 = DEFINITIONAL_REPRESENTATION('',(#1091),#1095);
#1091 = LINE('',#1092,#1093);
#1092 = CARTESIAN_POINT('',(-0.,-2.));
#1093 = VECTOR('',#1094,1.);
#1094 = DIRECTION('',(-1.,0.));
#1095 = ( GEOMETRIC_REPRESENTATION_CONTEXT(2) 
PARAMETRIC_REPRESENTATION_CONTEXT() REPRESENTATION_CONTEXT('2D SPACE',''
  ) );
#1096 = PCURVE('',#1017,#1097);
#1097 = DEFINITIONAL_REPRESENTATION('',(#1098),#1106);
#1098 = ( BOUNDED_CURVE() B_SPLINE_CURVE(2,(#1099,#1100,#1101,#1102,
#1103,#1104,#1105),.UNSPECIFIED.,.T.,.F.) B_SPLINE_CURVE_WITH_KNOTS((1,2
    ,2,2,2,1),(-2.094395102393,0.,2.094395102393,4.188790204786,
6.28318530718,8.377580409573),.UNSPECIFIED.) CURVE() 
GEOMETRIC_REPRESENTATION_ITEM() RATIONAL_B_SPLINE_CURVE((1.,0.5,1.,0.5,
1.,0.5,1.)) REPRESENTATION_ITEM('') );
#1099 = CARTESIAN_POINT('',(-8.8,0.));
#1100 = CARTESIAN_POINT('',(-8.8,15.242047106606));
#1101 = CARTESIAN_POINT('',(4.4,7.621023553303));
#1102 = CARTESIAN_POINT('',(17.6,2.155378366499E-15));
#1103 = CARTESIAN_POINT('',(4.4,-7.621023553303));
#1104 = CARTESIAN_POINT('',(-8.8,-15.2420471066));
#1105 = CARTESIAN_POINT('',(-8.8,0.));
#1106 = ( GEOMETRIC_REPRESENTATION_CONTEXT(2) 
PARAMETRIC_REPRESENTATION_CONTEXT() REPRESENTATION_CONTEXT('2D SPACE',''
  ) );
#1107 = ORIENTED_EDGE('',*,*,#978,.F.);
#1108 = ADVANCED_FACE('',(#1109),#546,.T.);
#1109 = FACE_BOUND('',#1110,.F.);
#1110 = EDGE_LOOP('',(#1111,#1136,#1159,#1187,#1208,#1209,#1210,#1233));
#1111 = ORIENTED_EDGE('',*,*,#1112,.F.);
#1112 = EDGE_CURVE('',#1113,#1115,#1117,.T.);
#1113 = VERTEX_POINT('',#1114);
#1114 = CARTESIAN_POINT('',(44.5,-0.711267916166,4.139335448044));
#1115 = VERTEX_POINT('',#1116);
#1116 = CARTESIAN_POINT('',(43.379393923934,-0.711267916166,
    4.139335448044));
#1117 = SURFACE_CURVE('',#1118,(#1122,#1129),.PCURVE_S1.);
#1118 = LINE('',#1119,#1120);
#1119 = CARTESIAN_POINT('',(45.5,-0.711267916166,4.139335448044));
#1120 = VECTOR('',#1121,1.);
#1121 = DIRECTION('',(-1.,-0.,-0.));
#1122 = PCURVE('',#546,#1123);
#1123 = DEFINITIONAL_REPRESENTATION('',(#1124),#1128);
#1124 = LINE('',#1125,#1126);
#1125 = CARTESIAN_POINT('',(-55.8,1.));
#1126 = VECTOR('',#1127,1.);
#1127 = DIRECTION('',(-0.,-1.));
#1128 = ( GEOMETRIC_REPRESENTATION_CONTEXT(2) 
PARAMETRIC_REPRESENTATION_CONTEXT() REPRESENTATION_CONTEXT('2D SPACE',''
  ) );
#1129 = PCURVE('',#928,#1130);
#1130 = DEFINITIONAL_REPRESENTATION('',(#1131),#1135);
#1131 = LINE('',#1132,#1133);
#1132 = CARTESIAN_POINT('',(-0.170169602069,0.));
#1133 = VECTOR('',#1134,1.);
#1134 = DIRECTION('',(-0.,1.));
#1135 = ( GEOMETRIC_REPRESENTATION_CONTEXT(2) 
PARAMETRIC_REPRESENTATION_CONTEXT() REPRESENTATION_CONTEXT('2D SPACE',''
  ) );
#1136 = ORIENTED_EDGE('',*,*,#1137,.T.);
#1137 = EDGE_CURVE('',#1113,#1138,#1140,.T.);
#1138 = VERTEX_POINT('',#1139);
#1139 = CARTESIAN_POINT('',(44.5,-0.614612075743,3.576831590598));
#1140 = SURFACE_CURVE('',#1141,(#1145,#1152),.PCURVE_S1.);
#1141 = LINE('',#1142,#1143);
#1142 = CARTESIAN_POINT('',(44.5,-10.16097023094,59.133363543485));
#1143 = VECTOR('',#1144,1.);
#1144 = DIRECTION('',(-0.,0.169349503849,-0.985556059058));
#1145 = PCURVE('',#546,#1146);
#1146 = DEFINITIONAL_REPRESENTATION('',(#1147),#1151);
#1147 = LINE('',#1148,#1149);
#1148 = CARTESIAN_POINT('',(-0.,0.));
#1149 = VECTOR('',#1150,1.);
#1150 = DIRECTION('',(-1.,0.));
#1151 = ( GEOMETRIC_REPRESENTATION_CONTEXT(2) 
PARAMETRIC_REPRESENTATION_CONTEXT() REPRESENTATION_CONTEXT('2D SPACE',''
  ) );
#1152 = PCURVE('',#900,#1153);
#1153 = DEFINITIONAL_REPRESENTATION('',(#1154),#1158);
#1154 = LINE('',#1155,#1156);
#1155 = CARTESIAN_POINT('',(55.546682243136,5.351010018036));
#1156 = VECTOR('',#1157,1.);
#1157 = DIRECTION('',(-0.985556059058,-0.169349503849));
#1158 = ( GEOMETRIC_REPRESENTATION_CONTEXT(2) 
PARAMETRIC_REPRESENTATION_CONTEXT() REPRESENTATION_CONTEXT('2D SPACE',''
  ) );
#1159 = ORIENTED_EDGE('',*,*,#1160,.F.);
#1160 = EDGE_CURVE('',#1161,#1138,#1163,.T.);
#1161 = VERTEX_POINT('',#1162);
#1162 = CARTESIAN_POINT('',(46.5,-0.614612075743,3.576831590598));
#1163 = SURFACE_CURVE('',#1164,(#1168,#1175),.PCURVE_S1.);
#1164 = LINE('',#1165,#1166);
#1165 = CARTESIAN_POINT('',(46.5,-0.614612075743,3.576831590598));
#1166 = VECTOR('',#1167,1.);
#1167 = DIRECTION('',(-1.,-0.,-0.));
#1168 = PCURVE('',#546,#1169);
#1169 = DEFINITIONAL_REPRESENTATION('',(#1170),#1174);
#1170 = LINE('',#1171,#1172);
#1171 = CARTESIAN_POINT('',(-56.37074770356,2.));
#1172 = VECTOR('',#1173,1.);
#1173 = DIRECTION('',(-0.,-1.));
#1174 = ( GEOMETRIC_REPRESENTATION_CONTEXT(2) 
PARAMETRIC_REPRESENTATION_CONTEXT() REPRESENTATION_CONTEXT('2D SPACE',''
  ) );
#1175 = PCURVE('',#1176,#1181);
#1176 = PLANE('',#1177);
#1177 = AXIS2_PLACEMENT_3D('',#1178,#1179,#1180);
#1178 = CARTESIAN_POINT('',(46.5,-8.125469883998,9.177512689408));
#1179 = DIRECTION('',(-0.,0.597780216725,0.801660035484));
#1180 = DIRECTION('',(0.,-0.801660035484,0.597780216725));
#1181 = DEFINITIONAL_REPRESENTATION('',(#1182),#1186);
#1182 = LINE('',#1183,#1184);
#1183 = CARTESIAN_POINT('',(-9.369130898135,0.));
#1184 = VECTOR('',#1185,1.);
#1185 = DIRECTION('',(-0.,-1.));
#1186 = ( GEOMETRIC_REPRESENTATION_CONTEXT(2) 
PARAMETRIC_REPRESENTATION_CONTEXT() REPRESENTATION_CONTEXT('2D SPACE',''
  ) );
#1187 = ORIENTED_EDGE('',*,*,#1188,.F.);
#1188 = EDGE_CURVE('',#1060,#1161,#1189,.T.);
#1189 = SURFACE_CURVE('',#1190,(#1194,#1201),.PCURVE_S1.);
#1190 = LINE('',#1191,#1192);
#1191 = CARTESIAN_POINT('',(46.5,-10.16097023094,59.133363543485));
#1192 = VECTOR('',#1193,1.);
#1193 = DIRECTION('',(-0.,0.169349503849,-0.985556059058));
#1194 = PCURVE('',#546,#1195);
#1195 = DEFINITIONAL_REPRESENTATION('',(#1196),#1200);
#1196 = LINE('',#1197,#1198);
#1197 = CARTESIAN_POINT('',(-0.,2.));
#1198 = VECTOR('',#1199,1.);
#1199 = DIRECTION('',(-1.,0.));
#1200 = ( GEOMETRIC_REPRESENTATION_CONTEXT(2) 
PARAMETRIC_REPRESENTATION_CONTEXT() REPRESENTATION_CONTEXT('2D SPACE',''
  ) );
#1201 = PCURVE('',#1017,#1202);
#1202 = DEFINITIONAL_REPRESENTATION('',(#1203),#1207);
#1203 = LINE('',#1204,#1205);
#1204 = CARTESIAN_POINT('',(-59.13336354348,10.160970230941));
#1205 = VECTOR('',#1206,1.);
#1206 = DIRECTION('',(0.985556059058,-0.169349503849));
#1207 = ( GEOMETRIC_REPRESENTATION_CONTEXT(2) 
PARAMETRIC_REPRESENTATION_CONTEXT() REPRESENTATION_CONTEXT('2D SPACE',''
  ) );
#1208 = ORIENTED_EDGE('',*,*,#1059,.F.);
#1209 = ORIENTED_EDGE('',*,*,#525,.F.);
#1210 = ORIENTED_EDGE('',*,*,#1211,.F.);
#1211 = EDGE_CURVE('',#1212,#480,#1214,.T.);
#1212 = VERTEX_POINT('',#1213);
#1213 = CARTESIAN_POINT('',(42.,-1.17950440167,6.86431128129));
#1214 = SURFACE_CURVE('',#1215,(#1219,#1226),.PCURVE_S1.);
#1215 = LINE('',#1216,#1217);
#1216 = CARTESIAN_POINT('',(31.5,0.,0.));
#1217 = VECTOR('',#1218,1.);
#1218 = DIRECTION('',(0.833333333333,-9.361146045001E-02,0.544786609626)
  );
#1219 = PCURVE('',#546,#1220);
#1220 = DEFINITIONAL_REPRESENTATION('',(#1221),#1225);
#1221 = LINE('',#1222,#1223);
#1222 = CARTESIAN_POINT('',(-60.,-13.));
#1223 = VECTOR('',#1224,1.);
#1224 = DIRECTION('',(0.552770798393,0.833333333333));
#1225 = ( GEOMETRIC_REPRESENTATION_CONTEXT(2) 
PARAMETRIC_REPRESENTATION_CONTEXT() REPRESENTATION_CONTEXT('2D SPACE',''
  ) );
#1226 = PCURVE('',#513,#1227);
#1227 = DEFINITIONAL_REPRESENTATION('',(#1228),#1232);
#1228 = LINE('',#1229,#1230);
#1229 = CARTESIAN_POINT('',(-2.97142305152,0.));
#1230 = VECTOR('',#1231,1.);
#1231 = DIRECTION('',(-0.,1.));
#1232 = ( GEOMETRIC_REPRESENTATION_CONTEXT(2) 
PARAMETRIC_REPRESENTATION_CONTEXT() REPRESENTATION_CONTEXT('2D SPACE',''
  ) );
#1233 = ORIENTED_EDGE('',*,*,#1234,.F.);
#1234 = EDGE_CURVE('',#1115,#1212,#1235,.T.);
#1235 = SURFACE_CURVE('',#1236,(#1241,#1252),.PCURVE_S1.);
#1236 = CIRCLE('',#1237,12.6);
#1237 = AXIS2_PLACEMENT_3D('',#1238,#1239,#1240);
#1238 = CARTESIAN_POINT('',(31.5,0.,0.));
#1239 = DIRECTION('',(0.,-0.985556059058,-0.169349503849));
#1240 = DIRECTION('',(-0.,-0.169349503849,0.985556059058));
#1241 = PCURVE('',#546,#1242);
#1242 = DEFINITIONAL_REPRESENTATION('',(#1243),#1251);
#1243 = ( BOUNDED_CURVE() B_SPLINE_CURVE(2,(#1244,#1245,#1246,#1247,
#1248,#1249,#1250),.UNSPECIFIED.,.T.,.F.) B_SPLINE_CURVE_WITH_KNOTS((1,2
    ,2,2,2,1),(-2.094395102393,0.,2.094395102393,4.188790204786,
6.28318530718,8.377580409573),.UNSPECIFIED.) CURVE() 
GEOMETRIC_REPRESENTATION_ITEM() RATIONAL_B_SPLINE_CURVE((1.,0.5,1.,0.5,
1.,0.5,1.)) REPRESENTATION_ITEM('') );
#1244 = CARTESIAN_POINT('',(-47.4,-13.));
#1245 = CARTESIAN_POINT('',(-47.4,-34.82384017536));
#1246 = CARTESIAN_POINT('',(-66.3,-23.91192008768));
#1247 = CARTESIAN_POINT('',(-85.2,-13.));
#1248 = CARTESIAN_POINT('',(-66.3,-2.088079912316));
#1249 = CARTESIAN_POINT('',(-47.4,8.823840175368));
#1250 = CARTESIAN_POINT('',(-47.4,-13.));
#1251 = ( GEOMETRIC_REPRESENTATION_CONTEXT(2) 
PARAMETRIC_REPRESENTATION_CONTEXT() REPRESENTATION_CONTEXT('2D SPACE',''
  ) );
#1252 = PCURVE('',#959,#1253);
#1253 = DEFINITIONAL_REPRESENTATION('',(#1254),#1264);
#1254 = B_SPLINE_CURVE_WITH_KNOTS('',8,(#1255,#1256,#1257,#1258,#1259,
    #1260,#1261,#1262,#1263),.UNSPECIFIED.,.F.,.F.,(9,9),(4.712388980385
    ,5.298074523842),.PIECEWISE_BEZIER_KNOTS.);
#1255 = CARTESIAN_POINT('',(-3.14159265359,-1.056393334026E-15));
#1256 = CARTESIAN_POINT('',(-3.153990848114,7.215324200711E-02));
#1257 = CARTESIAN_POINT('',(-3.166389078269,0.14430648069));
#1258 = CARTESIAN_POINT('',(-3.178983744281,0.216442844459));
#1259 = CARTESIAN_POINT('',(-3.191972830729,0.288545314185));
#1260 = CARTESIAN_POINT('',(-3.205575573118,0.360595052263));
#1261 = CARTESIAN_POINT('',(-3.220072777468,0.432567814434));
#1262 = CARTESIAN_POINT('',(-3.235826525477,0.504432366309));
#1263 = CARTESIAN_POINT('',(-3.253457443298,0.576134625763));
#1264 = ( GEOMETRIC_REPRESENTATION_CONTEXT(2) 
PARAMETRIC_REPRESENTATION_CONTEXT() REPRESENTATION_CONTEXT('2D SPACE',''
  ) );
#1265 = ADVANCED_FACE('',(#1266),#513,.F.);
#1266 = FACE_BOUND('',#1267,.T.);
#1267 = EDGE_LOOP('',(#1268,#1269,#1270,#1311));
#1268 = ORIENTED_EDGE('',*,*,#479,.F.);
#1269 = ORIENTED_EDGE('',*,*,#1211,.F.);
#1270 = ORIENTED_EDGE('',*,*,#1271,.T.);
#1271 = EDGE_CURVE('',#1212,#1272,#1274,.T.);
#1272 = VERTEX_POINT('',#1273);
#1273 = CARTESIAN_POINT('',(42.,-0.697801038565,6.929868231834));
#1274 = SURFACE_CURVE('',#1275,(#1280,#1287),.PCURVE_S1.);
#1275 = CIRCLE('',#1276,6.964912059746);
#1276 = AXIS2_PLACEMENT_3D('',#1277,#1278,#1279);
#1277 = CARTESIAN_POINT('',(42.,0.,0.));
#1278 = DIRECTION('',(-1.,-0.,0.));
#1279 = DIRECTION('',(-0.,-0.,-1.));
#1280 = PCURVE('',#513,#1281);
#1281 = DEFINITIONAL_REPRESENTATION('',(#1282),#1286);
#1282 = LINE('',#1283,#1284);
#1283 = CARTESIAN_POINT('',(-0.,10.5));
#1284 = VECTOR('',#1285,1.);
#1285 = DIRECTION('',(-1.,0.));
#1286 = ( GEOMETRIC_REPRESENTATION_CONTEXT(2) 
PARAMETRIC_REPRESENTATION_CONTEXT() REPRESENTATION_CONTEXT('2D SPACE',''
  ) );
#1287 = PCURVE('',#702,#1288);
#1288 = DEFINITIONAL_REPRESENTATION('',(#1289),#1310);
#1289 = B_SPLINE_CURVE_WITH_KNOTS('',7,(#1290,#1291,#1292,#1293,#1294,
    #1295,#1296,#1297,#1298,#1299,#1300,#1301,#1302,#1303,#1304,#1305,
    #1306,#1307,#1308,#1309),.UNSPECIFIED.,.F.,.F.,(8,6,6,8),(
    1.570796326795,2.356194490192,2.748893571891,3.14159265359),
  .UNSPECIFIED.);
#1290 = CARTESIAN_POINT('',(-3.727278197047,-6.066729557977E-14));
#1291 = CARTESIAN_POINT('',(-3.727278197047,6.202073854812E-02));
#1292 = CARTESIAN_POINT('',(-3.720512786443,0.124041357322));
#1293 = CARTESIAN_POINT('',(-3.70698205856,0.18517722253));
#1294 = CARTESIAN_POINT('',(-3.68651105947,0.244539135033));
#1295 = CARTESIAN_POINT('',(-3.658758053378,0.301170840882));
#1296 = CARTESIAN_POINT('',(-3.623304582651,0.353928751564));
#1297 = CARTESIAN_POINT('',(-3.558600064091,0.425397228258));
#1298 = CARTESIAN_POINT('',(-3.535111039965,0.447942014398));
#1299 = CARTESIAN_POINT('',(-3.509703815245,0.469054113223));
#1300 = CARTESIAN_POINT('',(-3.482405857079,0.488573189876));
#1301 = CARTESIAN_POINT('',(-3.453289230222,0.506336771148));
#1302 = CARTESIAN_POINT('',(-3.422484022947,0.522188538066));
#1303 = CARTESIAN_POINT('',(-3.357886812501,0.549794186917));
#1304 = CARTESIAN_POINT('',(-3.324094766574,0.561547992336));
#1305 = CARTESIAN_POINT('',(-3.289003431128,0.571115940493));
#1306 = CARTESIAN_POINT('',(-3.252870721657,0.578378739482));
#1307 = CARTESIAN_POINT('',(-3.216017429535,0.583250053263));
#1308 = CARTESIAN_POINT('',(-3.178805096719,0.585685543457));
#1309 = CARTESIAN_POINT('',(-3.14159265359,0.585685543457));
#1310 = ( GEOMETRIC_REPRESENTATION_CONTEXT(2) 
PARAMETRIC_REPRESENTATION_CONTEXT() REPRESENTATION_CONTEXT('2D SPACE',''
  ) );
#1311 = ORIENTED_EDGE('',*,*,#1312,.T.);
#1312 = EDGE_CURVE('',#1272,#329,#1313,.T.);
#1313 = SURFACE_CURVE('',#1314,(#1318,#1325),.PCURVE_S1.);
#1314 = LINE('',#1315,#1316);
#1315 = CARTESIAN_POINT('',(31.5,0.,0.));
#1316 = VECTOR('',#1317,1.);
#1317 = DIRECTION('',(0.833333333333,-5.538103480671E-02,0.549989542209)
  );
#1318 = PCURVE('',#513,#1319);
#1319 = DEFINITIONAL_REPRESENTATION('',(#1320),#1324);
#1320 = LINE('',#1321,#1322);
#1321 = CARTESIAN_POINT('',(-3.0412362216,0.));
#1322 = VECTOR('',#1323,1.);
#1323 = DIRECTION('',(-0.,1.));
#1324 = ( GEOMETRIC_REPRESENTATION_CONTEXT(2) 
PARAMETRIC_REPRESENTATION_CONTEXT() REPRESENTATION_CONTEXT('2D SPACE',''
  ) );
#1325 = PCURVE('',#463,#1326);
#1326 = DEFINITIONAL_REPRESENTATION('',(#1327),#1331);
#1327 = LINE('',#1328,#1329);
#1328 = CARTESIAN_POINT('',(-60.,-14.8));
#1329 = VECTOR('',#1330,1.);
#1330 = DIRECTION('',(0.552770798393,0.833333333333));
#1331 = ( GEOMETRIC_REPRESENTATION_CONTEXT(2) 
PARAMETRIC_REPRESENTATION_CONTEXT() REPRESENTATION_CONTEXT('2D SPACE',''
  ) );
#1332 = ADVANCED_FACE('',(#1333),#463,.T.);
#1333 = FACE_BOUND('',#1334,.F.);
#1334 = EDGE_LOOP('',(#1335,#1336,#1337,#1360));
#1335 = ORIENTED_EDGE('',*,*,#1312,.T.);
#1336 = ORIENTED_EDGE('',*,*,#328,.T.);
#1337 = ORIENTED_EDGE('',*,*,#1338,.F.);
#1338 = EDGE_CURVE('',#1339,#280,#1341,.T.);
#1339 = VERTEX_POINT('',#1340);
#1340 = CARTESIAN_POINT('',(21.,-0.697801038565,6.929868231834));
#1341 = SURFACE_CURVE('',#1342,(#1346,#1353),.PCURVE_S1.);
#1342 = LINE('',#1343,#1344);
#1343 = CARTESIAN_POINT('',(31.5,0.,0.));
#1344 = VECTOR('',#1345,1.);
#1345 = DIRECTION('',(-0.833333333333,-5.538103480671E-02,0.549989542209
    ));
#1346 = PCURVE('',#463,#1347);
#1347 = DEFINITIONAL_REPRESENTATION('',(#1348),#1352);
#1348 = LINE('',#1349,#1350);
#1349 = CARTESIAN_POINT('',(-60.,-14.8));
#1350 = VECTOR('',#1351,1.);
#1351 = DIRECTION('',(0.552770798393,-0.833333333333));
#1352 = ( GEOMETRIC_REPRESENTATION_CONTEXT(2) 
PARAMETRIC_REPRESENTATION_CONTEXT() REPRESENTATION_CONTEXT('2D SPACE',''
  ) );
#1353 = PCURVE('',#316,#1354);
#1354 = DEFINITIONAL_REPRESENTATION('',(#1355),#1359);
#1355 = LINE('',#1356,#1357);
#1356 = CARTESIAN_POINT('',(-0.10035643199,0.));
#1357 = VECTOR('',#1358,1.);
#1358 = DIRECTION('',(-0.,1.));
#1359 = ( GEOMETRIC_REPRESENTATION_CONTEXT(2) 
PARAMETRIC_REPRESENTATION_CONTEXT() REPRESENTATION_CONTEXT('2D SPACE',''
  ) );
#1360 = ORIENTED_EDGE('',*,*,#1361,.F.);
#1361 = EDGE_CURVE('',#1272,#1339,#1362,.T.);
#1362 = SURFACE_CURVE('',#1363,(#1368,#1379),.PCURVE_S1.);
#1363 = CIRCLE('',#1364,12.6);
#1364 = AXIS2_PLACEMENT_3D('',#1365,#1366,#1367);
#1365 = CARTESIAN_POINT('',(31.5,0.,0.));
#1366 = DIRECTION('',(0.,-0.994968518251,-0.100188061612));
#1367 = DIRECTION('',(-0.,-0.100188061612,0.994968518251));
#1368 = PCURVE('',#463,#1369);
#1369 = DEFINITIONAL_REPRESENTATION('',(#1370),#1378);
#1370 = ( BOUNDED_CURVE() B_SPLINE_CURVE(2,(#1371,#1372,#1373,#1374,
#1375,#1376,#1377),.UNSPECIFIED.,.T.,.F.) B_SPLINE_CURVE_WITH_KNOTS((1,2
    ,2,2,2,1),(-2.094395102393,0.,2.094395102393,4.188790204786,
6.28318530718,8.377580409573),.UNSPECIFIED.) CURVE() 
GEOMETRIC_REPRESENTATION_ITEM() RATIONAL_B_SPLINE_CURVE((1.,0.5,1.,0.5,
1.,0.5,1.)) REPRESENTATION_ITEM('') );
#1371 = CARTESIAN_POINT('',(-47.4,-14.8));
#1372 = CARTESIAN_POINT('',(-47.4,-36.62384017536));
#1373 = CARTESIAN_POINT('',(-66.3,-25.71192008768));
#1374 = CARTESIAN_POINT('',(-85.2,-14.8));
#1375 = CARTESIAN_POINT('',(-66.3,-3.888079912316));
#1376 = CARTESIAN_POINT('',(-47.4,7.023840175368));
#1377 = CARTESIAN_POINT('',(-47.4,-14.8));
#1378 = ( GEOMETRIC_REPRESENTATION_CONTEXT(2) 
PARAMETRIC_REPRESENTATION_CONTEXT() REPRESENTATION_CONTEXT('2D SPACE',''
  ) );
#1379 = PCURVE('',#702,#1380);
#1380 = DEFINITIONAL_REPRESENTATION('',(#1381),#1503);
#1381 = B_SPLINE_CURVE_WITH_KNOTS('',8,(#1382,#1383,#1384,#1385,#1386,
    #1387,#1388,#1389,#1390,#1391,#1392,#1393,#1394,#1395,#1396,#1397,
    #1398,#1399,#1400,#1401,#1402,#1403,#1404,#1405,#1406,#1407,#1408,
    #1409,#1410,#1411,#1412,#1413,#1414,#1415,#1416,#1417,#1418,#1419,
    #1420,#1421,#1422,#1423,#1424,#1425,#1426,#1427,#1428,#1429,#1430,
    #1431,#1432,#1433,#1434,#1435,#1436,#1437,#1438,#1439,#1440,#1441,
    #1442,#1443,#1444,#1445,#1446,#1447,#1448,#1449,#1450,#1451,#1452,
    #1453,#1454,#1455,#1456,#1457,#1458,#1459,#1460,#1461,#1462,#1463,
    #1464,#1465,#1466,#1467,#1468,#1469,#1470,#1471,#1472,#1473,#1474,
    #1475,#1476,#1477,#1478,#1479,#1480,#1481,#1482,#1483,#1484,#1485,
    #1486,#1487,#1488,#1489,#1490,#1491,#1492,#1493,#1494,#1495,#1496,
    #1497,#1498,#1499,#1500,#1501,#1502),.UNSPECIFIED.,.F.,.F.,(9,7,7,7,
    7,7,7,7,7,7,7,7,7,7,7,7,7,9),(4.712388980385,5.105088062083,
    5.44869975857,5.749359992995,5.880898845557,6.004216519833,
    6.119826839467,6.174019176795,6.226518003582,6.277376242032,
    6.32664516053,6.374374425325,6.466849875865,6.640241345629,
    6.791958881672,7.057464569748,7.455723101861,7.853981633975),
  .UNSPECIFIED.);
#1382 = CARTESIAN_POINT('',(-3.14159265359,-1.066482317861E-15));
#1383 = CARTESIAN_POINT('',(-3.146510623564,4.884040292953E-02));
#1384 = CARTESIAN_POINT('',(-3.151428630338,9.768080398369E-02));
#1385 = CARTESIAN_POINT('',(-3.156382251771,0.146519412017));
#1386 = CARTESIAN_POINT('',(-3.161407530615,0.195354412202));
#1387 = CARTESIAN_POINT('',(-3.166542274702,0.244183900653));
#1388 = CARTESIAN_POINT('',(-3.171828533988,0.293005759155));
#1389 = CARTESIAN_POINT('',(-3.177316254463,0.341817470014));
#1390 = CARTESIAN_POINT('',(-3.188100981552,0.433314471877));
#1391 = CARTESIAN_POINT('',(-3.193336097227,0.476002881612));
#1392 = CARTESIAN_POINT('',(-3.198815704632,0.518678968228));
#1393 = CARTESIAN_POINT('',(-3.204589454615,0.561340225376));
#1394 = CARTESIAN_POINT('',(-3.210718814889,0.603983546454));
#1395 = CARTESIAN_POINT('',(-3.217280499803,0.646605051753));
#1396 = CARTESIAN_POINT('',(-3.22437539625,0.689199632888));
#1397 = CARTESIAN_POINT('',(-3.238951778477,0.769000093892));
#1398 = CARTESIAN_POINT('',(-3.246274123774,0.806214018853));
#1399 = CARTESIAN_POINT('',(-3.254214182483,0.84339669502));
#1400 = CARTESIAN_POINT('',(-3.262897507375,0.88054173398));
#1401 = CARTESIAN_POINT('',(-3.27248522738,0.917640939938));
#1402 = CARTESIAN_POINT('',(-3.283203731585,0.954682734921));
#1403 = CARTESIAN_POINT('',(-3.295363504693,0.991651251842));
#1404 = CARTESIAN_POINT('',(-3.315685302767,1.044648360648));
#1405 = CARTESIAN_POINT('',(-3.322248688731,1.060758587294));
#1406 = CARTESIAN_POINT('',(-3.329235228085,1.076847179769));
#1407 = CARTESIAN_POINT('',(-3.336698522755,1.092911359366));
#1408 = CARTESIAN_POINT('',(-3.34470235658,1.108947813606));
#1409 = CARTESIAN_POINT('',(-3.353324476475,1.124952491706));
#1410 = CARTESIAN_POINT('',(-3.36266291228,1.140920256535));
#1411 = CARTESIAN_POINT('',(-3.382390388097,1.171773271073));
#1412 = CARTESIAN_POINT('',(-3.392677317722,1.186663802577));
#1413 = CARTESIAN_POINT('',(-3.403810801137,1.20151042818));
#1414 = CARTESIAN_POINT('',(-3.415918662238,1.21630637319));
#1415 = CARTESIAN_POINT('',(-3.429160732742,1.231043083955));
#1416 = CARTESIAN_POINT('',(-3.443738765466,1.245709701909));
#1417 = CARTESIAN_POINT('',(-3.459917110643,1.26029184575));
#1418 = CARTESIAN_POINT('',(-3.495077417717,1.288341278133));
#1419 = CARTESIAN_POINT('',(-3.513820941509,1.301821281366));
#1420 = CARTESIAN_POINT('',(-3.534599117247,1.315192045834));
#1421 = CARTESIAN_POINT('',(-3.557795598914,1.328431806947));
#1422 = CARTESIAN_POINT('',(-3.583911343587,1.341512003122));
#1423 = CARTESIAN_POINT('',(-3.613601311965,1.354393618612));
#1424 = CARTESIAN_POINT('',(-3.647782585273,1.367021637209));
#1425 = CARTESIAN_POINT('',(-3.706491321742,1.385067942501));
#1426 = CARTESIAN_POINT('',(-3.726500510209,1.390752436479));
#1427 = CARTESIAN_POINT('',(-3.747915737351,1.396352948375));
#1428 = CARTESIAN_POINT('',(-3.770889347217,1.401858877578));
#1429 = CARTESIAN_POINT('',(-3.795593743496,1.407257698384));
#1430 = CARTESIAN_POINT('',(-3.822224617675,1.412534434327));
#1431 = CARTESIAN_POINT('',(-3.850999908723,1.417671037007));
#1432 = CARTESIAN_POINT('',(-3.912323489688,1.427465019284));
#1433 = CARTESIAN_POINT('',(-3.944725673138,1.432132385185));
#1434 = CARTESIAN_POINT('',(-3.9795633551,1.436627962266));
#1435 = CARTESIAN_POINT('',(-4.017052344872,1.440928947847));
#1436 = CARTESIAN_POINT('',(-4.057409490918,1.445008519954));
#1437 = CARTESIAN_POINT('',(-4.100826361344,1.448835658059));
#1438 = CARTESIAN_POINT('',(-4.147422964523,1.452375894808));
#1439 = CARTESIAN_POINT('',(-4.245385100705,1.458709568092));
#1440 = CARTESIAN_POINT('',(-4.29655610864,1.461522912391));
#1441 = CARTESIAN_POINT('',(-4.350679260599,1.464000211554));
#1442 = CARTESIAN_POINT('',(-4.407617554523,1.466107468007));
#1443 = CARTESIAN_POINT('',(-4.467072048805,1.46781147727));
#1444 = CARTESIAN_POINT('',(-4.528510375944,1.469083780267));
#1445 = CARTESIAN_POINT('',(-4.591228576329,1.469906332473));
#1446 = CARTESIAN_POINT('',(-4.715738209826,1.470627170324));
#1447 = CARTESIAN_POINT('',(-4.777497318364,1.470553535598));
#1448 = CARTESIAN_POINT('',(-4.839061967152,1.47004553713));
#1449 = CARTESIAN_POINT('',(-4.899698902296,1.469107152045));
#1450 = CARTESIAN_POINT('',(-4.95872160099,1.467753749374));
#1451 = CARTESIAN_POINT('',(-5.015626196461,1.466009484026));
#1452 = CARTESIAN_POINT('',(-5.070082038434,1.463902581209));
#1453 = CARTESIAN_POINT('',(-5.172108735235,1.459099204951));
#1454 = CARTESIAN_POINT('',(-5.219841642576,1.456423213059));
#1455 = CARTESIAN_POINT('',(-5.264935883694,1.453461801462));
#1456 = CARTESIAN_POINT('',(-5.307354422474,1.450243283602));
#1457 = CARTESIAN_POINT('',(-5.347158723694,1.446794688794));
#1458 = CARTESIAN_POINT('',(-5.384467731434,1.443140617167));
#1459 = CARTESIAN_POINT('',(-5.419423956574,1.439303002029));
#1460 = CARTESIAN_POINT('',(-5.51565182607,1.427547828072));
#1461 = CARTESIAN_POINT('',(-5.570870582439,1.419178214889));
#1462 = CARTESIAN_POINT('',(-5.618962747751,1.410333522237));
#1463 = CARTESIAN_POINT('',(-5.661198863221,1.40111849263));
#1464 = CARTESIAN_POINT('',(-5.698553642967,1.391605914823));
#1465 = CARTESIAN_POINT('',(-5.73183033061,1.381851336836));
#1466 = CARTESIAN_POINT('',(-5.761660824988,1.371896365685));
#1467 = CARTESIAN_POINT('',(-5.838988909967,1.342793341619));
#1468 = CARTESIAN_POINT('',(-5.879105757081,1.323223111401));
#1469 = CARTESIAN_POINT('',(-5.912283067541,1.303277066066));
#1470 = CARTESIAN_POINT('',(-5.940357591513,1.283055015551));
#1471 = CARTESIAN_POINT('',(-5.964524971467,1.262626520009));
#1472 = CARTESIAN_POINT('',(-5.985616968903,1.242035419946));
#1473 = CARTESIAN_POINT('',(-6.004229303265,1.221314567362));
#1474 = CARTESIAN_POINT('',(-6.035315692669,1.182264221567));
#1475 = CARTESIAN_POINT('',(-6.048266184056,1.163959585116));
#1476 = CARTESIAN_POINT('',(-6.059958833015,1.145589794477));
#1477 = CARTESIAN_POINT('',(-6.070604184293,1.127165957465));
#1478 = CARTESIAN_POINT('',(-6.080361973889,1.108696447114));
#1479 = CARTESIAN_POINT('',(-6.089358485965,1.09018786058));
#1480 = CARTESIAN_POINT('',(-6.097694163981,1.071645413496));
#1481 = CARTESIAN_POINT('',(-6.11902729943,1.020572352457));
#1482 = CARTESIAN_POINT('',(-6.130832332399,0.98798074254));
#1483 = CARTESIAN_POINT('',(-6.141307934981,0.955321418359));
#1484 = CARTESIAN_POINT('',(-6.150726819668,0.922608372652));
#1485 = CARTESIAN_POINT('',(-6.159283641512,0.889851564015));
#1486 = CARTESIAN_POINT('',(-6.167127436753,0.857058612039));
#1487 = CARTESIAN_POINT('',(-6.174369518302,0.82423518016));
#1488 = CARTESIAN_POINT('',(-6.191196334161,0.742111901485));
#1489 = CARTESIAN_POINT('',(-6.200141742789,0.69277969755));
#1490 = CARTESIAN_POINT('',(-6.208238399886,0.643404616665));
#1491 = CARTESIAN_POINT('',(-6.215672432131,0.593996087553));
#1492 = CARTESIAN_POINT('',(-6.222577999673,0.544560897647));
#1493 = CARTESIAN_POINT('',(-6.22905955035,0.495104329297));
#1494 = CARTESIAN_POINT('',(-6.235196822406,0.445630406591));
#1495 = CARTESIAN_POINT('',(-6.246917029947,0.346654627326));
#1496 = CARTESIAN_POINT('',(-6.252499935913,0.297152769154));
#1497 = CARTESIAN_POINT('',(-6.257871999449,0.247640290671));
#1498 = CARTESIAN_POINT('',(-6.263085776481,0.198119841216));
#1499 = CARTESIAN_POINT('',(-6.268185304894,0.14859363916));
#1500 = CARTESIAN_POINT('',(-6.273210078474,9.906367329875E-02));
#1501 = CARTESIAN_POINT('',(-6.278197713385,4.953183769714E-02));
#1502 = CARTESIAN_POINT('',(-6.28318530718,-6.067133881443E-14));
#1503 = ( GEOMETRIC_REPRESENTATION_CONTEXT(2) 
PARAMETRIC_REPRESENTATION_CONTEXT() REPRESENTATION_CONTEXT('2D SPACE',''
  ) );
#1504 = ADVANCED_FACE('',(#1505),#316,.F.);
#1505 = FACE_BOUND('',#1506,.T.);
#1506 = EDGE_LOOP('',(#1507,#1508,#1509,#1553));
#1507 = ORIENTED_EDGE('',*,*,#279,.F.);
#1508 = ORIENTED_EDGE('',*,*,#1338,.F.);
#1509 = ORIENTED_EDGE('',*,*,#1510,.T.);
#1510 = EDGE_CURVE('',#1339,#1511,#1513,.T.);
#1511 = VERTEX_POINT('',#1512);
#1512 = CARTESIAN_POINT('',(21.,-1.17950440167,6.86431128129));
#1513 = SURFACE_CURVE('',#1514,(#1519,#1526),.PCURVE_S1.);
#1514 = CIRCLE('',#1515,6.964912059746);
#1515 = AXIS2_PLACEMENT_3D('',#1516,#1517,#1518);
#1516 = CARTESIAN_POINT('',(21.,0.,0.));
#1517 = DIRECTION('',(1.,-0.,0.));
#1518 = DIRECTION('',(-0.,-0.,1.));
#1519 = PCURVE('',#316,#1520);
#1520 = DEFINITIONAL_REPRESENTATION('',(#1521),#1525);
#1521 = LINE('',#1522,#1523);
#1522 = CARTESIAN_POINT('',(-0.,10.5));
#1523 = VECTOR('',#1524,1.);
#1524 = DIRECTION('',(-1.,0.));
#1525 = ( GEOMETRIC_REPRESENTATION_CONTEXT(2) 
PARAMETRIC_REPRESENTATION_CONTEXT() REPRESENTATION_CONTEXT('2D SPACE',''
  ) );
#1526 = PCURVE('',#702,#1527);
#1527 = DEFINITIONAL_REPRESENTATION('',(#1528),#1552);
#1528 = B_SPLINE_CURVE_WITH_KNOTS('',8,(#1529,#1530,#1531,#1532,#1533,
    #1534,#1535,#1536,#1537,#1538,#1539,#1540,#1541,#1542,#1543,#1544,
    #1545,#1546,#1547,#1548,#1549,#1550,#1551),.UNSPECIFIED.,.F.,.F.,(9,
    7,7,9),(-8.881784197001E-15,0.392699081699,0.981747704247,
    1.570796326795),.UNSPECIFIED.);
#1529 = CARTESIAN_POINT('',(-6.28318530718,0.585685543457));
#1530 = CARTESIAN_POINT('',(-6.250624419442,0.585685543457));
#1531 = CARTESIAN_POINT('',(-6.218063614439,0.583858925812));
#1532 = CARTESIAN_POINT('',(-6.185727223658,0.58020548215));
#1533 = CARTESIAN_POINT('',(-6.153840884377,0.574747339988));
#1534 = CARTESIAN_POINT('',(-6.122615278849,0.567527959934));
#1535 = CARTESIAN_POINT('',(-6.092235182714,0.558609540982));
#1536 = CARTESIAN_POINT('',(-6.062853822616,0.548068833864));
#1537 = CARTESIAN_POINT('',(-5.99220062369,0.517875155433));
#1538 = CARTESIAN_POINT('',(-5.952329008913,0.496301341624));
#1539 = CARTESIAN_POINT('',(-5.915387950157,0.471559303502));
#1540 = CARTESIAN_POINT('',(-5.881629191618,0.443986410247));
#1541 = CARTESIAN_POINT('',(-5.851146468081,0.413932964104));
#1542 = CARTESIAN_POINT('',(-5.823942391216,0.38173460053));
#1543 = CARTESIAN_POINT('',(-5.799970556455,0.347707563844));
#1544 = CARTESIAN_POINT('',(-5.758358854796,0.276587296369));
#1545 = CARTESIAN_POINT('',(-5.740718994403,0.239494062637));
#1546 = CARTESIAN_POINT('',(-5.726178829477,0.201163412597));
#1547 = CARTESIAN_POINT('',(-5.714652290026,0.161870383599));
#1548 = CARTESIAN_POINT('',(-5.706062201799,0.121869850312));
#1549 = CARTESIAN_POINT('',(-5.700353931615,8.140221197913E-02));
#1550 = CARTESIAN_POINT('',(-5.697499763722,4.070110967219E-02));
#1551 = CARTESIAN_POINT('',(-5.697499763722,-6.084508022797E-14));
#1552 = ( GEOMETRIC_REPRESENTATION_CONTEXT(2) 
PARAMETRIC_REPRESENTATION_CONTEXT() REPRESENTATION_CONTEXT('2D SPACE',''
  ) );
#1553 = ORIENTED_EDGE('',*,*,#1554,.T.);
#1554 = EDGE_CURVE('',#1511,#243,#1555,.T.);
#1555 = SURFACE_CURVE('',#1556,(#1560,#1567),.PCURVE_S1.);
#1556 = LINE('',#1557,#1558);
#1557 = CARTESIAN_POINT('',(31.5,0.,0.));
#1558 = VECTOR('',#1559,1.);
#1559 = DIRECTION('',(-0.833333333333,-9.361146045001E-02,0.544786609626
    ));
#1560 = PCURVE('',#316,#1561);
#1561 = DEFINITIONAL_REPRESENTATION('',(#1562),#1566);
#1562 = LINE('',#1563,#1564);
#1563 = CARTESIAN_POINT('',(-0.170169602069,0.));
#1564 = VECTOR('',#1565,1.);
#1565 = DIRECTION('',(-0.,1.));
#1566 = ( GEOMETRIC_REPRESENTATION_CONTEXT(2) 
PARAMETRIC_REPRESENTATION_CONTEXT() REPRESENTATION_CONTEXT('2D SPACE',''
  ) );
#1567 = PCURVE('',#263,#1568);
#1568 = DEFINITIONAL_REPRESENTATION('',(#1569),#1573);
#1569 = LINE('',#1570,#1571);
#1570 = CARTESIAN_POINT('',(-60.,10.5));
#1571 = VECTOR('',#1572,1.);
#1572 = DIRECTION('',(0.552770798393,-0.833333333333));
#1573 = ( GEOMETRIC_REPRESENTATION_CONTEXT(2) 
PARAMETRIC_REPRESENTATION_CONTEXT() REPRESENTATION_CONTEXT('2D SPACE',''
  ) );
#1574 = ADVANCED_FACE('',(#1575),#263,.T.);
#1575 = FACE_BOUND('',#1576,.F.);
#1576 = EDGE_LOOP('',(#1577,#1616,#1617,#1618,#1641,#1669,#1697,#1725));
#1577 = ORIENTED_EDGE('',*,*,#1578,.F.);
#1578 = EDGE_CURVE('',#1511,#1579,#1581,.T.);
#1579 = VERTEX_POINT('',#1580);
#1580 = CARTESIAN_POINT('',(19.620606076066,-0.711267916166,
    4.139335448044));
#1581 = SURFACE_CURVE('',#1582,(#1587,#1598),.PCURVE_S1.);
#1582 = CIRCLE('',#1583,12.6);
#1583 = AXIS2_PLACEMENT_3D('',#1584,#1585,#1586);
#1584 = CARTESIAN_POINT('',(31.5,0.,0.));
#1585 = DIRECTION('',(0.,-0.985556059058,-0.169349503849));
#1586 = DIRECTION('',(-0.,-0.169349503849,0.985556059058));
#1587 = PCURVE('',#263,#1588);
#1588 = DEFINITIONAL_REPRESENTATION('',(#1589),#1597);
#1589 = ( BOUNDED_CURVE() B_SPLINE_CURVE(2,(#1590,#1591,#1592,#1593,
#1594,#1595,#1596),.UNSPECIFIED.,.T.,.F.) B_SPLINE_CURVE_WITH_KNOTS((1,2
    ,2,2,2,1),(-2.094395102393,0.,2.094395102393,4.188790204786,
6.28318530718,8.377580409573),.UNSPECIFIED.) CURVE() 
GEOMETRIC_REPRESENTATION_ITEM() RATIONAL_B_SPLINE_CURVE((1.,0.5,1.,0.5,
1.,0.5,1.)) REPRESENTATION_ITEM('') );
#1590 = CARTESIAN_POINT('',(-47.4,10.5));
#1591 = CARTESIAN_POINT('',(-47.4,-11.32384017536));
#1592 = CARTESIAN_POINT('',(-66.3,-0.411920087684));
#1593 = CARTESIAN_POINT('',(-85.2,10.5));
#1594 = CARTESIAN_POINT('',(-66.3,21.411920087684));
#1595 = CARTESIAN_POINT('',(-47.4,32.323840175368));
#1596 = CARTESIAN_POINT('',(-47.4,10.5));
#1597 = ( GEOMETRIC_REPRESENTATION_CONTEXT(2) 
PARAMETRIC_REPRESENTATION_CONTEXT() REPRESENTATION_CONTEXT('2D SPACE',''
  ) );
#1598 = PCURVE('',#1599,#1604);
#1599 = SPHERICAL_SURFACE('',#1600,12.6);
#1600 = AXIS2_PLACEMENT_3D('',#1601,#1602,#1603);
#1601 = CARTESIAN_POINT('',(31.5,0.,0.));
#1602 = DIRECTION('',(-0.,-0.,1.));
#1603 = DIRECTION('',(-1.,-0.,-0.));
#1604 = DEFINITIONAL_REPRESENTATION('',(#1605),#1615);
#1605 = B_SPLINE_CURVE_WITH_KNOTS('',8,(#1606,#1607,#1608,#1609,#1610,
    #1611,#1612,#1613,#1614),.UNSPECIFIED.,.F.,.F.,(9,9),(0.985110783338
    ,1.570796326795),.PIECEWISE_BEZIER_KNOTS.);
#1606 = CARTESIAN_POINT('',(-6.171320517472,0.576134625763));
#1607 = CARTESIAN_POINT('',(-6.188951435292,0.504432366309));
#1608 = CARTESIAN_POINT('',(-6.204705183302,0.432567814435));
#1609 = CARTESIAN_POINT('',(-6.219202387634,0.360595052262));
#1610 = CARTESIAN_POINT('',(-6.232805130021,0.288545314187));
#1611 = CARTESIAN_POINT('',(-6.245794216469,0.216442844458));
#1612 = CARTESIAN_POINT('',(-6.258388882503,0.14430648069));
#1613 = CARTESIAN_POINT('',(-6.270787112655,7.21532420071E-02));
#1614 = CARTESIAN_POINT('',(-6.28318530718,-2.160455526708E-14));
#1615 = ( GEOMETRIC_REPRESENTATION_CONTEXT(2) 
PARAMETRIC_REPRESENTATION_CONTEXT() REPRESENTATION_CONTEXT('2D SPACE',''
  ) );
#1616 = ORIENTED_EDGE('',*,*,#1554,.T.);
#1617 = ORIENTED_EDGE('',*,*,#242,.F.);
#1618 = ORIENTED_EDGE('',*,*,#1619,.T.);
#1619 = EDGE_CURVE('',#209,#1620,#1622,.T.);
#1620 = VERTEX_POINT('',#1621);
#1621 = CARTESIAN_POINT('',(16.5,-1.490275633871,8.672893319711));
#1622 = SURFACE_CURVE('',#1623,(#1627,#1634),.PCURVE_S1.);
#1623 = LINE('',#1624,#1625);
#1624 = CARTESIAN_POINT('',(20.869854187265,-1.490275633871,
    8.672893319711));
#1625 = VECTOR('',#1626,1.);
#1626 = DIRECTION('',(-1.,8.079238040932E-15,-1.21950762882E-15));
#1627 = PCURVE('',#263,#1628);
#1628 = DEFINITIONAL_REPRESENTATION('',(#1629),#1633);
#1629 = LINE('',#1630,#1631);
#1630 = CARTESIAN_POINT('',(-51.2,-0.130145812735));
#1631 = VECTOR('',#1632,1.);
#1632 = DIRECTION('',(-2.570108086361E-15,-1.));
#1633 = ( GEOMETRIC_REPRESENTATION_CONTEXT(2) 
PARAMETRIC_REPRESENTATION_CONTEXT() REPRESENTATION_CONTEXT('2D SPACE',''
  ) );
#1634 = PCURVE('',#230,#1635);
#1635 = DEFINITIONAL_REPRESENTATION('',(#1636),#1640);
#1636 = LINE('',#1637,#1638);
#1637 = CARTESIAN_POINT('',(-0.170169602069,0.130145812735));
#1638 = VECTOR('',#1639,1.);
#1639 = DIRECTION('',(-0.,1.));
#1640 = ( GEOMETRIC_REPRESENTATION_CONTEXT(2) 
PARAMETRIC_REPRESENTATION_CONTEXT() REPRESENTATION_CONTEXT('2D SPACE',''
  ) );
#1641 = ORIENTED_EDGE('',*,*,#1642,.T.);
#1642 = EDGE_CURVE('',#1620,#1643,#1645,.T.);
#1643 = VERTEX_POINT('',#1644);
#1644 = CARTESIAN_POINT('',(16.5,-0.609658213857,3.548001812609));
#1645 = SURFACE_CURVE('',#1646,(#1650,#1657),.PCURVE_S1.);
#1646 = LINE('',#1647,#1648);
#1647 = CARTESIAN_POINT('',(16.5,-10.16097023094,59.133363543485));
#1648 = VECTOR('',#1649,1.);
#1649 = DIRECTION('',(-0.,0.169349503849,-0.985556059058));
#1650 = PCURVE('',#263,#1651);
#1651 = DEFINITIONAL_REPRESENTATION('',(#1652),#1656);
#1652 = LINE('',#1653,#1654);
#1653 = CARTESIAN_POINT('',(-0.,-4.5));
#1654 = VECTOR('',#1655,1.);
#1655 = DIRECTION('',(-1.,0.));
#1656 = ( GEOMETRIC_REPRESENTATION_CONTEXT(2) 
PARAMETRIC_REPRESENTATION_CONTEXT() REPRESENTATION_CONTEXT('2D SPACE',''
  ) );
#1657 = PCURVE('',#1658,#1663);
#1658 = PLANE('',#1659);
#1659 = AXIS2_PLACEMENT_3D('',#1660,#1661,#1662);
#1660 = CARTESIAN_POINT('',(16.5,0.,0.));
#1661 = DIRECTION('',(-1.,-0.,-0.));
#1662 = DIRECTION('',(0.,0.,-1.));
#1663 = DEFINITIONAL_REPRESENTATION('',(#1664),#1668);
#1664 = LINE('',#1665,#1666);
#1665 = CARTESIAN_POINT('',(-59.13336354348,10.160970230941));
#1666 = VECTOR('',#1667,1.);
#1667 = DIRECTION('',(0.985556059058,-0.169349503849));
#1668 = ( GEOMETRIC_REPRESENTATION_CONTEXT(2) 
PARAMETRIC_REPRESENTATION_CONTEXT() REPRESENTATION_CONTEXT('2D SPACE',''
  ) );
#1669 = ORIENTED_EDGE('',*,*,#1670,.F.);
#1670 = EDGE_CURVE('',#1671,#1643,#1673,.T.);
#1671 = VERTEX_POINT('',#1672);
#1672 = CARTESIAN_POINT('',(18.5,-0.609658213857,3.548001812609));
#1673 = SURFACE_CURVE('',#1674,(#1678,#1685),.PCURVE_S1.);
#1674 = LINE('',#1675,#1676);
#1675 = CARTESIAN_POINT('',(18.5,-0.609658213856,3.548001812609));
#1676 = VECTOR('',#1677,1.);
#1677 = DIRECTION('',(-1.,-0.,-0.));
#1678 = PCURVE('',#263,#1679);
#1679 = DEFINITIONAL_REPRESENTATION('',(#1680),#1684);
#1680 = LINE('',#1681,#1682);
#1681 = CARTESIAN_POINT('',(-56.4,-2.5));
#1682 = VECTOR('',#1683,1.);
#1683 = DIRECTION('',(-0.,-1.));
#1684 = ( GEOMETRIC_REPRESENTATION_CONTEXT(2) 
PARAMETRIC_REPRESENTATION_CONTEXT() REPRESENTATION_CONTEXT('2D SPACE',''
  ) );
#1685 = PCURVE('',#1686,#1691);
#1686 = CYLINDRICAL_SURFACE('',#1687,3.6);
#1687 = AXIS2_PLACEMENT_3D('',#1688,#1689,#1690);
#1688 = CARTESIAN_POINT('',(18.5,0.,0.));
#1689 = DIRECTION('',(-1.,-0.,-0.));
#1690 = DIRECTION('',(-0.,-0.,1.));
#1691 = DEFINITIONAL_REPRESENTATION('',(#1692),#1696);
#1692 = LINE('',#1693,#1694);
#1693 = CARTESIAN_POINT('',(-6.453354909249,0.));
#1694 = VECTOR('',#1695,1.);
#1695 = DIRECTION('',(-0.,1.));
#1696 = ( GEOMETRIC_REPRESENTATION_CONTEXT(2) 
PARAMETRIC_REPRESENTATION_CONTEXT() REPRESENTATION_CONTEXT('2D SPACE',''
  ) );
#1697 = ORIENTED_EDGE('',*,*,#1698,.F.);
#1698 = EDGE_CURVE('',#1699,#1671,#1701,.T.);
#1699 = VERTEX_POINT('',#1700);
#1700 = CARTESIAN_POINT('',(18.5,-0.711267916166,4.139335448044));
#1701 = SURFACE_CURVE('',#1702,(#1706,#1713),.PCURVE_S1.);
#1702 = LINE('',#1703,#1704);
#1703 = CARTESIAN_POINT('',(18.5,-10.16097023094,59.133363543485));
#1704 = VECTOR('',#1705,1.);
#1705 = DIRECTION('',(-0.,0.169349503849,-0.985556059058));
#1706 = PCURVE('',#263,#1707);
#1707 = DEFINITIONAL_REPRESENTATION('',(#1708),#1712);
#1708 = LINE('',#1709,#1710);
#1709 = CARTESIAN_POINT('',(-0.,-2.5));
#1710 = VECTOR('',#1711,1.);
#1711 = DIRECTION('',(-1.,0.));
#1712 = ( GEOMETRIC_REPRESENTATION_CONTEXT(2) 
PARAMETRIC_REPRESENTATION_CONTEXT() REPRESENTATION_CONTEXT('2D SPACE',''
  ) );
#1713 = PCURVE('',#1714,#1719);
#1714 = PLANE('',#1715);
#1715 = AXIS2_PLACEMENT_3D('',#1716,#1717,#1718);
#1716 = CARTESIAN_POINT('',(18.5,0.,0.));
#1717 = DIRECTION('',(-1.,-0.,-0.));
#1718 = DIRECTION('',(0.,0.,-1.));
#1719 = DEFINITIONAL_REPRESENTATION('',(#1720),#1724);
#1720 = LINE('',#1721,#1722);
#1721 = CARTESIAN_POINT('',(-59.13336354348,10.160970230941));
#1722 = VECTOR('',#1723,1.);
#1723 = DIRECTION('',(0.985556059058,-0.169349503849));
#1724 = ( GEOMETRIC_REPRESENTATION_CONTEXT(2) 
PARAMETRIC_REPRESENTATION_CONTEXT() REPRESENTATION_CONTEXT('2D SPACE',''
  ) );
#1725 = ORIENTED_EDGE('',*,*,#1726,.F.);
#1726 = EDGE_CURVE('',#1579,#1699,#1727,.T.);
#1727 = SURFACE_CURVE('',#1728,(#1732,#1739),.PCURVE_S1.);
#1728 = LINE('',#1729,#1730);
#1729 = CARTESIAN_POINT('',(22.,-0.711267916166,4.139335448044));
#1730 = VECTOR('',#1731,1.);
#1731 = DIRECTION('',(-1.,-0.,-0.));
#1732 = PCURVE('',#263,#1733);
#1733 = DEFINITIONAL_REPRESENTATION('',(#1734),#1738);
#1734 = LINE('',#1735,#1736);
#1735 = CARTESIAN_POINT('',(-55.8,1.));
#1736 = VECTOR('',#1737,1.);
#1737 = DIRECTION('',(-0.,-1.));
#1738 = ( GEOMETRIC_REPRESENTATION_CONTEXT(2) 
PARAMETRIC_REPRESENTATION_CONTEXT() REPRESENTATION_CONTEXT('2D SPACE',''
  ) );
#1739 = PCURVE('',#1740,#1745);
#1740 = CYLINDRICAL_SURFACE('',#1741,4.2);
#1741 = AXIS2_PLACEMENT_3D('',#1742,#1743,#1744);
#1742 = CARTESIAN_POINT('',(22.,0.,0.));
#1743 = DIRECTION('',(-1.,-0.,-0.));
#1744 = DIRECTION('',(-0.,-0.,1.));
#1745 = DEFINITIONAL_REPRESENTATION('',(#1746),#1750);
#1746 = LINE('',#1747,#1748);
#1747 = CARTESIAN_POINT('',(-0.170169602069,0.));
#1748 = VECTOR('',#1749,1.);
#1749 = DIRECTION('',(-0.,1.));
#1750 = ( GEOMETRIC_REPRESENTATION_CONTEXT(2) 
PARAMETRIC_REPRESENTATION_CONTEXT() REPRESENTATION_CONTEXT('2D SPACE',''
  ) );
#1751 = ADVANCED_FACE('',(#1752),#230,.T.);
#1752 = FACE_BOUND('',#1753,.F.);
#1753 = EDGE_LOOP('',(#1754,#1777,#1803,#1804));
#1754 = ORIENTED_EDGE('',*,*,#1755,.T.);
#1755 = EDGE_CURVE('',#173,#1756,#1758,.T.);
#1756 = VERTEX_POINT('',#1757);
#1757 = CARTESIAN_POINT('',(16.5,-4.630682528137,7.483099579961));
#1758 = SURFACE_CURVE('',#1759,(#1763,#1770),.PCURVE_S1.);
#1759 = LINE('',#1760,#1761);
#1760 = CARTESIAN_POINT('',(20.869854187265,-4.630682528136,
    7.483099579961));
#1761 = VECTOR('',#1762,1.);
#1762 = DIRECTION('',(-1.,-2.459340384787E-14,-1.504059408878E-14));
#1763 = PCURVE('',#230,#1764);
#1764 = DEFINITIONAL_REPRESENTATION('',(#1765),#1769);
#1765 = LINE('',#1766,#1767);
#1766 = CARTESIAN_POINT('',(-0.554142037508,0.130145812735));
#1767 = VECTOR('',#1768,1.);
#1768 = DIRECTION('',(-0.,1.));
#1769 = ( GEOMETRIC_REPRESENTATION_CONTEXT(2) 
PARAMETRIC_REPRESENTATION_CONTEXT() REPRESENTATION_CONTEXT('2D SPACE',''
  ) );
#1770 = PCURVE('',#192,#1771);
#1771 = DEFINITIONAL_REPRESENTATION('',(#1772),#1776);
#1772 = LINE('',#1773,#1774);
#1773 = CARTESIAN_POINT('',(-8.8,-0.130145812735));
#1774 = VECTOR('',#1775,1.);
#1775 = DIRECTION('',(-1.515888860935E-16,-1.));
#1776 = ( GEOMETRIC_REPRESENTATION_CONTEXT(2) 
PARAMETRIC_REPRESENTATION_CONTEXT() REPRESENTATION_CONTEXT('2D SPACE',''
  ) );
#1777 = ORIENTED_EDGE('',*,*,#1778,.F.);
#1778 = EDGE_CURVE('',#1620,#1756,#1779,.T.);
#1779 = SURFACE_CURVE('',#1780,(#1785,#1792),.PCURVE_S1.);
#1780 = CIRCLE('',#1781,8.8);
#1781 = AXIS2_PLACEMENT_3D('',#1782,#1783,#1784);
#1782 = CARTESIAN_POINT('',(16.5,0.,0.));
#1783 = DIRECTION('',(1.,-0.,0.));
#1784 = DIRECTION('',(-0.,-0.,1.));
#1785 = PCURVE('',#230,#1786);
#1786 = DEFINITIONAL_REPRESENTATION('',(#1787),#1791);
#1787 = LINE('',#1788,#1789);
#1788 = CARTESIAN_POINT('',(-0.,4.5));
#1789 = VECTOR('',#1790,1.);
#1790 = DIRECTION('',(-1.,0.));
#1791 = ( GEOMETRIC_REPRESENTATION_CONTEXT(2) 
PARAMETRIC_REPRESENTATION_CONTEXT() REPRESENTATION_CONTEXT('2D SPACE',''
  ) );
#1792 = PCURVE('',#1658,#1793);
#1793 = DEFINITIONAL_REPRESENTATION('',(#1794),#1802);
#1794 = ( BOUNDED_CURVE() B_SPLINE_CURVE(2,(#1795,#1796,#1797,#1798,
#1799,#1800,#1801),.UNSPECIFIED.,.T.,.F.) B_SPLINE_CURVE_WITH_KNOTS((1,2
    ,2,2,2,1),(-2.094395102393,0.,2.094395102393,4.188790204786,
6.28318530718,8.377580409573),.UNSPECIFIED.) CURVE() 
GEOMETRIC_REPRESENTATION_ITEM() RATIONAL_B_SPLINE_CURVE((1.,0.5,1.,0.5,
1.,0.5,1.)) REPRESENTATION_ITEM('') );
#1795 = CARTESIAN_POINT('',(-8.8,0.));
#1796 = CARTESIAN_POINT('',(-8.8,15.242047106606));
#1797 = CARTESIAN_POINT('',(4.4,7.621023553303));
#1798 = CARTESIAN_POINT('',(17.6,2.155378366499E-15));
#1799 = CARTESIAN_POINT('',(4.4,-7.621023553303));
#1800 = CARTESIAN_POINT('',(-8.8,-15.2420471066));
#1801 = CARTESIAN_POINT('',(-8.8,0.));
#1802 = ( GEOMETRIC_REPRESENTATION_CONTEXT(2) 
PARAMETRIC_REPRESENTATION_CONTEXT() REPRESENTATION_CONTEXT('2D SPACE',''
  ) );
#1803 = ORIENTED_EDGE('',*,*,#1619,.F.);
#1804 = ORIENTED_EDGE('',*,*,#208,.T.);
#1805 = ADVANCED_FACE('',(#1806),#192,.T.);
#1806 = FACE_BOUND('',#1807,.F.);
#1807 = EDGE_LOOP('',(#1808,#1831,#1864,#1887,#1910,#1933,#1954,#1955));
#1808 = ORIENTED_EDGE('',*,*,#1809,.F.);
#1809 = EDGE_CURVE('',#1810,#124,#1812,.T.);
#1810 = VERTEX_POINT('',#1811);
#1811 = CARTESIAN_POINT('',(21.,-3.665033702849,5.922628466904));
#1812 = SURFACE_CURVE('',#1813,(#1817,#1824),.PCURVE_S1.);
#1813 = LINE('',#1814,#1815);
#1814 = CARTESIAN_POINT('',(31.5,0.,0.));
#1815 = VECTOR('',#1816,1.);
#1816 = DIRECTION('',(-0.833333333333,-0.290875690702,0.470049878326));
#1817 = PCURVE('',#192,#1818);
#1818 = DEFINITIONAL_REPRESENTATION('',(#1819),#1823);
#1819 = LINE('',#1820,#1821);
#1820 = CARTESIAN_POINT('',(-0.,10.5));
#1821 = VECTOR('',#1822,1.);
#1822 = DIRECTION('',(-0.552770798393,-0.833333333333));
#1823 = ( GEOMETRIC_REPRESENTATION_CONTEXT(2) 
PARAMETRIC_REPRESENTATION_CONTEXT() REPRESENTATION_CONTEXT('2D SPACE',''
  ) );
#1824 = PCURVE('',#160,#1825);
#1825 = DEFINITIONAL_REPRESENTATION('',(#1826),#1830);
#1826 = LINE('',#1827,#1828);
#1827 = CARTESIAN_POINT('',(-0.554142037508,0.));
#1828 = VECTOR('',#1829,1.);
#1829 = DIRECTION('',(-0.,1.));
#1830 = ( GEOMETRIC_REPRESENTATION_CONTEXT(2) 
PARAMETRIC_REPRESENTATION_CONTEXT() REPRESENTATION_CONTEXT('2D SPACE',''
  ) );
#1831 = ORIENTED_EDGE('',*,*,#1832,.F.);
#1832 = EDGE_CURVE('',#1833,#1810,#1835,.T.);
#1833 = VERTEX_POINT('',#1834);
#1834 = CARTESIAN_POINT('',(19.620606076066,-2.210098479338,
    3.571479344981));
#1835 = SURFACE_CURVE('',#1836,(#1841,#1852),.PCURVE_S1.);
#1836 = CIRCLE('',#1837,12.6);
#1837 = AXIS2_PLACEMENT_3D('',#1838,#1839,#1840);
#1838 = CARTESIAN_POINT('',(31.5,0.,0.));
#1839 = DIRECTION('',(-0.,0.850352224996,0.526213923652));
#1840 = DIRECTION('',(-0.,0.526213923652,-0.850352224996));
#1841 = PCURVE('',#192,#1842);
#1842 = DEFINITIONAL_REPRESENTATION('',(#1843),#1851);
#1843 = ( BOUNDED_CURVE() B_SPLINE_CURVE(2,(#1844,#1845,#1846,#1847,
#1848,#1849,#1850),.UNSPECIFIED.,.T.,.F.) B_SPLINE_CURVE_WITH_KNOTS((1,2
    ,2,2,2,1),(-2.094395102393,0.,2.094395102393,4.188790204786,
6.28318530718,8.377580409573),.UNSPECIFIED.) CURVE() 
GEOMETRIC_REPRESENTATION_ITEM() RATIONAL_B_SPLINE_CURVE((1.,0.5,1.,0.5,
1.,0.5,1.)) REPRESENTATION_ITEM('') );
#1844 = CARTESIAN_POINT('',(12.6,10.5));
#1845 = CARTESIAN_POINT('',(12.6,-11.32384017536));
#1846 = CARTESIAN_POINT('',(-6.3,-0.411920087684));
#1847 = CARTESIAN_POINT('',(-25.2,10.5));
#1848 = CARTESIAN_POINT('',(-6.3,21.411920087684));
#1849 = CARTESIAN_POINT('',(12.6,32.323840175368));
#1850 = CARTESIAN_POINT('',(12.6,10.5));
#1851 = ( GEOMETRIC_REPRESENTATION_CONTEXT(2) 
PARAMETRIC_REPRESENTATION_CONTEXT() REPRESENTATION_CONTEXT('2D SPACE',''
  ) );
#1852 = PCURVE('',#1599,#1853);
#1853 = DEFINITIONAL_REPRESENTATION('',(#1854),#1863);
#1854 = B_SPLINE_CURVE_WITH_KNOTS('',7,(#1855,#1856,#1857,#1858,#1859,
    #1860,#1861,#1862),.UNSPECIFIED.,.F.,.F.,(8,8),(1.570796326795,
    2.156481870252),.PIECEWISE_BEZIER_KNOTS.);
#1855 = CARTESIAN_POINT('',(-6.28318530718,2.402540553477E-15));
#1856 = CARTESIAN_POINT('',(-6.239157323201,7.114842928951E-02));
#1857 = CARTESIAN_POINT('',(-6.19512927774,0.142296878717));
#1858 = CARTESIAN_POINT('',(-6.150373583968,0.213219920725));
#1859 = CARTESIAN_POINT('',(-6.104160551668,0.283692891391));
#1860 = CARTESIAN_POINT('',(-6.055668343925,0.353453559399));
#1861 = CARTESIAN_POINT('',(-6.003871064588,0.422173391577));
#1862 = CARTESIAN_POINT('',(-5.947356324698,0.489347287558));
#1863 = ( GEOMETRIC_REPRESENTATION_CONTEXT(2) 
PARAMETRIC_REPRESENTATION_CONTEXT() REPRESENTATION_CONTEXT('2D SPACE',''
  ) );
#1864 = ORIENTED_EDGE('',*,*,#1865,.T.);
#1865 = EDGE_CURVE('',#1833,#1866,#1868,.T.);
#1866 = VERTEX_POINT('',#1867);
#1867 = CARTESIAN_POINT('',(18.5,-2.210098479338,3.571479344981));
#1868 = SURFACE_CURVE('',#1869,(#1873,#1880),.PCURVE_S1.);
#1869 = LINE('',#1870,#1871);
#1870 = CARTESIAN_POINT('',(22.,-2.210098479338,3.571479344981));
#1871 = VECTOR('',#1872,1.);
#1872 = DIRECTION('',(-1.,-0.,-0.));
#1873 = PCURVE('',#192,#1874);
#1874 = DEFINITIONAL_REPRESENTATION('',(#1875),#1879);
#1875 = LINE('',#1876,#1877);
#1876 = CARTESIAN_POINT('',(-4.2,1.));
#1877 = VECTOR('',#1878,1.);
#1878 = DIRECTION('',(-0.,-1.));
#1879 = ( GEOMETRIC_REPRESENTATION_CONTEXT(2) 
PARAMETRIC_REPRESENTATION_CONTEXT() REPRESENTATION_CONTEXT('2D SPACE',''
  ) );
#1880 = PCURVE('',#1740,#1881);
#1881 = DEFINITIONAL_REPRESENTATION('',(#1882),#1886);
#1882 = LINE('',#1883,#1884);
#1883 = CARTESIAN_POINT('',(-0.554142037508,0.));
#1884 = VECTOR('',#1885,1.);
#1885 = DIRECTION('',(-0.,1.));
#1886 = ( GEOMETRIC_REPRESENTATION_CONTEXT(2) 
PARAMETRIC_REPRESENTATION_CONTEXT() REPRESENTATION_CONTEXT('2D SPACE',''
  ) );
#1887 = ORIENTED_EDGE('',*,*,#1888,.F.);
#1888 = EDGE_CURVE('',#1889,#1866,#1891,.T.);
#1889 = VERTEX_POINT('',#1890);
#1890 = CARTESIAN_POINT('',(18.5,-1.894370125147,3.061268009984));
#1891 = SURFACE_CURVE('',#1892,(#1896,#1903),.PCURVE_S1.);
#1892 = LINE('',#1893,#1894);
#1893 = CARTESIAN_POINT('',(18.5,0.,0.));
#1894 = VECTOR('',#1895,1.);
#1895 = DIRECTION('',(-0.,-0.526213923652,0.850352224996));
#1896 = PCURVE('',#192,#1897);
#1897 = DEFINITIONAL_REPRESENTATION('',(#1898),#1902);
#1898 = LINE('',#1899,#1900);
#1899 = CARTESIAN_POINT('',(-0.,-2.5));
#1900 = VECTOR('',#1901,1.);
#1901 = DIRECTION('',(-1.,0.));
#1902 = ( GEOMETRIC_REPRESENTATION_CONTEXT(2) 
PARAMETRIC_REPRESENTATION_CONTEXT() REPRESENTATION_CONTEXT('2D SPACE',''
  ) );
#1903 = PCURVE('',#1714,#1904);
#1904 = DEFINITIONAL_REPRESENTATION('',(#1905),#1909);
#1905 = LINE('',#1906,#1907);
#1906 = CARTESIAN_POINT('',(-0.,-0.));
#1907 = VECTOR('',#1908,1.);
#1908 = DIRECTION('',(-0.850352224996,0.526213923652));
#1909 = ( GEOMETRIC_REPRESENTATION_CONTEXT(2) 
PARAMETRIC_REPRESENTATION_CONTEXT() REPRESENTATION_CONTEXT('2D SPACE',''
  ) );
#1910 = ORIENTED_EDGE('',*,*,#1911,.T.);
#1911 = EDGE_CURVE('',#1889,#1912,#1914,.T.);
#1912 = VERTEX_POINT('',#1913);
#1913 = CARTESIAN_POINT('',(16.5,-1.894370125147,3.061268009984));
#1914 = SURFACE_CURVE('',#1915,(#1919,#1926),.PCURVE_S1.);
#1915 = LINE('',#1916,#1917);
#1916 = CARTESIAN_POINT('',(18.5,-1.894370125147,3.061268009984));
#1917 = VECTOR('',#1918,1.);
#1918 = DIRECTION('',(-1.,-0.,-0.));
#1919 = PCURVE('',#192,#1920);
#1920 = DEFINITIONAL_REPRESENTATION('',(#1921),#1925);
#1921 = LINE('',#1922,#1923);
#1922 = CARTESIAN_POINT('',(-3.6,-2.5));
#1923 = VECTOR('',#1924,1.);
#1924 = DIRECTION('',(-0.,-1.));
#1925 = ( GEOMETRIC_REPRESENTATION_CONTEXT(2) 
PARAMETRIC_REPRESENTATION_CONTEXT() REPRESENTATION_CONTEXT('2D SPACE',''
  ) );
#1926 = PCURVE('',#1686,#1927);
#1927 = DEFINITIONAL_REPRESENTATION('',(#1928),#1932);
#1928 = LINE('',#1929,#1930);
#1929 = CARTESIAN_POINT('',(-0.554142037508,0.));
#1930 = VECTOR('',#1931,1.);
#1931 = DIRECTION('',(-0.,1.));
#1932 = ( GEOMETRIC_REPRESENTATION_CONTEXT(2) 
PARAMETRIC_REPRESENTATION_CONTEXT() REPRESENTATION_CONTEXT('2D SPACE',''
  ) );
#1933 = ORIENTED_EDGE('',*,*,#1934,.T.);
#1934 = EDGE_CURVE('',#1912,#1756,#1935,.T.);
#1935 = SURFACE_CURVE('',#1936,(#1940,#1947),.PCURVE_S1.);
#1936 = LINE('',#1937,#1938);
#1937 = CARTESIAN_POINT('',(16.5,0.,0.));
#1938 = VECTOR('',#1939,1.);
#1939 = DIRECTION('',(-0.,-0.526213923652,0.850352224996));
#1940 = PCURVE('',#192,#1941);
#1941 = DEFINITIONAL_REPRESENTATION('',(#1942),#1946);
#1942 = LINE('',#1943,#1944);
#1943 = CARTESIAN_POINT('',(-0.,-4.5));
#1944 = VECTOR('',#1945,1.);
#1945 = DIRECTION('',(-1.,0.));
#1946 = ( GEOMETRIC_REPRESENTATION_CONTEXT(2) 
PARAMETRIC_REPRESENTATION_CONTEXT() REPRESENTATION_CONTEXT('2D SPACE',''
  ) );
#1947 = PCURVE('',#1658,#1948);
#1948 = DEFINITIONAL_REPRESENTATION('',(#1949),#1953);
#1949 = LINE('',#1950,#1951);
#1950 = CARTESIAN_POINT('',(-0.,-0.));
#1951 = VECTOR('',#1952,1.);
#1952 = DIRECTION('',(-0.850352224996,0.526213923652));
#1953 = ( GEOMETRIC_REPRESENTATION_CONTEXT(2) 
PARAMETRIC_REPRESENTATION_CONTEXT() REPRESENTATION_CONTEXT('2D SPACE',''
  ) );
#1954 = ORIENTED_EDGE('',*,*,#1755,.F.);
#1955 = ORIENTED_EDGE('',*,*,#172,.F.);
#1956 = ADVANCED_FACE('',(#1957),#160,.F.);
#1957 = FACE_BOUND('',#1958,.T.);
#1958 = EDGE_LOOP('',(#1959,#1960,#1961,#2003));
#1959 = ORIENTED_EDGE('',*,*,#123,.F.);
#1960 = ORIENTED_EDGE('',*,*,#1809,.F.);
#1961 = ORIENTED_EDGE('',*,*,#1962,.T.);
#1962 = EDGE_CURVE('',#1810,#680,#1963,.T.);
#1963 = SURFACE_CURVE('',#1964,(#1969,#1976),.PCURVE_S1.);
#1964 = CIRCLE('',#1965,6.964912059746);
#1965 = AXIS2_PLACEMENT_3D('',#1966,#1967,#1968);
#1966 = CARTESIAN_POINT('',(21.,0.,0.));
#1967 = DIRECTION('',(1.,-0.,0.));
#1968 = DIRECTION('',(-0.,-0.,1.));
#1969 = PCURVE('',#160,#1970);
#1970 = DEFINITIONAL_REPRESENTATION('',(#1971),#1975);
#1971 = LINE('',#1972,#1973);
#1972 = CARTESIAN_POINT('',(-0.,10.5));
#1973 = VECTOR('',#1974,1.);
#1974 = DIRECTION('',(-1.,0.));
#1975 = ( GEOMETRIC_REPRESENTATION_CONTEXT(2) 
PARAMETRIC_REPRESENTATION_CONTEXT() REPRESENTATION_CONTEXT('2D SPACE',''
  ) );
#1976 = PCURVE('',#702,#1977);
#1977 = DEFINITIONAL_REPRESENTATION('',(#1978),#2002);
#1978 = B_SPLINE_CURVE_WITH_KNOTS('',8,(#1979,#1980,#1981,#1982,#1983,
    #1984,#1985,#1986,#1987,#1988,#1989,#1990,#1991,#1992,#1993,#1994,
    #1995,#1996,#1997,#1998,#1999,#2000,#2001),.UNSPECIFIED.,.F.,.F.,(9,
    7,7,9),(-8.881784197001E-15,0.392699081699,0.981747704247,
    1.570796326795),.UNSPECIFIED.);
#1979 = CARTESIAN_POINT('',(-6.28318530718,0.585685543457));
#1980 = CARTESIAN_POINT('',(-6.250624419442,0.585685543457));
#1981 = CARTESIAN_POINT('',(-6.218063614439,0.583858925812));
#1982 = CARTESIAN_POINT('',(-6.185727223658,0.58020548215));
#1983 = CARTESIAN_POINT('',(-6.153840884377,0.574747339988));
#1984 = CARTESIAN_POINT('',(-6.122615278849,0.567527959934));
#1985 = CARTESIAN_POINT('',(-6.092235182714,0.558609540982));
#1986 = CARTESIAN_POINT('',(-6.062853822616,0.548068833864));
#1987 = CARTESIAN_POINT('',(-5.99220062369,0.517875155433));
#1988 = CARTESIAN_POINT('',(-5.952329008913,0.496301341624));
#1989 = CARTESIAN_POINT('',(-5.915387950157,0.471559303502));
#1990 = CARTESIAN_POINT('',(-5.881629191618,0.443986410247));
#1991 = CARTESIAN_POINT('',(-5.851146468081,0.413932964104));
#1992 = CARTESIAN_POINT('',(-5.823942391216,0.38173460053));
#1993 = CARTESIAN_POINT('',(-5.799970556455,0.347707563844));
#1994 = CARTESIAN_POINT('',(-5.758358854796,0.276587296369));
#1995 = CARTESIAN_POINT('',(-5.740718994403,0.239494062637));
#1996 = CARTESIAN_POINT('',(-5.726178829477,0.201163412597));
#1997 = CARTESIAN_POINT('',(-5.714652290026,0.161870383599));
#1998 = CARTESIAN_POINT('',(-5.706062201799,0.121869850312));
#1999 = CARTESIAN_POINT('',(-5.700353931615,8.140221197913E-02));
#2000 = CARTESIAN_POINT('',(-5.697499763722,4.070110967219E-02));
#2001 = CARTESIAN_POINT('',(-5.697499763722,-6.084508022797E-14));
#2002 = ( GEOMETRIC_REPRESENTATION_CONTEXT(2) 
PARAMETRIC_REPRESENTATION_CONTEXT() REPRESENTATION_CONTEXT('2D SPACE',''
  ) );
#2003 = ORIENTED_EDGE('',*,*,#769,.T.);
#2004 = ADVANCED_FACE('',(#2005),#702,.F.);
#2005 = FACE_BOUND('',#2006,.T.);
#2006 = EDGE_LOOP('',(#2007,#2008,#2009,#2053,#2054,#2055,#2056,#2104));
#2007 = ORIENTED_EDGE('',*,*,#679,.F.);
#2008 = ORIENTED_EDGE('',*,*,#1962,.F.);
#2009 = ORIENTED_EDGE('',*,*,#2010,.T.);
#2010 = EDGE_CURVE('',#1810,#1511,#2011,.T.);
#2011 = SURFACE_CURVE('',#2012,(#2017,#2037),.PCURVE_S1.);
#2012 = CIRCLE('',#2013,6.964912059746);
#2013 = AXIS2_PLACEMENT_3D('',#2014,#2015,#2016);
#2014 = CARTESIAN_POINT('',(21.,0.,0.));
#2015 = DIRECTION('',(-1.,0.,0.));
#2016 = DIRECTION('',(-0.,-0.,-1.));
#2017 = PCURVE('',#702,#2018);
#2018 = DEFINITIONAL_REPRESENTATION('',(#2019),#2036);
#2019 = B_SPLINE_CURVE_WITH_KNOTS('',8,(#2020,#2021,#2022,#2023,#2024,
    #2025,#2026,#2027,#2028,#2029,#2030,#2031,#2032,#2033,#2034,#2035),
  .UNSPECIFIED.,.F.,.F.,(9,7,9),(2.587450616082,2.748893571891,
    2.97142305152),.UNSPECIFIED.);
#2020 = CARTESIAN_POINT('',(-5.947356324725,0.489347287451));
#2021 = CARTESIAN_POINT('',(-5.95750302286,0.49599776753));
#2022 = CARTESIAN_POINT('',(-5.967876675586,0.502427304263));
#2023 = CARTESIAN_POINT('',(-5.978473069325,0.508629088811));
#2024 = CARTESIAN_POINT('',(-5.989287228948,0.514596391274));
#2025 = CARTESIAN_POINT('',(-6.000313361084,0.52032260116));
#2026 = CARTESIAN_POINT('',(-6.01154480766,0.525801273484));
#2027 = CARTESIAN_POINT('',(-6.022974017,0.531026179816));
#2028 = CARTESIAN_POINT('',(-6.050607268135,0.542835262936));
#2029 = CARTESIAN_POINT('',(-6.066981663528,0.549185691303));
#2030 = CARTESIAN_POINT('',(-6.08369364902,0.555027085408));
#2031 = CARTESIAN_POINT('',(-6.100717856966,0.560344787691));
#2032 = CARTESIAN_POINT('',(-6.11802565174,0.565125382856));
#2033 = CARTESIAN_POINT('',(-6.135585325001,0.569356982808));
#2034 = CARTESIAN_POINT('',(-6.153362466734,0.573029458878));
#2035 = CARTESIAN_POINT('',(-6.171320512093,0.576134621335));
#2036 = ( GEOMETRIC_REPRESENTATION_CONTEXT(2) 
PARAMETRIC_REPRESENTATION_CONTEXT() REPRESENTATION_CONTEXT('2D SPACE',''
  ) );
#2037 = PCURVE('',#1599,#2038);
#2038 = DEFINITIONAL_REPRESENTATION('',(#2039),#2052);
#2039 = B_SPLINE_CURVE_WITH_KNOTS('',6,(#2040,#2041,#2042,#2043,#2044,
    #2045,#2046,#2047,#2048,#2049,#2050,#2051),.UNSPECIFIED.,.F.,.F.,(7,
    5,7),(2.414287987032,2.777940320311,3.14159265359),.UNSPECIFIED.);
#2040 = CARTESIAN_POINT('',(-5.86782638671,0.425638858109));
#2041 = CARTESIAN_POINT('',(-5.892967198646,0.4500955902));
#2042 = CARTESIAN_POINT('',(-5.920404609164,0.472879282098));
#2043 = CARTESIAN_POINT('',(-5.950110281729,0.493771159244));
#2044 = CARTESIAN_POINT('',(-5.982001359985,0.512545660859));
#2045 = CARTESIAN_POINT('',(-6.01589171326,0.528982922287));
#2046 = CARTESIAN_POINT('',(-6.087077324658,0.556818471139));
#2047 = CARTESIAN_POINT('',(-6.124372608856,0.568216690079));
#2048 = CARTESIAN_POINT('',(-6.163074751038,0.576913344403));
#2049 = CARTESIAN_POINT('',(-6.202778853214,0.582761586424));
#2050 = CARTESIAN_POINT('',(-6.242982029059,0.585685543457));
#2051 = CARTESIAN_POINT('',(-6.28318530718,0.585685543457));
#2052 = ( GEOMETRIC_REPRESENTATION_CONTEXT(2) 
PARAMETRIC_REPRESENTATION_CONTEXT() REPRESENTATION_CONTEXT('2D SPACE',''
  ) );
#2053 = ORIENTED_EDGE('',*,*,#1510,.F.);
#2054 = ORIENTED_EDGE('',*,*,#1361,.F.);
#2055 = ORIENTED_EDGE('',*,*,#1271,.F.);
#2056 = ORIENTED_EDGE('',*,*,#2057,.F.);
#2057 = EDGE_CURVE('',#818,#1212,#2058,.T.);
#2058 = SURFACE_CURVE('',#2059,(#2064,#2088),.PCURVE_S1.);
#2059 = CIRCLE('',#2060,6.964912059746);
#2060 = AXIS2_PLACEMENT_3D('',#2061,#2062,#2063);
#2061 = CARTESIAN_POINT('',(42.,0.,0.));
#2062 = DIRECTION('',(-1.,0.,0.));
#2063 = DIRECTION('',(-0.,-0.,-1.));
#2064 = PCURVE('',#702,#2065);
#2065 = DEFINITIONAL_REPRESENTATION('',(#2066),#2087);
#2066 = B_SPLINE_CURVE_WITH_KNOTS('',7,(#2067,#2068,#2069,#2070,#2071,
    #2072,#2073,#2074,#2075,#2076,#2077,#2078,#2079,#2080,#2081,#2082,
    #2083,#2084,#2085,#2086),.UNSPECIFIED.,.F.,.F.,(8,6,6,8),(
    1.570796326795,2.356194490192,2.748893571891,3.14159265359),
  .UNSPECIFIED.);
#2067 = CARTESIAN_POINT('',(-3.727278197047,-6.066729557977E-14));
#2068 = CARTESIAN_POINT('',(-3.727278197047,6.202073854812E-02));
#2069 = CARTESIAN_POINT('',(-3.720512786443,0.124041357322));
#2070 = CARTESIAN_POINT('',(-3.70698205856,0.18517722253));
#2071 = CARTESIAN_POINT('',(-3.68651105947,0.244539135033));
#2072 = CARTESIAN_POINT('',(-3.658758053378,0.301170840882));
#2073 = CARTESIAN_POINT('',(-3.623304582651,0.353928751564));
#2074 = CARTESIAN_POINT('',(-3.558600064091,0.425397228258));
#2075 = CARTESIAN_POINT('',(-3.535111039965,0.447942014398));
#2076 = CARTESIAN_POINT('',(-3.509703815245,0.469054113223));
#2077 = CARTESIAN_POINT('',(-3.482405857079,0.488573189876));
#2078 = CARTESIAN_POINT('',(-3.453289230222,0.506336771148));
#2079 = CARTESIAN_POINT('',(-3.422484022947,0.522188538066));
#2080 = CARTESIAN_POINT('',(-3.357886812501,0.549794186917));
#2081 = CARTESIAN_POINT('',(-3.324094766574,0.561547992336));
#2082 = CARTESIAN_POINT('',(-3.289003431128,0.571115940493));
#2083 = CARTESIAN_POINT('',(-3.252870721657,0.578378739482));
#2084 = CARTESIAN_POINT('',(-3.216017429535,0.583250053263));
#2085 = CARTESIAN_POINT('',(-3.178805096719,0.585685543457));
#2086 = CARTESIAN_POINT('',(-3.14159265359,0.585685543457));
#2087 = ( GEOMETRIC_REPRESENTATION_CONTEXT(2) 
PARAMETRIC_REPRESENTATION_CONTEXT() REPRESENTATION_CONTEXT('2D SPACE',''
  ) );
#2088 = PCURVE('',#959,#2089);
#2089 = DEFINITIONAL_REPRESENTATION('',(#2090),#2103);
#2090 = B_SPLINE_CURVE_WITH_KNOTS('',6,(#2091,#2092,#2093,#2094,#2095,
    #2096,#2097,#2098,#2099,#2100,#2101,#2102),.UNSPECIFIED.,.F.,.F.,(7,
    5,7),(2.414287987032,2.777940320311,3.14159265359),.UNSPECIFIED.);
#2091 = CARTESIAN_POINT('',(-3.55695157406,0.425638858109));
#2092 = CARTESIAN_POINT('',(-3.531810762124,0.4500955902));
#2093 = CARTESIAN_POINT('',(-3.504373351606,0.472879282098));
#2094 = CARTESIAN_POINT('',(-3.474667679041,0.493771159244));
#2095 = CARTESIAN_POINT('',(-3.442776600785,0.512545660859));
#2096 = CARTESIAN_POINT('',(-3.408886247509,0.528982922287));
#2097 = CARTESIAN_POINT('',(-3.337700636111,0.556818471139));
#2098 = CARTESIAN_POINT('',(-3.300405351913,0.568216690079));
#2099 = CARTESIAN_POINT('',(-3.261703209731,0.576913344403));
#2100 = CARTESIAN_POINT('',(-3.221999107555,0.582761586424));
#2101 = CARTESIAN_POINT('',(-3.181795931711,0.585685543457));
#2102 = CARTESIAN_POINT('',(-3.14159265359,0.585685543457));
#2103 = ( GEOMETRIC_REPRESENTATION_CONTEXT(2) 
PARAMETRIC_REPRESENTATION_CONTEXT() REPRESENTATION_CONTEXT('2D SPACE',''
  ) );
#2104 = ORIENTED_EDGE('',*,*,#817,.F.);
#2105 = ADVANCED_FACE('',(#2106,#2270,#2301),#900,.F.);
#2106 = FACE_BOUND('',#2107,.T.);
#2107 = EDGE_LOOP('',(#2108,#2109,#2131,#2132,#2155,#2188,#2216,#2249));
#2108 = ORIENTED_EDGE('',*,*,#882,.F.);
#2109 = ORIENTED_EDGE('',*,*,#2110,.F.);
#2110 = EDGE_CURVE('',#1113,#883,#2111,.T.);
#2111 = SURFACE_CURVE('',#2112,(#2117,#2124),.PCURVE_S1.);
#2112 = CIRCLE('',#2113,4.2);
#2113 = AXIS2_PLACEMENT_3D('',#2114,#2115,#2116);
#2114 = CARTESIAN_POINT('',(44.5,0.,0.));
#2115 = DIRECTION('',(1.,-0.,0.));
#2116 = DIRECTION('',(-0.,-0.169349503849,0.985556059058));
#2117 = PCURVE('',#900,#2118);
#2118 = DEFINITIONAL_REPRESENTATION('',(#2119),#2123);
#2119 = CIRCLE('',#2120,4.2);
#2120 = AXIS2_PLACEMENT_2D('',#2121,#2122);
#2121 = CARTESIAN_POINT('',(-3.586681300349,-4.809960212905));
#2122 = DIRECTION('',(0.985556059058,0.169349503849));
#2123 = ( GEOMETRIC_REPRESENTATION_CONTEXT(2) 
PARAMETRIC_REPRESENTATION_CONTEXT() REPRESENTATION_CONTEXT('2D SPACE',''
  ) );
#2124 = PCURVE('',#928,#2125);
#2125 = DEFINITIONAL_REPRESENTATION('',(#2126),#2130);
#2126 = LINE('',#2127,#2128);
#2127 = CARTESIAN_POINT('',(-0.170169602069,1.));
#2128 = VECTOR('',#2129,1.);
#2129 = DIRECTION('',(-1.,0.));
#2130 = ( GEOMETRIC_REPRESENTATION_CONTEXT(2) 
PARAMETRIC_REPRESENTATION_CONTEXT() REPRESENTATION_CONTEXT('2D SPACE',''
  ) );
#2131 = ORIENTED_EDGE('',*,*,#1137,.T.);
#2132 = ORIENTED_EDGE('',*,*,#2133,.T.);
#2133 = EDGE_CURVE('',#1138,#2134,#2136,.T.);
#2134 = VERTEX_POINT('',#2135);
#2135 = CARTESIAN_POINT('',(44.5,-0.582142974461,3.552620097518));
#2136 = SURFACE_CURVE('',#2137,(#2141,#2148),.PCURVE_S1.);
#2137 = LINE('',#2138,#2139);
#2138 = CARTESIAN_POINT('',(44.5,-8.125469883998,9.177512689408));
#2139 = VECTOR('',#2140,1.);
#2140 = DIRECTION('',(-0.,0.801660035484,-0.597780216725));
#2141 = PCURVE('',#900,#2142);
#2142 = DEFINITIONAL_REPRESENTATION('',(#2143),#2147);
#2143 = LINE('',#2144,#2145);
#2144 = CARTESIAN_POINT('',(5.590831389059,3.315509671093));
#2145 = VECTOR('',#2146,1.);
#2146 = DIRECTION('',(-0.597780216725,-0.801660035484));
#2147 = ( GEOMETRIC_REPRESENTATION_CONTEXT(2) 
PARAMETRIC_REPRESENTATION_CONTEXT() REPRESENTATION_CONTEXT('2D SPACE',''
  ) );
#2148 = PCURVE('',#1176,#2149);
#2149 = DEFINITIONAL_REPRESENTATION('',(#2150),#2154);
#2150 = LINE('',#2151,#2152);
#2151 = CARTESIAN_POINT('',(-0.,-2.));
#2152 = VECTOR('',#2153,1.);
#2153 = DIRECTION('',(-1.,0.));
#2154 = ( GEOMETRIC_REPRESENTATION_CONTEXT(2) 
PARAMETRIC_REPRESENTATION_CONTEXT() REPRESENTATION_CONTEXT('2D SPACE',''
  ) );
#2155 = ORIENTED_EDGE('',*,*,#2156,.T.);
#2156 = EDGE_CURVE('',#2134,#2157,#2159,.T.);
#2157 = VERTEX_POINT('',#2158);
#2158 = CARTESIAN_POINT('',(44.5,-3.571044058084,-0.455680079903));
#2159 = SURFACE_CURVE('',#2160,(#2165,#2176),.PCURVE_S1.);
#2160 = CIRCLE('',#2161,3.6);
#2161 = AXIS2_PLACEMENT_3D('',#2162,#2163,#2164);
#2162 = CARTESIAN_POINT('',(44.5,0.,0.));
#2163 = DIRECTION('',(-1.,0.,-0.));
#2164 = DIRECTION('',(-0.,-0.169349503849,0.985556059058));
#2165 = PCURVE('',#900,#2166);
#2166 = DEFINITIONAL_REPRESENTATION('',(#2167),#2175);
#2167 = ( BOUNDED_CURVE() B_SPLINE_CURVE(2,(#2168,#2169,#2170,#2171,
#2172,#2173,#2174),.UNSPECIFIED.,.T.,.F.) B_SPLINE_CURVE_WITH_KNOTS((1,2
    ,2,2,2,1),(-2.094395102393,0.,2.094395102393,4.188790204786,
6.28318530718,8.377580409573),.UNSPECIFIED.) CURVE() 
GEOMETRIC_REPRESENTATION_ITEM() RATIONAL_B_SPLINE_CURVE((1.,0.5,1.,0.5,
1.,0.5,1.)) REPRESENTATION_ITEM('') );
#2168 = CARTESIAN_POINT('',(-3.867948773945E-02,-4.200301999049));
#2169 = CARTESIAN_POINT('',(1.017279513912,-10.34562140383));
#2170 = CARTESIAN_POINT('',(-4.832702705827,-8.187449022226));
#2171 = CARTESIAN_POINT('',(-10.68268492556,-6.029276640618));
#2172 = CARTESIAN_POINT('',(-5.888661707479,-2.042129617441));
#2173 = CARTESIAN_POINT('',(-1.094638489391,1.945017405737));
#2174 = CARTESIAN_POINT('',(-3.867948773945E-02,-4.200301999049));
#2175 = ( GEOMETRIC_REPRESENTATION_CONTEXT(2) 
PARAMETRIC_REPRESENTATION_CONTEXT() REPRESENTATION_CONTEXT('2D SPACE',''
  ) );
#2176 = PCURVE('',#2177,#2182);
#2177 = CYLINDRICAL_SURFACE('',#2178,3.6);
#2178 = AXIS2_PLACEMENT_3D('',#2179,#2180,#2181);
#2179 = CARTESIAN_POINT('',(46.5,0.,0.));
#2180 = DIRECTION('',(-1.,-0.,-0.));
#2181 = DIRECTION('',(-0.,-0.,1.));
#2182 = DEFINITIONAL_REPRESENTATION('',(#2183),#2187);
#2183 = LINE('',#2184,#2185);
#2184 = CARTESIAN_POINT('',(-6.453354909249,2.));
#2185 = VECTOR('',#2186,1.);
#2186 = DIRECTION('',(1.,-0.));
#2187 = ( GEOMETRIC_REPRESENTATION_CONTEXT(2) 
PARAMETRIC_REPRESENTATION_CONTEXT() REPRESENTATION_CONTEXT('2D SPACE',''
  ) );
#2188 = ORIENTED_EDGE('',*,*,#2189,.T.);
#2189 = EDGE_CURVE('',#2157,#2190,#2192,.T.);
#2190 = VERTEX_POINT('',#2191);
#2191 = CARTESIAN_POINT('',(44.5,-11.11437096762,5.169212511987));
#2192 = SURFACE_CURVE('',#2193,(#2197,#2204),.PCURVE_S1.);
#2193 = LINE('',#2194,#2195);
#2194 = CARTESIAN_POINT('',(44.5,-1.494450541812,-2.00415008871));
#2195 = VECTOR('',#2196,1.);
#2196 = DIRECTION('',(-0.,-0.801660035484,0.597780216725));
#2197 = PCURVE('',#900,#2198);
#2198 = DEFINITIONAL_REPRESENTATION('',(#2199),#2203);
#2199 = LINE('',#2200,#2201);
#2200 = CARTESIAN_POINT('',(-5.590831389059,-3.315509671093));
#2201 = VECTOR('',#2202,1.);
#2202 = DIRECTION('',(0.597780216725,0.801660035484));
#2203 = ( GEOMETRIC_REPRESENTATION_CONTEXT(2) 
PARAMETRIC_REPRESENTATION_CONTEXT() REPRESENTATION_CONTEXT('2D SPACE',''
  ) );
#2204 = PCURVE('',#2205,#2210);
#2205 = PLANE('',#2206);
#2206 = AXIS2_PLACEMENT_3D('',#2207,#2208,#2209);
#2207 = CARTESIAN_POINT('',(46.5,-1.494450541812,-2.00415008871));
#2208 = DIRECTION('',(-0.,-0.597780216725,-0.801660035484));
#2209 = DIRECTION('',(0.,0.801660035484,-0.597780216725));
#2210 = DEFINITIONAL_REPRESENTATION('',(#2211),#2215);
#2211 = LINE('',#2212,#2213);
#2212 = CARTESIAN_POINT('',(-0.,-2.));
#2213 = VECTOR('',#2214,1.);
#2214 = DIRECTION('',(-1.,0.));
#2215 = ( GEOMETRIC_REPRESENTATION_CONTEXT(2) 
PARAMETRIC_REPRESENTATION_CONTEXT() REPRESENTATION_CONTEXT('2D SPACE',''
  ) );
#2216 = ORIENTED_EDGE('',*,*,#2217,.T.);
#2217 = EDGE_CURVE('',#2190,#2218,#2220,.T.);
#2218 = VERTEX_POINT('',#2219);
#2219 = CARTESIAN_POINT('',(44.5,-8.125469883998,9.177512689408));
#2220 = SURFACE_CURVE('',#2221,(#2226,#2237),.PCURVE_S1.);
#2221 = CIRCLE('',#2222,2.5);
#2222 = AXIS2_PLACEMENT_3D('',#2223,#2224,#2225);
#2223 = CARTESIAN_POINT('',(44.5,-9.61992042581,7.173362600697));
#2224 = DIRECTION('',(-1.,0.,0.));
#2225 = DIRECTION('',(-0.,-0.597780216725,-0.801660035484));
#2226 = PCURVE('',#900,#2227);
#2227 = DEFINITIONAL_REPRESENTATION('',(#2228),#2236);
#2228 = ( BOUNDED_CURVE() B_SPLINE_CURVE(2,(#2229,#2230,#2231,#2232,
#2233,#2234,#2235),.UNSPECIFIED.,.T.,.F.) B_SPLINE_CURVE_WITH_KNOTS((1,2
    ,2,2,2,1),(-2.094395102393,0.,2.094395102393,4.188790204786,
6.28318530718,8.377580409573),.UNSPECIFIED.) CURVE() 
GEOMETRIC_REPRESENTATION_ITEM() RATIONAL_B_SPLINE_CURVE((1.,0.5,1.,0.5,
1.,0.5,1.)) REPRESENTATION_ITEM('') );
#2229 = CARTESIAN_POINT('',(1.582531211638,6.304410754717));
#2230 = CARTESIAN_POINT('',(4.170995479455,9.775700534357));
#2231 = CARTESIAN_POINT('',(5.882988478612,5.798379831819));
#2232 = CARTESIAN_POINT('',(7.594981477769,1.821059129281));
#2233 = CARTESIAN_POINT('',(3.294524210795,2.327090052179));
#2234 = CARTESIAN_POINT('',(-1.005933056179,2.833120975077));
#2235 = CARTESIAN_POINT('',(1.582531211638,6.304410754717));
#2236 = ( GEOMETRIC_REPRESENTATION_CONTEXT(2) 
PARAMETRIC_REPRESENTATION_CONTEXT() REPRESENTATION_CONTEXT('2D SPACE',''
  ) );
#2237 = PCURVE('',#2238,#2243);
#2238 = CYLINDRICAL_SURFACE('',#2239,2.5);
#2239 = AXIS2_PLACEMENT_3D('',#2240,#2241,#2242);
#2240 = CARTESIAN_POINT('',(46.5,-9.61992042581,7.173362600697));
#2241 = DIRECTION('',(1.,-0.,-0.));
#2242 = DIRECTION('',(-0.,-0.597780216725,-0.801660035484));
#2243 = DEFINITIONAL_REPRESENTATION('',(#2244),#2248);
#2244 = LINE('',#2245,#2246);
#2245 = CARTESIAN_POINT('',(-0.,-2.));
#2246 = VECTOR('',#2247,1.);
#2247 = DIRECTION('',(-1.,0.));
#2248 = ( GEOMETRIC_REPRESENTATION_CONTEXT(2) 
PARAMETRIC_REPRESENTATION_CONTEXT() REPRESENTATION_CONTEXT('2D SPACE',''
  ) );
#2249 = ORIENTED_EDGE('',*,*,#2250,.T.);
#2250 = EDGE_CURVE('',#2218,#885,#2251,.T.);
#2251 = SURFACE_CURVE('',#2252,(#2256,#2263),.PCURVE_S1.);
#2252 = LINE('',#2253,#2254);
#2253 = CARTESIAN_POINT('',(44.5,-8.125469883998,9.177512689408));
#2254 = VECTOR('',#2255,1.);
#2255 = DIRECTION('',(-0.,0.801660035484,-0.597780216725));
#2256 = PCURVE('',#900,#2257);
#2257 = DEFINITIONAL_REPRESENTATION('',(#2258),#2262);
#2258 = LINE('',#2259,#2260);
#2259 = CARTESIAN_POINT('',(5.590831389059,3.315509671093));
#2260 = VECTOR('',#2261,1.);
#2261 = DIRECTION('',(-0.597780216725,-0.801660035484));
#2262 = ( GEOMETRIC_REPRESENTATION_CONTEXT(2) 
PARAMETRIC_REPRESENTATION_CONTEXT() REPRESENTATION_CONTEXT('2D SPACE',''
  ) );
#2263 = PCURVE('',#1043,#2264);
#2264 = DEFINITIONAL_REPRESENTATION('',(#2265),#2269);
#2265 = LINE('',#2266,#2267);
#2266 = CARTESIAN_POINT('',(-0.,-2.));
#2267 = VECTOR('',#2268,1.);
#2268 = DIRECTION('',(-1.,0.));
#2269 = ( GEOMETRIC_REPRESENTATION_CONTEXT(2) 
PARAMETRIC_REPRESENTATION_CONTEXT() REPRESENTATION_CONTEXT('2D SPACE',''
  ) );
#2270 = FACE_BOUND('',#2271,.T.);
#2271 = EDGE_LOOP('',(#2272));
#2272 = ORIENTED_EDGE('',*,*,#2273,.T.);
#2273 = EDGE_CURVE('',#2274,#2274,#2276,.T.);
#2274 = VERTEX_POINT('',#2275);
#2275 = CARTESIAN_POINT('',(44.5,2.755455298082E-16,1.125));
#2276 = SURFACE_CURVE('',#2277,(#2282,#2289),.PCURVE_S1.);
#2277 = CIRCLE('',#2278,1.125);
#2278 = AXIS2_PLACEMENT_3D('',#2279,#2280,#2281);
#2279 = CARTESIAN_POINT('',(44.5,0.,0.));
#2280 = DIRECTION('',(1.,-0.,0.));
#2281 = DIRECTION('',(-0.,-0.,1.));
#2282 = PCURVE('',#900,#2283);
#2283 = DEFINITIONAL_REPRESENTATION('',(#2284),#2288);
#2284 = CIRCLE('',#2285,1.125);
#2285 = AXIS2_PLACEMENT_2D('',#2286,#2287);
#2286 = CARTESIAN_POINT('',(-3.586681300349,-4.809960212905));
#2287 = DIRECTION('',(1.,-0.));
#2288 = ( GEOMETRIC_REPRESENTATION_CONTEXT(2) 
PARAMETRIC_REPRESENTATION_CONTEXT() REPRESENTATION_CONTEXT('2D SPACE',''
  ) );
#2289 = PCURVE('',#2290,#2295);
#2290 = CYLINDRICAL_SURFACE('',#2291,1.125);
#2291 = AXIS2_PLACEMENT_3D('',#2292,#2293,#2294);
#2292 = CARTESIAN_POINT('',(61.5,0.,0.));
#2293 = DIRECTION('',(-1.,-0.,-0.));
#2294 = DIRECTION('',(-0.,-0.,1.));
#2295 = DEFINITIONAL_REPRESENTATION('',(#2296),#2300);
#2296 = LINE('',#2297,#2298);
#2297 = CARTESIAN_POINT('',(-0.,17.));
#2298 = VECTOR('',#2299,1.);
#2299 = DIRECTION('',(-1.,0.));
#2300 = ( GEOMETRIC_REPRESENTATION_CONTEXT(2) 
PARAMETRIC_REPRESENTATION_CONTEXT() REPRESENTATION_CONTEXT('2D SPACE',''
  ) );
#2301 = FACE_BOUND('',#2302,.T.);
#2302 = EDGE_LOOP('',(#2303));
#2303 = ORIENTED_EDGE('',*,*,#2304,.T.);
#2304 = EDGE_CURVE('',#2305,#2305,#2307,.T.);
#2305 = VERTEX_POINT('',#2306);
#2306 = CARTESIAN_POINT('',(44.5,-9.61992042581,8.273362600697));
#2307 = SURFACE_CURVE('',#2308,(#2313,#2320),.PCURVE_S1.);
#2308 = CIRCLE('',#2309,1.1);
#2309 = AXIS2_PLACEMENT_3D('',#2310,#2311,#2312);
#2310 = CARTESIAN_POINT('',(44.5,-9.61992042581,7.173362600697));
#2311 = DIRECTION('',(1.,-0.,0.));
#2312 = DIRECTION('',(-0.,-0.,1.));
#2313 = PCURVE('',#900,#2314);
#2314 = DEFINITIONAL_REPRESENTATION('',(#2315),#2319);
#2315 = CIRCLE('',#2316,1.1);
#2316 = AXIS2_PLACEMENT_2D('',#2317,#2318);
#2317 = CARTESIAN_POINT('',(3.586681300349,4.809960212905));
#2318 = DIRECTION('',(1.,-0.));
#2319 = ( GEOMETRIC_REPRESENTATION_CONTEXT(2) 
PARAMETRIC_REPRESENTATION_CONTEXT() REPRESENTATION_CONTEXT('2D SPACE',''
  ) );
#2320 = PCURVE('',#2321,#2326);
#2321 = CYLINDRICAL_SURFACE('',#2322,1.1);
#2322 = AXIS2_PLACEMENT_3D('',#2323,#2324,#2325);
#2323 = CARTESIAN_POINT('',(47.5,-9.61992042581,7.173362600697));
#2324 = DIRECTION('',(-1.,-0.,-0.));
#2325 = DIRECTION('',(-0.,-0.,1.));
#2326 = DEFINITIONAL_REPRESENTATION('',(#2327),#2331);
#2327 = LINE('',#2328,#2329);
#2328 = CARTESIAN_POINT('',(-0.,3.));
#2329 = VECTOR('',#2330,1.);
#2330 = DIRECTION('',(-1.,0.));
#2331 = ( GEOMETRIC_REPRESENTATION_CONTEXT(2) 
PARAMETRIC_REPRESENTATION_CONTEXT() REPRESENTATION_CONTEXT('2D SPACE',''
  ) );
#2332 = ADVANCED_FACE('',(#2333),#928,.F.);
#2333 = FACE_BOUND('',#2334,.T.);
#2334 = EDGE_LOOP('',(#2335,#2405,#2406,#2407));
#2335 = ORIENTED_EDGE('',*,*,#2336,.F.);
#2336 = EDGE_CURVE('',#1115,#913,#2337,.T.);
#2337 = SURFACE_CURVE('',#2338,(#2343,#2350),.PCURVE_S1.);
#2338 = CIRCLE('',#2339,4.2);
#2339 = AXIS2_PLACEMENT_3D('',#2340,#2341,#2342);
#2340 = CARTESIAN_POINT('',(43.379393923934,0.,0.));
#2341 = DIRECTION('',(1.,-0.,0.));
#2342 = DIRECTION('',(-0.,-0.,1.));
#2343 = PCURVE('',#928,#2344);
#2344 = DEFINITIONAL_REPRESENTATION('',(#2345),#2349);
#2345 = LINE('',#2346,#2347);
#2346 = CARTESIAN_POINT('',(-0.,2.120606076066));
#2347 = VECTOR('',#2348,1.);
#2348 = DIRECTION('',(-1.,0.));
#2349 = ( GEOMETRIC_REPRESENTATION_CONTEXT(2) 
PARAMETRIC_REPRESENTATION_CONTEXT() REPRESENTATION_CONTEXT('2D SPACE',''
  ) );
#2350 = PCURVE('',#959,#2351);
#2351 = DEFINITIONAL_REPRESENTATION('',(#2352),#2404);
#2352 = B_SPLINE_CURVE_WITH_KNOTS('',8,(#2353,#2354,#2355,#2356,#2357,
    #2358,#2359,#2360,#2361,#2362,#2363,#2364,#2365,#2366,#2367,#2368,
    #2369,#2370,#2371,#2372,#2373,#2374,#2375,#2376,#2377,#2378,#2379,
    #2380,#2381,#2382,#2383,#2384,#2385,#2386,#2387,#2388,#2389,#2390,
    #2391,#2392,#2393,#2394,#2395,#2396,#2397,#2398,#2399,#2400,#2401,
    #2402,#2403),.UNSPECIFIED.,.T.,.F.,(9,7,7,7,7,7,7,9),(0.,
    0.785398163397,1.47262155637,2.675262494073,3.577243197349,
    4.253728724807,5.268457015993,6.28318530718),.UNSPECIFIED.);
#2353 = CARTESIAN_POINT('',(-3.14159265359,0.339836909454));
#2354 = CARTESIAN_POINT('',(-3.176302676544,0.339836909454));
#2355 = CARTESIAN_POINT('',(-3.211012694612,0.335942445197));
#2356 = CARTESIAN_POINT('',(-3.245085515719,0.328153596884));
#2357 = CARTESIAN_POINT('',(-3.277883806799,0.316580121126));
#2358 = CARTESIAN_POINT('',(-3.308831284588,0.301443227162));
#2359 = CARTESIAN_POINT('',(-3.337474707844,0.2830484684));
#2360 = CARTESIAN_POINT('',(-3.363471370734,0.261752004138));
#2361 = CARTESIAN_POINT('',(-3.406783769451,0.217106605436));
#2362 = CARTESIAN_POINT('',(-3.424778433555,0.19434698739));
#2363 = CARTESIAN_POINT('',(-3.440387676399,0.169921632407));
#2364 = CARTESIAN_POINT('',(-3.453498406702,0.144108128926));
#2365 = CARTESIAN_POINT('',(-3.464040358176,0.117190963386));
#2366 = CARTESIAN_POINT('',(-3.47197145214,8.945617733405E-02));
#2367 = CARTESIAN_POINT('',(-3.477266494154,6.118984373424E-02));
#2368 = CARTESIAN_POINT('',(-3.484551149402,-1.72171881397E-02));
#2369 = CARTESIAN_POINT('',(-3.481083151012,-6.786375531945E-02));
#2370 = CARTESIAN_POINT('',(-3.469457482111,-0.117728600299));
#2371 = CARTESIAN_POINT('',(-3.449756290127,-0.165273574568));
#2372 = CARTESIAN_POINT('',(-3.422160703094,-0.208977773483));
#2373 = CARTESIAN_POINT('',(-3.387060898116,-0.247268478093));
#2374 = CARTESIAN_POINT('',(-3.345539844801,-0.278725510968));
#2375 = CARTESIAN_POINT('',(-3.264506858812,-0.320026212466));
#2376 = CARTESIAN_POINT('',(-3.227087656856,-0.333307099115));
#2377 = CARTESIAN_POINT('',(-3.187669659186,-0.341736488197));
#2378 = CARTESIAN_POINT('',(-3.147117883915,-0.345006718409));
#2379 = CARTESIAN_POINT('',(-3.106459868464,-0.342984892926));
#2380 = CARTESIAN_POINT('',(-3.066736283587,-0.335768296041));
#2381 = CARTESIAN_POINT('',(-3.028837586898,-0.323635952455));
#2382 = CARTESIAN_POINT('',(-2.966971538141,-0.294519916419));
#2383 = CARTESIAN_POINT('',(-2.941889968716,-0.279507345665));
#2384 = CARTESIAN_POINT('',(-2.918545002249,-0.262133512083));
#2385 = CARTESIAN_POINT('',(-2.897186186018,-0.242613276801));
#2386 = CARTESIAN_POINT('',(-2.877999625636,-0.221189878298));
#2387 = CARTESIAN_POINT('',(-2.861116861633,-0.198122435));
#2388 = CARTESIAN_POINT('',(-2.84663006318,-0.173676965861));
#2389 = CARTESIAN_POINT('',(-2.816560260375,-0.109793219459));
#2390 = CARTESIAN_POINT('',(-2.804050866313,-6.896987979311E-02));
#2391 = CARTESIAN_POINT('',(-2.7972864194,-2.656433148185E-02));
#2392 = CARTESIAN_POINT('',(-2.796332166532,1.64939444407E-02));
#2393 = CARTESIAN_POINT('',(-2.80118861773,5.928786988943E-02));
#2394 = CARTESIAN_POINT('',(-2.811834621625,0.100897590519));
#2395 = CARTESIAN_POINT('',(-2.828159905422,0.140391604613));
#2396 = CARTESIAN_POINT('',(-2.871587022605,0.213350366969));
#2397 = CARTESIAN_POINT('',(-2.898688722524,0.246815156027));
#2398 = CARTESIAN_POINT('',(-2.930888967649,0.276365973248));
#2399 = CARTESIAN_POINT('',(-2.967711034917,0.301137639678));
#2400 = CARTESIAN_POINT('',(-3.008431042043,0.320334929255));
#2401 = CARTESIAN_POINT('',(-3.051902614585,0.333336049774));
#2402 = CARTESIAN_POINT('',(-3.096747575105,0.339836909454));
#2403 = CARTESIAN_POINT('',(-3.14159265359,0.339836909454));
#2404 = ( GEOMETRIC_REPRESENTATION_CONTEXT(2) 
PARAMETRIC_REPRESENTATION_CONTEXT() REPRESENTATION_CONTEXT('2D SPACE',''
  ) );
#2405 = ORIENTED_EDGE('',*,*,#1112,.F.);
#2406 = ORIENTED_EDGE('',*,*,#2110,.T.);
#2407 = ORIENTED_EDGE('',*,*,#912,.T.);
#2408 = ADVANCED_FACE('',(#2409),#959,.F.);
#2409 = FACE_BOUND('',#2410,.T.);
#2410 = EDGE_LOOP('',(#2411,#2412,#2413,#2414));
#2411 = ORIENTED_EDGE('',*,*,#940,.F.);
#2412 = ORIENTED_EDGE('',*,*,#2057,.T.);
#2413 = ORIENTED_EDGE('',*,*,#1234,.F.);
#2414 = ORIENTED_EDGE('',*,*,#2336,.T.);
#2415 = ADVANCED_FACE('',(#2416,#2540,#2570),#1017,.F.);
#2416 = FACE_BOUND('',#2417,.T.);
#2417 = EDGE_LOOP('',(#2418,#2419,#2442,#2466,#2489,#2517,#2538,#2539));
#2418 = ORIENTED_EDGE('',*,*,#1001,.F.);
#2419 = ORIENTED_EDGE('',*,*,#2420,.F.);
#2420 = EDGE_CURVE('',#2421,#1002,#2423,.T.);
#2421 = VERTEX_POINT('',#2422);
#2422 = CARTESIAN_POINT('',(46.5,-8.125469883998,9.177512689408));
#2423 = SURFACE_CURVE('',#2424,(#2428,#2435),.PCURVE_S1.);
#2424 = LINE('',#2425,#2426);
#2425 = CARTESIAN_POINT('',(46.5,-8.125469883998,9.177512689408));
#2426 = VECTOR('',#2427,1.);
#2427 = DIRECTION('',(-0.,0.801660035484,-0.597780216725));
#2428 = PCURVE('',#1017,#2429);
#2429 = DEFINITIONAL_REPRESENTATION('',(#2430),#2434);
#2430 = LINE('',#2431,#2432);
#2431 = CARTESIAN_POINT('',(-9.177512689408,8.125469883998));
#2432 = VECTOR('',#2433,1.);
#2433 = DIRECTION('',(0.597780216725,-0.801660035484));
#2434 = ( GEOMETRIC_REPRESENTATION_CONTEXT(2) 
PARAMETRIC_REPRESENTATION_CONTEXT() REPRESENTATION_CONTEXT('2D SPACE',''
  ) );
#2435 = PCURVE('',#1043,#2436);
#2436 = DEFINITIONAL_REPRESENTATION('',(#2437),#2441);
#2437 = LINE('',#2438,#2439);
#2438 = CARTESIAN_POINT('',(-0.,0.));
#2439 = VECTOR('',#2440,1.);
#2440 = DIRECTION('',(-1.,0.));
#2441 = ( GEOMETRIC_REPRESENTATION_CONTEXT(2) 
PARAMETRIC_REPRESENTATION_CONTEXT() REPRESENTATION_CONTEXT('2D SPACE',''
  ) );
#2442 = ORIENTED_EDGE('',*,*,#2443,.F.);
#2443 = EDGE_CURVE('',#2444,#2421,#2446,.T.);
#2444 = VERTEX_POINT('',#2445);
#2445 = CARTESIAN_POINT('',(46.5,-11.11437096762,5.169212511987));
#2446 = SURFACE_CURVE('',#2447,(#2452,#2459),.PCURVE_S1.);
#2447 = CIRCLE('',#2448,2.5);
#2448 = AXIS2_PLACEMENT_3D('',#2449,#2450,#2451);
#2449 = CARTESIAN_POINT('',(46.5,-9.61992042581,7.173362600697));
#2450 = DIRECTION('',(-1.,0.,0.));
#2451 = DIRECTION('',(-0.,-0.597780216725,-0.801660035484));
#2452 = PCURVE('',#1017,#2453);
#2453 = DEFINITIONAL_REPRESENTATION('',(#2454),#2458);
#2454 = CIRCLE('',#2455,2.5);
#2455 = AXIS2_PLACEMENT_2D('',#2456,#2457);
#2456 = CARTESIAN_POINT('',(-7.173362600697,9.61992042581));
#2457 = DIRECTION('',(0.801660035484,0.597780216725));
#2458 = ( GEOMETRIC_REPRESENTATION_CONTEXT(2) 
PARAMETRIC_REPRESENTATION_CONTEXT() REPRESENTATION_CONTEXT('2D SPACE',''
  ) );
#2459 = PCURVE('',#2238,#2460);
#2460 = DEFINITIONAL_REPRESENTATION('',(#2461),#2465);
#2461 = LINE('',#2462,#2463);
#2462 = CARTESIAN_POINT('',(-0.,0.));
#2463 = VECTOR('',#2464,1.);
#2464 = DIRECTION('',(-1.,0.));
#2465 = ( GEOMETRIC_REPRESENTATION_CONTEXT(2) 
PARAMETRIC_REPRESENTATION_CONTEXT() REPRESENTATION_CONTEXT('2D SPACE',''
  ) );
#2466 = ORIENTED_EDGE('',*,*,#2467,.F.);
#2467 = EDGE_CURVE('',#2468,#2444,#2470,.T.);
#2468 = VERTEX_POINT('',#2469);
#2469 = CARTESIAN_POINT('',(46.5,-3.571044058084,-0.455680079903));
#2470 = SURFACE_CURVE('',#2471,(#2475,#2482),.PCURVE_S1.);
#2471 = LINE('',#2472,#2473);
#2472 = CARTESIAN_POINT('',(46.5,-1.494450541812,-2.00415008871));
#2473 = VECTOR('',#2474,1.);
#2474 = DIRECTION('',(-0.,-0.801660035484,0.597780216725));
#2475 = PCURVE('',#1017,#2476);
#2476 = DEFINITIONAL_REPRESENTATION('',(#2477),#2481);
#2477 = LINE('',#2478,#2479);
#2478 = CARTESIAN_POINT('',(2.00415008871,1.494450541812));
#2479 = VECTOR('',#2480,1.);
#2480 = DIRECTION('',(-0.597780216725,0.801660035484));
#2481 = ( GEOMETRIC_REPRESENTATION_CONTEXT(2) 
PARAMETRIC_REPRESENTATION_CONTEXT() REPRESENTATION_CONTEXT('2D SPACE',''
  ) );
#2482 = PCURVE('',#2205,#2483);
#2483 = DEFINITIONAL_REPRESENTATION('',(#2484),#2488);
#2484 = LINE('',#2485,#2486);
#2485 = CARTESIAN_POINT('',(-0.,0.));
#2486 = VECTOR('',#2487,1.);
#2487 = DIRECTION('',(-1.,0.));
#2488 = ( GEOMETRIC_REPRESENTATION_CONTEXT(2) 
PARAMETRIC_REPRESENTATION_CONTEXT() REPRESENTATION_CONTEXT('2D SPACE',''
  ) );
#2489 = ORIENTED_EDGE('',*,*,#2490,.T.);
#2490 = EDGE_CURVE('',#2468,#2491,#2493,.T.);
#2491 = VERTEX_POINT('',#2492);
#2492 = CARTESIAN_POINT('',(46.5,-0.582142974461,3.552620097518));
#2493 = SURFACE_CURVE('',#2494,(#2499,#2510),.PCURVE_S1.);
#2494 = CIRCLE('',#2495,3.6);
#2495 = AXIS2_PLACEMENT_3D('',#2496,#2497,#2498);
#2496 = CARTESIAN_POINT('',(46.5,0.,0.));
#2497 = DIRECTION('',(1.,-0.,0.));
#2498 = DIRECTION('',(-0.,-0.526213923652,0.850352224996));
#2499 = PCURVE('',#1017,#2500);
#2500 = DEFINITIONAL_REPRESENTATION('',(#2501),#2509);
#2501 = ( BOUNDED_CURVE() B_SPLINE_CURVE(2,(#2502,#2503,#2504,#2505,
#2506,#2507,#2508),.UNSPECIFIED.,.T.,.F.) B_SPLINE_CURVE_WITH_KNOTS((1,2
    ,2,2,2,1),(-2.094395102393,0.,2.094395102393,4.188790204786,
6.28318530718,8.377580409573),.UNSPECIFIED.) CURVE() 
GEOMETRIC_REPRESENTATION_ITEM() RATIONAL_B_SPLINE_CURVE((1.,0.5,1.,0.5,
1.,0.5,1.)) REPRESENTATION_ITEM('') );
#2502 = CARTESIAN_POINT('',(-3.061268009984,1.894370125147));
#2503 = CARTESIAN_POINT('',(0.219877295111,7.196641854024));
#2504 = CARTESIAN_POINT('',(3.171206657539,1.703950801865));
#2505 = CARTESIAN_POINT('',(6.122536019968,-3.788740250294));
#2506 = CARTESIAN_POINT('',(-0.109938647555,-3.598320927012));
#2507 = CARTESIAN_POINT('',(-6.342413315079,-3.407901603731));
#2508 = CARTESIAN_POINT('',(-3.061268009984,1.894370125147));
#2509 = ( GEOMETRIC_REPRESENTATION_CONTEXT(2) 
PARAMETRIC_REPRESENTATION_CONTEXT() REPRESENTATION_CONTEXT('2D SPACE',''
  ) );
#2510 = PCURVE('',#2177,#2511);
#2511 = DEFINITIONAL_REPRESENTATION('',(#2512),#2516);
#2512 = LINE('',#2513,#2514);
#2513 = CARTESIAN_POINT('',(-0.554142037508,0.));
#2514 = VECTOR('',#2515,1.);
#2515 = DIRECTION('',(-1.,0.));
#2516 = ( GEOMETRIC_REPRESENTATION_CONTEXT(2) 
PARAMETRIC_REPRESENTATION_CONTEXT() REPRESENTATION_CONTEXT('2D SPACE',''
  ) );
#2517 = ORIENTED_EDGE('',*,*,#2518,.F.);
#2518 = EDGE_CURVE('',#1161,#2491,#2519,.T.);
#2519 = SURFACE_CURVE('',#2520,(#2524,#2531),.PCURVE_S1.);
#2520 = LINE('',#2521,#2522);
#2521 = CARTESIAN_POINT('',(46.5,-8.125469883998,9.177512689408));
#2522 = VECTOR('',#2523,1.);
#2523 = DIRECTION('',(-0.,0.801660035484,-0.597780216725));
#2524 = PCURVE('',#1017,#2525);
#2525 = DEFINITIONAL_REPRESENTATION('',(#2526),#2530);
#2526 = LINE('',#2527,#2528);
#2527 = CARTESIAN_POINT('',(-9.177512689408,8.125469883998));
#2528 = VECTOR('',#2529,1.);
#2529 = DIRECTION('',(0.597780216725,-0.801660035484));
#2530 = ( GEOMETRIC_REPRESENTATION_CONTEXT(2) 
PARAMETRIC_REPRESENTATION_CONTEXT() REPRESENTATION_CONTEXT('2D SPACE',''
  ) );
#2531 = PCURVE('',#1176,#2532);
#2532 = DEFINITIONAL_REPRESENTATION('',(#2533),#2537);
#2533 = LINE('',#2534,#2535);
#2534 = CARTESIAN_POINT('',(-0.,0.));
#2535 = VECTOR('',#2536,1.);
#2536 = DIRECTION('',(-1.,0.));
#2537 = ( GEOMETRIC_REPRESENTATION_CONTEXT(2) 
PARAMETRIC_REPRESENTATION_CONTEXT() REPRESENTATION_CONTEXT('2D SPACE',''
  ) );
#2538 = ORIENTED_EDGE('',*,*,#1188,.F.);
#2539 = ORIENTED_EDGE('',*,*,#1082,.T.);
#2540 = FACE_BOUND('',#2541,.T.);
#2541 = EDGE_LOOP('',(#2542));
#2542 = ORIENTED_EDGE('',*,*,#2543,.F.);
#2543 = EDGE_CURVE('',#2544,#2544,#2546,.T.);
#2544 = VERTEX_POINT('',#2545);
#2545 = CARTESIAN_POINT('',(46.5,2.755455298082E-16,1.125));
#2546 = SURFACE_CURVE('',#2547,(#2552,#2563),.PCURVE_S1.);
#2547 = CIRCLE('',#2548,1.125);
#2548 = AXIS2_PLACEMENT_3D('',#2549,#2550,#2551);
#2549 = CARTESIAN_POINT('',(46.5,0.,0.));
#2550 = DIRECTION('',(1.,-0.,0.));
#2551 = DIRECTION('',(-0.,-0.,1.));
#2552 = PCURVE('',#1017,#2553);
#2553 = DEFINITIONAL_REPRESENTATION('',(#2554),#2562);
#2554 = ( BOUNDED_CURVE() B_SPLINE_CURVE(2,(#2555,#2556,#2557,#2558,
#2559,#2560,#2561),.UNSPECIFIED.,.T.,.F.) B_SPLINE_CURVE_WITH_KNOTS((1,2
    ,2,2,2,1),(-2.094395102393,0.,2.094395102393,4.188790204786,
6.28318530718,8.377580409573),.UNSPECIFIED.) CURVE() 
GEOMETRIC_REPRESENTATION_ITEM() RATIONAL_B_SPLINE_CURVE((1.,0.5,1.,0.5,
1.,0.5,1.)) REPRESENTATION_ITEM('') );
#2555 = CARTESIAN_POINT('',(-1.125,0.));
#2556 = CARTESIAN_POINT('',(-1.125,1.948557158515));
#2557 = CARTESIAN_POINT('',(0.5625,0.974278579257));
#2558 = CARTESIAN_POINT('',(2.25,2.755455298082E-16));
#2559 = CARTESIAN_POINT('',(0.5625,-0.974278579257));
#2560 = CARTESIAN_POINT('',(-1.125,-1.948557158515));
#2561 = CARTESIAN_POINT('',(-1.125,0.));
#2562 = ( GEOMETRIC_REPRESENTATION_CONTEXT(2) 
PARAMETRIC_REPRESENTATION_CONTEXT() REPRESENTATION_CONTEXT('2D SPACE',''
  ) );
#2563 = PCURVE('',#2290,#2564);
#2564 = DEFINITIONAL_REPRESENTATION('',(#2565),#2569);
#2565 = LINE('',#2566,#2567);
#2566 = CARTESIAN_POINT('',(-0.,15.));
#2567 = VECTOR('',#2568,1.);
#2568 = DIRECTION('',(-1.,0.));
#2569 = ( GEOMETRIC_REPRESENTATION_CONTEXT(2) 
PARAMETRIC_REPRESENTATION_CONTEXT() REPRESENTATION_CONTEXT('2D SPACE',''
  ) );
#2570 = FACE_BOUND('',#2571,.T.);
#2571 = EDGE_LOOP('',(#2572));
#2572 = ORIENTED_EDGE('',*,*,#2573,.F.);
#2573 = EDGE_CURVE('',#2574,#2574,#2576,.T.);
#2574 = VERTEX_POINT('',#2575);
#2575 = CARTESIAN_POINT('',(46.5,-9.61992042581,8.273362600697));
#2576 = SURFACE_CURVE('',#2577,(#2582,#2593),.PCURVE_S1.);
#2577 = CIRCLE('',#2578,1.1);
#2578 = AXIS2_PLACEMENT_3D('',#2579,#2580,#2581);
#2579 = CARTESIAN_POINT('',(46.5,-9.61992042581,7.173362600697));
#2580 = DIRECTION('',(1.,-0.,0.));
#2581 = DIRECTION('',(-0.,-0.,1.));
#2582 = PCURVE('',#1017,#2583);
#2583 = DEFINITIONAL_REPRESENTATION('',(#2584),#2592);
#2584 = ( BOUNDED_CURVE() B_SPLINE_CURVE(2,(#2585,#2586,#2587,#2588,
#2589,#2590,#2591),.UNSPECIFIED.,.T.,.F.) B_SPLINE_CURVE_WITH_KNOTS((1,2
    ,2,2,2,1),(-2.094395102393,0.,2.094395102393,4.188790204786,
6.28318530718,8.377580409573),.UNSPECIFIED.) CURVE() 
GEOMETRIC_REPRESENTATION_ITEM() RATIONAL_B_SPLINE_CURVE((1.,0.5,1.,0.5,
1.,0.5,1.)) REPRESENTATION_ITEM('') );
#2585 = CARTESIAN_POINT('',(-8.273362600697,9.61992042581));
#2586 = CARTESIAN_POINT('',(-8.273362600697,11.525176314136));
#2587 = CARTESIAN_POINT('',(-6.623362600697,10.572548369973));
#2588 = CARTESIAN_POINT('',(-4.973362600697,9.61992042581));
#2589 = CARTESIAN_POINT('',(-6.623362600697,8.667292481647));
#2590 = CARTESIAN_POINT('',(-8.273362600697,7.714664537484));
#2591 = CARTESIAN_POINT('',(-8.273362600697,9.61992042581));
#2592 = ( GEOMETRIC_REPRESENTATION_CONTEXT(2) 
PARAMETRIC_REPRESENTATION_CONTEXT() REPRESENTATION_CONTEXT('2D SPACE',''
  ) );
#2593 = PCURVE('',#2321,#2594);
#2594 = DEFINITIONAL_REPRESENTATION('',(#2595),#2599);
#2595 = LINE('',#2596,#2597);
#2596 = CARTESIAN_POINT('',(-0.,1.));
#2597 = VECTOR('',#2598,1.);
#2598 = DIRECTION('',(-1.,0.));
#2599 = ( GEOMETRIC_REPRESENTATION_CONTEXT(2) 
PARAMETRIC_REPRESENTATION_CONTEXT() REPRESENTATION_CONTEXT('2D SPACE',''
  ) );
#2600 = ADVANCED_FACE('',(#2601),#1043,.T.);
#2601 = FACE_BOUND('',#2602,.F.);
#2602 = EDGE_LOOP('',(#2603,#2604,#2625,#2626));
#2603 = ORIENTED_EDGE('',*,*,#2420,.F.);
#2604 = ORIENTED_EDGE('',*,*,#2605,.T.);
#2605 = EDGE_CURVE('',#2421,#2218,#2606,.T.);
#2606 = SURFACE_CURVE('',#2607,(#2611,#2618),.PCURVE_S1.);
#2607 = LINE('',#2608,#2609);
#2608 = CARTESIAN_POINT('',(46.5,-8.125469883998,9.177512689408));
#2609 = VECTOR('',#2610,1.);
#2610 = DIRECTION('',(-1.,-0.,-0.));
#2611 = PCURVE('',#1043,#2612);
#2612 = DEFINITIONAL_REPRESENTATION('',(#2613),#2617);
#2613 = LINE('',#2614,#2615);
#2614 = CARTESIAN_POINT('',(-0.,0.));
#2615 = VECTOR('',#2616,1.);
#2616 = DIRECTION('',(-0.,-1.));
#2617 = ( GEOMETRIC_REPRESENTATION_CONTEXT(2) 
PARAMETRIC_REPRESENTATION_CONTEXT() REPRESENTATION_CONTEXT('2D SPACE',''
  ) );
#2618 = PCURVE('',#2238,#2619);
#2619 = DEFINITIONAL_REPRESENTATION('',(#2620),#2624);
#2620 = LINE('',#2621,#2622);
#2621 = CARTESIAN_POINT('',(-3.14159265359,0.));
#2622 = VECTOR('',#2623,1.);
#2623 = DIRECTION('',(-0.,-1.));
#2624 = ( GEOMETRIC_REPRESENTATION_CONTEXT(2) 
PARAMETRIC_REPRESENTATION_CONTEXT() REPRESENTATION_CONTEXT('2D SPACE',''
  ) );
#2625 = ORIENTED_EDGE('',*,*,#2250,.T.);
#2626 = ORIENTED_EDGE('',*,*,#1029,.T.);
#2627 = ADVANCED_FACE('',(#2628),#1176,.T.);
#2628 = FACE_BOUND('',#2629,.F.);
#2629 = EDGE_LOOP('',(#2630,#2631,#2632,#2633));
#2630 = ORIENTED_EDGE('',*,*,#2518,.F.);
#2631 = ORIENTED_EDGE('',*,*,#1160,.T.);
#2632 = ORIENTED_EDGE('',*,*,#2133,.T.);
#2633 = ORIENTED_EDGE('',*,*,#2634,.F.);
#2634 = EDGE_CURVE('',#2491,#2134,#2635,.T.);
#2635 = SURFACE_CURVE('',#2636,(#2640,#2647),.PCURVE_S1.);
#2636 = LINE('',#2637,#2638);
#2637 = CARTESIAN_POINT('',(46.5,-0.582142974461,3.552620097518));
#2638 = VECTOR('',#2639,1.);
#2639 = DIRECTION('',(-1.,-0.,-0.));
#2640 = PCURVE('',#1176,#2641);
#2641 = DEFINITIONAL_REPRESENTATION('',(#2642),#2646);
#2642 = LINE('',#2643,#2644);
#2643 = CARTESIAN_POINT('',(-9.409633230602,0.));
#2644 = VECTOR('',#2645,1.);
#2645 = DIRECTION('',(-0.,-1.));
#2646 = ( GEOMETRIC_REPRESENTATION_CONTEXT(2) 
PARAMETRIC_REPRESENTATION_CONTEXT() REPRESENTATION_CONTEXT('2D SPACE',''
  ) );
#2647 = PCURVE('',#2177,#2648);
#2648 = DEFINITIONAL_REPRESENTATION('',(#2649),#2653);
#2649 = LINE('',#2650,#2651);
#2650 = CARTESIAN_POINT('',(-6.445604855233,0.));
#2651 = VECTOR('',#2652,1.);
#2652 = DIRECTION('',(-0.,1.));
#2653 = ( GEOMETRIC_REPRESENTATION_CONTEXT(2) 
PARAMETRIC_REPRESENTATION_CONTEXT() REPRESENTATION_CONTEXT('2D SPACE',''
  ) );
#2654 = ADVANCED_FACE('',(#2655),#1599,.F.);
#2655 = FACE_BOUND('',#2656,.T.);
#2656 = EDGE_LOOP('',(#2657,#2706,#2707,#2708));
#2657 = ORIENTED_EDGE('',*,*,#2658,.F.);
#2658 = EDGE_CURVE('',#1579,#1833,#2659,.T.);
#2659 = SURFACE_CURVE('',#2660,(#2665,#2699),.PCURVE_S1.);
#2660 = CIRCLE('',#2661,4.2);
#2661 = AXIS2_PLACEMENT_3D('',#2662,#2663,#2664);
#2662 = CARTESIAN_POINT('',(19.620606076066,0.,0.));
#2663 = DIRECTION('',(1.,-0.,0.));
#2664 = DIRECTION('',(-0.,-0.,1.));
#2665 = PCURVE('',#1599,#2666);
#2666 = DEFINITIONAL_REPRESENTATION('',(#2667),#2698);
#2667 = B_SPLINE_CURVE_WITH_KNOTS('',8,(#2668,#2669,#2670,#2671,#2672,
    #2673,#2674,#2675,#2676,#2677,#2678,#2679,#2680,#2681,#2682,#2683,
    #2684,#2685,#2686,#2687,#2688,#2689,#2690,#2691,#2692,#2693,#2694,
    #2695,#2696,#2697),.UNSPECIFIED.,.F.,.F.,(9,7,7,7,9),(0.,
    0.785398163397,1.963495408494,2.552544031042,3.14159265359),
  .UNSPECIFIED.);
#2668 = CARTESIAN_POINT('',(-6.28318530718,0.339836909454));
#2669 = CARTESIAN_POINT('',(-6.248475284225,0.339836909454));
#2670 = CARTESIAN_POINT('',(-6.213765266152,0.335942445196));
#2671 = CARTESIAN_POINT('',(-6.179692445054,0.328153596885));
#2672 = CARTESIAN_POINT('',(-6.14689415395,0.316580121124));
#2673 = CARTESIAN_POINT('',(-6.115946676179,0.301443227163));
#2674 = CARTESIAN_POINT('',(-6.087303252922,0.2830484684));
#2675 = CARTESIAN_POINT('',(-6.061306590035,0.261752004138));
#2676 = CARTESIAN_POINT('',(-6.003556725079,0.202224805869));
#2677 = CARTESIAN_POINT('',(-5.975424358333,0.160851080832));
#2678 = CARTESIAN_POINT('',(-5.954654207995,0.115126383332));
#2679 = CARTESIAN_POINT('',(-5.941620008152,6.651538177039E-02));
#2680 = CARTESIAN_POINT('',(-5.936393142425,1.647127175991E-02));
#2681 = CARTESIAN_POINT('',(-5.939020130356,-3.358071308133E-02));
#2682 = CARTESIAN_POINT('',(-5.949466578268,-8.218527840112E-02));
#2683 = CARTESIAN_POINT('',(-5.976471906236,-0.150771827662));
#2684 = CARTESIAN_POINT('',(-5.987362938007,-0.172913956434));
#2685 = CARTESIAN_POINT('',(-6.00011039541,-0.194156872856));
#2686 = CARTESIAN_POINT('',(-6.014666916367,-0.214322829579));
#2687 = CARTESIAN_POINT('',(-6.030966120707,-0.233236685028));
#2688 = CARTESIAN_POINT('',(-6.048915361251,-0.250729135783));
#2689 = CARTESIAN_POINT('',(-6.06838966437,-0.266641734671));
#2690 = CARTESIAN_POINT('',(-6.110071960129,-0.295025151365));
#2691 = CARTESIAN_POINT('',(-6.132279974591,-0.307495963045));
#2692 = CARTESIAN_POINT('',(-6.155696537476,-0.318104823117));
#2693 = CARTESIAN_POINT('',(-6.18013065268,-0.32672793251));
#2694 = CARTESIAN_POINT('',(-6.205356520211,-0.333265030488));
#2695 = CARTESIAN_POINT('',(-6.231120290559,-0.337646274821));
#2696 = CARTESIAN_POINT('',(-6.257152789964,-0.339836909454));
#2697 = CARTESIAN_POINT('',(-6.28318530718,-0.339836909454));
#2698 = ( GEOMETRIC_REPRESENTATION_CONTEXT(2) 
PARAMETRIC_REPRESENTATION_CONTEXT() REPRESENTATION_CONTEXT('2D SPACE',''
  ) );
#2699 = PCURVE('',#1740,#2700);
#2700 = DEFINITIONAL_REPRESENTATION('',(#2701),#2705);
#2701 = LINE('',#2702,#2703);
#2702 = CARTESIAN_POINT('',(-0.,2.379393923934));
#2703 = VECTOR('',#2704,1.);
#2704 = DIRECTION('',(-1.,0.));
#2705 = ( GEOMETRIC_REPRESENTATION_CONTEXT(2) 
PARAMETRIC_REPRESENTATION_CONTEXT() REPRESENTATION_CONTEXT('2D SPACE',''
  ) );
#2706 = ORIENTED_EDGE('',*,*,#1578,.F.);
#2707 = ORIENTED_EDGE('',*,*,#2010,.F.);
#2708 = ORIENTED_EDGE('',*,*,#1832,.F.);
#2709 = ADVANCED_FACE('',(#2710,#2737),#1658,.T.);
#2710 = FACE_BOUND('',#2711,.F.);
#2711 = EDGE_LOOP('',(#2712,#2734,#2735,#2736));
#2712 = ORIENTED_EDGE('',*,*,#2713,.F.);
#2713 = EDGE_CURVE('',#1643,#1912,#2714,.T.);
#2714 = SURFACE_CURVE('',#2715,(#2720,#2727),.PCURVE_S1.);
#2715 = CIRCLE('',#2716,3.6);
#2716 = AXIS2_PLACEMENT_3D('',#2717,#2718,#2719);
#2717 = CARTESIAN_POINT('',(16.5,0.,0.));
#2718 = DIRECTION('',(-1.,0.,-0.));
#2719 = DIRECTION('',(-0.,-0.169349503849,0.985556059058));
#2720 = PCURVE('',#1658,#2721);
#2721 = DEFINITIONAL_REPRESENTATION('',(#2722),#2726);
#2722 = CIRCLE('',#2723,3.6);
#2723 = AXIS2_PLACEMENT_2D('',#2724,#2725);
#2724 = CARTESIAN_POINT('',(0.,0.));
#2725 = DIRECTION('',(-0.985556059058,0.169349503849));
#2726 = ( GEOMETRIC_REPRESENTATION_CONTEXT(2) 
PARAMETRIC_REPRESENTATION_CONTEXT() REPRESENTATION_CONTEXT('2D SPACE',''
  ) );
#2727 = PCURVE('',#1686,#2728);
#2728 = DEFINITIONAL_REPRESENTATION('',(#2729),#2733);
#2729 = LINE('',#2730,#2731);
#2730 = CARTESIAN_POINT('',(-6.453354909249,2.));
#2731 = VECTOR('',#2732,1.);
#2732 = DIRECTION('',(1.,-0.));
#2733 = ( GEOMETRIC_REPRESENTATION_CONTEXT(2) 
PARAMETRIC_REPRESENTATION_CONTEXT() REPRESENTATION_CONTEXT('2D SPACE',''
  ) );
#2734 = ORIENTED_EDGE('',*,*,#1642,.F.);
#2735 = ORIENTED_EDGE('',*,*,#1778,.T.);
#2736 = ORIENTED_EDGE('',*,*,#1934,.F.);
#2737 = FACE_BOUND('',#2738,.F.);
#2738 = EDGE_LOOP('',(#2739));
#2739 = ORIENTED_EDGE('',*,*,#2740,.F.);
#2740 = EDGE_CURVE('',#2741,#2741,#2743,.T.);
#2741 = VERTEX_POINT('',#2742);
#2742 = CARTESIAN_POINT('',(16.5,2.755455298082E-16,1.125));
#2743 = SURFACE_CURVE('',#2744,(#2749,#2760),.PCURVE_S1.);
#2744 = CIRCLE('',#2745,1.125);
#2745 = AXIS2_PLACEMENT_3D('',#2746,#2747,#2748);
#2746 = CARTESIAN_POINT('',(16.5,0.,0.));
#2747 = DIRECTION('',(1.,-0.,0.));
#2748 = DIRECTION('',(-0.,-0.,1.));
#2749 = PCURVE('',#1658,#2750);
#2750 = DEFINITIONAL_REPRESENTATION('',(#2751),#2759);
#2751 = ( BOUNDED_CURVE() B_SPLINE_CURVE(2,(#2752,#2753,#2754,#2755,
#2756,#2757,#2758),.UNSPECIFIED.,.T.,.F.) B_SPLINE_CURVE_WITH_KNOTS((1,2
    ,2,2,2,1),(-2.094395102393,0.,2.094395102393,4.188790204786,
6.28318530718,8.377580409573),.UNSPECIFIED.) CURVE() 
GEOMETRIC_REPRESENTATION_ITEM() RATIONAL_B_SPLINE_CURVE((1.,0.5,1.,0.5,
1.,0.5,1.)) REPRESENTATION_ITEM('') );
#2752 = CARTESIAN_POINT('',(-1.125,0.));
#2753 = CARTESIAN_POINT('',(-1.125,1.948557158515));
#2754 = CARTESIAN_POINT('',(0.5625,0.974278579257));
#2755 = CARTESIAN_POINT('',(2.25,2.755455298082E-16));
#2756 = CARTESIAN_POINT('',(0.5625,-0.974278579257));
#2757 = CARTESIAN_POINT('',(-1.125,-1.948557158515));
#2758 = CARTESIAN_POINT('',(-1.125,0.));
#2759 = ( GEOMETRIC_REPRESENTATION_CONTEXT(2) 
PARAMETRIC_REPRESENTATION_CONTEXT() REPRESENTATION_CONTEXT('2D SPACE',''
  ) );
#2760 = PCURVE('',#2761,#2766);
#2761 = CYLINDRICAL_SURFACE('',#2762,1.125);
#2762 = AXIS2_PLACEMENT_3D('',#2763,#2764,#2765);
#2763 = CARTESIAN_POINT('',(61.5,0.,0.));
#2764 = DIRECTION('',(-1.,-0.,-0.));
#2765 = DIRECTION('',(-0.,-0.,1.));
#2766 = DEFINITIONAL_REPRESENTATION('',(#2767),#2771);
#2767 = LINE('',#2768,#2769);
#2768 = CARTESIAN_POINT('',(-0.,45.));
#2769 = VECTOR('',#2770,1.);
#2770 = DIRECTION('',(-1.,0.));
#2771 = ( GEOMETRIC_REPRESENTATION_CONTEXT(2) 
PARAMETRIC_REPRESENTATION_CONTEXT() REPRESENTATION_CONTEXT('2D SPACE',''
  ) );
#2772 = ADVANCED_FACE('',(#2773),#1686,.T.);
#2773 = FACE_BOUND('',#2774,.F.);
#2774 = EDGE_LOOP('',(#2775,#2801,#2802,#2803));
#2775 = ORIENTED_EDGE('',*,*,#2776,.T.);
#2776 = EDGE_CURVE('',#1889,#1671,#2777,.T.);
#2777 = SURFACE_CURVE('',#2778,(#2783,#2790),.PCURVE_S1.);
#2778 = CIRCLE('',#2779,3.6);
#2779 = AXIS2_PLACEMENT_3D('',#2780,#2781,#2782);
#2780 = CARTESIAN_POINT('',(18.5,0.,0.));
#2781 = DIRECTION('',(1.,-0.,0.));
#2782 = DIRECTION('',(-0.,-0.526213923652,0.850352224996));
#2783 = PCURVE('',#1686,#2784);
#2784 = DEFINITIONAL_REPRESENTATION('',(#2785),#2789);
#2785 = LINE('',#2786,#2787);
#2786 = CARTESIAN_POINT('',(-0.554142037508,0.));
#2787 = VECTOR('',#2788,1.);
#2788 = DIRECTION('',(-1.,0.));
#2789 = ( GEOMETRIC_REPRESENTATION_CONTEXT(2) 
PARAMETRIC_REPRESENTATION_CONTEXT() REPRESENTATION_CONTEXT('2D SPACE',''
  ) );
#2790 = PCURVE('',#1714,#2791);
#2791 = DEFINITIONAL_REPRESENTATION('',(#2792),#2800);
#2792 = ( BOUNDED_CURVE() B_SPLINE_CURVE(2,(#2793,#2794,#2795,#2796,
#2797,#2798,#2799),.UNSPECIFIED.,.T.,.F.) B_SPLINE_CURVE_WITH_KNOTS((1,2
    ,2,2,2,1),(-2.094395102393,0.,2.094395102393,4.188790204786,
6.28318530718,8.377580409573),.UNSPECIFIED.) CURVE() 
GEOMETRIC_REPRESENTATION_ITEM() RATIONAL_B_SPLINE_CURVE((1.,0.5,1.,0.5,
1.,0.5,1.)) REPRESENTATION_ITEM('') );
#2793 = CARTESIAN_POINT('',(-3.061268009984,1.894370125147));
#2794 = CARTESIAN_POINT('',(0.219877295111,7.196641854024));
#2795 = CARTESIAN_POINT('',(3.171206657539,1.703950801865));
#2796 = CARTESIAN_POINT('',(6.122536019968,-3.788740250294));
#2797 = CARTESIAN_POINT('',(-0.109938647555,-3.598320927012));
#2798 = CARTESIAN_POINT('',(-6.342413315079,-3.407901603731));
#2799 = CARTESIAN_POINT('',(-3.061268009984,1.894370125147));
#2800 = ( GEOMETRIC_REPRESENTATION_CONTEXT(2) 
PARAMETRIC_REPRESENTATION_CONTEXT() REPRESENTATION_CONTEXT('2D SPACE',''
  ) );
#2801 = ORIENTED_EDGE('',*,*,#1670,.T.);
#2802 = ORIENTED_EDGE('',*,*,#2713,.T.);
#2803 = ORIENTED_EDGE('',*,*,#1911,.F.);
#2804 = ADVANCED_FACE('',(#2805,#2836),#1714,.F.);
#2805 = FACE_BOUND('',#2806,.T.);
#2806 = EDGE_LOOP('',(#2807,#2808,#2809,#2810));
#2807 = ORIENTED_EDGE('',*,*,#1888,.F.);
#2808 = ORIENTED_EDGE('',*,*,#2776,.T.);
#2809 = ORIENTED_EDGE('',*,*,#1698,.F.);
#2810 = ORIENTED_EDGE('',*,*,#2811,.T.);
#2811 = EDGE_CURVE('',#1699,#1866,#2812,.T.);
#2812 = SURFACE_CURVE('',#2813,(#2818,#2829),.PCURVE_S1.);
#2813 = CIRCLE('',#2814,4.2);
#2814 = AXIS2_PLACEMENT_3D('',#2815,#2816,#2817);
#2815 = CARTESIAN_POINT('',(18.5,0.,0.));
#2816 = DIRECTION('',(1.,-0.,0.));
#2817 = DIRECTION('',(-0.,-0.,1.));
#2818 = PCURVE('',#1714,#2819);
#2819 = DEFINITIONAL_REPRESENTATION('',(#2820),#2828);
#2820 = ( BOUNDED_CURVE() B_SPLINE_CURVE(2,(#2821,#2822,#2823,#2824,
#2825,#2826,#2827),.UNSPECIFIED.,.T.,.F.) B_SPLINE_CURVE_WITH_KNOTS((1,2
    ,2,2,2,1),(-2.094395102393,0.,2.094395102393,4.188790204786,
6.28318530718,8.377580409573),.UNSPECIFIED.) CURVE() 
GEOMETRIC_REPRESENTATION_ITEM() RATIONAL_B_SPLINE_CURVE((1.,0.5,1.,0.5,
1.,0.5,1.)) REPRESENTATION_ITEM('') );
#2821 = CARTESIAN_POINT('',(-4.2,0.));
#2822 = CARTESIAN_POINT('',(-4.2,7.274613391789));
#2823 = CARTESIAN_POINT('',(2.1,3.637306695895));
#2824 = CARTESIAN_POINT('',(8.4,1.028703311284E-15));
#2825 = CARTESIAN_POINT('',(2.1,-3.637306695895));
#2826 = CARTESIAN_POINT('',(-4.2,-7.274613391789));
#2827 = CARTESIAN_POINT('',(-4.2,0.));
#2828 = ( GEOMETRIC_REPRESENTATION_CONTEXT(2) 
PARAMETRIC_REPRESENTATION_CONTEXT() REPRESENTATION_CONTEXT('2D SPACE',''
  ) );
#2829 = PCURVE('',#1740,#2830);
#2830 = DEFINITIONAL_REPRESENTATION('',(#2831),#2835);
#2831 = LINE('',#2832,#2833);
#2832 = CARTESIAN_POINT('',(-0.,3.5));
#2833 = VECTOR('',#2834,1.);
#2834 = DIRECTION('',(-1.,0.));
#2835 = ( GEOMETRIC_REPRESENTATION_CONTEXT(2) 
PARAMETRIC_REPRESENTATION_CONTEXT() REPRESENTATION_CONTEXT('2D SPACE',''
  ) );
#2836 = FACE_BOUND('',#2837,.T.);
#2837 = EDGE_LOOP('',(#2838));
#2838 = ORIENTED_EDGE('',*,*,#2839,.F.);
#2839 = EDGE_CURVE('',#2840,#2840,#2842,.T.);
#2840 = VERTEX_POINT('',#2841);
#2841 = CARTESIAN_POINT('',(18.5,2.755455298082E-16,1.125));
#2842 = SURFACE_CURVE('',#2843,(#2848,#2859),.PCURVE_S1.);
#2843 = CIRCLE('',#2844,1.125);
#2844 = AXIS2_PLACEMENT_3D('',#2845,#2846,#2847);
#2845 = CARTESIAN_POINT('',(18.5,0.,0.));
#2846 = DIRECTION('',(1.,-0.,0.));
#2847 = DIRECTION('',(-0.,-0.,1.));
#2848 = PCURVE('',#1714,#2849);
#2849 = DEFINITIONAL_REPRESENTATION('',(#2850),#2858);
#2850 = ( BOUNDED_CURVE() B_SPLINE_CURVE(2,(#2851,#2852,#2853,#2854,
#2855,#2856,#2857),.UNSPECIFIED.,.T.,.F.) B_SPLINE_CURVE_WITH_KNOTS((1,2
    ,2,2,2,1),(-2.094395102393,0.,2.094395102393,4.188790204786,
6.28318530718,8.377580409573),.UNSPECIFIED.) CURVE() 
GEOMETRIC_REPRESENTATION_ITEM() RATIONAL_B_SPLINE_CURVE((1.,0.5,1.,0.5,
1.,0.5,1.)) REPRESENTATION_ITEM('') );
#2851 = CARTESIAN_POINT('',(-1.125,0.));
#2852 = CARTESIAN_POINT('',(-1.125,1.948557158515));
#2853 = CARTESIAN_POINT('',(0.5625,0.974278579257));
#2854 = CARTESIAN_POINT('',(2.25,2.755455298082E-16));
#2855 = CARTESIAN_POINT('',(0.5625,-0.974278579257));
#2856 = CARTESIAN_POINT('',(-1.125,-1.948557158515));
#2857 = CARTESIAN_POINT('',(-1.125,0.));
#2858 = ( GEOMETRIC_REPRESENTATION_CONTEXT(2) 
PARAMETRIC_REPRESENTATION_CONTEXT() REPRESENTATION_CONTEXT('2D SPACE',''
  ) );
#2859 = PCURVE('',#2761,#2860);
#2860 = DEFINITIONAL_REPRESENTATION('',(#2861),#2865);
#2861 = LINE('',#2862,#2863);
#2862 = CARTESIAN_POINT('',(-0.,43.));
#2863 = VECTOR('',#2864,1.);
#2864 = DIRECTION('',(-1.,0.));
#2865 = ( GEOMETRIC_REPRESENTATION_CONTEXT(2) 
PARAMETRIC_REPRESENTATION_CONTEXT() REPRESENTATION_CONTEXT('2D SPACE',''
  ) );
#2866 = ADVANCED_FACE('',(#2867),#1740,.F.);
#2867 = FACE_BOUND('',#2868,.T.);
#2868 = EDGE_LOOP('',(#2869,#2870,#2871,#2872));
#2869 = ORIENTED_EDGE('',*,*,#1726,.F.);
#2870 = ORIENTED_EDGE('',*,*,#2658,.T.);
#2871 = ORIENTED_EDGE('',*,*,#1865,.T.);
#2872 = ORIENTED_EDGE('',*,*,#2811,.F.);
#2873 = ADVANCED_FACE('',(#2874),#2238,.T.);
#2874 = FACE_BOUND('',#2875,.F.);
#2875 = EDGE_LOOP('',(#2876,#2897,#2898,#2899));
#2876 = ORIENTED_EDGE('',*,*,#2877,.T.);
#2877 = EDGE_CURVE('',#2444,#2190,#2878,.T.);
#2878 = SURFACE_CURVE('',#2879,(#2883,#2890),.PCURVE_S1.);
#2879 = LINE('',#2880,#2881);
#2880 = CARTESIAN_POINT('',(46.5,-11.11437096762,5.169212511987));
#2881 = VECTOR('',#2882,1.);
#2882 = DIRECTION('',(-1.,-0.,-0.));
#2883 = PCURVE('',#2238,#2884);
#2884 = DEFINITIONAL_REPRESENTATION('',(#2885),#2889);
#2885 = LINE('',#2886,#2887);
#2886 = CARTESIAN_POINT('',(-0.,0.));
#2887 = VECTOR('',#2888,1.);
#2888 = DIRECTION('',(-0.,-1.));
#2889 = ( GEOMETRIC_REPRESENTATION_CONTEXT(2) 
PARAMETRIC_REPRESENTATION_CONTEXT() REPRESENTATION_CONTEXT('2D SPACE',''
  ) );
#2890 = PCURVE('',#2205,#2891);
#2891 = DEFINITIONAL_REPRESENTATION('',(#2892),#2896);
#2892 = LINE('',#2893,#2894);
#2893 = CARTESIAN_POINT('',(-12.,0.));
#2894 = VECTOR('',#2895,1.);
#2895 = DIRECTION('',(-0.,-1.));
#2896 = ( GEOMETRIC_REPRESENTATION_CONTEXT(2) 
PARAMETRIC_REPRESENTATION_CONTEXT() REPRESENTATION_CONTEXT('2D SPACE',''
  ) );
#2897 = ORIENTED_EDGE('',*,*,#2217,.T.);
#2898 = ORIENTED_EDGE('',*,*,#2605,.F.);
#2899 = ORIENTED_EDGE('',*,*,#2443,.F.);
#2900 = ADVANCED_FACE('',(#2901),#2205,.T.);
#2901 = FACE_BOUND('',#2902,.F.);
#2902 = EDGE_LOOP('',(#2903,#2904,#2925,#2926));
#2903 = ORIENTED_EDGE('',*,*,#2467,.F.);
#2904 = ORIENTED_EDGE('',*,*,#2905,.T.);
#2905 = EDGE_CURVE('',#2468,#2157,#2906,.T.);
#2906 = SURFACE_CURVE('',#2907,(#2911,#2918),.PCURVE_S1.);
#2907 = LINE('',#2908,#2909);
#2908 = CARTESIAN_POINT('',(46.5,-3.571044058084,-0.455680079903));
#2909 = VECTOR('',#2910,1.);
#2910 = DIRECTION('',(-1.,-0.,-0.));
#2911 = PCURVE('',#2205,#2912);
#2912 = DEFINITIONAL_REPRESENTATION('',(#2913),#2917);
#2913 = LINE('',#2914,#2915);
#2914 = CARTESIAN_POINT('',(-2.590366769398,0.));
#2915 = VECTOR('',#2916,1.);
#2916 = DIRECTION('',(-0.,-1.));
#2917 = ( GEOMETRIC_REPRESENTATION_CONTEXT(2) 
PARAMETRIC_REPRESENTATION_CONTEXT() REPRESENTATION_CONTEXT('2D SPACE',''
  ) );
#2918 = PCURVE('',#2177,#2919);
#2919 = DEFINITIONAL_REPRESENTATION('',(#2920),#2924);
#2920 = LINE('',#2921,#2922);
#2921 = CARTESIAN_POINT('',(-1.69771459087,0.));
#2922 = VECTOR('',#2923,1.);
#2923 = DIRECTION('',(-0.,1.));
#2924 = ( GEOMETRIC_REPRESENTATION_CONTEXT(2) 
PARAMETRIC_REPRESENTATION_CONTEXT() REPRESENTATION_CONTEXT('2D SPACE',''
  ) );
#2925 = ORIENTED_EDGE('',*,*,#2189,.T.);
#2926 = ORIENTED_EDGE('',*,*,#2877,.F.);
#2927 = ADVANCED_FACE('',(#2928),#2177,.T.);
#2928 = FACE_BOUND('',#2929,.F.);
#2929 = EDGE_LOOP('',(#2930,#2931,#2932,#2933));
#2930 = ORIENTED_EDGE('',*,*,#2905,.F.);
#2931 = ORIENTED_EDGE('',*,*,#2490,.T.);
#2932 = ORIENTED_EDGE('',*,*,#2634,.T.);
#2933 = ORIENTED_EDGE('',*,*,#2156,.T.);
#2934 = ADVANCED_FACE('',(#2935),#2290,.F.);
#2935 = FACE_BOUND('',#2936,.T.);
#2936 = EDGE_LOOP('',(#2937,#2938,#2959,#2960));
#2937 = ORIENTED_EDGE('',*,*,#2273,.F.);
#2938 = ORIENTED_EDGE('',*,*,#2939,.F.);
#2939 = EDGE_CURVE('',#2544,#2274,#2940,.T.);
#2940 = SEAM_CURVE('',#2941,(#2945,#2952),.PCURVE_S1.);
#2941 = LINE('',#2942,#2943);
#2942 = CARTESIAN_POINT('',(61.5,2.755455298082E-16,1.125));
#2943 = VECTOR('',#2944,1.);
#2944 = DIRECTION('',(-1.,-0.,-0.));
#2945 = PCURVE('',#2290,#2946);
#2946 = DEFINITIONAL_REPRESENTATION('',(#2947),#2951);
#2947 = LINE('',#2948,#2949);
#2948 = CARTESIAN_POINT('',(-6.28318530718,-0.));
#2949 = VECTOR('',#2950,1.);
#2950 = DIRECTION('',(-0.,1.));
#2951 = ( GEOMETRIC_REPRESENTATION_CONTEXT(2) 
PARAMETRIC_REPRESENTATION_CONTEXT() REPRESENTATION_CONTEXT('2D SPACE',''
  ) );
#2952 = PCURVE('',#2290,#2953);
#2953 = DEFINITIONAL_REPRESENTATION('',(#2954),#2958);
#2954 = LINE('',#2955,#2956);
#2955 = CARTESIAN_POINT('',(-0.,-0.));
#2956 = VECTOR('',#2957,1.);
#2957 = DIRECTION('',(-0.,1.));
#2958 = ( GEOMETRIC_REPRESENTATION_CONTEXT(2) 
PARAMETRIC_REPRESENTATION_CONTEXT() REPRESENTATION_CONTEXT('2D SPACE',''
  ) );
#2959 = ORIENTED_EDGE('',*,*,#2543,.T.);
#2960 = ORIENTED_EDGE('',*,*,#2939,.T.);
#2961 = ADVANCED_FACE('',(#2962),#2321,.F.);
#2962 = FACE_BOUND('',#2963,.T.);
#2963 = EDGE_LOOP('',(#2964,#2965,#2986,#2987));
#2964 = ORIENTED_EDGE('',*,*,#2304,.F.);
#2965 = ORIENTED_EDGE('',*,*,#2966,.F.);
#2966 = EDGE_CURVE('',#2574,#2305,#2967,.T.);
#2967 = SEAM_CURVE('',#2968,(#2972,#2979),.PCURVE_S1.);
#2968 = LINE('',#2969,#2970);
#2969 = CARTESIAN_POINT('',(47.5,-9.61992042581,8.273362600697));
#2970 = VECTOR('',#2971,1.);
#2971 = DIRECTION('',(-1.,-0.,-0.));
#2972 = PCURVE('',#2321,#2973);
#2973 = DEFINITIONAL_REPRESENTATION('',(#2974),#2978);
#2974 = LINE('',#2975,#2976);
#2975 = CARTESIAN_POINT('',(-6.28318530718,-0.));
#2976 = VECTOR('',#2977,1.);
#2977 = DIRECTION('',(-0.,1.));
#2978 = ( GEOMETRIC_REPRESENTATION_CONTEXT(2) 
PARAMETRIC_REPRESENTATION_CONTEXT() REPRESENTATION_CONTEXT('2D SPACE',''
  ) );
#2979 = PCURVE('',#2321,#2980);
#2980 = DEFINITIONAL_REPRESENTATION('',(#2981),#2985);
#2981 = LINE('',#2982,#2983);
#2982 = CARTESIAN_POINT('',(-0.,-0.));
#2983 = VECTOR('',#2984,1.);
#2984 = DIRECTION('',(-0.,1.));
#2985 = ( GEOMETRIC_REPRESENTATION_CONTEXT(2) 
PARAMETRIC_REPRESENTATION_CONTEXT() REPRESENTATION_CONTEXT('2D SPACE',''
  ) );
#2986 = ORIENTED_EDGE('',*,*,#2573,.T.);
#2987 = ORIENTED_EDGE('',*,*,#2966,.T.);
#2988 = ADVANCED_FACE('',(#2989),#2761,.F.);
#2989 = FACE_BOUND('',#2990,.T.);
#2990 = EDGE_LOOP('',(#2991,#2992,#3013,#3014));
#2991 = ORIENTED_EDGE('',*,*,#2740,.F.);
#2992 = ORIENTED_EDGE('',*,*,#2993,.F.);
#2993 = EDGE_CURVE('',#2840,#2741,#2994,.T.);
#2994 = SEAM_CURVE('',#2995,(#2999,#3006),.PCURVE_S1.);
#2995 = LINE('',#2996,#2997);
#2996 = CARTESIAN_POINT('',(61.5,2.755455298082E-16,1.125));
#2997 = VECTOR('',#2998,1.);
#2998 = DIRECTION('',(-1.,-0.,-0.));
#2999 = PCURVE('',#2761,#3000);
#3000 = DEFINITIONAL_REPRESENTATION('',(#3001),#3005);
#3001 = LINE('',#3002,#3003);
#3002 = CARTESIAN_POINT('',(-6.28318530718,-0.));
#3003 = VECTOR('',#3004,1.);
#3004 = DIRECTION('',(-0.,1.));
#3005 = ( GEOMETRIC_REPRESENTATION_CONTEXT(2) 
PARAMETRIC_REPRESENTATION_CONTEXT() REPRESENTATION_CONTEXT('2D SPACE',''
  ) );
#3006 = PCURVE('',#2761,#3007);
#3007 = DEFINITIONAL_REPRESENTATION('',(#3008),#3012);
#3008 = LINE('',#3009,#3010);
#3009 = CARTESIAN_POINT('',(-0.,-0.));
#3010 = VECTOR('',#3011,1.);
#3011 = DIRECTION('',(-0.,1.));
#3012 = ( GEOMETRIC_REPRESENTATION_CONTEXT(2) 
PARAMETRIC_REPRESENTATION_CONTEXT() REPRESENTATION_CONTEXT('2D SPACE',''
  ) );
#3013 = ORIENTED_EDGE('',*,*,#2839,.T.);
#3014 = ORIENTED_EDGE('',*,*,#2993,.T.);
#3015 = ( GEOMETRIC_REPRESENTATION_CONTEXT(3) 
GLOBAL_UNCERTAINTY_ASSIGNED_CONTEXT((#3019)) 
GLOBAL_UNIT_ASSIGNED_CONTEXT((#3016,#3017,#3018)) REPRESENTATION_CONTEXT
('Context #1','3D Context with UNIT and UNCERTAINTY') );
#3016 = ( LENGTH_UNIT() NAMED_UNIT(*) SI_UNIT(.MILLI.,.METRE.) );
#3017 = ( NAMED_UNIT(*) PLANE_ANGLE_UNIT() SI_UNIT($,.RADIAN.) );
#3018 = ( NAMED_UNIT(*) SI_UNIT($,.STERADIAN.) SOLID_ANGLE_UNIT() );
#3019 = UNCERTAINTY_MEASURE_WITH_UNIT(LENGTH_MEASURE(1.E-07),#3016,
  'distance_accuracy_value','confusion accuracy');
#3020 = PRODUCT_RELATED_PRODUCT_CATEGORY('part',$,(#7));
ENDSEC;
END-ISO-10303-21;
