ISO-10303-21;
HEADER;
FILE_DESCRIPTION(('Open CASCADE Model'),'2;1');
FILE_NAME('Open CASCADE Shape Model','2026-09-29T03:15:35',('Author'),(
    'Open CASCADE'),'Open CASCADE STEP processor 7.9','Open CASCADE 7.9'
  ,'Unknown');
FILE_SCHEMA(('AUTOMOTIVE_DESIGN { 1 0 10303 214 1 1 1 1 }'));
ENDSEC;
DATA;
#1 = APPLICATION_PROTOCOL_DEFINITION('international standard',
  'automotive_design',2000,#2);
#2 = APPLICATION_CONTEXT(
  'core data for automotive mechanical design processes');
#3 = SHAPE_DEFINITION_REPRESENTATION(#4,#10);
#4 = PRODUCT_DEFINITION_SHAPE('','',#5);
#5 = PRODUCT_DEFINITION('design','',#6,#9);
#6 = PRODUCT_DEFINITION_FORMATION('','',#7);
#7 = PRODUCT('Open CASCADE STEP translator 7.9 9',
  'Open CASCADE STEP translator 7.9 9','',(#8));
#8 = PRODUCT_CONTEXT('',#2,'mechanical');
#9 = PRODUCT_DEFINITION_CONTEXT('part definition',#2,'design');
#10 = ADVANCED_BREP_SHAPE_REPRESENTATION('',(#11,#15),#3263);
#11 = AXIS2_PLACEMENT_3D('',#12,#13,#14);
#12 = CARTESIAN_POINT('',(0.,0.,0.));
#13 = DIRECTION('',(0.,0.,1.));
#14 = DIRECTION('',(1.,0.,-0.));
#15 = MANIFOLD_SOLID_BREP('',#16);
#16 = CLOSED_SHELL('',(#17,#786,#925,#1111,#1195,#1371,#1425,#1581,#1665
    ,#1781,#1848,#2024,#2078,#2207,#2343,#2558,#2608,#2792,#2868,#2875,
    #2902,#2957,#3020,#3052,#3114,#3121,#3148,#3175,#3182,#3209,#3236));
#17 = ADVANCED_FACE('',(#18),#33,.T.);
#18 = FACE_BOUND('',#19,.F.);
#19 = EDGE_LOOP('',(#20,#51,#97,#134,#168,#204,#250,#345,#408,#444,#478,
    #515,#578,#743,#785));
#20 = ORIENTED_EDGE('',*,*,#21,.F.);
#21 = EDGE_CURVE('',#22,#24,#26,.T.);
#22 = VERTEX_POINT('',#23);
#23 = CARTESIAN_POINT('',(20.,-4.741542143187E-16,7.628237017817));
#24 = VERTEX_POINT('',#25);
#25 = CARTESIAN_POINT('',(31.5,-2.069668500073E-31,13.8));
#26 = SEAM_CURVE('',#27,(#32,#44),.PCURVE_S1.);
#27 = CIRCLE('',#28,13.8);
#28 = AXIS2_PLACEMENT_3D('',#29,#30,#31);
#29 = CARTESIAN_POINT('',(31.5,0.,0.));
#30 = DIRECTION('',(-2.449293598295E-16,1.,0.));
#31 = DIRECTION('',(-1.,-2.449293598295E-16,-0.));
#32 = PCURVE('',#33,#38);
#33 = SPHERICAL_SURFACE('',#34,13.8);
#34 = AXIS2_PLACEMENT_3D('',#35,#36,#37);
#35 = CARTESIAN_POINT('',(31.5,0.,0.));
#36 = DIRECTION('',(-0.,-0.,1.));
#37 = DIRECTION('',(-1.,-0.,-0.));
#38 = DEFINITIONAL_REPRESENTATION('',(#39),#43);
#39 = LINE('',#40,#41);
#40 = CARTESIAN_POINT('',(-0.,-6.28318530718));
#41 = VECTOR('',#42,1.);
#42 = DIRECTION('',(-0.,1.));
#43 = ( GEOMETRIC_REPRESENTATION_CONTEXT(2) 
PARAMETRIC_REPRESENTATION_CONTEXT() REPRESENTATION_CONTEXT('2D SPACE',''
  ) );
#44 = PCURVE('',#33,#45);
#45 = DEFINITIONAL_REPRESENTATION('',(#46),#50);
#46 = LINE('',#47,#48);
#47 = CARTESIAN_POINT('',(-6.28318530718,-6.28318530718));
#48 = VECTOR('',#49,1.);
#49 = DIRECTION('',(-0.,1.));
#50 = ( GEOMETRIC_REPRESENTATION_CONTEXT(2) 
PARAMETRIC_REPRESENTATION_CONTEXT() REPRESENTATION_CONTEXT('2D SPACE',''
  ) );
#51 = ORIENTED_EDGE('',*,*,#52,.F.);
#52 = EDGE_CURVE('',#53,#22,#55,.T.);
#53 = VERTEX_POINT('',#54);
#54 = CARTESIAN_POINT('',(20.,0.498910571474,7.611904376808));
#55 = SURFACE_CURVE('',#56,(#61,#85),.PCURVE_S1.);
#56 = CIRCLE('',#57,7.628237017817);
#57 = AXIS2_PLACEMENT_3D('',#58,#59,#60);
#58 = CARTESIAN_POINT('',(20.,0.,0.));
#59 = DIRECTION('',(1.,-0.,0.));
#60 = DIRECTION('',(-0.,-0.,1.));
#61 = PCURVE('',#33,#62);
#62 = DEFINITIONAL_REPRESENTATION('',(#63),#84);
#63 = B_SPLINE_CURVE_WITH_KNOTS('',7,(#64,#65,#66,#67,#68,#69,#70,#71,
    #72,#73,#74,#75,#76,#77,#78,#79,#80,#81,#82,#83),.UNSPECIFIED.,.F.,
  .F.,(8,6,6,8),(4.712388980385,5.497787143782,5.890486225481,
    6.28318530718),.UNSPECIFIED.);
#64 = CARTESIAN_POINT('',(-0.585685543457,-2.514045615114E-14));
#65 = CARTESIAN_POINT('',(-0.585685543457,6.202073854816E-02));
#66 = CARTESIAN_POINT('',(-0.578920132853,0.124041357322));
#67 = CARTESIAN_POINT('',(-0.565389404971,0.18517722253));
#68 = CARTESIAN_POINT('',(-0.54491840588,0.244539135033));
#69 = CARTESIAN_POINT('',(-0.517165399788,0.301170840882));
#70 = CARTESIAN_POINT('',(-0.481711929061,0.353928751564));
#71 = CARTESIAN_POINT('',(-0.417007410501,0.425397228258));
#72 = CARTESIAN_POINT('',(-0.393518495423,0.447942023965));
#73 = CARTESIAN_POINT('',(-0.368110850923,0.469054086042));
#74 = CARTESIAN_POINT('',(-0.340813514101,0.488573216971));
#75 = CARTESIAN_POINT('',(-0.311696467715,0.506336761675));
#76 = CARTESIAN_POINT('',(-0.280891369357,0.522188538066));
#77 = CARTESIAN_POINT('',(-0.216294158911,0.549794186917));
#78 = CARTESIAN_POINT('',(-0.182502022162,0.561548053921));
#79 = CARTESIAN_POINT('',(-0.147411035886,0.571115764867));
#80 = CARTESIAN_POINT('',(-0.111277810248,0.578378915173));
#81 = CARTESIAN_POINT('',(-7.442486619294E-02,0.583249991607));
#82 = CARTESIAN_POINT('',(-3.721244312891E-02,0.585685543457));
#83 = CARTESIAN_POINT('',(-1.624677573393E-16,0.585685543457));
#84 = ( GEOMETRIC_REPRESENTATION_CONTEXT(2) 
PARAMETRIC_REPRESENTATION_CONTEXT() REPRESENTATION_CONTEXT('2D SPACE',''
  ) );
#85 = PCURVE('',#86,#91);
#86 = CONICAL_SURFACE('',#87,0.,0.585685543457);
#87 = AXIS2_PLACEMENT_3D('',#88,#89,#90);
#88 = CARTESIAN_POINT('',(31.5,0.,0.));
#89 = DIRECTION('',(-1.,-0.,-0.));
#90 = DIRECTION('',(-0.,-0.,1.));
#91 = DEFINITIONAL_REPRESENTATION('',(#92),#96);
#92 = LINE('',#93,#94);
#93 = CARTESIAN_POINT('',(-0.,11.5));
#94 = VECTOR('',#95,1.);
#95 = DIRECTION('',(-1.,0.));
#96 = ( GEOMETRIC_REPRESENTATION_CONTEXT(2) 
PARAMETRIC_REPRESENTATION_CONTEXT() REPRESENTATION_CONTEXT('2D SPACE',''
  ) );
#97 = ORIENTED_EDGE('',*,*,#98,.T.);
#98 = EDGE_CURVE('',#53,#99,#101,.T.);
#99 = VERTEX_POINT('',#100);
#100 = CARTESIAN_POINT('',(20.869854187265,0.575547537225,8.7811585245)
  );
#101 = SURFACE_CURVE('',#102,(#107,#118),.PCURVE_S1.);
#102 = CIRCLE('',#103,13.8);
#103 = AXIS2_PLACEMENT_3D('',#104,#105,#106);
#104 = CARTESIAN_POINT('',(31.5,0.,0.));
#105 = DIRECTION('',(0.,0.997858923239,-6.540312923014E-02));
#106 = DIRECTION('',(-0.,-6.540312923014E-02,-0.997858923239));
#107 = PCURVE('',#33,#108);
#108 = DEFINITIONAL_REPRESENTATION('',(#109),#117);
#109 = B_SPLINE_CURVE_WITH_KNOTS('',6,(#110,#111,#112,#113,#114,#115,
    #116),.UNSPECIFIED.,.F.,.F.,(7,7),(2.049465462841,2.262280520798),
  .PIECEWISE_BEZIER_KNOTS.);
#110 = CARTESIAN_POINT('',(-3.392599855526E-02,0.477558407426));
#111 = CARTESIAN_POINT('',(-3.686707674618E-02,0.512931275141));
#112 = CARTESIAN_POINT('',(-3.993737613715E-02,0.548299905613));
#113 = CARTESIAN_POINT('',(-4.316071510411E-02,0.583663517209));
#114 = CARTESIAN_POINT('',(-4.656657251903E-02,0.619021142126));
#115 = CARTESIAN_POINT('',(-5.019199874827E-02,0.654371563666));
#116 = CARTESIAN_POINT('',(-5.409014479228E-02,0.689713034618));
#117 = ( GEOMETRIC_REPRESENTATION_CONTEXT(2) 
PARAMETRIC_REPRESENTATION_CONTEXT() REPRESENTATION_CONTEXT('2D SPACE',''
  ) );
#118 = PCURVE('',#119,#124);
#119 = PLANE('',#120);
#120 = AXIS2_PLACEMENT_3D('',#121,#122,#123);
#121 = CARTESIAN_POINT('',(21.,0.,0.));
#122 = DIRECTION('',(-0.,-0.997858923239,6.540312923014E-02));
#123 = DIRECTION('',(0.,-6.540312923014E-02,-0.997858923239));
#124 = DEFINITIONAL_REPRESENTATION('',(#125),#133);
#125 = ( BOUNDED_CURVE() B_SPLINE_CURVE(2,(#126,#127,#128,#129,#130,#131
,#132),.UNSPECIFIED.,.T.,.F.) B_SPLINE_CURVE_WITH_KNOTS((1,2,2,2,2,1),(
    -2.094395102393,0.,2.094395102393,4.188790204786,6.28318530718,
8.377580409573),.UNSPECIFIED.) CURVE() GEOMETRIC_REPRESENTATION_ITEM() 
RATIONAL_B_SPLINE_CURVE((1.,0.5,1.,0.5,1.,0.5,1.)) REPRESENTATION_ITEM(
  '') );
#126 = CARTESIAN_POINT('',(13.8,10.5));
#127 = CARTESIAN_POINT('',(13.8,-13.40230114445));
#128 = CARTESIAN_POINT('',(-6.9,-1.451150572225));
#129 = CARTESIAN_POINT('',(-27.6,10.5));
#130 = CARTESIAN_POINT('',(-6.9,22.451150572225));
#131 = CARTESIAN_POINT('',(13.8,34.402301144451));
#132 = CARTESIAN_POINT('',(13.8,10.5));
#133 = ( GEOMETRIC_REPRESENTATION_CONTEXT(2) 
PARAMETRIC_REPRESENTATION_CONTEXT() REPRESENTATION_CONTEXT('2D SPACE',''
  ) );
#134 = ORIENTED_EDGE('',*,*,#135,.F.);
#135 = EDGE_CURVE('',#136,#99,#138,.T.);
#136 = VERTEX_POINT('',#137);
#137 = CARTESIAN_POINT('',(20.869854187265,3.823118265159,7.926144506039
    ));
#138 = SURFACE_CURVE('',#139,(#144,#156),.PCURVE_S1.);
#139 = CIRCLE('',#140,8.8);
#140 = AXIS2_PLACEMENT_3D('',#141,#142,#143);
#141 = CARTESIAN_POINT('',(20.869854187265,0.,0.));
#142 = DIRECTION('',(1.,-0.,0.));
#143 = DIRECTION('',(-0.,-0.,1.));
#144 = PCURVE('',#33,#145);
#145 = DEFINITIONAL_REPRESENTATION('',(#146),#155);
#146 = B_SPLINE_CURVE_WITH_KNOTS('',7,(#147,#148,#149,#150,#151,#152,
    #153,#154),.UNSPECIFIED.,.F.,.F.,(8,8),(5.833763024791,6.21773546023
    ),.PIECEWISE_BEZIER_KNOTS.);
#147 = CARTESIAN_POINT('',(-0.345244562622,0.61182003378));
#148 = CARTESIAN_POINT('',(-0.309028828404,0.630383829482));
#149 = CARTESIAN_POINT('',(-0.270594497389,0.646766747277));
#150 = CARTESIAN_POINT('',(-0.230092578018,0.660768655548));
#151 = CARTESIAN_POINT('',(-0.18777065498,0.672199313298));
#152 = CARTESIAN_POINT('',(-0.14400211314,0.680894829595));
#153 = CARTESIAN_POINT('',(-9.926984550508E-02,0.686747463391));
#154 = CARTESIAN_POINT('',(-5.409014479228E-02,0.689713034618));
#155 = ( GEOMETRIC_REPRESENTATION_CONTEXT(2) 
PARAMETRIC_REPRESENTATION_CONTEXT() REPRESENTATION_CONTEXT('2D SPACE',''
  ) );
#156 = PCURVE('',#157,#162);
#157 = CYLINDRICAL_SURFACE('',#158,8.8);
#158 = AXIS2_PLACEMENT_3D('',#159,#160,#161);
#159 = CARTESIAN_POINT('',(21.,0.,0.));
#160 = DIRECTION('',(-1.,-0.,-0.));
#161 = DIRECTION('',(-0.,-0.,1.));
#162 = DEFINITIONAL_REPRESENTATION('',(#163),#167);
#163 = LINE('',#164,#165);
#164 = CARTESIAN_POINT('',(-0.,0.130145812735));
#165 = VECTOR('',#166,1.);
#166 = DIRECTION('',(-1.,0.));
#167 = ( GEOMETRIC_REPRESENTATION_CONTEXT(2) 
PARAMETRIC_REPRESENTATION_CONTEXT() REPRESENTATION_CONTEXT('2D SPACE',''
  ) );
#168 = ORIENTED_EDGE('',*,*,#169,.T.);
#169 = EDGE_CURVE('',#136,#170,#172,.T.);
#170 = VERTEX_POINT('',#171);
#171 = CARTESIAN_POINT('',(20.,3.314051394748,6.870739651084));
#172 = SURFACE_CURVE('',#173,(#178,#188),.PCURVE_S1.);
#173 = CIRCLE('',#174,13.8);
#174 = AXIS2_PLACEMENT_3D('',#175,#176,#177);
#175 = CARTESIAN_POINT('',(31.5,-3.199922955313E-15,1.543459608671E-15)
  );
#176 = DIRECTION('',(0.,-0.900698239323,0.434445257404));
#177 = DIRECTION('',(-0.,0.434445257404,0.900698239323));
#178 = PCURVE('',#33,#179);
#179 = DEFINITIONAL_REPRESENTATION('',(#180),#187);
#180 = B_SPLINE_CURVE_WITH_KNOTS('',5,(#181,#182,#183,#184,#185,#186),
  .UNSPECIFIED.,.F.,.F.,(6,6),(0.879312132791,1.035281053664),
  .PIECEWISE_BEZIER_KNOTS.);
#181 = CARTESIAN_POINT('',(-0.345244562622,0.61182003378));
#182 = CARTESIAN_POINT('',(-0.325021106614,0.585381727002));
#183 = CARTESIAN_POINT('',(-0.305735496396,0.558703061083));
#184 = CARTESIAN_POINT('',(-0.287253308485,0.531821363248));
#185 = CARTESIAN_POINT('',(-0.269467083202,0.504765192806));
#186 = CARTESIAN_POINT('',(-0.252285623284,0.477558407426));
#187 = ( GEOMETRIC_REPRESENTATION_CONTEXT(2) 
PARAMETRIC_REPRESENTATION_CONTEXT() REPRESENTATION_CONTEXT('2D SPACE',''
  ) );
#188 = PCURVE('',#189,#194);
#189 = PLANE('',#190);
#190 = AXIS2_PLACEMENT_3D('',#191,#192,#193);
#191 = CARTESIAN_POINT('',(21.,26.066715444265,54.041894359355));
#192 = DIRECTION('',(-0.,0.900698239323,-0.434445257404));
#193 = DIRECTION('',(0.,0.434445257404,0.900698239323));
#194 = DEFINITIONAL_REPRESENTATION('',(#195),#203);
#195 = ( BOUNDED_CURVE() B_SPLINE_CURVE(2,(#196,#197,#198,#199,#200,#201
,#202),.UNSPECIFIED.,.T.,.F.) B_SPLINE_CURVE_WITH_KNOTS((1,2,2,2,2,1),(
    -2.094395102393,0.,2.094395102393,4.188790204786,6.28318530718,
8.377580409573),.UNSPECIFIED.) CURVE() GEOMETRIC_REPRESENTATION_ITEM() 
RATIONAL_B_SPLINE_CURVE((1.,0.5,1.,0.5,1.,0.5,1.)) REPRESENTATION_ITEM(
  '') );
#196 = CARTESIAN_POINT('',(-46.2,10.5));
#197 = CARTESIAN_POINT('',(-46.2,-13.40230114445));
#198 = CARTESIAN_POINT('',(-66.9,-1.451150572225));
#199 = CARTESIAN_POINT('',(-87.6,10.5));
#200 = CARTESIAN_POINT('',(-66.9,22.451150572225));
#201 = CARTESIAN_POINT('',(-46.2,34.402301144451));
#202 = CARTESIAN_POINT('',(-46.2,10.5));
#203 = ( GEOMETRIC_REPRESENTATION_CONTEXT(2) 
PARAMETRIC_REPRESENTATION_CONTEXT() REPRESENTATION_CONTEXT('2D SPACE',''
  ) );
#204 = ORIENTED_EDGE('',*,*,#205,.F.);
#205 = EDGE_CURVE('',#206,#170,#208,.T.);
#206 = VERTEX_POINT('',#207);
#207 = CARTESIAN_POINT('',(20.,4.238021417518,6.342647275757));
#208 = SURFACE_CURVE('',#209,(#214,#238),.PCURVE_S1.);
#209 = CIRCLE('',#210,7.628237017817);
#210 = AXIS2_PLACEMENT_3D('',#211,#212,#213);
#211 = CARTESIAN_POINT('',(20.,0.,0.));
#212 = DIRECTION('',(1.,-0.,0.));
#213 = DIRECTION('',(-0.,-0.,1.));
#214 = PCURVE('',#33,#215);
#215 = DEFINITIONAL_REPRESENTATION('',(#216),#237);
#216 = B_SPLINE_CURVE_WITH_KNOTS('',7,(#217,#218,#219,#220,#221,#222,
    #223,#224,#225,#226,#227,#228,#229,#230,#231,#232,#233,#234,#235,
    #236),.UNSPECIFIED.,.F.,.F.,(8,6,6,8),(4.712388980385,5.497787143782
    ,5.890486225481,6.28318530718),.UNSPECIFIED.);
#217 = CARTESIAN_POINT('',(-0.585685543457,-2.514045615114E-14));
#218 = CARTESIAN_POINT('',(-0.585685543457,6.202073854816E-02));
#219 = CARTESIAN_POINT('',(-0.578920132853,0.124041357322));
#220 = CARTESIAN_POINT('',(-0.565389404971,0.18517722253));
#221 = CARTESIAN_POINT('',(-0.54491840588,0.244539135033));
#222 = CARTESIAN_POINT('',(-0.517165399788,0.301170840882));
#223 = CARTESIAN_POINT('',(-0.481711929061,0.353928751564));
#224 = CARTESIAN_POINT('',(-0.417007410501,0.425397228258));
#225 = CARTESIAN_POINT('',(-0.393518495423,0.447942023965));
#226 = CARTESIAN_POINT('',(-0.368110850923,0.469054086042));
#227 = CARTESIAN_POINT('',(-0.340813514101,0.488573216971));
#228 = CARTESIAN_POINT('',(-0.311696467715,0.506336761675));
#229 = CARTESIAN_POINT('',(-0.280891369357,0.522188538066));
#230 = CARTESIAN_POINT('',(-0.216294158911,0.549794186917));
#231 = CARTESIAN_POINT('',(-0.182502022162,0.561548053921));
#232 = CARTESIAN_POINT('',(-0.147411035886,0.571115764867));
#233 = CARTESIAN_POINT('',(-0.111277810248,0.578378915173));
#234 = CARTESIAN_POINT('',(-7.442486619294E-02,0.583249991607));
#235 = CARTESIAN_POINT('',(-3.721244312891E-02,0.585685543457));
#236 = CARTESIAN_POINT('',(-1.624677573393E-16,0.585685543457));
#237 = ( GEOMETRIC_REPRESENTATION_CONTEXT(2) 
PARAMETRIC_REPRESENTATION_CONTEXT() REPRESENTATION_CONTEXT('2D SPACE',''
  ) );
#238 = PCURVE('',#239,#244);
#239 = CONICAL_SURFACE('',#240,0.,0.585685543457);
#240 = AXIS2_PLACEMENT_3D('',#241,#242,#243);
#241 = CARTESIAN_POINT('',(31.5,0.,0.));
#242 = DIRECTION('',(-1.,-0.,-0.));
#243 = DIRECTION('',(-0.,-0.,1.));
#244 = DEFINITIONAL_REPRESENTATION('',(#245),#249);
#245 = LINE('',#246,#247);
#246 = CARTESIAN_POINT('',(-0.,11.5));
#247 = VECTOR('',#248,1.);
#248 = DIRECTION('',(-1.,0.));
#249 = ( GEOMETRIC_REPRESENTATION_CONTEXT(2) 
PARAMETRIC_REPRESENTATION_CONTEXT() REPRESENTATION_CONTEXT('2D SPACE',''
  ) );
#250 = ORIENTED_EDGE('',*,*,#251,.F.);
#251 = EDGE_CURVE('',#252,#206,#254,.T.);
#252 = VERTEX_POINT('',#253);
#253 = CARTESIAN_POINT('',(43.,4.238021417518,6.342647275757));
#254 = SURFACE_CURVE('',#255,(#260,#329),.PCURVE_S1.);
#255 = CIRCLE('',#256,13.8);
#256 = AXIS2_PLACEMENT_3D('',#257,#258,#259);
#257 = CARTESIAN_POINT('',(31.5,-2.953973465134E-15,1.973781966383E-15)
  );
#258 = DIRECTION('',(0.,-0.831469612303,0.55557023302));
#259 = DIRECTION('',(-0.,0.55557023302,0.831469612303));
#260 = PCURVE('',#33,#261);
#261 = DEFINITIONAL_REPRESENTATION('',(#262),#328);
#262 = B_SPLINE_CURVE_WITH_KNOTS('',8,(#263,#264,#265,#266,#267,#268,
    #269,#270,#271,#272,#273,#274,#275,#276,#277,#278,#279,#280,#281,
    #282,#283,#284,#285,#286,#287,#288,#289,#290,#291,#292,#293,#294,
    #295,#296,#297,#298,#299,#300,#301,#302,#303,#304,#305,#306,#307,
    #308,#309,#310,#311,#312,#313,#314,#315,#316,#317,#318,#319,#320,
    #321,#322,#323,#324,#325,#326,#327),.UNSPECIFIED.,.F.,.F.,(9,7,7,7,7
    ,7,7,7,7,9),(4.712388980385,5.105088062083,5.44869975857,
    5.749359992995,6.012437698118,6.2426306901,6.444049558084,
    6.796532577057,7.325257105516,7.853981633974),.UNSPECIFIED.);
#263 = CARTESIAN_POINT('',(-3.14159265359,-9.710811170776E-18));
#264 = CARTESIAN_POINT('',(-3.114321163549,4.081466915145E-02));
#265 = CARTESIAN_POINT('',(-3.087049662714,8.16293260586E-02));
#266 = CARTESIAN_POINT('',(-3.059639752436,0.122397774236));
#267 = CARTESIAN_POINT('',(-3.031952877698,0.163073655479));
#268 = CARTESIAN_POINT('',(-3.003846069371,0.203608902991));
#269 = CARTESIAN_POINT('',(-2.975167153709,0.243951737702));
#270 = CARTESIAN_POINT('',(-2.945749429081,0.284044207775));
#271 = CARTESIAN_POINT('',(-2.888855143176,0.358622451911));
#272 = CARTESIAN_POINT('',(-2.861595630194,0.393182603444));
#273 = CARTESIAN_POINT('',(-2.833501688771,0.427454794937));
#274 = CARTESIAN_POINT('',(-2.804436308805,0.461388591356));
#275 = CARTESIAN_POINT('',(-2.774246973028,0.494926519002));
#276 = CARTESIAN_POINT('',(-2.742762494277,0.528001824712));
#277 = CARTESIAN_POINT('',(-2.709790769305,0.560535528846));
#278 = CARTESIAN_POINT('',(-2.644778294002,0.620342859908));
#279 = CARTESIAN_POINT('',(-2.613136397241,0.647765651054));
#280 = CARTESIAN_POINT('',(-2.58004841648,0.674637611665));
#281 = CARTESIAN_POINT('',(-2.545358373393,0.700885787255));
#282 = CARTESIAN_POINT('',(-2.508898586599,0.726426180289));
#283 = CARTESIAN_POINT('',(-2.470491590258,0.751161236827));
#284 = CARTESIAN_POINT('',(-2.429958837252,0.774977833381));
#285 = CARTESIAN_POINT('',(-2.349677240667,0.817670311724));
#286 = CARTESIAN_POINT('',(-2.310463767326,0.836791654445));
#287 = CARTESIAN_POINT('',(-2.269395295307,0.855024889125));
#288 = CARTESIAN_POINT('',(-2.226378254449,0.872274652046));
#289 = CARTESIAN_POINT('',(-2.181340469039,0.888436475143));
#290 = CARTESIAN_POINT('',(-2.134250811918,0.903398277833));
#291 = CARTESIAN_POINT('',(-2.085141448055,0.917044598844));
#292 = CARTESIAN_POINT('',(-1.989484290091,0.939957441026));
#293 = CARTESIAN_POINT('',(-1.943383545812,0.949558149237));
#294 = CARTESIAN_POINT('',(-1.895897241246,0.957993047195));
#295 = CARTESIAN_POINT('',(-1.847145576411,0.9651902306));
#296 = CARTESIAN_POINT('',(-1.797303782639,0.971085212758));
#297 = CARTESIAN_POINT('',(-1.746600620726,0.975625681015));
#298 = CARTESIAN_POINT('',(-1.69530536901,0.978775546492));
#299 = CARTESIAN_POINT('',(-1.598551492188,0.982043185182));
#300 = CARTESIAN_POINT('',(-1.553164788315,0.982490702239));
#301 = CARTESIAN_POINT('',(-1.507734298158,0.981849577609));
#302 = CARTESIAN_POINT('',(-1.462461035626,0.980119454984));
#303 = CARTESIAN_POINT('',(-1.41754381661,0.977311938327));
#304 = CARTESIAN_POINT('',(-1.373165823769,0.973449782867));
#305 = CARTESIAN_POINT('',(-1.329484443344,0.968564895157));
#306 = CARTESIAN_POINT('',(-1.211631912807,0.952424928136));
#307 = CARTESIAN_POINT('',(-1.139164217779,0.939139970458));
#308 = CARTESIAN_POINT('',(-1.069918072183,0.923047477267));
#309 = CARTESIAN_POINT('',(-1.004321657811,0.904417101444));
#310 = CARTESIAN_POINT('',(-0.942475235318,0.883540662368));
#311 = CARTESIAN_POINT('',(-0.884289163174,0.860689444121));
#312 = CARTESIAN_POINT('',(-0.829571652585,0.836109049402));
#313 = CARTESIAN_POINT('',(-0.700843158853,0.77087496253));
#314 = CARTESIAN_POINT('',(-0.630864839914,0.728329714217));
#315 = CARTESIAN_POINT('',(-0.567327772765,0.683109062838));
#316 = CARTESIAN_POINT('',(-0.50915934469,0.635793328708));
#317 = CARTESIAN_POINT('',(-0.45544729909,0.586805602162));
#318 = CARTESIAN_POINT('',(-0.405411357253,0.53647907803));
#319 = CARTESIAN_POINT('',(-0.358396042799,0.485074744805));
#320 = CARTESIAN_POINT('',(-0.269284173375,0.380538429851));
#321 = CARTESIAN_POINT('',(-0.227187659613,0.327406425206));
#322 = CARTESIAN_POINT('',(-0.18698923463,0.273624293862));
#323 = CARTESIAN_POINT('',(-0.148223555083,0.219357629688));
#324 = CARTESIAN_POINT('',(-0.110491699119,0.164743983146));
#325 = CARTESIAN_POINT('',(-7.343592333644E-02,0.109904598523));
#326 = CARTESIAN_POINT('',(-3.671795118488E-02,5.495229733657E-02));
#327 = CARTESIAN_POINT('',(0.,3.975918285471E-16));
#328 = ( GEOMETRIC_REPRESENTATION_CONTEXT(2) 
PARAMETRIC_REPRESENTATION_CONTEXT() REPRESENTATION_CONTEXT('2D SPACE',''
  ) );
#329 = PCURVE('',#330,#335);
#330 = PLANE('',#331);
#331 = AXIS2_PLACEMENT_3D('',#332,#333,#334);
#332 = CARTESIAN_POINT('',(46.3,33.334213981176,49.888176738153));
#333 = DIRECTION('',(-0.,0.831469612303,-0.55557023302));
#334 = DIRECTION('',(0.,0.55557023302,0.831469612303));
#335 = DEFINITIONAL_REPRESENTATION('',(#336),#344);
#336 = ( BOUNDED_CURVE() B_SPLINE_CURVE(2,(#337,#338,#339,#340,#341,#342
,#343),.UNSPECIFIED.,.T.,.F.) B_SPLINE_CURVE_WITH_KNOTS((1,2,2,2,2,1),(
    -2.094395102393,0.,2.094395102393,4.188790204786,6.28318530718,
8.377580409573),.UNSPECIFIED.) CURVE() GEOMETRIC_REPRESENTATION_ITEM() 
RATIONAL_B_SPLINE_CURVE((1.,0.5,1.,0.5,1.,0.5,1.)) REPRESENTATION_ITEM(
  '') );
#337 = CARTESIAN_POINT('',(-46.2,-14.8));
#338 = CARTESIAN_POINT('',(-46.2,-38.70230114445));
#339 = CARTESIAN_POINT('',(-66.9,-26.75115057222));
#340 = CARTESIAN_POINT('',(-87.6,-14.8));
#341 = CARTESIAN_POINT('',(-66.9,-2.848849427775));
#342 = CARTESIAN_POINT('',(-46.2,9.102301144451));
#343 = CARTESIAN_POINT('',(-46.2,-14.8));
#344 = ( GEOMETRIC_REPRESENTATION_CONTEXT(2) 
PARAMETRIC_REPRESENTATION_CONTEXT() REPRESENTATION_CONTEXT('2D SPACE',''
  ) );
#345 = ORIENTED_EDGE('',*,*,#346,.F.);
#346 = EDGE_CURVE('',#347,#252,#349,.T.);
#347 = VERTEX_POINT('',#348);
#348 = CARTESIAN_POINT('',(43.,3.314051394748,6.870739651084));
#349 = SURFACE_CURVE('',#350,(#355,#396),.PCURVE_S1.);
#350 = CIRCLE('',#351,7.628237017817);
#351 = AXIS2_PLACEMENT_3D('',#352,#353,#354);
#352 = CARTESIAN_POINT('',(43.,0.,0.));
#353 = DIRECTION('',(-1.,-0.,0.));
#354 = DIRECTION('',(-0.,-0.,-1.));
#355 = PCURVE('',#33,#356);
#356 = DEFINITIONAL_REPRESENTATION('',(#357),#395);
#357 = B_SPLINE_CURVE_WITH_KNOTS('',8,(#358,#359,#360,#361,#362,#363,
    #364,#365,#366,#367,#368,#369,#370,#371,#372,#373,#374,#375,#376,
    #377,#378,#379,#380,#381,#382,#383,#384,#385,#386,#387,#388,#389,
    #390,#391,#392,#393,#394),.UNSPECIFIED.,.F.,.F.,(9,7,7,7,7,9),(
    1.570796326795,2.356194490192,2.94524311274,3.387029579652,
    4.049709280018,4.712388980385),.UNSPECIFIED.);
#358 = CARTESIAN_POINT('',(-3.727278197047,-2.482728170517E-14));
#359 = CARTESIAN_POINT('',(-3.727278197047,5.426814622963E-02));
#360 = CARTESIAN_POINT('',(-3.722204139094,0.108536202628));
#361 = CARTESIAN_POINT('',(-3.712056081516,0.162251273077));
#362 = CARTESIAN_POINT('',(-3.696746559015,0.214858178782));
#363 = CARTESIAN_POINT('',(-3.676103682186,0.265776024727));
#364 = CARTESIAN_POINT('',(-3.649894685696,0.314360318553));
#365 = CARTESIAN_POINT('',(-3.617912539438,0.359884457955));
#366 = CARTESIAN_POINT('',(-3.551860010075,0.432841861247));
#367 = CARTESIAN_POINT('',(-3.520310522802,0.461952712425));
#368 = CARTESIAN_POINT('',(-3.485524047139,0.488580188928));
#369 = CARTESIAN_POINT('',(-3.447573258676,0.512385212823));
#370 = CARTESIAN_POINT('',(-3.40663862979,0.533020886408));
#371 = CARTESIAN_POINT('',(-3.363068215338,0.550161916687));
#372 = CARTESIAN_POINT('',(-3.317399593849,0.563543354547));
#373 = CARTESIAN_POINT('',(-3.234950327275,0.580080286016));
#374 = CARTESIAN_POINT('',(-3.198802013993,0.584955869825));
#375 = CARTESIAN_POINT('',(-3.162116465305,0.587547032268));
#376 = CARTESIAN_POINT('',(-3.125206596204,0.58780939207));
#377 = CARTESIAN_POINT('',(-3.08840761442,0.585734436365));
#378 = CARTESIAN_POINT('',(-3.052048578905,0.58135105955));
#379 = CARTESIAN_POINT('',(-3.01642563608,0.574721823021));
#380 = CARTESIAN_POINT('',(-2.929841817844,0.552753812053));
#381 = CARTESIAN_POINT('',(-2.880117749273,0.534717618409));
#382 = CARTESIAN_POINT('',(-2.833473950735,0.512122901747));
#383 = CARTESIAN_POINT('',(-2.790548982517,0.485396929383));
#384 = CARTESIAN_POINT('',(-2.751664491096,0.455040570796));
#385 = CARTESIAN_POINT('',(-2.716923759879,0.421547849321));
#386 = CARTESIAN_POINT('',(-2.686315616587,0.385389478752));
#387 = CARTESIAN_POINT('',(-2.63322413802,0.308618830544));
#388 = CARTESIAN_POINT('',(-2.610740851198,0.26800654287));
#389 = CARTESIAN_POINT('',(-2.592250196753,0.225606272768));
#390 = CARTESIAN_POINT('',(-2.577625084944,0.181825011133));
#391 = CARTESIAN_POINT('',(-2.566743920662,0.137033849179));
#392 = CARTESIAN_POINT('',(-2.559519421191,9.157747593219E-02));
#393 = CARTESIAN_POINT('',(-2.555907110133,4.578874838125E-02));
#394 = CARTESIAN_POINT('',(-2.555907110133,-2.44464123603E-14));
#395 = ( GEOMETRIC_REPRESENTATION_CONTEXT(2) 
PARAMETRIC_REPRESENTATION_CONTEXT() REPRESENTATION_CONTEXT('2D SPACE',''
  ) );
#396 = PCURVE('',#397,#402);
#397 = CONICAL_SURFACE('',#398,0.,0.585685543457);
#398 = AXIS2_PLACEMENT_3D('',#399,#400,#401);
#399 = CARTESIAN_POINT('',(31.5,0.,0.));
#400 = DIRECTION('',(1.,-0.,-0.));
#401 = DIRECTION('',(-0.,-0.,-1.));
#402 = DEFINITIONAL_REPRESENTATION('',(#403),#407);
#403 = LINE('',#404,#405);
#404 = CARTESIAN_POINT('',(-0.,11.5));
#405 = VECTOR('',#406,1.);
#406 = DIRECTION('',(-1.,0.));
#407 = ( GEOMETRIC_REPRESENTATION_CONTEXT(2) 
PARAMETRIC_REPRESENTATION_CONTEXT() REPRESENTATION_CONTEXT('2D SPACE',''
  ) );
#408 = ORIENTED_EDGE('',*,*,#409,.T.);
#409 = EDGE_CURVE('',#347,#410,#412,.T.);
#410 = VERTEX_POINT('',#411);
#411 = CARTESIAN_POINT('',(42.130145812735,3.823118265159,7.926144506039
    ));
#412 = SURFACE_CURVE('',#413,(#418,#428),.PCURVE_S1.);
#413 = CIRCLE('',#414,13.8);
#414 = AXIS2_PLACEMENT_3D('',#415,#416,#417);
#415 = CARTESIAN_POINT('',(31.5,-3.199922955313E-15,1.543459608671E-15)
  );
#416 = DIRECTION('',(0.,-0.900698239323,0.434445257404));
#417 = DIRECTION('',(-0.,0.434445257404,0.900698239323));
#418 = PCURVE('',#33,#419);
#419 = DEFINITIONAL_REPRESENTATION('',(#420),#427);
#420 = B_SPLINE_CURVE_WITH_KNOTS('',5,(#421,#422,#423,#424,#425,#426),
  .UNSPECIFIED.,.F.,.F.,(6,6),(5.247904253515,5.403873174388),
  .PIECEWISE_BEZIER_KNOTS.);
#421 = CARTESIAN_POINT('',(-2.889307030306,0.477558407426));
#422 = CARTESIAN_POINT('',(-2.872125570388,0.504765192806));
#423 = CARTESIAN_POINT('',(-2.854339345104,0.531821363248));
#424 = CARTESIAN_POINT('',(-2.835857157194,0.558703061083));
#425 = CARTESIAN_POINT('',(-2.816571546976,0.585381727002));
#426 = CARTESIAN_POINT('',(-2.796348090968,0.61182003378));
#427 = ( GEOMETRIC_REPRESENTATION_CONTEXT(2) 
PARAMETRIC_REPRESENTATION_CONTEXT() REPRESENTATION_CONTEXT('2D SPACE',''
  ) );
#428 = PCURVE('',#429,#434);
#429 = PLANE('',#430);
#430 = AXIS2_PLACEMENT_3D('',#431,#432,#433);
#431 = CARTESIAN_POINT('',(49.9,26.066715444265,54.041894359355));
#432 = DIRECTION('',(-0.,0.900698239323,-0.434445257404));
#433 = DIRECTION('',(0.,0.434445257404,0.900698239323));
#434 = DEFINITIONAL_REPRESENTATION('',(#435),#443);
#435 = ( BOUNDED_CURVE() B_SPLINE_CURVE(2,(#436,#437,#438,#439,#440,#441
,#442),.UNSPECIFIED.,.T.,.F.) B_SPLINE_CURVE_WITH_KNOTS((1,2,2,2,2,1),(
    -2.094395102393,0.,2.094395102393,4.188790204786,6.28318530718,
8.377580409573),.UNSPECIFIED.) CURVE() GEOMETRIC_REPRESENTATION_ITEM() 
RATIONAL_B_SPLINE_CURVE((1.,0.5,1.,0.5,1.,0.5,1.)) REPRESENTATION_ITEM(
  '') );
#436 = CARTESIAN_POINT('',(-46.2,-18.4));
#437 = CARTESIAN_POINT('',(-46.2,-42.30230114445));
#438 = CARTESIAN_POINT('',(-66.9,-30.35115057222));
#439 = CARTESIAN_POINT('',(-87.6,-18.4));
#440 = CARTESIAN_POINT('',(-66.9,-6.448849427775));
#441 = CARTESIAN_POINT('',(-46.2,5.502301144451));
#442 = CARTESIAN_POINT('',(-46.2,-18.4));
#443 = ( GEOMETRIC_REPRESENTATION_CONTEXT(2) 
PARAMETRIC_REPRESENTATION_CONTEXT() REPRESENTATION_CONTEXT('2D SPACE',''
  ) );
#444 = ORIENTED_EDGE('',*,*,#445,.T.);
#445 = EDGE_CURVE('',#410,#446,#448,.T.);
#446 = VERTEX_POINT('',#447);
#447 = CARTESIAN_POINT('',(42.130145812735,0.575547537225,8.7811585245)
  );
#448 = SURFACE_CURVE('',#449,(#454,#466),.PCURVE_S1.);
#449 = CIRCLE('',#450,8.8);
#450 = AXIS2_PLACEMENT_3D('',#451,#452,#453);
#451 = CARTESIAN_POINT('',(42.130145812735,0.,0.));
#452 = DIRECTION('',(1.,-0.,0.));
#453 = DIRECTION('',(-0.,-0.,1.));
#454 = PCURVE('',#33,#455);
#455 = DEFINITIONAL_REPRESENTATION('',(#456),#465);
#456 = B_SPLINE_CURVE_WITH_KNOTS('',7,(#457,#458,#459,#460,#461,#462,
    #463,#464),.UNSPECIFIED.,.F.,.F.,(8,8),(5.833763024791,6.21773546023
    ),.PIECEWISE_BEZIER_KNOTS.);
#457 = CARTESIAN_POINT('',(-2.796348090968,0.61182003378));
#458 = CARTESIAN_POINT('',(-2.832563825186,0.630383829482));
#459 = CARTESIAN_POINT('',(-2.870998156201,0.646766747277));
#460 = CARTESIAN_POINT('',(-2.91150007557,0.660768655548));
#461 = CARTESIAN_POINT('',(-2.953821998612,0.672199313298));
#462 = CARTESIAN_POINT('',(-2.99759054045,0.680894829595));
#463 = CARTESIAN_POINT('',(-3.042322808085,0.686747463391));
#464 = CARTESIAN_POINT('',(-3.087502508798,0.689713034618));
#465 = ( GEOMETRIC_REPRESENTATION_CONTEXT(2) 
PARAMETRIC_REPRESENTATION_CONTEXT() REPRESENTATION_CONTEXT('2D SPACE',''
  ) );
#466 = PCURVE('',#467,#472);
#467 = CYLINDRICAL_SURFACE('',#468,8.8);
#468 = AXIS2_PLACEMENT_3D('',#469,#470,#471);
#469 = CARTESIAN_POINT('',(49.9,0.,0.));
#470 = DIRECTION('',(-1.,-0.,-0.));
#471 = DIRECTION('',(-0.,-0.,1.));
#472 = DEFINITIONAL_REPRESENTATION('',(#473),#477);
#473 = LINE('',#474,#475);
#474 = CARTESIAN_POINT('',(-0.,7.769854187265));
#475 = VECTOR('',#476,1.);
#476 = DIRECTION('',(-1.,0.));
#477 = ( GEOMETRIC_REPRESENTATION_CONTEXT(2) 
PARAMETRIC_REPRESENTATION_CONTEXT() REPRESENTATION_CONTEXT('2D SPACE',''
  ) );
#478 = ORIENTED_EDGE('',*,*,#479,.T.);
#479 = EDGE_CURVE('',#446,#480,#482,.T.);
#480 = VERTEX_POINT('',#481);
#481 = CARTESIAN_POINT('',(43.,0.498910571474,7.611904376808));
#482 = SURFACE_CURVE('',#483,(#488,#499),.PCURVE_S1.);
#483 = CIRCLE('',#484,13.8);
#484 = AXIS2_PLACEMENT_3D('',#485,#486,#487);
#485 = CARTESIAN_POINT('',(31.5,0.,0.));
#486 = DIRECTION('',(0.,0.997858923239,-6.540312923014E-02));
#487 = DIRECTION('',(-0.,-6.540312923014E-02,-0.997858923239));
#488 = PCURVE('',#33,#489);
#489 = DEFINITIONAL_REPRESENTATION('',(#490),#498);
#490 = B_SPLINE_CURVE_WITH_KNOTS('',6,(#491,#492,#493,#494,#495,#496,
    #497),.UNSPECIFIED.,.F.,.F.,(7,7),(4.020904786381,4.233719844338),
  .PIECEWISE_BEZIER_KNOTS.);
#491 = CARTESIAN_POINT('',(-3.087502508798,0.689713034618));
#492 = CARTESIAN_POINT('',(-3.091400654842,0.654371563666));
#493 = CARTESIAN_POINT('',(-3.095026081071,0.619021142126));
#494 = CARTESIAN_POINT('',(-3.098431938486,0.583663517209));
#495 = CARTESIAN_POINT('',(-3.101655277453,0.548299905613));
#496 = CARTESIAN_POINT('',(-3.104725576844,0.512931275141));
#497 = CARTESIAN_POINT('',(-3.107666655035,0.477558407426));
#498 = ( GEOMETRIC_REPRESENTATION_CONTEXT(2) 
PARAMETRIC_REPRESENTATION_CONTEXT() REPRESENTATION_CONTEXT('2D SPACE',''
  ) );
#499 = PCURVE('',#500,#505);
#500 = PLANE('',#501);
#501 = AXIS2_PLACEMENT_3D('',#502,#503,#504);
#502 = CARTESIAN_POINT('',(49.9,0.,0.));
#503 = DIRECTION('',(-0.,-0.997858923239,6.540312923014E-02));
#504 = DIRECTION('',(0.,-6.540312923014E-02,-0.997858923239));
#505 = DEFINITIONAL_REPRESENTATION('',(#506),#514);
#506 = ( BOUNDED_CURVE() B_SPLINE_CURVE(2,(#507,#508,#509,#510,#511,#512
,#513),.UNSPECIFIED.,.T.,.F.) B_SPLINE_CURVE_WITH_KNOTS((1,2,2,2,2,1),(
    -2.094395102393,0.,2.094395102393,4.188790204786,6.28318530718,
8.377580409573),.UNSPECIFIED.) CURVE() GEOMETRIC_REPRESENTATION_ITEM() 
RATIONAL_B_SPLINE_CURVE((1.,0.5,1.,0.5,1.,0.5,1.)) REPRESENTATION_ITEM(
  '') );
#507 = CARTESIAN_POINT('',(13.8,-18.4));
#508 = CARTESIAN_POINT('',(13.8,-42.30230114445));
#509 = CARTESIAN_POINT('',(-6.9,-30.35115057222));
#510 = CARTESIAN_POINT('',(-27.6,-18.4));
#511 = CARTESIAN_POINT('',(-6.9,-6.448849427775));
#512 = CARTESIAN_POINT('',(13.8,5.502301144451));
#513 = CARTESIAN_POINT('',(13.8,-18.4));
#514 = ( GEOMETRIC_REPRESENTATION_CONTEXT(2) 
PARAMETRIC_REPRESENTATION_CONTEXT() REPRESENTATION_CONTEXT('2D SPACE',''
  ) );
#515 = ORIENTED_EDGE('',*,*,#516,.F.);
#516 = EDGE_CURVE('',#517,#480,#519,.T.);
#517 = VERTEX_POINT('',#518);
#518 = CARTESIAN_POINT('',(43.,-0.565317128243,7.607260778001));
#519 = SURFACE_CURVE('',#520,(#525,#566),.PCURVE_S1.);
#520 = CIRCLE('',#521,7.628237017817);
#521 = AXIS2_PLACEMENT_3D('',#522,#523,#524);
#522 = CARTESIAN_POINT('',(43.,0.,0.));
#523 = DIRECTION('',(-1.,-0.,0.));
#524 = DIRECTION('',(-0.,-0.,-1.));
#525 = PCURVE('',#33,#526);
#526 = DEFINITIONAL_REPRESENTATION('',(#527),#565);
#527 = B_SPLINE_CURVE_WITH_KNOTS('',8,(#528,#529,#530,#531,#532,#533,
    #534,#535,#536,#537,#538,#539,#540,#541,#542,#543,#544,#545,#546,
    #547,#548,#549,#550,#551,#552,#553,#554,#555,#556,#557,#558,#559,
    #560,#561,#562,#563,#564),.UNSPECIFIED.,.F.,.F.,(9,7,7,7,7,9),(
    1.570796326795,2.356194490192,2.94524311274,3.387029579652,
    4.049709280018,4.712388980385),.UNSPECIFIED.);
#528 = CARTESIAN_POINT('',(-3.727278197047,-2.482728170517E-14));
#529 = CARTESIAN_POINT('',(-3.727278197047,5.426814622963E-02));
#530 = CARTESIAN_POINT('',(-3.722204139094,0.108536202628));
#531 = CARTESIAN_POINT('',(-3.712056081516,0.162251273077));
#532 = CARTESIAN_POINT('',(-3.696746559015,0.214858178782));
#533 = CARTESIAN_POINT('',(-3.676103682186,0.265776024727));
#534 = CARTESIAN_POINT('',(-3.649894685696,0.314360318553));
#535 = CARTESIAN_POINT('',(-3.617912539438,0.359884457955));
#536 = CARTESIAN_POINT('',(-3.551860010075,0.432841861247));
#537 = CARTESIAN_POINT('',(-3.520310522802,0.461952712425));
#538 = CARTESIAN_POINT('',(-3.485524047139,0.488580188928));
#539 = CARTESIAN_POINT('',(-3.447573258676,0.512385212823));
#540 = CARTESIAN_POINT('',(-3.40663862979,0.533020886408));
#541 = CARTESIAN_POINT('',(-3.363068215338,0.550161916687));
#542 = CARTESIAN_POINT('',(-3.317399593849,0.563543354547));
#543 = CARTESIAN_POINT('',(-3.234950327275,0.580080286016));
#544 = CARTESIAN_POINT('',(-3.198802013993,0.584955869825));
#545 = CARTESIAN_POINT('',(-3.162116465305,0.587547032268));
#546 = CARTESIAN_POINT('',(-3.125206596204,0.58780939207));
#547 = CARTESIAN_POINT('',(-3.08840761442,0.585734436365));
#548 = CARTESIAN_POINT('',(-3.052048578905,0.58135105955));
#549 = CARTESIAN_POINT('',(-3.01642563608,0.574721823021));
#550 = CARTESIAN_POINT('',(-2.929841817844,0.552753812053));
#551 = CARTESIAN_POINT('',(-2.880117749273,0.534717618409));
#552 = CARTESIAN_POINT('',(-2.833473950735,0.512122901747));
#553 = CARTESIAN_POINT('',(-2.790548982517,0.485396929383));
#554 = CARTESIAN_POINT('',(-2.751664491096,0.455040570796));
#555 = CARTESIAN_POINT('',(-2.716923759879,0.421547849321));
#556 = CARTESIAN_POINT('',(-2.686315616587,0.385389478752));
#557 = CARTESIAN_POINT('',(-2.63322413802,0.308618830544));
#558 = CARTESIAN_POINT('',(-2.610740851198,0.26800654287));
#559 = CARTESIAN_POINT('',(-2.592250196753,0.225606272768));
#560 = CARTESIAN_POINT('',(-2.577625084944,0.181825011133));
#561 = CARTESIAN_POINT('',(-2.566743920662,0.137033849179));
#562 = CARTESIAN_POINT('',(-2.559519421191,9.157747593219E-02));
#563 = CARTESIAN_POINT('',(-2.555907110133,4.578874838125E-02));
#564 = CARTESIAN_POINT('',(-2.555907110133,-2.44464123603E-14));
#565 = ( GEOMETRIC_REPRESENTATION_CONTEXT(2) 
PARAMETRIC_REPRESENTATION_CONTEXT() REPRESENTATION_CONTEXT('2D SPACE',''
  ) );
#566 = PCURVE('',#567,#572);
#567 = CONICAL_SURFACE('',#568,0.,0.585685543457);
#568 = AXIS2_PLACEMENT_3D('',#569,#570,#571);
#569 = CARTESIAN_POINT('',(31.5,0.,0.));
#570 = DIRECTION('',(1.,-0.,-0.));
#571 = DIRECTION('',(-0.,-0.,-1.));
#572 = DEFINITIONAL_REPRESENTATION('',(#573),#577);
#573 = LINE('',#574,#575);
#574 = CARTESIAN_POINT('',(-0.,11.5));
#575 = VECTOR('',#576,1.);
#576 = DIRECTION('',(-1.,0.));
#577 = ( GEOMETRIC_REPRESENTATION_CONTEXT(2) 
PARAMETRIC_REPRESENTATION_CONTEXT() REPRESENTATION_CONTEXT('2D SPACE',''
  ) );
#578 = ORIENTED_EDGE('',*,*,#579,.F.);
#579 = EDGE_CURVE('',#580,#517,#582,.T.);
#580 = VERTEX_POINT('',#581);
#581 = CARTESIAN_POINT('',(20.,-0.565317128243,7.607260778001));
#582 = SURFACE_CURVE('',#583,(#588,#727),.PCURVE_S1.);
#583 = CIRCLE('',#584,13.8);
#584 = AXIS2_PLACEMENT_3D('',#585,#586,#587);
#585 = CARTESIAN_POINT('',(31.5,0.,0.));
#586 = DIRECTION('',(-0.,0.997250185099,7.41084901954E-02));
#587 = DIRECTION('',(-0.,7.41084901954E-02,-0.997250185099));
#588 = PCURVE('',#33,#589);
#589 = DEFINITIONAL_REPRESENTATION('',(#590),#726);
#590 = B_SPLINE_CURVE_WITH_KNOTS('',8,(#591,#592,#593,#594,#595,#596,
    #597,#598,#599,#600,#601,#602,#603,#604,#605,#606,#607,#608,#609,
    #610,#611,#612,#613,#614,#615,#616,#617,#618,#619,#620,#621,#622,
    #623,#624,#625,#626,#627,#628,#629,#630,#631,#632,#633,#634,#635,
    #636,#637,#638,#639,#640,#641,#642,#643,#644,#645,#646,#647,#648,
    #649,#650,#651,#652,#653,#654,#655,#656,#657,#658,#659,#660,#661,
    #662,#663,#664,#665,#666,#667,#668,#669,#670,#671,#672,#673,#674,
    #675,#676,#677,#678,#679,#680,#681,#682,#683,#684,#685,#686,#687,
    #688,#689,#690,#691,#692,#693,#694,#695,#696,#697,#698,#699,#700,
    #701,#702,#703,#704,#705,#706,#707,#708,#709,#710,#711,#712,#713,
    #714,#715,#716,#717,#718,#719,#720,#721,#722,#723,#724,#725),
  .UNSPECIFIED.,.F.,.F.,(9,7,7,7,7,7,7,7,7,7,7,7,7,7,7,7,7,7,7,9),(
    1.570796326795,1.963495408494,2.30710710498,2.607767339406,
    2.739306191967,2.862623866243,2.978234185877,3.032426523205,
    3.084925349992,3.110354469217,3.135386258454,3.160026925984,
    3.208538240184,3.255533575815,3.346587038601,3.431949659962,
    3.592004575015,3.872100676358,4.292244828371,4.712388980385),
  .UNSPECIFIED.);
#591 = CARTESIAN_POINT('',(-6.28318530718,1.9318422479E-15));
#592 = CARTESIAN_POINT('',(-6.279547515174,4.895240398906E-02));
#593 = CARTESIAN_POINT('',(-6.275909695219,9.790480693276E-02));
#594 = CARTESIAN_POINT('',(-6.272245412577,0.146856226643));
#595 = CARTESIAN_POINT('',(-6.268527879682,0.195805667738));
#596 = CARTESIAN_POINT('',(-6.264728992206,0.244752085853));
#597 = CARTESIAN_POINT('',(-6.260817473585,0.293694318531));
#598 = CARTESIAN_POINT('',(-6.256756127989,0.342630982793));
#599 = CARTESIAN_POINT('',(-6.248772516291,0.434373526411));
#600 = CARTESIAN_POINT('',(-6.244896312573,0.477181118089));
#601 = CARTESIAN_POINT('',(-6.240838065661,0.519981941601));
#602 = CARTESIAN_POINT('',(-6.23656070517,0.562774617573));
#603 = CARTESIAN_POINT('',(-6.23201823795,0.605557433482));
#604 = CARTESIAN_POINT('',(-6.227153194752,0.648328248744));
#605 = CARTESIAN_POINT('',(-6.221889832623,0.691084240266));
#606 = CARTESIAN_POINT('',(-6.211067692975,0.77121622204));
#607 = CARTESIAN_POINT('',(-6.205628047353,0.808596648722));
#608 = CARTESIAN_POINT('',(-6.199725415576,0.845959827527));
#609 = CARTESIAN_POINT('',(-6.193264707996,0.883302204667));
#610 = CARTESIAN_POINT('',(-6.186123962172,0.920619223365));
#611 = CARTESIAN_POINT('',(-6.178130152888,0.957904398914));
#612 = CARTESIAN_POINT('',(-6.169046283783,0.995148854045));
#613 = CARTESIAN_POINT('',(-6.15382181994,1.048606632396));
#614 = CARTESIAN_POINT('',(-6.148899772883,1.06486558679));
#615 = CARTESIAN_POINT('',(-6.143654494615,1.081112429152));
#616 = CARTESIAN_POINT('',(-6.13804402358,1.097345575116));
#617 = CARTESIAN_POINT('',(-6.13201826884,1.113563131623));
#618 = CARTESIAN_POINT('',(-6.125515824419,1.129762773902));
#619 = CARTESIAN_POINT('',(-6.118458482436,1.145941531583));
#620 = CARTESIAN_POINT('',(-6.103510597453,1.177239814225));
#621 = CARTESIAN_POINT('',(-6.095699679819,1.192362342447));
#622 = CARTESIAN_POINT('',(-6.087225525677,1.207459818005));
#623 = CARTESIAN_POINT('',(-6.07798413455,1.222528267197));
#624 = CARTESIAN_POINT('',(-6.067843313895,1.237562609598));
#625 = CARTESIAN_POINT('',(-6.056634565418,1.252556351388));
#626 = CARTESIAN_POINT('',(-6.044133070357,1.267500778256));
#627 = CARTESIAN_POINT('',(-6.016774713916,1.296335219477));
#628 = CARTESIAN_POINT('',(-6.00211384746,1.310232753645));
#629 = CARTESIAN_POINT('',(-5.985761132688,1.324065121614));
#630 = CARTESIAN_POINT('',(-5.967367750422,1.337818439142));
#631 = CARTESIAN_POINT('',(-5.946472362757,1.351474450702));
#632 = CARTESIAN_POINT('',(-5.922433332179,1.365006835796));
#633 = CARTESIAN_POINT('',(-5.894335290306,1.378378428227));
#634 = CARTESIAN_POINT('',(-5.8448647726,1.397683834759));
#635 = CARTESIAN_POINT('',(-5.827849329101,1.403795149419));
#636 = CARTESIAN_POINT('',(-5.809449978636,1.409849605858));
#637 = CARTESIAN_POINT('',(-5.789479802187,1.415838900668));
#638 = CARTESIAN_POINT('',(-5.767715804627,1.421752850569));
#639 = CARTESIAN_POINT('',(-5.743887098671,1.427578774669));
#640 = CARTESIAN_POINT('',(-5.717661985248,1.433300488617));
#641 = CARTESIAN_POINT('',(-5.660522115092,1.444318011853));
#642 = CARTESIAN_POINT('',(-5.629779424723,1.449621533914));
#643 = CARTESIAN_POINT('',(-5.596046152995,1.454787951264));
#644 = CARTESIAN_POINT('',(-5.558893422733,1.45979322592));
#645 = CARTESIAN_POINT('',(-5.517833016998,1.464607851747));
#646 = CARTESIAN_POINT('',(-5.472305625009,1.469194260967));
#647 = CARTESIAN_POINT('',(-5.421733562694,1.473504793381));
#648 = CARTESIAN_POINT('',(-5.338587538401,1.479409422147));
#649 = CARTESIAN_POINT('',(-5.310178810992,1.481258146552));
#650 = CARTESIAN_POINT('',(-5.280448400972,1.483022371604));
#651 = CARTESIAN_POINT('',(-5.249360703012,1.484695171869));
#652 = CARTESIAN_POINT('',(-5.216896001243,1.486269173086));
#653 = CARTESIAN_POINT('',(-5.183057262314,1.487736689731));
#654 = CARTESIAN_POINT('',(-5.147877042473,1.489089973695));
#655 = CARTESIAN_POINT('',(-5.07554154572,1.49153393072));
#656 = CARTESIAN_POINT('',(-5.038425605266,1.492628372907));
#657 = CARTESIAN_POINT('',(-5.000142495755,1.493597815517));
#658 = CARTESIAN_POINT('',(-4.960790646475,1.494435401364));
#659 = CARTESIAN_POINT('',(-4.920506996549,1.495134938146));
#660 = CARTESIAN_POINT('',(-4.879465975009,1.495691286617));
#661 = CARTESIAN_POINT('',(-4.837871571931,1.496100699997));
#662 = CARTESIAN_POINT('',(-4.754668571124,1.496617460245));
#663 = CARTESIAN_POINT('',(-4.713070355222,1.496729422287));
#664 = CARTESIAN_POINT('',(-4.671356419461,1.496695014505));
#665 = CARTESIAN_POINT('',(-4.62974955364,1.496513764215));
#666 = CARTESIAN_POINT('',(-4.588473262984,1.496186906299));
#667 = CARTESIAN_POINT('',(-4.547735546714,1.495717296198));
#668 = CARTESIAN_POINT('',(-4.507716130651,1.495109134397));
#669 = CARTESIAN_POINT('',(-4.391481228489,1.492907689205));
#670 = CARTESIAN_POINT('',(-4.317758120942,1.490930821125));
#671 = CARTESIAN_POINT('',(-4.248524098344,1.4884764463));
#672 = CARTESIAN_POINT('',(-4.184437467138,1.485599000825));
#673 = CARTESIAN_POINT('',(-4.125528787114,1.482356715051));
#674 = CARTESIAN_POINT('',(-4.071564219357,1.478800590332));
#675 = CARTESIAN_POINT('',(-4.022183142273,1.474975223493));
#676 = CARTESIAN_POINT('',(-3.933198412299,1.466987974852));
#677 = CARTESIAN_POINT('',(-3.893337512292,1.462840346316));
#678 = CARTESIAN_POINT('',(-3.857036902686,1.458509562713));
#679 = CARTESIAN_POINT('',(-3.823897431152,1.454023805728));
#680 = CARTESIAN_POINT('',(-3.793552219634,1.449405749457));
#681 = CARTESIAN_POINT('',(-3.765681036657,1.44467372017));
#682 = CARTESIAN_POINT('',(-3.740002610402,1.43984285272));
#683 = CARTESIAN_POINT('',(-3.670302552427,1.425398514449));
#684 = CARTESIAN_POINT('',(-3.631652990788,1.415547241813));
#685 = CARTESIAN_POINT('',(-3.598561780351,1.405462738009));
#686 = CARTESIAN_POINT('',(-3.569801980317,1.3951994254));
#687 = CARTESIAN_POINT('',(-3.544530173645,1.384794924606));
#688 = CARTESIAN_POINT('',(-3.522105953256,1.374276165874));
#689 = CARTESIAN_POINT('',(-3.502050986668,1.363663302805));
#690 = CARTESIAN_POINT('',(-3.467057908546,1.342948476286));
#691 = CARTESIAN_POINT('',(-3.451878394671,1.332856039363));
#692 = CARTESIAN_POINT('',(-3.438143056112,1.322707189072));
#693 = CARTESIAN_POINT('',(-3.42562555135,1.312511050728));
#694 = CARTESIAN_POINT('',(-3.414150644923,1.302274613466));
#695 = CARTESIAN_POINT('',(-3.40357811924,1.292003435539));
#696 = CARTESIAN_POINT('',(-3.39379456379,1.281701972309));
#697 = CARTESIAN_POINT('',(-3.367664970378,1.252008773774));
#698 = CARTESIAN_POINT('',(-3.353067320148,1.23255010628));
#699 = CARTESIAN_POINT('',(-3.340294470812,1.213022106613));
#700 = CARTESIAN_POINT('',(-3.328971251734,1.193439183279));
#701 = CARTESIAN_POINT('',(-3.318824174425,1.173811839869));
#702 = CARTESIAN_POINT('',(-3.309654679442,1.154147635774));
#703 = CARTESIAN_POINT('',(-3.301308360917,1.134452448406));
#704 = CARTESIAN_POINT('',(-3.280287653413,1.080218070789));
#705 = CARTESIAN_POINT('',(-3.269061895601,1.045624426512));
#706 = CARTESIAN_POINT('',(-3.259339749056,1.010974480586));
#707 = CARTESIAN_POINT('',(-3.250778104648,0.976281118194));
#708 = CARTESIAN_POINT('',(-3.24312718685,0.941553740106));
#709 = CARTESIAN_POINT('',(-3.236217837058,0.90679867725));
#710 = CARTESIAN_POINT('',(-3.229918778594,0.872020849595));
#711 = CARTESIAN_POINT('',(-3.21544811842,0.785028669802));
#712 = CARTESIAN_POINT('',(-3.207914878089,0.732790517585));
#713 = CARTESIAN_POINT('',(-3.201193883526,0.680522122926));
#714 = CARTESIAN_POINT('',(-3.195097280543,0.628230488489));
#715 = CARTESIAN_POINT('',(-3.189486601075,0.575920778134));
#716 = CARTESIAN_POINT('',(-3.184264067814,0.52359663164));
#717 = CARTESIAN_POINT('',(-3.179351892849,0.471260945297));
#718 = CARTESIAN_POINT('',(-3.170024499718,0.366571097311));
#719 = CARTESIAN_POINT('',(-3.165609203822,0.314216938597));
#720 = CARTESIAN_POINT('',(-3.161380544185,0.261855843188));
#721 = CARTESIAN_POINT('',(-3.157290903195,0.209489581701));
#722 = CARTESIAN_POINT('',(-3.153301200207,0.157119606682));
#723 = CARTESIAN_POINT('',(-3.149376763594,0.104747206552));
#724 = CARTESIAN_POINT('',(-3.145484684686,5.23736041705E-02));
#725 = CARTESIAN_POINT('',(-3.14159265359,1.831918870697E-16));
#726 = ( GEOMETRIC_REPRESENTATION_CONTEXT(2) 
PARAMETRIC_REPRESENTATION_CONTEXT() REPRESENTATION_CONTEXT('2D SPACE',''
  ) );
#727 = PCURVE('',#728,#733);
#728 = PLANE('',#729);
#729 = AXIS2_PLACEMENT_3D('',#730,#731,#732);
#730 = CARTESIAN_POINT('',(46.3,0.,0.));
#731 = DIRECTION('',(-0.,-0.997250185099,-7.41084901954E-02));
#732 = DIRECTION('',(0.,7.41084901954E-02,-0.997250185099));
#733 = DEFINITIONAL_REPRESENTATION('',(#734),#742);
#734 = ( BOUNDED_CURVE() B_SPLINE_CURVE(2,(#735,#736,#737,#738,#739,#740
,#741),.UNSPECIFIED.,.T.,.F.) B_SPLINE_CURVE_WITH_KNOTS((1,2,2,2,2,1),(
    -2.094395102393,0.,2.094395102393,4.188790204786,6.28318530718,
8.377580409573),.UNSPECIFIED.) CURVE() GEOMETRIC_REPRESENTATION_ITEM() 
RATIONAL_B_SPLINE_CURVE((1.,0.5,1.,0.5,1.,0.5,1.)) REPRESENTATION_ITEM(
  '') );
#735 = CARTESIAN_POINT('',(13.8,-14.8));
#736 = CARTESIAN_POINT('',(13.8,-38.70230114445));
#737 = CARTESIAN_POINT('',(-6.9,-26.75115057222));
#738 = CARTESIAN_POINT('',(-27.6,-14.8));
#739 = CARTESIAN_POINT('',(-6.9,-2.848849427775));
#740 = CARTESIAN_POINT('',(13.8,9.102301144451));
#741 = CARTESIAN_POINT('',(13.8,-14.8));
#742 = ( GEOMETRIC_REPRESENTATION_CONTEXT(2) 
PARAMETRIC_REPRESENTATION_CONTEXT() REPRESENTATION_CONTEXT('2D SPACE',''
  ) );
#743 = ORIENTED_EDGE('',*,*,#744,.F.);
#744 = EDGE_CURVE('',#22,#580,#745,.T.);
#745 = SURFACE_CURVE('',#746,(#751,#778),.PCURVE_S1.);
#746 = CIRCLE('',#747,7.628237017817);
#747 = AXIS2_PLACEMENT_3D('',#748,#749,#750);
#748 = CARTESIAN_POINT('',(20.,0.,0.));
#749 = DIRECTION('',(1.,-0.,0.));
#750 = DIRECTION('',(-0.,-0.,1.));
#751 = PCURVE('',#33,#752);
#752 = DEFINITIONAL_REPRESENTATION('',(#753),#777);
#753 = B_SPLINE_CURVE_WITH_KNOTS('',8,(#754,#755,#756,#757,#758,#759,
    #760,#761,#762,#763,#764,#765,#766,#767,#768,#769,#770,#771,#772,
    #773,#774,#775,#776),.UNSPECIFIED.,.F.,.F.,(9,7,7,9),(0.,
    0.392699081699,0.981747704247,1.570796326795),.UNSPECIFIED.);
#754 = CARTESIAN_POINT('',(-6.28318530718,0.585685543457));
#755 = CARTESIAN_POINT('',(-6.250624419442,0.585685543457));
#756 = CARTESIAN_POINT('',(-6.218063546753,0.58385887957));
#757 = CARTESIAN_POINT('',(-6.185727350952,0.580205568836));
#758 = CARTESIAN_POINT('',(-6.153840884113,0.57474734002));
#759 = CARTESIAN_POINT('',(-6.12261515144,0.567527873262));
#760 = CARTESIAN_POINT('',(-6.09223525083,0.55860958717));
#761 = CARTESIAN_POINT('',(-6.062853822616,0.548068833864));
#762 = CARTESIAN_POINT('',(-5.99220062369,0.517875155433));
#763 = CARTESIAN_POINT('',(-5.952329008914,0.496301341624));
#764 = CARTESIAN_POINT('',(-5.915387950156,0.471559303505));
#765 = CARTESIAN_POINT('',(-5.881629191619,0.443986410245));
#766 = CARTESIAN_POINT('',(-5.851146468081,0.413932964104));
#767 = CARTESIAN_POINT('',(-5.823942391216,0.38173460053));
#768 = CARTESIAN_POINT('',(-5.799970556455,0.347707563844));
#769 = CARTESIAN_POINT('',(-5.758358854796,0.276587296369));
#770 = CARTESIAN_POINT('',(-5.740718994403,0.239494062637));
#771 = CARTESIAN_POINT('',(-5.726178829477,0.201163412597));
#772 = CARTESIAN_POINT('',(-5.714652290026,0.161870383599));
#773 = CARTESIAN_POINT('',(-5.706062201799,0.121869850312));
#774 = CARTESIAN_POINT('',(-5.700353931615,8.140221197913E-02));
#775 = CARTESIAN_POINT('',(-5.697499763722,4.070110967222E-02));
#776 = CARTESIAN_POINT('',(-5.697499763722,-2.488232657982E-14));
#777 = ( GEOMETRIC_REPRESENTATION_CONTEXT(2) 
PARAMETRIC_REPRESENTATION_CONTEXT() REPRESENTATION_CONTEXT('2D SPACE',''
  ) );
#778 = PCURVE('',#86,#779);
#779 = DEFINITIONAL_REPRESENTATION('',(#780),#784);
#780 = LINE('',#781,#782);
#781 = CARTESIAN_POINT('',(-6.28318530718,11.5));
#782 = VECTOR('',#783,1.);
#783 = DIRECTION('',(-1.,0.));
#784 = ( GEOMETRIC_REPRESENTATION_CONTEXT(2) 
PARAMETRIC_REPRESENTATION_CONTEXT() REPRESENTATION_CONTEXT('2D SPACE',''
  ) );
#785 = ORIENTED_EDGE('',*,*,#21,.T.);
#786 = ADVANCED_FACE('',(#787),#86,.F.);
#787 = FACE_BOUND('',#788,.T.);
#788 = EDGE_LOOP('',(#789,#790,#791,#814,#860,#904));
#789 = ORIENTED_EDGE('',*,*,#744,.F.);
#790 = ORIENTED_EDGE('',*,*,#52,.F.);
#791 = ORIENTED_EDGE('',*,*,#792,.F.);
#792 = EDGE_CURVE('',#793,#53,#795,.T.);
#793 = VERTEX_POINT('',#794);
#794 = CARTESIAN_POINT('',(21.,0.45552704352,6.94999964839));
#795 = SURFACE_CURVE('',#796,(#800,#807),.PCURVE_S1.);
#796 = LINE('',#797,#798);
#797 = CARTESIAN_POINT('',(31.5,0.,0.));
#798 = VECTOR('',#799,1.);
#799 = DIRECTION('',(-0.833333333333,3.615293996192E-02,0.551587273682)
  );
#800 = PCURVE('',#86,#801);
#801 = DEFINITIONAL_REPRESENTATION('',(#802),#806);
#802 = LINE('',#803,#804);
#803 = CARTESIAN_POINT('',(-6.21773546023,0.));
#804 = VECTOR('',#805,1.);
#805 = DIRECTION('',(-0.,1.));
#806 = ( GEOMETRIC_REPRESENTATION_CONTEXT(2) 
PARAMETRIC_REPRESENTATION_CONTEXT() REPRESENTATION_CONTEXT('2D SPACE',''
  ) );
#807 = PCURVE('',#119,#808);
#808 = DEFINITIONAL_REPRESENTATION('',(#809),#813);
#809 = LINE('',#810,#811);
#810 = CARTESIAN_POINT('',(-0.,10.5));
#811 = VECTOR('',#812,1.);
#812 = DIRECTION('',(-0.552770798393,-0.833333333333));
#813 = ( GEOMETRIC_REPRESENTATION_CONTEXT(2) 
PARAMETRIC_REPRESENTATION_CONTEXT() REPRESENTATION_CONTEXT('2D SPACE',''
  ) );
#814 = ORIENTED_EDGE('',*,*,#815,.T.);
#815 = EDGE_CURVE('',#793,#816,#818,.T.);
#816 = VERTEX_POINT('',#817);
#817 = CARTESIAN_POINT('',(21.,-4.329234130736E-16,6.964912059746));
#818 = SURFACE_CURVE('',#819,(#824,#831),.PCURVE_S1.);
#819 = CIRCLE('',#820,6.964912059746);
#820 = AXIS2_PLACEMENT_3D('',#821,#822,#823);
#821 = CARTESIAN_POINT('',(21.,0.,0.));
#822 = DIRECTION('',(1.,-0.,0.));
#823 = DIRECTION('',(-0.,-0.,1.));
#824 = PCURVE('',#86,#825);
#825 = DEFINITIONAL_REPRESENTATION('',(#826),#830);
#826 = LINE('',#827,#828);
#827 = CARTESIAN_POINT('',(-0.,10.5));
#828 = VECTOR('',#829,1.);
#829 = DIRECTION('',(-1.,0.));
#830 = ( GEOMETRIC_REPRESENTATION_CONTEXT(2) 
PARAMETRIC_REPRESENTATION_CONTEXT() REPRESENTATION_CONTEXT('2D SPACE',''
  ) );
#831 = PCURVE('',#832,#837);
#832 = SPHERICAL_SURFACE('',#833,12.6);
#833 = AXIS2_PLACEMENT_3D('',#834,#835,#836);
#834 = CARTESIAN_POINT('',(31.5,0.,0.));
#835 = DIRECTION('',(-0.,-0.,1.));
#836 = DIRECTION('',(-1.,-0.,-0.));
#837 = DEFINITIONAL_REPRESENTATION('',(#838),#859);
#838 = B_SPLINE_CURVE_WITH_KNOTS('',7,(#839,#840,#841,#842,#843,#844,
    #845,#846,#847,#848,#849,#850,#851,#852,#853,#854,#855,#856,#857,
    #858),.UNSPECIFIED.,.F.,.F.,(8,6,6,8),(4.712388980385,5.497787143782
    ,5.890486225481,6.28318530718),.UNSPECIFIED.);
#839 = CARTESIAN_POINT('',(-0.585685543457,-2.759525162201E-14));
#840 = CARTESIAN_POINT('',(-0.585685543457,6.202073854815E-02));
#841 = CARTESIAN_POINT('',(-0.578920132853,0.124041357322));
#842 = CARTESIAN_POINT('',(-0.565389404971,0.18517722253));
#843 = CARTESIAN_POINT('',(-0.54491840588,0.244539135033));
#844 = CARTESIAN_POINT('',(-0.517165399788,0.301170840882));
#845 = CARTESIAN_POINT('',(-0.481711929061,0.353928751564));
#846 = CARTESIAN_POINT('',(-0.417007410501,0.425397228258));
#847 = CARTESIAN_POINT('',(-0.393518386375,0.447942014398));
#848 = CARTESIAN_POINT('',(-0.368111161655,0.469054113223));
#849 = CARTESIAN_POINT('',(-0.340813203489,0.488573189876));
#850 = CARTESIAN_POINT('',(-0.311696576633,0.506336771148));
#851 = CARTESIAN_POINT('',(-0.280891369357,0.522188538066));
#852 = CARTESIAN_POINT('',(-0.216294158911,0.549794186917));
#853 = CARTESIAN_POINT('',(-0.182502112984,0.561547992336));
#854 = CARTESIAN_POINT('',(-0.147410777538,0.571115940493));
#855 = CARTESIAN_POINT('',(-0.111278068067,0.578378739482));
#856 = CARTESIAN_POINT('',(-7.442477594489E-02,0.583250053263));
#857 = CARTESIAN_POINT('',(-3.721244312891E-02,0.585685543457));
#858 = CARTESIAN_POINT('',(-1.624677573393E-16,0.585685543457));
#859 = ( GEOMETRIC_REPRESENTATION_CONTEXT(2) 
PARAMETRIC_REPRESENTATION_CONTEXT() REPRESENTATION_CONTEXT('2D SPACE',''
  ) );
#860 = ORIENTED_EDGE('',*,*,#861,.T.);
#861 = EDGE_CURVE('',#816,#862,#864,.T.);
#862 = VERTEX_POINT('',#863);
#863 = CARTESIAN_POINT('',(21.,-0.516159117092,6.945759840784));
#864 = SURFACE_CURVE('',#865,(#870,#877),.PCURVE_S1.);
#865 = CIRCLE('',#866,6.964912059746);
#866 = AXIS2_PLACEMENT_3D('',#867,#868,#869);
#867 = CARTESIAN_POINT('',(21.,0.,0.));
#868 = DIRECTION('',(1.,-0.,0.));
#869 = DIRECTION('',(-0.,-0.,1.));
#870 = PCURVE('',#86,#871);
#871 = DEFINITIONAL_REPRESENTATION('',(#872),#876);
#872 = LINE('',#873,#874);
#873 = CARTESIAN_POINT('',(-6.28318530718,10.5));
#874 = VECTOR('',#875,1.);
#875 = DIRECTION('',(-1.,0.));
#876 = ( GEOMETRIC_REPRESENTATION_CONTEXT(2) 
PARAMETRIC_REPRESENTATION_CONTEXT() REPRESENTATION_CONTEXT('2D SPACE',''
  ) );
#877 = PCURVE('',#832,#878);
#878 = DEFINITIONAL_REPRESENTATION('',(#879),#903);
#879 = B_SPLINE_CURVE_WITH_KNOTS('',8,(#880,#881,#882,#883,#884,#885,
    #886,#887,#888,#889,#890,#891,#892,#893,#894,#895,#896,#897,#898,
    #899,#900,#901,#902),.UNSPECIFIED.,.F.,.F.,(9,7,7,9),(0.,
    0.392699081699,0.981747704247,1.570796326795),.UNSPECIFIED.);
#880 = CARTESIAN_POINT('',(-6.28318530718,0.585685543457));
#881 = CARTESIAN_POINT('',(-6.250624419442,0.585685543457));
#882 = CARTESIAN_POINT('',(-6.218063614439,0.583858925812));
#883 = CARTESIAN_POINT('',(-6.185727223658,0.58020548215));
#884 = CARTESIAN_POINT('',(-6.153840884377,0.574747339988));
#885 = CARTESIAN_POINT('',(-6.122615278849,0.567527959934));
#886 = CARTESIAN_POINT('',(-6.092235182714,0.558609540982));
#887 = CARTESIAN_POINT('',(-6.062853822616,0.548068833864));
#888 = CARTESIAN_POINT('',(-5.99220062369,0.517875155433));
#889 = CARTESIAN_POINT('',(-5.952329008913,0.496301341624));
#890 = CARTESIAN_POINT('',(-5.915387950159,0.471559303503));
#891 = CARTESIAN_POINT('',(-5.881629191618,0.443986410247));
#892 = CARTESIAN_POINT('',(-5.851146468082,0.413932964105));
#893 = CARTESIAN_POINT('',(-5.823942391216,0.38173460053));
#894 = CARTESIAN_POINT('',(-5.799970556455,0.347707563844));
#895 = CARTESIAN_POINT('',(-5.758358854796,0.276587296369));
#896 = CARTESIAN_POINT('',(-5.740718994403,0.239494062637));
#897 = CARTESIAN_POINT('',(-5.726178829477,0.201163412597));
#898 = CARTESIAN_POINT('',(-5.714652290026,0.161870383599));
#899 = CARTESIAN_POINT('',(-5.7060622018,0.121869850312));
#900 = CARTESIAN_POINT('',(-5.700353931615,8.140221197913E-02));
#901 = CARTESIAN_POINT('',(-5.697499763722,4.070110967222E-02));
#902 = CARTESIAN_POINT('',(-5.697499763722,-2.758260159777E-14));
#903 = ( GEOMETRIC_REPRESENTATION_CONTEXT(2) 
PARAMETRIC_REPRESENTATION_CONTEXT() REPRESENTATION_CONTEXT('2D SPACE',''
  ) );
#904 = ORIENTED_EDGE('',*,*,#905,.T.);
#905 = EDGE_CURVE('',#862,#580,#906,.T.);
#906 = SURFACE_CURVE('',#907,(#911,#918),.PCURVE_S1.);
#907 = LINE('',#908,#909);
#908 = CARTESIAN_POINT('',(31.5,0.,0.));
#909 = VECTOR('',#910,1.);
#910 = DIRECTION('',(-0.833333333333,-4.096500929298E-02,0.551250781015)
  );
#911 = PCURVE('',#86,#912);
#912 = DEFINITIONAL_REPRESENTATION('',(#913),#917);
#913 = LINE('',#914,#915);
#914 = CARTESIAN_POINT('',(-6.357361800389,0.));
#915 = VECTOR('',#916,1.);
#916 = DIRECTION('',(-0.,1.));
#917 = ( GEOMETRIC_REPRESENTATION_CONTEXT(2) 
PARAMETRIC_REPRESENTATION_CONTEXT() REPRESENTATION_CONTEXT('2D SPACE',''
  ) );
#918 = PCURVE('',#728,#919);
#919 = DEFINITIONAL_REPRESENTATION('',(#920),#924);
#920 = LINE('',#921,#922);
#921 = CARTESIAN_POINT('',(-0.,-14.8));
#922 = VECTOR('',#923,1.);
#923 = DIRECTION('',(-0.552770798393,-0.833333333333));
#924 = ( GEOMETRIC_REPRESENTATION_CONTEXT(2) 
PARAMETRIC_REPRESENTATION_CONTEXT() REPRESENTATION_CONTEXT('2D SPACE',''
  ) );
#925 = ADVANCED_FACE('',(#926),#728,.T.);
#926 = FACE_BOUND('',#927,.F.);
#927 = EDGE_LOOP('',(#928,#1088,#1089,#1090));
#928 = ORIENTED_EDGE('',*,*,#929,.F.);
#929 = EDGE_CURVE('',#862,#930,#932,.T.);
#930 = VERTEX_POINT('',#931);
#931 = CARTESIAN_POINT('',(42.,-0.516159117092,6.945759840784));
#932 = SURFACE_CURVE('',#933,(#938,#949),.PCURVE_S1.);
#933 = CIRCLE('',#934,12.6);
#934 = AXIS2_PLACEMENT_3D('',#935,#936,#937);
#935 = CARTESIAN_POINT('',(31.5,0.,0.));
#936 = DIRECTION('',(-0.,0.997250185099,7.41084901954E-02));
#937 = DIRECTION('',(-0.,7.41084901954E-02,-0.997250185099));
#938 = PCURVE('',#728,#939);
#939 = DEFINITIONAL_REPRESENTATION('',(#940),#948);
#940 = ( BOUNDED_CURVE() B_SPLINE_CURVE(2,(#941,#942,#943,#944,#945,#946
,#947),.UNSPECIFIED.,.T.,.F.) B_SPLINE_CURVE_WITH_KNOTS((1,2,2,2,2,1),(
    -2.094395102393,0.,2.094395102393,4.188790204786,6.28318530718,
8.377580409573),.UNSPECIFIED.) CURVE() GEOMETRIC_REPRESENTATION_ITEM() 
RATIONAL_B_SPLINE_CURVE((1.,0.5,1.,0.5,1.,0.5,1.)) REPRESENTATION_ITEM(
  '') );
#941 = CARTESIAN_POINT('',(12.6,-14.8));
#942 = CARTESIAN_POINT('',(12.6,-36.62384017536));
#943 = CARTESIAN_POINT('',(-6.3,-25.71192008768));
#944 = CARTESIAN_POINT('',(-25.2,-14.8));
#945 = CARTESIAN_POINT('',(-6.3,-3.888079912316));
#946 = CARTESIAN_POINT('',(12.6,7.023840175368));
#947 = CARTESIAN_POINT('',(12.6,-14.8));
#948 = ( GEOMETRIC_REPRESENTATION_CONTEXT(2) 
PARAMETRIC_REPRESENTATION_CONTEXT() REPRESENTATION_CONTEXT('2D SPACE',''
  ) );
#949 = PCURVE('',#832,#950);
#950 = DEFINITIONAL_REPRESENTATION('',(#951),#1087);
#951 = B_SPLINE_CURVE_WITH_KNOTS('',8,(#952,#953,#954,#955,#956,#957,
    #958,#959,#960,#961,#962,#963,#964,#965,#966,#967,#968,#969,#970,
    #971,#972,#973,#974,#975,#976,#977,#978,#979,#980,#981,#982,#983,
    #984,#985,#986,#987,#988,#989,#990,#991,#992,#993,#994,#995,#996,
    #997,#998,#999,#1000,#1001,#1002,#1003,#1004,#1005,#1006,#1007,#1008
    ,#1009,#1010,#1011,#1012,#1013,#1014,#1015,#1016,#1017,#1018,#1019,
    #1020,#1021,#1022,#1023,#1024,#1025,#1026,#1027,#1028,#1029,#1030,
    #1031,#1032,#1033,#1034,#1035,#1036,#1037,#1038,#1039,#1040,#1041,
    #1042,#1043,#1044,#1045,#1046,#1047,#1048,#1049,#1050,#1051,#1052,
    #1053,#1054,#1055,#1056,#1057,#1058,#1059,#1060,#1061,#1062,#1063,
    #1064,#1065,#1066,#1067,#1068,#1069,#1070,#1071,#1072,#1073,#1074,
    #1075,#1076,#1077,#1078,#1079,#1080,#1081,#1082,#1083,#1084,#1085,
    #1086),.UNSPECIFIED.,.F.,.F.,(9,7,7,7,7,7,7,7,7,7,7,7,7,7,7,7,7,7,7,
    9),(1.570796326795,1.963495408494,2.30710710498,2.607767339406,
    2.739306191967,2.862623866243,2.978234185877,3.032426523205,
    3.084925349992,3.110354469217,3.135386258454,3.160026925984,
    3.208538240184,3.255533575815,3.346587038601,3.431949659962,
    3.592004575015,3.872100676358,4.292244828371,4.712388980385),
  .UNSPECIFIED.);
#952 = CARTESIAN_POINT('',(-6.28318530718,1.9318422479E-15));
#953 = CARTESIAN_POINT('',(-6.279547515174,4.895240398906E-02));
#954 = CARTESIAN_POINT('',(-6.275909695219,9.790480693276E-02));
#955 = CARTESIAN_POINT('',(-6.272245412577,0.146856226643));
#956 = CARTESIAN_POINT('',(-6.268527879682,0.195805667738));
#957 = CARTESIAN_POINT('',(-6.264728992206,0.244752085853));
#958 = CARTESIAN_POINT('',(-6.260817473585,0.293694318531));
#959 = CARTESIAN_POINT('',(-6.256756127989,0.342630982793));
#960 = CARTESIAN_POINT('',(-6.248772516291,0.434373526411));
#961 = CARTESIAN_POINT('',(-6.244896312573,0.477181118089));
#962 = CARTESIAN_POINT('',(-6.240838065661,0.5199819416));
#963 = CARTESIAN_POINT('',(-6.23656070517,0.562774617573));
#964 = CARTESIAN_POINT('',(-6.23201823795,0.605557433482));
#965 = CARTESIAN_POINT('',(-6.227153194752,0.648328248744));
#966 = CARTESIAN_POINT('',(-6.221889832623,0.691084240266));
#967 = CARTESIAN_POINT('',(-6.211067692975,0.77121622204));
#968 = CARTESIAN_POINT('',(-6.205628047353,0.808596648721));
#969 = CARTESIAN_POINT('',(-6.199725415576,0.845959827525));
#970 = CARTESIAN_POINT('',(-6.193264707996,0.883302204662));
#971 = CARTESIAN_POINT('',(-6.186123962172,0.920619223365));
#972 = CARTESIAN_POINT('',(-6.178130152888,0.957904398913));
#973 = CARTESIAN_POINT('',(-6.169046283783,0.995148854045));
#974 = CARTESIAN_POINT('',(-6.15382181994,1.048606632396));
#975 = CARTESIAN_POINT('',(-6.148899772883,1.06486558679));
#976 = CARTESIAN_POINT('',(-6.143654494615,1.081112429152));
#977 = CARTESIAN_POINT('',(-6.13804402358,1.097345575116));
#978 = CARTESIAN_POINT('',(-6.13201826884,1.113563131623));
#979 = CARTESIAN_POINT('',(-6.125515824419,1.129762773902));
#980 = CARTESIAN_POINT('',(-6.118458482436,1.145941531583));
#981 = CARTESIAN_POINT('',(-6.103510597453,1.177239814225));
#982 = CARTESIAN_POINT('',(-6.095699679819,1.192362342447));
#983 = CARTESIAN_POINT('',(-6.087225525677,1.207459818005));
#984 = CARTESIAN_POINT('',(-6.07798413455,1.222528267197));
#985 = CARTESIAN_POINT('',(-6.067843313895,1.237562609598));
#986 = CARTESIAN_POINT('',(-6.056634565418,1.252556351388));
#987 = CARTESIAN_POINT('',(-6.044133070357,1.267500778256));
#988 = CARTESIAN_POINT('',(-6.016774713916,1.296335219477));
#989 = CARTESIAN_POINT('',(-6.002113847464,1.310232753645));
#990 = CARTESIAN_POINT('',(-5.985761132673,1.324065121614));
#991 = CARTESIAN_POINT('',(-5.967367750436,1.337818439142));
#992 = CARTESIAN_POINT('',(-5.946472362742,1.351474450702));
#993 = CARTESIAN_POINT('',(-5.922433332186,1.365006835796));
#994 = CARTESIAN_POINT('',(-5.894335290306,1.378378428227));
#995 = CARTESIAN_POINT('',(-5.8448647726,1.397683834759));
#996 = CARTESIAN_POINT('',(-5.827849329101,1.403795149419));
#997 = CARTESIAN_POINT('',(-5.809449978636,1.409849605858));
#998 = CARTESIAN_POINT('',(-5.789479802187,1.415838900668));
#999 = CARTESIAN_POINT('',(-5.767715804627,1.421752850569));
#1000 = CARTESIAN_POINT('',(-5.743887098671,1.427578774669));
#1001 = CARTESIAN_POINT('',(-5.717661985248,1.433300488617));
#1002 = CARTESIAN_POINT('',(-5.660522115092,1.444318011853));
#1003 = CARTESIAN_POINT('',(-5.629779424723,1.449621533914));
#1004 = CARTESIAN_POINT('',(-5.596046152995,1.454787951264));
#1005 = CARTESIAN_POINT('',(-5.558893422733,1.45979322592));
#1006 = CARTESIAN_POINT('',(-5.517833016998,1.464607851747));
#1007 = CARTESIAN_POINT('',(-5.472305625009,1.469194260967));
#1008 = CARTESIAN_POINT('',(-5.421733562694,1.473504793381));
#1009 = CARTESIAN_POINT('',(-5.338587538401,1.479409422147));
#1010 = CARTESIAN_POINT('',(-5.310178810992,1.481258146552));
#1011 = CARTESIAN_POINT('',(-5.280448400972,1.483022371604));
#1012 = CARTESIAN_POINT('',(-5.249360703012,1.484695171869));
#1013 = CARTESIAN_POINT('',(-5.216896001243,1.486269173086));
#1014 = CARTESIAN_POINT('',(-5.183057262314,1.487736689731));
#1015 = CARTESIAN_POINT('',(-5.147877042473,1.489089973695));
#1016 = CARTESIAN_POINT('',(-5.07554154572,1.49153393072));
#1017 = CARTESIAN_POINT('',(-5.038425605266,1.492628372907));
#1018 = CARTESIAN_POINT('',(-5.000142495755,1.493597815517));
#1019 = CARTESIAN_POINT('',(-4.960790646475,1.494435401364));
#1020 = CARTESIAN_POINT('',(-4.920506996549,1.495134938146));
#1021 = CARTESIAN_POINT('',(-4.879465975009,1.495691286616));
#1022 = CARTESIAN_POINT('',(-4.837871571931,1.496100699997));
#1023 = CARTESIAN_POINT('',(-4.754668571124,1.496617460245));
#1024 = CARTESIAN_POINT('',(-4.713070355222,1.496729422287));
#1025 = CARTESIAN_POINT('',(-4.671356419461,1.496695014506));
#1026 = CARTESIAN_POINT('',(-4.62974955364,1.496513764215));
#1027 = CARTESIAN_POINT('',(-4.588473262984,1.496186906299));
#1028 = CARTESIAN_POINT('',(-4.547735546714,1.495717296198));
#1029 = CARTESIAN_POINT('',(-4.507716130651,1.495109134397));
#1030 = CARTESIAN_POINT('',(-4.391481228489,1.492907689205));
#1031 = CARTESIAN_POINT('',(-4.317758120942,1.490930821125));
#1032 = CARTESIAN_POINT('',(-4.248524098344,1.4884764463));
#1033 = CARTESIAN_POINT('',(-4.184437467138,1.485599000825));
#1034 = CARTESIAN_POINT('',(-4.125528787114,1.482356715051));
#1035 = CARTESIAN_POINT('',(-4.071564219357,1.478800590332));
#1036 = CARTESIAN_POINT('',(-4.022183142273,1.474975223493));
#1037 = CARTESIAN_POINT('',(-3.933198412299,1.466987974852));
#1038 = CARTESIAN_POINT('',(-3.893337512292,1.462840346316));
#1039 = CARTESIAN_POINT('',(-3.857036902686,1.458509562713));
#1040 = CARTESIAN_POINT('',(-3.823897431152,1.454023805728));
#1041 = CARTESIAN_POINT('',(-3.793552219634,1.449405749457));
#1042 = CARTESIAN_POINT('',(-3.765681036657,1.44467372017));
#1043 = CARTESIAN_POINT('',(-3.740002610402,1.43984285272));
#1044 = CARTESIAN_POINT('',(-3.670302552427,1.425398514449));
#1045 = CARTESIAN_POINT('',(-3.631652990784,1.415547241813));
#1046 = CARTESIAN_POINT('',(-3.598561780351,1.405462738009));
#1047 = CARTESIAN_POINT('',(-3.569801980295,1.3951994254));
#1048 = CARTESIAN_POINT('',(-3.544530173645,1.384794924606));
#1049 = CARTESIAN_POINT('',(-3.522105953251,1.374276165874));
#1050 = CARTESIAN_POINT('',(-3.502050986668,1.363663302805));
#1051 = CARTESIAN_POINT('',(-3.467057908546,1.342948476286));
#1052 = CARTESIAN_POINT('',(-3.451878394671,1.332856039363));
#1053 = CARTESIAN_POINT('',(-3.438143056112,1.322707189073));
#1054 = CARTESIAN_POINT('',(-3.42562555135,1.312511050727));
#1055 = CARTESIAN_POINT('',(-3.414150644923,1.302274613465));
#1056 = CARTESIAN_POINT('',(-3.40357811924,1.29200343554));
#1057 = CARTESIAN_POINT('',(-3.39379456379,1.281701972309));
#1058 = CARTESIAN_POINT('',(-3.367664970378,1.252008773774));
#1059 = CARTESIAN_POINT('',(-3.353067320148,1.23255010628));
#1060 = CARTESIAN_POINT('',(-3.340294470812,1.213022106611));
#1061 = CARTESIAN_POINT('',(-3.328971251734,1.193439183283));
#1062 = CARTESIAN_POINT('',(-3.318824174425,1.173811839867));
#1063 = CARTESIAN_POINT('',(-3.309654679442,1.154147635774));
#1064 = CARTESIAN_POINT('',(-3.301308360917,1.134452448406));
#1065 = CARTESIAN_POINT('',(-3.280287653413,1.080218070789));
#1066 = CARTESIAN_POINT('',(-3.269061895601,1.045624426512));
#1067 = CARTESIAN_POINT('',(-3.259339749056,1.010974480586));
#1068 = CARTESIAN_POINT('',(-3.250778104648,0.976281118194));
#1069 = CARTESIAN_POINT('',(-3.24312718685,0.941553740106));
#1070 = CARTESIAN_POINT('',(-3.236217837058,0.90679867725));
#1071 = CARTESIAN_POINT('',(-3.229918778594,0.872020849595));
#1072 = CARTESIAN_POINT('',(-3.21544811842,0.785028669802));
#1073 = CARTESIAN_POINT('',(-3.207914878089,0.732790517584));
#1074 = CARTESIAN_POINT('',(-3.201193883526,0.680522122926));
#1075 = CARTESIAN_POINT('',(-3.195097280543,0.628230488488));
#1076 = CARTESIAN_POINT('',(-3.189486601075,0.575920778136));
#1077 = CARTESIAN_POINT('',(-3.184264067814,0.52359663164));
#1078 = CARTESIAN_POINT('',(-3.179351892849,0.471260945297));
#1079 = CARTESIAN_POINT('',(-3.170024499718,0.366571097311));
#1080 = CARTESIAN_POINT('',(-3.165609203822,0.314216938597));
#1081 = CARTESIAN_POINT('',(-3.161380544185,0.261855843188));
#1082 = CARTESIAN_POINT('',(-3.157290903195,0.209489581701));
#1083 = CARTESIAN_POINT('',(-3.153301200207,0.157119606682));
#1084 = CARTESIAN_POINT('',(-3.149376763594,0.104747206552));
#1085 = CARTESIAN_POINT('',(-3.145484684686,5.23736041705E-02));
#1086 = CARTESIAN_POINT('',(-3.14159265359,1.831918870697E-16));
#1087 = ( GEOMETRIC_REPRESENTATION_CONTEXT(2) 
PARAMETRIC_REPRESENTATION_CONTEXT() REPRESENTATION_CONTEXT('2D SPACE',''
  ) );
#1088 = ORIENTED_EDGE('',*,*,#905,.T.);
#1089 = ORIENTED_EDGE('',*,*,#579,.T.);
#1090 = ORIENTED_EDGE('',*,*,#1091,.F.);
#1091 = EDGE_CURVE('',#930,#517,#1092,.T.);
#1092 = SURFACE_CURVE('',#1093,(#1097,#1104),.PCURVE_S1.);
#1093 = LINE('',#1094,#1095);
#1094 = CARTESIAN_POINT('',(31.5,0.,0.));
#1095 = VECTOR('',#1096,1.);
#1096 = DIRECTION('',(0.833333333333,-4.096500929298E-02,0.551250781015)
  );
#1097 = PCURVE('',#728,#1098);
#1098 = DEFINITIONAL_REPRESENTATION('',(#1099),#1103);
#1099 = LINE('',#1100,#1101);
#1100 = CARTESIAN_POINT('',(-0.,-14.8));
#1101 = VECTOR('',#1102,1.);
#1102 = DIRECTION('',(-0.552770798393,0.833333333333));
#1103 = ( GEOMETRIC_REPRESENTATION_CONTEXT(2) 
PARAMETRIC_REPRESENTATION_CONTEXT() REPRESENTATION_CONTEXT('2D SPACE',''
  ) );
#1104 = PCURVE('',#567,#1105);
#1105 = DEFINITIONAL_REPRESENTATION('',(#1106),#1110);
#1106 = LINE('',#1107,#1108);
#1107 = CARTESIAN_POINT('',(-3.06741616038,0.));
#1108 = VECTOR('',#1109,1.);
#1109 = DIRECTION('',(-0.,1.));
#1110 = ( GEOMETRIC_REPRESENTATION_CONTEXT(2) 
PARAMETRIC_REPRESENTATION_CONTEXT() REPRESENTATION_CONTEXT('2D SPACE',''
  ) );
#1111 = ADVANCED_FACE('',(#1112),#567,.F.);
#1112 = FACE_BOUND('',#1113,.T.);
#1113 = EDGE_LOOP('',(#1114,#1115,#1116,#1174));
#1114 = ORIENTED_EDGE('',*,*,#516,.F.);
#1115 = ORIENTED_EDGE('',*,*,#1091,.F.);
#1116 = ORIENTED_EDGE('',*,*,#1117,.T.);
#1117 = EDGE_CURVE('',#930,#1118,#1120,.T.);
#1118 = VERTEX_POINT('',#1119);
#1119 = CARTESIAN_POINT('',(42.,0.45552704352,6.94999964839));
#1120 = SURFACE_CURVE('',#1121,(#1126,#1133),.PCURVE_S1.);
#1121 = CIRCLE('',#1122,6.964912059746);
#1122 = AXIS2_PLACEMENT_3D('',#1123,#1124,#1125);
#1123 = CARTESIAN_POINT('',(42.,0.,0.));
#1124 = DIRECTION('',(-1.,-0.,0.));
#1125 = DIRECTION('',(-0.,-0.,-1.));
#1126 = PCURVE('',#567,#1127);
#1127 = DEFINITIONAL_REPRESENTATION('',(#1128),#1132);
#1128 = LINE('',#1129,#1130);
#1129 = CARTESIAN_POINT('',(-0.,10.5));
#1130 = VECTOR('',#1131,1.);
#1131 = DIRECTION('',(-1.,0.));
#1132 = ( GEOMETRIC_REPRESENTATION_CONTEXT(2) 
PARAMETRIC_REPRESENTATION_CONTEXT() REPRESENTATION_CONTEXT('2D SPACE',''
  ) );
#1133 = PCURVE('',#832,#1134);
#1134 = DEFINITIONAL_REPRESENTATION('',(#1135),#1173);
#1135 = B_SPLINE_CURVE_WITH_KNOTS('',8,(#1136,#1137,#1138,#1139,#1140,
    #1141,#1142,#1143,#1144,#1145,#1146,#1147,#1148,#1149,#1150,#1151,
    #1152,#1153,#1154,#1155,#1156,#1157,#1158,#1159,#1160,#1161,#1162,
    #1163,#1164,#1165,#1166,#1167,#1168,#1169,#1170,#1171,#1172),
  .UNSPECIFIED.,.F.,.F.,(9,7,7,7,7,9),(1.570796326795,2.356194490192,
    2.94524311274,3.387029579652,4.049709280018,4.712388980385),
  .UNSPECIFIED.);
#1136 = CARTESIAN_POINT('',(-3.727278197047,-2.752755672312E-14));
#1137 = CARTESIAN_POINT('',(-3.727278197047,5.426814622963E-02));
#1138 = CARTESIAN_POINT('',(-3.722204139094,0.108536202628));
#1139 = CARTESIAN_POINT('',(-3.712056081517,0.162251273077));
#1140 = CARTESIAN_POINT('',(-3.696746559015,0.214858178782));
#1141 = CARTESIAN_POINT('',(-3.676103682185,0.265776024727));
#1142 = CARTESIAN_POINT('',(-3.649894685696,0.314360318553));
#1143 = CARTESIAN_POINT('',(-3.617912539438,0.359884457955));
#1144 = CARTESIAN_POINT('',(-3.551860010075,0.432841861247));
#1145 = CARTESIAN_POINT('',(-3.520310522802,0.461952712425));
#1146 = CARTESIAN_POINT('',(-3.485524047138,0.488580188928));
#1147 = CARTESIAN_POINT('',(-3.447573258676,0.512385212823));
#1148 = CARTESIAN_POINT('',(-3.406638629791,0.533020886408));
#1149 = CARTESIAN_POINT('',(-3.363068215338,0.550161916687));
#1150 = CARTESIAN_POINT('',(-3.317399593849,0.563543354547));
#1151 = CARTESIAN_POINT('',(-3.234950327275,0.580080286016));
#1152 = CARTESIAN_POINT('',(-3.198802013992,0.584955869825));
#1153 = CARTESIAN_POINT('',(-3.162116465305,0.587547032268));
#1154 = CARTESIAN_POINT('',(-3.125206596204,0.58780939207));
#1155 = CARTESIAN_POINT('',(-3.08840761442,0.585734436365));
#1156 = CARTESIAN_POINT('',(-3.052048578905,0.58135105955));
#1157 = CARTESIAN_POINT('',(-3.01642563608,0.574721823021));
#1158 = CARTESIAN_POINT('',(-2.929841817844,0.552753812053));
#1159 = CARTESIAN_POINT('',(-2.880117749275,0.53471761841));
#1160 = CARTESIAN_POINT('',(-2.83347395073,0.512122901746));
#1161 = CARTESIAN_POINT('',(-2.790548982544,0.485396929386));
#1162 = CARTESIAN_POINT('',(-2.751664491076,0.455040570795));
#1163 = CARTESIAN_POINT('',(-2.716923759881,0.421547849322));
#1164 = CARTESIAN_POINT('',(-2.686315616587,0.385389478752));
#1165 = CARTESIAN_POINT('',(-2.63322413802,0.308618830544));
#1166 = CARTESIAN_POINT('',(-2.610740851198,0.26800654287));
#1167 = CARTESIAN_POINT('',(-2.592250196753,0.225606272768));
#1168 = CARTESIAN_POINT('',(-2.577625084944,0.181825011133));
#1169 = CARTESIAN_POINT('',(-2.566743920662,0.137033849179));
#1170 = CARTESIAN_POINT('',(-2.559519421192,9.157747593219E-02));
#1171 = CARTESIAN_POINT('',(-2.555907110133,4.578874838125E-02));
#1172 = CARTESIAN_POINT('',(-2.555907110133,-2.739216692533E-14));
#1173 = ( GEOMETRIC_REPRESENTATION_CONTEXT(2) 
PARAMETRIC_REPRESENTATION_CONTEXT() REPRESENTATION_CONTEXT('2D SPACE',''
  ) );
#1174 = ORIENTED_EDGE('',*,*,#1175,.T.);
#1175 = EDGE_CURVE('',#1118,#480,#1176,.T.);
#1176 = SURFACE_CURVE('',#1177,(#1181,#1188),.PCURVE_S1.);
#1177 = LINE('',#1178,#1179);
#1178 = CARTESIAN_POINT('',(31.5,0.,0.));
#1179 = VECTOR('',#1180,1.);
#1180 = DIRECTION('',(0.833333333333,3.615293996192E-02,0.551587273682)
  );
#1181 = PCURVE('',#567,#1182);
#1182 = DEFINITIONAL_REPRESENTATION('',(#1183),#1187);
#1183 = LINE('',#1184,#1185);
#1184 = CARTESIAN_POINT('',(-3.20704250054,0.));
#1185 = VECTOR('',#1186,1.);
#1186 = DIRECTION('',(-0.,1.));
#1187 = ( GEOMETRIC_REPRESENTATION_CONTEXT(2) 
PARAMETRIC_REPRESENTATION_CONTEXT() REPRESENTATION_CONTEXT('2D SPACE',''
  ) );
#1188 = PCURVE('',#500,#1189);
#1189 = DEFINITIONAL_REPRESENTATION('',(#1190),#1194);
#1190 = LINE('',#1191,#1192);
#1191 = CARTESIAN_POINT('',(-0.,-18.4));
#1192 = VECTOR('',#1193,1.);
#1193 = DIRECTION('',(-0.552770798393,0.833333333333));
#1194 = ( GEOMETRIC_REPRESENTATION_CONTEXT(2) 
PARAMETRIC_REPRESENTATION_CONTEXT() REPRESENTATION_CONTEXT('2D SPACE',''
  ) );
#1195 = ADVANCED_FACE('',(#1196),#500,.T.);
#1196 = FACE_BOUND('',#1197,.F.);
#1197 = EDGE_LOOP('',(#1198,#1221,#1249,#1277,#1305,#1333,#1369,#1370));
#1198 = ORIENTED_EDGE('',*,*,#1199,.T.);
#1199 = EDGE_CURVE('',#446,#1200,#1202,.T.);
#1200 = VERTEX_POINT('',#1201);
#1201 = CARTESIAN_POINT('',(51.9,0.575547537226,8.7811585245));
#1202 = SURFACE_CURVE('',#1203,(#1207,#1214),.PCURVE_S1.);
#1203 = LINE('',#1204,#1205);
#1204 = CARTESIAN_POINT('',(42.130145812735,0.575547537225,8.7811585245)
  );
#1205 = VECTOR('',#1206,1.);
#1206 = DIRECTION('',(1.,3.57844880541E-14,-2.545482795846E-15));
#1207 = PCURVE('',#500,#1208);
#1208 = DEFINITIONAL_REPRESENTATION('',(#1209),#1213);
#1209 = LINE('',#1210,#1211);
#1210 = CARTESIAN_POINT('',(-8.8,-7.769854187265));
#1211 = VECTOR('',#1212,1.);
#1212 = DIRECTION('',(1.996152251482E-16,1.));
#1213 = ( GEOMETRIC_REPRESENTATION_CONTEXT(2) 
PARAMETRIC_REPRESENTATION_CONTEXT() REPRESENTATION_CONTEXT('2D SPACE',''
  ) );
#1214 = PCURVE('',#467,#1215);
#1215 = DEFINITIONAL_REPRESENTATION('',(#1216),#1220);
#1216 = LINE('',#1217,#1218);
#1217 = CARTESIAN_POINT('',(-6.21773546023,7.769854187265));
#1218 = VECTOR('',#1219,1.);
#1219 = DIRECTION('',(-0.,-1.));
#1220 = ( GEOMETRIC_REPRESENTATION_CONTEXT(2) 
PARAMETRIC_REPRESENTATION_CONTEXT() REPRESENTATION_CONTEXT('2D SPACE',''
  ) );
#1221 = ORIENTED_EDGE('',*,*,#1222,.F.);
#1222 = EDGE_CURVE('',#1223,#1200,#1225,.T.);
#1223 = VERTEX_POINT('',#1224);
#1224 = CARTESIAN_POINT('',(51.9,0.235451265229,3.592292123659));
#1225 = SURFACE_CURVE('',#1226,(#1230,#1237),.PCURVE_S1.);
#1226 = LINE('',#1227,#1228);
#1227 = CARTESIAN_POINT('',(51.9,0.,0.));
#1228 = VECTOR('',#1229,1.);
#1229 = DIRECTION('',(-0.,6.540312923014E-02,0.997858923239));
#1230 = PCURVE('',#500,#1231);
#1231 = DEFINITIONAL_REPRESENTATION('',(#1232),#1236);
#1232 = LINE('',#1233,#1234);
#1233 = CARTESIAN_POINT('',(-0.,2.));
#1234 = VECTOR('',#1235,1.);
#1235 = DIRECTION('',(-1.,0.));
#1236 = ( GEOMETRIC_REPRESENTATION_CONTEXT(2) 
PARAMETRIC_REPRESENTATION_CONTEXT() REPRESENTATION_CONTEXT('2D SPACE',''
  ) );
#1237 = PCURVE('',#1238,#1243);
#1238 = PLANE('',#1239);
#1239 = AXIS2_PLACEMENT_3D('',#1240,#1241,#1242);
#1240 = CARTESIAN_POINT('',(51.9,0.,0.));
#1241 = DIRECTION('',(-1.,-0.,-0.));
#1242 = DIRECTION('',(0.,0.,-1.));
#1243 = DEFINITIONAL_REPRESENTATION('',(#1244),#1248);
#1244 = LINE('',#1245,#1246);
#1245 = CARTESIAN_POINT('',(-0.,-0.));
#1246 = VECTOR('',#1247,1.);
#1247 = DIRECTION('',(-0.997858923239,-6.540312923014E-02));
#1248 = ( GEOMETRIC_REPRESENTATION_CONTEXT(2) 
PARAMETRIC_REPRESENTATION_CONTEXT() REPRESENTATION_CONTEXT('2D SPACE',''
  ) );
#1249 = ORIENTED_EDGE('',*,*,#1250,.T.);
#1250 = EDGE_CURVE('',#1223,#1251,#1253,.T.);
#1251 = VERTEX_POINT('',#1252);
#1252 = CARTESIAN_POINT('',(49.9,0.235451265229,3.592292123659));
#1253 = SURFACE_CURVE('',#1254,(#1258,#1265),.PCURVE_S1.);
#1254 = LINE('',#1255,#1256);
#1255 = CARTESIAN_POINT('',(51.9,0.235451265229,3.592292123659));
#1256 = VECTOR('',#1257,1.);
#1257 = DIRECTION('',(-1.,-0.,-0.));
#1258 = PCURVE('',#500,#1259);
#1259 = DEFINITIONAL_REPRESENTATION('',(#1260),#1264);
#1260 = LINE('',#1261,#1262);
#1261 = CARTESIAN_POINT('',(-3.6,2.));
#1262 = VECTOR('',#1263,1.);
#1263 = DIRECTION('',(-0.,-1.));
#1264 = ( GEOMETRIC_REPRESENTATION_CONTEXT(2) 
PARAMETRIC_REPRESENTATION_CONTEXT() REPRESENTATION_CONTEXT('2D SPACE',''
  ) );
#1265 = PCURVE('',#1266,#1271);
#1266 = CYLINDRICAL_SURFACE('',#1267,3.6);
#1267 = AXIS2_PLACEMENT_3D('',#1268,#1269,#1270);
#1268 = CARTESIAN_POINT('',(51.9,0.,0.));
#1269 = DIRECTION('',(-1.,-0.,-0.));
#1270 = DIRECTION('',(-0.,-0.,1.));
#1271 = DEFINITIONAL_REPRESENTATION('',(#1272),#1276);
#1272 = LINE('',#1273,#1274);
#1273 = CARTESIAN_POINT('',(-6.21773546023,0.));
#1274 = VECTOR('',#1275,1.);
#1275 = DIRECTION('',(-0.,1.));
#1276 = ( GEOMETRIC_REPRESENTATION_CONTEXT(2) 
PARAMETRIC_REPRESENTATION_CONTEXT() REPRESENTATION_CONTEXT('2D SPACE',''
  ) );
#1277 = ORIENTED_EDGE('',*,*,#1278,.T.);
#1278 = EDGE_CURVE('',#1251,#1279,#1281,.T.);
#1279 = VERTEX_POINT('',#1280);
#1280 = CARTESIAN_POINT('',(49.9,0.274693142767,4.191007477602));
#1281 = SURFACE_CURVE('',#1282,(#1286,#1293),.PCURVE_S1.);
#1282 = LINE('',#1283,#1284);
#1283 = CARTESIAN_POINT('',(49.9,0.,0.));
#1284 = VECTOR('',#1285,1.);
#1285 = DIRECTION('',(-0.,6.540312923014E-02,0.997858923239));
#1286 = PCURVE('',#500,#1287);
#1287 = DEFINITIONAL_REPRESENTATION('',(#1288),#1292);
#1288 = LINE('',#1289,#1290);
#1289 = CARTESIAN_POINT('',(-0.,0.));
#1290 = VECTOR('',#1291,1.);
#1291 = DIRECTION('',(-1.,0.));
#1292 = ( GEOMETRIC_REPRESENTATION_CONTEXT(2) 
PARAMETRIC_REPRESENTATION_CONTEXT() REPRESENTATION_CONTEXT('2D SPACE',''
  ) );
#1293 = PCURVE('',#1294,#1299);
#1294 = PLANE('',#1295);
#1295 = AXIS2_PLACEMENT_3D('',#1296,#1297,#1298);
#1296 = CARTESIAN_POINT('',(49.9,0.,0.));
#1297 = DIRECTION('',(-1.,-0.,-0.));
#1298 = DIRECTION('',(0.,0.,-1.));
#1299 = DEFINITIONAL_REPRESENTATION('',(#1300),#1304);
#1300 = LINE('',#1301,#1302);
#1301 = CARTESIAN_POINT('',(-0.,-0.));
#1302 = VECTOR('',#1303,1.);
#1303 = DIRECTION('',(-0.997858923239,-6.540312923014E-02));
#1304 = ( GEOMETRIC_REPRESENTATION_CONTEXT(2) 
PARAMETRIC_REPRESENTATION_CONTEXT() REPRESENTATION_CONTEXT('2D SPACE',''
  ) );
#1305 = ORIENTED_EDGE('',*,*,#1306,.T.);
#1306 = EDGE_CURVE('',#1279,#1307,#1309,.T.);
#1307 = VERTEX_POINT('',#1308);
#1308 = CARTESIAN_POINT('',(43.379393923934,0.274693142767,
    4.191007477602));
#1309 = SURFACE_CURVE('',#1310,(#1314,#1321),.PCURVE_S1.);
#1310 = LINE('',#1311,#1312);
#1311 = CARTESIAN_POINT('',(50.9,0.274693142767,4.191007477602));
#1312 = VECTOR('',#1313,1.);
#1313 = DIRECTION('',(-1.,-0.,-0.));
#1314 = PCURVE('',#500,#1315);
#1315 = DEFINITIONAL_REPRESENTATION('',(#1316),#1320);
#1316 = LINE('',#1317,#1318);
#1317 = CARTESIAN_POINT('',(-4.2,1.));
#1318 = VECTOR('',#1319,1.);
#1319 = DIRECTION('',(-0.,-1.));
#1320 = ( GEOMETRIC_REPRESENTATION_CONTEXT(2) 
PARAMETRIC_REPRESENTATION_CONTEXT() REPRESENTATION_CONTEXT('2D SPACE',''
  ) );
#1321 = PCURVE('',#1322,#1327);
#1322 = CYLINDRICAL_SURFACE('',#1323,4.2);
#1323 = AXIS2_PLACEMENT_3D('',#1324,#1325,#1326);
#1324 = CARTESIAN_POINT('',(50.9,0.,0.));
#1325 = DIRECTION('',(-1.,-0.,-0.));
#1326 = DIRECTION('',(-0.,-0.,1.));
#1327 = DEFINITIONAL_REPRESENTATION('',(#1328),#1332);
#1328 = LINE('',#1329,#1330);
#1329 = CARTESIAN_POINT('',(-6.21773546023,0.));
#1330 = VECTOR('',#1331,1.);
#1331 = DIRECTION('',(-0.,1.));
#1332 = ( GEOMETRIC_REPRESENTATION_CONTEXT(2) 
PARAMETRIC_REPRESENTATION_CONTEXT() REPRESENTATION_CONTEXT('2D SPACE',''
  ) );
#1333 = ORIENTED_EDGE('',*,*,#1334,.F.);
#1334 = EDGE_CURVE('',#1118,#1307,#1335,.T.);
#1335 = SURFACE_CURVE('',#1336,(#1341,#1352),.PCURVE_S1.);
#1336 = CIRCLE('',#1337,12.6);
#1337 = AXIS2_PLACEMENT_3D('',#1338,#1339,#1340);
#1338 = CARTESIAN_POINT('',(31.5,0.,0.));
#1339 = DIRECTION('',(0.,0.997858923239,-6.540312923014E-02));
#1340 = DIRECTION('',(-0.,-6.540312923014E-02,-0.997858923239));
#1341 = PCURVE('',#500,#1342);
#1342 = DEFINITIONAL_REPRESENTATION('',(#1343),#1351);
#1343 = ( BOUNDED_CURVE() B_SPLINE_CURVE(2,(#1344,#1345,#1346,#1347,
#1348,#1349,#1350),.UNSPECIFIED.,.T.,.F.) B_SPLINE_CURVE_WITH_KNOTS((1,2
    ,2,2,2,1),(-2.094395102393,0.,2.094395102393,4.188790204786,
6.28318530718,8.377580409573),.UNSPECIFIED.) CURVE() 
GEOMETRIC_REPRESENTATION_ITEM() RATIONAL_B_SPLINE_CURVE((1.,0.5,1.,0.5,
1.,0.5,1.)) REPRESENTATION_ITEM('') );
#1344 = CARTESIAN_POINT('',(12.6,-18.4));
#1345 = CARTESIAN_POINT('',(12.6,-40.22384017536));
#1346 = CARTESIAN_POINT('',(-6.3,-29.31192008768));
#1347 = CARTESIAN_POINT('',(-25.2,-18.4));
#1348 = CARTESIAN_POINT('',(-6.3,-7.488079912316));
#1349 = CARTESIAN_POINT('',(12.6,3.423840175368));
#1350 = CARTESIAN_POINT('',(12.6,-18.4));
#1351 = ( GEOMETRIC_REPRESENTATION_CONTEXT(2) 
PARAMETRIC_REPRESENTATION_CONTEXT() REPRESENTATION_CONTEXT('2D SPACE',''
  ) );
#1352 = PCURVE('',#1353,#1358);
#1353 = SPHERICAL_SURFACE('',#1354,12.6);
#1354 = AXIS2_PLACEMENT_3D('',#1355,#1356,#1357);
#1355 = CARTESIAN_POINT('',(31.5,0.,0.));
#1356 = DIRECTION('',(-0.,-0.,1.));
#1357 = DIRECTION('',(-1.,-0.,-0.));
#1358 = DEFINITIONAL_REPRESENTATION('',(#1359),#1368);
#1359 = B_SPLINE_CURVE_WITH_KNOTS('',7,(#1360,#1361,#1362,#1363,#1364,
    #1365,#1366,#1367),.UNSPECIFIED.,.F.,.F.,(8,8),(4.126703436928,
    4.712388980385),.PIECEWISE_BEZIER_KNOTS.);
#1360 = CARTESIAN_POINT('',(-3.098236312761,0.584265981679));
#1361 = CARTESIAN_POINT('',(-3.106101532376,0.500854219868));
#1362 = CARTESIAN_POINT('',(-3.112954666859,0.417409259134));
#1363 = CARTESIAN_POINT('',(-3.119206779349,0.333944598745));
#1364 = CARTESIAN_POINT('',(-3.125050658941,0.250466556618));
#1365 = CARTESIAN_POINT('',(-3.130648319112,0.166980446336));
#1366 = CARTESIAN_POINT('',(-3.136120415406,8.349022082151E-02));
#1367 = CARTESIAN_POINT('',(-3.14159265359,1.833037104517E-16));
#1368 = ( GEOMETRIC_REPRESENTATION_CONTEXT(2) 
PARAMETRIC_REPRESENTATION_CONTEXT() REPRESENTATION_CONTEXT('2D SPACE',''
  ) );
#1369 = ORIENTED_EDGE('',*,*,#1175,.T.);
#1370 = ORIENTED_EDGE('',*,*,#479,.F.);
#1371 = ADVANCED_FACE('',(#1372),#467,.T.);
#1372 = FACE_BOUND('',#1373,.F.);
#1373 = EDGE_LOOP('',(#1374,#1375,#1398,#1424));
#1374 = ORIENTED_EDGE('',*,*,#445,.F.);
#1375 = ORIENTED_EDGE('',*,*,#1376,.T.);
#1376 = EDGE_CURVE('',#410,#1377,#1379,.T.);
#1377 = VERTEX_POINT('',#1378);
#1378 = CARTESIAN_POINT('',(51.9,3.823118265159,7.926144506039));
#1379 = SURFACE_CURVE('',#1380,(#1384,#1391),.PCURVE_S1.);
#1380 = LINE('',#1381,#1382);
#1381 = CARTESIAN_POINT('',(42.130145812735,3.823118265159,
    7.926144506039));
#1382 = VECTOR('',#1383,1.);
#1383 = DIRECTION('',(1.,-7.181897888279E-15,3.36367369451E-15));
#1384 = PCURVE('',#467,#1385);
#1385 = DEFINITIONAL_REPRESENTATION('',(#1386),#1390);
#1386 = LINE('',#1387,#1388);
#1387 = CARTESIAN_POINT('',(-5.833763024791,7.769854187265));
#1388 = VECTOR('',#1389,1.);
#1389 = DIRECTION('',(-0.,-1.));
#1390 = ( GEOMETRIC_REPRESENTATION_CONTEXT(2) 
PARAMETRIC_REPRESENTATION_CONTEXT() REPRESENTATION_CONTEXT('2D SPACE',''
  ) );
#1391 = PCURVE('',#429,#1392);
#1392 = DEFINITIONAL_REPRESENTATION('',(#1393),#1397);
#1393 = LINE('',#1394,#1395);
#1394 = CARTESIAN_POINT('',(-51.2,-7.769854187265));
#1395 = VECTOR('',#1396,1.);
#1396 = DIRECTION('',(-9.048650242437E-17,1.));
#1397 = ( GEOMETRIC_REPRESENTATION_CONTEXT(2) 
PARAMETRIC_REPRESENTATION_CONTEXT() REPRESENTATION_CONTEXT('2D SPACE',''
  ) );
#1398 = ORIENTED_EDGE('',*,*,#1399,.T.);
#1399 = EDGE_CURVE('',#1377,#1200,#1400,.T.);
#1400 = SURFACE_CURVE('',#1401,(#1406,#1413),.PCURVE_S1.);
#1401 = CIRCLE('',#1402,8.8);
#1402 = AXIS2_PLACEMENT_3D('',#1403,#1404,#1405);
#1403 = CARTESIAN_POINT('',(51.9,0.,0.));
#1404 = DIRECTION('',(1.,-0.,0.));
#1405 = DIRECTION('',(-0.,-0.,1.));
#1406 = PCURVE('',#467,#1407);
#1407 = DEFINITIONAL_REPRESENTATION('',(#1408),#1412);
#1408 = LINE('',#1409,#1410);
#1409 = CARTESIAN_POINT('',(-0.,-2.));
#1410 = VECTOR('',#1411,1.);
#1411 = DIRECTION('',(-1.,0.));
#1412 = ( GEOMETRIC_REPRESENTATION_CONTEXT(2) 
PARAMETRIC_REPRESENTATION_CONTEXT() REPRESENTATION_CONTEXT('2D SPACE',''
  ) );
#1413 = PCURVE('',#1238,#1414);
#1414 = DEFINITIONAL_REPRESENTATION('',(#1415),#1423);
#1415 = ( BOUNDED_CURVE() B_SPLINE_CURVE(2,(#1416,#1417,#1418,#1419,
#1420,#1421,#1422),.UNSPECIFIED.,.T.,.F.) B_SPLINE_CURVE_WITH_KNOTS((1,2
    ,2,2,2,1),(-2.094395102393,0.,2.094395102393,4.188790204786,
6.28318530718,8.377580409573),.UNSPECIFIED.) CURVE() 
GEOMETRIC_REPRESENTATION_ITEM() RATIONAL_B_SPLINE_CURVE((1.,0.5,1.,0.5,
1.,0.5,1.)) REPRESENTATION_ITEM('') );
#1416 = CARTESIAN_POINT('',(-8.8,0.));
#1417 = CARTESIAN_POINT('',(-8.8,15.242047106606));
#1418 = CARTESIAN_POINT('',(4.4,7.621023553303));
#1419 = CARTESIAN_POINT('',(17.6,2.155378366499E-15));
#1420 = CARTESIAN_POINT('',(4.4,-7.621023553303));
#1421 = CARTESIAN_POINT('',(-8.8,-15.2420471066));
#1422 = CARTESIAN_POINT('',(-8.8,0.));
#1423 = ( GEOMETRIC_REPRESENTATION_CONTEXT(2) 
PARAMETRIC_REPRESENTATION_CONTEXT() REPRESENTATION_CONTEXT('2D SPACE',''
  ) );
#1424 = ORIENTED_EDGE('',*,*,#1199,.F.);
#1425 = ADVANCED_FACE('',(#1426),#429,.T.);
#1426 = FACE_BOUND('',#1427,.F.);
#1427 = EDGE_LOOP('',(#1428,#1453,#1476,#1504,#1525,#1526,#1527,#1550));
#1428 = ORIENTED_EDGE('',*,*,#1429,.F.);
#1429 = EDGE_CURVE('',#1430,#1432,#1434,.T.);
#1430 = VERTEX_POINT('',#1431);
#1431 = CARTESIAN_POINT('',(49.9,1.824670081099,3.782932605155));
#1432 = VERTEX_POINT('',#1433);
#1433 = CARTESIAN_POINT('',(43.379393923934,1.824670081099,
    3.782932605155));
#1434 = SURFACE_CURVE('',#1435,(#1439,#1446),.PCURVE_S1.);
#1435 = LINE('',#1436,#1437);
#1436 = CARTESIAN_POINT('',(50.9,1.824670081099,3.782932605155));
#1437 = VECTOR('',#1438,1.);
#1438 = DIRECTION('',(-1.,-0.,-0.));
#1439 = PCURVE('',#429,#1440);
#1440 = DEFINITIONAL_REPRESENTATION('',(#1441),#1445);
#1441 = LINE('',#1442,#1443);
#1442 = CARTESIAN_POINT('',(-55.8,1.));
#1443 = VECTOR('',#1444,1.);
#1444 = DIRECTION('',(-0.,-1.));
#1445 = ( GEOMETRIC_REPRESENTATION_CONTEXT(2) 
PARAMETRIC_REPRESENTATION_CONTEXT() REPRESENTATION_CONTEXT('2D SPACE',''
  ) );
#1446 = PCURVE('',#1322,#1447);
#1447 = DEFINITIONAL_REPRESENTATION('',(#1448),#1452);
#1448 = LINE('',#1449,#1450);
#1449 = CARTESIAN_POINT('',(-5.833763024791,0.));
#1450 = VECTOR('',#1451,1.);
#1451 = DIRECTION('',(-0.,1.));
#1452 = ( GEOMETRIC_REPRESENTATION_CONTEXT(2) 
PARAMETRIC_REPRESENTATION_CONTEXT() REPRESENTATION_CONTEXT('2D SPACE',''
  ) );
#1453 = ORIENTED_EDGE('',*,*,#1454,.T.);
#1454 = EDGE_CURVE('',#1430,#1455,#1457,.T.);
#1455 = VERTEX_POINT('',#1456);
#1456 = CARTESIAN_POINT('',(49.9,1.564002926656,3.242513661561));
#1457 = SURFACE_CURVE('',#1458,(#1462,#1469),.PCURVE_S1.);
#1458 = LINE('',#1459,#1460);
#1459 = CARTESIAN_POINT('',(49.9,26.066715444265,54.041894359355));
#1460 = VECTOR('',#1461,1.);
#1461 = DIRECTION('',(-0.,-0.434445257404,-0.900698239323));
#1462 = PCURVE('',#429,#1463);
#1463 = DEFINITIONAL_REPRESENTATION('',(#1464),#1468);
#1464 = LINE('',#1465,#1466);
#1465 = CARTESIAN_POINT('',(0.,-0.));
#1466 = VECTOR('',#1467,1.);
#1467 = DIRECTION('',(-1.,0.));
#1468 = ( GEOMETRIC_REPRESENTATION_CONTEXT(2) 
PARAMETRIC_REPRESENTATION_CONTEXT() REPRESENTATION_CONTEXT('2D SPACE',''
  ) );
#1469 = PCURVE('',#1294,#1470);
#1470 = DEFINITIONAL_REPRESENTATION('',(#1471),#1475);
#1471 = LINE('',#1472,#1473);
#1472 = CARTESIAN_POINT('',(-54.04189435935,-26.06671544426));
#1473 = VECTOR('',#1474,1.);
#1474 = DIRECTION('',(0.900698239323,0.434445257404));
#1475 = ( GEOMETRIC_REPRESENTATION_CONTEXT(2) 
PARAMETRIC_REPRESENTATION_CONTEXT() REPRESENTATION_CONTEXT('2D SPACE',''
  ) );
#1476 = ORIENTED_EDGE('',*,*,#1477,.F.);
#1477 = EDGE_CURVE('',#1478,#1455,#1480,.T.);
#1478 = VERTEX_POINT('',#1479);
#1479 = CARTESIAN_POINT('',(51.9,1.564002926656,3.242513661561));
#1480 = SURFACE_CURVE('',#1481,(#1485,#1492),.PCURVE_S1.);
#1481 = LINE('',#1482,#1483);
#1482 = CARTESIAN_POINT('',(51.9,1.564002926656,3.242513661561));
#1483 = VECTOR('',#1484,1.);
#1484 = DIRECTION('',(-1.,-0.,-0.));
#1485 = PCURVE('',#429,#1486);
#1486 = DEFINITIONAL_REPRESENTATION('',(#1487),#1491);
#1487 = LINE('',#1488,#1489);
#1488 = CARTESIAN_POINT('',(-56.4,2.));
#1489 = VECTOR('',#1490,1.);
#1490 = DIRECTION('',(-0.,-1.));
#1491 = ( GEOMETRIC_REPRESENTATION_CONTEXT(2) 
PARAMETRIC_REPRESENTATION_CONTEXT() REPRESENTATION_CONTEXT('2D SPACE',''
  ) );
#1492 = PCURVE('',#1493,#1498);
#1493 = CYLINDRICAL_SURFACE('',#1494,3.6);
#1494 = AXIS2_PLACEMENT_3D('',#1495,#1496,#1497);
#1495 = CARTESIAN_POINT('',(51.9,0.,0.));
#1496 = DIRECTION('',(-1.,-0.,-0.));
#1497 = DIRECTION('',(-0.,-0.,1.));
#1498 = DEFINITIONAL_REPRESENTATION('',(#1499),#1503);
#1499 = LINE('',#1500,#1501);
#1500 = CARTESIAN_POINT('',(-12.11694833197,0.));
#1501 = VECTOR('',#1502,1.);
#1502 = DIRECTION('',(-0.,1.));
#1503 = ( GEOMETRIC_REPRESENTATION_CONTEXT(2) 
PARAMETRIC_REPRESENTATION_CONTEXT() REPRESENTATION_CONTEXT('2D SPACE',''
  ) );
#1504 = ORIENTED_EDGE('',*,*,#1505,.F.);
#1505 = EDGE_CURVE('',#1377,#1478,#1506,.T.);
#1506 = SURFACE_CURVE('',#1507,(#1511,#1518),.PCURVE_S1.);
#1507 = LINE('',#1508,#1509);
#1508 = CARTESIAN_POINT('',(51.9,26.066715444265,54.041894359355));
#1509 = VECTOR('',#1510,1.);
#1510 = DIRECTION('',(-0.,-0.434445257404,-0.900698239323));
#1511 = PCURVE('',#429,#1512);
#1512 = DEFINITIONAL_REPRESENTATION('',(#1513),#1517);
#1513 = LINE('',#1514,#1515);
#1514 = CARTESIAN_POINT('',(0.,2.));
#1515 = VECTOR('',#1516,1.);
#1516 = DIRECTION('',(-1.,0.));
#1517 = ( GEOMETRIC_REPRESENTATION_CONTEXT(2) 
PARAMETRIC_REPRESENTATION_CONTEXT() REPRESENTATION_CONTEXT('2D SPACE',''
  ) );
#1518 = PCURVE('',#1238,#1519);
#1519 = DEFINITIONAL_REPRESENTATION('',(#1520),#1524);
#1520 = LINE('',#1521,#1522);
#1521 = CARTESIAN_POINT('',(-54.04189435935,-26.06671544426));
#1522 = VECTOR('',#1523,1.);
#1523 = DIRECTION('',(0.900698239323,0.434445257404));
#1524 = ( GEOMETRIC_REPRESENTATION_CONTEXT(2) 
PARAMETRIC_REPRESENTATION_CONTEXT() REPRESENTATION_CONTEXT('2D SPACE',''
  ) );
#1525 = ORIENTED_EDGE('',*,*,#1376,.F.);
#1526 = ORIENTED_EDGE('',*,*,#409,.F.);
#1527 = ORIENTED_EDGE('',*,*,#1528,.F.);
#1528 = EDGE_CURVE('',#1529,#347,#1531,.T.);
#1529 = VERTEX_POINT('',#1530);
#1530 = CARTESIAN_POINT('',(42.,3.025873012596,6.27328402925));
#1531 = SURFACE_CURVE('',#1532,(#1536,#1543),.PCURVE_S1.);
#1532 = LINE('',#1533,#1534);
#1533 = CARTESIAN_POINT('',(31.5,0.,0.));
#1534 = VECTOR('',#1535,1.);
#1535 = DIRECTION('',(0.833333333333,0.240148651793,0.497879684861));
#1536 = PCURVE('',#429,#1537);
#1537 = DEFINITIONAL_REPRESENTATION('',(#1538),#1542);
#1538 = LINE('',#1539,#1540);
#1539 = CARTESIAN_POINT('',(-60.,-18.4));
#1540 = VECTOR('',#1541,1.);
#1541 = DIRECTION('',(0.552770798393,0.833333333333));
#1542 = ( GEOMETRIC_REPRESENTATION_CONTEXT(2) 
PARAMETRIC_REPRESENTATION_CONTEXT() REPRESENTATION_CONTEXT('2D SPACE',''
  ) );
#1543 = PCURVE('',#397,#1544);
#1544 = DEFINITIONAL_REPRESENTATION('',(#1545),#1549);
#1545 = LINE('',#1546,#1547);
#1546 = CARTESIAN_POINT('',(-3.591014935978,0.));
#1547 = VECTOR('',#1548,1.);
#1548 = DIRECTION('',(-0.,1.));
#1549 = ( GEOMETRIC_REPRESENTATION_CONTEXT(2) 
PARAMETRIC_REPRESENTATION_CONTEXT() REPRESENTATION_CONTEXT('2D SPACE',''
  ) );
#1550 = ORIENTED_EDGE('',*,*,#1551,.F.);
#1551 = EDGE_CURVE('',#1432,#1529,#1552,.T.);
#1552 = SURFACE_CURVE('',#1553,(#1558,#1569),.PCURVE_S1.);
#1553 = CIRCLE('',#1554,12.6);
#1554 = AXIS2_PLACEMENT_3D('',#1555,#1556,#1557);
#1555 = CARTESIAN_POINT('',(31.5,-3.199922955313E-15,1.543459608671E-15)
  );
#1556 = DIRECTION('',(0.,-0.900698239323,0.434445257404));
#1557 = DIRECTION('',(-0.,0.434445257404,0.900698239323));
#1558 = PCURVE('',#429,#1559);
#1559 = DEFINITIONAL_REPRESENTATION('',(#1560),#1568);
#1560 = ( BOUNDED_CURVE() B_SPLINE_CURVE(2,(#1561,#1562,#1563,#1564,
#1565,#1566,#1567),.UNSPECIFIED.,.T.,.F.) B_SPLINE_CURVE_WITH_KNOTS((1,2
    ,2,2,2,1),(-2.094395102393,0.,2.094395102393,4.188790204786,
6.28318530718,8.377580409573),.UNSPECIFIED.) CURVE() 
GEOMETRIC_REPRESENTATION_ITEM() RATIONAL_B_SPLINE_CURVE((1.,0.5,1.,0.5,
1.,0.5,1.)) REPRESENTATION_ITEM('') );
#1561 = CARTESIAN_POINT('',(-47.4,-18.4));
#1562 = CARTESIAN_POINT('',(-47.4,-40.22384017536));
#1563 = CARTESIAN_POINT('',(-66.3,-29.31192008768));
#1564 = CARTESIAN_POINT('',(-85.2,-18.4));
#1565 = CARTESIAN_POINT('',(-66.3,-7.488079912316));
#1566 = CARTESIAN_POINT('',(-47.4,3.423840175368));
#1567 = CARTESIAN_POINT('',(-47.4,-18.4));
#1568 = ( GEOMETRIC_REPRESENTATION_CONTEXT(2) 
PARAMETRIC_REPRESENTATION_CONTEXT() REPRESENTATION_CONTEXT('2D SPACE',''
  ) );
#1569 = PCURVE('',#1353,#1570);
#1570 = DEFINITIONAL_REPRESENTATION('',(#1571),#1580);
#1571 = B_SPLINE_CURVE_WITH_KNOTS('',7,(#1572,#1573,#1574,#1575,#1576,
    #1577,#1578,#1579),.UNSPECIFIED.,.F.,.F.,(8,8),(4.712388980385,
    5.298074523842),.PIECEWISE_BEZIER_KNOTS.);
#1572 = CARTESIAN_POINT('',(-3.14159265359,-4.295878802867E-17));
#1573 = CARTESIAN_POINT('',(-3.105242895492,7.536084825551E-02));
#1574 = CARTESIAN_POINT('',(-3.068893190333,0.150721740788));
#1575 = CARTESIAN_POINT('',(-3.0318687408,0.225919691445));
#1576 = CARTESIAN_POINT('',(-2.993496819475,0.300793337403));
#1577 = CARTESIAN_POINT('',(-2.952988293868,0.375147700209));
#1578 = CARTESIAN_POINT('',(-2.909346354202,0.448738233325));
#1579 = CARTESIAN_POINT('',(-2.861016353476,0.521152172096));
#1580 = ( GEOMETRIC_REPRESENTATION_CONTEXT(2) 
PARAMETRIC_REPRESENTATION_CONTEXT() REPRESENTATION_CONTEXT('2D SPACE',''
  ) );
#1581 = ADVANCED_FACE('',(#1582),#397,.F.);
#1582 = FACE_BOUND('',#1583,.T.);
#1583 = EDGE_LOOP('',(#1584,#1585,#1586,#1644));
#1584 = ORIENTED_EDGE('',*,*,#346,.F.);
#1585 = ORIENTED_EDGE('',*,*,#1528,.F.);
#1586 = ORIENTED_EDGE('',*,*,#1587,.T.);
#1587 = EDGE_CURVE('',#1529,#1588,#1590,.T.);
#1588 = VERTEX_POINT('',#1589);
#1589 = CARTESIAN_POINT('',(42.,3.869497815994,5.791112730039));
#1590 = SURFACE_CURVE('',#1591,(#1596,#1603),.PCURVE_S1.);
#1591 = CIRCLE('',#1592,6.964912059746);
#1592 = AXIS2_PLACEMENT_3D('',#1593,#1594,#1595);
#1593 = CARTESIAN_POINT('',(42.,0.,0.));
#1594 = DIRECTION('',(-1.,-0.,0.));
#1595 = DIRECTION('',(-0.,-0.,-1.));
#1596 = PCURVE('',#397,#1597);
#1597 = DEFINITIONAL_REPRESENTATION('',(#1598),#1602);
#1598 = LINE('',#1599,#1600);
#1599 = CARTESIAN_POINT('',(-0.,10.5));
#1600 = VECTOR('',#1601,1.);
#1601 = DIRECTION('',(-1.,0.));
#1602 = ( GEOMETRIC_REPRESENTATION_CONTEXT(2) 
PARAMETRIC_REPRESENTATION_CONTEXT() REPRESENTATION_CONTEXT('2D SPACE',''
  ) );
#1603 = PCURVE('',#832,#1604);
#1604 = DEFINITIONAL_REPRESENTATION('',(#1605),#1643);
#1605 = B_SPLINE_CURVE_WITH_KNOTS('',8,(#1606,#1607,#1608,#1609,#1610,
    #1611,#1612,#1613,#1614,#1615,#1616,#1617,#1618,#1619,#1620,#1621,
    #1622,#1623,#1624,#1625,#1626,#1627,#1628,#1629,#1630,#1631,#1632,
    #1633,#1634,#1635,#1636,#1637,#1638,#1639,#1640,#1641,#1642),
  .UNSPECIFIED.,.F.,.F.,(9,7,7,7,7,9),(1.570796326795,2.356194490192,
    2.94524311274,3.387029579652,4.049709280018,4.712388980385),
  .UNSPECIFIED.);
#1606 = CARTESIAN_POINT('',(-3.727278197047,-2.752755672312E-14));
#1607 = CARTESIAN_POINT('',(-3.727278197047,5.426814622963E-02));
#1608 = CARTESIAN_POINT('',(-3.722204139094,0.108536202628));
#1609 = CARTESIAN_POINT('',(-3.712056081517,0.162251273077));
#1610 = CARTESIAN_POINT('',(-3.696746559015,0.214858178782));
#1611 = CARTESIAN_POINT('',(-3.676103682185,0.265776024727));
#1612 = CARTESIAN_POINT('',(-3.649894685696,0.314360318553));
#1613 = CARTESIAN_POINT('',(-3.617912539438,0.359884457955));
#1614 = CARTESIAN_POINT('',(-3.551860010075,0.432841861247));
#1615 = CARTESIAN_POINT('',(-3.520310522802,0.461952712425));
#1616 = CARTESIAN_POINT('',(-3.485524047138,0.488580188928));
#1617 = CARTESIAN_POINT('',(-3.447573258676,0.512385212823));
#1618 = CARTESIAN_POINT('',(-3.406638629791,0.533020886408));
#1619 = CARTESIAN_POINT('',(-3.363068215338,0.550161916687));
#1620 = CARTESIAN_POINT('',(-3.317399593849,0.563543354547));
#1621 = CARTESIAN_POINT('',(-3.234950327275,0.580080286016));
#1622 = CARTESIAN_POINT('',(-3.198802013992,0.584955869825));
#1623 = CARTESIAN_POINT('',(-3.162116465305,0.587547032268));
#1624 = CARTESIAN_POINT('',(-3.125206596204,0.58780939207));
#1625 = CARTESIAN_POINT('',(-3.08840761442,0.585734436365));
#1626 = CARTESIAN_POINT('',(-3.052048578905,0.58135105955));
#1627 = CARTESIAN_POINT('',(-3.01642563608,0.574721823021));
#1628 = CARTESIAN_POINT('',(-2.929841817844,0.552753812053));
#1629 = CARTESIAN_POINT('',(-2.880117749275,0.53471761841));
#1630 = CARTESIAN_POINT('',(-2.83347395073,0.512122901746));
#1631 = CARTESIAN_POINT('',(-2.790548982544,0.485396929386));
#1632 = CARTESIAN_POINT('',(-2.751664491076,0.455040570795));
#1633 = CARTESIAN_POINT('',(-2.716923759881,0.421547849322));
#1634 = CARTESIAN_POINT('',(-2.686315616587,0.385389478752));
#1635 = CARTESIAN_POINT('',(-2.63322413802,0.308618830544));
#1636 = CARTESIAN_POINT('',(-2.610740851198,0.26800654287));
#1637 = CARTESIAN_POINT('',(-2.592250196753,0.225606272768));
#1638 = CARTESIAN_POINT('',(-2.577625084944,0.181825011133));
#1639 = CARTESIAN_POINT('',(-2.566743920662,0.137033849179));
#1640 = CARTESIAN_POINT('',(-2.559519421192,9.157747593219E-02));
#1641 = CARTESIAN_POINT('',(-2.555907110133,4.578874838125E-02));
#1642 = CARTESIAN_POINT('',(-2.555907110133,-2.739216692533E-14));
#1643 = ( GEOMETRIC_REPRESENTATION_CONTEXT(2) 
PARAMETRIC_REPRESENTATION_CONTEXT() REPRESENTATION_CONTEXT('2D SPACE',''
  ) );
#1644 = ORIENTED_EDGE('',*,*,#1645,.T.);
#1645 = EDGE_CURVE('',#1588,#252,#1646,.T.);
#1646 = SURFACE_CURVE('',#1647,(#1651,#1658),.PCURVE_S1.);
#1647 = LINE('',#1648,#1649);
#1648 = CARTESIAN_POINT('',(31.5,0.,0.));
#1649 = VECTOR('',#1650,1.);
#1650 = DIRECTION('',(0.833333333333,0.307103001269,0.459612121432));
#1651 = PCURVE('',#397,#1652);
#1652 = DEFINITIONAL_REPRESENTATION('',(#1653),#1657);
#1653 = LINE('',#1654,#1655);
#1654 = CARTESIAN_POINT('',(-3.730641276138,0.));
#1655 = VECTOR('',#1656,1.);
#1656 = DIRECTION('',(-0.,1.));
#1657 = ( GEOMETRIC_REPRESENTATION_CONTEXT(2) 
PARAMETRIC_REPRESENTATION_CONTEXT() REPRESENTATION_CONTEXT('2D SPACE',''
  ) );
#1658 = PCURVE('',#330,#1659);
#1659 = DEFINITIONAL_REPRESENTATION('',(#1660),#1664);
#1660 = LINE('',#1661,#1662);
#1661 = CARTESIAN_POINT('',(-60.,-14.8));
#1662 = VECTOR('',#1663,1.);
#1663 = DIRECTION('',(0.552770798393,0.833333333333));
#1664 = ( GEOMETRIC_REPRESENTATION_CONTEXT(2) 
PARAMETRIC_REPRESENTATION_CONTEXT() REPRESENTATION_CONTEXT('2D SPACE',''
  ) );
#1665 = ADVANCED_FACE('',(#1666),#330,.T.);
#1666 = FACE_BOUND('',#1667,.F.);
#1667 = EDGE_LOOP('',(#1668,#1669,#1670,#1693));
#1668 = ORIENTED_EDGE('',*,*,#1645,.T.);
#1669 = ORIENTED_EDGE('',*,*,#251,.T.);
#1670 = ORIENTED_EDGE('',*,*,#1671,.F.);
#1671 = EDGE_CURVE('',#1672,#206,#1674,.T.);
#1672 = VERTEX_POINT('',#1673);
#1673 = CARTESIAN_POINT('',(21.,3.869497815994,5.791112730039));
#1674 = SURFACE_CURVE('',#1675,(#1679,#1686),.PCURVE_S1.);
#1675 = LINE('',#1676,#1677);
#1676 = CARTESIAN_POINT('',(31.5,0.,0.));
#1677 = VECTOR('',#1678,1.);
#1678 = DIRECTION('',(-0.833333333333,0.307103001269,0.459612121432));
#1679 = PCURVE('',#330,#1680);
#1680 = DEFINITIONAL_REPRESENTATION('',(#1681),#1685);
#1681 = LINE('',#1682,#1683);
#1682 = CARTESIAN_POINT('',(-60.,-14.8));
#1683 = VECTOR('',#1684,1.);
#1684 = DIRECTION('',(0.552770798393,-0.833333333333));
#1685 = ( GEOMETRIC_REPRESENTATION_CONTEXT(2) 
PARAMETRIC_REPRESENTATION_CONTEXT() REPRESENTATION_CONTEXT('2D SPACE',''
  ) );
#1686 = PCURVE('',#239,#1687);
#1687 = DEFINITIONAL_REPRESENTATION('',(#1688),#1692);
#1688 = LINE('',#1689,#1690);
#1689 = CARTESIAN_POINT('',(-5.694136684632,-9.251858538543E-17));
#1690 = VECTOR('',#1691,1.);
#1691 = DIRECTION('',(-0.,1.));
#1692 = ( GEOMETRIC_REPRESENTATION_CONTEXT(2) 
PARAMETRIC_REPRESENTATION_CONTEXT() REPRESENTATION_CONTEXT('2D SPACE',''
  ) );
#1693 = ORIENTED_EDGE('',*,*,#1694,.F.);
#1694 = EDGE_CURVE('',#1588,#1672,#1695,.T.);
#1695 = SURFACE_CURVE('',#1696,(#1701,#1712),.PCURVE_S1.);
#1696 = CIRCLE('',#1697,12.6);
#1697 = AXIS2_PLACEMENT_3D('',#1698,#1699,#1700);
#1698 = CARTESIAN_POINT('',(31.5,-2.953973465134E-15,1.973781966383E-15)
  );
#1699 = DIRECTION('',(0.,-0.831469612303,0.55557023302));
#1700 = DIRECTION('',(-0.,0.55557023302,0.831469612303));
#1701 = PCURVE('',#330,#1702);
#1702 = DEFINITIONAL_REPRESENTATION('',(#1703),#1711);
#1703 = ( BOUNDED_CURVE() B_SPLINE_CURVE(2,(#1704,#1705,#1706,#1707,
#1708,#1709,#1710),.UNSPECIFIED.,.T.,.F.) B_SPLINE_CURVE_WITH_KNOTS((1,2
    ,2,2,2,1),(-2.094395102393,0.,2.094395102393,4.188790204786,
6.28318530718,8.377580409573),.UNSPECIFIED.) CURVE() 
GEOMETRIC_REPRESENTATION_ITEM() RATIONAL_B_SPLINE_CURVE((1.,0.5,1.,0.5,
1.,0.5,1.)) REPRESENTATION_ITEM('') );
#1704 = CARTESIAN_POINT('',(-47.4,-14.8));
#1705 = CARTESIAN_POINT('',(-47.4,-36.62384017536));
#1706 = CARTESIAN_POINT('',(-66.3,-25.71192008768));
#1707 = CARTESIAN_POINT('',(-85.2,-14.8));
#1708 = CARTESIAN_POINT('',(-66.3,-3.888079912316));
#1709 = CARTESIAN_POINT('',(-47.4,7.023840175368));
#1710 = CARTESIAN_POINT('',(-47.4,-14.8));
#1711 = ( GEOMETRIC_REPRESENTATION_CONTEXT(2) 
PARAMETRIC_REPRESENTATION_CONTEXT() REPRESENTATION_CONTEXT('2D SPACE',''
  ) );
#1712 = PCURVE('',#832,#1713);
#1713 = DEFINITIONAL_REPRESENTATION('',(#1714),#1780);
#1714 = B_SPLINE_CURVE_WITH_KNOTS('',8,(#1715,#1716,#1717,#1718,#1719,
    #1720,#1721,#1722,#1723,#1724,#1725,#1726,#1727,#1728,#1729,#1730,
    #1731,#1732,#1733,#1734,#1735,#1736,#1737,#1738,#1739,#1740,#1741,
    #1742,#1743,#1744,#1745,#1746,#1747,#1748,#1749,#1750,#1751,#1752,
    #1753,#1754,#1755,#1756,#1757,#1758,#1759,#1760,#1761,#1762,#1763,
    #1764,#1765,#1766,#1767,#1768,#1769,#1770,#1771,#1772,#1773,#1774,
    #1775,#1776,#1777,#1778,#1779),.UNSPECIFIED.,.F.,.F.,(9,7,7,7,7,7,7,
    7,7,9),(4.712388980385,5.105088062083,5.44869975857,5.749359992995,
    6.012437698118,6.2426306901,6.444049558084,6.796532577057,
    7.325257105516,7.853981633974),.UNSPECIFIED.);
#1715 = CARTESIAN_POINT('',(-3.14159265359,3.910872517169E-18));
#1716 = CARTESIAN_POINT('',(-3.114321163549,4.081466915145E-02));
#1717 = CARTESIAN_POINT('',(-3.087049662714,8.16293260586E-02));
#1718 = CARTESIAN_POINT('',(-3.059639752436,0.122397774236));
#1719 = CARTESIAN_POINT('',(-3.031952877698,0.163073655479));
#1720 = CARTESIAN_POINT('',(-3.003846069371,0.203608902991));
#1721 = CARTESIAN_POINT('',(-2.975167153709,0.243951737702));
#1722 = CARTESIAN_POINT('',(-2.945749429081,0.284044207775));
#1723 = CARTESIAN_POINT('',(-2.888855143176,0.358622451911));
#1724 = CARTESIAN_POINT('',(-2.861595630194,0.393182603444));
#1725 = CARTESIAN_POINT('',(-2.833501688771,0.427454794937));
#1726 = CARTESIAN_POINT('',(-2.804436308805,0.461388591356));
#1727 = CARTESIAN_POINT('',(-2.774246973028,0.494926519002));
#1728 = CARTESIAN_POINT('',(-2.742762494277,0.528001824712));
#1729 = CARTESIAN_POINT('',(-2.709790769305,0.560535528846));
#1730 = CARTESIAN_POINT('',(-2.644778294002,0.620342859908));
#1731 = CARTESIAN_POINT('',(-2.613136397241,0.647765651054));
#1732 = CARTESIAN_POINT('',(-2.58004841648,0.674637611665));
#1733 = CARTESIAN_POINT('',(-2.545358373393,0.700885787255));
#1734 = CARTESIAN_POINT('',(-2.508898586599,0.726426180289));
#1735 = CARTESIAN_POINT('',(-2.470491590258,0.751161236827));
#1736 = CARTESIAN_POINT('',(-2.429958837252,0.774977833381));
#1737 = CARTESIAN_POINT('',(-2.349677240667,0.817670311724));
#1738 = CARTESIAN_POINT('',(-2.310463767326,0.836791654445));
#1739 = CARTESIAN_POINT('',(-2.269395295307,0.855024889125));
#1740 = CARTESIAN_POINT('',(-2.226378254449,0.872274652046));
#1741 = CARTESIAN_POINT('',(-2.181340469039,0.888436475142));
#1742 = CARTESIAN_POINT('',(-2.134250811918,0.903398277833));
#1743 = CARTESIAN_POINT('',(-2.085141448055,0.917044598844));
#1744 = CARTESIAN_POINT('',(-1.989484290091,0.939957441026));
#1745 = CARTESIAN_POINT('',(-1.943383545812,0.949558149237));
#1746 = CARTESIAN_POINT('',(-1.895897241246,0.957993047195));
#1747 = CARTESIAN_POINT('',(-1.847145576411,0.9651902306));
#1748 = CARTESIAN_POINT('',(-1.797303782639,0.971085212758));
#1749 = CARTESIAN_POINT('',(-1.746600620726,0.975625681015));
#1750 = CARTESIAN_POINT('',(-1.69530536901,0.978775546492));
#1751 = CARTESIAN_POINT('',(-1.598551492188,0.982043185182));
#1752 = CARTESIAN_POINT('',(-1.553164788315,0.982490702239));
#1753 = CARTESIAN_POINT('',(-1.507734298158,0.981849577609));
#1754 = CARTESIAN_POINT('',(-1.462461035626,0.980119454984));
#1755 = CARTESIAN_POINT('',(-1.41754381661,0.977311938328));
#1756 = CARTESIAN_POINT('',(-1.373165823769,0.973449782866));
#1757 = CARTESIAN_POINT('',(-1.329484443344,0.968564895157));
#1758 = CARTESIAN_POINT('',(-1.211631912807,0.952424928136));
#1759 = CARTESIAN_POINT('',(-1.13916421778,0.939139970458));
#1760 = CARTESIAN_POINT('',(-1.069918072177,0.923047477267));
#1761 = CARTESIAN_POINT('',(-1.00432165782,0.90441710144));
#1762 = CARTESIAN_POINT('',(-0.942475235315,0.88354066237));
#1763 = CARTESIAN_POINT('',(-0.884289163175,0.860689444121));
#1764 = CARTESIAN_POINT('',(-0.829571652585,0.836109049402));
#1765 = CARTESIAN_POINT('',(-0.700843158853,0.77087496253));
#1766 = CARTESIAN_POINT('',(-0.630864839913,0.728329714217));
#1767 = CARTESIAN_POINT('',(-0.567327772766,0.683109062838));
#1768 = CARTESIAN_POINT('',(-0.509159344688,0.635793328712));
#1769 = CARTESIAN_POINT('',(-0.455447299091,0.586805602161));
#1770 = CARTESIAN_POINT('',(-0.405411357253,0.53647907803));
#1771 = CARTESIAN_POINT('',(-0.358396042799,0.485074744805));
#1772 = CARTESIAN_POINT('',(-0.269284173375,0.380538429851));
#1773 = CARTESIAN_POINT('',(-0.227187659613,0.327406425206));
#1774 = CARTESIAN_POINT('',(-0.18698923463,0.273624293862));
#1775 = CARTESIAN_POINT('',(-0.148223555083,0.219357629688));
#1776 = CARTESIAN_POINT('',(-0.110491699119,0.164743983146));
#1777 = CARTESIAN_POINT('',(-7.343592333644E-02,0.109904598523));
#1778 = CARTESIAN_POINT('',(-3.671795118488E-02,5.495229733657E-02));
#1779 = CARTESIAN_POINT('',(0.,4.11213512235E-16));
#1780 = ( GEOMETRIC_REPRESENTATION_CONTEXT(2) 
PARAMETRIC_REPRESENTATION_CONTEXT() REPRESENTATION_CONTEXT('2D SPACE',''
  ) );
#1781 = ADVANCED_FACE('',(#1782),#239,.F.);
#1782 = FACE_BOUND('',#1783,.T.);
#1783 = EDGE_LOOP('',(#1784,#1807,#1808,#1809));
#1784 = ORIENTED_EDGE('',*,*,#1785,.T.);
#1785 = EDGE_CURVE('',#1786,#170,#1788,.T.);
#1786 = VERTEX_POINT('',#1787);
#1787 = CARTESIAN_POINT('',(21.,3.025873012596,6.27328402925));
#1788 = SURFACE_CURVE('',#1789,(#1793,#1800),.PCURVE_S1.);
#1789 = LINE('',#1790,#1791);
#1790 = CARTESIAN_POINT('',(31.5,0.,0.));
#1791 = VECTOR('',#1792,1.);
#1792 = DIRECTION('',(-0.833333333333,0.240148651793,0.497879684861));
#1793 = PCURVE('',#239,#1794);
#1794 = DEFINITIONAL_REPRESENTATION('',(#1795),#1799);
#1795 = LINE('',#1796,#1797);
#1796 = CARTESIAN_POINT('',(-5.833763024791,0.));
#1797 = VECTOR('',#1798,1.);
#1798 = DIRECTION('',(-0.,1.));
#1799 = ( GEOMETRIC_REPRESENTATION_CONTEXT(2) 
PARAMETRIC_REPRESENTATION_CONTEXT() REPRESENTATION_CONTEXT('2D SPACE',''
  ) );
#1800 = PCURVE('',#189,#1801);
#1801 = DEFINITIONAL_REPRESENTATION('',(#1802),#1806);
#1802 = LINE('',#1803,#1804);
#1803 = CARTESIAN_POINT('',(-60.,10.5));
#1804 = VECTOR('',#1805,1.);
#1805 = DIRECTION('',(0.552770798393,-0.833333333333));
#1806 = ( GEOMETRIC_REPRESENTATION_CONTEXT(2) 
PARAMETRIC_REPRESENTATION_CONTEXT() REPRESENTATION_CONTEXT('2D SPACE',''
  ) );
#1807 = ORIENTED_EDGE('',*,*,#205,.F.);
#1808 = ORIENTED_EDGE('',*,*,#1671,.F.);
#1809 = ORIENTED_EDGE('',*,*,#1810,.T.);
#1810 = EDGE_CURVE('',#1672,#1786,#1811,.T.);
#1811 = SURFACE_CURVE('',#1812,(#1817,#1824),.PCURVE_S1.);
#1812 = CIRCLE('',#1813,6.964912059746);
#1813 = AXIS2_PLACEMENT_3D('',#1814,#1815,#1816);
#1814 = CARTESIAN_POINT('',(21.,0.,0.));
#1815 = DIRECTION('',(1.,-0.,0.));
#1816 = DIRECTION('',(-0.,-0.,1.));
#1817 = PCURVE('',#239,#1818);
#1818 = DEFINITIONAL_REPRESENTATION('',(#1819),#1823);
#1819 = LINE('',#1820,#1821);
#1820 = CARTESIAN_POINT('',(-0.,10.5));
#1821 = VECTOR('',#1822,1.);
#1822 = DIRECTION('',(-1.,0.));
#1823 = ( GEOMETRIC_REPRESENTATION_CONTEXT(2) 
PARAMETRIC_REPRESENTATION_CONTEXT() REPRESENTATION_CONTEXT('2D SPACE',''
  ) );
#1824 = PCURVE('',#832,#1825);
#1825 = DEFINITIONAL_REPRESENTATION('',(#1826),#1847);
#1826 = B_SPLINE_CURVE_WITH_KNOTS('',7,(#1827,#1828,#1829,#1830,#1831,
    #1832,#1833,#1834,#1835,#1836,#1837,#1838,#1839,#1840,#1841,#1842,
    #1843,#1844,#1845,#1846),.UNSPECIFIED.,.F.,.F.,(8,6,6,8),(
    4.712388980385,5.497787143782,5.890486225481,6.28318530718),
  .UNSPECIFIED.);
#1827 = CARTESIAN_POINT('',(-0.585685543457,-2.759525162201E-14));
#1828 = CARTESIAN_POINT('',(-0.585685543457,6.202073854815E-02));
#1829 = CARTESIAN_POINT('',(-0.578920132853,0.124041357322));
#1830 = CARTESIAN_POINT('',(-0.565389404971,0.18517722253));
#1831 = CARTESIAN_POINT('',(-0.54491840588,0.244539135033));
#1832 = CARTESIAN_POINT('',(-0.517165399788,0.301170840882));
#1833 = CARTESIAN_POINT('',(-0.481711929061,0.353928751564));
#1834 = CARTESIAN_POINT('',(-0.417007410501,0.425397228258));
#1835 = CARTESIAN_POINT('',(-0.393518386375,0.447942014398));
#1836 = CARTESIAN_POINT('',(-0.368111161655,0.469054113223));
#1837 = CARTESIAN_POINT('',(-0.340813203489,0.488573189876));
#1838 = CARTESIAN_POINT('',(-0.311696576633,0.506336771148));
#1839 = CARTESIAN_POINT('',(-0.280891369357,0.522188538066));
#1840 = CARTESIAN_POINT('',(-0.216294158911,0.549794186917));
#1841 = CARTESIAN_POINT('',(-0.182502112984,0.561547992336));
#1842 = CARTESIAN_POINT('',(-0.147410777538,0.571115940493));
#1843 = CARTESIAN_POINT('',(-0.111278068067,0.578378739482));
#1844 = CARTESIAN_POINT('',(-7.442477594489E-02,0.583250053263));
#1845 = CARTESIAN_POINT('',(-3.721244312891E-02,0.585685543457));
#1846 = CARTESIAN_POINT('',(-1.624677573393E-16,0.585685543457));
#1847 = ( GEOMETRIC_REPRESENTATION_CONTEXT(2) 
PARAMETRIC_REPRESENTATION_CONTEXT() REPRESENTATION_CONTEXT('2D SPACE',''
  ) );
#1848 = ADVANCED_FACE('',(#1849),#189,.T.);
#1849 = FACE_BOUND('',#1850,.F.);
#1850 = EDGE_LOOP('',(#1851,#1889,#1890,#1891,#1914,#1942,#1970,#1998));
#1851 = ORIENTED_EDGE('',*,*,#1852,.F.);
#1852 = EDGE_CURVE('',#1786,#1853,#1855,.T.);
#1853 = VERTEX_POINT('',#1854);
#1854 = CARTESIAN_POINT('',(19.620606076066,1.824670081098,
    3.782932605155));
#1855 = SURFACE_CURVE('',#1856,(#1861,#1872),.PCURVE_S1.);
#1856 = CIRCLE('',#1857,12.6);
#1857 = AXIS2_PLACEMENT_3D('',#1858,#1859,#1860);
#1858 = CARTESIAN_POINT('',(31.5,-3.199922955313E-15,1.543459608671E-15)
  );
#1859 = DIRECTION('',(0.,-0.900698239323,0.434445257404));
#1860 = DIRECTION('',(-0.,0.434445257404,0.900698239323));
#1861 = PCURVE('',#189,#1862);
#1862 = DEFINITIONAL_REPRESENTATION('',(#1863),#1871);
#1863 = ( BOUNDED_CURVE() B_SPLINE_CURVE(2,(#1864,#1865,#1866,#1867,
#1868,#1869,#1870),.UNSPECIFIED.,.T.,.F.) B_SPLINE_CURVE_WITH_KNOTS((1,2
    ,2,2,2,1),(-2.094395102393,0.,2.094395102393,4.188790204786,
6.28318530718,8.377580409573),.UNSPECIFIED.) CURVE() 
GEOMETRIC_REPRESENTATION_ITEM() RATIONAL_B_SPLINE_CURVE((1.,0.5,1.,0.5,
1.,0.5,1.)) REPRESENTATION_ITEM('') );
#1864 = CARTESIAN_POINT('',(-47.4,10.5));
#1865 = CARTESIAN_POINT('',(-47.4,-11.32384017536));
#1866 = CARTESIAN_POINT('',(-66.3,-0.411920087684));
#1867 = CARTESIAN_POINT('',(-85.2,10.5));
#1868 = CARTESIAN_POINT('',(-66.3,21.411920087684));
#1869 = CARTESIAN_POINT('',(-47.4,32.323840175368));
#1870 = CARTESIAN_POINT('',(-47.4,10.5));
#1871 = ( GEOMETRIC_REPRESENTATION_CONTEXT(2) 
PARAMETRIC_REPRESENTATION_CONTEXT() REPRESENTATION_CONTEXT('2D SPACE',''
  ) );
#1872 = PCURVE('',#1873,#1878);
#1873 = SPHERICAL_SURFACE('',#1874,12.6);
#1874 = AXIS2_PLACEMENT_3D('',#1875,#1876,#1877);
#1875 = CARTESIAN_POINT('',(31.5,0.,0.));
#1876 = DIRECTION('',(-0.,-0.,1.));
#1877 = DIRECTION('',(-1.,-0.,-0.));
#1878 = DEFINITIONAL_REPRESENTATION('',(#1879),#1888);
#1879 = B_SPLINE_CURVE_WITH_KNOTS('',7,(#1880,#1881,#1882,#1883,#1884,
    #1885,#1886,#1887),.UNSPECIFIED.,.F.,.F.,(8,8),(0.985110783338,
    1.570796326795),.PIECEWISE_BEZIER_KNOTS.);
#1880 = CARTESIAN_POINT('',(-0.280576300114,0.521152172096));
#1881 = CARTESIAN_POINT('',(-0.232246299388,0.448738233325));
#1882 = CARTESIAN_POINT('',(-0.188604359722,0.375147700209));
#1883 = CARTESIAN_POINT('',(-0.148095834115,0.300793337403));
#1884 = CARTESIAN_POINT('',(-0.10972391279,0.225919691445));
#1885 = CARTESIAN_POINT('',(-7.269946325638E-02,0.150721740788));
#1886 = CARTESIAN_POINT('',(-3.63497580979E-02,7.536084825551E-02));
#1887 = CARTESIAN_POINT('',(0.,1.776486551281E-16));
#1888 = ( GEOMETRIC_REPRESENTATION_CONTEXT(2) 
PARAMETRIC_REPRESENTATION_CONTEXT() REPRESENTATION_CONTEXT('2D SPACE',''
  ) );
#1889 = ORIENTED_EDGE('',*,*,#1785,.T.);
#1890 = ORIENTED_EDGE('',*,*,#169,.F.);
#1891 = ORIENTED_EDGE('',*,*,#1892,.T.);
#1892 = EDGE_CURVE('',#136,#1893,#1895,.T.);
#1893 = VERTEX_POINT('',#1894);
#1894 = CARTESIAN_POINT('',(11.1,3.823118265159,7.926144506039));
#1895 = SURFACE_CURVE('',#1896,(#1900,#1907),.PCURVE_S1.);
#1896 = LINE('',#1897,#1898);
#1897 = CARTESIAN_POINT('',(20.869854187265,3.823118265159,
    7.926144506039));
#1898 = VECTOR('',#1899,1.);
#1899 = DIRECTION('',(-1.,-7.181897888279E-15,3.36367369451E-15));
#1900 = PCURVE('',#189,#1901);
#1901 = DEFINITIONAL_REPRESENTATION('',(#1902),#1906);
#1902 = LINE('',#1903,#1904);
#1903 = CARTESIAN_POINT('',(-51.2,-0.130145812735));
#1904 = VECTOR('',#1905,1.);
#1905 = DIRECTION('',(-9.048650242437E-17,-1.));
#1906 = ( GEOMETRIC_REPRESENTATION_CONTEXT(2) 
PARAMETRIC_REPRESENTATION_CONTEXT() REPRESENTATION_CONTEXT('2D SPACE',''
  ) );
#1907 = PCURVE('',#157,#1908);
#1908 = DEFINITIONAL_REPRESENTATION('',(#1909),#1913);
#1909 = LINE('',#1910,#1911);
#1910 = CARTESIAN_POINT('',(-5.833763024791,0.130145812735));
#1911 = VECTOR('',#1912,1.);
#1912 = DIRECTION('',(-0.,1.));
#1913 = ( GEOMETRIC_REPRESENTATION_CONTEXT(2) 
PARAMETRIC_REPRESENTATION_CONTEXT() REPRESENTATION_CONTEXT('2D SPACE',''
  ) );
#1914 = ORIENTED_EDGE('',*,*,#1915,.T.);
#1915 = EDGE_CURVE('',#1893,#1916,#1918,.T.);
#1916 = VERTEX_POINT('',#1917);
#1917 = CARTESIAN_POINT('',(11.1,1.564002926656,3.242513661561));
#1918 = SURFACE_CURVE('',#1919,(#1923,#1930),.PCURVE_S1.);
#1919 = LINE('',#1920,#1921);
#1920 = CARTESIAN_POINT('',(11.1,26.066715444265,54.041894359355));
#1921 = VECTOR('',#1922,1.);
#1922 = DIRECTION('',(-0.,-0.434445257404,-0.900698239323));
#1923 = PCURVE('',#189,#1924);
#1924 = DEFINITIONAL_REPRESENTATION('',(#1925),#1929);
#1925 = LINE('',#1926,#1927);
#1926 = CARTESIAN_POINT('',(-0.,-9.9));
#1927 = VECTOR('',#1928,1.);
#1928 = DIRECTION('',(-1.,0.));
#1929 = ( GEOMETRIC_REPRESENTATION_CONTEXT(2) 
PARAMETRIC_REPRESENTATION_CONTEXT() REPRESENTATION_CONTEXT('2D SPACE',''
  ) );
#1930 = PCURVE('',#1931,#1936);
#1931 = PLANE('',#1932);
#1932 = AXIS2_PLACEMENT_3D('',#1933,#1934,#1935);
#1933 = CARTESIAN_POINT('',(11.1,0.,0.));
#1934 = DIRECTION('',(-1.,-0.,-0.));
#1935 = DIRECTION('',(0.,0.,-1.));
#1936 = DEFINITIONAL_REPRESENTATION('',(#1937),#1941);
#1937 = LINE('',#1938,#1939);
#1938 = CARTESIAN_POINT('',(-54.04189435935,-26.06671544426));
#1939 = VECTOR('',#1940,1.);
#1940 = DIRECTION('',(0.900698239323,0.434445257404));
#1941 = ( GEOMETRIC_REPRESENTATION_CONTEXT(2) 
PARAMETRIC_REPRESENTATION_CONTEXT() REPRESENTATION_CONTEXT('2D SPACE',''
  ) );
#1942 = ORIENTED_EDGE('',*,*,#1943,.F.);
#1943 = EDGE_CURVE('',#1944,#1916,#1946,.T.);
#1944 = VERTEX_POINT('',#1945);
#1945 = CARTESIAN_POINT('',(13.1,1.564002926656,3.242513661561));
#1946 = SURFACE_CURVE('',#1947,(#1951,#1958),.PCURVE_S1.);
#1947 = LINE('',#1948,#1949);
#1948 = CARTESIAN_POINT('',(13.1,1.564002926656,3.242513661561));
#1949 = VECTOR('',#1950,1.);
#1950 = DIRECTION('',(-1.,-0.,-0.));
#1951 = PCURVE('',#189,#1952);
#1952 = DEFINITIONAL_REPRESENTATION('',(#1953),#1957);
#1953 = LINE('',#1954,#1955);
#1954 = CARTESIAN_POINT('',(-56.4,-7.9));
#1955 = VECTOR('',#1956,1.);
#1956 = DIRECTION('',(-0.,-1.));
#1957 = ( GEOMETRIC_REPRESENTATION_CONTEXT(2) 
PARAMETRIC_REPRESENTATION_CONTEXT() REPRESENTATION_CONTEXT('2D SPACE',''
  ) );
#1958 = PCURVE('',#1959,#1964);
#1959 = CYLINDRICAL_SURFACE('',#1960,3.6);
#1960 = AXIS2_PLACEMENT_3D('',#1961,#1962,#1963);
#1961 = CARTESIAN_POINT('',(13.1,0.,0.));
#1962 = DIRECTION('',(-1.,-0.,-0.));
#1963 = DIRECTION('',(-0.,-0.,1.));
#1964 = DEFINITIONAL_REPRESENTATION('',(#1965),#1969);
#1965 = LINE('',#1966,#1967);
#1966 = CARTESIAN_POINT('',(-12.11694833197,0.));
#1967 = VECTOR('',#1968,1.);
#1968 = DIRECTION('',(-0.,1.));
#1969 = ( GEOMETRIC_REPRESENTATION_CONTEXT(2) 
PARAMETRIC_REPRESENTATION_CONTEXT() REPRESENTATION_CONTEXT('2D SPACE',''
  ) );
#1970 = ORIENTED_EDGE('',*,*,#1971,.F.);
#1971 = EDGE_CURVE('',#1972,#1944,#1974,.T.);
#1972 = VERTEX_POINT('',#1973);
#1973 = CARTESIAN_POINT('',(13.1,1.824670081099,3.782932605155));
#1974 = SURFACE_CURVE('',#1975,(#1979,#1986),.PCURVE_S1.);
#1975 = LINE('',#1976,#1977);
#1976 = CARTESIAN_POINT('',(13.1,26.066715444265,54.041894359355));
#1977 = VECTOR('',#1978,1.);
#1978 = DIRECTION('',(-0.,-0.434445257404,-0.900698239323));
#1979 = PCURVE('',#189,#1980);
#1980 = DEFINITIONAL_REPRESENTATION('',(#1981),#1985);
#1981 = LINE('',#1982,#1983);
#1982 = CARTESIAN_POINT('',(-0.,-7.9));
#1983 = VECTOR('',#1984,1.);
#1984 = DIRECTION('',(-1.,0.));
#1985 = ( GEOMETRIC_REPRESENTATION_CONTEXT(2) 
PARAMETRIC_REPRESENTATION_CONTEXT() REPRESENTATION_CONTEXT('2D SPACE',''
  ) );
#1986 = PCURVE('',#1987,#1992);
#1987 = PLANE('',#1988);
#1988 = AXIS2_PLACEMENT_3D('',#1989,#1990,#1991);
#1989 = CARTESIAN_POINT('',(13.1,0.,0.));
#1990 = DIRECTION('',(-1.,-0.,-0.));
#1991 = DIRECTION('',(0.,0.,-1.));
#1992 = DEFINITIONAL_REPRESENTATION('',(#1993),#1997);
#1993 = LINE('',#1994,#1995);
#1994 = CARTESIAN_POINT('',(-54.04189435935,-26.06671544426));
#1995 = VECTOR('',#1996,1.);
#1996 = DIRECTION('',(0.900698239323,0.434445257404));
#1997 = ( GEOMETRIC_REPRESENTATION_CONTEXT(2) 
PARAMETRIC_REPRESENTATION_CONTEXT() REPRESENTATION_CONTEXT('2D SPACE',''
  ) );
#1998 = ORIENTED_EDGE('',*,*,#1999,.F.);
#1999 = EDGE_CURVE('',#1853,#1972,#2000,.T.);
#2000 = SURFACE_CURVE('',#2001,(#2005,#2012),.PCURVE_S1.);
#2001 = LINE('',#2002,#2003);
#2002 = CARTESIAN_POINT('',(22.,1.824670081099,3.782932605155));
#2003 = VECTOR('',#2004,1.);
#2004 = DIRECTION('',(-1.,-0.,-0.));
#2005 = PCURVE('',#189,#2006);
#2006 = DEFINITIONAL_REPRESENTATION('',(#2007),#2011);
#2007 = LINE('',#2008,#2009);
#2008 = CARTESIAN_POINT('',(-55.8,1.));
#2009 = VECTOR('',#2010,1.);
#2010 = DIRECTION('',(-0.,-1.));
#2011 = ( GEOMETRIC_REPRESENTATION_CONTEXT(2) 
PARAMETRIC_REPRESENTATION_CONTEXT() REPRESENTATION_CONTEXT('2D SPACE',''
  ) );
#2012 = PCURVE('',#2013,#2018);
#2013 = CYLINDRICAL_SURFACE('',#2014,4.2);
#2014 = AXIS2_PLACEMENT_3D('',#2015,#2016,#2017);
#2015 = CARTESIAN_POINT('',(22.,0.,0.));
#2016 = DIRECTION('',(-1.,-0.,-0.));
#2017 = DIRECTION('',(-0.,-0.,1.));
#2018 = DEFINITIONAL_REPRESENTATION('',(#2019),#2023);
#2019 = LINE('',#2020,#2021);
#2020 = CARTESIAN_POINT('',(-5.833763024791,0.));
#2021 = VECTOR('',#2022,1.);
#2022 = DIRECTION('',(-0.,1.));
#2023 = ( GEOMETRIC_REPRESENTATION_CONTEXT(2) 
PARAMETRIC_REPRESENTATION_CONTEXT() REPRESENTATION_CONTEXT('2D SPACE',''
  ) );
#2024 = ADVANCED_FACE('',(#2025),#157,.T.);
#2025 = FACE_BOUND('',#2026,.F.);
#2026 = EDGE_LOOP('',(#2027,#2050,#2076,#2077));
#2027 = ORIENTED_EDGE('',*,*,#2028,.T.);
#2028 = EDGE_CURVE('',#99,#2029,#2031,.T.);
#2029 = VERTEX_POINT('',#2030);
#2030 = CARTESIAN_POINT('',(11.1,0.575547537226,8.7811585245));
#2031 = SURFACE_CURVE('',#2032,(#2036,#2043),.PCURVE_S1.);
#2032 = LINE('',#2033,#2034);
#2033 = CARTESIAN_POINT('',(20.869854187265,0.575547537225,8.7811585245)
  );
#2034 = VECTOR('',#2035,1.);
#2035 = DIRECTION('',(-1.,3.57844880541E-14,-2.545482795846E-15));
#2036 = PCURVE('',#157,#2037);
#2037 = DEFINITIONAL_REPRESENTATION('',(#2038),#2042);
#2038 = LINE('',#2039,#2040);
#2039 = CARTESIAN_POINT('',(-6.21773546023,0.130145812735));
#2040 = VECTOR('',#2041,1.);
#2041 = DIRECTION('',(-0.,1.));
#2042 = ( GEOMETRIC_REPRESENTATION_CONTEXT(2) 
PARAMETRIC_REPRESENTATION_CONTEXT() REPRESENTATION_CONTEXT('2D SPACE',''
  ) );
#2043 = PCURVE('',#119,#2044);
#2044 = DEFINITIONAL_REPRESENTATION('',(#2045),#2049);
#2045 = LINE('',#2046,#2047);
#2046 = CARTESIAN_POINT('',(-8.8,-0.130145812735));
#2047 = VECTOR('',#2048,1.);
#2048 = DIRECTION('',(1.996152251482E-16,-1.));
#2049 = ( GEOMETRIC_REPRESENTATION_CONTEXT(2) 
PARAMETRIC_REPRESENTATION_CONTEXT() REPRESENTATION_CONTEXT('2D SPACE',''
  ) );
#2050 = ORIENTED_EDGE('',*,*,#2051,.F.);
#2051 = EDGE_CURVE('',#1893,#2029,#2052,.T.);
#2052 = SURFACE_CURVE('',#2053,(#2058,#2065),.PCURVE_S1.);
#2053 = CIRCLE('',#2054,8.8);
#2054 = AXIS2_PLACEMENT_3D('',#2055,#2056,#2057);
#2055 = CARTESIAN_POINT('',(11.1,0.,0.));
#2056 = DIRECTION('',(1.,-0.,0.));
#2057 = DIRECTION('',(-0.,-0.,1.));
#2058 = PCURVE('',#157,#2059);
#2059 = DEFINITIONAL_REPRESENTATION('',(#2060),#2064);
#2060 = LINE('',#2061,#2062);
#2061 = CARTESIAN_POINT('',(-0.,9.9));
#2062 = VECTOR('',#2063,1.);
#2063 = DIRECTION('',(-1.,0.));
#2064 = ( GEOMETRIC_REPRESENTATION_CONTEXT(2) 
PARAMETRIC_REPRESENTATION_CONTEXT() REPRESENTATION_CONTEXT('2D SPACE',''
  ) );
#2065 = PCURVE('',#1931,#2066);
#2066 = DEFINITIONAL_REPRESENTATION('',(#2067),#2075);
#2067 = ( BOUNDED_CURVE() B_SPLINE_CURVE(2,(#2068,#2069,#2070,#2071,
#2072,#2073,#2074),.UNSPECIFIED.,.T.,.F.) B_SPLINE_CURVE_WITH_KNOTS((1,2
    ,2,2,2,1),(-2.094395102393,0.,2.094395102393,4.188790204786,
6.28318530718,8.377580409573),.UNSPECIFIED.) CURVE() 
GEOMETRIC_REPRESENTATION_ITEM() RATIONAL_B_SPLINE_CURVE((1.,0.5,1.,0.5,
1.,0.5,1.)) REPRESENTATION_ITEM('') );
#2068 = CARTESIAN_POINT('',(-8.8,0.));
#2069 = CARTESIAN_POINT('',(-8.8,15.242047106606));
#2070 = CARTESIAN_POINT('',(4.4,7.621023553303));
#2071 = CARTESIAN_POINT('',(17.6,2.155378366499E-15));
#2072 = CARTESIAN_POINT('',(4.4,-7.621023553303));
#2073 = CARTESIAN_POINT('',(-8.8,-15.2420471066));
#2074 = CARTESIAN_POINT('',(-8.8,0.));
#2075 = ( GEOMETRIC_REPRESENTATION_CONTEXT(2) 
PARAMETRIC_REPRESENTATION_CONTEXT() REPRESENTATION_CONTEXT('2D SPACE',''
  ) );
#2076 = ORIENTED_EDGE('',*,*,#1892,.F.);
#2077 = ORIENTED_EDGE('',*,*,#135,.T.);
#2078 = ADVANCED_FACE('',(#2079),#119,.T.);
#2079 = FACE_BOUND('',#2080,.F.);
#2080 = EDGE_LOOP('',(#2081,#2082,#2115,#2138,#2161,#2184,#2205,#2206));
#2081 = ORIENTED_EDGE('',*,*,#792,.F.);
#2082 = ORIENTED_EDGE('',*,*,#2083,.F.);
#2083 = EDGE_CURVE('',#2084,#793,#2086,.T.);
#2084 = VERTEX_POINT('',#2085);
#2085 = CARTESIAN_POINT('',(19.620606076066,0.274693142767,
    4.191007477602));
#2086 = SURFACE_CURVE('',#2087,(#2092,#2103),.PCURVE_S1.);
#2087 = CIRCLE('',#2088,12.6);
#2088 = AXIS2_PLACEMENT_3D('',#2089,#2090,#2091);
#2089 = CARTESIAN_POINT('',(31.5,0.,0.));
#2090 = DIRECTION('',(0.,0.997858923239,-6.540312923014E-02));
#2091 = DIRECTION('',(-0.,-6.540312923014E-02,-0.997858923239));
#2092 = PCURVE('',#119,#2093);
#2093 = DEFINITIONAL_REPRESENTATION('',(#2094),#2102);
#2094 = ( BOUNDED_CURVE() B_SPLINE_CURVE(2,(#2095,#2096,#2097,#2098,
#2099,#2100,#2101),.UNSPECIFIED.,.T.,.F.) B_SPLINE_CURVE_WITH_KNOTS((1,2
    ,2,2,2,1),(-2.094395102393,0.,2.094395102393,4.188790204786,
6.28318530718,8.377580409573),.UNSPECIFIED.) CURVE() 
GEOMETRIC_REPRESENTATION_ITEM() RATIONAL_B_SPLINE_CURVE((1.,0.5,1.,0.5,
1.,0.5,1.)) REPRESENTATION_ITEM('') );
#2095 = CARTESIAN_POINT('',(12.6,10.5));
#2096 = CARTESIAN_POINT('',(12.6,-11.32384017536));
#2097 = CARTESIAN_POINT('',(-6.3,-0.411920087684));
#2098 = CARTESIAN_POINT('',(-25.2,10.5));
#2099 = CARTESIAN_POINT('',(-6.3,21.411920087684));
#2100 = CARTESIAN_POINT('',(12.6,32.323840175368));
#2101 = CARTESIAN_POINT('',(12.6,10.5));
#2102 = ( GEOMETRIC_REPRESENTATION_CONTEXT(2) 
PARAMETRIC_REPRESENTATION_CONTEXT() REPRESENTATION_CONTEXT('2D SPACE',''
  ) );
#2103 = PCURVE('',#1873,#2104);
#2104 = DEFINITIONAL_REPRESENTATION('',(#2105),#2114);
#2105 = B_SPLINE_CURVE_WITH_KNOTS('',7,(#2106,#2107,#2108,#2109,#2110,
    #2111,#2112,#2113),.UNSPECIFIED.,.F.,.F.,(8,8),(1.570796326795,
    2.156481870252),.PIECEWISE_BEZIER_KNOTS.);
#2106 = CARTESIAN_POINT('',(0.,-7.258088079615E-16));
#2107 = CARTESIAN_POINT('',(-5.472238183851E-03,8.349022082151E-02));
#2108 = CARTESIAN_POINT('',(-1.094433447776E-02,0.166980446336));
#2109 = CARTESIAN_POINT('',(-1.654199464921E-02,0.250466556618));
#2110 = CARTESIAN_POINT('',(-2.238587423979E-02,0.333944598745));
#2111 = CARTESIAN_POINT('',(-2.863798673114E-02,0.417409259134));
#2112 = CARTESIAN_POINT('',(-3.549112121414E-02,0.500854219868));
#2113 = CARTESIAN_POINT('',(-4.335634082918E-02,0.584265981679));
#2114 = ( GEOMETRIC_REPRESENTATION_CONTEXT(2) 
PARAMETRIC_REPRESENTATION_CONTEXT() REPRESENTATION_CONTEXT('2D SPACE',''
  ) );
#2115 = ORIENTED_EDGE('',*,*,#2116,.T.);
#2116 = EDGE_CURVE('',#2084,#2117,#2119,.T.);
#2117 = VERTEX_POINT('',#2118);
#2118 = CARTESIAN_POINT('',(13.1,0.274693142767,4.191007477602));
#2119 = SURFACE_CURVE('',#2120,(#2124,#2131),.PCURVE_S1.);
#2120 = LINE('',#2121,#2122);
#2121 = CARTESIAN_POINT('',(22.,0.274693142767,4.191007477602));
#2122 = VECTOR('',#2123,1.);
#2123 = DIRECTION('',(-1.,-0.,-0.));
#2124 = PCURVE('',#119,#2125);
#2125 = DEFINITIONAL_REPRESENTATION('',(#2126),#2130);
#2126 = LINE('',#2127,#2128);
#2127 = CARTESIAN_POINT('',(-4.2,1.));
#2128 = VECTOR('',#2129,1.);
#2129 = DIRECTION('',(-0.,-1.));
#2130 = ( GEOMETRIC_REPRESENTATION_CONTEXT(2) 
PARAMETRIC_REPRESENTATION_CONTEXT() REPRESENTATION_CONTEXT('2D SPACE',''
  ) );
#2131 = PCURVE('',#2013,#2132);
#2132 = DEFINITIONAL_REPRESENTATION('',(#2133),#2137);
#2133 = LINE('',#2134,#2135);
#2134 = CARTESIAN_POINT('',(-6.21773546023,0.));
#2135 = VECTOR('',#2136,1.);
#2136 = DIRECTION('',(-0.,1.));
#2137 = ( GEOMETRIC_REPRESENTATION_CONTEXT(2) 
PARAMETRIC_REPRESENTATION_CONTEXT() REPRESENTATION_CONTEXT('2D SPACE',''
  ) );
#2138 = ORIENTED_EDGE('',*,*,#2139,.F.);
#2139 = EDGE_CURVE('',#2140,#2117,#2142,.T.);
#2140 = VERTEX_POINT('',#2141);
#2141 = CARTESIAN_POINT('',(13.1,0.235451265229,3.592292123659));
#2142 = SURFACE_CURVE('',#2143,(#2147,#2154),.PCURVE_S1.);
#2143 = LINE('',#2144,#2145);
#2144 = CARTESIAN_POINT('',(13.1,0.,0.));
#2145 = VECTOR('',#2146,1.);
#2146 = DIRECTION('',(-0.,6.540312923014E-02,0.997858923239));
#2147 = PCURVE('',#119,#2148);
#2148 = DEFINITIONAL_REPRESENTATION('',(#2149),#2153);
#2149 = LINE('',#2150,#2151);
#2150 = CARTESIAN_POINT('',(-0.,-7.9));
#2151 = VECTOR('',#2152,1.);
#2152 = DIRECTION('',(-1.,0.));
#2153 = ( GEOMETRIC_REPRESENTATION_CONTEXT(2) 
PARAMETRIC_REPRESENTATION_CONTEXT() REPRESENTATION_CONTEXT('2D SPACE',''
  ) );
#2154 = PCURVE('',#1987,#2155);
#2155 = DEFINITIONAL_REPRESENTATION('',(#2156),#2160);
#2156 = LINE('',#2157,#2158);
#2157 = CARTESIAN_POINT('',(-0.,-0.));
#2158 = VECTOR('',#2159,1.);
#2159 = DIRECTION('',(-0.997858923239,-6.540312923014E-02));
#2160 = ( GEOMETRIC_REPRESENTATION_CONTEXT(2) 
PARAMETRIC_REPRESENTATION_CONTEXT() REPRESENTATION_CONTEXT('2D SPACE',''
  ) );
#2161 = ORIENTED_EDGE('',*,*,#2162,.T.);
#2162 = EDGE_CURVE('',#2140,#2163,#2165,.T.);
#2163 = VERTEX_POINT('',#2164);
#2164 = CARTESIAN_POINT('',(11.1,0.235451265229,3.592292123659));
#2165 = SURFACE_CURVE('',#2166,(#2170,#2177),.PCURVE_S1.);
#2166 = LINE('',#2167,#2168);
#2167 = CARTESIAN_POINT('',(13.1,0.235451265229,3.592292123659));
#2168 = VECTOR('',#2169,1.);
#2169 = DIRECTION('',(-1.,-0.,-0.));
#2170 = PCURVE('',#119,#2171);
#2171 = DEFINITIONAL_REPRESENTATION('',(#2172),#2176);
#2172 = LINE('',#2173,#2174);
#2173 = CARTESIAN_POINT('',(-3.6,-7.9));
#2174 = VECTOR('',#2175,1.);
#2175 = DIRECTION('',(-0.,-1.));
#2176 = ( GEOMETRIC_REPRESENTATION_CONTEXT(2) 
PARAMETRIC_REPRESENTATION_CONTEXT() REPRESENTATION_CONTEXT('2D SPACE',''
  ) );
#2177 = PCURVE('',#1959,#2178);
#2178 = DEFINITIONAL_REPRESENTATION('',(#2179),#2183);
#2179 = LINE('',#2180,#2181);
#2180 = CARTESIAN_POINT('',(-6.21773546023,0.));
#2181 = VECTOR('',#2182,1.);
#2182 = DIRECTION('',(-0.,1.));
#2183 = ( GEOMETRIC_REPRESENTATION_CONTEXT(2) 
PARAMETRIC_REPRESENTATION_CONTEXT() REPRESENTATION_CONTEXT('2D SPACE',''
  ) );
#2184 = ORIENTED_EDGE('',*,*,#2185,.T.);
#2185 = EDGE_CURVE('',#2163,#2029,#2186,.T.);
#2186 = SURFACE_CURVE('',#2187,(#2191,#2198),.PCURVE_S1.);
#2187 = LINE('',#2188,#2189);
#2188 = CARTESIAN_POINT('',(11.1,0.,0.));
#2189 = VECTOR('',#2190,1.);
#2190 = DIRECTION('',(-0.,6.540312923014E-02,0.997858923239));
#2191 = PCURVE('',#119,#2192);
#2192 = DEFINITIONAL_REPRESENTATION('',(#2193),#2197);
#2193 = LINE('',#2194,#2195);
#2194 = CARTESIAN_POINT('',(-0.,-9.9));
#2195 = VECTOR('',#2196,1.);
#2196 = DIRECTION('',(-1.,0.));
#2197 = ( GEOMETRIC_REPRESENTATION_CONTEXT(2) 
PARAMETRIC_REPRESENTATION_CONTEXT() REPRESENTATION_CONTEXT('2D SPACE',''
  ) );
#2198 = PCURVE('',#1931,#2199);
#2199 = DEFINITIONAL_REPRESENTATION('',(#2200),#2204);
#2200 = LINE('',#2201,#2202);
#2201 = CARTESIAN_POINT('',(-0.,-0.));
#2202 = VECTOR('',#2203,1.);
#2203 = DIRECTION('',(-0.997858923239,-6.540312923014E-02));
#2204 = ( GEOMETRIC_REPRESENTATION_CONTEXT(2) 
PARAMETRIC_REPRESENTATION_CONTEXT() REPRESENTATION_CONTEXT('2D SPACE',''
  ) );
#2205 = ORIENTED_EDGE('',*,*,#2028,.F.);
#2206 = ORIENTED_EDGE('',*,*,#98,.F.);
#2207 = ADVANCED_FACE('',(#2208),#832,.F.);
#2208 = FACE_BOUND('',#2209,.T.);
#2209 = EDGE_LOOP('',(#2210,#2234,#2235,#2274,#2275,#2276,#2277,#2339,
    #2340,#2341,#2342));
#2210 = ORIENTED_EDGE('',*,*,#2211,.F.);
#2211 = EDGE_CURVE('',#816,#2212,#2214,.T.);
#2212 = VERTEX_POINT('',#2213);
#2213 = CARTESIAN_POINT('',(31.5,-1.889697326154E-31,12.6));
#2214 = SEAM_CURVE('',#2215,(#2220,#2227),.PCURVE_S1.);
#2215 = CIRCLE('',#2216,12.6);
#2216 = AXIS2_PLACEMENT_3D('',#2217,#2218,#2219);
#2217 = CARTESIAN_POINT('',(31.5,0.,0.));
#2218 = DIRECTION('',(-2.449293598295E-16,1.,0.));
#2219 = DIRECTION('',(-1.,-2.449293598295E-16,-0.));
#2220 = PCURVE('',#832,#2221);
#2221 = DEFINITIONAL_REPRESENTATION('',(#2222),#2226);
#2222 = LINE('',#2223,#2224);
#2223 = CARTESIAN_POINT('',(-0.,-6.28318530718));
#2224 = VECTOR('',#2225,1.);
#2225 = DIRECTION('',(-0.,1.));
#2226 = ( GEOMETRIC_REPRESENTATION_CONTEXT(2) 
PARAMETRIC_REPRESENTATION_CONTEXT() REPRESENTATION_CONTEXT('2D SPACE',''
  ) );
#2227 = PCURVE('',#832,#2228);
#2228 = DEFINITIONAL_REPRESENTATION('',(#2229),#2233);
#2229 = LINE('',#2230,#2231);
#2230 = CARTESIAN_POINT('',(-6.28318530718,-6.28318530718));
#2231 = VECTOR('',#2232,1.);
#2232 = DIRECTION('',(-0.,1.));
#2233 = ( GEOMETRIC_REPRESENTATION_CONTEXT(2) 
PARAMETRIC_REPRESENTATION_CONTEXT() REPRESENTATION_CONTEXT('2D SPACE',''
  ) );
#2234 = ORIENTED_EDGE('',*,*,#815,.F.);
#2235 = ORIENTED_EDGE('',*,*,#2236,.T.);
#2236 = EDGE_CURVE('',#793,#1786,#2237,.T.);
#2237 = SURFACE_CURVE('',#2238,(#2243,#2261),.PCURVE_S1.);
#2238 = CIRCLE('',#2239,6.964912059746);
#2239 = AXIS2_PLACEMENT_3D('',#2240,#2241,#2242);
#2240 = CARTESIAN_POINT('',(21.,0.,0.));
#2241 = DIRECTION('',(-1.,0.,0.));
#2242 = DIRECTION('',(-0.,-0.,-1.));
#2243 = PCURVE('',#832,#2244);
#2244 = DEFINITIONAL_REPRESENTATION('',(#2245),#2260);
#2245 = B_SPLINE_CURVE_WITH_KNOTS('',7,(#2246,#2247,#2248,#2249,#2250,
    #2251,#2252,#2253,#2254,#2255,#2256,#2257,#2258,#2259),
  .UNSPECIFIED.,.F.,.F.,(8,6,8),(3.20704250054,3.534291735289,
    3.591014935978),.UNSPECIFIED.);
#2246 = CARTESIAN_POINT('',(-4.335633600876E-02,0.584265985058));
#2247 = CARTESIAN_POINT('',(-7.424218781574E-02,0.582239711145));
#2248 = CARTESIAN_POINT('',(-0.104921082104,0.578530445867));
#2249 = CARTESIAN_POINT('',(-0.135188251698,0.57315490461));
#2250 = CARTESIAN_POINT('',(-0.164847272286,0.566150445153));
#2251 = CARTESIAN_POINT('',(-0.193724643829,0.557573140002));
#2252 = CARTESIAN_POINT('',(-0.221677259781,0.547493716179));
#2253 = CARTESIAN_POINT('',(-0.253258118222,0.533997621185));
#2254 = CARTESIAN_POINT('',(-0.25789231376,0.531961130339));
#2255 = CARTESIAN_POINT('',(-0.262494762523,0.529882303216));
#2256 = CARTESIAN_POINT('',(-0.267064904624,0.527761561438));
#2257 = CARTESIAN_POINT('',(-0.271602208065,0.525599334158));
#2258 = CARTESIAN_POINT('',(-0.27610616824,0.523396057287));
#2259 = CARTESIAN_POINT('',(-0.280576307371,0.521152172762));
#2260 = ( GEOMETRIC_REPRESENTATION_CONTEXT(2) 
PARAMETRIC_REPRESENTATION_CONTEXT() REPRESENTATION_CONTEXT('2D SPACE',''
  ) );
#2261 = PCURVE('',#1873,#2262);
#2262 = DEFINITIONAL_REPRESENTATION('',(#2263),#2273);
#2263 = B_SPLINE_CURVE_WITH_KNOTS('',8,(#2264,#2265,#2266,#2267,#2268,
    #2269,#2270,#2271,#2272),.UNSPECIFIED.,.F.,.F.,(9,9),(3.14159265359,
    3.72265376014),.PIECEWISE_BEZIER_KNOTS.);
#2264 = CARTESIAN_POINT('',(0.,0.585685543457));
#2265 = CARTESIAN_POINT('',(-4.817904176737E-02,0.585685543457));
#2266 = CARTESIAN_POINT('',(-9.635806717347E-02,0.581686249147));
#2267 = CARTESIAN_POINT('',(-0.143809076501,0.573687782371));
#2268 = CARTESIAN_POINT('',(-0.1898034789,0.561794030305));
#2269 = CARTESIAN_POINT('',(-0.233708308287,0.546215393292));
#2270 = CARTESIAN_POINT('',(-0.275079866845,0.527232426568));
#2271 = CARTESIAN_POINT('',(-0.313628278476,0.505155867698));
#2272 = CARTESIAN_POINT('',(-0.349186172075,0.480305830272));
#2273 = ( GEOMETRIC_REPRESENTATION_CONTEXT(2) 
PARAMETRIC_REPRESENTATION_CONTEXT() REPRESENTATION_CONTEXT('2D SPACE',''
  ) );
#2274 = ORIENTED_EDGE('',*,*,#1810,.F.);
#2275 = ORIENTED_EDGE('',*,*,#1694,.F.);
#2276 = ORIENTED_EDGE('',*,*,#1587,.F.);
#2277 = ORIENTED_EDGE('',*,*,#2278,.F.);
#2278 = EDGE_CURVE('',#1118,#1529,#2279,.T.);
#2279 = SURFACE_CURVE('',#2280,(#2285,#2326),.PCURVE_S1.);
#2280 = CIRCLE('',#2281,6.964912059746);
#2281 = AXIS2_PLACEMENT_3D('',#2282,#2283,#2284);
#2282 = CARTESIAN_POINT('',(42.,0.,0.));
#2283 = DIRECTION('',(-1.,0.,0.));
#2284 = DIRECTION('',(-0.,-0.,-1.));
#2285 = PCURVE('',#832,#2286);
#2286 = DEFINITIONAL_REPRESENTATION('',(#2287),#2325);
#2287 = B_SPLINE_CURVE_WITH_KNOTS('',8,(#2288,#2289,#2290,#2291,#2292,
    #2293,#2294,#2295,#2296,#2297,#2298,#2299,#2300,#2301,#2302,#2303,
    #2304,#2305,#2306,#2307,#2308,#2309,#2310,#2311,#2312,#2313,#2314,
    #2315,#2316,#2317,#2318,#2319,#2320,#2321,#2322,#2323,#2324),
  .UNSPECIFIED.,.F.,.F.,(9,7,7,7,7,9),(1.570796326795,2.356194490192,
    2.94524311274,3.387029579652,4.049709280018,4.712388980385),
  .UNSPECIFIED.);
#2288 = CARTESIAN_POINT('',(-3.727278197047,-2.752755672312E-14));
#2289 = CARTESIAN_POINT('',(-3.727278197047,5.426814622963E-02));
#2290 = CARTESIAN_POINT('',(-3.722204139094,0.108536202628));
#2291 = CARTESIAN_POINT('',(-3.712056081517,0.162251273077));
#2292 = CARTESIAN_POINT('',(-3.696746559015,0.214858178782));
#2293 = CARTESIAN_POINT('',(-3.676103682185,0.265776024727));
#2294 = CARTESIAN_POINT('',(-3.649894685696,0.314360318553));
#2295 = CARTESIAN_POINT('',(-3.617912539438,0.359884457955));
#2296 = CARTESIAN_POINT('',(-3.551860010075,0.432841861247));
#2297 = CARTESIAN_POINT('',(-3.520310522802,0.461952712425));
#2298 = CARTESIAN_POINT('',(-3.485524047138,0.488580188928));
#2299 = CARTESIAN_POINT('',(-3.447573258676,0.512385212823));
#2300 = CARTESIAN_POINT('',(-3.406638629791,0.533020886408));
#2301 = CARTESIAN_POINT('',(-3.363068215338,0.550161916687));
#2302 = CARTESIAN_POINT('',(-3.317399593849,0.563543354547));
#2303 = CARTESIAN_POINT('',(-3.234950327275,0.580080286016));
#2304 = CARTESIAN_POINT('',(-3.198802013992,0.584955869825));
#2305 = CARTESIAN_POINT('',(-3.162116465305,0.587547032268));
#2306 = CARTESIAN_POINT('',(-3.125206596204,0.58780939207));
#2307 = CARTESIAN_POINT('',(-3.08840761442,0.585734436365));
#2308 = CARTESIAN_POINT('',(-3.052048578905,0.58135105955));
#2309 = CARTESIAN_POINT('',(-3.01642563608,0.574721823021));
#2310 = CARTESIAN_POINT('',(-2.929841817844,0.552753812053));
#2311 = CARTESIAN_POINT('',(-2.880117749275,0.53471761841));
#2312 = CARTESIAN_POINT('',(-2.83347395073,0.512122901746));
#2313 = CARTESIAN_POINT('',(-2.790548982544,0.485396929386));
#2314 = CARTESIAN_POINT('',(-2.751664491076,0.455040570795));
#2315 = CARTESIAN_POINT('',(-2.716923759881,0.421547849322));
#2316 = CARTESIAN_POINT('',(-2.686315616587,0.385389478752));
#2317 = CARTESIAN_POINT('',(-2.63322413802,0.308618830544));
#2318 = CARTESIAN_POINT('',(-2.610740851198,0.26800654287));
#2319 = CARTESIAN_POINT('',(-2.592250196753,0.225606272768));
#2320 = CARTESIAN_POINT('',(-2.577625084944,0.181825011133));
#2321 = CARTESIAN_POINT('',(-2.566743920662,0.137033849179));
#2322 = CARTESIAN_POINT('',(-2.559519421192,9.157747593219E-02));
#2323 = CARTESIAN_POINT('',(-2.555907110133,4.578874838125E-02));
#2324 = CARTESIAN_POINT('',(-2.555907110133,-2.739216692533E-14));
#2325 = ( GEOMETRIC_REPRESENTATION_CONTEXT(2) 
PARAMETRIC_REPRESENTATION_CONTEXT() REPRESENTATION_CONTEXT('2D SPACE',''
  ) );
#2326 = PCURVE('',#1353,#2327);
#2327 = DEFINITIONAL_REPRESENTATION('',(#2328),#2338);
#2328 = B_SPLINE_CURVE_WITH_KNOTS('',8,(#2329,#2330,#2331,#2332,#2333,
    #2334,#2335,#2336,#2337),.UNSPECIFIED.,.F.,.F.,(9,9),(3.14159265359,
    3.72265376014),.PIECEWISE_BEZIER_KNOTS.);
#2329 = CARTESIAN_POINT('',(-3.14159265359,0.585685543457));
#2330 = CARTESIAN_POINT('',(-3.093413611822,0.585685543457));
#2331 = CARTESIAN_POINT('',(-3.045234586413,0.581686249147));
#2332 = CARTESIAN_POINT('',(-2.99778357709,0.573687782371));
#2333 = CARTESIAN_POINT('',(-2.951789174665,0.561794030303));
#2334 = CARTESIAN_POINT('',(-2.907884345304,0.546215393292));
#2335 = CARTESIAN_POINT('',(-2.86651278674,0.527232426567));
#2336 = CARTESIAN_POINT('',(-2.827964375114,0.505155867698));
#2337 = CARTESIAN_POINT('',(-2.792406481515,0.480305830272));
#2338 = ( GEOMETRIC_REPRESENTATION_CONTEXT(2) 
PARAMETRIC_REPRESENTATION_CONTEXT() REPRESENTATION_CONTEXT('2D SPACE',''
  ) );
#2339 = ORIENTED_EDGE('',*,*,#1117,.F.);
#2340 = ORIENTED_EDGE('',*,*,#929,.F.);
#2341 = ORIENTED_EDGE('',*,*,#861,.F.);
#2342 = ORIENTED_EDGE('',*,*,#2211,.T.);
#2343 = ADVANCED_FACE('',(#2344,#2488,#2523),#1238,.F.);
#2344 = FACE_BOUND('',#2345,.T.);
#2345 = EDGE_LOOP('',(#2346,#2347,#2375,#2403,#2432,#2460,#2486,#2487));
#2346 = ORIENTED_EDGE('',*,*,#1222,.F.);
#2347 = ORIENTED_EDGE('',*,*,#2348,.T.);
#2348 = EDGE_CURVE('',#1223,#2349,#2351,.T.);
#2349 = VERTEX_POINT('',#2350);
#2350 = CARTESIAN_POINT('',(51.9,-3.34542822046,1.329702982529));
#2351 = SURFACE_CURVE('',#2352,(#2357,#2368),.PCURVE_S1.);
#2352 = CIRCLE('',#2353,3.6);
#2353 = AXIS2_PLACEMENT_3D('',#2354,#2355,#2356);
#2354 = CARTESIAN_POINT('',(51.9,0.,0.));
#2355 = DIRECTION('',(1.,0.,0.));
#2356 = DIRECTION('',(-0.,6.540312923017E-02,0.997858923239));
#2357 = PCURVE('',#1238,#2358);
#2358 = DEFINITIONAL_REPRESENTATION('',(#2359),#2367);
#2359 = ( BOUNDED_CURVE() B_SPLINE_CURVE(2,(#2360,#2361,#2362,#2363,
#2364,#2365,#2366),.UNSPECIFIED.,.T.,.F.) B_SPLINE_CURVE_WITH_KNOTS((1,2
    ,2,2,2,1),(-2.094395102393,0.,2.094395102393,4.188790204786,
6.28318530718,8.377580409573),.UNSPECIFIED.) CURVE() 
GEOMETRIC_REPRESENTATION_ITEM() RATIONAL_B_SPLINE_CURVE((1.,0.5,1.,0.5,
1.,0.5,1.)) REPRESENTATION_ITEM('') );
#2360 = CARTESIAN_POINT('',(-3.592292123659,-0.235451265229));
#2361 = CARTESIAN_POINT('',(-4.000105677741,5.986581208578));
#2362 = CARTESIAN_POINT('',(1.592239284788,3.228741869518));
#2363 = CARTESIAN_POINT('',(7.184584247318,0.470902530457));
#2364 = CARTESIAN_POINT('',(2.000052838871,-2.993290604289));
#2365 = CARTESIAN_POINT('',(-3.184478569577,-6.457483739035));
#2366 = CARTESIAN_POINT('',(-3.592292123659,-0.235451265229));
#2367 = ( GEOMETRIC_REPRESENTATION_CONTEXT(2) 
PARAMETRIC_REPRESENTATION_CONTEXT() REPRESENTATION_CONTEXT('2D SPACE',''
  ) );
#2368 = PCURVE('',#1266,#2369);
#2369 = DEFINITIONAL_REPRESENTATION('',(#2370),#2374);
#2370 = LINE('',#2371,#2372);
#2371 = CARTESIAN_POINT('',(-6.21773546023,0.));
#2372 = VECTOR('',#2373,1.);
#2373 = DIRECTION('',(-1.,0.));
#2374 = ( GEOMETRIC_REPRESENTATION_CONTEXT(2) 
PARAMETRIC_REPRESENTATION_CONTEXT() REPRESENTATION_CONTEXT('2D SPACE',''
  ) );
#2375 = ORIENTED_EDGE('',*,*,#2376,.F.);
#2376 = EDGE_CURVE('',#2377,#2349,#2379,.T.);
#2377 = VERTEX_POINT('',#2378);
#2378 = CARTESIAN_POINT('',(51.9,-12.05089528597,-2.24185699957));
#2379 = SURFACE_CURVE('',#2380,(#2384,#2391),.PCURVE_S1.);
#2380 = LINE('',#2381,#2382);
#2381 = CARTESIAN_POINT('',(51.9,-12.05089528597,-2.24185699957));
#2382 = VECTOR('',#2383,1.);
#2383 = DIRECTION('',(-0.,0.925165397223,0.379564207719));
#2384 = PCURVE('',#1238,#2385);
#2385 = DEFINITIONAL_REPRESENTATION('',(#2386),#2390);
#2386 = LINE('',#2387,#2388);
#2387 = CARTESIAN_POINT('',(2.24185699957,12.050895285973));
#2388 = VECTOR('',#2389,1.);
#2389 = DIRECTION('',(-0.379564207719,-0.925165397223));
#2390 = ( GEOMETRIC_REPRESENTATION_CONTEXT(2) 
PARAMETRIC_REPRESENTATION_CONTEXT() REPRESENTATION_CONTEXT('2D SPACE',''
  ) );
#2391 = PCURVE('',#2392,#2397);
#2392 = PLANE('',#2393);
#2393 = AXIS2_PLACEMENT_3D('',#2394,#2395,#2396);
#2394 = CARTESIAN_POINT('',(51.9,-12.05089528597,-2.24185699957));
#2395 = DIRECTION('',(-0.,-0.379564207719,0.925165397223));
#2396 = DIRECTION('',(0.,-0.925165397223,-0.379564207719));
#2397 = DEFINITIONAL_REPRESENTATION('',(#2398),#2402);
#2398 = LINE('',#2399,#2400);
#2399 = CARTESIAN_POINT('',(-0.,0.));
#2400 = VECTOR('',#2401,1.);
#2401 = DIRECTION('',(-1.,0.));
#2402 = ( GEOMETRIC_REPRESENTATION_CONTEXT(2) 
PARAMETRIC_REPRESENTATION_CONTEXT() REPRESENTATION_CONTEXT('2D SPACE',''
  ) );
#2403 = ORIENTED_EDGE('',*,*,#2404,.F.);
#2404 = EDGE_CURVE('',#2405,#2377,#2407,.T.);
#2405 = VERTEX_POINT('',#2406);
#2406 = CARTESIAN_POINT('',(51.9,-10.15307424737,-6.867683985685));
#2407 = SURFACE_CURVE('',#2408,(#2413,#2420),.PCURVE_S1.);
#2408 = CIRCLE('',#2409,2.5);
#2409 = AXIS2_PLACEMENT_3D('',#2410,#2411,#2412);
#2410 = CARTESIAN_POINT('',(51.9,-11.10198476667,-4.554770492628));
#2411 = DIRECTION('',(-1.,0.,0.));
#2412 = DIRECTION('',(-0.,0.379564207719,-0.925165397223));
#2413 = PCURVE('',#1238,#2414);
#2414 = DEFINITIONAL_REPRESENTATION('',(#2415),#2419);
#2415 = CIRCLE('',#2416,2.5);
#2416 = AXIS2_PLACEMENT_2D('',#2417,#2418);
#2417 = CARTESIAN_POINT('',(4.554770492628,11.101984766675));
#2418 = DIRECTION('',(0.925165397223,-0.379564207719));
#2419 = ( GEOMETRIC_REPRESENTATION_CONTEXT(2) 
PARAMETRIC_REPRESENTATION_CONTEXT() REPRESENTATION_CONTEXT('2D SPACE',''
  ) );
#2420 = PCURVE('',#2421,#2426);
#2421 = CYLINDRICAL_SURFACE('',#2422,2.5);
#2422 = AXIS2_PLACEMENT_3D('',#2423,#2424,#2425);
#2423 = CARTESIAN_POINT('',(51.9,-11.10198476667,-4.554770492628));
#2424 = DIRECTION('',(1.,-0.,-0.));
#2425 = DIRECTION('',(-0.,0.379564207719,-0.925165397223));
#2426 = DEFINITIONAL_REPRESENTATION('',(#2427),#2431);
#2427 = LINE('',#2428,#2429);
#2428 = CARTESIAN_POINT('',(-0.,0.));
#2429 = VECTOR('',#2430,1.);
#2430 = DIRECTION('',(-1.,0.));
#2431 = ( GEOMETRIC_REPRESENTATION_CONTEXT(2) 
PARAMETRIC_REPRESENTATION_CONTEXT() REPRESENTATION_CONTEXT('2D SPACE',''
  ) );
#2432 = ORIENTED_EDGE('',*,*,#2433,.F.);
#2433 = EDGE_CURVE('',#2434,#2405,#2436,.T.);
#2434 = VERTEX_POINT('',#2435);
#2435 = CARTESIAN_POINT('',(51.9,-1.447607181865,-3.296124003585));
#2436 = SURFACE_CURVE('',#2437,(#2441,#2448),.PCURVE_S1.);
#2437 = LINE('',#2438,#2439);
#2438 = CARTESIAN_POINT('',(51.9,0.948910519297,-2.312913493057));
#2439 = VECTOR('',#2440,1.);
#2440 = DIRECTION('',(-0.,-0.925165397223,-0.379564207719));
#2441 = PCURVE('',#1238,#2442);
#2442 = DEFINITIONAL_REPRESENTATION('',(#2443),#2447);
#2443 = LINE('',#2444,#2445);
#2444 = CARTESIAN_POINT('',(2.312913493057,-0.948910519297));
#2445 = VECTOR('',#2446,1.);
#2446 = DIRECTION('',(0.379564207719,0.925165397223));
#2447 = ( GEOMETRIC_REPRESENTATION_CONTEXT(2) 
PARAMETRIC_REPRESENTATION_CONTEXT() REPRESENTATION_CONTEXT('2D SPACE',''
  ) );
#2448 = PCURVE('',#2449,#2454);
#2449 = PLANE('',#2450);
#2450 = AXIS2_PLACEMENT_3D('',#2451,#2452,#2453);
#2451 = CARTESIAN_POINT('',(51.9,0.948910519297,-2.312913493057));
#2452 = DIRECTION('',(-0.,0.379564207719,-0.925165397223));
#2453 = DIRECTION('',(0.,0.925165397223,0.379564207719));
#2454 = DEFINITIONAL_REPRESENTATION('',(#2455),#2459);
#2455 = LINE('',#2456,#2457);
#2456 = CARTESIAN_POINT('',(0.,-0.));
#2457 = VECTOR('',#2458,1.);
#2458 = DIRECTION('',(-1.,0.));
#2459 = ( GEOMETRIC_REPRESENTATION_CONTEXT(2) 
PARAMETRIC_REPRESENTATION_CONTEXT() REPRESENTATION_CONTEXT('2D SPACE',''
  ) );
#2460 = ORIENTED_EDGE('',*,*,#2461,.T.);
#2461 = EDGE_CURVE('',#2434,#1478,#2462,.T.);
#2462 = SURFACE_CURVE('',#2463,(#2468,#2479),.PCURVE_S1.);
#2463 = CIRCLE('',#2464,3.6);
#2464 = AXIS2_PLACEMENT_3D('',#2465,#2466,#2467);
#2465 = CARTESIAN_POINT('',(51.9,0.,0.));
#2466 = DIRECTION('',(1.,0.,0.));
#2467 = DIRECTION('',(-0.,6.540312923017E-02,0.997858923239));
#2468 = PCURVE('',#1238,#2469);
#2469 = DEFINITIONAL_REPRESENTATION('',(#2470),#2478);
#2470 = ( BOUNDED_CURVE() B_SPLINE_CURVE(2,(#2471,#2472,#2473,#2474,
#2475,#2476,#2477),.UNSPECIFIED.,.T.,.F.) B_SPLINE_CURVE_WITH_KNOTS((1,2
    ,2,2,2,1),(-2.094395102393,0.,2.094395102393,4.188790204786,
6.28318530718,8.377580409573),.UNSPECIFIED.) CURVE() 
GEOMETRIC_REPRESENTATION_ITEM() RATIONAL_B_SPLINE_CURVE((1.,0.5,1.,0.5,
1.,0.5,1.)) REPRESENTATION_ITEM('') );
#2471 = CARTESIAN_POINT('',(-3.592292123659,-0.235451265229));
#2472 = CARTESIAN_POINT('',(-4.000105677741,5.986581208578));
#2473 = CARTESIAN_POINT('',(1.592239284788,3.228741869518));
#2474 = CARTESIAN_POINT('',(7.184584247318,0.470902530457));
#2475 = CARTESIAN_POINT('',(2.000052838871,-2.993290604289));
#2476 = CARTESIAN_POINT('',(-3.184478569577,-6.457483739035));
#2477 = CARTESIAN_POINT('',(-3.592292123659,-0.235451265229));
#2478 = ( GEOMETRIC_REPRESENTATION_CONTEXT(2) 
PARAMETRIC_REPRESENTATION_CONTEXT() REPRESENTATION_CONTEXT('2D SPACE',''
  ) );
#2479 = PCURVE('',#1493,#2480);
#2480 = DEFINITIONAL_REPRESENTATION('',(#2481),#2485);
#2481 = LINE('',#2482,#2483);
#2482 = CARTESIAN_POINT('',(-6.21773546023,0.));
#2483 = VECTOR('',#2484,1.);
#2484 = DIRECTION('',(-1.,0.));
#2485 = ( GEOMETRIC_REPRESENTATION_CONTEXT(2) 
PARAMETRIC_REPRESENTATION_CONTEXT() REPRESENTATION_CONTEXT('2D SPACE',''
  ) );
#2486 = ORIENTED_EDGE('',*,*,#1505,.F.);
#2487 = ORIENTED_EDGE('',*,*,#1399,.T.);
#2488 = FACE_BOUND('',#2489,.T.);
#2489 = EDGE_LOOP('',(#2490));
#2490 = ORIENTED_EDGE('',*,*,#2491,.F.);
#2491 = EDGE_CURVE('',#2492,#2492,#2494,.T.);
#2492 = VERTEX_POINT('',#2493);
#2493 = CARTESIAN_POINT('',(51.9,2.755455298082E-16,1.125));
#2494 = SURFACE_CURVE('',#2495,(#2500,#2511),.PCURVE_S1.);
#2495 = CIRCLE('',#2496,1.125);
#2496 = AXIS2_PLACEMENT_3D('',#2497,#2498,#2499);
#2497 = CARTESIAN_POINT('',(51.9,0.,0.));
#2498 = DIRECTION('',(1.,-0.,0.));
#2499 = DIRECTION('',(-0.,-0.,1.));
#2500 = PCURVE('',#1238,#2501);
#2501 = DEFINITIONAL_REPRESENTATION('',(#2502),#2510);
#2502 = ( BOUNDED_CURVE() B_SPLINE_CURVE(2,(#2503,#2504,#2505,#2506,
#2507,#2508,#2509),.UNSPECIFIED.,.T.,.F.) B_SPLINE_CURVE_WITH_KNOTS((1,2
    ,2,2,2,1),(-2.094395102393,0.,2.094395102393,4.188790204786,
6.28318530718,8.377580409573),.UNSPECIFIED.) CURVE() 
GEOMETRIC_REPRESENTATION_ITEM() RATIONAL_B_SPLINE_CURVE((1.,0.5,1.,0.5,
1.,0.5,1.)) REPRESENTATION_ITEM('') );
#2503 = CARTESIAN_POINT('',(-1.125,0.));
#2504 = CARTESIAN_POINT('',(-1.125,1.948557158515));
#2505 = CARTESIAN_POINT('',(0.5625,0.974278579257));
#2506 = CARTESIAN_POINT('',(2.25,2.755455298082E-16));
#2507 = CARTESIAN_POINT('',(0.5625,-0.974278579257));
#2508 = CARTESIAN_POINT('',(-1.125,-1.948557158515));
#2509 = CARTESIAN_POINT('',(-1.125,0.));
#2510 = ( GEOMETRIC_REPRESENTATION_CONTEXT(2) 
PARAMETRIC_REPRESENTATION_CONTEXT() REPRESENTATION_CONTEXT('2D SPACE',''
  ) );
#2511 = PCURVE('',#2512,#2517);
#2512 = CYLINDRICAL_SURFACE('',#2513,1.125);
#2513 = AXIS2_PLACEMENT_3D('',#2514,#2515,#2516);
#2514 = CARTESIAN_POINT('',(61.5,0.,0.));
#2515 = DIRECTION('',(-1.,-0.,-0.));
#2516 = DIRECTION('',(-0.,-0.,1.));
#2517 = DEFINITIONAL_REPRESENTATION('',(#2518),#2522);
#2518 = LINE('',#2519,#2520);
#2519 = CARTESIAN_POINT('',(-0.,9.6));
#2520 = VECTOR('',#2521,1.);
#2521 = DIRECTION('',(-1.,0.));
#2522 = ( GEOMETRIC_REPRESENTATION_CONTEXT(2) 
PARAMETRIC_REPRESENTATION_CONTEXT() REPRESENTATION_CONTEXT('2D SPACE',''
  ) );
#2523 = FACE_BOUND('',#2524,.T.);
#2524 = EDGE_LOOP('',(#2525));
#2525 = ORIENTED_EDGE('',*,*,#2526,.F.);
#2526 = EDGE_CURVE('',#2527,#2527,#2529,.T.);
#2527 = VERTEX_POINT('',#2528);
#2528 = CARTESIAN_POINT('',(51.9,-11.10198476667,-3.704770492628));
#2529 = SURFACE_CURVE('',#2530,(#2535,#2546),.PCURVE_S1.);
#2530 = CIRCLE('',#2531,0.85);
#2531 = AXIS2_PLACEMENT_3D('',#2532,#2533,#2534);
#2532 = CARTESIAN_POINT('',(51.9,-11.10198476667,-4.554770492628));
#2533 = DIRECTION('',(1.,-0.,0.));
#2534 = DIRECTION('',(-0.,-0.,1.));
#2535 = PCURVE('',#1238,#2536);
#2536 = DEFINITIONAL_REPRESENTATION('',(#2537),#2545);
#2537 = ( BOUNDED_CURVE() B_SPLINE_CURVE(2,(#2538,#2539,#2540,#2541,
#2542,#2543,#2544),.UNSPECIFIED.,.T.,.F.) B_SPLINE_CURVE_WITH_KNOTS((1,2
    ,2,2,2,1),(-2.094395102393,0.,2.094395102393,4.188790204786,
6.28318530718,8.377580409573),.UNSPECIFIED.) CURVE() 
GEOMETRIC_REPRESENTATION_ITEM() RATIONAL_B_SPLINE_CURVE((1.,0.5,1.,0.5,
1.,0.5,1.)) REPRESENTATION_ITEM('') );
#2538 = CARTESIAN_POINT('',(3.704770492628,11.101984766675));
#2539 = CARTESIAN_POINT('',(3.704770492628,12.574227953109));
#2540 = CARTESIAN_POINT('',(4.979770492628,11.838106359892));
#2541 = CARTESIAN_POINT('',(6.254770492628,11.101984766675));
#2542 = CARTESIAN_POINT('',(4.979770492628,10.365863173458));
#2543 = CARTESIAN_POINT('',(3.704770492628,9.629741580242));
#2544 = CARTESIAN_POINT('',(3.704770492628,11.101984766675));
#2545 = ( GEOMETRIC_REPRESENTATION_CONTEXT(2) 
PARAMETRIC_REPRESENTATION_CONTEXT() REPRESENTATION_CONTEXT('2D SPACE',''
  ) );
#2546 = PCURVE('',#2547,#2552);
#2547 = CYLINDRICAL_SURFACE('',#2548,0.85);
#2548 = AXIS2_PLACEMENT_3D('',#2549,#2550,#2551);
#2549 = CARTESIAN_POINT('',(52.9,-11.10198476667,-4.554770492628));
#2550 = DIRECTION('',(-1.,-0.,-0.));
#2551 = DIRECTION('',(-0.,-0.,1.));
#2552 = DEFINITIONAL_REPRESENTATION('',(#2553),#2557);
#2553 = LINE('',#2554,#2555);
#2554 = CARTESIAN_POINT('',(-0.,1.));
#2555 = VECTOR('',#2556,1.);
#2556 = DIRECTION('',(-1.,0.));
#2557 = ( GEOMETRIC_REPRESENTATION_CONTEXT(2) 
PARAMETRIC_REPRESENTATION_CONTEXT() REPRESENTATION_CONTEXT('2D SPACE',''
  ) );
#2558 = ADVANCED_FACE('',(#2559),#1266,.T.);
#2559 = FACE_BOUND('',#2560,.F.);
#2560 = EDGE_LOOP('',(#2561,#2562,#2563,#2586));
#2561 = ORIENTED_EDGE('',*,*,#1250,.F.);
#2562 = ORIENTED_EDGE('',*,*,#2348,.T.);
#2563 = ORIENTED_EDGE('',*,*,#2564,.T.);
#2564 = EDGE_CURVE('',#2349,#2565,#2567,.T.);
#2565 = VERTEX_POINT('',#2566);
#2566 = CARTESIAN_POINT('',(49.9,-3.34542822046,1.329702982529));
#2567 = SURFACE_CURVE('',#2568,(#2572,#2579),.PCURVE_S1.);
#2568 = LINE('',#2569,#2570);
#2569 = CARTESIAN_POINT('',(51.9,-3.34542822046,1.329702982529));
#2570 = VECTOR('',#2571,1.);
#2571 = DIRECTION('',(-1.,-0.,-0.));
#2572 = PCURVE('',#1266,#2573);
#2573 = DEFINITIONAL_REPRESENTATION('',(#2574),#2578);
#2574 = LINE('',#2575,#2576);
#2575 = CARTESIAN_POINT('',(-7.475659320935,0.));
#2576 = VECTOR('',#2577,1.);
#2577 = DIRECTION('',(-0.,1.));
#2578 = ( GEOMETRIC_REPRESENTATION_CONTEXT(2) 
PARAMETRIC_REPRESENTATION_CONTEXT() REPRESENTATION_CONTEXT('2D SPACE',''
  ) );
#2579 = PCURVE('',#2392,#2580);
#2580 = DEFINITIONAL_REPRESENTATION('',(#2581),#2585);
#2581 = LINE('',#2582,#2583);
#2582 = CARTESIAN_POINT('',(-9.409633230602,0.));
#2583 = VECTOR('',#2584,1.);
#2584 = DIRECTION('',(-0.,-1.));
#2585 = ( GEOMETRIC_REPRESENTATION_CONTEXT(2) 
PARAMETRIC_REPRESENTATION_CONTEXT() REPRESENTATION_CONTEXT('2D SPACE',''
  ) );
#2586 = ORIENTED_EDGE('',*,*,#2587,.T.);
#2587 = EDGE_CURVE('',#2565,#1251,#2588,.T.);
#2588 = SURFACE_CURVE('',#2589,(#2594,#2601),.PCURVE_S1.);
#2589 = CIRCLE('',#2590,3.6);
#2590 = AXIS2_PLACEMENT_3D('',#2591,#2592,#2593);
#2591 = CARTESIAN_POINT('',(49.9,0.,0.));
#2592 = DIRECTION('',(-1.,-0.,0.));
#2593 = DIRECTION('',(-0.,0.434445257404,0.900698239323));
#2594 = PCURVE('',#1266,#2595);
#2595 = DEFINITIONAL_REPRESENTATION('',(#2596),#2600);
#2596 = LINE('',#2597,#2598);
#2597 = CARTESIAN_POINT('',(-12.11694833197,2.));
#2598 = VECTOR('',#2599,1.);
#2599 = DIRECTION('',(1.,-0.));
#2600 = ( GEOMETRIC_REPRESENTATION_CONTEXT(2) 
PARAMETRIC_REPRESENTATION_CONTEXT() REPRESENTATION_CONTEXT('2D SPACE',''
  ) );
#2601 = PCURVE('',#1294,#2602);
#2602 = DEFINITIONAL_REPRESENTATION('',(#2603),#2607);
#2603 = CIRCLE('',#2604,3.6);
#2604 = AXIS2_PLACEMENT_2D('',#2605,#2606);
#2605 = CARTESIAN_POINT('',(0.,0.));
#2606 = DIRECTION('',(-0.900698239323,-0.434445257404));
#2607 = ( GEOMETRIC_REPRESENTATION_CONTEXT(2) 
PARAMETRIC_REPRESENTATION_CONTEXT() REPRESENTATION_CONTEXT('2D SPACE',''
  ) );
#2608 = ADVANCED_FACE('',(#2609,#2732,#2762),#1294,.T.);
#2609 = FACE_BOUND('',#2610,.F.);
#2610 = EDGE_LOOP('',(#2611,#2635,#2636,#2662,#2663,#2664,#2687,#2711));
#2611 = ORIENTED_EDGE('',*,*,#2612,.F.);
#2612 = EDGE_CURVE('',#1455,#2613,#2615,.T.);
#2613 = VERTEX_POINT('',#2614);
#2614 = CARTESIAN_POINT('',(49.9,-1.447607181866,-3.296124003585));
#2615 = SURFACE_CURVE('',#2616,(#2621,#2628),.PCURVE_S1.);
#2616 = CIRCLE('',#2617,3.6);
#2617 = AXIS2_PLACEMENT_3D('',#2618,#2619,#2620);
#2618 = CARTESIAN_POINT('',(49.9,0.,0.));
#2619 = DIRECTION('',(-1.,-0.,0.));
#2620 = DIRECTION('',(-0.,0.434445257404,0.900698239323));
#2621 = PCURVE('',#1294,#2622);
#2622 = DEFINITIONAL_REPRESENTATION('',(#2623),#2627);
#2623 = CIRCLE('',#2624,3.6);
#2624 = AXIS2_PLACEMENT_2D('',#2625,#2626);
#2625 = CARTESIAN_POINT('',(0.,0.));
#2626 = DIRECTION('',(-0.900698239323,-0.434445257404));
#2627 = ( GEOMETRIC_REPRESENTATION_CONTEXT(2) 
PARAMETRIC_REPRESENTATION_CONTEXT() REPRESENTATION_CONTEXT('2D SPACE',''
  ) );
#2628 = PCURVE('',#1493,#2629);
#2629 = DEFINITIONAL_REPRESENTATION('',(#2630),#2634);
#2630 = LINE('',#2631,#2632);
#2631 = CARTESIAN_POINT('',(-12.11694833197,2.));
#2632 = VECTOR('',#2633,1.);
#2633 = DIRECTION('',(1.,-0.));
#2634 = ( GEOMETRIC_REPRESENTATION_CONTEXT(2) 
PARAMETRIC_REPRESENTATION_CONTEXT() REPRESENTATION_CONTEXT('2D SPACE',''
  ) );
#2635 = ORIENTED_EDGE('',*,*,#1454,.F.);
#2636 = ORIENTED_EDGE('',*,*,#2637,.T.);
#2637 = EDGE_CURVE('',#1430,#1279,#2638,.T.);
#2638 = SURFACE_CURVE('',#2639,(#2644,#2655),.PCURVE_S1.);
#2639 = CIRCLE('',#2640,4.2);
#2640 = AXIS2_PLACEMENT_3D('',#2641,#2642,#2643);
#2641 = CARTESIAN_POINT('',(49.9,0.,0.));
#2642 = DIRECTION('',(1.,-0.,0.));
#2643 = DIRECTION('',(-0.,-0.,1.));
#2644 = PCURVE('',#1294,#2645);
#2645 = DEFINITIONAL_REPRESENTATION('',(#2646),#2654);
#2646 = ( BOUNDED_CURVE() B_SPLINE_CURVE(2,(#2647,#2648,#2649,#2650,
#2651,#2652,#2653),.UNSPECIFIED.,.T.,.F.) B_SPLINE_CURVE_WITH_KNOTS((1,2
    ,2,2,2,1),(-2.094395102393,0.,2.094395102393,4.188790204786,
6.28318530718,8.377580409573),.UNSPECIFIED.) CURVE() 
GEOMETRIC_REPRESENTATION_ITEM() RATIONAL_B_SPLINE_CURVE((1.,0.5,1.,0.5,
1.,0.5,1.)) REPRESENTATION_ITEM('') );
#2647 = CARTESIAN_POINT('',(-4.2,0.));
#2648 = CARTESIAN_POINT('',(-4.2,7.274613391789));
#2649 = CARTESIAN_POINT('',(2.1,3.637306695895));
#2650 = CARTESIAN_POINT('',(8.4,1.028703311284E-15));
#2651 = CARTESIAN_POINT('',(2.1,-3.637306695895));
#2652 = CARTESIAN_POINT('',(-4.2,-7.274613391789));
#2653 = CARTESIAN_POINT('',(-4.2,0.));
#2654 = ( GEOMETRIC_REPRESENTATION_CONTEXT(2) 
PARAMETRIC_REPRESENTATION_CONTEXT() REPRESENTATION_CONTEXT('2D SPACE',''
  ) );
#2655 = PCURVE('',#1322,#2656);
#2656 = DEFINITIONAL_REPRESENTATION('',(#2657),#2661);
#2657 = LINE('',#2658,#2659);
#2658 = CARTESIAN_POINT('',(-0.,1.));
#2659 = VECTOR('',#2660,1.);
#2660 = DIRECTION('',(-1.,0.));
#2661 = ( GEOMETRIC_REPRESENTATION_CONTEXT(2) 
PARAMETRIC_REPRESENTATION_CONTEXT() REPRESENTATION_CONTEXT('2D SPACE',''
  ) );
#2662 = ORIENTED_EDGE('',*,*,#1278,.F.);
#2663 = ORIENTED_EDGE('',*,*,#2587,.F.);
#2664 = ORIENTED_EDGE('',*,*,#2665,.F.);
#2665 = EDGE_CURVE('',#2666,#2565,#2668,.T.);
#2666 = VERTEX_POINT('',#2667);
#2667 = CARTESIAN_POINT('',(49.9,-12.05089528597,-2.24185699957));
#2668 = SURFACE_CURVE('',#2669,(#2673,#2680),.PCURVE_S1.);
#2669 = LINE('',#2670,#2671);
#2670 = CARTESIAN_POINT('',(49.9,-12.05089528597,-2.24185699957));
#2671 = VECTOR('',#2672,1.);
#2672 = DIRECTION('',(-0.,0.925165397223,0.379564207719));
#2673 = PCURVE('',#1294,#2674);
#2674 = DEFINITIONAL_REPRESENTATION('',(#2675),#2679);
#2675 = LINE('',#2676,#2677);
#2676 = CARTESIAN_POINT('',(2.24185699957,12.050895285973));
#2677 = VECTOR('',#2678,1.);
#2678 = DIRECTION('',(-0.379564207719,-0.925165397223));
#2679 = ( GEOMETRIC_REPRESENTATION_CONTEXT(2) 
PARAMETRIC_REPRESENTATION_CONTEXT() REPRESENTATION_CONTEXT('2D SPACE',''
  ) );
#2680 = PCURVE('',#2392,#2681);
#2681 = DEFINITIONAL_REPRESENTATION('',(#2682),#2686);
#2682 = LINE('',#2683,#2684);
#2683 = CARTESIAN_POINT('',(-0.,-2.));
#2684 = VECTOR('',#2685,1.);
#2685 = DIRECTION('',(-1.,0.));
#2686 = ( GEOMETRIC_REPRESENTATION_CONTEXT(2) 
PARAMETRIC_REPRESENTATION_CONTEXT() REPRESENTATION_CONTEXT('2D SPACE',''
  ) );
#2687 = ORIENTED_EDGE('',*,*,#2688,.F.);
#2688 = EDGE_CURVE('',#2689,#2666,#2691,.T.);
#2689 = VERTEX_POINT('',#2690);
#2690 = CARTESIAN_POINT('',(49.9,-10.15307424737,-6.867683985685));
#2691 = SURFACE_CURVE('',#2692,(#2697,#2704),.PCURVE_S1.);
#2692 = CIRCLE('',#2693,2.5);
#2693 = AXIS2_PLACEMENT_3D('',#2694,#2695,#2696);
#2694 = CARTESIAN_POINT('',(49.9,-11.10198476667,-4.554770492628));
#2695 = DIRECTION('',(-1.,0.,0.));
#2696 = DIRECTION('',(-0.,0.379564207719,-0.925165397223));
#2697 = PCURVE('',#1294,#2698);
#2698 = DEFINITIONAL_REPRESENTATION('',(#2699),#2703);
#2699 = CIRCLE('',#2700,2.5);
#2700 = AXIS2_PLACEMENT_2D('',#2701,#2702);
#2701 = CARTESIAN_POINT('',(4.554770492628,11.101984766675));
#2702 = DIRECTION('',(0.925165397223,-0.379564207719));
#2703 = ( GEOMETRIC_REPRESENTATION_CONTEXT(2) 
PARAMETRIC_REPRESENTATION_CONTEXT() REPRESENTATION_CONTEXT('2D SPACE',''
  ) );
#2704 = PCURVE('',#2421,#2705);
#2705 = DEFINITIONAL_REPRESENTATION('',(#2706),#2710);
#2706 = LINE('',#2707,#2708);
#2707 = CARTESIAN_POINT('',(-0.,-2.));
#2708 = VECTOR('',#2709,1.);
#2709 = DIRECTION('',(-1.,0.));
#2710 = ( GEOMETRIC_REPRESENTATION_CONTEXT(2) 
PARAMETRIC_REPRESENTATION_CONTEXT() REPRESENTATION_CONTEXT('2D SPACE',''
  ) );
#2711 = ORIENTED_EDGE('',*,*,#2712,.F.);
#2712 = EDGE_CURVE('',#2613,#2689,#2713,.T.);
#2713 = SURFACE_CURVE('',#2714,(#2718,#2725),.PCURVE_S1.);
#2714 = LINE('',#2715,#2716);
#2715 = CARTESIAN_POINT('',(49.9,0.948910519297,-2.312913493057));
#2716 = VECTOR('',#2717,1.);
#2717 = DIRECTION('',(-0.,-0.925165397223,-0.379564207719));
#2718 = PCURVE('',#1294,#2719);
#2719 = DEFINITIONAL_REPRESENTATION('',(#2720),#2724);
#2720 = LINE('',#2721,#2722);
#2721 = CARTESIAN_POINT('',(2.312913493057,-0.948910519297));
#2722 = VECTOR('',#2723,1.);
#2723 = DIRECTION('',(0.379564207719,0.925165397223));
#2724 = ( GEOMETRIC_REPRESENTATION_CONTEXT(2) 
PARAMETRIC_REPRESENTATION_CONTEXT() REPRESENTATION_CONTEXT('2D SPACE',''
  ) );
#2725 = PCURVE('',#2449,#2726);
#2726 = DEFINITIONAL_REPRESENTATION('',(#2727),#2731);
#2727 = LINE('',#2728,#2729);
#2728 = CARTESIAN_POINT('',(-0.,-2.));
#2729 = VECTOR('',#2730,1.);
#2730 = DIRECTION('',(-1.,0.));
#2731 = ( GEOMETRIC_REPRESENTATION_CONTEXT(2) 
PARAMETRIC_REPRESENTATION_CONTEXT() REPRESENTATION_CONTEXT('2D SPACE',''
  ) );
#2732 = FACE_BOUND('',#2733,.F.);
#2733 = EDGE_LOOP('',(#2734));
#2734 = ORIENTED_EDGE('',*,*,#2735,.F.);
#2735 = EDGE_CURVE('',#2736,#2736,#2738,.T.);
#2736 = VERTEX_POINT('',#2737);
#2737 = CARTESIAN_POINT('',(49.9,2.755455298082E-16,1.125));
#2738 = SURFACE_CURVE('',#2739,(#2744,#2755),.PCURVE_S1.);
#2739 = CIRCLE('',#2740,1.125);
#2740 = AXIS2_PLACEMENT_3D('',#2741,#2742,#2743);
#2741 = CARTESIAN_POINT('',(49.9,0.,0.));
#2742 = DIRECTION('',(1.,-0.,0.));
#2743 = DIRECTION('',(-0.,-0.,1.));
#2744 = PCURVE('',#1294,#2745);
#2745 = DEFINITIONAL_REPRESENTATION('',(#2746),#2754);
#2746 = ( BOUNDED_CURVE() B_SPLINE_CURVE(2,(#2747,#2748,#2749,#2750,
#2751,#2752,#2753),.UNSPECIFIED.,.T.,.F.) B_SPLINE_CURVE_WITH_KNOTS((1,2
    ,2,2,2,1),(-2.094395102393,0.,2.094395102393,4.188790204786,
6.28318530718,8.377580409573),.UNSPECIFIED.) CURVE() 
GEOMETRIC_REPRESENTATION_ITEM() RATIONAL_B_SPLINE_CURVE((1.,0.5,1.,0.5,
1.,0.5,1.)) REPRESENTATION_ITEM('') );
#2747 = CARTESIAN_POINT('',(-1.125,0.));
#2748 = CARTESIAN_POINT('',(-1.125,1.948557158515));
#2749 = CARTESIAN_POINT('',(0.5625,0.974278579257));
#2750 = CARTESIAN_POINT('',(2.25,2.755455298082E-16));
#2751 = CARTESIAN_POINT('',(0.5625,-0.974278579257));
#2752 = CARTESIAN_POINT('',(-1.125,-1.948557158515));
#2753 = CARTESIAN_POINT('',(-1.125,0.));
#2754 = ( GEOMETRIC_REPRESENTATION_CONTEXT(2) 
PARAMETRIC_REPRESENTATION_CONTEXT() REPRESENTATION_CONTEXT('2D SPACE',''
  ) );
#2755 = PCURVE('',#2512,#2756);
#2756 = DEFINITIONAL_REPRESENTATION('',(#2757),#2761);
#2757 = LINE('',#2758,#2759);
#2758 = CARTESIAN_POINT('',(-0.,11.6));
#2759 = VECTOR('',#2760,1.);
#2760 = DIRECTION('',(-1.,0.));
#2761 = ( GEOMETRIC_REPRESENTATION_CONTEXT(2) 
PARAMETRIC_REPRESENTATION_CONTEXT() REPRESENTATION_CONTEXT('2D SPACE',''
  ) );
#2762 = FACE_BOUND('',#2763,.F.);
#2763 = EDGE_LOOP('',(#2764));
#2764 = ORIENTED_EDGE('',*,*,#2765,.F.);
#2765 = EDGE_CURVE('',#2766,#2766,#2768,.T.);
#2766 = VERTEX_POINT('',#2767);
#2767 = CARTESIAN_POINT('',(49.9,-11.10198476667,-3.704770492628));
#2768 = SURFACE_CURVE('',#2769,(#2774,#2785),.PCURVE_S1.);
#2769 = CIRCLE('',#2770,0.85);
#2770 = AXIS2_PLACEMENT_3D('',#2771,#2772,#2773);
#2771 = CARTESIAN_POINT('',(49.9,-11.10198476667,-4.554770492628));
#2772 = DIRECTION('',(1.,-0.,0.));
#2773 = DIRECTION('',(-0.,-0.,1.));
#2774 = PCURVE('',#1294,#2775);
#2775 = DEFINITIONAL_REPRESENTATION('',(#2776),#2784);
#2776 = ( BOUNDED_CURVE() B_SPLINE_CURVE(2,(#2777,#2778,#2779,#2780,
#2781,#2782,#2783),.UNSPECIFIED.,.T.,.F.) B_SPLINE_CURVE_WITH_KNOTS((1,2
    ,2,2,2,1),(-2.094395102393,0.,2.094395102393,4.188790204786,
6.28318530718,8.377580409573),.UNSPECIFIED.) CURVE() 
GEOMETRIC_REPRESENTATION_ITEM() RATIONAL_B_SPLINE_CURVE((1.,0.5,1.,0.5,
1.,0.5,1.)) REPRESENTATION_ITEM('') );
#2777 = CARTESIAN_POINT('',(3.704770492628,11.101984766675));
#2778 = CARTESIAN_POINT('',(3.704770492628,12.574227953109));
#2779 = CARTESIAN_POINT('',(4.979770492628,11.838106359892));
#2780 = CARTESIAN_POINT('',(6.254770492628,11.101984766675));
#2781 = CARTESIAN_POINT('',(4.979770492628,10.365863173458));
#2782 = CARTESIAN_POINT('',(3.704770492628,9.629741580242));
#2783 = CARTESIAN_POINT('',(3.704770492628,11.101984766675));
#2784 = ( GEOMETRIC_REPRESENTATION_CONTEXT(2) 
PARAMETRIC_REPRESENTATION_CONTEXT() REPRESENTATION_CONTEXT('2D SPACE',''
  ) );
#2785 = PCURVE('',#2547,#2786);
#2786 = DEFINITIONAL_REPRESENTATION('',(#2787),#2791);
#2787 = LINE('',#2788,#2789);
#2788 = CARTESIAN_POINT('',(-0.,3.));
#2789 = VECTOR('',#2790,1.);
#2790 = DIRECTION('',(-1.,0.));
#2791 = ( GEOMETRIC_REPRESENTATION_CONTEXT(2) 
PARAMETRIC_REPRESENTATION_CONTEXT() REPRESENTATION_CONTEXT('2D SPACE',''
  ) );
#2792 = ADVANCED_FACE('',(#2793),#1322,.F.);
#2793 = FACE_BOUND('',#2794,.T.);
#2794 = EDGE_LOOP('',(#2795,#2865,#2866,#2867));
#2795 = ORIENTED_EDGE('',*,*,#2796,.F.);
#2796 = EDGE_CURVE('',#1432,#1307,#2797,.T.);
#2797 = SURFACE_CURVE('',#2798,(#2803,#2810),.PCURVE_S1.);
#2798 = CIRCLE('',#2799,4.2);
#2799 = AXIS2_PLACEMENT_3D('',#2800,#2801,#2802);
#2800 = CARTESIAN_POINT('',(43.379393923934,0.,0.));
#2801 = DIRECTION('',(1.,-0.,0.));
#2802 = DIRECTION('',(-0.,-0.,1.));
#2803 = PCURVE('',#1322,#2804);
#2804 = DEFINITIONAL_REPRESENTATION('',(#2805),#2809);
#2805 = LINE('',#2806,#2807);
#2806 = CARTESIAN_POINT('',(-0.,7.520606076066));
#2807 = VECTOR('',#2808,1.);
#2808 = DIRECTION('',(-1.,0.));
#2809 = ( GEOMETRIC_REPRESENTATION_CONTEXT(2) 
PARAMETRIC_REPRESENTATION_CONTEXT() REPRESENTATION_CONTEXT('2D SPACE',''
  ) );
#2810 = PCURVE('',#1353,#2811);
#2811 = DEFINITIONAL_REPRESENTATION('',(#2812),#2864);
#2812 = B_SPLINE_CURVE_WITH_KNOTS('',8,(#2813,#2814,#2815,#2816,#2817,
    #2818,#2819,#2820,#2821,#2822,#2823,#2824,#2825,#2826,#2827,#2828,
    #2829,#2830,#2831,#2832,#2833,#2834,#2835,#2836,#2837,#2838,#2839,
    #2840,#2841,#2842,#2843,#2844,#2845,#2846,#2847,#2848,#2849,#2850,
    #2851,#2852,#2853,#2854,#2855,#2856,#2857,#2858,#2859,#2860,#2861,
    #2862,#2863),.UNSPECIFIED.,.T.,.F.,(9,7,7,7,7,7,7,9),(0.,
    0.785398163397,1.47262155637,2.675262494073,3.577243197349,
    4.253728724807,5.268457015993,6.28318530718),.UNSPECIFIED.);
#2813 = CARTESIAN_POINT('',(-3.14159265359,0.339836909454));
#2814 = CARTESIAN_POINT('',(-3.176302676544,0.339836909454));
#2815 = CARTESIAN_POINT('',(-3.211012694612,0.335942445197));
#2816 = CARTESIAN_POINT('',(-3.245085515719,0.328153596884));
#2817 = CARTESIAN_POINT('',(-3.277883806799,0.316580121126));
#2818 = CARTESIAN_POINT('',(-3.308831284588,0.301443227162));
#2819 = CARTESIAN_POINT('',(-3.337474707844,0.2830484684));
#2820 = CARTESIAN_POINT('',(-3.363471370734,0.261752004138));
#2821 = CARTESIAN_POINT('',(-3.406783769451,0.217106605436));
#2822 = CARTESIAN_POINT('',(-3.424778433555,0.19434698739));
#2823 = CARTESIAN_POINT('',(-3.440387676399,0.169921632407));
#2824 = CARTESIAN_POINT('',(-3.453498406702,0.144108128926));
#2825 = CARTESIAN_POINT('',(-3.464040358176,0.117190963386));
#2826 = CARTESIAN_POINT('',(-3.47197145214,8.945617733405E-02));
#2827 = CARTESIAN_POINT('',(-3.477266494154,6.118984373424E-02));
#2828 = CARTESIAN_POINT('',(-3.484551149402,-1.72171881397E-02));
#2829 = CARTESIAN_POINT('',(-3.481083151012,-6.786375531945E-02));
#2830 = CARTESIAN_POINT('',(-3.469457482111,-0.117728600299));
#2831 = CARTESIAN_POINT('',(-3.449756290127,-0.165273574568));
#2832 = CARTESIAN_POINT('',(-3.422160703094,-0.208977773483));
#2833 = CARTESIAN_POINT('',(-3.387060898116,-0.247268478093));
#2834 = CARTESIAN_POINT('',(-3.345539844801,-0.278725510968));
#2835 = CARTESIAN_POINT('',(-3.264506858812,-0.320026212466));
#2836 = CARTESIAN_POINT('',(-3.227087656856,-0.333307099115));
#2837 = CARTESIAN_POINT('',(-3.187669659186,-0.341736488197));
#2838 = CARTESIAN_POINT('',(-3.147117883915,-0.345006718409));
#2839 = CARTESIAN_POINT('',(-3.106459868464,-0.342984892926));
#2840 = CARTESIAN_POINT('',(-3.066736283587,-0.335768296041));
#2841 = CARTESIAN_POINT('',(-3.028837586898,-0.323635952455));
#2842 = CARTESIAN_POINT('',(-2.966971538141,-0.294519916419));
#2843 = CARTESIAN_POINT('',(-2.941889968716,-0.279507345665));
#2844 = CARTESIAN_POINT('',(-2.918545002249,-0.262133512083));
#2845 = CARTESIAN_POINT('',(-2.897186186018,-0.242613276801));
#2846 = CARTESIAN_POINT('',(-2.877999625636,-0.221189878298));
#2847 = CARTESIAN_POINT('',(-2.861116861633,-0.198122435));
#2848 = CARTESIAN_POINT('',(-2.84663006318,-0.173676965861));
#2849 = CARTESIAN_POINT('',(-2.816560260375,-0.109793219459));
#2850 = CARTESIAN_POINT('',(-2.804050866313,-6.896987979311E-02));
#2851 = CARTESIAN_POINT('',(-2.7972864194,-2.656433148185E-02));
#2852 = CARTESIAN_POINT('',(-2.796332166532,1.64939444407E-02));
#2853 = CARTESIAN_POINT('',(-2.80118861773,5.928786988943E-02));
#2854 = CARTESIAN_POINT('',(-2.811834621625,0.100897590519));
#2855 = CARTESIAN_POINT('',(-2.828159905422,0.140391604613));
#2856 = CARTESIAN_POINT('',(-2.871587022605,0.213350366969));
#2857 = CARTESIAN_POINT('',(-2.898688722524,0.246815156027));
#2858 = CARTESIAN_POINT('',(-2.930888967649,0.276365973248));
#2859 = CARTESIAN_POINT('',(-2.967711034917,0.301137639678));
#2860 = CARTESIAN_POINT('',(-3.008431042043,0.320334929255));
#2861 = CARTESIAN_POINT('',(-3.051902614585,0.333336049774));
#2862 = CARTESIAN_POINT('',(-3.096747575105,0.339836909454));
#2863 = CARTESIAN_POINT('',(-3.14159265359,0.339836909454));
#2864 = ( GEOMETRIC_REPRESENTATION_CONTEXT(2) 
PARAMETRIC_REPRESENTATION_CONTEXT() REPRESENTATION_CONTEXT('2D SPACE',''
  ) );
#2865 = ORIENTED_EDGE('',*,*,#1429,.F.);
#2866 = ORIENTED_EDGE('',*,*,#2637,.T.);
#2867 = ORIENTED_EDGE('',*,*,#1306,.T.);
#2868 = ADVANCED_FACE('',(#2869),#1353,.F.);
#2869 = FACE_BOUND('',#2870,.T.);
#2870 = EDGE_LOOP('',(#2871,#2872,#2873,#2874));
#2871 = ORIENTED_EDGE('',*,*,#1334,.F.);
#2872 = ORIENTED_EDGE('',*,*,#2278,.T.);
#2873 = ORIENTED_EDGE('',*,*,#1551,.F.);
#2874 = ORIENTED_EDGE('',*,*,#2796,.T.);
#2875 = ADVANCED_FACE('',(#2876),#1493,.T.);
#2876 = FACE_BOUND('',#2877,.F.);
#2877 = EDGE_LOOP('',(#2878,#2899,#2900,#2901));
#2878 = ORIENTED_EDGE('',*,*,#2879,.F.);
#2879 = EDGE_CURVE('',#2434,#2613,#2880,.T.);
#2880 = SURFACE_CURVE('',#2881,(#2885,#2892),.PCURVE_S1.);
#2881 = LINE('',#2882,#2883);
#2882 = CARTESIAN_POINT('',(51.9,-1.447607181866,-3.296124003585));
#2883 = VECTOR('',#2884,1.);
#2884 = DIRECTION('',(-1.,-0.,-0.));
#2885 = PCURVE('',#1493,#2886);
#2886 = DEFINITIONAL_REPRESENTATION('',(#2887),#2891);
#2887 = LINE('',#2888,#2889);
#2888 = CARTESIAN_POINT('',(-9.010954363751,0.));
#2889 = VECTOR('',#2890,1.);
#2890 = DIRECTION('',(-0.,1.));
#2891 = ( GEOMETRIC_REPRESENTATION_CONTEXT(2) 
PARAMETRIC_REPRESENTATION_CONTEXT() REPRESENTATION_CONTEXT('2D SPACE',''
  ) );
#2892 = PCURVE('',#2449,#2893);
#2893 = DEFINITIONAL_REPRESENTATION('',(#2894),#2898);
#2894 = LINE('',#2895,#2896);
#2895 = CARTESIAN_POINT('',(-2.590366769398,0.));
#2896 = VECTOR('',#2897,1.);
#2897 = DIRECTION('',(-0.,-1.));
#2898 = ( GEOMETRIC_REPRESENTATION_CONTEXT(2) 
PARAMETRIC_REPRESENTATION_CONTEXT() REPRESENTATION_CONTEXT('2D SPACE',''
  ) );
#2899 = ORIENTED_EDGE('',*,*,#2461,.T.);
#2900 = ORIENTED_EDGE('',*,*,#1477,.T.);
#2901 = ORIENTED_EDGE('',*,*,#2612,.T.);
#2902 = ADVANCED_FACE('',(#2903),#1873,.F.);
#2903 = FACE_BOUND('',#2904,.T.);
#2904 = EDGE_LOOP('',(#2905,#2906,#2955,#2956));
#2905 = ORIENTED_EDGE('',*,*,#2083,.F.);
#2906 = ORIENTED_EDGE('',*,*,#2907,.F.);
#2907 = EDGE_CURVE('',#1853,#2084,#2908,.T.);
#2908 = SURFACE_CURVE('',#2909,(#2914,#2948),.PCURVE_S1.);
#2909 = CIRCLE('',#2910,4.2);
#2910 = AXIS2_PLACEMENT_3D('',#2911,#2912,#2913);
#2911 = CARTESIAN_POINT('',(19.620606076066,0.,0.));
#2912 = DIRECTION('',(1.,-0.,0.));
#2913 = DIRECTION('',(-0.,-0.,1.));
#2914 = PCURVE('',#1873,#2915);
#2915 = DEFINITIONAL_REPRESENTATION('',(#2916),#2947);
#2916 = B_SPLINE_CURVE_WITH_KNOTS('',8,(#2917,#2918,#2919,#2920,#2921,
    #2922,#2923,#2924,#2925,#2926,#2927,#2928,#2929,#2930,#2931,#2932,
    #2933,#2934,#2935,#2936,#2937,#2938,#2939,#2940,#2941,#2942,#2943,
    #2944,#2945,#2946),.UNSPECIFIED.,.F.,.F.,(9,7,7,7,9),(3.14159265359,
    3.926990816987,5.105088062083,5.694136684631,6.28318530718),
  .UNSPECIFIED.);
#2917 = CARTESIAN_POINT('',(0.,-0.339836909454));
#2918 = CARTESIAN_POINT('',(-3.471002295436E-02,-0.339836909454));
#2919 = CARTESIAN_POINT('',(-6.942004102756E-02,-0.335942445197));
#2920 = CARTESIAN_POINT('',(-0.103492862125,-0.328153596885));
#2921 = CARTESIAN_POINT('',(-0.136291153231,-0.316580121125));
#2922 = CARTESIAN_POINT('',(-0.167238631,-0.301443227162));
#2923 = CARTESIAN_POINT('',(-0.195882054258,-0.2830484684));
#2924 = CARTESIAN_POINT('',(-0.221878717145,-0.261752004138));
#2925 = CARTESIAN_POINT('',(-0.2796285821,-0.202224805869));
#2926 = CARTESIAN_POINT('',(-0.307760948846,-0.160851080832));
#2927 = CARTESIAN_POINT('',(-0.328531099188,-0.115126383333));
#2928 = CARTESIAN_POINT('',(-0.341565299023,-6.651538176982E-02));
#2929 = CARTESIAN_POINT('',(-0.346792164757,-1.647127176054E-02));
#2930 = CARTESIAN_POINT('',(-0.344165176822,3.358071308149E-02));
#2931 = CARTESIAN_POINT('',(-0.333718728911,8.218527840112E-02));
#2932 = CARTESIAN_POINT('',(-0.306713400944,0.150771827662));
#2933 = CARTESIAN_POINT('',(-0.295822369173,0.172913956434));
#2934 = CARTESIAN_POINT('',(-0.283074911769,0.194156872856));
#2935 = CARTESIAN_POINT('',(-0.268518390813,0.214322829579));
#2936 = CARTESIAN_POINT('',(-0.252219186473,0.233236685028));
#2937 = CARTESIAN_POINT('',(-0.234269945928,0.250729135783));
#2938 = CARTESIAN_POINT('',(-0.21479564281,0.266641734671));
#2939 = CARTESIAN_POINT('',(-0.173113347051,0.295025151365));
#2940 = CARTESIAN_POINT('',(-0.150905332588,0.307495963045));
#2941 = CARTESIAN_POINT('',(-0.127488769704,0.318104823117));
#2942 = CARTESIAN_POINT('',(-0.1030546545,0.32672793251));
#2943 = CARTESIAN_POINT('',(-7.782878696859E-02,0.333265030488));
#2944 = CARTESIAN_POINT('',(-5.206501662034E-02,0.337646274821));
#2945 = CARTESIAN_POINT('',(-2.603251721577E-02,0.339836909454));
#2946 = CARTESIAN_POINT('',(-8.659560562355E-17,0.339836909454));
#2947 = ( GEOMETRIC_REPRESENTATION_CONTEXT(2) 
PARAMETRIC_REPRESENTATION_CONTEXT() REPRESENTATION_CONTEXT('2D SPACE',''
  ) );
#2948 = PCURVE('',#2013,#2949);
#2949 = DEFINITIONAL_REPRESENTATION('',(#2950),#2954);
#2950 = LINE('',#2951,#2952);
#2951 = CARTESIAN_POINT('',(-0.,2.379393923934));
#2952 = VECTOR('',#2953,1.);
#2953 = DIRECTION('',(-1.,0.));
#2954 = ( GEOMETRIC_REPRESENTATION_CONTEXT(2) 
PARAMETRIC_REPRESENTATION_CONTEXT() REPRESENTATION_CONTEXT('2D SPACE',''
  ) );
#2955 = ORIENTED_EDGE('',*,*,#1852,.F.);
#2956 = ORIENTED_EDGE('',*,*,#2236,.F.);
#2957 = ADVANCED_FACE('',(#2958,#2985),#1931,.T.);
#2958 = FACE_BOUND('',#2959,.F.);
#2959 = EDGE_LOOP('',(#2960,#2982,#2983,#2984));
#2960 = ORIENTED_EDGE('',*,*,#2961,.F.);
#2961 = EDGE_CURVE('',#1916,#2163,#2962,.T.);
#2962 = SURFACE_CURVE('',#2963,(#2968,#2975),.PCURVE_S1.);
#2963 = CIRCLE('',#2964,3.6);
#2964 = AXIS2_PLACEMENT_3D('',#2965,#2966,#2967);
#2965 = CARTESIAN_POINT('',(11.1,0.,0.));
#2966 = DIRECTION('',(-1.,-0.,0.));
#2967 = DIRECTION('',(-0.,0.434445257404,0.900698239323));
#2968 = PCURVE('',#1931,#2969);
#2969 = DEFINITIONAL_REPRESENTATION('',(#2970),#2974);
#2970 = CIRCLE('',#2971,3.6);
#2971 = AXIS2_PLACEMENT_2D('',#2972,#2973);
#2972 = CARTESIAN_POINT('',(0.,0.));
#2973 = DIRECTION('',(-0.900698239323,-0.434445257404));
#2974 = ( GEOMETRIC_REPRESENTATION_CONTEXT(2) 
PARAMETRIC_REPRESENTATION_CONTEXT() REPRESENTATION_CONTEXT('2D SPACE',''
  ) );
#2975 = PCURVE('',#1959,#2976);
#2976 = DEFINITIONAL_REPRESENTATION('',(#2977),#2981);
#2977 = LINE('',#2978,#2979);
#2978 = CARTESIAN_POINT('',(-12.11694833197,2.));
#2979 = VECTOR('',#2980,1.);
#2980 = DIRECTION('',(1.,-0.));
#2981 = ( GEOMETRIC_REPRESENTATION_CONTEXT(2) 
PARAMETRIC_REPRESENTATION_CONTEXT() REPRESENTATION_CONTEXT('2D SPACE',''
  ) );
#2982 = ORIENTED_EDGE('',*,*,#1915,.F.);
#2983 = ORIENTED_EDGE('',*,*,#2051,.T.);
#2984 = ORIENTED_EDGE('',*,*,#2185,.F.);
#2985 = FACE_BOUND('',#2986,.F.);
#2986 = EDGE_LOOP('',(#2987));
#2987 = ORIENTED_EDGE('',*,*,#2988,.F.);
#2988 = EDGE_CURVE('',#2989,#2989,#2991,.T.);
#2989 = VERTEX_POINT('',#2990);
#2990 = CARTESIAN_POINT('',(11.1,2.755455298082E-16,1.125));
#2991 = SURFACE_CURVE('',#2992,(#2997,#3008),.PCURVE_S1.);
#2992 = CIRCLE('',#2993,1.125);
#2993 = AXIS2_PLACEMENT_3D('',#2994,#2995,#2996);
#2994 = CARTESIAN_POINT('',(11.1,0.,0.));
#2995 = DIRECTION('',(1.,-0.,0.));
#2996 = DIRECTION('',(-0.,-0.,1.));
#2997 = PCURVE('',#1931,#2998);
#2998 = DEFINITIONAL_REPRESENTATION('',(#2999),#3007);
#2999 = ( BOUNDED_CURVE() B_SPLINE_CURVE(2,(#3000,#3001,#3002,#3003,
#3004,#3005,#3006),.UNSPECIFIED.,.T.,.F.) B_SPLINE_CURVE_WITH_KNOTS((1,2
    ,2,2,2,1),(-2.094395102393,0.,2.094395102393,4.188790204786,
6.28318530718,8.377580409573),.UNSPECIFIED.) CURVE() 
GEOMETRIC_REPRESENTATION_ITEM() RATIONAL_B_SPLINE_CURVE((1.,0.5,1.,0.5,
1.,0.5,1.)) REPRESENTATION_ITEM('') );
#3000 = CARTESIAN_POINT('',(-1.125,0.));
#3001 = CARTESIAN_POINT('',(-1.125,1.948557158515));
#3002 = CARTESIAN_POINT('',(0.5625,0.974278579257));
#3003 = CARTESIAN_POINT('',(2.25,2.755455298082E-16));
#3004 = CARTESIAN_POINT('',(0.5625,-0.974278579257));
#3005 = CARTESIAN_POINT('',(-1.125,-1.948557158515));
#3006 = CARTESIAN_POINT('',(-1.125,0.));
#3007 = ( GEOMETRIC_REPRESENTATION_CONTEXT(2) 
PARAMETRIC_REPRESENTATION_CONTEXT() REPRESENTATION_CONTEXT('2D SPACE',''
  ) );
#3008 = PCURVE('',#3009,#3014);
#3009 = CYLINDRICAL_SURFACE('',#3010,1.125);
#3010 = AXIS2_PLACEMENT_3D('',#3011,#3012,#3013);
#3011 = CARTESIAN_POINT('',(61.5,0.,0.));
#3012 = DIRECTION('',(-1.,-0.,-0.));
#3013 = DIRECTION('',(-0.,-0.,1.));
#3014 = DEFINITIONAL_REPRESENTATION('',(#3015),#3019);
#3015 = LINE('',#3016,#3017);
#3016 = CARTESIAN_POINT('',(-0.,50.4));
#3017 = VECTOR('',#3018,1.);
#3018 = DIRECTION('',(-1.,0.));
#3019 = ( GEOMETRIC_REPRESENTATION_CONTEXT(2) 
PARAMETRIC_REPRESENTATION_CONTEXT() REPRESENTATION_CONTEXT('2D SPACE',''
  ) );
#3020 = ADVANCED_FACE('',(#3021),#1959,.T.);
#3021 = FACE_BOUND('',#3022,.F.);
#3022 = EDGE_LOOP('',(#3023,#3049,#3050,#3051));
#3023 = ORIENTED_EDGE('',*,*,#3024,.T.);
#3024 = EDGE_CURVE('',#2140,#1944,#3025,.T.);
#3025 = SURFACE_CURVE('',#3026,(#3031,#3038),.PCURVE_S1.);
#3026 = CIRCLE('',#3027,3.6);
#3027 = AXIS2_PLACEMENT_3D('',#3028,#3029,#3030);
#3028 = CARTESIAN_POINT('',(13.1,0.,0.));
#3029 = DIRECTION('',(1.,0.,0.));
#3030 = DIRECTION('',(-0.,6.540312923017E-02,0.997858923239));
#3031 = PCURVE('',#1959,#3032);
#3032 = DEFINITIONAL_REPRESENTATION('',(#3033),#3037);
#3033 = LINE('',#3034,#3035);
#3034 = CARTESIAN_POINT('',(-6.21773546023,0.));
#3035 = VECTOR('',#3036,1.);
#3036 = DIRECTION('',(-1.,0.));
#3037 = ( GEOMETRIC_REPRESENTATION_CONTEXT(2) 
PARAMETRIC_REPRESENTATION_CONTEXT() REPRESENTATION_CONTEXT('2D SPACE',''
  ) );
#3038 = PCURVE('',#1987,#3039);
#3039 = DEFINITIONAL_REPRESENTATION('',(#3040),#3048);
#3040 = ( BOUNDED_CURVE() B_SPLINE_CURVE(2,(#3041,#3042,#3043,#3044,
#3045,#3046,#3047),.UNSPECIFIED.,.T.,.F.) B_SPLINE_CURVE_WITH_KNOTS((1,2
    ,2,2,2,1),(-2.094395102393,0.,2.094395102393,4.188790204786,
6.28318530718,8.377580409573),.UNSPECIFIED.) CURVE() 
GEOMETRIC_REPRESENTATION_ITEM() RATIONAL_B_SPLINE_CURVE((1.,0.5,1.,0.5,
1.,0.5,1.)) REPRESENTATION_ITEM('') );
#3041 = CARTESIAN_POINT('',(-3.592292123659,-0.235451265229));
#3042 = CARTESIAN_POINT('',(-4.000105677741,5.986581208578));
#3043 = CARTESIAN_POINT('',(1.592239284788,3.228741869518));
#3044 = CARTESIAN_POINT('',(7.184584247318,0.470902530457));
#3045 = CARTESIAN_POINT('',(2.000052838871,-2.993290604289));
#3046 = CARTESIAN_POINT('',(-3.184478569577,-6.457483739035));
#3047 = CARTESIAN_POINT('',(-3.592292123659,-0.235451265229));
#3048 = ( GEOMETRIC_REPRESENTATION_CONTEXT(2) 
PARAMETRIC_REPRESENTATION_CONTEXT() REPRESENTATION_CONTEXT('2D SPACE',''
  ) );
#3049 = ORIENTED_EDGE('',*,*,#1943,.T.);
#3050 = ORIENTED_EDGE('',*,*,#2961,.T.);
#3051 = ORIENTED_EDGE('',*,*,#2162,.F.);
#3052 = ADVANCED_FACE('',(#3053,#3084),#1987,.F.);
#3053 = FACE_BOUND('',#3054,.T.);
#3054 = EDGE_LOOP('',(#3055,#3056,#3057,#3058));
#3055 = ORIENTED_EDGE('',*,*,#2139,.F.);
#3056 = ORIENTED_EDGE('',*,*,#3024,.T.);
#3057 = ORIENTED_EDGE('',*,*,#1971,.F.);
#3058 = ORIENTED_EDGE('',*,*,#3059,.T.);
#3059 = EDGE_CURVE('',#1972,#2117,#3060,.T.);
#3060 = SURFACE_CURVE('',#3061,(#3066,#3077),.PCURVE_S1.);
#3061 = CIRCLE('',#3062,4.2);
#3062 = AXIS2_PLACEMENT_3D('',#3063,#3064,#3065);
#3063 = CARTESIAN_POINT('',(13.1,0.,0.));
#3064 = DIRECTION('',(1.,-0.,0.));
#3065 = DIRECTION('',(-0.,-0.,1.));
#3066 = PCURVE('',#1987,#3067);
#3067 = DEFINITIONAL_REPRESENTATION('',(#3068),#3076);
#3068 = ( BOUNDED_CURVE() B_SPLINE_CURVE(2,(#3069,#3070,#3071,#3072,
#3073,#3074,#3075),.UNSPECIFIED.,.T.,.F.) B_SPLINE_CURVE_WITH_KNOTS((1,2
    ,2,2,2,1),(-2.094395102393,0.,2.094395102393,4.188790204786,
6.28318530718,8.377580409573),.UNSPECIFIED.) CURVE() 
GEOMETRIC_REPRESENTATION_ITEM() RATIONAL_B_SPLINE_CURVE((1.,0.5,1.,0.5,
1.,0.5,1.)) REPRESENTATION_ITEM('') );
#3069 = CARTESIAN_POINT('',(-4.2,0.));
#3070 = CARTESIAN_POINT('',(-4.2,7.274613391789));
#3071 = CARTESIAN_POINT('',(2.1,3.637306695895));
#3072 = CARTESIAN_POINT('',(8.4,1.028703311284E-15));
#3073 = CARTESIAN_POINT('',(2.1,-3.637306695895));
#3074 = CARTESIAN_POINT('',(-4.2,-7.274613391789));
#3075 = CARTESIAN_POINT('',(-4.2,0.));
#3076 = ( GEOMETRIC_REPRESENTATION_CONTEXT(2) 
PARAMETRIC_REPRESENTATION_CONTEXT() REPRESENTATION_CONTEXT('2D SPACE',''
  ) );
#3077 = PCURVE('',#2013,#3078);
#3078 = DEFINITIONAL_REPRESENTATION('',(#3079),#3083);
#3079 = LINE('',#3080,#3081);
#3080 = CARTESIAN_POINT('',(-0.,8.9));
#3081 = VECTOR('',#3082,1.);
#3082 = DIRECTION('',(-1.,0.));
#3083 = ( GEOMETRIC_REPRESENTATION_CONTEXT(2) 
PARAMETRIC_REPRESENTATION_CONTEXT() REPRESENTATION_CONTEXT('2D SPACE',''
  ) );
#3084 = FACE_BOUND('',#3085,.T.);
#3085 = EDGE_LOOP('',(#3086));
#3086 = ORIENTED_EDGE('',*,*,#3087,.F.);
#3087 = EDGE_CURVE('',#3088,#3088,#3090,.T.);
#3088 = VERTEX_POINT('',#3089);
#3089 = CARTESIAN_POINT('',(13.1,2.755455298082E-16,1.125));
#3090 = SURFACE_CURVE('',#3091,(#3096,#3107),.PCURVE_S1.);
#3091 = CIRCLE('',#3092,1.125);
#3092 = AXIS2_PLACEMENT_3D('',#3093,#3094,#3095);
#3093 = CARTESIAN_POINT('',(13.1,0.,0.));
#3094 = DIRECTION('',(1.,-0.,0.));
#3095 = DIRECTION('',(-0.,-0.,1.));
#3096 = PCURVE('',#1987,#3097);
#3097 = DEFINITIONAL_REPRESENTATION('',(#3098),#3106);
#3098 = ( BOUNDED_CURVE() B_SPLINE_CURVE(2,(#3099,#3100,#3101,#3102,
#3103,#3104,#3105),.UNSPECIFIED.,.T.,.F.) B_SPLINE_CURVE_WITH_KNOTS((1,2
    ,2,2,2,1),(-2.094395102393,0.,2.094395102393,4.188790204786,
6.28318530718,8.377580409573),.UNSPECIFIED.) CURVE() 
GEOMETRIC_REPRESENTATION_ITEM() RATIONAL_B_SPLINE_CURVE((1.,0.5,1.,0.5,
1.,0.5,1.)) REPRESENTATION_ITEM('') );
#3099 = CARTESIAN_POINT('',(-1.125,0.));
#3100 = CARTESIAN_POINT('',(-1.125,1.948557158515));
#3101 = CARTESIAN_POINT('',(0.5625,0.974278579257));
#3102 = CARTESIAN_POINT('',(2.25,2.755455298082E-16));
#3103 = CARTESIAN_POINT('',(0.5625,-0.974278579257));
#3104 = CARTESIAN_POINT('',(-1.125,-1.948557158515));
#3105 = CARTESIAN_POINT('',(-1.125,0.));
#3106 = ( GEOMETRIC_REPRESENTATION_CONTEXT(2) 
PARAMETRIC_REPRESENTATION_CONTEXT() REPRESENTATION_CONTEXT('2D SPACE',''
  ) );
#3107 = PCURVE('',#3009,#3108);
#3108 = DEFINITIONAL_REPRESENTATION('',(#3109),#3113);
#3109 = LINE('',#3110,#3111);
#3110 = CARTESIAN_POINT('',(-0.,48.4));
#3111 = VECTOR('',#3112,1.);
#3112 = DIRECTION('',(-1.,0.));
#3113 = ( GEOMETRIC_REPRESENTATION_CONTEXT(2) 
PARAMETRIC_REPRESENTATION_CONTEXT() REPRESENTATION_CONTEXT('2D SPACE',''
  ) );
#3114 = ADVANCED_FACE('',(#3115),#2013,.F.);
#3115 = FACE_BOUND('',#3116,.T.);
#3116 = EDGE_LOOP('',(#3117,#3118,#3119,#3120));
#3117 = ORIENTED_EDGE('',*,*,#2907,.T.);
#3118 = ORIENTED_EDGE('',*,*,#2116,.T.);
#3119 = ORIENTED_EDGE('',*,*,#3059,.F.);
#3120 = ORIENTED_EDGE('',*,*,#1999,.F.);
#3121 = ADVANCED_FACE('',(#3122),#2392,.T.);
#3122 = FACE_BOUND('',#3123,.F.);
#3123 = EDGE_LOOP('',(#3124,#3125,#3146,#3147));
#3124 = ORIENTED_EDGE('',*,*,#2376,.F.);
#3125 = ORIENTED_EDGE('',*,*,#3126,.T.);
#3126 = EDGE_CURVE('',#2377,#2666,#3127,.T.);
#3127 = SURFACE_CURVE('',#3128,(#3132,#3139),.PCURVE_S1.);
#3128 = LINE('',#3129,#3130);
#3129 = CARTESIAN_POINT('',(51.9,-12.05089528597,-2.24185699957));
#3130 = VECTOR('',#3131,1.);
#3131 = DIRECTION('',(-1.,-0.,-0.));
#3132 = PCURVE('',#2392,#3133);
#3133 = DEFINITIONAL_REPRESENTATION('',(#3134),#3138);
#3134 = LINE('',#3135,#3136);
#3135 = CARTESIAN_POINT('',(-0.,0.));
#3136 = VECTOR('',#3137,1.);
#3137 = DIRECTION('',(-0.,-1.));
#3138 = ( GEOMETRIC_REPRESENTATION_CONTEXT(2) 
PARAMETRIC_REPRESENTATION_CONTEXT() REPRESENTATION_CONTEXT('2D SPACE',''
  ) );
#3139 = PCURVE('',#2421,#3140);
#3140 = DEFINITIONAL_REPRESENTATION('',(#3141),#3145);
#3141 = LINE('',#3142,#3143);
#3142 = CARTESIAN_POINT('',(-3.14159265359,0.));
#3143 = VECTOR('',#3144,1.);
#3144 = DIRECTION('',(-0.,-1.));
#3145 = ( GEOMETRIC_REPRESENTATION_CONTEXT(2) 
PARAMETRIC_REPRESENTATION_CONTEXT() REPRESENTATION_CONTEXT('2D SPACE',''
  ) );
#3146 = ORIENTED_EDGE('',*,*,#2665,.T.);
#3147 = ORIENTED_EDGE('',*,*,#2564,.F.);
#3148 = ADVANCED_FACE('',(#3149),#2421,.T.);
#3149 = FACE_BOUND('',#3150,.F.);
#3150 = EDGE_LOOP('',(#3151,#3172,#3173,#3174));
#3151 = ORIENTED_EDGE('',*,*,#3152,.T.);
#3152 = EDGE_CURVE('',#2405,#2689,#3153,.T.);
#3153 = SURFACE_CURVE('',#3154,(#3158,#3165),.PCURVE_S1.);
#3154 = LINE('',#3155,#3156);
#3155 = CARTESIAN_POINT('',(51.9,-10.15307424737,-6.867683985685));
#3156 = VECTOR('',#3157,1.);
#3157 = DIRECTION('',(-1.,-0.,-0.));
#3158 = PCURVE('',#2421,#3159);
#3159 = DEFINITIONAL_REPRESENTATION('',(#3160),#3164);
#3160 = LINE('',#3161,#3162);
#3161 = CARTESIAN_POINT('',(-0.,0.));
#3162 = VECTOR('',#3163,1.);
#3163 = DIRECTION('',(-0.,-1.));
#3164 = ( GEOMETRIC_REPRESENTATION_CONTEXT(2) 
PARAMETRIC_REPRESENTATION_CONTEXT() REPRESENTATION_CONTEXT('2D SPACE',''
  ) );
#3165 = PCURVE('',#2449,#3166);
#3166 = DEFINITIONAL_REPRESENTATION('',(#3167),#3171);
#3167 = LINE('',#3168,#3169);
#3168 = CARTESIAN_POINT('',(-12.,0.));
#3169 = VECTOR('',#3170,1.);
#3170 = DIRECTION('',(-0.,-1.));
#3171 = ( GEOMETRIC_REPRESENTATION_CONTEXT(2) 
PARAMETRIC_REPRESENTATION_CONTEXT() REPRESENTATION_CONTEXT('2D SPACE',''
  ) );
#3172 = ORIENTED_EDGE('',*,*,#2688,.T.);
#3173 = ORIENTED_EDGE('',*,*,#3126,.F.);
#3174 = ORIENTED_EDGE('',*,*,#2404,.F.);
#3175 = ADVANCED_FACE('',(#3176),#2449,.T.);
#3176 = FACE_BOUND('',#3177,.F.);
#3177 = EDGE_LOOP('',(#3178,#3179,#3180,#3181));
#3178 = ORIENTED_EDGE('',*,*,#2433,.F.);
#3179 = ORIENTED_EDGE('',*,*,#2879,.T.);
#3180 = ORIENTED_EDGE('',*,*,#2712,.T.);
#3181 = ORIENTED_EDGE('',*,*,#3152,.F.);
#3182 = ADVANCED_FACE('',(#3183),#2512,.F.);
#3183 = FACE_BOUND('',#3184,.T.);
#3184 = EDGE_LOOP('',(#3185,#3186,#3207,#3208));
#3185 = ORIENTED_EDGE('',*,*,#2735,.F.);
#3186 = ORIENTED_EDGE('',*,*,#3187,.F.);
#3187 = EDGE_CURVE('',#2492,#2736,#3188,.T.);
#3188 = SEAM_CURVE('',#3189,(#3193,#3200),.PCURVE_S1.);
#3189 = LINE('',#3190,#3191);
#3190 = CARTESIAN_POINT('',(61.5,2.755455298082E-16,1.125));
#3191 = VECTOR('',#3192,1.);
#3192 = DIRECTION('',(-1.,-0.,-0.));
#3193 = PCURVE('',#2512,#3194);
#3194 = DEFINITIONAL_REPRESENTATION('',(#3195),#3199);
#3195 = LINE('',#3196,#3197);
#3196 = CARTESIAN_POINT('',(-6.28318530718,-0.));
#3197 = VECTOR('',#3198,1.);
#3198 = DIRECTION('',(-0.,1.));
#3199 = ( GEOMETRIC_REPRESENTATION_CONTEXT(2) 
PARAMETRIC_REPRESENTATION_CONTEXT() REPRESENTATION_CONTEXT('2D SPACE',''
  ) );
#3200 = PCURVE('',#2512,#3201);
#3201 = DEFINITIONAL_REPRESENTATION('',(#3202),#3206);
#3202 = LINE('',#3203,#3204);
#3203 = CARTESIAN_POINT('',(-0.,-0.));
#3204 = VECTOR('',#3205,1.);
#3205 = DIRECTION('',(-0.,1.));
#3206 = ( GEOMETRIC_REPRESENTATION_CONTEXT(2) 
PARAMETRIC_REPRESENTATION_CONTEXT() REPRESENTATION_CONTEXT('2D SPACE',''
  ) );
#3207 = ORIENTED_EDGE('',*,*,#2491,.T.);
#3208 = ORIENTED_EDGE('',*,*,#3187,.T.);
#3209 = ADVANCED_FACE('',(#3210),#2547,.F.);
#3210 = FACE_BOUND('',#3211,.T.);
#3211 = EDGE_LOOP('',(#3212,#3213,#3234,#3235));
#3212 = ORIENTED_EDGE('',*,*,#2765,.F.);
#3213 = ORIENTED_EDGE('',*,*,#3214,.F.);
#3214 = EDGE_CURVE('',#2527,#2766,#3215,.T.);
#3215 = SEAM_CURVE('',#3216,(#3220,#3227),.PCURVE_S1.);
#3216 = LINE('',#3217,#3218);
#3217 = CARTESIAN_POINT('',(52.9,-11.10198476667,-3.704770492628));
#3218 = VECTOR('',#3219,1.);
#3219 = DIRECTION('',(-1.,-0.,-0.));
#3220 = PCURVE('',#2547,#3221);
#3221 = DEFINITIONAL_REPRESENTATION('',(#3222),#3226);
#3222 = LINE('',#3223,#3224);
#3223 = CARTESIAN_POINT('',(-6.28318530718,-0.));
#3224 = VECTOR('',#3225,1.);
#3225 = DIRECTION('',(-0.,1.));
#3226 = ( GEOMETRIC_REPRESENTATION_CONTEXT(2) 
PARAMETRIC_REPRESENTATION_CONTEXT() REPRESENTATION_CONTEXT('2D SPACE',''
  ) );
#3227 = PCURVE('',#2547,#3228);
#3228 = DEFINITIONAL_REPRESENTATION('',(#3229),#3233);
#3229 = LINE('',#3230,#3231);
#3230 = CARTESIAN_POINT('',(-0.,-0.));
#3231 = VECTOR('',#3232,1.);
#3232 = DIRECTION('',(-0.,1.));
#3233 = ( GEOMETRIC_REPRESENTATION_CONTEXT(2) 
PARAMETRIC_REPRESENTATION_CONTEXT() REPRESENTATION_CONTEXT('2D SPACE',''
  ) );
#3234 = ORIENTED_EDGE('',*,*,#2526,.T.);
#3235 = ORIENTED_EDGE('',*,*,#3214,.T.);
#3236 = ADVANCED_FACE('',(#3237),#3009,.F.);
#3237 = FACE_BOUND('',#3238,.T.);
#3238 = EDGE_LOOP('',(#3239,#3240,#3261,#3262));
#3239 = ORIENTED_EDGE('',*,*,#2988,.F.);
#3240 = ORIENTED_EDGE('',*,*,#3241,.F.);
#3241 = EDGE_CURVE('',#3088,#2989,#3242,.T.);
#3242 = SEAM_CURVE('',#3243,(#3247,#3254),.PCURVE_S1.);
#3243 = LINE('',#3244,#3245);
#3244 = CARTESIAN_POINT('',(61.5,2.755455298082E-16,1.125));
#3245 = VECTOR('',#3246,1.);
#3246 = DIRECTION('',(-1.,-0.,-0.));
#3247 = PCURVE('',#3009,#3248);
#3248 = DEFINITIONAL_REPRESENTATION('',(#3249),#3253);
#3249 = LINE('',#3250,#3251);
#3250 = CARTESIAN_POINT('',(-6.28318530718,-0.));
#3251 = VECTOR('',#3252,1.);
#3252 = DIRECTION('',(-0.,1.));
#3253 = ( GEOMETRIC_REPRESENTATION_CONTEXT(2) 
PARAMETRIC_REPRESENTATION_CONTEXT() REPRESENTATION_CONTEXT('2D SPACE',''
  ) );
#3254 = PCURVE('',#3009,#3255);
#3255 = DEFINITIONAL_REPRESENTATION('',(#3256),#3260);
#3256 = LINE('',#3257,#3258);
#3257 = CARTESIAN_POINT('',(-0.,-0.));
#3258 = VECTOR('',#3259,1.);
#3259 = DIRECTION('',(-0.,1.));
#3260 = ( GEOMETRIC_REPRESENTATION_CONTEXT(2) 
PARAMETRIC_REPRESENTATION_CONTEXT() REPRESENTATION_CONTEXT('2D SPACE',''
  ) );
#3261 = ORIENTED_EDGE('',*,*,#3087,.T.);
#3262 = ORIENTED_EDGE('',*,*,#3241,.T.);
#3263 = ( GEOMETRIC_REPRESENTATION_CONTEXT(3) 
GLOBAL_UNCERTAINTY_ASSIGNED_CONTEXT((#3267)) 
GLOBAL_UNIT_ASSIGNED_CONTEXT((#3264,#3265,#3266)) REPRESENTATION_CONTEXT
('Context #1','3D Context with UNIT and UNCERTAINTY') );
#3264 = ( LENGTH_UNIT() NAMED_UNIT(*) SI_UNIT(.MILLI.,.METRE.) );
#3265 = ( NAMED_UNIT(*) PLANE_ANGLE_UNIT() SI_UNIT($,.RADIAN.) );
#3266 = ( NAMED_UNIT(*) SI_UNIT($,.STERADIAN.) SOLID_ANGLE_UNIT() );
#3267 = UNCERTAINTY_MEASURE_WITH_UNIT(LENGTH_MEASURE(1.E-07),#3264,
  'distance_accuracy_value','confusion accuracy');
#3268 = PRODUCT_RELATED_PRODUCT_CATEGORY('part',$,(#7));
ENDSEC;
END-ISO-10303-21;
