ISO-10303-21;
HEADER;
FILE_DESCRIPTION(('Open CASCADE Model'),'2;1');
FILE_NAME('Open CASCADE Shape Model','2026-09-29T16:42:36',('Author'),(
    'Open CASCADE'),'Open CASCADE STEP processor 7.9','Open CASCADE 7.9'
  ,'Unknown');
FILE_SCHEMA(('AUTOMOTIVE_DESIGN { 1 0 10303 214 1 1 1 1 }'));
ENDSEC;
DATA;
#1 = APPLICATION_PROTOCOL_DEFINITION('international standard',
  'automotive_design',2000,#2);
#2 = APPLICATION_CONTEXT(
  'core data for automotive mechanical design processes');
#3 = SHAPE_DEFINITION_REPRESENTATION(#4,#10);
#4 = PRODUCT_DEFINITION_SHAPE('','',#5);
#5 = PRODUCT_DEFINITION('design','',#6,#9);
#6 = PRODUCT_DEFINITION_FORMATION('','',#7);
#7 = PRODUCT('Open CASCADE STEP translator 7.9 4',
  'Open CASCADE STEP translator 7.9 4','',(#8));
#8 = PRODUCT_CONTEXT('',#2,'mechanical');
#9 = PRODUCT_DEFINITION_CONTEXT('part definition',#2,'design');
#10 = ADVANCED_BREP_SHAPE_REPRESENTATION('',(#11,#15),#15884);
#11 = AXIS2_PLACEMENT_3D('',#12,#13,#14);
#12 = CARTESIAN_POINT('',(0.,0.,0.));
#13 = DIRECTION('',(0.,0.,1.));
#14 = DIRECTION('',(1.,0.,-0.));
#15 = MANIFOLD_SOLID_BREP('',#16);
#16 = CLOSED_SHELL('',(#17,#199,#254,#309,#761,#811,#897,#950,#1030,
    #1911,#2187,#2263,#2333,#2394,#2449,#2948,#3024,#3105,#3151,#3202,
    #3355,#3486,#3735,#3994,#4392,#4920,#5022,#5105,#5196,#5339,#5417,
    #5578,#5678,#5814,#5885,#5932,#6014,#6070,#6150,#6231,#6315,#6368,
    #6445,#6572,#6642,#6818,#6868,#6993,#7068,#7170,#7248,#7343,#7423,
    #7508,#7589,#7665,#7843,#7898,#7945,#8107,#8164,#8241,#8324,#8403,
    #8481,#8590,#8654,#8723,#8827,#8852,#8878,#8885,#8912,#8919,#8944,
    #8951,#8976,#9002,#9029,#9056,#9090,#9155,#9182,#9189,#9393,#9441,
    #9514,#9542,#9567,#9576,#9605,#9630,#9658,#9683,#9712,#9740,#9890,
    #9945,#10334,#10502,#10788,#10869,#10943,#11096,#11274,#11341,#11367
    ,#11441,#11589,#11644,#11761,#11871,#11897,#12009,#12064,#12263,
    #12292,#12325,#12353,#12428,#12481,#12556,#12602,#12632,#12657,
    #12684,#12693,#12814,#12867,#12914,#12930,#12962,#13007,#13113,
    #13219,#13246,#13273,#13360,#13410,#13501,#13555,#13638,#13721,
    #13759,#13797,#13804,#13893,#13934,#13992,#14018,#14124,#14151,
    #14160,#14266,#14372,#14430,#14457,#14663,#14718,#14722,#14777,
    #14781,#14865,#14911,#14987,#15059,#15105,#15151,#15234,#15265,
    #15311,#15357,#15382,#15409,#15416,#15456,#15484,#15511,#15539,
    #15546,#15645,#15746,#15753,#15780,#15808,#15815,#15822,#15829,
    #15856,#15863,#15870,#15877));
#17 = ADVANCED_FACE('',(#18,#137,#168),#32,.F.);
#18 = FACE_BOUND('',#19,.F.);
#19 = EDGE_LOOP('',(#20,#55,#83,#111));
#20 = ORIENTED_EDGE('',*,*,#21,.F.);
#21 = EDGE_CURVE('',#22,#24,#26,.T.);
#22 = VERTEX_POINT('',#23);
#23 = CARTESIAN_POINT('',(79.4,-29.,2.5));
#24 = VERTEX_POINT('',#25);
#25 = CARTESIAN_POINT('',(1.1,-29.,2.5));
#26 = SURFACE_CURVE('',#27,(#31,#43),.PCURVE_S1.);
#27 = LINE('',#28,#29);
#28 = CARTESIAN_POINT('',(79.4,-29.,2.5));
#29 = VECTOR('',#30,1.);
#30 = DIRECTION('',(-1.,0.,0.));
#31 = PCURVE('',#32,#37);
#32 = PLANE('',#33);
#33 = AXIS2_PLACEMENT_3D('',#34,#35,#36);
#34 = CARTESIAN_POINT('',(74.8,-29.,-5.));
#35 = DIRECTION('',(0.,1.,0.));
#36 = DIRECTION('',(0.,0.,1.));
#37 = DEFINITIONAL_REPRESENTATION('',(#38),#42);
#38 = LINE('',#39,#40);
#39 = CARTESIAN_POINT('',(7.5,4.6));
#40 = VECTOR('',#41,1.);
#41 = DIRECTION('',(0.,-1.));
#42 = ( GEOMETRIC_REPRESENTATION_CONTEXT(2) 
PARAMETRIC_REPRESENTATION_CONTEXT() REPRESENTATION_CONTEXT('2D SPACE',''
  ) );
#43 = PCURVE('',#44,#49);
#44 = CYLINDRICAL_SURFACE('',#45,1.);
#45 = AXIS2_PLACEMENT_3D('',#46,#47,#48);
#46 = CARTESIAN_POINT('',(74.8,-28.,2.5));
#47 = DIRECTION('',(1.,0.,0.));
#48 = DIRECTION('',(0.,-1.,0.));
#49 = DEFINITIONAL_REPRESENTATION('',(#50),#54);
#50 = LINE('',#51,#52);
#51 = CARTESIAN_POINT('',(-0.,4.6));
#52 = VECTOR('',#53,1.);
#53 = DIRECTION('',(-0.,-1.));
#54 = ( GEOMETRIC_REPRESENTATION_CONTEXT(2) 
PARAMETRIC_REPRESENTATION_CONTEXT() REPRESENTATION_CONTEXT('2D SPACE',''
  ) );
#55 = ORIENTED_EDGE('',*,*,#56,.F.);
#56 = EDGE_CURVE('',#57,#22,#59,.T.);
#57 = VERTEX_POINT('',#58);
#58 = CARTESIAN_POINT('',(79.4,-29.,-73.));
#59 = SURFACE_CURVE('',#60,(#64,#71),.PCURVE_S1.);
#60 = LINE('',#61,#62);
#61 = CARTESIAN_POINT('',(79.4,-29.,-73.));
#62 = VECTOR('',#63,1.);
#63 = DIRECTION('',(0.,0.,1.));
#64 = PCURVE('',#32,#65);
#65 = DEFINITIONAL_REPRESENTATION('',(#66),#70);
#66 = LINE('',#67,#68);
#67 = CARTESIAN_POINT('',(-68.,4.6));
#68 = VECTOR('',#69,1.);
#69 = DIRECTION('',(1.,0.));
#70 = ( GEOMETRIC_REPRESENTATION_CONTEXT(2) 
PARAMETRIC_REPRESENTATION_CONTEXT() REPRESENTATION_CONTEXT('2D SPACE',''
  ) );
#71 = PCURVE('',#72,#77);
#72 = CYLINDRICAL_SURFACE('',#73,1.);
#73 = AXIS2_PLACEMENT_3D('',#74,#75,#76);
#74 = CARTESIAN_POINT('',(79.4,-28.,-5.));
#75 = DIRECTION('',(0.,0.,1.));
#76 = DIRECTION('',(1.,0.,-0.));
#77 = DEFINITIONAL_REPRESENTATION('',(#78),#82);
#78 = LINE('',#79,#80);
#79 = CARTESIAN_POINT('',(-1.570796326795,-68.));
#80 = VECTOR('',#81,1.);
#81 = DIRECTION('',(-0.,1.));
#82 = ( GEOMETRIC_REPRESENTATION_CONTEXT(2) 
PARAMETRIC_REPRESENTATION_CONTEXT() REPRESENTATION_CONTEXT('2D SPACE',''
  ) );
#83 = ORIENTED_EDGE('',*,*,#84,.F.);
#84 = EDGE_CURVE('',#85,#57,#87,.T.);
#85 = VERTEX_POINT('',#86);
#86 = CARTESIAN_POINT('',(1.1,-29.,-73.));
#87 = SURFACE_CURVE('',#88,(#92,#99),.PCURVE_S1.);
#88 = LINE('',#89,#90);
#89 = CARTESIAN_POINT('',(0.1,-29.,-73.));
#90 = VECTOR('',#91,1.);
#91 = DIRECTION('',(1.,0.,0.));
#92 = PCURVE('',#32,#93);
#93 = DEFINITIONAL_REPRESENTATION('',(#94),#98);
#94 = LINE('',#95,#96);
#95 = CARTESIAN_POINT('',(-68.,-74.7));
#96 = VECTOR('',#97,1.);
#97 = DIRECTION('',(0.,1.));
#98 = ( GEOMETRIC_REPRESENTATION_CONTEXT(2) 
PARAMETRIC_REPRESENTATION_CONTEXT() REPRESENTATION_CONTEXT('2D SPACE',''
  ) );
#99 = PCURVE('',#100,#105);
#100 = CYLINDRICAL_SURFACE('',#101,1.);
#101 = AXIS2_PLACEMENT_3D('',#102,#103,#104);
#102 = CARTESIAN_POINT('',(0.1,-28.,-73.));
#103 = DIRECTION('',(1.,0.,0.));
#104 = DIRECTION('',(0.,-1.,0.));
#105 = DEFINITIONAL_REPRESENTATION('',(#106),#110);
#106 = LINE('',#107,#108);
#107 = CARTESIAN_POINT('',(0.,0.));
#108 = VECTOR('',#109,1.);
#109 = DIRECTION('',(0.,1.));
#110 = ( GEOMETRIC_REPRESENTATION_CONTEXT(2) 
PARAMETRIC_REPRESENTATION_CONTEXT() REPRESENTATION_CONTEXT('2D SPACE',''
  ) );
#111 = ORIENTED_EDGE('',*,*,#112,.T.);
#112 = EDGE_CURVE('',#85,#24,#113,.T.);
#113 = SURFACE_CURVE('',#114,(#118,#125),.PCURVE_S1.);
#114 = LINE('',#115,#116);
#115 = CARTESIAN_POINT('',(1.1,-29.,-74.));
#116 = VECTOR('',#117,1.);
#117 = DIRECTION('',(0.,0.,1.));
#118 = PCURVE('',#32,#119);
#119 = DEFINITIONAL_REPRESENTATION('',(#120),#124);
#120 = LINE('',#121,#122);
#121 = CARTESIAN_POINT('',(-69.,-73.7));
#122 = VECTOR('',#123,1.);
#123 = DIRECTION('',(1.,0.));
#124 = ( GEOMETRIC_REPRESENTATION_CONTEXT(2) 
PARAMETRIC_REPRESENTATION_CONTEXT() REPRESENTATION_CONTEXT('2D SPACE',''
  ) );
#125 = PCURVE('',#126,#131);
#126 = CYLINDRICAL_SURFACE('',#127,1.);
#127 = AXIS2_PLACEMENT_3D('',#128,#129,#130);
#128 = CARTESIAN_POINT('',(1.1,-28.,-74.));
#129 = DIRECTION('',(0.,0.,1.));
#130 = DIRECTION('',(-1.,-0.,0.));
#131 = DEFINITIONAL_REPRESENTATION('',(#132),#136);
#132 = LINE('',#133,#134);
#133 = CARTESIAN_POINT('',(1.570796326795,0.));
#134 = VECTOR('',#135,1.);
#135 = DIRECTION('',(0.,1.));
#136 = ( GEOMETRIC_REPRESENTATION_CONTEXT(2) 
PARAMETRIC_REPRESENTATION_CONTEXT() REPRESENTATION_CONTEXT('2D SPACE',''
  ) );
#137 = FACE_BOUND('',#138,.F.);
#138 = EDGE_LOOP('',(#139));
#139 = ORIENTED_EDGE('',*,*,#140,.F.);
#140 = EDGE_CURVE('',#141,#141,#143,.T.);
#141 = VERTEX_POINT('',#142);
#142 = CARTESIAN_POINT('',(27.75,-29.,-63.7));
#143 = SURFACE_CURVE('',#144,(#149,#156),.PCURVE_S1.);
#144 = CIRCLE('',#145,4.3);
#145 = AXIS2_PLACEMENT_3D('',#146,#147,#148);
#146 = CARTESIAN_POINT('',(27.75,-29.,-68.));
#147 = DIRECTION('',(0.,1.,0.));
#148 = DIRECTION('',(0.,-0.,1.));
#149 = PCURVE('',#32,#150);
#150 = DEFINITIONAL_REPRESENTATION('',(#151),#155);
#151 = CIRCLE('',#152,4.3);
#152 = AXIS2_PLACEMENT_2D('',#153,#154);
#153 = CARTESIAN_POINT('',(-63.,-47.05));
#154 = DIRECTION('',(1.,0.));
#155 = ( GEOMETRIC_REPRESENTATION_CONTEXT(2) 
PARAMETRIC_REPRESENTATION_CONTEXT() REPRESENTATION_CONTEXT('2D SPACE',''
  ) );
#156 = PCURVE('',#157,#162);
#157 = CONICAL_SURFACE('',#158,4.3,0.785398163397);
#158 = AXIS2_PLACEMENT_3D('',#159,#160,#161);
#159 = CARTESIAN_POINT('',(27.75,-29.,-68.));
#160 = DIRECTION('',(-0.,-1.,-0.));
#161 = DIRECTION('',(0.,-0.,1.));
#162 = DEFINITIONAL_REPRESENTATION('',(#163),#167);
#163 = LINE('',#164,#165);
#164 = CARTESIAN_POINT('',(-0.,-0.));
#165 = VECTOR('',#166,1.);
#166 = DIRECTION('',(-1.,-0.));
#167 = ( GEOMETRIC_REPRESENTATION_CONTEXT(2) 
PARAMETRIC_REPRESENTATION_CONTEXT() REPRESENTATION_CONTEXT('2D SPACE',''
  ) );
#168 = FACE_BOUND('',#169,.F.);
#169 = EDGE_LOOP('',(#170));
#170 = ORIENTED_EDGE('',*,*,#171,.F.);
#171 = EDGE_CURVE('',#172,#172,#174,.T.);
#172 = VERTEX_POINT('',#173);
#173 = CARTESIAN_POINT('',(27.75,-29.,-54.7));
#174 = SURFACE_CURVE('',#175,(#180,#187),.PCURVE_S1.);
#175 = CIRCLE('',#176,4.3);
#176 = AXIS2_PLACEMENT_3D('',#177,#178,#179);
#177 = CARTESIAN_POINT('',(27.75,-29.,-59.));
#178 = DIRECTION('',(0.,1.,0.));
#179 = DIRECTION('',(0.,-0.,1.));
#180 = PCURVE('',#32,#181);
#181 = DEFINITIONAL_REPRESENTATION('',(#182),#186);
#182 = CIRCLE('',#183,4.3);
#183 = AXIS2_PLACEMENT_2D('',#184,#185);
#184 = CARTESIAN_POINT('',(-54.,-47.05));
#185 = DIRECTION('',(1.,0.));
#186 = ( GEOMETRIC_REPRESENTATION_CONTEXT(2) 
PARAMETRIC_REPRESENTATION_CONTEXT() REPRESENTATION_CONTEXT('2D SPACE',''
  ) );
#187 = PCURVE('',#188,#193);
#188 = CONICAL_SURFACE('',#189,4.3,0.785398163397);
#189 = AXIS2_PLACEMENT_3D('',#190,#191,#192);
#190 = CARTESIAN_POINT('',(27.75,-29.,-59.));
#191 = DIRECTION('',(-0.,-1.,-0.));
#192 = DIRECTION('',(0.,-0.,1.));
#193 = DEFINITIONAL_REPRESENTATION('',(#194),#198);
#194 = LINE('',#195,#196);
#195 = CARTESIAN_POINT('',(-0.,-0.));
#196 = VECTOR('',#197,1.);
#197 = DIRECTION('',(-1.,-0.));
#198 = ( GEOMETRIC_REPRESENTATION_CONTEXT(2) 
PARAMETRIC_REPRESENTATION_CONTEXT() REPRESENTATION_CONTEXT('2D SPACE',''
  ) );
#199 = ADVANCED_FACE('',(#200),#188,.F.);
#200 = FACE_BOUND('',#201,.F.);
#201 = EDGE_LOOP('',(#202,#231,#252,#253));
#202 = ORIENTED_EDGE('',*,*,#203,.F.);
#203 = EDGE_CURVE('',#204,#204,#206,.T.);
#204 = VERTEX_POINT('',#205);
#205 = CARTESIAN_POINT('',(27.75,-26.85,-56.85));
#206 = SURFACE_CURVE('',#207,(#212,#219),.PCURVE_S1.);
#207 = CIRCLE('',#208,2.15);
#208 = AXIS2_PLACEMENT_3D('',#209,#210,#211);
#209 = CARTESIAN_POINT('',(27.75,-26.85,-59.));
#210 = DIRECTION('',(0.,1.,0.));
#211 = DIRECTION('',(0.,-0.,1.));
#212 = PCURVE('',#188,#213);
#213 = DEFINITIONAL_REPRESENTATION('',(#214),#218);
#214 = LINE('',#215,#216);
#215 = CARTESIAN_POINT('',(-0.,-2.15));
#216 = VECTOR('',#217,1.);
#217 = DIRECTION('',(-1.,-0.));
#218 = ( GEOMETRIC_REPRESENTATION_CONTEXT(2) 
PARAMETRIC_REPRESENTATION_CONTEXT() REPRESENTATION_CONTEXT('2D SPACE',''
  ) );
#219 = PCURVE('',#220,#225);
#220 = CYLINDRICAL_SURFACE('',#221,2.15);
#221 = AXIS2_PLACEMENT_3D('',#222,#223,#224);
#222 = CARTESIAN_POINT('',(27.75,-29.2,-59.));
#223 = DIRECTION('',(0.,1.,0.));
#224 = DIRECTION('',(0.,-0.,1.));
#225 = DEFINITIONAL_REPRESENTATION('',(#226),#230);
#226 = LINE('',#227,#228);
#227 = CARTESIAN_POINT('',(0.,2.35));
#228 = VECTOR('',#229,1.);
#229 = DIRECTION('',(1.,0.));
#230 = ( GEOMETRIC_REPRESENTATION_CONTEXT(2) 
PARAMETRIC_REPRESENTATION_CONTEXT() REPRESENTATION_CONTEXT('2D SPACE',''
  ) );
#231 = ORIENTED_EDGE('',*,*,#232,.F.);
#232 = EDGE_CURVE('',#172,#204,#233,.T.);
#233 = SEAM_CURVE('',#234,(#238,#245),.PCURVE_S1.);
#234 = LINE('',#235,#236);
#235 = CARTESIAN_POINT('',(27.75,-29.,-54.7));
#236 = VECTOR('',#237,1.);
#237 = DIRECTION('',(1.731912112471E-16,0.707106781187,-0.707106781187)
  );
#238 = PCURVE('',#188,#239);
#239 = DEFINITIONAL_REPRESENTATION('',(#240),#244);
#240 = LINE('',#241,#242);
#241 = CARTESIAN_POINT('',(-6.28318530718,0.));
#242 = VECTOR('',#243,1.);
#243 = DIRECTION('',(-0.,-1.));
#244 = ( GEOMETRIC_REPRESENTATION_CONTEXT(2) 
PARAMETRIC_REPRESENTATION_CONTEXT() REPRESENTATION_CONTEXT('2D SPACE',''
  ) );
#245 = PCURVE('',#188,#246);
#246 = DEFINITIONAL_REPRESENTATION('',(#247),#251);
#247 = LINE('',#248,#249);
#248 = CARTESIAN_POINT('',(0.,-0.));
#249 = VECTOR('',#250,1.);
#250 = DIRECTION('',(-0.,-1.));
#251 = ( GEOMETRIC_REPRESENTATION_CONTEXT(2) 
PARAMETRIC_REPRESENTATION_CONTEXT() REPRESENTATION_CONTEXT('2D SPACE',''
  ) );
#252 = ORIENTED_EDGE('',*,*,#171,.T.);
#253 = ORIENTED_EDGE('',*,*,#232,.T.);
#254 = ADVANCED_FACE('',(#255),#220,.F.);
#255 = FACE_BOUND('',#256,.F.);
#256 = EDGE_LOOP('',(#257,#258,#281,#308));
#257 = ORIENTED_EDGE('',*,*,#203,.T.);
#258 = ORIENTED_EDGE('',*,*,#259,.T.);
#259 = EDGE_CURVE('',#204,#260,#262,.T.);
#260 = VERTEX_POINT('',#261);
#261 = CARTESIAN_POINT('',(27.75,-24.4,-56.85));
#262 = SEAM_CURVE('',#263,(#267,#274),.PCURVE_S1.);
#263 = LINE('',#264,#265);
#264 = CARTESIAN_POINT('',(27.75,-29.2,-56.85));
#265 = VECTOR('',#266,1.);
#266 = DIRECTION('',(0.,1.,0.));
#267 = PCURVE('',#220,#268);
#268 = DEFINITIONAL_REPRESENTATION('',(#269),#273);
#269 = LINE('',#270,#271);
#270 = CARTESIAN_POINT('',(0.,-0.));
#271 = VECTOR('',#272,1.);
#272 = DIRECTION('',(0.,1.));
#273 = ( GEOMETRIC_REPRESENTATION_CONTEXT(2) 
PARAMETRIC_REPRESENTATION_CONTEXT() REPRESENTATION_CONTEXT('2D SPACE',''
  ) );
#274 = PCURVE('',#220,#275);
#275 = DEFINITIONAL_REPRESENTATION('',(#276),#280);
#276 = LINE('',#277,#278);
#277 = CARTESIAN_POINT('',(6.28318530718,-0.));
#278 = VECTOR('',#279,1.);
#279 = DIRECTION('',(0.,1.));
#280 = ( GEOMETRIC_REPRESENTATION_CONTEXT(2) 
PARAMETRIC_REPRESENTATION_CONTEXT() REPRESENTATION_CONTEXT('2D SPACE',''
  ) );
#281 = ORIENTED_EDGE('',*,*,#282,.F.);
#282 = EDGE_CURVE('',#260,#260,#283,.T.);
#283 = SURFACE_CURVE('',#284,(#289,#296),.PCURVE_S1.);
#284 = CIRCLE('',#285,2.15);
#285 = AXIS2_PLACEMENT_3D('',#286,#287,#288);
#286 = CARTESIAN_POINT('',(27.75,-24.4,-59.));
#287 = DIRECTION('',(0.,1.,0.));
#288 = DIRECTION('',(0.,-0.,1.));
#289 = PCURVE('',#220,#290);
#290 = DEFINITIONAL_REPRESENTATION('',(#291),#295);
#291 = LINE('',#292,#293);
#292 = CARTESIAN_POINT('',(0.,4.8));
#293 = VECTOR('',#294,1.);
#294 = DIRECTION('',(1.,0.));
#295 = ( GEOMETRIC_REPRESENTATION_CONTEXT(2) 
PARAMETRIC_REPRESENTATION_CONTEXT() REPRESENTATION_CONTEXT('2D SPACE',''
  ) );
#296 = PCURVE('',#297,#302);
#297 = PLANE('',#298);
#298 = AXIS2_PLACEMENT_3D('',#299,#300,#301);
#299 = CARTESIAN_POINT('',(0.1,-24.4,-74.));
#300 = DIRECTION('',(0.,1.,0.));
#301 = DIRECTION('',(0.,0.,1.));
#302 = DEFINITIONAL_REPRESENTATION('',(#303),#307);
#303 = CIRCLE('',#304,2.15);
#304 = AXIS2_PLACEMENT_2D('',#305,#306);
#305 = CARTESIAN_POINT('',(15.,27.65));
#306 = DIRECTION('',(1.,0.));
#307 = ( GEOMETRIC_REPRESENTATION_CONTEXT(2) 
PARAMETRIC_REPRESENTATION_CONTEXT() REPRESENTATION_CONTEXT('2D SPACE',''
  ) );
#308 = ORIENTED_EDGE('',*,*,#259,.F.);
#309 = ADVANCED_FACE('',(#310,#727,#758),#297,.T.);
#310 = FACE_BOUND('',#311,.T.);
#311 = EDGE_LOOP('',(#312,#342,#370,#398,#425,#454,#480,#509,#535,#563,
    #592,#620,#646,#675,#701));
#312 = ORIENTED_EDGE('',*,*,#313,.F.);
#313 = EDGE_CURVE('',#314,#316,#318,.T.);
#314 = VERTEX_POINT('',#315);
#315 = CARTESIAN_POINT('',(1.1,-24.4,-73.));
#316 = VERTEX_POINT('',#317);
#317 = CARTESIAN_POINT('',(79.4,-24.4,-73.));
#318 = SURFACE_CURVE('',#319,(#323,#330),.PCURVE_S1.);
#319 = LINE('',#320,#321);
#320 = CARTESIAN_POINT('',(0.1,-24.4,-73.));
#321 = VECTOR('',#322,1.);
#322 = DIRECTION('',(1.,0.,0.));
#323 = PCURVE('',#297,#324);
#324 = DEFINITIONAL_REPRESENTATION('',(#325),#329);
#325 = LINE('',#326,#327);
#326 = CARTESIAN_POINT('',(1.,0.));
#327 = VECTOR('',#328,1.);
#328 = DIRECTION('',(0.,1.));
#329 = ( GEOMETRIC_REPRESENTATION_CONTEXT(2) 
PARAMETRIC_REPRESENTATION_CONTEXT() REPRESENTATION_CONTEXT('2D SPACE',''
  ) );
#330 = PCURVE('',#331,#336);
#331 = CYLINDRICAL_SURFACE('',#332,1.);
#332 = AXIS2_PLACEMENT_3D('',#333,#334,#335);
#333 = CARTESIAN_POINT('',(0.1,-25.4,-73.));
#334 = DIRECTION('',(1.,0.,0.));
#335 = DIRECTION('',(-0.,1.,0.));
#336 = DEFINITIONAL_REPRESENTATION('',(#337),#341);
#337 = LINE('',#338,#339);
#338 = CARTESIAN_POINT('',(-0.,0.));
#339 = VECTOR('',#340,1.);
#340 = DIRECTION('',(-0.,1.));
#341 = ( GEOMETRIC_REPRESENTATION_CONTEXT(2) 
PARAMETRIC_REPRESENTATION_CONTEXT() REPRESENTATION_CONTEXT('2D SPACE',''
  ) );
#342 = ORIENTED_EDGE('',*,*,#343,.T.);
#343 = EDGE_CURVE('',#314,#344,#346,.T.);
#344 = VERTEX_POINT('',#345);
#345 = CARTESIAN_POINT('',(1.1,-24.4,2.5));
#346 = SURFACE_CURVE('',#347,(#351,#358),.PCURVE_S1.);
#347 = LINE('',#348,#349);
#348 = CARTESIAN_POINT('',(1.1,-24.4,-74.));
#349 = VECTOR('',#350,1.);
#350 = DIRECTION('',(0.,0.,1.));
#351 = PCURVE('',#297,#352);
#352 = DEFINITIONAL_REPRESENTATION('',(#353),#357);
#353 = LINE('',#354,#355);
#354 = CARTESIAN_POINT('',(0.,1.));
#355 = VECTOR('',#356,1.);
#356 = DIRECTION('',(1.,0.));
#357 = ( GEOMETRIC_REPRESENTATION_CONTEXT(2) 
PARAMETRIC_REPRESENTATION_CONTEXT() REPRESENTATION_CONTEXT('2D SPACE',''
  ) );
#358 = PCURVE('',#359,#364);
#359 = CYLINDRICAL_SURFACE('',#360,1.);
#360 = AXIS2_PLACEMENT_3D('',#361,#362,#363);
#361 = CARTESIAN_POINT('',(1.1,-25.4,-74.));
#362 = DIRECTION('',(0.,0.,1.));
#363 = DIRECTION('',(-1.,-0.,0.));
#364 = DEFINITIONAL_REPRESENTATION('',(#365),#369);
#365 = LINE('',#366,#367);
#366 = CARTESIAN_POINT('',(-1.570796326795,0.));
#367 = VECTOR('',#368,1.);
#368 = DIRECTION('',(-0.,1.));
#369 = ( GEOMETRIC_REPRESENTATION_CONTEXT(2) 
PARAMETRIC_REPRESENTATION_CONTEXT() REPRESENTATION_CONTEXT('2D SPACE',''
  ) );
#370 = ORIENTED_EDGE('',*,*,#371,.T.);
#371 = EDGE_CURVE('',#344,#372,#374,.T.);
#372 = VERTEX_POINT('',#373);
#373 = CARTESIAN_POINT('',(14.6,-24.4,2.5));
#374 = SURFACE_CURVE('',#375,(#379,#386),.PCURVE_S1.);
#375 = LINE('',#376,#377);
#376 = CARTESIAN_POINT('',(0.1,-24.4,2.5));
#377 = VECTOR('',#378,1.);
#378 = DIRECTION('',(1.,0.,0.));
#379 = PCURVE('',#297,#380);
#380 = DEFINITIONAL_REPRESENTATION('',(#381),#385);
#381 = LINE('',#382,#383);
#382 = CARTESIAN_POINT('',(76.5,0.));
#383 = VECTOR('',#384,1.);
#384 = DIRECTION('',(0.,1.));
#385 = ( GEOMETRIC_REPRESENTATION_CONTEXT(2) 
PARAMETRIC_REPRESENTATION_CONTEXT() REPRESENTATION_CONTEXT('2D SPACE',''
  ) );
#386 = PCURVE('',#387,#392);
#387 = CYLINDRICAL_SURFACE('',#388,1.);
#388 = AXIS2_PLACEMENT_3D('',#389,#390,#391);
#389 = CARTESIAN_POINT('',(0.1,-25.4,2.5));
#390 = DIRECTION('',(1.,0.,0.));
#391 = DIRECTION('',(-0.,1.,0.));
#392 = DEFINITIONAL_REPRESENTATION('',(#393),#397);
#393 = LINE('',#394,#395);
#394 = CARTESIAN_POINT('',(0.,0.));
#395 = VECTOR('',#396,1.);
#396 = DIRECTION('',(0.,1.));
#397 = ( GEOMETRIC_REPRESENTATION_CONTEXT(2) 
PARAMETRIC_REPRESENTATION_CONTEXT() REPRESENTATION_CONTEXT('2D SPACE',''
  ) );
#398 = ORIENTED_EDGE('',*,*,#399,.F.);
#399 = EDGE_CURVE('',#400,#372,#402,.T.);
#400 = VERTEX_POINT('',#401);
#401 = CARTESIAN_POINT('',(14.6,-24.4,-4.));
#402 = SURFACE_CURVE('',#403,(#407,#413),.PCURVE_S1.);
#403 = LINE('',#404,#405);
#404 = CARTESIAN_POINT('',(14.6,-24.4,-39.5));
#405 = VECTOR('',#406,1.);
#406 = DIRECTION('',(0.,0.,1.));
#407 = PCURVE('',#297,#408);
#408 = DEFINITIONAL_REPRESENTATION('',(#409),#412);
#409 = B_SPLINE_CURVE_WITH_KNOTS('',1,(#410,#411),.UNSPECIFIED.,.F.,.F.,
  (2,2),(33.,42.),.PIECEWISE_BEZIER_KNOTS.);
#410 = CARTESIAN_POINT('',(67.5,14.5));
#411 = CARTESIAN_POINT('',(76.5,14.5));
#412 = ( GEOMETRIC_REPRESENTATION_CONTEXT(2) 
PARAMETRIC_REPRESENTATION_CONTEXT() REPRESENTATION_CONTEXT('2D SPACE',''
  ) );
#413 = PCURVE('',#414,#419);
#414 = PLANE('',#415);
#415 = AXIS2_PLACEMENT_3D('',#416,#417,#418);
#416 = CARTESIAN_POINT('',(14.6,-29.,-5.));
#417 = DIRECTION('',(1.,0.,0.));
#418 = DIRECTION('',(0.,0.,1.));
#419 = DEFINITIONAL_REPRESENTATION('',(#420),#424);
#420 = LINE('',#421,#422);
#421 = CARTESIAN_POINT('',(-34.5,-4.6));
#422 = VECTOR('',#423,1.);
#423 = DIRECTION('',(1.,0.));
#424 = ( GEOMETRIC_REPRESENTATION_CONTEXT(2) 
PARAMETRIC_REPRESENTATION_CONTEXT() REPRESENTATION_CONTEXT('2D SPACE',''
  ) );
#425 = ORIENTED_EDGE('',*,*,#426,.F.);
#426 = EDGE_CURVE('',#427,#400,#429,.T.);
#427 = VERTEX_POINT('',#428);
#428 = CARTESIAN_POINT('',(15.6,-24.4,-5.));
#429 = SURFACE_CURVE('',#430,(#435,#442),.PCURVE_S1.);
#430 = CIRCLE('',#431,1.);
#431 = AXIS2_PLACEMENT_3D('',#432,#433,#434);
#432 = CARTESIAN_POINT('',(15.6,-24.4,-4.));
#433 = DIRECTION('',(0.,1.,0.));
#434 = DIRECTION('',(-1.,0.,0.));
#435 = PCURVE('',#297,#436);
#436 = DEFINITIONAL_REPRESENTATION('',(#437),#441);
#437 = CIRCLE('',#438,1.);
#438 = AXIS2_PLACEMENT_2D('',#439,#440);
#439 = CARTESIAN_POINT('',(70.,15.5));
#440 = DIRECTION('',(0.,-1.));
#441 = ( GEOMETRIC_REPRESENTATION_CONTEXT(2) 
PARAMETRIC_REPRESENTATION_CONTEXT() REPRESENTATION_CONTEXT('2D SPACE',''
  ) );
#442 = PCURVE('',#443,#448);
#443 = CYLINDRICAL_SURFACE('',#444,1.);
#444 = AXIS2_PLACEMENT_3D('',#445,#446,#447);
#445 = CARTESIAN_POINT('',(15.6,-29.,-4.));
#446 = DIRECTION('',(0.,1.,0.));
#447 = DIRECTION('',(-1.,0.,0.));
#448 = DEFINITIONAL_REPRESENTATION('',(#449),#453);
#449 = LINE('',#450,#451);
#450 = CARTESIAN_POINT('',(-6.28318530718,4.6));
#451 = VECTOR('',#452,1.);
#452 = DIRECTION('',(1.,-0.));
#453 = ( GEOMETRIC_REPRESENTATION_CONTEXT(2) 
PARAMETRIC_REPRESENTATION_CONTEXT() REPRESENTATION_CONTEXT('2D SPACE',''
  ) );
#454 = ORIENTED_EDGE('',*,*,#455,.F.);
#455 = EDGE_CURVE('',#456,#427,#458,.T.);
#456 = VERTEX_POINT('',#457);
#457 = CARTESIAN_POINT('',(19.2,-24.4,-5.));
#458 = SURFACE_CURVE('',#459,(#463,#469),.PCURVE_S1.);
#459 = LINE('',#460,#461);
#460 = CARTESIAN_POINT('',(7.35,-24.4,-5.));
#461 = VECTOR('',#462,1.);
#462 = DIRECTION('',(-1.,0.,0.));
#463 = PCURVE('',#297,#464);
#464 = DEFINITIONAL_REPRESENTATION('',(#465),#468);
#465 = B_SPLINE_CURVE_WITH_KNOTS('',1,(#466,#467),.UNSPECIFIED.,.F.,.F.,
  (2,2),(-11.85,-8.25),.PIECEWISE_BEZIER_KNOTS.);
#466 = CARTESIAN_POINT('',(69.,19.1));
#467 = CARTESIAN_POINT('',(69.,15.5));
#468 = ( GEOMETRIC_REPRESENTATION_CONTEXT(2) 
PARAMETRIC_REPRESENTATION_CONTEXT() REPRESENTATION_CONTEXT('2D SPACE',''
  ) );
#469 = PCURVE('',#470,#475);
#470 = PLANE('',#471);
#471 = AXIS2_PLACEMENT_3D('',#472,#473,#474);
#472 = CARTESIAN_POINT('',(14.6,-29.,-5.));
#473 = DIRECTION('',(0.,0.,1.));
#474 = DIRECTION('',(1.,0.,0.));
#475 = DEFINITIONAL_REPRESENTATION('',(#476),#479);
#476 = B_SPLINE_CURVE_WITH_KNOTS('',1,(#477,#478),.UNSPECIFIED.,.F.,.F.,
  (2,2),(-11.85,-8.25),.PIECEWISE_BEZIER_KNOTS.);
#477 = CARTESIAN_POINT('',(4.6,4.6));
#478 = CARTESIAN_POINT('',(1.,4.6));
#479 = ( GEOMETRIC_REPRESENTATION_CONTEXT(2) 
PARAMETRIC_REPRESENTATION_CONTEXT() REPRESENTATION_CONTEXT('2D SPACE',''
  ) );
#480 = ORIENTED_EDGE('',*,*,#481,.F.);
#481 = EDGE_CURVE('',#482,#456,#484,.T.);
#482 = VERTEX_POINT('',#483);
#483 = CARTESIAN_POINT('',(20.2,-24.4,-4.));
#484 = SURFACE_CURVE('',#485,(#490,#497),.PCURVE_S1.);
#485 = CIRCLE('',#486,1.);
#486 = AXIS2_PLACEMENT_3D('',#487,#488,#489);
#487 = CARTESIAN_POINT('',(19.2,-24.4,-4.));
#488 = DIRECTION('',(0.,1.,0.));
#489 = DIRECTION('',(1.,0.,-0.));
#490 = PCURVE('',#297,#491);
#491 = DEFINITIONAL_REPRESENTATION('',(#492),#496);
#492 = CIRCLE('',#493,1.);
#493 = AXIS2_PLACEMENT_2D('',#494,#495);
#494 = CARTESIAN_POINT('',(70.,19.1));
#495 = DIRECTION('',(0.,1.));
#496 = ( GEOMETRIC_REPRESENTATION_CONTEXT(2) 
PARAMETRIC_REPRESENTATION_CONTEXT() REPRESENTATION_CONTEXT('2D SPACE',''
  ) );
#497 = PCURVE('',#498,#503);
#498 = CYLINDRICAL_SURFACE('',#499,1.);
#499 = AXIS2_PLACEMENT_3D('',#500,#501,#502);
#500 = CARTESIAN_POINT('',(19.2,-29.,-4.));
#501 = DIRECTION('',(0.,1.,0.));
#502 = DIRECTION('',(1.,0.,-0.));
#503 = DEFINITIONAL_REPRESENTATION('',(#504),#508);
#504 = LINE('',#505,#506);
#505 = CARTESIAN_POINT('',(0.,4.6));
#506 = VECTOR('',#507,1.);
#507 = DIRECTION('',(1.,0.));
#508 = ( GEOMETRIC_REPRESENTATION_CONTEXT(2) 
PARAMETRIC_REPRESENTATION_CONTEXT() REPRESENTATION_CONTEXT('2D SPACE',''
  ) );
#509 = ORIENTED_EDGE('',*,*,#510,.T.);
#510 = EDGE_CURVE('',#482,#511,#513,.T.);
#511 = VERTEX_POINT('',#512);
#512 = CARTESIAN_POINT('',(20.2,-24.4,2.5));
#513 = SURFACE_CURVE('',#514,(#518,#524),.PCURVE_S1.);
#514 = LINE('',#515,#516);
#515 = CARTESIAN_POINT('',(20.2,-24.4,-37.));
#516 = VECTOR('',#517,1.);
#517 = DIRECTION('',(0.,0.,1.));
#518 = PCURVE('',#297,#519);
#519 = DEFINITIONAL_REPRESENTATION('',(#520),#523);
#520 = B_SPLINE_CURVE_WITH_KNOTS('',1,(#521,#522),.UNSPECIFIED.,.F.,.F.,
  (2,2),(30.5,39.5),.PIECEWISE_BEZIER_KNOTS.);
#521 = CARTESIAN_POINT('',(67.5,20.1));
#522 = CARTESIAN_POINT('',(76.5,20.1));
#523 = ( GEOMETRIC_REPRESENTATION_CONTEXT(2) 
PARAMETRIC_REPRESENTATION_CONTEXT() REPRESENTATION_CONTEXT('2D SPACE',''
  ) );
#524 = PCURVE('',#525,#530);
#525 = PLANE('',#526);
#526 = AXIS2_PLACEMENT_3D('',#527,#528,#529);
#527 = CARTESIAN_POINT('',(20.2,0.,0.));
#528 = DIRECTION('',(1.,0.,0.));
#529 = DIRECTION('',(-0.,0.,1.));
#530 = DEFINITIONAL_REPRESENTATION('',(#531),#534);
#531 = B_SPLINE_CURVE_WITH_KNOTS('',1,(#532,#533),.UNSPECIFIED.,.F.,.F.,
  (2,2),(30.5,39.5),.PIECEWISE_BEZIER_KNOTS.);
#532 = CARTESIAN_POINT('',(-6.5,24.4));
#533 = CARTESIAN_POINT('',(2.5,24.4));
#534 = ( GEOMETRIC_REPRESENTATION_CONTEXT(2) 
PARAMETRIC_REPRESENTATION_CONTEXT() REPRESENTATION_CONTEXT('2D SPACE',''
  ) );
#535 = ORIENTED_EDGE('',*,*,#536,.T.);
#536 = EDGE_CURVE('',#511,#537,#539,.T.);
#537 = VERTEX_POINT('',#538);
#538 = CARTESIAN_POINT('',(43.989145403182,-24.4,2.5));
#539 = SURFACE_CURVE('',#540,(#544,#551),.PCURVE_S1.);
#540 = LINE('',#541,#542);
#541 = CARTESIAN_POINT('',(0.1,-24.4,2.5));
#542 = VECTOR('',#543,1.);
#543 = DIRECTION('',(1.,0.,0.));
#544 = PCURVE('',#297,#545);
#545 = DEFINITIONAL_REPRESENTATION('',(#546),#550);
#546 = LINE('',#547,#548);
#547 = CARTESIAN_POINT('',(76.5,0.));
#548 = VECTOR('',#549,1.);
#549 = DIRECTION('',(0.,1.));
#550 = ( GEOMETRIC_REPRESENTATION_CONTEXT(2) 
PARAMETRIC_REPRESENTATION_CONTEXT() REPRESENTATION_CONTEXT('2D SPACE',''
  ) );
#551 = PCURVE('',#552,#557);
#552 = CYLINDRICAL_SURFACE('',#553,1.);
#553 = AXIS2_PLACEMENT_3D('',#554,#555,#556);
#554 = CARTESIAN_POINT('',(0.1,-25.4,2.5));
#555 = DIRECTION('',(1.,0.,0.));
#556 = DIRECTION('',(-0.,1.,0.));
#557 = DEFINITIONAL_REPRESENTATION('',(#558),#562);
#558 = LINE('',#559,#560);
#559 = CARTESIAN_POINT('',(0.,0.));
#560 = VECTOR('',#561,1.);
#561 = DIRECTION('',(0.,1.));
#562 = ( GEOMETRIC_REPRESENTATION_CONTEXT(2) 
PARAMETRIC_REPRESENTATION_CONTEXT() REPRESENTATION_CONTEXT('2D SPACE',''
  ) );
#563 = ORIENTED_EDGE('',*,*,#564,.F.);
#564 = EDGE_CURVE('',#565,#537,#567,.T.);
#565 = VERTEX_POINT('',#566);
#566 = CARTESIAN_POINT('',(51.010854596818,-24.4,2.5));
#567 = SURFACE_CURVE('',#568,(#573,#580),.PCURVE_S1.);
#568 = CIRCLE('',#569,4.31);
#569 = AXIS2_PLACEMENT_3D('',#570,#571,#572);
#570 = CARTESIAN_POINT('',(47.5,-24.4,0.));
#571 = DIRECTION('',(0.,1.,0.));
#572 = DIRECTION('',(0.,-0.,1.));
#573 = PCURVE('',#297,#574);
#574 = DEFINITIONAL_REPRESENTATION('',(#575),#579);
#575 = CIRCLE('',#576,4.31);
#576 = AXIS2_PLACEMENT_2D('',#577,#578);
#577 = CARTESIAN_POINT('',(74.,47.4));
#578 = DIRECTION('',(1.,0.));
#579 = ( GEOMETRIC_REPRESENTATION_CONTEXT(2) 
PARAMETRIC_REPRESENTATION_CONTEXT() REPRESENTATION_CONTEXT('2D SPACE',''
  ) );
#580 = PCURVE('',#581,#586);
#581 = CYLINDRICAL_SURFACE('',#582,4.31);
#582 = AXIS2_PLACEMENT_3D('',#583,#584,#585);
#583 = CARTESIAN_POINT('',(47.5,-26.3,0.));
#584 = DIRECTION('',(0.,1.,0.));
#585 = DIRECTION('',(0.,-0.,1.));
#586 = DEFINITIONAL_REPRESENTATION('',(#587),#591);
#587 = LINE('',#588,#589);
#588 = CARTESIAN_POINT('',(0.,1.9));
#589 = VECTOR('',#590,1.);
#590 = DIRECTION('',(1.,0.));
#591 = ( GEOMETRIC_REPRESENTATION_CONTEXT(2) 
PARAMETRIC_REPRESENTATION_CONTEXT() REPRESENTATION_CONTEXT('2D SPACE',''
  ) );
#592 = ORIENTED_EDGE('',*,*,#593,.T.);
#593 = EDGE_CURVE('',#565,#594,#596,.T.);
#594 = VERTEX_POINT('',#595);
#595 = CARTESIAN_POINT('',(74.8,-24.4,2.5));
#596 = SURFACE_CURVE('',#597,(#601,#608),.PCURVE_S1.);
#597 = LINE('',#598,#599);
#598 = CARTESIAN_POINT('',(0.1,-24.4,2.5));
#599 = VECTOR('',#600,1.);
#600 = DIRECTION('',(1.,0.,0.));
#601 = PCURVE('',#297,#602);
#602 = DEFINITIONAL_REPRESENTATION('',(#603),#607);
#603 = LINE('',#604,#605);
#604 = CARTESIAN_POINT('',(76.5,0.));
#605 = VECTOR('',#606,1.);
#606 = DIRECTION('',(0.,1.));
#607 = ( GEOMETRIC_REPRESENTATION_CONTEXT(2) 
PARAMETRIC_REPRESENTATION_CONTEXT() REPRESENTATION_CONTEXT('2D SPACE',''
  ) );
#608 = PCURVE('',#609,#614);
#609 = CYLINDRICAL_SURFACE('',#610,1.);
#610 = AXIS2_PLACEMENT_3D('',#611,#612,#613);
#611 = CARTESIAN_POINT('',(0.1,-25.4,2.5));
#612 = DIRECTION('',(1.,0.,0.));
#613 = DIRECTION('',(-0.,1.,0.));
#614 = DEFINITIONAL_REPRESENTATION('',(#615),#619);
#615 = LINE('',#616,#617);
#616 = CARTESIAN_POINT('',(0.,0.));
#617 = VECTOR('',#618,1.);
#618 = DIRECTION('',(0.,1.));
#619 = ( GEOMETRIC_REPRESENTATION_CONTEXT(2) 
PARAMETRIC_REPRESENTATION_CONTEXT() REPRESENTATION_CONTEXT('2D SPACE',''
  ) );
#620 = ORIENTED_EDGE('',*,*,#621,.F.);
#621 = EDGE_CURVE('',#622,#594,#624,.T.);
#622 = VERTEX_POINT('',#623);
#623 = CARTESIAN_POINT('',(74.8,-24.4,-4.));
#624 = SURFACE_CURVE('',#625,(#629,#635),.PCURVE_S1.);
#625 = LINE('',#626,#627);
#626 = CARTESIAN_POINT('',(74.8,-24.4,-39.5));
#627 = VECTOR('',#628,1.);
#628 = DIRECTION('',(0.,0.,1.));
#629 = PCURVE('',#297,#630);
#630 = DEFINITIONAL_REPRESENTATION('',(#631),#634);
#631 = B_SPLINE_CURVE_WITH_KNOTS('',1,(#632,#633),.UNSPECIFIED.,.F.,.F.,
  (2,2),(33.,42.),.PIECEWISE_BEZIER_KNOTS.);
#632 = CARTESIAN_POINT('',(67.5,74.7));
#633 = CARTESIAN_POINT('',(76.5,74.7));
#634 = ( GEOMETRIC_REPRESENTATION_CONTEXT(2) 
PARAMETRIC_REPRESENTATION_CONTEXT() REPRESENTATION_CONTEXT('2D SPACE',''
  ) );
#635 = PCURVE('',#636,#641);
#636 = PLANE('',#637);
#637 = AXIS2_PLACEMENT_3D('',#638,#639,#640);
#638 = CARTESIAN_POINT('',(74.8,-29.,-5.));
#639 = DIRECTION('',(1.,0.,0.));
#640 = DIRECTION('',(0.,0.,1.));
#641 = DEFINITIONAL_REPRESENTATION('',(#642),#645);
#642 = B_SPLINE_CURVE_WITH_KNOTS('',1,(#643,#644),.UNSPECIFIED.,.F.,.F.,
  (2,2),(33.,42.),.PIECEWISE_BEZIER_KNOTS.);
#643 = CARTESIAN_POINT('',(-1.5,-4.6));
#644 = CARTESIAN_POINT('',(7.5,-4.6));
#645 = ( GEOMETRIC_REPRESENTATION_CONTEXT(2) 
PARAMETRIC_REPRESENTATION_CONTEXT() REPRESENTATION_CONTEXT('2D SPACE',''
  ) );
#646 = ORIENTED_EDGE('',*,*,#647,.F.);
#647 = EDGE_CURVE('',#648,#622,#650,.T.);
#648 = VERTEX_POINT('',#649);
#649 = CARTESIAN_POINT('',(75.8,-24.4,-5.));
#650 = SURFACE_CURVE('',#651,(#656,#663),.PCURVE_S1.);
#651 = CIRCLE('',#652,1.);
#652 = AXIS2_PLACEMENT_3D('',#653,#654,#655);
#653 = CARTESIAN_POINT('',(75.8,-24.4,-4.));
#654 = DIRECTION('',(0.,1.,0.));
#655 = DIRECTION('',(-1.,0.,0.));
#656 = PCURVE('',#297,#657);
#657 = DEFINITIONAL_REPRESENTATION('',(#658),#662);
#658 = CIRCLE('',#659,1.);
#659 = AXIS2_PLACEMENT_2D('',#660,#661);
#660 = CARTESIAN_POINT('',(70.,75.7));
#661 = DIRECTION('',(0.,-1.));
#662 = ( GEOMETRIC_REPRESENTATION_CONTEXT(2) 
PARAMETRIC_REPRESENTATION_CONTEXT() REPRESENTATION_CONTEXT('2D SPACE',''
  ) );
#663 = PCURVE('',#664,#669);
#664 = CYLINDRICAL_SURFACE('',#665,1.);
#665 = AXIS2_PLACEMENT_3D('',#666,#667,#668);
#666 = CARTESIAN_POINT('',(75.8,-29.,-4.));
#667 = DIRECTION('',(0.,1.,0.));
#668 = DIRECTION('',(-1.,0.,0.));
#669 = DEFINITIONAL_REPRESENTATION('',(#670),#674);
#670 = LINE('',#671,#672);
#671 = CARTESIAN_POINT('',(-6.28318530718,4.6));
#672 = VECTOR('',#673,1.);
#673 = DIRECTION('',(1.,-0.));
#674 = ( GEOMETRIC_REPRESENTATION_CONTEXT(2) 
PARAMETRIC_REPRESENTATION_CONTEXT() REPRESENTATION_CONTEXT('2D SPACE',''
  ) );
#675 = ORIENTED_EDGE('',*,*,#676,.F.);
#676 = EDGE_CURVE('',#677,#648,#679,.T.);
#677 = VERTEX_POINT('',#678);
#678 = CARTESIAN_POINT('',(79.4,-24.4,-5.));
#679 = SURFACE_CURVE('',#680,(#684,#690),.PCURVE_S1.);
#680 = LINE('',#681,#682);
#681 = CARTESIAN_POINT('',(37.45,-24.4,-5.));
#682 = VECTOR('',#683,1.);
#683 = DIRECTION('',(-1.,0.,0.));
#684 = PCURVE('',#297,#685);
#685 = DEFINITIONAL_REPRESENTATION('',(#686),#689);
#686 = B_SPLINE_CURVE_WITH_KNOTS('',1,(#687,#688),.UNSPECIFIED.,.F.,.F.,
  (2,2),(-41.95,-38.35),.PIECEWISE_BEZIER_KNOTS.);
#687 = CARTESIAN_POINT('',(69.,79.3));
#688 = CARTESIAN_POINT('',(69.,75.7));
#689 = ( GEOMETRIC_REPRESENTATION_CONTEXT(2) 
PARAMETRIC_REPRESENTATION_CONTEXT() REPRESENTATION_CONTEXT('2D SPACE',''
  ) );
#690 = PCURVE('',#691,#696);
#691 = PLANE('',#692);
#692 = AXIS2_PLACEMENT_3D('',#693,#694,#695);
#693 = CARTESIAN_POINT('',(74.8,-29.,-5.));
#694 = DIRECTION('',(0.,0.,1.));
#695 = DIRECTION('',(1.,0.,0.));
#696 = DEFINITIONAL_REPRESENTATION('',(#697),#700);
#697 = B_SPLINE_CURVE_WITH_KNOTS('',1,(#698,#699),.UNSPECIFIED.,.F.,.F.,
  (2,2),(-41.95,-38.35),.PIECEWISE_BEZIER_KNOTS.);
#698 = CARTESIAN_POINT('',(4.6,4.6));
#699 = CARTESIAN_POINT('',(1.,4.6));
#700 = ( GEOMETRIC_REPRESENTATION_CONTEXT(2) 
PARAMETRIC_REPRESENTATION_CONTEXT() REPRESENTATION_CONTEXT('2D SPACE',''
  ) );
#701 = ORIENTED_EDGE('',*,*,#702,.F.);
#702 = EDGE_CURVE('',#316,#677,#703,.T.);
#703 = SURFACE_CURVE('',#704,(#708,#715),.PCURVE_S1.);
#704 = LINE('',#705,#706);
#705 = CARTESIAN_POINT('',(79.4,-24.4,-74.));
#706 = VECTOR('',#707,1.);
#707 = DIRECTION('',(0.,0.,1.));
#708 = PCURVE('',#297,#709);
#709 = DEFINITIONAL_REPRESENTATION('',(#710),#714);
#710 = LINE('',#711,#712);
#711 = CARTESIAN_POINT('',(0.,79.3));
#712 = VECTOR('',#713,1.);
#713 = DIRECTION('',(1.,0.));
#714 = ( GEOMETRIC_REPRESENTATION_CONTEXT(2) 
PARAMETRIC_REPRESENTATION_CONTEXT() REPRESENTATION_CONTEXT('2D SPACE',''
  ) );
#715 = PCURVE('',#716,#721);
#716 = CYLINDRICAL_SURFACE('',#717,1.);
#717 = AXIS2_PLACEMENT_3D('',#718,#719,#720);
#718 = CARTESIAN_POINT('',(79.4,-25.4,-74.));
#719 = DIRECTION('',(0.,0.,1.));
#720 = DIRECTION('',(1.,0.,-0.));
#721 = DEFINITIONAL_REPRESENTATION('',(#722),#726);
#722 = LINE('',#723,#724);
#723 = CARTESIAN_POINT('',(1.570796326795,0.));
#724 = VECTOR('',#725,1.);
#725 = DIRECTION('',(0.,1.));
#726 = ( GEOMETRIC_REPRESENTATION_CONTEXT(2) 
PARAMETRIC_REPRESENTATION_CONTEXT() REPRESENTATION_CONTEXT('2D SPACE',''
  ) );
#727 = FACE_BOUND('',#728,.T.);
#728 = EDGE_LOOP('',(#729));
#729 = ORIENTED_EDGE('',*,*,#730,.F.);
#730 = EDGE_CURVE('',#731,#731,#733,.T.);
#731 = VERTEX_POINT('',#732);
#732 = CARTESIAN_POINT('',(27.75,-24.4,-65.85));
#733 = SURFACE_CURVE('',#734,(#739,#746),.PCURVE_S1.);
#734 = CIRCLE('',#735,2.15);
#735 = AXIS2_PLACEMENT_3D('',#736,#737,#738);
#736 = CARTESIAN_POINT('',(27.75,-24.4,-68.));
#737 = DIRECTION('',(0.,1.,0.));
#738 = DIRECTION('',(0.,-0.,1.));
#739 = PCURVE('',#297,#740);
#740 = DEFINITIONAL_REPRESENTATION('',(#741),#745);
#741 = CIRCLE('',#742,2.15);
#742 = AXIS2_PLACEMENT_2D('',#743,#744);
#743 = CARTESIAN_POINT('',(6.,27.65));
#744 = DIRECTION('',(1.,0.));
#745 = ( GEOMETRIC_REPRESENTATION_CONTEXT(2) 
PARAMETRIC_REPRESENTATION_CONTEXT() REPRESENTATION_CONTEXT('2D SPACE',''
  ) );
#746 = PCURVE('',#747,#752);
#747 = CYLINDRICAL_SURFACE('',#748,2.15);
#748 = AXIS2_PLACEMENT_3D('',#749,#750,#751);
#749 = CARTESIAN_POINT('',(27.75,-29.2,-68.));
#750 = DIRECTION('',(0.,1.,0.));
#751 = DIRECTION('',(0.,-0.,1.));
#752 = DEFINITIONAL_REPRESENTATION('',(#753),#757);
#753 = LINE('',#754,#755);
#754 = CARTESIAN_POINT('',(0.,4.8));
#755 = VECTOR('',#756,1.);
#756 = DIRECTION('',(1.,0.));
#757 = ( GEOMETRIC_REPRESENTATION_CONTEXT(2) 
PARAMETRIC_REPRESENTATION_CONTEXT() REPRESENTATION_CONTEXT('2D SPACE',''
  ) );
#758 = FACE_BOUND('',#759,.T.);
#759 = EDGE_LOOP('',(#760));
#760 = ORIENTED_EDGE('',*,*,#282,.F.);
#761 = ADVANCED_FACE('',(#762),#747,.F.);
#762 = FACE_BOUND('',#763,.F.);
#763 = EDGE_LOOP('',(#764,#788,#809,#810));
#764 = ORIENTED_EDGE('',*,*,#765,.T.);
#765 = EDGE_CURVE('',#766,#766,#768,.T.);
#766 = VERTEX_POINT('',#767);
#767 = CARTESIAN_POINT('',(27.75,-26.85,-65.85));
#768 = SURFACE_CURVE('',#769,(#774,#781),.PCURVE_S1.);
#769 = CIRCLE('',#770,2.15);
#770 = AXIS2_PLACEMENT_3D('',#771,#772,#773);
#771 = CARTESIAN_POINT('',(27.75,-26.85,-68.));
#772 = DIRECTION('',(0.,1.,0.));
#773 = DIRECTION('',(0.,-0.,1.));
#774 = PCURVE('',#747,#775);
#775 = DEFINITIONAL_REPRESENTATION('',(#776),#780);
#776 = LINE('',#777,#778);
#777 = CARTESIAN_POINT('',(0.,2.35));
#778 = VECTOR('',#779,1.);
#779 = DIRECTION('',(1.,0.));
#780 = ( GEOMETRIC_REPRESENTATION_CONTEXT(2) 
PARAMETRIC_REPRESENTATION_CONTEXT() REPRESENTATION_CONTEXT('2D SPACE',''
  ) );
#781 = PCURVE('',#157,#782);
#782 = DEFINITIONAL_REPRESENTATION('',(#783),#787);
#783 = LINE('',#784,#785);
#784 = CARTESIAN_POINT('',(-0.,-2.15));
#785 = VECTOR('',#786,1.);
#786 = DIRECTION('',(-1.,-0.));
#787 = ( GEOMETRIC_REPRESENTATION_CONTEXT(2) 
PARAMETRIC_REPRESENTATION_CONTEXT() REPRESENTATION_CONTEXT('2D SPACE',''
  ) );
#788 = ORIENTED_EDGE('',*,*,#789,.T.);
#789 = EDGE_CURVE('',#766,#731,#790,.T.);
#790 = SEAM_CURVE('',#791,(#795,#802),.PCURVE_S1.);
#791 = LINE('',#792,#793);
#792 = CARTESIAN_POINT('',(27.75,-29.2,-65.85));
#793 = VECTOR('',#794,1.);
#794 = DIRECTION('',(0.,1.,0.));
#795 = PCURVE('',#747,#796);
#796 = DEFINITIONAL_REPRESENTATION('',(#797),#801);
#797 = LINE('',#798,#799);
#798 = CARTESIAN_POINT('',(0.,-0.));
#799 = VECTOR('',#800,1.);
#800 = DIRECTION('',(0.,1.));
#801 = ( GEOMETRIC_REPRESENTATION_CONTEXT(2) 
PARAMETRIC_REPRESENTATION_CONTEXT() REPRESENTATION_CONTEXT('2D SPACE',''
  ) );
#802 = PCURVE('',#747,#803);
#803 = DEFINITIONAL_REPRESENTATION('',(#804),#808);
#804 = LINE('',#805,#806);
#805 = CARTESIAN_POINT('',(6.28318530718,-0.));
#806 = VECTOR('',#807,1.);
#807 = DIRECTION('',(0.,1.));
#808 = ( GEOMETRIC_REPRESENTATION_CONTEXT(2) 
PARAMETRIC_REPRESENTATION_CONTEXT() REPRESENTATION_CONTEXT('2D SPACE',''
  ) );
#809 = ORIENTED_EDGE('',*,*,#730,.F.);
#810 = ORIENTED_EDGE('',*,*,#789,.F.);
#811 = ADVANCED_FACE('',(#812),#359,.T.);
#812 = FACE_BOUND('',#813,.F.);
#813 = EDGE_LOOP('',(#814,#844,#871,#872));
#814 = ORIENTED_EDGE('',*,*,#815,.F.);
#815 = EDGE_CURVE('',#816,#818,#820,.T.);
#816 = VERTEX_POINT('',#817);
#817 = CARTESIAN_POINT('',(1.E-01,-25.4,-73.));
#818 = VERTEX_POINT('',#819);
#819 = CARTESIAN_POINT('',(1.E-01,-25.4,2.5));
#820 = SURFACE_CURVE('',#821,(#825,#832),.PCURVE_S1.);
#821 = LINE('',#822,#823);
#822 = CARTESIAN_POINT('',(1.E-01,-25.4,-74.));
#823 = VECTOR('',#824,1.);
#824 = DIRECTION('',(0.,0.,1.));
#825 = PCURVE('',#359,#826);
#826 = DEFINITIONAL_REPRESENTATION('',(#827),#831);
#827 = LINE('',#828,#829);
#828 = CARTESIAN_POINT('',(-0.,0.));
#829 = VECTOR('',#830,1.);
#830 = DIRECTION('',(-0.,1.));
#831 = ( GEOMETRIC_REPRESENTATION_CONTEXT(2) 
PARAMETRIC_REPRESENTATION_CONTEXT() REPRESENTATION_CONTEXT('2D SPACE',''
  ) );
#832 = PCURVE('',#833,#838);
#833 = PLANE('',#834);
#834 = AXIS2_PLACEMENT_3D('',#835,#836,#837);
#835 = CARTESIAN_POINT('',(0.1,-29.,-74.));
#836 = DIRECTION('',(1.,0.,0.));
#837 = DIRECTION('',(0.,0.,1.));
#838 = DEFINITIONAL_REPRESENTATION('',(#839),#843);
#839 = LINE('',#840,#841);
#840 = CARTESIAN_POINT('',(0.,-3.6));
#841 = VECTOR('',#842,1.);
#842 = DIRECTION('',(1.,0.));
#843 = ( GEOMETRIC_REPRESENTATION_CONTEXT(2) 
PARAMETRIC_REPRESENTATION_CONTEXT() REPRESENTATION_CONTEXT('2D SPACE',''
  ) );
#844 = ORIENTED_EDGE('',*,*,#845,.T.);
#845 = EDGE_CURVE('',#816,#314,#846,.T.);
#846 = SURFACE_CURVE('',#847,(#852,#859),.PCURVE_S1.);
#847 = CIRCLE('',#848,1.);
#848 = AXIS2_PLACEMENT_3D('',#849,#850,#851);
#849 = CARTESIAN_POINT('',(1.1,-25.4,-73.));
#850 = DIRECTION('',(-0.,0.,-1.));
#851 = DIRECTION('',(-1.,0.,0.));
#852 = PCURVE('',#359,#853);
#853 = DEFINITIONAL_REPRESENTATION('',(#854),#858);
#854 = LINE('',#855,#856);
#855 = CARTESIAN_POINT('',(-0.,1.));
#856 = VECTOR('',#857,1.);
#857 = DIRECTION('',(-1.,0.));
#858 = ( GEOMETRIC_REPRESENTATION_CONTEXT(2) 
PARAMETRIC_REPRESENTATION_CONTEXT() REPRESENTATION_CONTEXT('2D SPACE',''
  ) );
#859 = PCURVE('',#860,#865);
#860 = SPHERICAL_SURFACE('',#861,1.);
#861 = AXIS2_PLACEMENT_3D('',#862,#863,#864);
#862 = CARTESIAN_POINT('',(1.1,-25.4,-73.));
#863 = DIRECTION('',(0.,0.,1.));
#864 = DIRECTION('',(-1.,0.,0.));
#865 = DEFINITIONAL_REPRESENTATION('',(#866),#870);
#866 = LINE('',#867,#868);
#867 = CARTESIAN_POINT('',(-0.,0.));
#868 = VECTOR('',#869,1.);
#869 = DIRECTION('',(-1.,0.));
#870 = ( GEOMETRIC_REPRESENTATION_CONTEXT(2) 
PARAMETRIC_REPRESENTATION_CONTEXT() REPRESENTATION_CONTEXT('2D SPACE',''
  ) );
#871 = ORIENTED_EDGE('',*,*,#343,.T.);
#872 = ORIENTED_EDGE('',*,*,#873,.T.);
#873 = EDGE_CURVE('',#344,#818,#874,.T.);
#874 = SURFACE_CURVE('',#875,(#880,#886),.PCURVE_S1.);
#875 = CIRCLE('',#876,1.);
#876 = AXIS2_PLACEMENT_3D('',#877,#878,#879);
#877 = CARTESIAN_POINT('',(1.1,-25.4,2.5));
#878 = DIRECTION('',(0.,0.,1.));
#879 = DIRECTION('',(-1.,0.,0.));
#880 = PCURVE('',#359,#881);
#881 = DEFINITIONAL_REPRESENTATION('',(#882),#885);
#882 = B_SPLINE_CURVE_WITH_KNOTS('',1,(#883,#884),.UNSPECIFIED.,.F.,.F.,
  (2,2),(4.712388980385,6.28318530718),.PIECEWISE_BEZIER_KNOTS.);
#883 = CARTESIAN_POINT('',(-1.570796326795,76.5));
#884 = CARTESIAN_POINT('',(0.,76.5));
#885 = ( GEOMETRIC_REPRESENTATION_CONTEXT(2) 
PARAMETRIC_REPRESENTATION_CONTEXT() REPRESENTATION_CONTEXT('2D SPACE',''
  ) );
#886 = PCURVE('',#887,#892);
#887 = SPHERICAL_SURFACE('',#888,1.);
#888 = AXIS2_PLACEMENT_3D('',#889,#890,#891);
#889 = CARTESIAN_POINT('',(1.1,-25.4,2.5));
#890 = DIRECTION('',(-0.,-1.,-0.));
#891 = DIRECTION('',(-1.,0.,0.));
#892 = DEFINITIONAL_REPRESENTATION('',(#893),#896);
#893 = B_SPLINE_CURVE_WITH_KNOTS('',1,(#894,#895),.UNSPECIFIED.,.F.,.F.,
  (2,2),(4.712388980385,6.28318530718),.PIECEWISE_BEZIER_KNOTS.);
#894 = CARTESIAN_POINT('',(0.,-1.570796326795));
#895 = CARTESIAN_POINT('',(0.,0.));
#896 = ( GEOMETRIC_REPRESENTATION_CONTEXT(2) 
PARAMETRIC_REPRESENTATION_CONTEXT() REPRESENTATION_CONTEXT('2D SPACE',''
  ) );
#897 = ADVANCED_FACE('',(#898),#887,.T.);
#898 = FACE_BOUND('',#899,.F.);
#899 = EDGE_LOOP('',(#900,#901,#923));
#900 = ORIENTED_EDGE('',*,*,#873,.F.);
#901 = ORIENTED_EDGE('',*,*,#902,.T.);
#902 = EDGE_CURVE('',#344,#903,#905,.T.);
#903 = VERTEX_POINT('',#904);
#904 = CARTESIAN_POINT('',(1.1,-25.4,3.5));
#905 = SURFACE_CURVE('',#906,(#911,#917),.PCURVE_S1.);
#906 = CIRCLE('',#907,1.);
#907 = AXIS2_PLACEMENT_3D('',#908,#909,#910);
#908 = CARTESIAN_POINT('',(1.1,-25.4,2.5));
#909 = DIRECTION('',(1.,0.,6.123233995737E-17));
#910 = DIRECTION('',(-6.123233995737E-17,0.,1.));
#911 = PCURVE('',#887,#912);
#912 = DEFINITIONAL_REPRESENTATION('',(#913),#916);
#913 = B_SPLINE_CURVE_WITH_KNOTS('',1,(#914,#915),.UNSPECIFIED.,.F.,.F.,
  (2,2),(4.712388980385,6.28318530718),.PIECEWISE_BEZIER_KNOTS.);
#914 = CARTESIAN_POINT('',(-1.570796326795,-1.570796326795));
#915 = CARTESIAN_POINT('',(-1.570796326795,0.));
#916 = ( GEOMETRIC_REPRESENTATION_CONTEXT(2) 
PARAMETRIC_REPRESENTATION_CONTEXT() REPRESENTATION_CONTEXT('2D SPACE',''
  ) );
#917 = PCURVE('',#387,#918);
#918 = DEFINITIONAL_REPRESENTATION('',(#919),#922);
#919 = B_SPLINE_CURVE_WITH_KNOTS('',1,(#920,#921),.UNSPECIFIED.,.F.,.F.,
  (2,2),(4.712388980385,6.28318530718),.PIECEWISE_BEZIER_KNOTS.);
#920 = CARTESIAN_POINT('',(0.,1.));
#921 = CARTESIAN_POINT('',(1.570796326795,1.));
#922 = ( GEOMETRIC_REPRESENTATION_CONTEXT(2) 
PARAMETRIC_REPRESENTATION_CONTEXT() REPRESENTATION_CONTEXT('2D SPACE',''
  ) );
#923 = ORIENTED_EDGE('',*,*,#924,.F.);
#924 = EDGE_CURVE('',#818,#903,#925,.T.);
#925 = SURFACE_CURVE('',#926,(#931,#938),.PCURVE_S1.);
#926 = CIRCLE('',#927,1.);
#927 = AXIS2_PLACEMENT_3D('',#928,#929,#930);
#928 = CARTESIAN_POINT('',(1.1,-25.4,2.5));
#929 = DIRECTION('',(0.,1.,0.));
#930 = DIRECTION('',(-1.,0.,0.));
#931 = PCURVE('',#887,#932);
#932 = DEFINITIONAL_REPRESENTATION('',(#933),#937);
#933 = LINE('',#934,#935);
#934 = CARTESIAN_POINT('',(-0.,0.));
#935 = VECTOR('',#936,1.);
#936 = DIRECTION('',(-1.,0.));
#937 = ( GEOMETRIC_REPRESENTATION_CONTEXT(2) 
PARAMETRIC_REPRESENTATION_CONTEXT() REPRESENTATION_CONTEXT('2D SPACE',''
  ) );
#938 = PCURVE('',#939,#944);
#939 = CYLINDRICAL_SURFACE('',#940,1.);
#940 = AXIS2_PLACEMENT_3D('',#941,#942,#943);
#941 = CARTESIAN_POINT('',(1.1,-29.,2.5));
#942 = DIRECTION('',(0.,1.,0.));
#943 = DIRECTION('',(-1.,0.,0.));
#944 = DEFINITIONAL_REPRESENTATION('',(#945),#949);
#945 = LINE('',#946,#947);
#946 = CARTESIAN_POINT('',(0.,3.6));
#947 = VECTOR('',#948,1.);
#948 = DIRECTION('',(1.,0.));
#949 = ( GEOMETRIC_REPRESENTATION_CONTEXT(2) 
PARAMETRIC_REPRESENTATION_CONTEXT() REPRESENTATION_CONTEXT('2D SPACE',''
  ) );
#950 = ADVANCED_FACE('',(#951),#939,.T.);
#951 = FACE_BOUND('',#952,.T.);
#952 = EDGE_LOOP('',(#953,#982,#1008,#1009));
#953 = ORIENTED_EDGE('',*,*,#954,.F.);
#954 = EDGE_CURVE('',#955,#957,#959,.T.);
#955 = VERTEX_POINT('',#956);
#956 = CARTESIAN_POINT('',(1.1,-28.,3.5));
#957 = VERTEX_POINT('',#958);
#958 = CARTESIAN_POINT('',(1.E-01,-28.,2.5));
#959 = SURFACE_CURVE('',#960,(#965,#971),.PCURVE_S1.);
#960 = CIRCLE('',#961,1.);
#961 = AXIS2_PLACEMENT_3D('',#962,#963,#964);
#962 = CARTESIAN_POINT('',(1.1,-28.,2.5));
#963 = DIRECTION('',(0.,-1.,0.));
#964 = DIRECTION('',(-1.,0.,0.));
#965 = PCURVE('',#939,#966);
#966 = DEFINITIONAL_REPRESENTATION('',(#967),#970);
#967 = B_SPLINE_CURVE_WITH_KNOTS('',1,(#968,#969),.UNSPECIFIED.,.F.,.F.,
  (2,2),(4.712388980385,6.28318530718),.PIECEWISE_BEZIER_KNOTS.);
#968 = CARTESIAN_POINT('',(1.570796326795,1.));
#969 = CARTESIAN_POINT('',(0.,1.));
#970 = ( GEOMETRIC_REPRESENTATION_CONTEXT(2) 
PARAMETRIC_REPRESENTATION_CONTEXT() REPRESENTATION_CONTEXT('2D SPACE',''
  ) );
#971 = PCURVE('',#972,#977);
#972 = SPHERICAL_SURFACE('',#973,1.);
#973 = AXIS2_PLACEMENT_3D('',#974,#975,#976);
#974 = CARTESIAN_POINT('',(1.1,-28.,2.5));
#975 = DIRECTION('',(-0.,-0.,-1.));
#976 = DIRECTION('',(-1.,0.,0.));
#977 = DEFINITIONAL_REPRESENTATION('',(#978),#981);
#978 = B_SPLINE_CURVE_WITH_KNOTS('',1,(#979,#980),.UNSPECIFIED.,.F.,.F.,
  (2,2),(4.712388980385,6.28318530718),.PIECEWISE_BEZIER_KNOTS.);
#979 = CARTESIAN_POINT('',(0.,-1.570796326795));
#980 = CARTESIAN_POINT('',(0.,0.));
#981 = ( GEOMETRIC_REPRESENTATION_CONTEXT(2) 
PARAMETRIC_REPRESENTATION_CONTEXT() REPRESENTATION_CONTEXT('2D SPACE',''
  ) );
#982 = ORIENTED_EDGE('',*,*,#983,.T.);
#983 = EDGE_CURVE('',#955,#903,#984,.T.);
#984 = SURFACE_CURVE('',#985,(#989,#996),.PCURVE_S1.);
#985 = LINE('',#986,#987);
#986 = CARTESIAN_POINT('',(1.1,-29.,3.5));
#987 = VECTOR('',#988,1.);
#988 = DIRECTION('',(0.,1.,0.));
#989 = PCURVE('',#939,#990);
#990 = DEFINITIONAL_REPRESENTATION('',(#991),#995);
#991 = LINE('',#992,#993);
#992 = CARTESIAN_POINT('',(1.570796326795,0.));
#993 = VECTOR('',#994,1.);
#994 = DIRECTION('',(0.,1.));
#995 = ( GEOMETRIC_REPRESENTATION_CONTEXT(2) 
PARAMETRIC_REPRESENTATION_CONTEXT() REPRESENTATION_CONTEXT('2D SPACE',''
  ) );
#996 = PCURVE('',#997,#1002);
#997 = PLANE('',#998);
#998 = AXIS2_PLACEMENT_3D('',#999,#1000,#1001);
#999 = CARTESIAN_POINT('',(74.8,-29.,3.5));
#1000 = DIRECTION('',(0.,0.,1.));
#1001 = DIRECTION('',(1.,0.,0.));
#1002 = DEFINITIONAL_REPRESENTATION('',(#1003),#1007);
#1003 = LINE('',#1004,#1005);
#1004 = CARTESIAN_POINT('',(-73.7,0.));
#1005 = VECTOR('',#1006,1.);
#1006 = DIRECTION('',(0.,1.));
#1007 = ( GEOMETRIC_REPRESENTATION_CONTEXT(2) 
PARAMETRIC_REPRESENTATION_CONTEXT() REPRESENTATION_CONTEXT('2D SPACE',''
  ) );
#1008 = ORIENTED_EDGE('',*,*,#924,.F.);
#1009 = ORIENTED_EDGE('',*,*,#1010,.F.);
#1010 = EDGE_CURVE('',#957,#818,#1011,.T.);
#1011 = SURFACE_CURVE('',#1012,(#1016,#1023),.PCURVE_S1.);
#1012 = LINE('',#1013,#1014);
#1013 = CARTESIAN_POINT('',(1.E-01,-29.,2.5));
#1014 = VECTOR('',#1015,1.);
#1015 = DIRECTION('',(0.,1.,0.));
#1016 = PCURVE('',#939,#1017);
#1017 = DEFINITIONAL_REPRESENTATION('',(#1018),#1022);
#1018 = LINE('',#1019,#1020);
#1019 = CARTESIAN_POINT('',(0.,0.));
#1020 = VECTOR('',#1021,1.);
#1021 = DIRECTION('',(0.,1.));
#1022 = ( GEOMETRIC_REPRESENTATION_CONTEXT(2) 
PARAMETRIC_REPRESENTATION_CONTEXT() REPRESENTATION_CONTEXT('2D SPACE',''
  ) );
#1023 = PCURVE('',#833,#1024);
#1024 = DEFINITIONAL_REPRESENTATION('',(#1025),#1029);
#1025 = LINE('',#1026,#1027);
#1026 = CARTESIAN_POINT('',(76.5,0.));
#1027 = VECTOR('',#1028,1.);
#1028 = DIRECTION('',(0.,-1.));
#1029 = ( GEOMETRIC_REPRESENTATION_CONTEXT(2) 
PARAMETRIC_REPRESENTATION_CONTEXT() REPRESENTATION_CONTEXT('2D SPACE',''
  ) );
#1030 = ADVANCED_FACE('',(#1031,#1377,#1577),#997,.T.);
#1031 = FACE_BOUND('',#1032,.T.);
#1032 = EDGE_LOOP('',(#1033,#1063,#1090,#1118,#1145,#1173,#1201,#1229,
    #1256,#1279,#1306,#1334,#1355,#1356));
#1033 = ORIENTED_EDGE('',*,*,#1034,.T.);
#1034 = EDGE_CURVE('',#1035,#1037,#1039,.T.);
#1035 = VERTEX_POINT('',#1036);
#1036 = CARTESIAN_POINT('',(79.4,-28.,3.5));
#1037 = VERTEX_POINT('',#1038);
#1038 = CARTESIAN_POINT('',(79.4,-5.477225575052,3.5));
#1039 = SURFACE_CURVE('',#1040,(#1044,#1051),.PCURVE_S1.);
#1040 = LINE('',#1041,#1042);
#1041 = CARTESIAN_POINT('',(79.4,-28.,3.5));
#1042 = VECTOR('',#1043,1.);
#1043 = DIRECTION('',(0.,1.,0.));
#1044 = PCURVE('',#997,#1045);
#1045 = DEFINITIONAL_REPRESENTATION('',(#1046),#1050);
#1046 = LINE('',#1047,#1048);
#1047 = CARTESIAN_POINT('',(4.6,1.));
#1048 = VECTOR('',#1049,1.);
#1049 = DIRECTION('',(0.,1.));
#1050 = ( GEOMETRIC_REPRESENTATION_CONTEXT(2) 
PARAMETRIC_REPRESENTATION_CONTEXT() REPRESENTATION_CONTEXT('2D SPACE',''
  ) );
#1051 = PCURVE('',#1052,#1057);
#1052 = CYLINDRICAL_SURFACE('',#1053,1.);
#1053 = AXIS2_PLACEMENT_3D('',#1054,#1055,#1056);
#1054 = CARTESIAN_POINT('',(79.4,-29.,2.5));
#1055 = DIRECTION('',(0.,1.,0.));
#1056 = DIRECTION('',(1.,0.,-0.));
#1057 = DEFINITIONAL_REPRESENTATION('',(#1058),#1062);
#1058 = LINE('',#1059,#1060);
#1059 = CARTESIAN_POINT('',(-1.570796326795,1.));
#1060 = VECTOR('',#1061,1.);
#1061 = DIRECTION('',(-0.,1.));
#1062 = ( GEOMETRIC_REPRESENTATION_CONTEXT(2) 
PARAMETRIC_REPRESENTATION_CONTEXT() REPRESENTATION_CONTEXT('2D SPACE',''
  ) );
#1063 = ORIENTED_EDGE('',*,*,#1064,.T.);
#1064 = EDGE_CURVE('',#1037,#1065,#1067,.T.);
#1065 = VERTEX_POINT('',#1066);
#1066 = CARTESIAN_POINT('',(80.4,-5.477225575052,3.5));
#1067 = SURFACE_CURVE('',#1068,(#1072,#1079),.PCURVE_S1.);
#1068 = LINE('',#1069,#1070);
#1069 = CARTESIAN_POINT('',(74.8,-5.477225575052,3.5));
#1070 = VECTOR('',#1071,1.);
#1071 = DIRECTION('',(1.,0.,0.));
#1072 = PCURVE('',#997,#1073);
#1073 = DEFINITIONAL_REPRESENTATION('',(#1074),#1078);
#1074 = LINE('',#1075,#1076);
#1075 = CARTESIAN_POINT('',(0.,23.522774424948));
#1076 = VECTOR('',#1077,1.);
#1077 = DIRECTION('',(1.,0.));
#1078 = ( GEOMETRIC_REPRESENTATION_CONTEXT(2) 
PARAMETRIC_REPRESENTATION_CONTEXT() REPRESENTATION_CONTEXT('2D SPACE',''
  ) );
#1079 = PCURVE('',#1080,#1085);
#1080 = CYLINDRICAL_SURFACE('',#1081,6.5);
#1081 = AXIS2_PLACEMENT_3D('',#1082,#1083,#1084);
#1082 = CARTESIAN_POINT('',(74.8,0.,0.));
#1083 = DIRECTION('',(1.,0.,0.));
#1084 = DIRECTION('',(-0.,0.,1.));
#1085 = DEFINITIONAL_REPRESENTATION('',(#1086),#1089);
#1086 = B_SPLINE_CURVE_WITH_KNOTS('',1,(#1087,#1088),.UNSPECIFIED.,.F.,
  .F.,(2,2),(-6.000000070117E-07,5.6000006),.PIECEWISE_BEZIER_KNOTS.);
#1087 = CARTESIAN_POINT('',(1.002186026531,-6.000000070117E-07));
#1088 = CARTESIAN_POINT('',(1.002186026531,5.6000006));
#1089 = ( GEOMETRIC_REPRESENTATION_CONTEXT(2) 
PARAMETRIC_REPRESENTATION_CONTEXT() REPRESENTATION_CONTEXT('2D SPACE',''
  ) );
#1090 = ORIENTED_EDGE('',*,*,#1091,.T.);
#1091 = EDGE_CURVE('',#1065,#1092,#1094,.T.);
#1092 = VERTEX_POINT('',#1093);
#1093 = CARTESIAN_POINT('',(80.4,5.477225575052,3.5));
#1094 = SURFACE_CURVE('',#1095,(#1099,#1106),.PCURVE_S1.);
#1095 = LINE('',#1096,#1097);
#1096 = CARTESIAN_POINT('',(80.4,-10.,3.5));
#1097 = VECTOR('',#1098,1.);
#1098 = DIRECTION('',(-0.,1.,0.));
#1099 = PCURVE('',#997,#1100);
#1100 = DEFINITIONAL_REPRESENTATION('',(#1101),#1105);
#1101 = LINE('',#1102,#1103);
#1102 = CARTESIAN_POINT('',(5.6,19.));
#1103 = VECTOR('',#1104,1.);
#1104 = DIRECTION('',(0.,1.));
#1105 = ( GEOMETRIC_REPRESENTATION_CONTEXT(2) 
PARAMETRIC_REPRESENTATION_CONTEXT() REPRESENTATION_CONTEXT('2D SPACE',''
  ) );
#1106 = PCURVE('',#1107,#1112);
#1107 = PLANE('',#1108);
#1108 = AXIS2_PLACEMENT_3D('',#1109,#1110,#1111);
#1109 = CARTESIAN_POINT('',(80.4,0.,0.));
#1110 = DIRECTION('',(1.,0.,0.));
#1111 = DIRECTION('',(-0.,0.,1.));
#1112 = DEFINITIONAL_REPRESENTATION('',(#1113),#1117);
#1113 = LINE('',#1114,#1115);
#1114 = CARTESIAN_POINT('',(3.5,10.));
#1115 = VECTOR('',#1116,1.);
#1116 = DIRECTION('',(0.,-1.));
#1117 = ( GEOMETRIC_REPRESENTATION_CONTEXT(2) 
PARAMETRIC_REPRESENTATION_CONTEXT() REPRESENTATION_CONTEXT('2D SPACE',''
  ) );
#1118 = ORIENTED_EDGE('',*,*,#1119,.F.);
#1119 = EDGE_CURVE('',#1120,#1092,#1122,.T.);
#1120 = VERTEX_POINT('',#1121);
#1121 = CARTESIAN_POINT('',(79.4,5.477225575052,3.5));
#1122 = SURFACE_CURVE('',#1123,(#1127,#1134),.PCURVE_S1.);
#1123 = LINE('',#1124,#1125);
#1124 = CARTESIAN_POINT('',(74.8,5.477225575052,3.5));
#1125 = VECTOR('',#1126,1.);
#1126 = DIRECTION('',(1.,0.,0.));
#1127 = PCURVE('',#997,#1128);
#1128 = DEFINITIONAL_REPRESENTATION('',(#1129),#1133);
#1129 = LINE('',#1130,#1131);
#1130 = CARTESIAN_POINT('',(0.,34.477225575052));
#1131 = VECTOR('',#1132,1.);
#1132 = DIRECTION('',(1.,0.));
#1133 = ( GEOMETRIC_REPRESENTATION_CONTEXT(2) 
PARAMETRIC_REPRESENTATION_CONTEXT() REPRESENTATION_CONTEXT('2D SPACE',''
  ) );
#1134 = PCURVE('',#1135,#1140);
#1135 = CYLINDRICAL_SURFACE('',#1136,6.5);
#1136 = AXIS2_PLACEMENT_3D('',#1137,#1138,#1139);
#1137 = CARTESIAN_POINT('',(74.8,0.,0.));
#1138 = DIRECTION('',(1.,0.,0.));
#1139 = DIRECTION('',(-0.,0.,1.));
#1140 = DEFINITIONAL_REPRESENTATION('',(#1141),#1144);
#1141 = B_SPLINE_CURVE_WITH_KNOTS('',1,(#1142,#1143),.UNSPECIFIED.,.F.,
  .F.,(2,2),(-6.000000070117E-07,5.6000006),.PIECEWISE_BEZIER_KNOTS.);
#1142 = CARTESIAN_POINT('',(5.280999280649,-6.000000070117E-07));
#1143 = CARTESIAN_POINT('',(5.280999280649,5.6000006));
#1144 = ( GEOMETRIC_REPRESENTATION_CONTEXT(2) 
PARAMETRIC_REPRESENTATION_CONTEXT() REPRESENTATION_CONTEXT('2D SPACE',''
  ) );
#1145 = ORIENTED_EDGE('',*,*,#1146,.T.);
#1146 = EDGE_CURVE('',#1120,#1147,#1149,.T.);
#1147 = VERTEX_POINT('',#1148);
#1148 = CARTESIAN_POINT('',(79.4,24.7,3.5));
#1149 = SURFACE_CURVE('',#1150,(#1154,#1161),.PCURVE_S1.);
#1150 = LINE('',#1151,#1152);
#1151 = CARTESIAN_POINT('',(79.4,5.477225575052,3.5));
#1152 = VECTOR('',#1153,1.);
#1153 = DIRECTION('',(0.,1.,0.));
#1154 = PCURVE('',#997,#1155);
#1155 = DEFINITIONAL_REPRESENTATION('',(#1156),#1160);
#1156 = LINE('',#1157,#1158);
#1157 = CARTESIAN_POINT('',(4.6,34.477225575052));
#1158 = VECTOR('',#1159,1.);
#1159 = DIRECTION('',(0.,1.));
#1160 = ( GEOMETRIC_REPRESENTATION_CONTEXT(2) 
PARAMETRIC_REPRESENTATION_CONTEXT() REPRESENTATION_CONTEXT('2D SPACE',''
  ) );
#1161 = PCURVE('',#1162,#1167);
#1162 = CYLINDRICAL_SURFACE('',#1163,1.);
#1163 = AXIS2_PLACEMENT_3D('',#1164,#1165,#1166);
#1164 = CARTESIAN_POINT('',(79.4,-29.,2.5));
#1165 = DIRECTION('',(0.,1.,0.));
#1166 = DIRECTION('',(1.,0.,-0.));
#1167 = DEFINITIONAL_REPRESENTATION('',(#1168),#1172);
#1168 = LINE('',#1169,#1170);
#1169 = CARTESIAN_POINT('',(-1.570796326795,34.477225575052));
#1170 = VECTOR('',#1171,1.);
#1171 = DIRECTION('',(-0.,1.));
#1172 = ( GEOMETRIC_REPRESENTATION_CONTEXT(2) 
PARAMETRIC_REPRESENTATION_CONTEXT() REPRESENTATION_CONTEXT('2D SPACE',''
  ) );
#1173 = ORIENTED_EDGE('',*,*,#1174,.T.);
#1174 = EDGE_CURVE('',#1147,#1175,#1177,.T.);
#1175 = VERTEX_POINT('',#1176);
#1176 = CARTESIAN_POINT('',(15.6,24.7,3.5));
#1177 = SURFACE_CURVE('',#1178,(#1182,#1189),.PCURVE_S1.);
#1178 = LINE('',#1179,#1180);
#1179 = CARTESIAN_POINT('',(79.4,24.7,3.5));
#1180 = VECTOR('',#1181,1.);
#1181 = DIRECTION('',(-1.,0.,0.));
#1182 = PCURVE('',#997,#1183);
#1183 = DEFINITIONAL_REPRESENTATION('',(#1184),#1188);
#1184 = LINE('',#1185,#1186);
#1185 = CARTESIAN_POINT('',(4.6,53.7));
#1186 = VECTOR('',#1187,1.);
#1187 = DIRECTION('',(-1.,0.));
#1188 = ( GEOMETRIC_REPRESENTATION_CONTEXT(2) 
PARAMETRIC_REPRESENTATION_CONTEXT() REPRESENTATION_CONTEXT('2D SPACE',''
  ) );
#1189 = PCURVE('',#1190,#1195);
#1190 = CYLINDRICAL_SURFACE('',#1191,1.);
#1191 = AXIS2_PLACEMENT_3D('',#1192,#1193,#1194);
#1192 = CARTESIAN_POINT('',(74.8,24.7,2.5));
#1193 = DIRECTION('',(1.,0.,0.));
#1194 = DIRECTION('',(-0.,1.,0.));
#1195 = DEFINITIONAL_REPRESENTATION('',(#1196),#1200);
#1196 = LINE('',#1197,#1198);
#1197 = CARTESIAN_POINT('',(1.570796326795,4.6));
#1198 = VECTOR('',#1199,1.);
#1199 = DIRECTION('',(-0.,-1.));
#1200 = ( GEOMETRIC_REPRESENTATION_CONTEXT(2) 
PARAMETRIC_REPRESENTATION_CONTEXT() REPRESENTATION_CONTEXT('2D SPACE',''
  ) );
#1201 = ORIENTED_EDGE('',*,*,#1202,.T.);
#1202 = EDGE_CURVE('',#1175,#1203,#1205,.T.);
#1203 = VERTEX_POINT('',#1204);
#1204 = CARTESIAN_POINT('',(15.6,5.477225575052,3.5));
#1205 = SURFACE_CURVE('',#1206,(#1210,#1217),.PCURVE_S1.);
#1206 = LINE('',#1207,#1208);
#1207 = CARTESIAN_POINT('',(15.6,24.7,3.5));
#1208 = VECTOR('',#1209,1.);
#1209 = DIRECTION('',(0.,-1.,0.));
#1210 = PCURVE('',#997,#1211);
#1211 = DEFINITIONAL_REPRESENTATION('',(#1212),#1216);
#1212 = LINE('',#1213,#1214);
#1213 = CARTESIAN_POINT('',(-59.2,53.7));
#1214 = VECTOR('',#1215,1.);
#1215 = DIRECTION('',(0.,-1.));
#1216 = ( GEOMETRIC_REPRESENTATION_CONTEXT(2) 
PARAMETRIC_REPRESENTATION_CONTEXT() REPRESENTATION_CONTEXT('2D SPACE',''
  ) );
#1217 = PCURVE('',#1218,#1223);
#1218 = CYLINDRICAL_SURFACE('',#1219,1.);
#1219 = AXIS2_PLACEMENT_3D('',#1220,#1221,#1222);
#1220 = CARTESIAN_POINT('',(15.6,-29.,2.5));
#1221 = DIRECTION('',(0.,1.,0.));
#1222 = DIRECTION('',(-1.,0.,0.));
#1223 = DEFINITIONAL_REPRESENTATION('',(#1224),#1228);
#1224 = LINE('',#1225,#1226);
#1225 = CARTESIAN_POINT('',(1.570796326795,53.7));
#1226 = VECTOR('',#1227,1.);
#1227 = DIRECTION('',(-0.,-1.));
#1228 = ( GEOMETRIC_REPRESENTATION_CONTEXT(2) 
PARAMETRIC_REPRESENTATION_CONTEXT() REPRESENTATION_CONTEXT('2D SPACE',''
  ) );
#1229 = ORIENTED_EDGE('',*,*,#1230,.F.);
#1230 = EDGE_CURVE('',#1231,#1203,#1233,.T.);
#1231 = VERTEX_POINT('',#1232);
#1232 = CARTESIAN_POINT('',(14.6,5.477225575052,3.5));
#1233 = SURFACE_CURVE('',#1234,(#1238,#1245),.PCURVE_S1.);
#1234 = LINE('',#1235,#1236);
#1235 = CARTESIAN_POINT('',(14.6,5.477225575052,3.5));
#1236 = VECTOR('',#1237,1.);
#1237 = DIRECTION('',(1.,0.,0.));
#1238 = PCURVE('',#997,#1239);
#1239 = DEFINITIONAL_REPRESENTATION('',(#1240),#1244);
#1240 = LINE('',#1241,#1242);
#1241 = CARTESIAN_POINT('',(-60.2,34.477225575052));
#1242 = VECTOR('',#1243,1.);
#1243 = DIRECTION('',(1.,0.));
#1244 = ( GEOMETRIC_REPRESENTATION_CONTEXT(2) 
PARAMETRIC_REPRESENTATION_CONTEXT() REPRESENTATION_CONTEXT('2D SPACE',''
  ) );
#1245 = PCURVE('',#1246,#1251);
#1246 = CYLINDRICAL_SURFACE('',#1247,6.5);
#1247 = AXIS2_PLACEMENT_3D('',#1248,#1249,#1250);
#1248 = CARTESIAN_POINT('',(14.6,0.,0.));
#1249 = DIRECTION('',(1.,0.,0.));
#1250 = DIRECTION('',(-0.,0.,1.));
#1251 = DEFINITIONAL_REPRESENTATION('',(#1252),#1255);
#1252 = B_SPLINE_CURVE_WITH_KNOTS('',1,(#1253,#1254),.UNSPECIFIED.,.F.,
  .F.,(2,2),(-5.999999999062E-07,5.6000006),.PIECEWISE_BEZIER_KNOTS.);
#1253 = CARTESIAN_POINT('',(5.280999280649,-5.999999999062E-07));
#1254 = CARTESIAN_POINT('',(5.280999280649,5.6000006));
#1255 = ( GEOMETRIC_REPRESENTATION_CONTEXT(2) 
PARAMETRIC_REPRESENTATION_CONTEXT() REPRESENTATION_CONTEXT('2D SPACE',''
  ) );
#1256 = ORIENTED_EDGE('',*,*,#1257,.F.);
#1257 = EDGE_CURVE('',#1258,#1231,#1260,.T.);
#1258 = VERTEX_POINT('',#1259);
#1259 = CARTESIAN_POINT('',(14.6,-5.477225575052,3.5));
#1260 = SURFACE_CURVE('',#1261,(#1265,#1272),.PCURVE_S1.);
#1261 = LINE('',#1262,#1263);
#1262 = CARTESIAN_POINT('',(14.6,-10.,3.5));
#1263 = VECTOR('',#1264,1.);
#1264 = DIRECTION('',(-0.,1.,0.));
#1265 = PCURVE('',#997,#1266);
#1266 = DEFINITIONAL_REPRESENTATION('',(#1267),#1271);
#1267 = LINE('',#1268,#1269);
#1268 = CARTESIAN_POINT('',(-60.2,19.));
#1269 = VECTOR('',#1270,1.);
#1270 = DIRECTION('',(0.,1.));
#1271 = ( GEOMETRIC_REPRESENTATION_CONTEXT(2) 
PARAMETRIC_REPRESENTATION_CONTEXT() REPRESENTATION_CONTEXT('2D SPACE',''
  ) );
#1272 = PCURVE('',#414,#1273);
#1273 = DEFINITIONAL_REPRESENTATION('',(#1274),#1278);
#1274 = LINE('',#1275,#1276);
#1275 = CARTESIAN_POINT('',(8.5,-19.));
#1276 = VECTOR('',#1277,1.);
#1277 = DIRECTION('',(0.,-1.));
#1278 = ( GEOMETRIC_REPRESENTATION_CONTEXT(2) 
PARAMETRIC_REPRESENTATION_CONTEXT() REPRESENTATION_CONTEXT('2D SPACE',''
  ) );
#1279 = ORIENTED_EDGE('',*,*,#1280,.T.);
#1280 = EDGE_CURVE('',#1258,#1281,#1283,.T.);
#1281 = VERTEX_POINT('',#1282);
#1282 = CARTESIAN_POINT('',(15.6,-5.477225575052,3.5));
#1283 = SURFACE_CURVE('',#1284,(#1288,#1295),.PCURVE_S1.);
#1284 = LINE('',#1285,#1286);
#1285 = CARTESIAN_POINT('',(14.6,-5.477225575052,3.5));
#1286 = VECTOR('',#1287,1.);
#1287 = DIRECTION('',(1.,0.,0.));
#1288 = PCURVE('',#997,#1289);
#1289 = DEFINITIONAL_REPRESENTATION('',(#1290),#1294);
#1290 = LINE('',#1291,#1292);
#1291 = CARTESIAN_POINT('',(-60.2,23.522774424948));
#1292 = VECTOR('',#1293,1.);
#1293 = DIRECTION('',(1.,0.));
#1294 = ( GEOMETRIC_REPRESENTATION_CONTEXT(2) 
PARAMETRIC_REPRESENTATION_CONTEXT() REPRESENTATION_CONTEXT('2D SPACE',''
  ) );
#1295 = PCURVE('',#1296,#1301);
#1296 = CYLINDRICAL_SURFACE('',#1297,6.5);
#1297 = AXIS2_PLACEMENT_3D('',#1298,#1299,#1300);
#1298 = CARTESIAN_POINT('',(14.6,0.,0.));
#1299 = DIRECTION('',(1.,0.,0.));
#1300 = DIRECTION('',(-0.,0.,1.));
#1301 = DEFINITIONAL_REPRESENTATION('',(#1302),#1305);
#1302 = B_SPLINE_CURVE_WITH_KNOTS('',1,(#1303,#1304),.UNSPECIFIED.,.F.,
  .F.,(2,2),(-5.999999999062E-07,5.6000006),.PIECEWISE_BEZIER_KNOTS.);
#1303 = CARTESIAN_POINT('',(1.002186026531,-5.999999999062E-07));
#1304 = CARTESIAN_POINT('',(1.002186026531,5.6000006));
#1305 = ( GEOMETRIC_REPRESENTATION_CONTEXT(2) 
PARAMETRIC_REPRESENTATION_CONTEXT() REPRESENTATION_CONTEXT('2D SPACE',''
  ) );
#1306 = ORIENTED_EDGE('',*,*,#1307,.T.);
#1307 = EDGE_CURVE('',#1281,#1308,#1310,.T.);
#1308 = VERTEX_POINT('',#1309);
#1309 = CARTESIAN_POINT('',(15.6,-25.4,3.5));
#1310 = SURFACE_CURVE('',#1311,(#1315,#1322),.PCURVE_S1.);
#1311 = LINE('',#1312,#1313);
#1312 = CARTESIAN_POINT('',(15.6,-5.477225575052,3.5));
#1313 = VECTOR('',#1314,1.);
#1314 = DIRECTION('',(0.,-1.,0.));
#1315 = PCURVE('',#997,#1316);
#1316 = DEFINITIONAL_REPRESENTATION('',(#1317),#1321);
#1317 = LINE('',#1318,#1319);
#1318 = CARTESIAN_POINT('',(-59.2,23.522774424948));
#1319 = VECTOR('',#1320,1.);
#1320 = DIRECTION('',(0.,-1.));
#1321 = ( GEOMETRIC_REPRESENTATION_CONTEXT(2) 
PARAMETRIC_REPRESENTATION_CONTEXT() REPRESENTATION_CONTEXT('2D SPACE',''
  ) );
#1322 = PCURVE('',#1323,#1328);
#1323 = CYLINDRICAL_SURFACE('',#1324,1.);
#1324 = AXIS2_PLACEMENT_3D('',#1325,#1326,#1327);
#1325 = CARTESIAN_POINT('',(15.6,-29.,2.5));
#1326 = DIRECTION('',(0.,1.,0.));
#1327 = DIRECTION('',(-1.,0.,0.));
#1328 = DEFINITIONAL_REPRESENTATION('',(#1329),#1333);
#1329 = LINE('',#1330,#1331);
#1330 = CARTESIAN_POINT('',(1.570796326795,23.522774424948));
#1331 = VECTOR('',#1332,1.);
#1332 = DIRECTION('',(-0.,-1.));
#1333 = ( GEOMETRIC_REPRESENTATION_CONTEXT(2) 
PARAMETRIC_REPRESENTATION_CONTEXT() REPRESENTATION_CONTEXT('2D SPACE',''
  ) );
#1334 = ORIENTED_EDGE('',*,*,#1335,.F.);
#1335 = EDGE_CURVE('',#903,#1308,#1336,.T.);
#1336 = SURFACE_CURVE('',#1337,(#1341,#1348),.PCURVE_S1.);
#1337 = LINE('',#1338,#1339);
#1338 = CARTESIAN_POINT('',(0.1,-25.4,3.5));
#1339 = VECTOR('',#1340,1.);
#1340 = DIRECTION('',(1.,0.,0.));
#1341 = PCURVE('',#997,#1342);
#1342 = DEFINITIONAL_REPRESENTATION('',(#1343),#1347);
#1343 = LINE('',#1344,#1345);
#1344 = CARTESIAN_POINT('',(-74.7,3.6));
#1345 = VECTOR('',#1346,1.);
#1346 = DIRECTION('',(1.,0.));
#1347 = ( GEOMETRIC_REPRESENTATION_CONTEXT(2) 
PARAMETRIC_REPRESENTATION_CONTEXT() REPRESENTATION_CONTEXT('2D SPACE',''
  ) );
#1348 = PCURVE('',#387,#1349);
#1349 = DEFINITIONAL_REPRESENTATION('',(#1350),#1354);
#1350 = LINE('',#1351,#1352);
#1351 = CARTESIAN_POINT('',(1.570796326795,0.));
#1352 = VECTOR('',#1353,1.);
#1353 = DIRECTION('',(0.,1.));
#1354 = ( GEOMETRIC_REPRESENTATION_CONTEXT(2) 
PARAMETRIC_REPRESENTATION_CONTEXT() REPRESENTATION_CONTEXT('2D SPACE',''
  ) );
#1355 = ORIENTED_EDGE('',*,*,#983,.F.);
#1356 = ORIENTED_EDGE('',*,*,#1357,.F.);
#1357 = EDGE_CURVE('',#1035,#955,#1358,.T.);
#1358 = SURFACE_CURVE('',#1359,(#1363,#1370),.PCURVE_S1.);
#1359 = LINE('',#1360,#1361);
#1360 = CARTESIAN_POINT('',(79.4,-28.,3.5));
#1361 = VECTOR('',#1362,1.);
#1362 = DIRECTION('',(-1.,0.,0.));
#1363 = PCURVE('',#997,#1364);
#1364 = DEFINITIONAL_REPRESENTATION('',(#1365),#1369);
#1365 = LINE('',#1366,#1367);
#1366 = CARTESIAN_POINT('',(4.6,1.));
#1367 = VECTOR('',#1368,1.);
#1368 = DIRECTION('',(-1.,0.));
#1369 = ( GEOMETRIC_REPRESENTATION_CONTEXT(2) 
PARAMETRIC_REPRESENTATION_CONTEXT() REPRESENTATION_CONTEXT('2D SPACE',''
  ) );
#1370 = PCURVE('',#44,#1371);
#1371 = DEFINITIONAL_REPRESENTATION('',(#1372),#1376);
#1372 = LINE('',#1373,#1374);
#1373 = CARTESIAN_POINT('',(-1.570796326795,4.6));
#1374 = VECTOR('',#1375,1.);
#1375 = DIRECTION('',(-0.,-1.));
#1376 = ( GEOMETRIC_REPRESENTATION_CONTEXT(2) 
PARAMETRIC_REPRESENTATION_CONTEXT() REPRESENTATION_CONTEXT('2D SPACE',''
  ) );
#1377 = FACE_BOUND('',#1378,.T.);
#1378 = EDGE_LOOP('',(#1379,#1404,#1432,#1460,#1488,#1511,#1532,#1558));
#1379 = ORIENTED_EDGE('',*,*,#1380,.F.);
#1380 = EDGE_CURVE('',#1381,#1383,#1385,.T.);
#1381 = VERTEX_POINT('',#1382);
#1382 = CARTESIAN_POINT('',(19.2,-25.4,3.5));
#1383 = VERTEX_POINT('',#1384);
#1384 = CARTESIAN_POINT('',(44.984826049753,-25.4,3.5));
#1385 = SURFACE_CURVE('',#1386,(#1390,#1397),.PCURVE_S1.);
#1386 = LINE('',#1387,#1388);
#1387 = CARTESIAN_POINT('',(0.1,-25.4,3.5));
#1388 = VECTOR('',#1389,1.);
#1389 = DIRECTION('',(1.,0.,0.));
#1390 = PCURVE('',#997,#1391);
#1391 = DEFINITIONAL_REPRESENTATION('',(#1392),#1396);
#1392 = LINE('',#1393,#1394);
#1393 = CARTESIAN_POINT('',(-74.7,3.6));
#1394 = VECTOR('',#1395,1.);
#1395 = DIRECTION('',(1.,0.));
#1396 = ( GEOMETRIC_REPRESENTATION_CONTEXT(2) 
PARAMETRIC_REPRESENTATION_CONTEXT() REPRESENTATION_CONTEXT('2D SPACE',''
  ) );
#1397 = PCURVE('',#552,#1398);
#1398 = DEFINITIONAL_REPRESENTATION('',(#1399),#1403);
#1399 = LINE('',#1400,#1401);
#1400 = CARTESIAN_POINT('',(1.570796326795,0.));
#1401 = VECTOR('',#1402,1.);
#1402 = DIRECTION('',(0.,1.));
#1403 = ( GEOMETRIC_REPRESENTATION_CONTEXT(2) 
PARAMETRIC_REPRESENTATION_CONTEXT() REPRESENTATION_CONTEXT('2D SPACE',''
  ) );
#1404 = ORIENTED_EDGE('',*,*,#1405,.T.);
#1405 = EDGE_CURVE('',#1381,#1406,#1408,.T.);
#1406 = VERTEX_POINT('',#1407);
#1407 = CARTESIAN_POINT('',(19.2,-22.3,3.5));
#1408 = SURFACE_CURVE('',#1409,(#1413,#1420),.PCURVE_S1.);
#1409 = LINE('',#1410,#1411);
#1410 = CARTESIAN_POINT('',(19.2,-29.,3.5));
#1411 = VECTOR('',#1412,1.);
#1412 = DIRECTION('',(0.,1.,0.));
#1413 = PCURVE('',#997,#1414);
#1414 = DEFINITIONAL_REPRESENTATION('',(#1415),#1419);
#1415 = LINE('',#1416,#1417);
#1416 = CARTESIAN_POINT('',(-55.6,0.));
#1417 = VECTOR('',#1418,1.);
#1418 = DIRECTION('',(0.,1.));
#1419 = ( GEOMETRIC_REPRESENTATION_CONTEXT(2) 
PARAMETRIC_REPRESENTATION_CONTEXT() REPRESENTATION_CONTEXT('2D SPACE',''
  ) );
#1420 = PCURVE('',#1421,#1426);
#1421 = CYLINDRICAL_SURFACE('',#1422,1.);
#1422 = AXIS2_PLACEMENT_3D('',#1423,#1424,#1425);
#1423 = CARTESIAN_POINT('',(19.2,-29.,2.5));
#1424 = DIRECTION('',(0.,1.,0.));
#1425 = DIRECTION('',(1.,0.,-0.));
#1426 = DEFINITIONAL_REPRESENTATION('',(#1427),#1431);
#1427 = LINE('',#1428,#1429);
#1428 = CARTESIAN_POINT('',(-1.570796326795,0.));
#1429 = VECTOR('',#1430,1.);
#1430 = DIRECTION('',(-0.,1.));
#1431 = ( GEOMETRIC_REPRESENTATION_CONTEXT(2) 
PARAMETRIC_REPRESENTATION_CONTEXT() REPRESENTATION_CONTEXT('2D SPACE',''
  ) );
#1432 = ORIENTED_EDGE('',*,*,#1433,.T.);
#1433 = EDGE_CURVE('',#1406,#1434,#1436,.T.);
#1434 = VERTEX_POINT('',#1435);
#1435 = CARTESIAN_POINT('',(75.8,-22.3,3.5));
#1436 = SURFACE_CURVE('',#1437,(#1441,#1448),.PCURVE_S1.);
#1437 = LINE('',#1438,#1439);
#1438 = CARTESIAN_POINT('',(14.6,-22.3,3.5));
#1439 = VECTOR('',#1440,1.);
#1440 = DIRECTION('',(1.,0.,0.));
#1441 = PCURVE('',#997,#1442);
#1442 = DEFINITIONAL_REPRESENTATION('',(#1443),#1447);
#1443 = LINE('',#1444,#1445);
#1444 = CARTESIAN_POINT('',(-60.2,6.7));
#1445 = VECTOR('',#1446,1.);
#1446 = DIRECTION('',(1.,0.));
#1447 = ( GEOMETRIC_REPRESENTATION_CONTEXT(2) 
PARAMETRIC_REPRESENTATION_CONTEXT() REPRESENTATION_CONTEXT('2D SPACE',''
  ) );
#1448 = PCURVE('',#1449,#1454);
#1449 = CYLINDRICAL_SURFACE('',#1450,1.);
#1450 = AXIS2_PLACEMENT_3D('',#1451,#1452,#1453);
#1451 = CARTESIAN_POINT('',(14.6,-22.3,2.5));
#1452 = DIRECTION('',(1.,0.,0.));
#1453 = DIRECTION('',(0.,-1.,0.));
#1454 = DEFINITIONAL_REPRESENTATION('',(#1455),#1459);
#1455 = LINE('',#1456,#1457);
#1456 = CARTESIAN_POINT('',(-1.570796326795,0.));
#1457 = VECTOR('',#1458,1.);
#1458 = DIRECTION('',(-0.,1.));
#1459 = ( GEOMETRIC_REPRESENTATION_CONTEXT(2) 
PARAMETRIC_REPRESENTATION_CONTEXT() REPRESENTATION_CONTEXT('2D SPACE',''
  ) );
#1460 = ORIENTED_EDGE('',*,*,#1461,.F.);
#1461 = EDGE_CURVE('',#1462,#1434,#1464,.T.);
#1462 = VERTEX_POINT('',#1463);
#1463 = CARTESIAN_POINT('',(75.8,-25.4,3.5));
#1464 = SURFACE_CURVE('',#1465,(#1469,#1476),.PCURVE_S1.);
#1465 = LINE('',#1466,#1467);
#1466 = CARTESIAN_POINT('',(75.8,-29.,3.5));
#1467 = VECTOR('',#1468,1.);
#1468 = DIRECTION('',(0.,1.,0.));
#1469 = PCURVE('',#997,#1470);
#1470 = DEFINITIONAL_REPRESENTATION('',(#1471),#1475);
#1471 = LINE('',#1472,#1473);
#1472 = CARTESIAN_POINT('',(1.,0.));
#1473 = VECTOR('',#1474,1.);
#1474 = DIRECTION('',(0.,1.));
#1475 = ( GEOMETRIC_REPRESENTATION_CONTEXT(2) 
PARAMETRIC_REPRESENTATION_CONTEXT() REPRESENTATION_CONTEXT('2D SPACE',''
  ) );
#1476 = PCURVE('',#1477,#1482);
#1477 = CYLINDRICAL_SURFACE('',#1478,1.);
#1478 = AXIS2_PLACEMENT_3D('',#1479,#1480,#1481);
#1479 = CARTESIAN_POINT('',(75.8,-29.,2.5));
#1480 = DIRECTION('',(0.,1.,0.));
#1481 = DIRECTION('',(-1.,0.,0.));
#1482 = DEFINITIONAL_REPRESENTATION('',(#1483),#1487);
#1483 = LINE('',#1484,#1485);
#1484 = CARTESIAN_POINT('',(1.570796326795,0.));
#1485 = VECTOR('',#1486,1.);
#1486 = DIRECTION('',(0.,1.));
#1487 = ( GEOMETRIC_REPRESENTATION_CONTEXT(2) 
PARAMETRIC_REPRESENTATION_CONTEXT() REPRESENTATION_CONTEXT('2D SPACE',''
  ) );
#1488 = ORIENTED_EDGE('',*,*,#1489,.F.);
#1489 = EDGE_CURVE('',#1490,#1462,#1492,.T.);
#1490 = VERTEX_POINT('',#1491);
#1491 = CARTESIAN_POINT('',(50.015173950247,-25.4,3.5));
#1492 = SURFACE_CURVE('',#1493,(#1497,#1504),.PCURVE_S1.);
#1493 = LINE('',#1494,#1495);
#1494 = CARTESIAN_POINT('',(0.1,-25.4,3.5));
#1495 = VECTOR('',#1496,1.);
#1496 = DIRECTION('',(1.,0.,0.));
#1497 = PCURVE('',#997,#1498);
#1498 = DEFINITIONAL_REPRESENTATION('',(#1499),#1503);
#1499 = LINE('',#1500,#1501);
#1500 = CARTESIAN_POINT('',(-74.7,3.6));
#1501 = VECTOR('',#1502,1.);
#1502 = DIRECTION('',(1.,0.));
#1503 = ( GEOMETRIC_REPRESENTATION_CONTEXT(2) 
PARAMETRIC_REPRESENTATION_CONTEXT() REPRESENTATION_CONTEXT('2D SPACE',''
  ) );
#1504 = PCURVE('',#609,#1505);
#1505 = DEFINITIONAL_REPRESENTATION('',(#1506),#1510);
#1506 = LINE('',#1507,#1508);
#1507 = CARTESIAN_POINT('',(1.570796326795,0.));
#1508 = VECTOR('',#1509,1.);
#1509 = DIRECTION('',(0.,1.));
#1510 = ( GEOMETRIC_REPRESENTATION_CONTEXT(2) 
PARAMETRIC_REPRESENTATION_CONTEXT() REPRESENTATION_CONTEXT('2D SPACE',''
  ) );
#1511 = ORIENTED_EDGE('',*,*,#1512,.F.);
#1512 = EDGE_CURVE('',#1513,#1490,#1515,.T.);
#1513 = VERTEX_POINT('',#1514);
#1514 = CARTESIAN_POINT('',(50.015173950247,-26.3,3.5));
#1515 = SURFACE_CURVE('',#1516,(#1520,#1526),.PCURVE_S1.);
#1516 = LINE('',#1517,#1518);
#1517 = CARTESIAN_POINT('',(50.015173950247,-26.3,3.5));
#1518 = VECTOR('',#1519,1.);
#1519 = DIRECTION('',(0.,1.,0.));
#1520 = PCURVE('',#997,#1521);
#1521 = DEFINITIONAL_REPRESENTATION('',(#1522),#1525);
#1522 = B_SPLINE_CURVE_WITH_KNOTS('',1,(#1523,#1524),.UNSPECIFIED.,.F.,
  .F.,(2,2),(-5.999999999062E-07,3.0000006),.PIECEWISE_BEZIER_KNOTS.);
#1523 = CARTESIAN_POINT('',(-24.78482604975,2.6999994));
#1524 = CARTESIAN_POINT('',(-24.78482604975,5.7000006));
#1525 = ( GEOMETRIC_REPRESENTATION_CONTEXT(2) 
PARAMETRIC_REPRESENTATION_CONTEXT() REPRESENTATION_CONTEXT('2D SPACE',''
  ) );
#1526 = PCURVE('',#581,#1527);
#1527 = DEFINITIONAL_REPRESENTATION('',(#1528),#1531);
#1528 = B_SPLINE_CURVE_WITH_KNOTS('',1,(#1529,#1530),.UNSPECIFIED.,.F.,
  .F.,(2,2),(-5.999999999062E-07,3.0000006),.PIECEWISE_BEZIER_KNOTS.);
#1529 = CARTESIAN_POINT('',(0.62311435097,-5.999999999062E-07));
#1530 = CARTESIAN_POINT('',(0.62311435097,3.0000006));
#1531 = ( GEOMETRIC_REPRESENTATION_CONTEXT(2) 
PARAMETRIC_REPRESENTATION_CONTEXT() REPRESENTATION_CONTEXT('2D SPACE',''
  ) );
#1532 = ORIENTED_EDGE('',*,*,#1533,.T.);
#1533 = EDGE_CURVE('',#1513,#1534,#1536,.T.);
#1534 = VERTEX_POINT('',#1535);
#1535 = CARTESIAN_POINT('',(44.984826049753,-26.3,3.5));
#1536 = SURFACE_CURVE('',#1537,(#1541,#1547),.PCURVE_S1.);
#1537 = LINE('',#1538,#1539);
#1538 = CARTESIAN_POINT('',(61.15,-26.3,3.5));
#1539 = VECTOR('',#1540,1.);
#1540 = DIRECTION('',(-1.,0.,0.));
#1541 = PCURVE('',#997,#1542);
#1542 = DEFINITIONAL_REPRESENTATION('',(#1543),#1546);
#1543 = B_SPLINE_CURVE_WITH_KNOTS('',1,(#1544,#1545),.UNSPECIFIED.,.F.,
  .F.,(2,2),(9.34,17.96),.PIECEWISE_BEZIER_KNOTS.);
#1544 = CARTESIAN_POINT('',(-22.99,2.7));
#1545 = CARTESIAN_POINT('',(-31.61,2.7));
#1546 = ( GEOMETRIC_REPRESENTATION_CONTEXT(2) 
PARAMETRIC_REPRESENTATION_CONTEXT() REPRESENTATION_CONTEXT('2D SPACE',''
  ) );
#1547 = PCURVE('',#1548,#1553);
#1548 = PLANE('',#1549);
#1549 = AXIS2_PLACEMENT_3D('',#1550,#1551,#1552);
#1550 = CARTESIAN_POINT('',(47.5,-26.3,0.));
#1551 = DIRECTION('',(0.,1.,0.));
#1552 = DIRECTION('',(0.,-0.,1.));
#1553 = DEFINITIONAL_REPRESENTATION('',(#1554),#1557);
#1554 = B_SPLINE_CURVE_WITH_KNOTS('',1,(#1555,#1556),.UNSPECIFIED.,.F.,
  .F.,(2,2),(9.34,17.96),.PIECEWISE_BEZIER_KNOTS.);
#1555 = CARTESIAN_POINT('',(3.5,4.31));
#1556 = CARTESIAN_POINT('',(3.5,-4.31));
#1557 = ( GEOMETRIC_REPRESENTATION_CONTEXT(2) 
PARAMETRIC_REPRESENTATION_CONTEXT() REPRESENTATION_CONTEXT('2D SPACE',''
  ) );
#1558 = ORIENTED_EDGE('',*,*,#1559,.T.);
#1559 = EDGE_CURVE('',#1534,#1383,#1560,.T.);
#1560 = SURFACE_CURVE('',#1561,(#1565,#1571),.PCURVE_S1.);
#1561 = LINE('',#1562,#1563);
#1562 = CARTESIAN_POINT('',(44.984826049753,-26.3,3.5));
#1563 = VECTOR('',#1564,1.);
#1564 = DIRECTION('',(0.,1.,0.));
#1565 = PCURVE('',#997,#1566);
#1566 = DEFINITIONAL_REPRESENTATION('',(#1567),#1570);
#1567 = B_SPLINE_CURVE_WITH_KNOTS('',1,(#1568,#1569),.UNSPECIFIED.,.F.,
  .F.,(2,2),(-5.999999999062E-07,3.0000006),.PIECEWISE_BEZIER_KNOTS.);
#1568 = CARTESIAN_POINT('',(-29.81517395024,2.6999994));
#1569 = CARTESIAN_POINT('',(-29.81517395024,5.7000006));
#1570 = ( GEOMETRIC_REPRESENTATION_CONTEXT(2) 
PARAMETRIC_REPRESENTATION_CONTEXT() REPRESENTATION_CONTEXT('2D SPACE',''
  ) );
#1571 = PCURVE('',#581,#1572);
#1572 = DEFINITIONAL_REPRESENTATION('',(#1573),#1576);
#1573 = B_SPLINE_CURVE_WITH_KNOTS('',1,(#1574,#1575),.UNSPECIFIED.,.F.,
  .F.,(2,2),(-5.999999999062E-07,3.0000006),.PIECEWISE_BEZIER_KNOTS.);
#1574 = CARTESIAN_POINT('',(5.660070956209,-5.999999999062E-07));
#1575 = CARTESIAN_POINT('',(5.660070956209,3.0000006));
#1576 = ( GEOMETRIC_REPRESENTATION_CONTEXT(2) 
PARAMETRIC_REPRESENTATION_CONTEXT() REPRESENTATION_CONTEXT('2D SPACE',''
  ) );
#1577 = FACE_BOUND('',#1578,.T.);
#1578 = EDGE_LOOP('',(#1579,#1609,#1637,#1664,#1692,#1719,#1747,#1775,
    #1803,#1830,#1858,#1885));
#1579 = ORIENTED_EDGE('',*,*,#1580,.F.);
#1580 = EDGE_CURVE('',#1581,#1583,#1585,.T.);
#1581 = VERTEX_POINT('',#1582);
#1582 = CARTESIAN_POINT('',(19.2,-18.3,3.5));
#1583 = VERTEX_POINT('',#1584);
#1584 = CARTESIAN_POINT('',(75.8,-18.3,3.5));
#1585 = SURFACE_CURVE('',#1586,(#1590,#1597),.PCURVE_S1.);
#1586 = LINE('',#1587,#1588);
#1587 = CARTESIAN_POINT('',(14.6,-18.3,3.5));
#1588 = VECTOR('',#1589,1.);
#1589 = DIRECTION('',(1.,0.,0.));
#1590 = PCURVE('',#997,#1591);
#1591 = DEFINITIONAL_REPRESENTATION('',(#1592),#1596);
#1592 = LINE('',#1593,#1594);
#1593 = CARTESIAN_POINT('',(-60.2,10.7));
#1594 = VECTOR('',#1595,1.);
#1595 = DIRECTION('',(1.,0.));
#1596 = ( GEOMETRIC_REPRESENTATION_CONTEXT(2) 
PARAMETRIC_REPRESENTATION_CONTEXT() REPRESENTATION_CONTEXT('2D SPACE',''
  ) );
#1597 = PCURVE('',#1598,#1603);
#1598 = CYLINDRICAL_SURFACE('',#1599,1.);
#1599 = AXIS2_PLACEMENT_3D('',#1600,#1601,#1602);
#1600 = CARTESIAN_POINT('',(14.6,-18.3,2.5));
#1601 = DIRECTION('',(1.,0.,0.));
#1602 = DIRECTION('',(-0.,1.,0.));
#1603 = DEFINITIONAL_REPRESENTATION('',(#1604),#1608);
#1604 = LINE('',#1605,#1606);
#1605 = CARTESIAN_POINT('',(1.570796326795,0.));
#1606 = VECTOR('',#1607,1.);
#1607 = DIRECTION('',(0.,1.));
#1608 = ( GEOMETRIC_REPRESENTATION_CONTEXT(2) 
PARAMETRIC_REPRESENTATION_CONTEXT() REPRESENTATION_CONTEXT('2D SPACE',''
  ) );
#1609 = ORIENTED_EDGE('',*,*,#1610,.T.);
#1610 = EDGE_CURVE('',#1581,#1611,#1613,.T.);
#1611 = VERTEX_POINT('',#1612);
#1612 = CARTESIAN_POINT('',(19.2,-5.477225575052,3.5));
#1613 = SURFACE_CURVE('',#1614,(#1618,#1625),.PCURVE_S1.);
#1614 = LINE('',#1615,#1616);
#1615 = CARTESIAN_POINT('',(19.2,-29.,3.5));
#1616 = VECTOR('',#1617,1.);
#1617 = DIRECTION('',(0.,1.,0.));
#1618 = PCURVE('',#997,#1619);
#1619 = DEFINITIONAL_REPRESENTATION('',(#1620),#1624);
#1620 = LINE('',#1621,#1622);
#1621 = CARTESIAN_POINT('',(-55.6,0.));
#1622 = VECTOR('',#1623,1.);
#1623 = DIRECTION('',(0.,1.));
#1624 = ( GEOMETRIC_REPRESENTATION_CONTEXT(2) 
PARAMETRIC_REPRESENTATION_CONTEXT() REPRESENTATION_CONTEXT('2D SPACE',''
  ) );
#1625 = PCURVE('',#1626,#1631);
#1626 = CYLINDRICAL_SURFACE('',#1627,1.);
#1627 = AXIS2_PLACEMENT_3D('',#1628,#1629,#1630);
#1628 = CARTESIAN_POINT('',(19.2,-29.,2.5));
#1629 = DIRECTION('',(0.,1.,0.));
#1630 = DIRECTION('',(1.,0.,-0.));
#1631 = DEFINITIONAL_REPRESENTATION('',(#1632),#1636);
#1632 = LINE('',#1633,#1634);
#1633 = CARTESIAN_POINT('',(-1.570796326795,0.));
#1634 = VECTOR('',#1635,1.);
#1635 = DIRECTION('',(-0.,1.));
#1636 = ( GEOMETRIC_REPRESENTATION_CONTEXT(2) 
PARAMETRIC_REPRESENTATION_CONTEXT() REPRESENTATION_CONTEXT('2D SPACE',''
  ) );
#1637 = ORIENTED_EDGE('',*,*,#1638,.T.);
#1638 = EDGE_CURVE('',#1611,#1639,#1641,.T.);
#1639 = VERTEX_POINT('',#1640);
#1640 = CARTESIAN_POINT('',(20.2,-5.477225575052,3.5));
#1641 = SURFACE_CURVE('',#1642,(#1646,#1653),.PCURVE_S1.);
#1642 = LINE('',#1643,#1644);
#1643 = CARTESIAN_POINT('',(14.6,-5.477225575052,3.5));
#1644 = VECTOR('',#1645,1.);
#1645 = DIRECTION('',(1.,0.,0.));
#1646 = PCURVE('',#997,#1647);
#1647 = DEFINITIONAL_REPRESENTATION('',(#1648),#1652);
#1648 = LINE('',#1649,#1650);
#1649 = CARTESIAN_POINT('',(-60.2,23.522774424948));
#1650 = VECTOR('',#1651,1.);
#1651 = DIRECTION('',(1.,0.));
#1652 = ( GEOMETRIC_REPRESENTATION_CONTEXT(2) 
PARAMETRIC_REPRESENTATION_CONTEXT() REPRESENTATION_CONTEXT('2D SPACE',''
  ) );
#1653 = PCURVE('',#1654,#1659);
#1654 = CYLINDRICAL_SURFACE('',#1655,6.5);
#1655 = AXIS2_PLACEMENT_3D('',#1656,#1657,#1658);
#1656 = CARTESIAN_POINT('',(14.6,0.,0.));
#1657 = DIRECTION('',(1.,0.,0.));
#1658 = DIRECTION('',(-0.,0.,1.));
#1659 = DEFINITIONAL_REPRESENTATION('',(#1660),#1663);
#1660 = B_SPLINE_CURVE_WITH_KNOTS('',1,(#1661,#1662),.UNSPECIFIED.,.F.,
  .F.,(2,2),(-5.999999999062E-07,5.6000006),.PIECEWISE_BEZIER_KNOTS.);
#1661 = CARTESIAN_POINT('',(1.002186026531,-5.999999999062E-07));
#1662 = CARTESIAN_POINT('',(1.002186026531,5.6000006));
#1663 = ( GEOMETRIC_REPRESENTATION_CONTEXT(2) 
PARAMETRIC_REPRESENTATION_CONTEXT() REPRESENTATION_CONTEXT('2D SPACE',''
  ) );
#1664 = ORIENTED_EDGE('',*,*,#1665,.T.);
#1665 = EDGE_CURVE('',#1639,#1666,#1668,.T.);
#1666 = VERTEX_POINT('',#1667);
#1667 = CARTESIAN_POINT('',(20.2,5.477225575052,3.5));
#1668 = SURFACE_CURVE('',#1669,(#1673,#1680),.PCURVE_S1.);
#1669 = LINE('',#1670,#1671);
#1670 = CARTESIAN_POINT('',(20.2,-10.,3.5));
#1671 = VECTOR('',#1672,1.);
#1672 = DIRECTION('',(-0.,1.,0.));
#1673 = PCURVE('',#997,#1674);
#1674 = DEFINITIONAL_REPRESENTATION('',(#1675),#1679);
#1675 = LINE('',#1676,#1677);
#1676 = CARTESIAN_POINT('',(-54.6,19.));
#1677 = VECTOR('',#1678,1.);
#1678 = DIRECTION('',(0.,1.));
#1679 = ( GEOMETRIC_REPRESENTATION_CONTEXT(2) 
PARAMETRIC_REPRESENTATION_CONTEXT() REPRESENTATION_CONTEXT('2D SPACE',''
  ) );
#1680 = PCURVE('',#1681,#1686);
#1681 = PLANE('',#1682);
#1682 = AXIS2_PLACEMENT_3D('',#1683,#1684,#1685);
#1683 = CARTESIAN_POINT('',(20.2,0.,0.));
#1684 = DIRECTION('',(1.,0.,0.));
#1685 = DIRECTION('',(-0.,0.,1.));
#1686 = DEFINITIONAL_REPRESENTATION('',(#1687),#1691);
#1687 = LINE('',#1688,#1689);
#1688 = CARTESIAN_POINT('',(3.5,10.));
#1689 = VECTOR('',#1690,1.);
#1690 = DIRECTION('',(0.,-1.));
#1691 = ( GEOMETRIC_REPRESENTATION_CONTEXT(2) 
PARAMETRIC_REPRESENTATION_CONTEXT() REPRESENTATION_CONTEXT('2D SPACE',''
  ) );
#1692 = ORIENTED_EDGE('',*,*,#1693,.F.);
#1693 = EDGE_CURVE('',#1694,#1666,#1696,.T.);
#1694 = VERTEX_POINT('',#1695);
#1695 = CARTESIAN_POINT('',(19.2,5.477225575052,3.5));
#1696 = SURFACE_CURVE('',#1697,(#1701,#1708),.PCURVE_S1.);
#1697 = LINE('',#1698,#1699);
#1698 = CARTESIAN_POINT('',(14.6,5.477225575052,3.5));
#1699 = VECTOR('',#1700,1.);
#1700 = DIRECTION('',(1.,0.,0.));
#1701 = PCURVE('',#997,#1702);
#1702 = DEFINITIONAL_REPRESENTATION('',(#1703),#1707);
#1703 = LINE('',#1704,#1705);
#1704 = CARTESIAN_POINT('',(-60.2,34.477225575052));
#1705 = VECTOR('',#1706,1.);
#1706 = DIRECTION('',(1.,0.));
#1707 = ( GEOMETRIC_REPRESENTATION_CONTEXT(2) 
PARAMETRIC_REPRESENTATION_CONTEXT() REPRESENTATION_CONTEXT('2D SPACE',''
  ) );
#1708 = PCURVE('',#1709,#1714);
#1709 = CYLINDRICAL_SURFACE('',#1710,6.5);
#1710 = AXIS2_PLACEMENT_3D('',#1711,#1712,#1713);
#1711 = CARTESIAN_POINT('',(14.6,0.,0.));
#1712 = DIRECTION('',(1.,0.,0.));
#1713 = DIRECTION('',(-0.,0.,1.));
#1714 = DEFINITIONAL_REPRESENTATION('',(#1715),#1718);
#1715 = B_SPLINE_CURVE_WITH_KNOTS('',1,(#1716,#1717),.UNSPECIFIED.,.F.,
  .F.,(2,2),(-5.999999999062E-07,5.6000006),.PIECEWISE_BEZIER_KNOTS.);
#1716 = CARTESIAN_POINT('',(5.280999280649,-5.999999999062E-07));
#1717 = CARTESIAN_POINT('',(5.280999280649,5.6000006));
#1718 = ( GEOMETRIC_REPRESENTATION_CONTEXT(2) 
PARAMETRIC_REPRESENTATION_CONTEXT() REPRESENTATION_CONTEXT('2D SPACE',''
  ) );
#1719 = ORIENTED_EDGE('',*,*,#1720,.T.);
#1720 = EDGE_CURVE('',#1694,#1721,#1723,.T.);
#1721 = VERTEX_POINT('',#1722);
#1722 = CARTESIAN_POINT('',(19.2,22.2,3.5));
#1723 = SURFACE_CURVE('',#1724,(#1728,#1735),.PCURVE_S1.);
#1724 = LINE('',#1725,#1726);
#1725 = CARTESIAN_POINT('',(19.2,-29.,3.5));
#1726 = VECTOR('',#1727,1.);
#1727 = DIRECTION('',(0.,1.,0.));
#1728 = PCURVE('',#997,#1729);
#1729 = DEFINITIONAL_REPRESENTATION('',(#1730),#1734);
#1730 = LINE('',#1731,#1732);
#1731 = CARTESIAN_POINT('',(-55.6,0.));
#1732 = VECTOR('',#1733,1.);
#1733 = DIRECTION('',(0.,1.));
#1734 = ( GEOMETRIC_REPRESENTATION_CONTEXT(2) 
PARAMETRIC_REPRESENTATION_CONTEXT() REPRESENTATION_CONTEXT('2D SPACE',''
  ) );
#1735 = PCURVE('',#1736,#1741);
#1736 = CYLINDRICAL_SURFACE('',#1737,1.);
#1737 = AXIS2_PLACEMENT_3D('',#1738,#1739,#1740);
#1738 = CARTESIAN_POINT('',(19.2,-29.,2.5));
#1739 = DIRECTION('',(0.,1.,0.));
#1740 = DIRECTION('',(1.,0.,-0.));
#1741 = DEFINITIONAL_REPRESENTATION('',(#1742),#1746);
#1742 = LINE('',#1743,#1744);
#1743 = CARTESIAN_POINT('',(-1.570796326795,0.));
#1744 = VECTOR('',#1745,1.);
#1745 = DIRECTION('',(-0.,1.));
#1746 = ( GEOMETRIC_REPRESENTATION_CONTEXT(2) 
PARAMETRIC_REPRESENTATION_CONTEXT() REPRESENTATION_CONTEXT('2D SPACE',''
  ) );
#1747 = ORIENTED_EDGE('',*,*,#1748,.T.);
#1748 = EDGE_CURVE('',#1721,#1749,#1751,.T.);
#1749 = VERTEX_POINT('',#1750);
#1750 = CARTESIAN_POINT('',(75.8,22.2,3.5));
#1751 = SURFACE_CURVE('',#1752,(#1756,#1763),.PCURVE_S1.);
#1752 = LINE('',#1753,#1754);
#1753 = CARTESIAN_POINT('',(14.6,22.2,3.5));
#1754 = VECTOR('',#1755,1.);
#1755 = DIRECTION('',(1.,0.,0.));
#1756 = PCURVE('',#997,#1757);
#1757 = DEFINITIONAL_REPRESENTATION('',(#1758),#1762);
#1758 = LINE('',#1759,#1760);
#1759 = CARTESIAN_POINT('',(-60.2,51.2));
#1760 = VECTOR('',#1761,1.);
#1761 = DIRECTION('',(1.,0.));
#1762 = ( GEOMETRIC_REPRESENTATION_CONTEXT(2) 
PARAMETRIC_REPRESENTATION_CONTEXT() REPRESENTATION_CONTEXT('2D SPACE',''
  ) );
#1763 = PCURVE('',#1764,#1769);
#1764 = CYLINDRICAL_SURFACE('',#1765,1.);
#1765 = AXIS2_PLACEMENT_3D('',#1766,#1767,#1768);
#1766 = CARTESIAN_POINT('',(14.6,22.2,2.5));
#1767 = DIRECTION('',(1.,0.,0.));
#1768 = DIRECTION('',(0.,-1.,0.));
#1769 = DEFINITIONAL_REPRESENTATION('',(#1770),#1774);
#1770 = LINE('',#1771,#1772);
#1771 = CARTESIAN_POINT('',(-1.570796326795,0.));
#1772 = VECTOR('',#1773,1.);
#1773 = DIRECTION('',(-0.,1.));
#1774 = ( GEOMETRIC_REPRESENTATION_CONTEXT(2) 
PARAMETRIC_REPRESENTATION_CONTEXT() REPRESENTATION_CONTEXT('2D SPACE',''
  ) );
#1775 = ORIENTED_EDGE('',*,*,#1776,.F.);
#1776 = EDGE_CURVE('',#1777,#1749,#1779,.T.);
#1777 = VERTEX_POINT('',#1778);
#1778 = CARTESIAN_POINT('',(75.8,5.477225575052,3.5));
#1779 = SURFACE_CURVE('',#1780,(#1784,#1791),.PCURVE_S1.);
#1780 = LINE('',#1781,#1782);
#1781 = CARTESIAN_POINT('',(75.8,-29.,3.5));
#1782 = VECTOR('',#1783,1.);
#1783 = DIRECTION('',(0.,1.,0.));
#1784 = PCURVE('',#997,#1785);
#1785 = DEFINITIONAL_REPRESENTATION('',(#1786),#1790);
#1786 = LINE('',#1787,#1788);
#1787 = CARTESIAN_POINT('',(1.,0.));
#1788 = VECTOR('',#1789,1.);
#1789 = DIRECTION('',(0.,1.));
#1790 = ( GEOMETRIC_REPRESENTATION_CONTEXT(2) 
PARAMETRIC_REPRESENTATION_CONTEXT() REPRESENTATION_CONTEXT('2D SPACE',''
  ) );
#1791 = PCURVE('',#1792,#1797);
#1792 = CYLINDRICAL_SURFACE('',#1793,1.);
#1793 = AXIS2_PLACEMENT_3D('',#1794,#1795,#1796);
#1794 = CARTESIAN_POINT('',(75.8,-29.,2.5));
#1795 = DIRECTION('',(0.,1.,0.));
#1796 = DIRECTION('',(-1.,0.,0.));
#1797 = DEFINITIONAL_REPRESENTATION('',(#1798),#1802);
#1798 = LINE('',#1799,#1800);
#1799 = CARTESIAN_POINT('',(1.570796326795,0.));
#1800 = VECTOR('',#1801,1.);
#1801 = DIRECTION('',(0.,1.));
#1802 = ( GEOMETRIC_REPRESENTATION_CONTEXT(2) 
PARAMETRIC_REPRESENTATION_CONTEXT() REPRESENTATION_CONTEXT('2D SPACE',''
  ) );
#1803 = ORIENTED_EDGE('',*,*,#1804,.F.);
#1804 = EDGE_CURVE('',#1805,#1777,#1807,.T.);
#1805 = VERTEX_POINT('',#1806);
#1806 = CARTESIAN_POINT('',(74.8,5.477225575052,3.5));
#1807 = SURFACE_CURVE('',#1808,(#1812,#1819),.PCURVE_S1.);
#1808 = LINE('',#1809,#1810);
#1809 = CARTESIAN_POINT('',(74.8,5.477225575052,3.5));
#1810 = VECTOR('',#1811,1.);
#1811 = DIRECTION('',(1.,0.,0.));
#1812 = PCURVE('',#997,#1813);
#1813 = DEFINITIONAL_REPRESENTATION('',(#1814),#1818);
#1814 = LINE('',#1815,#1816);
#1815 = CARTESIAN_POINT('',(0.,34.477225575052));
#1816 = VECTOR('',#1817,1.);
#1817 = DIRECTION('',(1.,0.));
#1818 = ( GEOMETRIC_REPRESENTATION_CONTEXT(2) 
PARAMETRIC_REPRESENTATION_CONTEXT() REPRESENTATION_CONTEXT('2D SPACE',''
  ) );
#1819 = PCURVE('',#1820,#1825);
#1820 = CYLINDRICAL_SURFACE('',#1821,6.5);
#1821 = AXIS2_PLACEMENT_3D('',#1822,#1823,#1824);
#1822 = CARTESIAN_POINT('',(74.8,0.,0.));
#1823 = DIRECTION('',(1.,0.,0.));
#1824 = DIRECTION('',(-0.,0.,1.));
#1825 = DEFINITIONAL_REPRESENTATION('',(#1826),#1829);
#1826 = B_SPLINE_CURVE_WITH_KNOTS('',1,(#1827,#1828),.UNSPECIFIED.,.F.,
  .F.,(2,2),(-6.000000070117E-07,5.6000006),.PIECEWISE_BEZIER_KNOTS.);
#1827 = CARTESIAN_POINT('',(5.280999280649,-6.000000070117E-07));
#1828 = CARTESIAN_POINT('',(5.280999280649,5.6000006));
#1829 = ( GEOMETRIC_REPRESENTATION_CONTEXT(2) 
PARAMETRIC_REPRESENTATION_CONTEXT() REPRESENTATION_CONTEXT('2D SPACE',''
  ) );
#1830 = ORIENTED_EDGE('',*,*,#1831,.F.);
#1831 = EDGE_CURVE('',#1832,#1805,#1834,.T.);
#1832 = VERTEX_POINT('',#1833);
#1833 = CARTESIAN_POINT('',(74.8,-5.477225575052,3.5));
#1834 = SURFACE_CURVE('',#1835,(#1839,#1846),.PCURVE_S1.);
#1835 = LINE('',#1836,#1837);
#1836 = CARTESIAN_POINT('',(74.8,-10.,3.5));
#1837 = VECTOR('',#1838,1.);
#1838 = DIRECTION('',(-0.,1.,0.));
#1839 = PCURVE('',#997,#1840);
#1840 = DEFINITIONAL_REPRESENTATION('',(#1841),#1845);
#1841 = LINE('',#1842,#1843);
#1842 = CARTESIAN_POINT('',(0.,19.));
#1843 = VECTOR('',#1844,1.);
#1844 = DIRECTION('',(0.,1.));
#1845 = ( GEOMETRIC_REPRESENTATION_CONTEXT(2) 
PARAMETRIC_REPRESENTATION_CONTEXT() REPRESENTATION_CONTEXT('2D SPACE',''
  ) );
#1846 = PCURVE('',#1847,#1852);
#1847 = PLANE('',#1848);
#1848 = AXIS2_PLACEMENT_3D('',#1849,#1850,#1851);
#1849 = CARTESIAN_POINT('',(74.8,-29.,-5.));
#1850 = DIRECTION('',(1.,0.,0.));
#1851 = DIRECTION('',(0.,0.,1.));
#1852 = DEFINITIONAL_REPRESENTATION('',(#1853),#1857);
#1853 = LINE('',#1854,#1855);
#1854 = CARTESIAN_POINT('',(8.5,-19.));
#1855 = VECTOR('',#1856,1.);
#1856 = DIRECTION('',(0.,-1.));
#1857 = ( GEOMETRIC_REPRESENTATION_CONTEXT(2) 
PARAMETRIC_REPRESENTATION_CONTEXT() REPRESENTATION_CONTEXT('2D SPACE',''
  ) );
#1858 = ORIENTED_EDGE('',*,*,#1859,.T.);
#1859 = EDGE_CURVE('',#1832,#1860,#1862,.T.);
#1860 = VERTEX_POINT('',#1861);
#1861 = CARTESIAN_POINT('',(75.8,-5.477225575052,3.5));
#1862 = SURFACE_CURVE('',#1863,(#1867,#1874),.PCURVE_S1.);
#1863 = LINE('',#1864,#1865);
#1864 = CARTESIAN_POINT('',(74.8,-5.477225575052,3.5));
#1865 = VECTOR('',#1866,1.);
#1866 = DIRECTION('',(1.,0.,0.));
#1867 = PCURVE('',#997,#1868);
#1868 = DEFINITIONAL_REPRESENTATION('',(#1869),#1873);
#1869 = LINE('',#1870,#1871);
#1870 = CARTESIAN_POINT('',(0.,23.522774424948));
#1871 = VECTOR('',#1872,1.);
#1872 = DIRECTION('',(1.,0.));
#1873 = ( GEOMETRIC_REPRESENTATION_CONTEXT(2) 
PARAMETRIC_REPRESENTATION_CONTEXT() REPRESENTATION_CONTEXT('2D SPACE',''
  ) );
#1874 = PCURVE('',#1875,#1880);
#1875 = CYLINDRICAL_SURFACE('',#1876,6.5);
#1876 = AXIS2_PLACEMENT_3D('',#1877,#1878,#1879);
#1877 = CARTESIAN_POINT('',(74.8,0.,0.));
#1878 = DIRECTION('',(1.,0.,0.));
#1879 = DIRECTION('',(-0.,0.,1.));
#1880 = DEFINITIONAL_REPRESENTATION('',(#1881),#1884);
#1881 = B_SPLINE_CURVE_WITH_KNOTS('',1,(#1882,#1883),.UNSPECIFIED.,.F.,
  .F.,(2,2),(-6.000000070117E-07,5.6000006),.PIECEWISE_BEZIER_KNOTS.);
#1882 = CARTESIAN_POINT('',(1.002186026531,-6.000000070117E-07));
#1883 = CARTESIAN_POINT('',(1.002186026531,5.6000006));
#1884 = ( GEOMETRIC_REPRESENTATION_CONTEXT(2) 
PARAMETRIC_REPRESENTATION_CONTEXT() REPRESENTATION_CONTEXT('2D SPACE',''
  ) );
#1885 = ORIENTED_EDGE('',*,*,#1886,.F.);
#1886 = EDGE_CURVE('',#1583,#1860,#1887,.T.);
#1887 = SURFACE_CURVE('',#1888,(#1892,#1899),.PCURVE_S1.);
#1888 = LINE('',#1889,#1890);
#1889 = CARTESIAN_POINT('',(75.8,-29.,3.5));
#1890 = VECTOR('',#1891,1.);
#1891 = DIRECTION('',(0.,1.,0.));
#1892 = PCURVE('',#997,#1893);
#1893 = DEFINITIONAL_REPRESENTATION('',(#1894),#1898);
#1894 = LINE('',#1895,#1896);
#1895 = CARTESIAN_POINT('',(1.,0.));
#1896 = VECTOR('',#1897,1.);
#1897 = DIRECTION('',(0.,1.));
#1898 = ( GEOMETRIC_REPRESENTATION_CONTEXT(2) 
PARAMETRIC_REPRESENTATION_CONTEXT() REPRESENTATION_CONTEXT('2D SPACE',''
  ) );
#1899 = PCURVE('',#1900,#1905);
#1900 = CYLINDRICAL_SURFACE('',#1901,1.);
#1901 = AXIS2_PLACEMENT_3D('',#1902,#1903,#1904);
#1902 = CARTESIAN_POINT('',(75.8,-29.,2.5));
#1903 = DIRECTION('',(0.,1.,0.));
#1904 = DIRECTION('',(-1.,0.,0.));
#1905 = DEFINITIONAL_REPRESENTATION('',(#1906),#1910);
#1906 = LINE('',#1907,#1908);
#1907 = CARTESIAN_POINT('',(1.570796326795,0.));
#1908 = VECTOR('',#1909,1.);
#1909 = DIRECTION('',(0.,1.));
#1910 = ( GEOMETRIC_REPRESENTATION_CONTEXT(2) 
PARAMETRIC_REPRESENTATION_CONTEXT() REPRESENTATION_CONTEXT('2D SPACE',''
  ) );
#1911 = ADVANCED_FACE('',(#1912),#1764,.T.);
#1912 = FACE_BOUND('',#1913,.F.);
#1913 = EDGE_LOOP('',(#1914,#1948,#1949,#1983,#2011,#2078,#2104,#2166));
#1914 = ORIENTED_EDGE('',*,*,#1915,.F.);
#1915 = EDGE_CURVE('',#1721,#1916,#1918,.T.);
#1916 = VERTEX_POINT('',#1917);
#1917 = CARTESIAN_POINT('',(20.2,21.2,2.5));
#1918 = SURFACE_CURVE('',#1919,(#1924,#1936),.PCURVE_S1.);
#1919 = ELLIPSE('',#1920,1.414213562373,1.);
#1920 = AXIS2_PLACEMENT_3D('',#1921,#1922,#1923);
#1921 = CARTESIAN_POINT('',(19.2,22.2,2.5));
#1922 = DIRECTION('',(0.707106781187,0.707106781187,0.));
#1923 = DIRECTION('',(-0.707106781187,0.707106781187,0.));
#1924 = PCURVE('',#1764,#1925);
#1925 = DEFINITIONAL_REPRESENTATION('',(#1926),#1935);
#1926 = B_SPLINE_CURVE_WITH_KNOTS('',7,(#1927,#1928,#1929,#1930,#1931,
    #1932,#1933,#1934),.UNSPECIFIED.,.F.,.F.,(8,8),(1.570796326795,
    3.14159265359),.PIECEWISE_BEZIER_KNOTS.);
#1927 = CARTESIAN_POINT('',(-1.570796326795,4.6));
#1928 = CARTESIAN_POINT('',(-1.346396851538,4.824399475256));
#1929 = CARTESIAN_POINT('',(-1.121997376282,5.048798039319));
#1930 = CARTESIAN_POINT('',(-0.897597901026,5.254746825776));
#1931 = CARTESIAN_POINT('',(-0.673198425769,5.423762504623));
#1932 = CARTESIAN_POINT('',(-0.448798950513,5.541251327391));
#1933 = CARTESIAN_POINT('',(-0.224399475256,5.6));
#1934 = CARTESIAN_POINT('',(0.,5.6));
#1935 = ( GEOMETRIC_REPRESENTATION_CONTEXT(2) 
PARAMETRIC_REPRESENTATION_CONTEXT() REPRESENTATION_CONTEXT('2D SPACE',''
  ) );
#1936 = PCURVE('',#1736,#1937);
#1937 = DEFINITIONAL_REPRESENTATION('',(#1938),#1947);
#1938 = B_SPLINE_CURVE_WITH_KNOTS('',7,(#1939,#1940,#1941,#1942,#1943,
    #1944,#1945,#1946),.UNSPECIFIED.,.F.,.F.,(8,8),(1.570796326795,
    3.14159265359),.PIECEWISE_BEZIER_KNOTS.);
#1939 = CARTESIAN_POINT('',(-1.570796326795,51.2));
#1940 = CARTESIAN_POINT('',(-1.346396851538,50.975600524744));
#1941 = CARTESIAN_POINT('',(-1.121997376282,50.751201960686));
#1942 = CARTESIAN_POINT('',(-0.897597901026,50.545253174205));
#1943 = CARTESIAN_POINT('',(-0.673198425769,50.37623749538));
#1944 = CARTESIAN_POINT('',(-0.448798950513,50.258748672615));
#1945 = CARTESIAN_POINT('',(-0.224399475256,50.2));
#1946 = CARTESIAN_POINT('',(0.,50.2));
#1947 = ( GEOMETRIC_REPRESENTATION_CONTEXT(2) 
PARAMETRIC_REPRESENTATION_CONTEXT() REPRESENTATION_CONTEXT('2D SPACE',''
  ) );
#1948 = ORIENTED_EDGE('',*,*,#1748,.T.);
#1949 = ORIENTED_EDGE('',*,*,#1950,.F.);
#1950 = EDGE_CURVE('',#1951,#1749,#1953,.T.);
#1951 = VERTEX_POINT('',#1952);
#1952 = CARTESIAN_POINT('',(74.8,21.2,2.5));
#1953 = SURFACE_CURVE('',#1954,(#1959,#1971),.PCURVE_S1.);
#1954 = ELLIPSE('',#1955,1.414213562373,1.);
#1955 = AXIS2_PLACEMENT_3D('',#1956,#1957,#1958);
#1956 = CARTESIAN_POINT('',(75.8,22.2,2.5));
#1957 = DIRECTION('',(-0.707106781187,0.707106781187,0.));
#1958 = DIRECTION('',(0.707106781187,0.707106781187,0.));
#1959 = PCURVE('',#1764,#1960);
#1960 = DEFINITIONAL_REPRESENTATION('',(#1961),#1970);
#1961 = B_SPLINE_CURVE_WITH_KNOTS('',7,(#1962,#1963,#1964,#1965,#1966,
    #1967,#1968,#1969),.UNSPECIFIED.,.F.,.F.,(8,8),(3.14159265359,
    4.712388980385),.PIECEWISE_BEZIER_KNOTS.);
#1962 = CARTESIAN_POINT('',(0.,60.2));
#1963 = CARTESIAN_POINT('',(-0.224399475256,60.2));
#1964 = CARTESIAN_POINT('',(-0.448798950513,60.258748672617));
#1965 = CARTESIAN_POINT('',(-0.673198425769,60.376237495366));
#1966 = CARTESIAN_POINT('',(-0.897597901026,60.545253174227));
#1967 = CARTESIAN_POINT('',(-1.121997376282,60.751201960677));
#1968 = CARTESIAN_POINT('',(-1.346396851538,60.975600524744));
#1969 = CARTESIAN_POINT('',(-1.570796326795,61.2));
#1970 = ( GEOMETRIC_REPRESENTATION_CONTEXT(2) 
PARAMETRIC_REPRESENTATION_CONTEXT() REPRESENTATION_CONTEXT('2D SPACE',''
  ) );
#1971 = PCURVE('',#1792,#1972);
#1972 = DEFINITIONAL_REPRESENTATION('',(#1973),#1982);
#1973 = B_SPLINE_CURVE_WITH_KNOTS('',7,(#1974,#1975,#1976,#1977,#1978,
    #1979,#1980,#1981),.UNSPECIFIED.,.F.,.F.,(8,8),(3.14159265359,
    4.712388980385),.PIECEWISE_BEZIER_KNOTS.);
#1974 = CARTESIAN_POINT('',(0.,50.2));
#1975 = CARTESIAN_POINT('',(0.224399475256,50.2));
#1976 = CARTESIAN_POINT('',(0.448798950513,50.258748672622));
#1977 = CARTESIAN_POINT('',(0.673198425769,50.376237495366));
#1978 = CARTESIAN_POINT('',(0.897597901026,50.545253174227));
#1979 = CARTESIAN_POINT('',(1.121997376282,50.751201960677));
#1980 = CARTESIAN_POINT('',(1.346396851538,50.975600524744));
#1981 = CARTESIAN_POINT('',(1.570796326795,51.2));
#1982 = ( GEOMETRIC_REPRESENTATION_CONTEXT(2) 
PARAMETRIC_REPRESENTATION_CONTEXT() REPRESENTATION_CONTEXT('2D SPACE',''
  ) );
#1983 = ORIENTED_EDGE('',*,*,#1984,.F.);
#1984 = EDGE_CURVE('',#1985,#1951,#1987,.T.);
#1985 = VERTEX_POINT('',#1986);
#1986 = CARTESIAN_POINT('',(50.090366769398,21.2,2.5));
#1987 = SURFACE_CURVE('',#1988,(#1992,#1999),.PCURVE_S1.);
#1988 = LINE('',#1989,#1990);
#1989 = CARTESIAN_POINT('',(14.6,21.2,2.5));
#1990 = VECTOR('',#1991,1.);
#1991 = DIRECTION('',(1.,0.,0.));
#1992 = PCURVE('',#1764,#1993);
#1993 = DEFINITIONAL_REPRESENTATION('',(#1994),#1998);
#1994 = LINE('',#1995,#1996);
#1995 = CARTESIAN_POINT('',(-0.,0.));
#1996 = VECTOR('',#1997,1.);
#1997 = DIRECTION('',(-0.,1.));
#1998 = ( GEOMETRIC_REPRESENTATION_CONTEXT(2) 
PARAMETRIC_REPRESENTATION_CONTEXT() REPRESENTATION_CONTEXT('2D SPACE',''
  ) );
#1999 = PCURVE('',#2000,#2005);
#2000 = PLANE('',#2001);
#2001 = AXIS2_PLACEMENT_3D('',#2002,#2003,#2004);
#2002 = CARTESIAN_POINT('',(14.6,21.2,-5.));
#2003 = DIRECTION('',(0.,1.,0.));
#2004 = DIRECTION('',(0.,0.,1.));
#2005 = DEFINITIONAL_REPRESENTATION('',(#2006),#2010);
#2006 = LINE('',#2007,#2008);
#2007 = CARTESIAN_POINT('',(7.5,0.));
#2008 = VECTOR('',#2009,1.);
#2009 = DIRECTION('',(0.,1.));
#2010 = ( GEOMETRIC_REPRESENTATION_CONTEXT(2) 
PARAMETRIC_REPRESENTATION_CONTEXT() REPRESENTATION_CONTEXT('2D SPACE',''
  ) );
#2011 = ORIENTED_EDGE('',*,*,#2012,.F.);
#2012 = EDGE_CURVE('',#2013,#1985,#2015,.T.);
#2013 = VERTEX_POINT('',#2014);
#2014 = CARTESIAN_POINT('',(48.776664788062,21.7,3.366025403784));
#2015 = SURFACE_CURVE('',#2016,(#2033,#2053),.PCURVE_S1.);
#2016 = B_SPLINE_CURVE_WITH_KNOTS('',8,(#2017,#2018,#2019,#2020,#2021,
    #2022,#2023,#2024,#2025,#2026,#2027,#2028,#2029,#2030,#2031,#2032),
  .UNSPECIFIED.,.F.,.F.,(9,7,9),(0.,0.207981996491,1.),.UNSPECIFIED.);
#2017 = CARTESIAN_POINT('',(48.776663874725,21.7000006,3.366025750194));
#2018 = CARTESIAN_POINT('',(48.81026112309,21.67792949039,3.353283009508
    ));
#2019 = CARTESIAN_POINT('',(48.844194193318,21.656362757302,
    3.339974537004));
#2020 = CARTESIAN_POINT('',(48.878373531338,21.6352907705,3.326112257887
    ));
#2021 = CARTESIAN_POINT('',(48.912733205012,21.614703050919,
    3.311704557751));
#2022 = CARTESIAN_POINT('',(48.947229496611,21.59458787247,
    3.296754441641));
#2023 = CARTESIAN_POINT('',(48.981839495282,21.574931863854,
    3.28125769311));
#2024 = CARTESIAN_POINT('',(49.016559689525,21.555719610376,
    3.265201033283));
#2025 = CARTESIAN_POINT('',(49.184097604936,21.465392779492,
    3.185190485998));
#2026 = CARTESIAN_POINT('',(49.318258100086,21.400215310104,
    3.113512745798));
#2027 = CARTESIAN_POINT('',(49.452417075956,21.341626602314,
    3.033340724606));
#2028 = CARTESIAN_POINT('',(49.585880788676,21.290553388303,
    2.944355188251));
#2029 = CARTESIAN_POINT('',(49.71770161583,21.248428164817,
    2.846260531908));
#2030 = CARTESIAN_POINT('',(49.846717137203,21.217336484051,
    2.739063530759));
#2031 = CARTESIAN_POINT('',(49.97150128656,21.2,2.623162078708));
#2032 = CARTESIAN_POINT('',(50.090366769398,21.2,2.5));
#2033 = PCURVE('',#1764,#2034);
#2034 = DEFINITIONAL_REPRESENTATION('',(#2035),#2052);
#2035 = B_SPLINE_CURVE_WITH_KNOTS('',8,(#2036,#2037,#2038,#2039,#2040,
    #2041,#2042,#2043,#2044,#2045,#2046,#2047,#2048,#2049,#2050,#2051),
  .UNSPECIFIED.,.F.,.F.,(9,7,9),(0.,0.207981996491,1.),.UNSPECIFIED.);
#2036 = CARTESIAN_POINT('',(-1.047198244017,34.176663874725));
#2037 = CARTESIAN_POINT('',(-1.021712732062,34.21026112309));
#2038 = CARTESIAN_POINT('',(-0.996381220332,34.244194193318));
#2039 = CARTESIAN_POINT('',(-0.971175917584,34.278373531338));
#2040 = CARTESIAN_POINT('',(-0.946068110832,34.312733205012));
#2041 = CARTESIAN_POINT('',(-0.921026072159,34.347229496611));
#2042 = CARTESIAN_POINT('',(-0.896012965532,34.381839495282));
#2043 = CARTESIAN_POINT('',(-0.870984753616,34.416559689525));
#2044 = CARTESIAN_POINT('',(-0.750317342711,34.584097604936));
#2045 = CARTESIAN_POINT('',(-0.654000814484,34.718258100086));
#2046 = CARTESIAN_POINT('',(-0.555655018116,34.852417075956));
#2047 = CARTESIAN_POINT('',(-0.454338954984,34.985880788676));
#2048 = CARTESIAN_POINT('',(-0.349104766786,35.11770161583));
#2049 = CARTESIAN_POINT('',(-0.239064131301,35.246717137203));
#2050 = CARTESIAN_POINT('',(-0.123162078708,35.37150128656));
#2051 = CARTESIAN_POINT('',(0.,35.490366769398));
#2052 = ( GEOMETRIC_REPRESENTATION_CONTEXT(2) 
PARAMETRIC_REPRESENTATION_CONTEXT() REPRESENTATION_CONTEXT('2D SPACE',''
  ) );
#2053 = PCURVE('',#2054,#2059);
#2054 = CYLINDRICAL_SURFACE('',#2055,3.6);
#2055 = AXIS2_PLACEMENT_3D('',#2056,#2057,#2058);
#2056 = CARTESIAN_POINT('',(47.5,16.4,0.));
#2057 = DIRECTION('',(0.,1.,0.));
#2058 = DIRECTION('',(0.,-0.,1.));
#2059 = DEFINITIONAL_REPRESENTATION('',(#2060),#2077);
#2060 = B_SPLINE_CURVE_WITH_KNOTS('',8,(#2061,#2062,#2063,#2064,#2065,
    #2066,#2067,#2068,#2069,#2070,#2071,#2072,#2073,#2074,#2075,#2076),
  .UNSPECIFIED.,.F.,.F.,(9,7,9),(0.,0.207981996491,1.),.UNSPECIFIED.);
#2061 = CARTESIAN_POINT('',(0.362517092915,5.3000006));
#2062 = CARTESIAN_POINT('',(0.372498373766,5.27792949039));
#2063 = CARTESIAN_POINT('',(0.382622593539,5.256362757302));
#2064 = CARTESIAN_POINT('',(0.392866869222,5.2352907705));
#2065 = CARTESIAN_POINT('',(0.403214921454,5.214703050919));
#2066 = CARTESIAN_POINT('',(0.413656897726,5.19458787247));
#2067 = CARTESIAN_POINT('',(0.424189195606,5.174931863854));
#2068 = CARTESIAN_POINT('',(0.43481428594,5.155719610376));
#2069 = CARTESIAN_POINT('',(0.486387260112,5.065392779492));
#2070 = CARTESIAN_POINT('',(0.528596303343,5.000215310104));
#2071 = CARTESIAN_POINT('',(0.571925875483,4.941626602314));
#2072 = CARTESIAN_POINT('',(0.616372172662,4.890553388303));
#2073 = CARTESIAN_POINT('',(0.661888756113,4.848428164817));
#2074 = CARTESIAN_POINT('',(0.708365961231,4.817336484051));
#2075 = CARTESIAN_POINT('',(0.755602612252,4.8));
#2076 = CARTESIAN_POINT('',(0.803148805387,4.8));
#2077 = ( GEOMETRIC_REPRESENTATION_CONTEXT(2) 
PARAMETRIC_REPRESENTATION_CONTEXT() REPRESENTATION_CONTEXT('2D SPACE',''
  ) );
#2078 = ORIENTED_EDGE('',*,*,#2079,.F.);
#2079 = EDGE_CURVE('',#2080,#2013,#2082,.T.);
#2080 = VERTEX_POINT('',#2081);
#2081 = CARTESIAN_POINT('',(46.223335211938,21.7,3.366025403784));
#2082 = SURFACE_CURVE('',#2083,(#2087,#2093),.PCURVE_S1.);
#2083 = LINE('',#2084,#2085);
#2084 = CARTESIAN_POINT('',(14.6,21.7,3.366025403784));
#2085 = VECTOR('',#2086,1.);
#2086 = DIRECTION('',(1.,0.,0.));
#2087 = PCURVE('',#1764,#2088);
#2088 = DEFINITIONAL_REPRESENTATION('',(#2089),#2092);
#2089 = B_SPLINE_CURVE_WITH_KNOTS('',1,(#2090,#2091),.UNSPECIFIED.,.F.,
  .F.,(2,2),(28.58,37.22),.PIECEWISE_BEZIER_KNOTS.);
#2090 = CARTESIAN_POINT('',(-1.047197551197,28.58));
#2091 = CARTESIAN_POINT('',(-1.047197551197,37.22));
#2092 = ( GEOMETRIC_REPRESENTATION_CONTEXT(2) 
PARAMETRIC_REPRESENTATION_CONTEXT() REPRESENTATION_CONTEXT('2D SPACE',''
  ) );
#2093 = PCURVE('',#2094,#2099);
#2094 = PLANE('',#2095);
#2095 = AXIS2_PLACEMENT_3D('',#2096,#2097,#2098);
#2096 = CARTESIAN_POINT('',(47.5,21.7,0.));
#2097 = DIRECTION('',(0.,1.,0.));
#2098 = DIRECTION('',(0.,-0.,1.));
#2099 = DEFINITIONAL_REPRESENTATION('',(#2100),#2103);
#2100 = B_SPLINE_CURVE_WITH_KNOTS('',1,(#2101,#2102),.UNSPECIFIED.,.F.,
  .F.,(2,2),(28.58,37.22),.PIECEWISE_BEZIER_KNOTS.);
#2101 = CARTESIAN_POINT('',(3.366025403784,-4.32));
#2102 = CARTESIAN_POINT('',(3.366025403784,4.32));
#2103 = ( GEOMETRIC_REPRESENTATION_CONTEXT(2) 
PARAMETRIC_REPRESENTATION_CONTEXT() REPRESENTATION_CONTEXT('2D SPACE',''
  ) );
#2104 = ORIENTED_EDGE('',*,*,#2105,.F.);
#2105 = EDGE_CURVE('',#2106,#2080,#2108,.T.);
#2106 = VERTEX_POINT('',#2107);
#2107 = CARTESIAN_POINT('',(44.909633230602,21.2,2.5));
#2108 = SURFACE_CURVE('',#2109,(#2126,#2146),.PCURVE_S1.);
#2109 = B_SPLINE_CURVE_WITH_KNOTS('',8,(#2110,#2111,#2112,#2113,#2114,
    #2115,#2116,#2117,#2118,#2119,#2120,#2121,#2122,#2123,#2124,#2125),
  .UNSPECIFIED.,.F.,.F.,(9,7,9),(0.,0.79371790821,1.),.UNSPECIFIED.);
#2110 = CARTESIAN_POINT('',(44.909633230602,21.2,2.5));
#2111 = CARTESIAN_POINT('',(45.028755970007,21.2,2.623428634253));
#2112 = CARTESIAN_POINT('',(45.153821275932,21.217411653179,
    2.739563377493));
#2113 = CARTESIAN_POINT('',(45.283129867521,21.248629201183,
    2.846950610069));
#2114 = CARTESIAN_POINT('',(45.415247213103,21.290914879836,
    2.945193624805));
#2115 = CARTESIAN_POINT('',(45.549005380258,21.342171682421,
    3.034287945563));
#2116 = CARTESIAN_POINT('',(45.683453077632,21.400963232893,
    3.114534699251));
#2117 = CARTESIAN_POINT('',(45.817899686779,21.466363249721,
    3.186257259112));
#2118 = CARTESIAN_POINT('',(45.985418867154,21.556815127484,
    3.26611535205));
#2119 = CARTESIAN_POINT('',(46.019851714855,21.575892856361,
    3.282014457324));
#2120 = CARTESIAN_POINT('',(46.054175183355,21.595407318299,
    3.297362878996));
#2121 = CARTESIAN_POINT('',(46.088385694975,21.615373724034,
    3.312173532122));
#2122 = CARTESIAN_POINT('',(46.122460757643,21.635805271524,
    3.326450520847));
#2123 = CARTESIAN_POINT('',(46.156357608228,21.656713529167,
    3.340190918013));
#2124 = CARTESIAN_POINT('',(46.190011855862,21.678108819016,
    3.353386544773));
#2125 = CARTESIAN_POINT('',(46.223336125275,21.7000006,3.366025750194));
#2126 = PCURVE('',#1764,#2127);
#2127 = DEFINITIONAL_REPRESENTATION('',(#2128),#2145);
#2128 = B_SPLINE_CURVE_WITH_KNOTS('',8,(#2129,#2130,#2131,#2132,#2133,
    #2134,#2135,#2136,#2137,#2138,#2139,#2140,#2141,#2142,#2143,#2144),
  .UNSPECIFIED.,.F.,.F.,(9,7,9),(0.,0.79371790821,1.),.UNSPECIFIED.);
#2129 = CARTESIAN_POINT('',(0.,30.309633230602));
#2130 = CARTESIAN_POINT('',(-0.123428634253,30.428755970007));
#2131 = CARTESIAN_POINT('',(-0.23956401685,30.553821275932));
#2132 = CARTESIAN_POINT('',(-0.34981325695,30.683129867522));
#2133 = CARTESIAN_POINT('',(-0.455239058205,30.815247213103));
#2134 = CARTESIAN_POINT('',(-0.556734195505,30.949005380258));
#2135 = CARTESIAN_POINT('',(-0.655255165959,31.083453077632));
#2136 = CARTESIAN_POINT('',(-0.751751012987,31.217899686779));
#2137 = CARTESIAN_POINT('',(-0.872411102488,31.385418867154));
#2138 = CARTESIAN_POINT('',(-0.897235332756,31.419851714855));
#2139 = CARTESIAN_POINT('',(-0.922045880197,31.454175183355));
#2140 = CARTESIAN_POINT('',(-0.946885822249,31.488385694975));
#2141 = CARTESIAN_POINT('',(-0.97179122976,31.522460757643));
#2142 = CARTESIAN_POINT('',(-0.996793185527,31.556357608228));
#2143 = CARTESIAN_POINT('',(-1.02191980284,31.590011855862));
#2144 = CARTESIAN_POINT('',(-1.047198244017,31.623336125275));
#2145 = ( GEOMETRIC_REPRESENTATION_CONTEXT(2) 
PARAMETRIC_REPRESENTATION_CONTEXT() REPRESENTATION_CONTEXT('2D SPACE',''
  ) );
#2146 = PCURVE('',#2054,#2147);
#2147 = DEFINITIONAL_REPRESENTATION('',(#2148),#2165);
#2148 = B_SPLINE_CURVE_WITH_KNOTS('',8,(#2149,#2150,#2151,#2152,#2153,
    #2154,#2155,#2156,#2157,#2158,#2159,#2160,#2161,#2162,#2163,#2164),
  .UNSPECIFIED.,.F.,.F.,(9,7,9),(0.,0.79371790821,1.),.UNSPECIFIED.);
#2149 = CARTESIAN_POINT('',(5.480036501793,4.8));
#2150 = CARTESIAN_POINT('',(5.527685597555,4.8));
#2151 = CARTESIAN_POINT('',(5.575023109301,4.817411653179));
#2152 = CARTESIAN_POINT('',(5.62159595132,4.848629201183));
#2153 = CARTESIAN_POINT('',(5.667202451366,4.890914879836));
#2154 = CARTESIAN_POINT('',(5.711732972122,4.942171682421));
#2155 = CARTESIAN_POINT('',(5.755141578868,5.000963232893));
#2156 = CARTESIAN_POINT('',(5.797426379694,5.066363249721));
#2157 = CARTESIAN_POINT('',(5.848976420408,5.156815127484));
#2158 = CARTESIAN_POINT('',(5.859510716156,5.175892856361));
#2159 = CARTESIAN_POINT('',(5.869953568819,5.195407318299));
#2160 = CARTESIAN_POINT('',(5.880307341975,5.215373724034));
#2161 = CARTESIAN_POINT('',(5.890568481327,5.235805271524));
#2162 = CARTESIAN_POINT('',(5.900727344643,5.256713529167));
#2163 = CARTESIAN_POINT('',(5.910768031709,5.278108819016));
#2164 = CARTESIAN_POINT('',(5.920668214264,5.3000006));
#2165 = ( GEOMETRIC_REPRESENTATION_CONTEXT(2) 
PARAMETRIC_REPRESENTATION_CONTEXT() REPRESENTATION_CONTEXT('2D SPACE',''
  ) );
#2166 = ORIENTED_EDGE('',*,*,#2167,.F.);
#2167 = EDGE_CURVE('',#1916,#2106,#2168,.T.);
#2168 = SURFACE_CURVE('',#2169,(#2173,#2180),.PCURVE_S1.);
#2169 = LINE('',#2170,#2171);
#2170 = CARTESIAN_POINT('',(14.6,21.2,2.5));
#2171 = VECTOR('',#2172,1.);
#2172 = DIRECTION('',(1.,0.,0.));
#2173 = PCURVE('',#1764,#2174);
#2174 = DEFINITIONAL_REPRESENTATION('',(#2175),#2179);
#2175 = LINE('',#2176,#2177);
#2176 = CARTESIAN_POINT('',(-0.,0.));
#2177 = VECTOR('',#2178,1.);
#2178 = DIRECTION('',(-0.,1.));
#2179 = ( GEOMETRIC_REPRESENTATION_CONTEXT(2) 
PARAMETRIC_REPRESENTATION_CONTEXT() REPRESENTATION_CONTEXT('2D SPACE',''
  ) );
#2180 = PCURVE('',#2000,#2181);
#2181 = DEFINITIONAL_REPRESENTATION('',(#2182),#2186);
#2182 = LINE('',#2183,#2184);
#2183 = CARTESIAN_POINT('',(7.5,0.));
#2184 = VECTOR('',#2185,1.);
#2185 = DIRECTION('',(0.,1.));
#2186 = ( GEOMETRIC_REPRESENTATION_CONTEXT(2) 
PARAMETRIC_REPRESENTATION_CONTEXT() REPRESENTATION_CONTEXT('2D SPACE',''
  ) );
#2187 = ADVANCED_FACE('',(#2188),#2094,.T.);
#2188 = FACE_BOUND('',#2189,.T.);
#2189 = EDGE_LOOP('',(#2190,#2214,#2240,#2262));
#2190 = ORIENTED_EDGE('',*,*,#2191,.T.);
#2191 = EDGE_CURVE('',#2080,#2192,#2194,.T.);
#2192 = VERTEX_POINT('',#2193);
#2193 = CARTESIAN_POINT('',(46.657385022682,21.7,3.5));
#2194 = SURFACE_CURVE('',#2195,(#2200,#2207),.PCURVE_S1.);
#2195 = CIRCLE('',#2196,3.6);
#2196 = AXIS2_PLACEMENT_3D('',#2197,#2198,#2199);
#2197 = CARTESIAN_POINT('',(47.5,21.7,0.));
#2198 = DIRECTION('',(0.,1.,0.));
#2199 = DIRECTION('',(0.,-0.,1.));
#2200 = PCURVE('',#2094,#2201);
#2201 = DEFINITIONAL_REPRESENTATION('',(#2202),#2206);
#2202 = CIRCLE('',#2203,3.6);
#2203 = AXIS2_PLACEMENT_2D('',#2204,#2205);
#2204 = CARTESIAN_POINT('',(0.,0.));
#2205 = DIRECTION('',(1.,0.));
#2206 = ( GEOMETRIC_REPRESENTATION_CONTEXT(2) 
PARAMETRIC_REPRESENTATION_CONTEXT() REPRESENTATION_CONTEXT('2D SPACE',''
  ) );
#2207 = PCURVE('',#2054,#2208);
#2208 = DEFINITIONAL_REPRESENTATION('',(#2209),#2213);
#2209 = LINE('',#2210,#2211);
#2210 = CARTESIAN_POINT('',(0.,5.3));
#2211 = VECTOR('',#2212,1.);
#2212 = DIRECTION('',(1.,0.));
#2213 = ( GEOMETRIC_REPRESENTATION_CONTEXT(2) 
PARAMETRIC_REPRESENTATION_CONTEXT() REPRESENTATION_CONTEXT('2D SPACE',''
  ) );
#2214 = ORIENTED_EDGE('',*,*,#2215,.T.);
#2215 = EDGE_CURVE('',#2192,#2216,#2218,.T.);
#2216 = VERTEX_POINT('',#2217);
#2217 = CARTESIAN_POINT('',(48.342614977318,21.7,3.5));
#2218 = SURFACE_CURVE('',#2219,(#2223,#2229),.PCURVE_S1.);
#2219 = LINE('',#2220,#2221);
#2220 = CARTESIAN_POINT('',(45.,21.7,3.5));
#2221 = VECTOR('',#2222,1.);
#2222 = DIRECTION('',(1.,0.,0.));
#2223 = PCURVE('',#2094,#2224);
#2224 = DEFINITIONAL_REPRESENTATION('',(#2225),#2228);
#2225 = B_SPLINE_CURVE_WITH_KNOTS('',1,(#2226,#2227),.UNSPECIFIED.,.F.,
  .F.,(2,2),(-1.1,6.1),.PIECEWISE_BEZIER_KNOTS.);
#2226 = CARTESIAN_POINT('',(3.5,-3.6));
#2227 = CARTESIAN_POINT('',(3.5,3.6));
#2228 = ( GEOMETRIC_REPRESENTATION_CONTEXT(2) 
PARAMETRIC_REPRESENTATION_CONTEXT() REPRESENTATION_CONTEXT('2D SPACE',''
  ) );
#2229 = PCURVE('',#2230,#2235);
#2230 = PLANE('',#2231);
#2231 = AXIS2_PLACEMENT_3D('',#2232,#2233,#2234);
#2232 = CARTESIAN_POINT('',(42.5,0.,3.5));
#2233 = DIRECTION('',(0.,0.,1.));
#2234 = DIRECTION('',(1.,0.,-0.));
#2235 = DEFINITIONAL_REPRESENTATION('',(#2236),#2239);
#2236 = B_SPLINE_CURVE_WITH_KNOTS('',1,(#2237,#2238),.UNSPECIFIED.,.F.,
  .F.,(2,2),(-1.1,6.1),.PIECEWISE_BEZIER_KNOTS.);
#2237 = CARTESIAN_POINT('',(1.4,21.7));
#2238 = CARTESIAN_POINT('',(8.6,21.7));
#2239 = ( GEOMETRIC_REPRESENTATION_CONTEXT(2) 
PARAMETRIC_REPRESENTATION_CONTEXT() REPRESENTATION_CONTEXT('2D SPACE',''
  ) );
#2240 = ORIENTED_EDGE('',*,*,#2241,.T.);
#2241 = EDGE_CURVE('',#2216,#2013,#2242,.T.);
#2242 = SURFACE_CURVE('',#2243,(#2248,#2255),.PCURVE_S1.);
#2243 = CIRCLE('',#2244,3.6);
#2244 = AXIS2_PLACEMENT_3D('',#2245,#2246,#2247);
#2245 = CARTESIAN_POINT('',(47.5,21.7,0.));
#2246 = DIRECTION('',(0.,1.,0.));
#2247 = DIRECTION('',(0.,-0.,1.));
#2248 = PCURVE('',#2094,#2249);
#2249 = DEFINITIONAL_REPRESENTATION('',(#2250),#2254);
#2250 = CIRCLE('',#2251,3.6);
#2251 = AXIS2_PLACEMENT_2D('',#2252,#2253);
#2252 = CARTESIAN_POINT('',(0.,0.));
#2253 = DIRECTION('',(1.,0.));
#2254 = ( GEOMETRIC_REPRESENTATION_CONTEXT(2) 
PARAMETRIC_REPRESENTATION_CONTEXT() REPRESENTATION_CONTEXT('2D SPACE',''
  ) );
#2255 = PCURVE('',#2054,#2256);
#2256 = DEFINITIONAL_REPRESENTATION('',(#2257),#2261);
#2257 = LINE('',#2258,#2259);
#2258 = CARTESIAN_POINT('',(0.,5.3));
#2259 = VECTOR('',#2260,1.);
#2260 = DIRECTION('',(1.,0.));
#2261 = ( GEOMETRIC_REPRESENTATION_CONTEXT(2) 
PARAMETRIC_REPRESENTATION_CONTEXT() REPRESENTATION_CONTEXT('2D SPACE',''
  ) );
#2262 = ORIENTED_EDGE('',*,*,#2079,.F.);
#2263 = ADVANCED_FACE('',(#2264),#2230,.T.);
#2264 = FACE_BOUND('',#2265,.T.);
#2265 = EDGE_LOOP('',(#2266,#2287,#2313,#2332));
#2266 = ORIENTED_EDGE('',*,*,#2267,.F.);
#2267 = EDGE_CURVE('',#2268,#2192,#2270,.T.);
#2268 = VERTEX_POINT('',#2269);
#2269 = CARTESIAN_POINT('',(46.657385022682,16.4,3.5));
#2270 = SURFACE_CURVE('',#2271,(#2275,#2281),.PCURVE_S1.);
#2271 = LINE('',#2272,#2273);
#2272 = CARTESIAN_POINT('',(46.657385022682,16.4,3.5));
#2273 = VECTOR('',#2274,1.);
#2274 = DIRECTION('',(0.,1.,0.));
#2275 = PCURVE('',#2230,#2276);
#2276 = DEFINITIONAL_REPRESENTATION('',(#2277),#2280);
#2277 = B_SPLINE_CURVE_WITH_KNOTS('',1,(#2278,#2279),.UNSPECIFIED.,.F.,
  .F.,(2,2),(-5.999999999062E-07,5.3000006),.PIECEWISE_BEZIER_KNOTS.);
#2278 = CARTESIAN_POINT('',(4.157385022682,16.3999994));
#2279 = CARTESIAN_POINT('',(4.157385022682,21.7000006));
#2280 = ( GEOMETRIC_REPRESENTATION_CONTEXT(2) 
PARAMETRIC_REPRESENTATION_CONTEXT() REPRESENTATION_CONTEXT('2D SPACE',''
  ) );
#2281 = PCURVE('',#2054,#2282);
#2282 = DEFINITIONAL_REPRESENTATION('',(#2283),#2286);
#2283 = B_SPLINE_CURVE_WITH_KNOTS('',1,(#2284,#2285),.UNSPECIFIED.,.F.,
  .F.,(2,2),(-5.999999999062E-07,5.3000006),.PIECEWISE_BEZIER_KNOTS.);
#2284 = CARTESIAN_POINT('',(6.046934001195,-5.999999999062E-07));
#2285 = CARTESIAN_POINT('',(6.046934001195,5.3000006));
#2286 = ( GEOMETRIC_REPRESENTATION_CONTEXT(2) 
PARAMETRIC_REPRESENTATION_CONTEXT() REPRESENTATION_CONTEXT('2D SPACE',''
  ) );
#2287 = ORIENTED_EDGE('',*,*,#2288,.T.);
#2288 = EDGE_CURVE('',#2268,#2289,#2291,.T.);
#2289 = VERTEX_POINT('',#2290);
#2290 = CARTESIAN_POINT('',(48.342614977318,16.4,3.5));
#2291 = SURFACE_CURVE('',#2292,(#2296,#2302),.PCURVE_S1.);
#2292 = LINE('',#2293,#2294);
#2293 = CARTESIAN_POINT('',(45.,16.4,3.5));
#2294 = VECTOR('',#2295,1.);
#2295 = DIRECTION('',(1.,0.,0.));
#2296 = PCURVE('',#2230,#2297);
#2297 = DEFINITIONAL_REPRESENTATION('',(#2298),#2301);
#2298 = B_SPLINE_CURVE_WITH_KNOTS('',1,(#2299,#2300),.UNSPECIFIED.,.F.,
  .F.,(2,2),(-1.1,6.1),.PIECEWISE_BEZIER_KNOTS.);
#2299 = CARTESIAN_POINT('',(1.4,16.4));
#2300 = CARTESIAN_POINT('',(8.6,16.4));
#2301 = ( GEOMETRIC_REPRESENTATION_CONTEXT(2) 
PARAMETRIC_REPRESENTATION_CONTEXT() REPRESENTATION_CONTEXT('2D SPACE',''
  ) );
#2302 = PCURVE('',#2303,#2308);
#2303 = PLANE('',#2304);
#2304 = AXIS2_PLACEMENT_3D('',#2305,#2306,#2307);
#2305 = CARTESIAN_POINT('',(47.5,16.4,0.));
#2306 = DIRECTION('',(0.,1.,0.));
#2307 = DIRECTION('',(0.,-0.,1.));
#2308 = DEFINITIONAL_REPRESENTATION('',(#2309),#2312);
#2309 = B_SPLINE_CURVE_WITH_KNOTS('',1,(#2310,#2311),.UNSPECIFIED.,.F.,
  .F.,(2,2),(-1.1,6.1),.PIECEWISE_BEZIER_KNOTS.);
#2310 = CARTESIAN_POINT('',(3.5,-3.6));
#2311 = CARTESIAN_POINT('',(3.5,3.6));
#2312 = ( GEOMETRIC_REPRESENTATION_CONTEXT(2) 
PARAMETRIC_REPRESENTATION_CONTEXT() REPRESENTATION_CONTEXT('2D SPACE',''
  ) );
#2313 = ORIENTED_EDGE('',*,*,#2314,.T.);
#2314 = EDGE_CURVE('',#2289,#2216,#2315,.T.);
#2315 = SURFACE_CURVE('',#2316,(#2320,#2326),.PCURVE_S1.);
#2316 = LINE('',#2317,#2318);
#2317 = CARTESIAN_POINT('',(48.342614977318,16.4,3.5));
#2318 = VECTOR('',#2319,1.);
#2319 = DIRECTION('',(0.,1.,0.));
#2320 = PCURVE('',#2230,#2321);
#2321 = DEFINITIONAL_REPRESENTATION('',(#2322),#2325);
#2322 = B_SPLINE_CURVE_WITH_KNOTS('',1,(#2323,#2324),.UNSPECIFIED.,.F.,
  .F.,(2,2),(-5.999999999062E-07,5.3000006),.PIECEWISE_BEZIER_KNOTS.);
#2323 = CARTESIAN_POINT('',(5.842614977318,16.3999994));
#2324 = CARTESIAN_POINT('',(5.842614977318,21.7000006));
#2325 = ( GEOMETRIC_REPRESENTATION_CONTEXT(2) 
PARAMETRIC_REPRESENTATION_CONTEXT() REPRESENTATION_CONTEXT('2D SPACE',''
  ) );
#2326 = PCURVE('',#2054,#2327);
#2327 = DEFINITIONAL_REPRESENTATION('',(#2328),#2331);
#2328 = B_SPLINE_CURVE_WITH_KNOTS('',1,(#2329,#2330),.UNSPECIFIED.,.F.,
  .F.,(2,2),(-5.999999999062E-07,5.3000006),.PIECEWISE_BEZIER_KNOTS.);
#2329 = CARTESIAN_POINT('',(0.236251305985,-5.999999999062E-07));
#2330 = CARTESIAN_POINT('',(0.236251305985,5.3000006));
#2331 = ( GEOMETRIC_REPRESENTATION_CONTEXT(2) 
PARAMETRIC_REPRESENTATION_CONTEXT() REPRESENTATION_CONTEXT('2D SPACE',''
  ) );
#2332 = ORIENTED_EDGE('',*,*,#2215,.F.);
#2333 = ADVANCED_FACE('',(#2334,#2359),#2303,.F.);
#2334 = FACE_BOUND('',#2335,.F.);
#2335 = EDGE_LOOP('',(#2336,#2337));
#2336 = ORIENTED_EDGE('',*,*,#2288,.T.);
#2337 = ORIENTED_EDGE('',*,*,#2338,.T.);
#2338 = EDGE_CURVE('',#2289,#2268,#2339,.T.);
#2339 = SURFACE_CURVE('',#2340,(#2345,#2352),.PCURVE_S1.);
#2340 = CIRCLE('',#2341,3.6);
#2341 = AXIS2_PLACEMENT_3D('',#2342,#2343,#2344);
#2342 = CARTESIAN_POINT('',(47.5,16.4,0.));
#2343 = DIRECTION('',(0.,1.,0.));
#2344 = DIRECTION('',(0.,-0.,1.));
#2345 = PCURVE('',#2303,#2346);
#2346 = DEFINITIONAL_REPRESENTATION('',(#2347),#2351);
#2347 = CIRCLE('',#2348,3.6);
#2348 = AXIS2_PLACEMENT_2D('',#2349,#2350);
#2349 = CARTESIAN_POINT('',(0.,0.));
#2350 = DIRECTION('',(1.,0.));
#2351 = ( GEOMETRIC_REPRESENTATION_CONTEXT(2) 
PARAMETRIC_REPRESENTATION_CONTEXT() REPRESENTATION_CONTEXT('2D SPACE',''
  ) );
#2352 = PCURVE('',#2054,#2353);
#2353 = DEFINITIONAL_REPRESENTATION('',(#2354),#2358);
#2354 = LINE('',#2355,#2356);
#2355 = CARTESIAN_POINT('',(0.,0.));
#2356 = VECTOR('',#2357,1.);
#2357 = DIRECTION('',(1.,0.));
#2358 = ( GEOMETRIC_REPRESENTATION_CONTEXT(2) 
PARAMETRIC_REPRESENTATION_CONTEXT() REPRESENTATION_CONTEXT('2D SPACE',''
  ) );
#2359 = FACE_BOUND('',#2360,.F.);
#2360 = EDGE_LOOP('',(#2361));
#2361 = ORIENTED_EDGE('',*,*,#2362,.T.);
#2362 = EDGE_CURVE('',#2363,#2363,#2365,.T.);
#2363 = VERTEX_POINT('',#2364);
#2364 = CARTESIAN_POINT('',(47.5,16.4,-1.85));
#2365 = SURFACE_CURVE('',#2366,(#2371,#2382),.PCURVE_S1.);
#2366 = CIRCLE('',#2367,1.85);
#2367 = AXIS2_PLACEMENT_3D('',#2368,#2369,#2370);
#2368 = CARTESIAN_POINT('',(47.5,16.4,0.));
#2369 = DIRECTION('',(0.,-1.,0.));
#2370 = DIRECTION('',(0.,-0.,-1.));
#2371 = PCURVE('',#2303,#2372);
#2372 = DEFINITIONAL_REPRESENTATION('',(#2373),#2381);
#2373 = ( BOUNDED_CURVE() B_SPLINE_CURVE(2,(#2374,#2375,#2376,#2377,
#2378,#2379,#2380),.UNSPECIFIED.,.T.,.F.) B_SPLINE_CURVE_WITH_KNOTS((1,2
    ,2,2,2,1),(-2.094395102393,0.,2.094395102393,4.188790204786,
6.28318530718,8.377580409573),.UNSPECIFIED.) CURVE() 
GEOMETRIC_REPRESENTATION_ITEM() RATIONAL_B_SPLINE_CURVE((1.,0.5,1.,0.5,
1.,0.5,1.)) REPRESENTATION_ITEM('') );
#2374 = CARTESIAN_POINT('',(-1.85,0.));
#2375 = CARTESIAN_POINT('',(-1.85,3.204293994002));
#2376 = CARTESIAN_POINT('',(0.925,1.602146997001));
#2377 = CARTESIAN_POINT('',(3.7,4.531193156845E-16));
#2378 = CARTESIAN_POINT('',(0.925,-1.602146997001));
#2379 = CARTESIAN_POINT('',(-1.85,-3.204293994002));
#2380 = CARTESIAN_POINT('',(-1.85,0.));
#2381 = ( GEOMETRIC_REPRESENTATION_CONTEXT(2) 
PARAMETRIC_REPRESENTATION_CONTEXT() REPRESENTATION_CONTEXT('2D SPACE',''
  ) );
#2382 = PCURVE('',#2383,#2388);
#2383 = CYLINDRICAL_SURFACE('',#2384,1.85);
#2384 = AXIS2_PLACEMENT_3D('',#2385,#2386,#2387);
#2385 = CARTESIAN_POINT('',(47.5,25.9,0.));
#2386 = DIRECTION('',(0.,-1.,0.));
#2387 = DIRECTION('',(0.,-0.,-1.));
#2388 = DEFINITIONAL_REPRESENTATION('',(#2389),#2393);
#2389 = LINE('',#2390,#2391);
#2390 = CARTESIAN_POINT('',(0.,9.5));
#2391 = VECTOR('',#2392,1.);
#2392 = DIRECTION('',(1.,0.));
#2393 = ( GEOMETRIC_REPRESENTATION_CONTEXT(2) 
PARAMETRIC_REPRESENTATION_CONTEXT() REPRESENTATION_CONTEXT('2D SPACE',''
  ) );
#2394 = ADVANCED_FACE('',(#2395),#2383,.F.);
#2395 = FACE_BOUND('',#2396,.F.);
#2396 = EDGE_LOOP('',(#2397,#2426,#2447,#2448));
#2397 = ORIENTED_EDGE('',*,*,#2398,.T.);
#2398 = EDGE_CURVE('',#2399,#2399,#2401,.T.);
#2399 = VERTEX_POINT('',#2400);
#2400 = CARTESIAN_POINT('',(47.5,23.25,-1.85));
#2401 = SURFACE_CURVE('',#2402,(#2407,#2414),.PCURVE_S1.);
#2402 = CIRCLE('',#2403,1.85);
#2403 = AXIS2_PLACEMENT_3D('',#2404,#2405,#2406);
#2404 = CARTESIAN_POINT('',(47.5,23.25,0.));
#2405 = DIRECTION('',(0.,-1.,0.));
#2406 = DIRECTION('',(0.,-0.,-1.));
#2407 = PCURVE('',#2383,#2408);
#2408 = DEFINITIONAL_REPRESENTATION('',(#2409),#2413);
#2409 = LINE('',#2410,#2411);
#2410 = CARTESIAN_POINT('',(0.,2.65));
#2411 = VECTOR('',#2412,1.);
#2412 = DIRECTION('',(1.,0.));
#2413 = ( GEOMETRIC_REPRESENTATION_CONTEXT(2) 
PARAMETRIC_REPRESENTATION_CONTEXT() REPRESENTATION_CONTEXT('2D SPACE',''
  ) );
#2414 = PCURVE('',#2415,#2420);
#2415 = CONICAL_SURFACE('',#2416,4.3,0.785398163397);
#2416 = AXIS2_PLACEMENT_3D('',#2417,#2418,#2419);
#2417 = CARTESIAN_POINT('',(47.5,25.7,0.));
#2418 = DIRECTION('',(-0.,1.,-0.));
#2419 = DIRECTION('',(0.,-0.,-1.));
#2420 = DEFINITIONAL_REPRESENTATION('',(#2421),#2425);
#2421 = LINE('',#2422,#2423);
#2422 = CARTESIAN_POINT('',(-0.,-2.45));
#2423 = VECTOR('',#2424,1.);
#2424 = DIRECTION('',(-1.,-0.));
#2425 = ( GEOMETRIC_REPRESENTATION_CONTEXT(2) 
PARAMETRIC_REPRESENTATION_CONTEXT() REPRESENTATION_CONTEXT('2D SPACE',''
  ) );
#2426 = ORIENTED_EDGE('',*,*,#2427,.T.);
#2427 = EDGE_CURVE('',#2399,#2363,#2428,.T.);
#2428 = SEAM_CURVE('',#2429,(#2433,#2440),.PCURVE_S1.);
#2429 = LINE('',#2430,#2431);
#2430 = CARTESIAN_POINT('',(47.5,25.9,-1.85));
#2431 = VECTOR('',#2432,1.);
#2432 = DIRECTION('',(0.,-1.,0.));
#2433 = PCURVE('',#2383,#2434);
#2434 = DEFINITIONAL_REPRESENTATION('',(#2435),#2439);
#2435 = LINE('',#2436,#2437);
#2436 = CARTESIAN_POINT('',(0.,-0.));
#2437 = VECTOR('',#2438,1.);
#2438 = DIRECTION('',(0.,1.));
#2439 = ( GEOMETRIC_REPRESENTATION_CONTEXT(2) 
PARAMETRIC_REPRESENTATION_CONTEXT() REPRESENTATION_CONTEXT('2D SPACE',''
  ) );
#2440 = PCURVE('',#2383,#2441);
#2441 = DEFINITIONAL_REPRESENTATION('',(#2442),#2446);
#2442 = LINE('',#2443,#2444);
#2443 = CARTESIAN_POINT('',(6.28318530718,-0.));
#2444 = VECTOR('',#2445,1.);
#2445 = DIRECTION('',(0.,1.));
#2446 = ( GEOMETRIC_REPRESENTATION_CONTEXT(2) 
PARAMETRIC_REPRESENTATION_CONTEXT() REPRESENTATION_CONTEXT('2D SPACE',''
  ) );
#2447 = ORIENTED_EDGE('',*,*,#2362,.F.);
#2448 = ORIENTED_EDGE('',*,*,#2427,.F.);
#2449 = ADVANCED_FACE('',(#2450),#2415,.F.);
#2450 = FACE_BOUND('',#2451,.F.);
#2451 = EDGE_LOOP('',(#2452,#2475,#2476,#2477,#2538,#2571,#2861,#2894));
#2452 = ORIENTED_EDGE('',*,*,#2453,.T.);
#2453 = EDGE_CURVE('',#2454,#2399,#2456,.T.);
#2454 = VERTEX_POINT('',#2455);
#2455 = CARTESIAN_POINT('',(47.5,25.664410286372,-4.264410286372));
#2456 = SEAM_CURVE('',#2457,(#2461,#2468),.PCURVE_S1.);
#2457 = LINE('',#2458,#2459);
#2458 = CARTESIAN_POINT('',(47.5,25.7,-4.3));
#2459 = VECTOR('',#2460,1.);
#2460 = DIRECTION('',(1.731912112471E-16,-0.707106781187,0.707106781187)
  );
#2461 = PCURVE('',#2415,#2462);
#2462 = DEFINITIONAL_REPRESENTATION('',(#2463),#2467);
#2463 = LINE('',#2464,#2465);
#2464 = CARTESIAN_POINT('',(-6.28318530718,0.));
#2465 = VECTOR('',#2466,1.);
#2466 = DIRECTION('',(-0.,-1.));
#2467 = ( GEOMETRIC_REPRESENTATION_CONTEXT(2) 
PARAMETRIC_REPRESENTATION_CONTEXT() REPRESENTATION_CONTEXT('2D SPACE',''
  ) );
#2468 = PCURVE('',#2415,#2469);
#2469 = DEFINITIONAL_REPRESENTATION('',(#2470),#2474);
#2470 = LINE('',#2471,#2472);
#2471 = CARTESIAN_POINT('',(0.,-0.));
#2472 = VECTOR('',#2473,1.);
#2473 = DIRECTION('',(-0.,-1.));
#2474 = ( GEOMETRIC_REPRESENTATION_CONTEXT(2) 
PARAMETRIC_REPRESENTATION_CONTEXT() REPRESENTATION_CONTEXT('2D SPACE',''
  ) );
#2475 = ORIENTED_EDGE('',*,*,#2398,.F.);
#2476 = ORIENTED_EDGE('',*,*,#2453,.F.);
#2477 = ORIENTED_EDGE('',*,*,#2478,.F.);
#2478 = EDGE_CURVE('',#2479,#2454,#2481,.T.);
#2479 = VERTEX_POINT('',#2480);
#2480 = CARTESIAN_POINT('',(49.077973383806,25.7,-4.));
#2481 = SURFACE_CURVE('',#2482,(#2497,#2515),.PCURVE_S1.);
#2482 = B_SPLINE_CURVE_WITH_KNOTS('',7,(#2483,#2484,#2485,#2486,#2487,
    #2488,#2489,#2490,#2491,#2492,#2493,#2494,#2495,#2496),
  .UNSPECIFIED.,.F.,.F.,(8,6,8),(0.,0.447089130947,1.),.UNSPECIFIED.);
#2483 = CARTESIAN_POINT('',(49.077973438935,25.7,-3.999999978252));
#2484 = CARTESIAN_POINT('',(48.98231616107,25.700000000821,
    -4.037736140267));
#2485 = CARTESIAN_POINT('',(48.88503874487,25.698338886449,
    -4.071241570307));
#2486 = CARTESIAN_POINT('',(48.786572238475,25.695685339793,
    -4.101069858744));
#2487 = CARTESIAN_POINT('',(48.687207221683,25.692440863827,
    -4.127550941474));
#2488 = CARTESIAN_POINT('',(48.587152138396,25.688920354825,
    -4.150962251696));
#2489 = CARTESIAN_POINT('',(48.486527170016,25.685349625817,
    -4.171513440061));
#2490 = CARTESIAN_POINT('',(48.260280660605,25.677646524265,
    -4.21145476214));
#2491 = CARTESIAN_POINT('',(48.134456517256,25.673583857678,
    -4.229405252451));
#2492 = CARTESIAN_POINT('',(48.008082692965,25.670051622768,
    -4.243524393821));
#2493 = CARTESIAN_POINT('',(47.88131637951,25.667265801836,
    -4.253997178821));
#2494 = CARTESIAN_POINT('',(47.754298232662,25.665361856183,
    -4.260938425274));
#2495 = CARTESIAN_POINT('',(47.627155257705,25.664410286372,
    -4.264410286372));
#2496 = CARTESIAN_POINT('',(47.5,25.664410286372,-4.264410286372));
#2497 = PCURVE('',#2415,#2498);
#2498 = DEFINITIONAL_REPRESENTATION('',(#2499),#2514);
#2499 = B_SPLINE_CURVE_WITH_KNOTS('',7,(#2500,#2501,#2502,#2503,#2504,
    #2505,#2506,#2507,#2508,#2509,#2510,#2511,#2512,#2513),
  .UNSPECIFIED.,.F.,.F.,(8,6,8),(0.,0.447089130947,1.),.UNSPECIFIED.);
#2500 = CARTESIAN_POINT('',(-0.375750280007,-8.881784197001E-14));
#2501 = CARTESIAN_POINT('',(-0.351835960335,8.206049576449E-10));
#2502 = CARTESIAN_POINT('',(-0.327932193148,-1.661113550919E-03));
#2503 = CARTESIAN_POINT('',(-0.304023973841,-4.314660206952E-03));
#2504 = CARTESIAN_POINT('',(-0.280110553335,-7.55913617276E-03));
#2505 = CARTESIAN_POINT('',(-0.256188299047,-1.107964517462E-02));
#2506 = CARTESIAN_POINT('',(-0.232248713291,-1.46503741829E-02));
#2507 = CARTESIAN_POINT('',(-0.178624018306,-2.235347573506E-02));
#2508 = CARTESIAN_POINT('',(-0.148938299653,-2.641614232181E-02));
#2509 = CARTESIAN_POINT('',(-0.119206335815,-2.994837723214E-02));
#2510 = CARTESIAN_POINT('',(-8.943356608974E-02,-3.273419816438E-02));
#2511 = CARTESIAN_POINT('',(-5.963273312152E-02,-3.46381438176E-02));
#2512 = CARTESIAN_POINT('',(-2.981778233475E-02,-3.558971362783E-02));
#2513 = CARTESIAN_POINT('',(0.,-3.558971362783E-02));
#2514 = ( GEOMETRIC_REPRESENTATION_CONTEXT(2) 
PARAMETRIC_REPRESENTATION_CONTEXT() REPRESENTATION_CONTEXT('2D SPACE',''
  ) );
#2515 = PCURVE('',#2516,#2521);
#2516 = CYLINDRICAL_SURFACE('',#2517,1.);
#2517 = AXIS2_PLACEMENT_3D('',#2518,#2519,#2520);
#2518 = CARTESIAN_POINT('',(74.8,24.7,-4.));
#2519 = DIRECTION('',(1.,0.,0.));
#2520 = DIRECTION('',(-0.,1.,0.));
#2521 = DEFINITIONAL_REPRESENTATION('',(#2522),#2537);
#2522 = B_SPLINE_CURVE_WITH_KNOTS('',7,(#2523,#2524,#2525,#2526,#2527,
    #2528,#2529,#2530,#2531,#2532,#2533,#2534,#2535,#2536),
  .UNSPECIFIED.,.F.,.F.,(8,6,8),(0.,0.447089130947,1.),.UNSPECIFIED.);
#2523 = CARTESIAN_POINT('',(2.17482032383E-08,-25.72202656106));
#2524 = CARTESIAN_POINT('',(-3.773614026725E-02,-25.81768383893));
#2525 = CARTESIAN_POINT('',(-7.124165739055E-02,-25.91496125513));
#2526 = CARTESIAN_POINT('',(-0.10115719985,-26.01342776152));
#2527 = CARTESIAN_POINT('',(-0.12781477387,-26.11279277831));
#2528 = CARTESIAN_POINT('',(-0.151479454815,-26.2128478616));
#2529 = CARTESIAN_POINT('',(-0.172334880574,-26.31347282998));
#2530 = CARTESIAN_POINT('',(-0.213012232786,-26.53971933939));
#2531 = CARTESIAN_POINT('',(-0.231407376183,-26.66554348274));
#2532 = CARTESIAN_POINT('',(-0.245958091766,-26.79191730703));
#2533 = CARTESIAN_POINT('',(-0.256795088413,-26.91868362049));
#2534 = CARTESIAN_POINT('',(-0.263992371734,-27.04570176733));
#2535 = CARTESIAN_POINT('',(-0.267592395138,-27.17284474229));
#2536 = CARTESIAN_POINT('',(-0.267592395138,-27.3));
#2537 = ( GEOMETRIC_REPRESENTATION_CONTEXT(2) 
PARAMETRIC_REPRESENTATION_CONTEXT() REPRESENTATION_CONTEXT('2D SPACE',''
  ) );
#2538 = ORIENTED_EDGE('',*,*,#2539,.T.);
#2539 = EDGE_CURVE('',#2479,#2540,#2542,.T.);
#2540 = VERTEX_POINT('',#2541);
#2541 = CARTESIAN_POINT('',(50.998571136907,25.7,2.5));
#2542 = SURFACE_CURVE('',#2543,(#2548,#2555),.PCURVE_S1.);
#2543 = CIRCLE('',#2544,4.3);
#2544 = AXIS2_PLACEMENT_3D('',#2545,#2546,#2547);
#2545 = CARTESIAN_POINT('',(47.5,25.7,0.));
#2546 = DIRECTION('',(0.,-1.,0.));
#2547 = DIRECTION('',(0.,-0.,-1.));
#2548 = PCURVE('',#2415,#2549);
#2549 = DEFINITIONAL_REPRESENTATION('',(#2550),#2554);
#2550 = LINE('',#2551,#2552);
#2551 = CARTESIAN_POINT('',(-0.,-0.));
#2552 = VECTOR('',#2553,1.);
#2553 = DIRECTION('',(-1.,-0.));
#2554 = ( GEOMETRIC_REPRESENTATION_CONTEXT(2) 
PARAMETRIC_REPRESENTATION_CONTEXT() REPRESENTATION_CONTEXT('2D SPACE',''
  ) );
#2555 = PCURVE('',#2556,#2561);
#2556 = PLANE('',#2557);
#2557 = AXIS2_PLACEMENT_3D('',#2558,#2559,#2560);
#2558 = CARTESIAN_POINT('',(74.8,25.7,-5.));
#2559 = DIRECTION('',(0.,1.,0.));
#2560 = DIRECTION('',(0.,0.,1.));
#2561 = DEFINITIONAL_REPRESENTATION('',(#2562),#2570);
#2562 = ( BOUNDED_CURVE() B_SPLINE_CURVE(2,(#2563,#2564,#2565,#2566,
#2567,#2568,#2569),.UNSPECIFIED.,.T.,.F.) B_SPLINE_CURVE_WITH_KNOTS((1,2
    ,2,2,2,1),(-2.094395102393,0.,2.094395102393,4.188790204786,
6.28318530718,8.377580409573),.UNSPECIFIED.) CURVE() 
GEOMETRIC_REPRESENTATION_ITEM() RATIONAL_B_SPLINE_CURVE((1.,0.5,1.,0.5,
1.,0.5,1.)) REPRESENTATION_ITEM('') );
#2563 = CARTESIAN_POINT('',(0.7,-27.3));
#2564 = CARTESIAN_POINT('',(0.7,-19.85218152745));
#2565 = CARTESIAN_POINT('',(7.15,-23.57609076372));
#2566 = CARTESIAN_POINT('',(13.6,-27.3));
#2567 = CARTESIAN_POINT('',(7.15,-31.02390923627));
#2568 = CARTESIAN_POINT('',(0.7,-34.74781847254));
#2569 = CARTESIAN_POINT('',(0.7,-27.3));
#2570 = ( GEOMETRIC_REPRESENTATION_CONTEXT(2) 
PARAMETRIC_REPRESENTATION_CONTEXT() REPRESENTATION_CONTEXT('2D SPACE',''
  ) );
#2571 = ORIENTED_EDGE('',*,*,#2572,.T.);
#2572 = EDGE_CURVE('',#2540,#2573,#2575,.T.);
#2573 = VERTEX_POINT('',#2574);
#2574 = CARTESIAN_POINT('',(44.001428863093,25.7,2.5));
#2575 = SURFACE_CURVE('',#2576,(#2669,#2765),.PCURVE_S1.);
#2576 = B_SPLINE_CURVE_WITH_KNOTS('',7,(#2577,#2578,#2579,#2580,#2581,
    #2582,#2583,#2584,#2585,#2586,#2587,#2588,#2589,#2590,#2591,#2592,
    #2593,#2594,#2595,#2596,#2597,#2598,#2599,#2600,#2601,#2602,#2603,
    #2604,#2605,#2606,#2607,#2608,#2609,#2610,#2611,#2612,#2613,#2614,
    #2615,#2616,#2617,#2618,#2619,#2620,#2621,#2622,#2623,#2624,#2625,
    #2626,#2627,#2628,#2629,#2630,#2631,#2632,#2633,#2634,#2635,#2636,
    #2637,#2638,#2639,#2640,#2641,#2642,#2643,#2644,#2645,#2646,#2647,
    #2648,#2649,#2650,#2651,#2652,#2653,#2654,#2655,#2656,#2657,#2658,
    #2659,#2660,#2661,#2662,#2663,#2664,#2665,#2666,#2667,#2668),
  .UNSPECIFIED.,.F.,.F.,(8,6,6,6,6,6,6,6,6,6,6,6,6,6,6,8),(0.,
    4.078089981292E-02,9.009693436905E-02,0.150369528285,0.199656759152,
    0.256324659304,0.392127422545,0.50000415918,0.607880895042,
    0.743683657171,0.800122450055,0.84903723023,0.891884372641,
    0.929249208168,0.96706617217,1.),.UNSPECIFIED.);
#2577 = CARTESIAN_POINT('',(50.99857115324,25.7,2.499999977143));
#2578 = CARTESIAN_POINT('',(50.971737706054,25.700000000858,
    2.53755146867));
#2579 = CARTESIAN_POINT('',(50.94310872198,25.698354813566,
    2.573791890347));
#2580 = CARTESIAN_POINT('',(50.912984939849,25.695271525147,
    2.608658349405));
#2581 = CARTESIAN_POINT('',(50.881630481046,25.690944789929,
    2.642141348627));
#2582 = CARTESIAN_POINT('',(50.849261093511,25.685545474996,
    2.674269474439));
#2583 = CARTESIAN_POINT('',(50.816037141987,25.679215111861,
    2.705098804294));
#2584 = CARTESIAN_POINT('',(50.740974668902,25.663420974025,
    2.770512041423));
#2585 = CARTESIAN_POINT('',(50.698815476726,25.653584369673,
    2.804507831967));
#2586 = CARTESIAN_POINT('',(50.65578387758,25.642760676817,
    2.836821008459));
#2587 = CARTESIAN_POINT('',(50.612035532586,25.631109881351,
    2.867560487644));
#2588 = CARTESIAN_POINT('',(50.567688291807,25.618760277218,
    2.896827716953));
#2589 = CARTESIAN_POINT('',(50.522825147042,25.605815370615,
    2.924721028896));
#2590 = CARTESIAN_POINT('',(50.422090506281,25.575904202818,
    2.983859877792));
#2591 = CARTESIAN_POINT('',(50.366009167377,25.558689957341,
    3.014460978305));
#2592 = CARTESIAN_POINT('',(50.309355837275,25.540864921764,
    3.043300297872));
#2593 = CARTESIAN_POINT('',(50.252211620553,25.522548447137,
    3.070507140395));
#2594 = CARTESIAN_POINT('',(50.19463659123,25.503837840573,
    3.096191907751));
#2595 = CARTESIAN_POINT('',(50.136671734759,25.484814749264,
    3.120453625382));
#2596 = CARTESIAN_POINT('',(50.030637363869,25.449790463865,
    3.162128392995));
#2597 = CARTESIAN_POINT('',(49.982694415136,25.433871981627,
    3.179982044623));
#2598 = CARTESIAN_POINT('',(49.93452552229,25.417829524075,
    3.196988193733));
#2599 = CARTESIAN_POINT('',(49.886143281197,25.401697405787,
    3.213188129085));
#2600 = CARTESIAN_POINT('',(49.83755723149,25.385506790156,
    3.228618646607));
#2601 = CARTESIAN_POINT('',(49.788773959773,25.369286498331,
    3.243313171153));
#2602 = CARTESIAN_POINT('',(49.683486269461,25.334411822419,
    3.273387517444));
#2603 = CARTESIAN_POINT('',(49.62692082047,25.3157570744,3.288540067134)
  );
#2604 = CARTESIAN_POINT('',(49.570106943625,25.29714100242,
    3.302807437814));
#2605 = CARTESIAN_POINT('',(49.513048493198,25.278603136613,
    3.316231645504));
#2606 = CARTESIAN_POINT('',(49.455747014822,25.26018191008,3.3288509142)
  );
#2607 = CARTESIAN_POINT('',(49.398201670365,25.24191546004,
    3.340700778315));
#2608 = CARTESIAN_POINT('',(49.201911314788,25.180531003096,
    3.378450496316));
#2609 = CARTESIAN_POINT('',(49.062035333902,25.13834333047,
    3.400853925194));
#2610 = CARTESIAN_POINT('',(48.920681013885,25.097791149002,
    3.419505655863));
#2611 = CARTESIAN_POINT('',(48.777771187084,25.059437648276,
    3.434793773602));
#2612 = CARTESIAN_POINT('',(48.633249767548,25.023932832942,
    3.447098529646));
#2613 = CARTESIAN_POINT('',(48.487063313334,24.992046183109,
    3.456828689344));
#2614 = CARTESIAN_POINT('',(48.221757012642,24.942733153103,
    3.470357187255));
#2615 = CARTESIAN_POINT('',(48.103256498415,24.923682134669,
    3.474963630178));
#2616 = CARTESIAN_POINT('',(47.983791533938,24.907821096993,
    3.478375668635));
#2617 = CARTESIAN_POINT('',(47.863497061535,24.895556030297,
    3.480774567645));
#2618 = CARTESIAN_POINT('',(47.742565736273,24.887247950846,
    3.482321720659));
#2619 = CARTESIAN_POINT('',(47.621274082719,24.883095189485,
    3.483095189484));
#2620 = CARTESIAN_POINT('',(47.378725918152,24.883095189485,
    3.483095189484));
#2621 = CARTESIAN_POINT('',(47.257434265666,24.887247950787,
    3.48232172067));
#2622 = CARTESIAN_POINT('',(47.136502941529,24.895556030093,
    3.480774567683));
#2623 = CARTESIAN_POINT('',(47.016208470206,24.907821096572,
    3.478375668716));
#2624 = CARTESIAN_POINT('',(46.896743506753,24.923682133983,
    3.474963630326));
#2625 = CARTESIAN_POINT('',(46.778242993504,24.942733152116,
    3.470357187493));
#2626 = CARTESIAN_POINT('',(46.512936695249,24.992046181318,
    3.456828689876));
#2627 = CARTESIAN_POINT('',(46.366750242429,25.023932830628,
    3.447098530403));
#2628 = CARTESIAN_POINT('',(46.222228824233,25.059437645406,
    3.434793774651));
#2629 = CARTESIAN_POINT('',(46.079318998782,25.097791145549,
    3.419505657292));
#2630 = CARTESIAN_POINT('',(45.93796468005,25.138343326439,
    3.400853927089));
#2631 = CARTESIAN_POINT('',(45.79808870045,25.18053099849,3.378450498788
    ));
#2632 = CARTESIAN_POINT('',(45.602032000208,25.241842385873,
    3.340745717027));
#2633 = CARTESIAN_POINT('',(45.544718308392,25.260034208028,
    3.328946721314));
#2634 = CARTESIAN_POINT('',(45.487646528601,25.278379713007,
    3.316384666989));
#2635 = CARTESIAN_POINT('',(45.430815826613,25.296841220734,
    3.303024455324));
#2636 = CARTESIAN_POINT('',(45.374227709652,25.315380764302,
    3.288828344186));
#2637 = CARTESIAN_POINT('',(45.317885952415,25.333959305917,
    3.273754869192));
#2638 = CARTESIAN_POINT('',(45.213184531854,25.368636095243,
    3.243893279099));
#2639 = CARTESIAN_POINT('',(45.164762989951,25.384734519547,
    3.229335285005));
#2640 = CARTESIAN_POINT('',(45.116535533685,25.400804573244,
    3.214053368957));
#2641 = CARTESIAN_POINT('',(45.068508546228,25.416818125902,
    3.198014934267));
#2642 = CARTESIAN_POINT('',(45.020691254864,25.432744795877,
    3.181184128119));
#2643 = CARTESIAN_POINT('',(44.973095828224,25.44855117701,
    3.163520768497));
#2644 = CARTESIAN_POINT('',(44.884253689669,25.477907786045,
    3.128737755234));
#2645 = CARTESIAN_POINT('',(44.84295300826,25.491494278321,
    3.111822933922));
#2646 = CARTESIAN_POINT('',(44.801845115498,25.504934553642,
    3.094203685441));
#2647 = CARTESIAN_POINT('',(44.760943488314,25.518200815475,
    3.075846593036));
#2648 = CARTESIAN_POINT('',(44.720265661676,25.531261515314,
    3.056714776773));
#2649 = CARTESIAN_POINT('',(44.6798334959,25.544080408743,3.036766725372
    ));
#2650 = CARTESIAN_POINT('',(44.604651884713,25.567546930647,
    2.997806381891));
#2651 = CARTESIAN_POINT('',(44.569839065476,25.578261958622,
    2.979001885406));
#2652 = CARTESIAN_POINT('',(44.535251655744,25.588732994895,
    2.959509519436));
#2653 = CARTESIAN_POINT('',(44.500912021383,25.598928203324,
    2.939295417288));
#2654 = CARTESIAN_POINT('',(44.466848670403,25.608810487169,
    2.91832288684));
#2655 = CARTESIAN_POINT('',(44.433096698752,25.618336364109,
    2.896551332652));
#2656 = CARTESIAN_POINT('',(44.365895639574,25.636683655416,
    2.851045359572));
#2657 = CARTESIAN_POINT('',(44.33246047016,25.645493728588,
    2.827294006518));
#2658 = CARTESIAN_POINT('',(44.299432327034,25.65383303645,
    2.802630953036));
#2659 = CARTESIAN_POINT('',(44.26686803781,25.661638901377,
    2.777006792302));
#2660 = CARTESIAN_POINT('',(44.234842521851,25.668835964878,
    2.750372294266));
#2661 = CARTESIAN_POINT('',(44.203449653571,25.675334160012,
    2.722677823385));
#2662 = CARTESIAN_POINT('',(44.146113847597,25.685984157354,
    2.668787159368));
#2663 = CARTESIAN_POINT('',(44.119998083033,25.690328990011,
    2.642865906904));
#2664 = CARTESIAN_POINT('',(44.094527378877,25.693992052553,
    2.61607406329));
#2665 = CARTESIAN_POINT('',(44.069801232401,25.696889722712,2.5883882135
    ));
#2666 = CARTESIAN_POINT('',(44.045943495829,25.698926896577,
    2.559800973319));
#2667 = CARTESIAN_POINT('',(44.023098780845,25.7,2.530325499515));
#2668 = CARTESIAN_POINT('',(44.001428863093,25.7,2.5));
#2669 = PCURVE('',#2415,#2670);
#2670 = DEFINITIONAL_REPRESENTATION('',(#2671),#2764);
#2671 = B_SPLINE_CURVE_WITH_KNOTS('',7,(#2672,#2673,#2674,#2675,#2676,
    #2677,#2678,#2679,#2680,#2681,#2682,#2683,#2684,#2685,#2686,#2687,
    #2688,#2689,#2690,#2691,#2692,#2693,#2694,#2695,#2696,#2697,#2698,
    #2699,#2700,#2701,#2702,#2703,#2704,#2705,#2706,#2707,#2708,#2709,
    #2710,#2711,#2712,#2713,#2714,#2715,#2716,#2717,#2718,#2719,#2720,
    #2721,#2722,#2723,#2724,#2725,#2726,#2727,#2728,#2729,#2730,#2731,
    #2732,#2733,#2734,#2735,#2736,#2737,#2738,#2739,#2740,#2741,#2742,
    #2743,#2744,#2745,#2746,#2747,#2748,#2749,#2750,#2751,#2752,#2753,
    #2754,#2755,#2756,#2757,#2758,#2759,#2760,#2761,#2762,#2763),
  .UNSPECIFIED.,.F.,.F.,(8,6,6,6,6,6,6,6,6,6,6,6,6,6,6,8),(0.,
    4.078089981292E-02,9.009693436905E-02,0.150369528285,0.199656759152,
    0.256324659304,0.392127422545,0.50000415918,0.607880895042,
    0.743683657171,0.800122450055,0.84903723023,0.891884372641,
    0.929249208168,0.96706617217,1.),.UNSPECIFIED.);
#2672 = CARTESIAN_POINT('',(-2.191238948061,-9.015010959956E-14));
#2673 = CARTESIAN_POINT('',(-2.201972327312,8.582078027586E-10));
#2674 = CARTESIAN_POINT('',(-2.212700398665,-1.64518643364E-03));
#2675 = CARTESIAN_POINT('',(-2.22338990178,-4.728474853378E-03));
#2676 = CARTESIAN_POINT('',(-2.234018857417,-9.055210071062E-03));
#2677 = CARTESIAN_POINT('',(-2.244575326261,-1.445452500414E-02));
#2678 = CARTESIAN_POINT('',(-2.255057157592,-2.078488813872E-02));
#2679 = CARTESIAN_POINT('',(-2.278068198238,-3.657902597474E-02));
#2680 = CARTESIAN_POINT('',(-2.290558497677,-4.641563032729E-02));
#2681 = CARTESIAN_POINT('',(-2.302953506525,-5.723932318297E-02));
#2682 = CARTESIAN_POINT('',(-2.315261935311,-6.889011864899E-02));
#2683 = CARTESIAN_POINT('',(-2.327493739818,-8.123972278195E-02));
#2684 = CARTESIAN_POINT('',(-2.339661717623,-9.418462938497E-02));
#2685 = CARTESIAN_POINT('',(-2.366595685093,-0.124095797182));
#2686 = CARTESIAN_POINT('',(-2.381332577369,-0.141310042659));
#2687 = CARTESIAN_POINT('',(-2.396018045604,-0.159135078237));
#2688 = CARTESIAN_POINT('',(-2.410672166299,-0.177451552863));
#2689 = CARTESIAN_POINT('',(-2.425313127698,-0.196162159427));
#2690 = CARTESIAN_POINT('',(-2.43995914461,-0.215185250736));
#2691 = CARTESIAN_POINT('',(-2.466625417246,-0.250209536136));
#2692 = CARTESIAN_POINT('',(-2.478636594783,-0.266128018373));
#2693 = CARTESIAN_POINT('',(-2.490672083888,-0.282170475925));
#2694 = CARTESIAN_POINT('',(-2.502740446366,-0.298302594213));
#2695 = CARTESIAN_POINT('',(-2.514849687319,-0.314493209844));
#2696 = CARTESIAN_POINT('',(-2.527007517818,-0.330713501669));
#2697 = CARTESIAN_POINT('',(-2.553264755597,-0.365588177581));
#2698 = CARTESIAN_POINT('',(-2.567381960733,-0.3842429256));
#2699 = CARTESIAN_POINT('',(-2.581584703784,-0.40285899758));
#2700 = CARTESIAN_POINT('',(-2.595883671224,-0.421396863387));
#2701 = CARTESIAN_POINT('',(-2.610288969795,-0.43981808992));
#2702 = CARTESIAN_POINT('',(-2.624810331096,-0.45808453996));
#2703 = CARTESIAN_POINT('',(-2.67455833531,-0.519468996904));
#2704 = CARTESIAN_POINT('',(-2.710370275554,-0.56165666953));
#2705 = CARTESIAN_POINT('',(-2.747037819074,-0.602208850998));
#2706 = CARTESIAN_POINT('',(-2.784671358765,-0.640562351724));
#2707 = CARTESIAN_POINT('',(-2.823352892733,-0.676067167058));
#2708 = CARTESIAN_POINT('',(-2.863119653224,-0.707953816891));
#2709 = CARTESIAN_POINT('',(-2.936349889803,-0.757266846897));
#2710 = CARTESIAN_POINT('',(-2.969427018351,-0.776317865331));
#2711 = CARTESIAN_POINT('',(-3.003117766643,-0.792178903007));
#2712 = CARTESIAN_POINT('',(-3.037337561974,-0.804443969703));
#2713 = CARTESIAN_POINT('',(-3.071951832544,-0.812752049154));
#2714 = CARTESIAN_POINT('',(-3.106774747067,-0.816904810515));
#2715 = CARTESIAN_POINT('',(-3.176410559863,-0.816904810515));
#2716 = CARTESIAN_POINT('',(-3.211233474079,-0.812752049213));
#2717 = CARTESIAN_POINT('',(-3.245847744328,-0.804443969907));
#2718 = CARTESIAN_POINT('',(-3.280067539358,-0.792178903428));
#2719 = CARTESIAN_POINT('',(-3.313758287371,-0.776317866017));
#2720 = CARTESIAN_POINT('',(-3.346835415662,-0.757266847884));
#2721 = CARTESIAN_POINT('',(-3.420065651611,-0.707953818682));
#2722 = CARTESIAN_POINT('',(-3.459832411754,-0.676067169372));
#2723 = CARTESIAN_POINT('',(-3.498513945402,-0.640562354594));
#2724 = CARTESIAN_POINT('',(-3.536147484781,-0.602208854452));
#2725 = CARTESIAN_POINT('',(-3.572815028013,-0.561656673561));
#2726 = CARTESIAN_POINT('',(-3.608626967971,-0.519469001511));
#2727 = CARTESIAN_POINT('',(-3.658315754418,-0.458157614127));
#2728 = CARTESIAN_POINT('',(-3.67277891389,-0.439965791972));
#2729 = CARTESIAN_POINT('',(-3.687126908377,-0.421620286994));
#2730 = CARTESIAN_POINT('',(-3.701369350572,-0.403158779266));
#2731 = CARTESIAN_POINT('',(-3.715516222716,-0.384619235698));
#2732 = CARTESIAN_POINT('',(-3.729578076603,-0.366040694083));
#2733 = CARTESIAN_POINT('',(-3.755689590391,-0.331363904757));
#2734 = CARTESIAN_POINT('',(-3.767757360039,-0.315265480453));
#2735 = CARTESIAN_POINT('',(-3.779777037491,-0.299195426756));
#2736 = CARTESIAN_POINT('',(-3.79175615197,-0.283181874098));
#2737 = CARTESIAN_POINT('',(-3.803702518048,-0.267255204123));
#2738 = CARTESIAN_POINT('',(-3.815624486747,-0.25144882299));
#2739 = CARTESIAN_POINT('',(-3.837960937738,-0.222092213955));
#2740 = CARTESIAN_POINT('',(-3.848378665519,-0.20850572168));
#2741 = CARTESIAN_POINT('',(-3.858790729482,-0.195065446358));
#2742 = CARTESIAN_POINT('',(-3.869203404946,-0.181799184526));
#2743 = CARTESIAN_POINT('',(-3.879623182269,-0.168738484686));
#2744 = CARTESIAN_POINT('',(-3.890057056089,-0.155919591257));
#2745 = CARTESIAN_POINT('',(-3.909630755071,-0.132453069353));
#2746 = CARTESIAN_POINT('',(-3.91876486434,-0.121738041378));
#2747 = CARTESIAN_POINT('',(-3.927920616816,-0.111267005105));
#2748 = CARTESIAN_POINT('',(-3.937103128258,-0.101071796676));
#2749 = CARTESIAN_POINT('',(-3.946317449354,-9.118951283143E-02));
#2750 = CARTESIAN_POINT('',(-3.955568859343,-8.166363589077E-02));
#2751 = CARTESIAN_POINT('',(-3.974269924435,-6.331634458371E-02));
#2752 = CARTESIAN_POINT('',(-3.983719138592,-5.450627141197E-02));
#2753 = CARTESIAN_POINT('',(-3.993218040592,-4.616696355038E-02));
#2754 = CARTESIAN_POINT('',(-4.002771752059,-3.836109862312E-02));
#2755 = CARTESIAN_POINT('',(-4.012383701736,-3.116403512209E-02));
#2756 = CARTESIAN_POINT('',(-4.022056049472,-2.466583998808E-02));
#2757 = CARTESIAN_POINT('',(-4.040267255022,-1.401584264624E-02));
#2758 = CARTESIAN_POINT('',(-4.048788926315,-9.671009989289E-03));
#2759 = CARTESIAN_POINT('',(-4.057356737641,-6.007947446761E-03));
#2760 = CARTESIAN_POINT('',(-4.065967367424,-3.110277288097E-03));
#2761 = CARTESIAN_POINT('',(-4.07461243647,-1.073103423364E-03));
#2762 = CARTESIAN_POINT('',(-4.083278385485,-9.062141782897E-14));
#2763 = CARTESIAN_POINT('',(-4.091946352586,-9.059419880941E-14));
#2764 = ( GEOMETRIC_REPRESENTATION_CONTEXT(2) 
PARAMETRIC_REPRESENTATION_CONTEXT() REPRESENTATION_CONTEXT('2D SPACE',''
  ) );
#2765 = PCURVE('',#1190,#2766);
#2766 = DEFINITIONAL_REPRESENTATION('',(#2767),#2860);
#2767 = B_SPLINE_CURVE_WITH_KNOTS('',7,(#2768,#2769,#2770,#2771,#2772,
    #2773,#2774,#2775,#2776,#2777,#2778,#2779,#2780,#2781,#2782,#2783,
    #2784,#2785,#2786,#2787,#2788,#2789,#2790,#2791,#2792,#2793,#2794,
    #2795,#2796,#2797,#2798,#2799,#2800,#2801,#2802,#2803,#2804,#2805,
    #2806,#2807,#2808,#2809,#2810,#2811,#2812,#2813,#2814,#2815,#2816,
    #2817,#2818,#2819,#2820,#2821,#2822,#2823,#2824,#2825,#2826,#2827,
    #2828,#2829,#2830,#2831,#2832,#2833,#2834,#2835,#2836,#2837,#2838,
    #2839,#2840,#2841,#2842,#2843,#2844,#2845,#2846,#2847,#2848,#2849,
    #2850,#2851,#2852,#2853,#2854,#2855,#2856,#2857,#2858,#2859),
  .UNSPECIFIED.,.F.,.F.,(8,6,6,6,6,6,6,6,6,6,6,6,6,6,6,8),(0.,
    4.078089981292E-02,9.009693436905E-02,0.150369528285,0.199656759152,
    0.256324659304,0.392127422545,0.50000415918,0.607880895042,
    0.743683657171,0.800122450055,0.84903723023,0.891884372641,
    0.929249208168,0.96706617217,1.),.UNSPECIFIED.);
#2768 = CARTESIAN_POINT('',(-2.285656020007E-08,-23.80142884676));
#2769 = CARTESIAN_POINT('',(3.755146866981E-02,-23.82826229394));
#2770 = CARTESIAN_POINT('',(7.379186887215E-02,-23.85689127802));
#2771 = CARTESIAN_POINT('',(0.108744899086,-23.88701506015));
#2772 = CARTESIAN_POINT('',(0.142460035167,-23.91836951895));
#2773 = CARTESIAN_POINT('',(0.175004202838,-23.95073890648));
#2774 = CARTESIAN_POINT('',(0.206458103659,-23.98396285801));
#2775 = CARTESIAN_POINT('',(0.273751092756,-24.05902533109));
#2776 = CARTESIAN_POINT('',(0.309106013514,-24.10118452327));
#2777 = CARTESIAN_POINT('',(0.343138414085,-24.14421612242));
#2778 = CARTESIAN_POINT('',(0.375969413737,-24.18796446741));
#2779 = CARTESIAN_POINT('',(0.407703129696,-24.23231170819));
#2780 = CARTESIAN_POINT('',(0.438436396223,-24.27717485295));
#2781 = CARTESIAN_POINT('',(0.504709176516,-24.37790949371));
#2782 = CARTESIAN_POINT('',(0.539785643379,-24.43399083262));
#2783 = CARTESIAN_POINT('',(0.5736445266,-24.49064416272));
#2784 = CARTESIAN_POINT('',(0.606400308638,-24.54778837944));
#2785 = CARTESIAN_POINT('',(0.638144934262,-24.60536340877));
#2786 = CARTESIAN_POINT('',(0.668957547115,-24.66332826524));
#2787 = CARTESIAN_POINT('',(0.723395464263,-24.76936263613));
#2788 = CARTESIAN_POINT('',(0.747304943217,-24.81730558486));
#2789 = CARTESIAN_POINT('',(0.770669263264,-24.86547447771));
#2790 = CARTESIAN_POINT('',(0.793517028493,-24.9138567188));
#2791 = CARTESIAN_POINT('',(0.815871464407,-24.96244276851));
#2792 = CARTESIAN_POINT('',(0.837751560818,-25.01122604022));
#2793 = CARTESIAN_POINT('',(0.883802720681,-25.11651373053));
#2794 = CARTESIAN_POINT('',(0.907825631289,-25.17307917953));
#2795 = CARTESIAN_POINT('',(0.931265474509,-25.22989305637));
#2796 = CARTESIAN_POINT('',(0.95413893234,-25.2869515068));
#2797 = CARTESIAN_POINT('',(0.976456583904,-25.34425298517));
#2798 = CARTESIAN_POINT('',(0.998223648495,-25.40179832963));
#2799 = CARTESIAN_POINT('',(1.070286765021,-25.59808868521));
#2800 = CARTESIAN_POINT('',(1.117958733143,-25.73796466609));
#2801 = CARTESIAN_POINT('',(1.16248695676,-25.87931898611));
#2802 = CARTESIAN_POINT('',(1.203689209014,-26.02222881291));
#2803 = CARTESIAN_POINT('',(1.24122224033,-26.16675023245));
#2804 = CARTESIAN_POINT('',(1.274546935967,-26.31293668666));
#2805 = CARTESIAN_POINT('',(1.325682004013,-26.57824298735));
#2806 = CARTESIAN_POINT('',(1.34527291338,-26.69674350158));
#2807 = CARTESIAN_POINT('',(1.361490347505,-26.81620846606));
#2808 = CARTESIAN_POINT('',(1.373987262859,-26.93650293846));
#2809 = CARTESIAN_POINT('',(1.382438213084,-27.05743426372));
#2810 = CARTESIAN_POINT('',(1.386662380076,-27.17872591728));
#2811 = CARTESIAN_POINT('',(1.386662380076,-27.42127408184));
#2812 = CARTESIAN_POINT('',(1.382438213144,-27.54256573433));
#2813 = CARTESIAN_POINT('',(1.373987263067,-27.66349705847));
#2814 = CARTESIAN_POINT('',(1.361490347934,-27.78379152979));
#2815 = CARTESIAN_POINT('',(1.345272914082,-27.90325649324));
#2816 = CARTESIAN_POINT('',(1.325682005028,-28.02175700649));
#2817 = CARTESIAN_POINT('',(1.274546937835,-28.28706330475));
#2818 = CARTESIAN_POINT('',(1.241222242763,-28.43324975757));
#2819 = CARTESIAN_POINT('',(1.203689212065,-28.57777117576));
#2820 = CARTESIAN_POINT('',(1.162486960491,-28.72068100121));
#2821 = CARTESIAN_POINT('',(1.117958737588,-28.86203531995));
#2822 = CARTESIAN_POINT('',(1.07028677024,-29.00191129955));
#2823 = CARTESIAN_POINT('',(0.998309434984,-29.19796799979));
#2824 = CARTESIAN_POINT('',(0.976632585637,-29.2552816916));
#2825 = CARTESIAN_POINT('',(0.954409596224,-29.31235347139));
#2826 = CARTESIAN_POINT('',(0.931635329409,-29.36918417338));
#2827 = CARTESIAN_POINT('',(0.908299374814,-29.42577229034));
#2828 = CARTESIAN_POINT('',(0.884385322874,-29.48211404758));
#2829 = CARTESIAN_POINT('',(0.838622955357,-29.58681546814));
#2830 = CARTESIAN_POINT('',(0.816924672295,-29.63523701004));
#2831 = CARTESIAN_POINT('',(0.794759734107,-29.68346446631));
#2832 = CARTESIAN_POINT('',(0.77210967811,-29.73149145377));
#2833 = CARTESIAN_POINT('',(0.748951943425,-29.77930874513));
#2834 = CARTESIAN_POINT('',(0.725258780056,-29.82690417177));
#2835 = CARTESIAN_POINT('',(0.679743194751,-29.91574631033));
#2836 = CARTESIAN_POINT('',(0.658053924469,-29.95704699174));
#2837 = CARTESIAN_POINT('',(0.635904841829,-29.9981548845));
#2838 = CARTESIAN_POINT('',(0.613269934999,-30.03905651168));
#2839 = CARTESIAN_POINT('',(0.590119243908,-30.07973433832));
#2840 = CARTESIAN_POINT('',(0.566417418541,-30.1201665041));
#2841 = CARTESIAN_POINT('',(0.520935707773,-30.19534811528));
#2842 = CARTESIAN_POINT('',(0.499299055603,-30.23016093452));
#2843 = CARTESIAN_POINT('',(0.477183393639,-30.26474834425));
#2844 = CARTESIAN_POINT('',(0.454557821022,-30.29908797861));
#2845 = CARTESIAN_POINT('',(0.431387814189,-30.33315132959));
#2846 = CARTESIAN_POINT('',(0.40763357794,-30.36690330124));
#2847 = CARTESIAN_POINT('',(0.358568145259,-30.43410436042));
#2848 = CARTESIAN_POINT('',(0.333245541006,-30.46753952984));
#2849 = CARTESIAN_POINT('',(0.307228590938,-30.50056767296));
#2850 = CARTESIAN_POINT('',(0.280464996931,-30.53313196219));
#2851 = CARTESIAN_POINT('',(0.252899369083,-30.56515747814));
#2852 = CARTESIAN_POINT('',(0.224470439249,-30.59655034642));
#2853 = CARTESIAN_POINT('',(0.169537515499,-30.6538861524));
#2854 = CARTESIAN_POINT('',(0.143265682097,-30.68000191696));
#2855 = CARTESIAN_POINT('',(0.116244765127,-30.70547262112));
#2856 = CARTESIAN_POINT('',(8.843380412864E-02,-30.73019876759));
#2857 = CARTESIAN_POINT('',(5.980094532194E-02,-30.75405650417));
#2858 = CARTESIAN_POINT('',(3.03254995146E-02,-30.77690121915));
#2859 = CARTESIAN_POINT('',(0.,-30.7985711369));
#2860 = ( GEOMETRIC_REPRESENTATION_CONTEXT(2) 
PARAMETRIC_REPRESENTATION_CONTEXT() REPRESENTATION_CONTEXT('2D SPACE',''
  ) );
#2861 = ORIENTED_EDGE('',*,*,#2862,.T.);
#2862 = EDGE_CURVE('',#2573,#2863,#2865,.T.);
#2863 = VERTEX_POINT('',#2864);
#2864 = CARTESIAN_POINT('',(45.922026616194,25.7,-4.));
#2865 = SURFACE_CURVE('',#2866,(#2871,#2878),.PCURVE_S1.);
#2866 = CIRCLE('',#2867,4.3);
#2867 = AXIS2_PLACEMENT_3D('',#2868,#2869,#2870);
#2868 = CARTESIAN_POINT('',(47.5,25.7,0.));
#2869 = DIRECTION('',(0.,-1.,0.));
#2870 = DIRECTION('',(0.,-0.,-1.));
#2871 = PCURVE('',#2415,#2872);
#2872 = DEFINITIONAL_REPRESENTATION('',(#2873),#2877);
#2873 = LINE('',#2874,#2875);
#2874 = CARTESIAN_POINT('',(-0.,-0.));
#2875 = VECTOR('',#2876,1.);
#2876 = DIRECTION('',(-1.,-0.));
#2877 = ( GEOMETRIC_REPRESENTATION_CONTEXT(2) 
PARAMETRIC_REPRESENTATION_CONTEXT() REPRESENTATION_CONTEXT('2D SPACE',''
  ) );
#2878 = PCURVE('',#2879,#2884);
#2879 = PLANE('',#2880);
#2880 = AXIS2_PLACEMENT_3D('',#2881,#2882,#2883);
#2881 = CARTESIAN_POINT('',(74.8,25.7,-5.));
#2882 = DIRECTION('',(0.,1.,0.));
#2883 = DIRECTION('',(0.,0.,1.));
#2884 = DEFINITIONAL_REPRESENTATION('',(#2885),#2893);
#2885 = ( BOUNDED_CURVE() B_SPLINE_CURVE(2,(#2886,#2887,#2888,#2889,
#2890,#2891,#2892),.UNSPECIFIED.,.T.,.F.) B_SPLINE_CURVE_WITH_KNOTS((1,2
    ,2,2,2,1),(-2.094395102393,0.,2.094395102393,4.188790204786,
6.28318530718,8.377580409573),.UNSPECIFIED.) CURVE() 
GEOMETRIC_REPRESENTATION_ITEM() RATIONAL_B_SPLINE_CURVE((1.,0.5,1.,0.5,
1.,0.5,1.)) REPRESENTATION_ITEM('') );
#2886 = CARTESIAN_POINT('',(0.7,-27.3));
#2887 = CARTESIAN_POINT('',(0.7,-19.85218152745));
#2888 = CARTESIAN_POINT('',(7.15,-23.57609076372));
#2889 = CARTESIAN_POINT('',(13.6,-27.3));
#2890 = CARTESIAN_POINT('',(7.15,-31.02390923627));
#2891 = CARTESIAN_POINT('',(0.7,-34.74781847254));
#2892 = CARTESIAN_POINT('',(0.7,-27.3));
#2893 = ( GEOMETRIC_REPRESENTATION_CONTEXT(2) 
PARAMETRIC_REPRESENTATION_CONTEXT() REPRESENTATION_CONTEXT('2D SPACE',''
  ) );
#2894 = ORIENTED_EDGE('',*,*,#2895,.T.);
#2895 = EDGE_CURVE('',#2863,#2454,#2896,.T.);
#2896 = SURFACE_CURVE('',#2897,(#2912,#2930),.PCURVE_S1.);
#2897 = B_SPLINE_CURVE_WITH_KNOTS('',7,(#2898,#2899,#2900,#2901,#2902,
    #2903,#2904,#2905,#2906,#2907,#2908,#2909,#2910,#2911),
  .UNSPECIFIED.,.F.,.F.,(8,6,8),(0.,0.447100661425,1.),.UNSPECIFIED.);
#2898 = CARTESIAN_POINT('',(45.922026616194,25.7,-4.));
#2899 = CARTESIAN_POINT('',(46.017686358046,25.7,-4.037737131636));
#2900 = CARTESIAN_POINT('',(46.114966320286,25.698338799562,
    -4.071243313191));
#2901 = CARTESIAN_POINT('',(46.213435423438,25.695685133068,
    -4.101072178523));
#2902 = CARTESIAN_POINT('',(46.312803069734,25.692440527851,
    -4.127553683604));
#2903 = CARTESIAN_POINT('',(46.41286080281,25.688919899382,
    -4.150965279167));
#2904 = CARTESIAN_POINT('',(46.513488436152,25.685349072068,
    -4.171516627024));
#2905 = CARTESIAN_POINT('',(46.739735107029,25.677646015123,
    -4.211457011593));
#2906 = CARTESIAN_POINT('',(46.865556679156,25.673583488894,
    -4.229406726815));
#2907 = CARTESIAN_POINT('',(46.99192789657,25.67005139004,
    -4.243525268635));
#2908 = CARTESIAN_POINT('',(47.11869157915,25.667265682484,
    -4.253997613793));
#2909 = CARTESIAN_POINT('',(47.245707080084,25.665361816423,
    -4.260938570482));
#2910 = CARTESIAN_POINT('',(47.372847400864,25.664410286372,
    -4.264410286372));
#2911 = CARTESIAN_POINT('',(47.5,25.664410286372,-4.264410286372));
#2912 = PCURVE('',#2415,#2913);
#2913 = DEFINITIONAL_REPRESENTATION('',(#2914),#2929);
#2914 = B_SPLINE_CURVE_WITH_KNOTS('',7,(#2915,#2916,#2917,#2918,#2919,
    #2920,#2921,#2922,#2923,#2924,#2925,#2926,#2927,#2928),
  .UNSPECIFIED.,.F.,.F.,(8,6,8),(0.,0.447100661425,1.),.UNSPECIFIED.);
#2915 = CARTESIAN_POINT('',(-5.907435040955,-1.820765760385E-14));
#2916 = CARTESIAN_POINT('',(-5.931349976418,-1.827149032555E-14));
#2917 = CARTESIAN_POINT('',(-5.955254358562,-1.661200438844E-03));
#2918 = CARTESIAN_POINT('',(-5.979163193615,-4.314866931943E-03));
#2919 = CARTESIAN_POINT('',(-6.003077230586,-7.559472149609E-03));
#2920 = CARTESIAN_POINT('',(-6.027000102222,-1.108010061769E-02));
#2921 = CARTESIAN_POINT('',(-6.050940306727,-1.465092793171E-02));
#2922 = CARTESIAN_POINT('',(-6.10456500893,-2.235398487708E-02));
#2923 = CARTESIAN_POINT('',(-6.134250112255,-2.641651110636E-02));
#2924 = CARTESIAN_POINT('',(-6.163981458456,-2.994860995988E-02));
#2925 = CARTESIAN_POINT('',(-6.193753608334,-3.27343175163E-02));
#2926 = CARTESIAN_POINT('',(-6.2235538199,-3.463818357727E-02));
#2927 = CARTESIAN_POINT('',(-6.253368148277,-3.558971362783E-02));
#2928 = CARTESIAN_POINT('',(-6.28318530718,-3.558971362783E-02));
#2929 = ( GEOMETRIC_REPRESENTATION_CONTEXT(2) 
PARAMETRIC_REPRESENTATION_CONTEXT() REPRESENTATION_CONTEXT('2D SPACE',''
  ) );
#2930 = PCURVE('',#2516,#2931);
#2931 = DEFINITIONAL_REPRESENTATION('',(#2932),#2947);
#2932 = B_SPLINE_CURVE_WITH_KNOTS('',7,(#2933,#2934,#2935,#2936,#2937,
    #2938,#2939,#2940,#2941,#2942,#2943,#2944,#2945,#2946),
  .UNSPECIFIED.,.F.,.F.,(8,6,8),(0.,0.447100661425,1.),.UNSPECIFIED.);
#2933 = CARTESIAN_POINT('',(0.,-28.8779733838));
#2934 = CARTESIAN_POINT('',(-3.773713163592E-02,-28.78231364195));
#2935 = CARTESIAN_POINT('',(-7.124340032469E-02,-28.68503367971));
#2936 = CARTESIAN_POINT('',(-0.101159526417,-28.58656457656));
#2937 = CARTESIAN_POINT('',(-0.127817534337,-28.48719693026));
#2938 = CARTESIAN_POINT('',(-0.151482515036,-28.38713919719));
#2939 = CARTESIAN_POINT('',(-0.172338114736,-28.28651156384));
#2940 = CARTESIAN_POINT('',(-0.213014537954,-28.06026489297));
#2941 = CARTESIAN_POINT('',(-0.231408895626,-27.93444332084));
#2942 = CARTESIAN_POINT('',(-0.245958997,-27.80807210343));
#2943 = CARTESIAN_POINT('',(-0.256795539421,-27.68130842085));
#2944 = CARTESIAN_POINT('',(-0.263992522309,-27.55429291991));
#2945 = CARTESIAN_POINT('',(-0.267592395138,-27.42715259913));
#2946 = CARTESIAN_POINT('',(-0.267592395138,-27.3));
#2947 = ( GEOMETRIC_REPRESENTATION_CONTEXT(2) 
PARAMETRIC_REPRESENTATION_CONTEXT() REPRESENTATION_CONTEXT('2D SPACE',''
  ) );
#2948 = ADVANCED_FACE('',(#2949),#2556,.T.);
#2949 = FACE_BOUND('',#2950,.T.);
#2950 = EDGE_LOOP('',(#2951,#2974,#3002,#3023));
#2951 = ORIENTED_EDGE('',*,*,#2952,.F.);
#2952 = EDGE_CURVE('',#2953,#2540,#2955,.T.);
#2953 = VERTEX_POINT('',#2954);
#2954 = CARTESIAN_POINT('',(79.4,25.7,2.5));
#2955 = SURFACE_CURVE('',#2956,(#2960,#2967),.PCURVE_S1.);
#2956 = LINE('',#2957,#2958);
#2957 = CARTESIAN_POINT('',(79.4,25.7,2.5));
#2958 = VECTOR('',#2959,1.);
#2959 = DIRECTION('',(-1.,0.,-1.375981844265E-15));
#2960 = PCURVE('',#2556,#2961);
#2961 = DEFINITIONAL_REPRESENTATION('',(#2962),#2966);
#2962 = LINE('',#2963,#2964);
#2963 = CARTESIAN_POINT('',(7.5,4.6));
#2964 = VECTOR('',#2965,1.);
#2965 = DIRECTION('',(-1.375981844265E-15,-1.));
#2966 = ( GEOMETRIC_REPRESENTATION_CONTEXT(2) 
PARAMETRIC_REPRESENTATION_CONTEXT() REPRESENTATION_CONTEXT('2D SPACE',''
  ) );
#2967 = PCURVE('',#1190,#2968);
#2968 = DEFINITIONAL_REPRESENTATION('',(#2969),#2973);
#2969 = LINE('',#2970,#2971);
#2970 = CARTESIAN_POINT('',(0.,4.6));
#2971 = VECTOR('',#2972,1.);
#2972 = DIRECTION('',(-0.,-1.));
#2973 = ( GEOMETRIC_REPRESENTATION_CONTEXT(2) 
PARAMETRIC_REPRESENTATION_CONTEXT() REPRESENTATION_CONTEXT('2D SPACE',''
  ) );
#2974 = ORIENTED_EDGE('',*,*,#2975,.F.);
#2975 = EDGE_CURVE('',#2976,#2953,#2978,.T.);
#2976 = VERTEX_POINT('',#2977);
#2977 = CARTESIAN_POINT('',(79.4,25.7,-4.));
#2978 = SURFACE_CURVE('',#2979,(#2983,#2990),.PCURVE_S1.);
#2979 = LINE('',#2980,#2981);
#2980 = CARTESIAN_POINT('',(79.4,25.7,-5.));
#2981 = VECTOR('',#2982,1.);
#2982 = DIRECTION('',(0.,0.,1.));
#2983 = PCURVE('',#2556,#2984);
#2984 = DEFINITIONAL_REPRESENTATION('',(#2985),#2989);
#2985 = LINE('',#2986,#2987);
#2986 = CARTESIAN_POINT('',(0.,4.6));
#2987 = VECTOR('',#2988,1.);
#2988 = DIRECTION('',(1.,0.));
#2989 = ( GEOMETRIC_REPRESENTATION_CONTEXT(2) 
PARAMETRIC_REPRESENTATION_CONTEXT() REPRESENTATION_CONTEXT('2D SPACE',''
  ) );
#2990 = PCURVE('',#2991,#2996);
#2991 = CYLINDRICAL_SURFACE('',#2992,1.);
#2992 = AXIS2_PLACEMENT_3D('',#2993,#2994,#2995);
#2993 = CARTESIAN_POINT('',(79.4,24.7,-5.));
#2994 = DIRECTION('',(0.,0.,1.));
#2995 = DIRECTION('',(1.,0.,-0.));
#2996 = DEFINITIONAL_REPRESENTATION('',(#2997),#3001);
#2997 = LINE('',#2998,#2999);
#2998 = CARTESIAN_POINT('',(1.570796326795,0.));
#2999 = VECTOR('',#3000,1.);
#3000 = DIRECTION('',(0.,1.));
#3001 = ( GEOMETRIC_REPRESENTATION_CONTEXT(2) 
PARAMETRIC_REPRESENTATION_CONTEXT() REPRESENTATION_CONTEXT('2D SPACE',''
  ) );
#3002 = ORIENTED_EDGE('',*,*,#3003,.T.);
#3003 = EDGE_CURVE('',#2976,#2479,#3004,.T.);
#3004 = SURFACE_CURVE('',#3005,(#3009,#3016),.PCURVE_S1.);
#3005 = LINE('',#3006,#3007);
#3006 = CARTESIAN_POINT('',(79.4,25.7,-4.));
#3007 = VECTOR('',#3008,1.);
#3008 = DIRECTION('',(-1.,0.,-2.343322050185E-16));
#3009 = PCURVE('',#2556,#3010);
#3010 = DEFINITIONAL_REPRESENTATION('',(#3011),#3015);
#3011 = LINE('',#3012,#3013);
#3012 = CARTESIAN_POINT('',(1.,4.6));
#3013 = VECTOR('',#3014,1.);
#3014 = DIRECTION('',(-2.343322050185E-16,-1.));
#3015 = ( GEOMETRIC_REPRESENTATION_CONTEXT(2) 
PARAMETRIC_REPRESENTATION_CONTEXT() REPRESENTATION_CONTEXT('2D SPACE',''
  ) );
#3016 = PCURVE('',#2516,#3017);
#3017 = DEFINITIONAL_REPRESENTATION('',(#3018),#3022);
#3018 = LINE('',#3019,#3020);
#3019 = CARTESIAN_POINT('',(-0.,4.6));
#3020 = VECTOR('',#3021,1.);
#3021 = DIRECTION('',(-0.,-1.));
#3022 = ( GEOMETRIC_REPRESENTATION_CONTEXT(2) 
PARAMETRIC_REPRESENTATION_CONTEXT() REPRESENTATION_CONTEXT('2D SPACE',''
  ) );
#3023 = ORIENTED_EDGE('',*,*,#2539,.T.);
#3024 = ADVANCED_FACE('',(#3025),#2991,.T.);
#3025 = FACE_BOUND('',#3026,.T.);
#3026 = EDGE_LOOP('',(#3027,#3052,#3079,#3080));
#3027 = ORIENTED_EDGE('',*,*,#3028,.F.);
#3028 = EDGE_CURVE('',#3029,#3031,#3033,.T.);
#3029 = VERTEX_POINT('',#3030);
#3030 = CARTESIAN_POINT('',(80.4,24.7,-4.));
#3031 = VERTEX_POINT('',#3032);
#3032 = CARTESIAN_POINT('',(80.4,24.7,2.5));
#3033 = SURFACE_CURVE('',#3034,(#3038,#3045),.PCURVE_S1.);
#3034 = LINE('',#3035,#3036);
#3035 = CARTESIAN_POINT('',(80.4,24.7,-5.));
#3036 = VECTOR('',#3037,1.);
#3037 = DIRECTION('',(0.,0.,1.));
#3038 = PCURVE('',#2991,#3039);
#3039 = DEFINITIONAL_REPRESENTATION('',(#3040),#3044);
#3040 = LINE('',#3041,#3042);
#3041 = CARTESIAN_POINT('',(0.,0.));
#3042 = VECTOR('',#3043,1.);
#3043 = DIRECTION('',(0.,1.));
#3044 = ( GEOMETRIC_REPRESENTATION_CONTEXT(2) 
PARAMETRIC_REPRESENTATION_CONTEXT() REPRESENTATION_CONTEXT('2D SPACE',''
  ) );
#3045 = PCURVE('',#1107,#3046);
#3046 = DEFINITIONAL_REPRESENTATION('',(#3047),#3051);
#3047 = LINE('',#3048,#3049);
#3048 = CARTESIAN_POINT('',(-5.,-24.7));
#3049 = VECTOR('',#3050,1.);
#3050 = DIRECTION('',(1.,0.));
#3051 = ( GEOMETRIC_REPRESENTATION_CONTEXT(2) 
PARAMETRIC_REPRESENTATION_CONTEXT() REPRESENTATION_CONTEXT('2D SPACE',''
  ) );
#3052 = ORIENTED_EDGE('',*,*,#3053,.T.);
#3053 = EDGE_CURVE('',#3029,#2976,#3054,.T.);
#3054 = SURFACE_CURVE('',#3055,(#3060,#3067),.PCURVE_S1.);
#3055 = CIRCLE('',#3056,1.);
#3056 = AXIS2_PLACEMENT_3D('',#3057,#3058,#3059);
#3057 = CARTESIAN_POINT('',(79.4,24.7,-4.));
#3058 = DIRECTION('',(0.,0.,1.));
#3059 = DIRECTION('',(1.,0.,-0.));
#3060 = PCURVE('',#2991,#3061);
#3061 = DEFINITIONAL_REPRESENTATION('',(#3062),#3066);
#3062 = LINE('',#3063,#3064);
#3063 = CARTESIAN_POINT('',(0.,1.));
#3064 = VECTOR('',#3065,1.);
#3065 = DIRECTION('',(1.,0.));
#3066 = ( GEOMETRIC_REPRESENTATION_CONTEXT(2) 
PARAMETRIC_REPRESENTATION_CONTEXT() REPRESENTATION_CONTEXT('2D SPACE',''
  ) );
#3067 = PCURVE('',#3068,#3073);
#3068 = SPHERICAL_SURFACE('',#3069,1.);
#3069 = AXIS2_PLACEMENT_3D('',#3070,#3071,#3072);
#3070 = CARTESIAN_POINT('',(79.4,24.7,-4.));
#3071 = DIRECTION('',(0.,0.,1.));
#3072 = DIRECTION('',(1.,0.,-0.));
#3073 = DEFINITIONAL_REPRESENTATION('',(#3074),#3078);
#3074 = LINE('',#3075,#3076);
#3075 = CARTESIAN_POINT('',(0.,0.));
#3076 = VECTOR('',#3077,1.);
#3077 = DIRECTION('',(1.,0.));
#3078 = ( GEOMETRIC_REPRESENTATION_CONTEXT(2) 
PARAMETRIC_REPRESENTATION_CONTEXT() REPRESENTATION_CONTEXT('2D SPACE',''
  ) );
#3079 = ORIENTED_EDGE('',*,*,#2975,.T.);
#3080 = ORIENTED_EDGE('',*,*,#3081,.T.);
#3081 = EDGE_CURVE('',#2953,#3031,#3082,.T.);
#3082 = SURFACE_CURVE('',#3083,(#3088,#3094),.PCURVE_S1.);
#3083 = CIRCLE('',#3084,1.);
#3084 = AXIS2_PLACEMENT_3D('',#3085,#3086,#3087);
#3085 = CARTESIAN_POINT('',(79.4,24.7,2.5));
#3086 = DIRECTION('',(0.,0.,-1.));
#3087 = DIRECTION('',(1.,0.,0.));
#3088 = PCURVE('',#2991,#3089);
#3089 = DEFINITIONAL_REPRESENTATION('',(#3090),#3093);
#3090 = B_SPLINE_CURVE_WITH_KNOTS('',1,(#3091,#3092),.UNSPECIFIED.,.F.,
  .F.,(2,2),(4.712388980385,6.28318530718),.PIECEWISE_BEZIER_KNOTS.);
#3091 = CARTESIAN_POINT('',(1.570796326795,7.5));
#3092 = CARTESIAN_POINT('',(0.,7.5));
#3093 = ( GEOMETRIC_REPRESENTATION_CONTEXT(2) 
PARAMETRIC_REPRESENTATION_CONTEXT() REPRESENTATION_CONTEXT('2D SPACE',''
  ) );
#3094 = PCURVE('',#3095,#3100);
#3095 = SPHERICAL_SURFACE('',#3096,1.);
#3096 = AXIS2_PLACEMENT_3D('',#3097,#3098,#3099);
#3097 = CARTESIAN_POINT('',(79.4,24.7,2.5));
#3098 = DIRECTION('',(-0.,-1.,-0.));
#3099 = DIRECTION('',(1.,-0.,0.));
#3100 = DEFINITIONAL_REPRESENTATION('',(#3101),#3104);
#3101 = B_SPLINE_CURVE_WITH_KNOTS('',1,(#3102,#3103),.UNSPECIFIED.,.F.,
  .F.,(2,2),(4.712388980385,6.28318530718),.PIECEWISE_BEZIER_KNOTS.);
#3102 = CARTESIAN_POINT('',(0.,-1.570796326795));
#3103 = CARTESIAN_POINT('',(0.,0.));
#3104 = ( GEOMETRIC_REPRESENTATION_CONTEXT(2) 
PARAMETRIC_REPRESENTATION_CONTEXT() REPRESENTATION_CONTEXT('2D SPACE',''
  ) );
#3105 = ADVANCED_FACE('',(#3106),#3095,.T.);
#3106 = FACE_BOUND('',#3107,.T.);
#3107 = EDGE_LOOP('',(#3108,#3109,#3129));
#3108 = ORIENTED_EDGE('',*,*,#3081,.F.);
#3109 = ORIENTED_EDGE('',*,*,#3110,.T.);
#3110 = EDGE_CURVE('',#2953,#1147,#3111,.T.);
#3111 = SURFACE_CURVE('',#3112,(#3117,#3123),.PCURVE_S1.);
#3112 = CIRCLE('',#3113,1.);
#3113 = AXIS2_PLACEMENT_3D('',#3114,#3115,#3116);
#3114 = CARTESIAN_POINT('',(79.4,24.7,2.5));
#3115 = DIRECTION('',(1.,0.,-6.123233995737E-17));
#3116 = DIRECTION('',(6.123233995737E-17,0.,1.));
#3117 = PCURVE('',#3095,#3118);
#3118 = DEFINITIONAL_REPRESENTATION('',(#3119),#3122);
#3119 = B_SPLINE_CURVE_WITH_KNOTS('',1,(#3120,#3121),.UNSPECIFIED.,.F.,
  .F.,(2,2),(4.712388980385,6.28318530718),.PIECEWISE_BEZIER_KNOTS.);
#3120 = CARTESIAN_POINT('',(1.570796326795,-1.570796326795));
#3121 = CARTESIAN_POINT('',(1.570796326795,0.));
#3122 = ( GEOMETRIC_REPRESENTATION_CONTEXT(2) 
PARAMETRIC_REPRESENTATION_CONTEXT() REPRESENTATION_CONTEXT('2D SPACE',''
  ) );
#3123 = PCURVE('',#1190,#3124);
#3124 = DEFINITIONAL_REPRESENTATION('',(#3125),#3128);
#3125 = B_SPLINE_CURVE_WITH_KNOTS('',1,(#3126,#3127),.UNSPECIFIED.,.F.,
  .F.,(2,2),(4.712388980385,6.28318530718),.PIECEWISE_BEZIER_KNOTS.);
#3126 = CARTESIAN_POINT('',(0.,4.6));
#3127 = CARTESIAN_POINT('',(1.570796326795,4.6));
#3128 = ( GEOMETRIC_REPRESENTATION_CONTEXT(2) 
PARAMETRIC_REPRESENTATION_CONTEXT() REPRESENTATION_CONTEXT('2D SPACE',''
  ) );
#3129 = ORIENTED_EDGE('',*,*,#3130,.F.);
#3130 = EDGE_CURVE('',#3031,#1147,#3131,.T.);
#3131 = SURFACE_CURVE('',#3132,(#3137,#3144),.PCURVE_S1.);
#3132 = CIRCLE('',#3133,1.);
#3133 = AXIS2_PLACEMENT_3D('',#3134,#3135,#3136);
#3134 = CARTESIAN_POINT('',(79.4,24.7,2.5));
#3135 = DIRECTION('',(-0.,-1.,0.));
#3136 = DIRECTION('',(1.,-0.,0.));
#3137 = PCURVE('',#3095,#3138);
#3138 = DEFINITIONAL_REPRESENTATION('',(#3139),#3143);
#3139 = LINE('',#3140,#3141);
#3140 = CARTESIAN_POINT('',(0.,0.));
#3141 = VECTOR('',#3142,1.);
#3142 = DIRECTION('',(1.,0.));
#3143 = ( GEOMETRIC_REPRESENTATION_CONTEXT(2) 
PARAMETRIC_REPRESENTATION_CONTEXT() REPRESENTATION_CONTEXT('2D SPACE',''
  ) );
#3144 = PCURVE('',#1162,#3145);
#3145 = DEFINITIONAL_REPRESENTATION('',(#3146),#3150);
#3146 = LINE('',#3147,#3148);
#3147 = CARTESIAN_POINT('',(-0.,53.7));
#3148 = VECTOR('',#3149,1.);
#3149 = DIRECTION('',(-1.,0.));
#3150 = ( GEOMETRIC_REPRESENTATION_CONTEXT(2) 
PARAMETRIC_REPRESENTATION_CONTEXT() REPRESENTATION_CONTEXT('2D SPACE',''
  ) );
#3151 = ADVANCED_FACE('',(#3152),#3068,.T.);
#3152 = FACE_BOUND('',#3153,.T.);
#3153 = EDGE_LOOP('',(#3154,#3181,#3201));
#3154 = ORIENTED_EDGE('',*,*,#3155,.F.);
#3155 = EDGE_CURVE('',#3156,#3029,#3158,.T.);
#3156 = VERTEX_POINT('',#3157);
#3157 = CARTESIAN_POINT('',(79.4,24.7,-5.));
#3158 = SURFACE_CURVE('',#3159,(#3164,#3170),.PCURVE_S1.);
#3159 = CIRCLE('',#3160,1.);
#3160 = AXIS2_PLACEMENT_3D('',#3161,#3162,#3163);
#3161 = CARTESIAN_POINT('',(79.4,24.7,-4.));
#3162 = DIRECTION('',(0.,-1.,0.));
#3163 = DIRECTION('',(1.,0.,0.));
#3164 = PCURVE('',#3068,#3165);
#3165 = DEFINITIONAL_REPRESENTATION('',(#3166),#3169);
#3166 = B_SPLINE_CURVE_WITH_KNOTS('',1,(#3167,#3168),.UNSPECIFIED.,.F.,
  .F.,(2,2),(4.712388980385,6.28318530718),.PIECEWISE_BEZIER_KNOTS.);
#3167 = CARTESIAN_POINT('',(0.,-1.570796326795));
#3168 = CARTESIAN_POINT('',(0.,0.));
#3169 = ( GEOMETRIC_REPRESENTATION_CONTEXT(2) 
PARAMETRIC_REPRESENTATION_CONTEXT() REPRESENTATION_CONTEXT('2D SPACE',''
  ) );
#3170 = PCURVE('',#3171,#3176);
#3171 = CYLINDRICAL_SURFACE('',#3172,1.);
#3172 = AXIS2_PLACEMENT_3D('',#3173,#3174,#3175);
#3173 = CARTESIAN_POINT('',(79.4,-29.,-4.));
#3174 = DIRECTION('',(0.,1.,0.));
#3175 = DIRECTION('',(1.,0.,-0.));
#3176 = DEFINITIONAL_REPRESENTATION('',(#3177),#3180);
#3177 = B_SPLINE_CURVE_WITH_KNOTS('',1,(#3178,#3179),.UNSPECIFIED.,.F.,
  .F.,(2,2),(4.712388980385,6.28318530718),.PIECEWISE_BEZIER_KNOTS.);
#3178 = CARTESIAN_POINT('',(1.570796326795,53.7));
#3179 = CARTESIAN_POINT('',(0.,53.7));
#3180 = ( GEOMETRIC_REPRESENTATION_CONTEXT(2) 
PARAMETRIC_REPRESENTATION_CONTEXT() REPRESENTATION_CONTEXT('2D SPACE',''
  ) );
#3181 = ORIENTED_EDGE('',*,*,#3182,.T.);
#3182 = EDGE_CURVE('',#3156,#2976,#3183,.T.);
#3183 = SURFACE_CURVE('',#3184,(#3189,#3195),.PCURVE_S1.);
#3184 = CIRCLE('',#3185,1.);
#3185 = AXIS2_PLACEMENT_3D('',#3186,#3187,#3188);
#3186 = CARTESIAN_POINT('',(79.4,24.7,-4.));
#3187 = DIRECTION('',(1.,-6.123233995737E-17,0.));
#3188 = DIRECTION('',(6.123233995737E-17,1.,0.));
#3189 = PCURVE('',#3068,#3190);
#3190 = DEFINITIONAL_REPRESENTATION('',(#3191),#3194);
#3191 = B_SPLINE_CURVE_WITH_KNOTS('',1,(#3192,#3193),.UNSPECIFIED.,.F.,
  .F.,(2,2),(4.712388980385,6.28318530718),.PIECEWISE_BEZIER_KNOTS.);
#3192 = CARTESIAN_POINT('',(1.570796326795,-1.570796326795));
#3193 = CARTESIAN_POINT('',(1.570796326795,0.));
#3194 = ( GEOMETRIC_REPRESENTATION_CONTEXT(2) 
PARAMETRIC_REPRESENTATION_CONTEXT() REPRESENTATION_CONTEXT('2D SPACE',''
  ) );
#3195 = PCURVE('',#2516,#3196);
#3196 = DEFINITIONAL_REPRESENTATION('',(#3197),#3200);
#3197 = B_SPLINE_CURVE_WITH_KNOTS('',1,(#3198,#3199),.UNSPECIFIED.,.F.,
  .F.,(2,2),(4.712388980385,6.28318530718),.PIECEWISE_BEZIER_KNOTS.);
#3198 = CARTESIAN_POINT('',(-1.570796326795,4.6));
#3199 = CARTESIAN_POINT('',(0.,4.6));
#3200 = ( GEOMETRIC_REPRESENTATION_CONTEXT(2) 
PARAMETRIC_REPRESENTATION_CONTEXT() REPRESENTATION_CONTEXT('2D SPACE',''
  ) );
#3201 = ORIENTED_EDGE('',*,*,#3053,.F.);
#3202 = ADVANCED_FACE('',(#3203),#3171,.T.);
#3203 = FACE_BOUND('',#3204,.T.);
#3204 = EDGE_LOOP('',(#3205,#3228,#3328,#3354));
#3205 = ORIENTED_EDGE('',*,*,#3206,.F.);
#3206 = EDGE_CURVE('',#3207,#3029,#3209,.T.);
#3207 = VERTEX_POINT('',#3208);
#3208 = CARTESIAN_POINT('',(80.4,5.12347538298,-4.));
#3209 = SURFACE_CURVE('',#3210,(#3214,#3221),.PCURVE_S1.);
#3210 = LINE('',#3211,#3212);
#3211 = CARTESIAN_POINT('',(80.4,5.12347538298,-4.));
#3212 = VECTOR('',#3213,1.);
#3213 = DIRECTION('',(0.,1.,2.132369587685E-15));
#3214 = PCURVE('',#3171,#3215);
#3215 = DEFINITIONAL_REPRESENTATION('',(#3216),#3220);
#3216 = LINE('',#3217,#3218);
#3217 = CARTESIAN_POINT('',(0.,34.12347538298));
#3218 = VECTOR('',#3219,1.);
#3219 = DIRECTION('',(0.,1.));
#3220 = ( GEOMETRIC_REPRESENTATION_CONTEXT(2) 
PARAMETRIC_REPRESENTATION_CONTEXT() REPRESENTATION_CONTEXT('2D SPACE',''
  ) );
#3221 = PCURVE('',#1107,#3222);
#3222 = DEFINITIONAL_REPRESENTATION('',(#3223),#3227);
#3223 = LINE('',#3224,#3225);
#3224 = CARTESIAN_POINT('',(-4.,-5.12347538298));
#3225 = VECTOR('',#3226,1.);
#3226 = DIRECTION('',(2.132369587685E-15,-1.));
#3227 = ( GEOMETRIC_REPRESENTATION_CONTEXT(2) 
PARAMETRIC_REPRESENTATION_CONTEXT() REPRESENTATION_CONTEXT('2D SPACE',''
  ) );
#3228 = ORIENTED_EDGE('',*,*,#3229,.T.);
#3229 = EDGE_CURVE('',#3207,#3230,#3232,.T.);
#3230 = VERTEX_POINT('',#3231);
#3231 = CARTESIAN_POINT('',(79.4,4.153311931459,-5.));
#3232 = SURFACE_CURVE('',#3233,(#3261,#3292),.PCURVE_S1.);
#3233 = B_SPLINE_CURVE_WITH_KNOTS('',6,(#3234,#3235,#3236,#3237,#3238,
    #3239,#3240,#3241,#3242,#3243,#3244,#3245,#3246,#3247,#3248,#3249,
    #3250,#3251,#3252,#3253,#3254,#3255,#3256,#3257,#3258,#3259,#3260),
  .UNSPECIFIED.,.F.,.F.,(7,5,5,5,5,7),(0.,0.119012547765,0.352263522099,
    0.623108210222,0.733073148129,1.),.UNSPECIFIED.);
#3234 = CARTESIAN_POINT('',(80.4,5.12347538298,-4.));
#3235 = CARTESIAN_POINT('',(80.4,5.098596791954,-4.031866212171));
#3236 = CARTESIAN_POINT('',(80.398781455758,5.073484116792,
    -4.063541902489));
#3237 = CARTESIAN_POINT('',(80.396371677447,5.048176418213,
    -4.094977413001));
#3238 = CARTESIAN_POINT('',(80.392799255967,5.022714675141,
    -4.126125420982));
#3239 = CARTESIAN_POINT('',(80.388094062944,4.997141784702,
    -4.156940938933));
#3240 = CARTESIAN_POINT('',(80.370906563294,4.921252620226,
    -4.247040967399));
#3241 = CARTESIAN_POINT('',(80.355298679689,4.870765833619,
    -4.305238198325));
#3242 = CARTESIAN_POINT('',(80.335685058419,4.820300981483,
    -4.361746741793));
#3243 = CARTESIAN_POINT('',(80.312263983225,4.770138640452,
    -4.416361118101));
#3244 = CARTESIAN_POINT('',(80.285212013012,4.720584296844,
    -4.468889442529));
#3245 = CARTESIAN_POINT('',(80.219238795789,4.615523553273,
    -4.577503054468));
#3246 = CARTESIAN_POINT('',(80.179091209744,4.560320061302,
    -4.632823329809));
#3247 = CARTESIAN_POINT('',(80.134447938417,4.506837300538,
    -4.684859511387));
#3248 = CARTESIAN_POINT('',(80.085464888707,4.455640670469,
    -4.733331229081));
#3249 = CARTESIAN_POINT('',(80.03227343625,4.407409438935,
    -4.777900963447));
#3250 = CARTESIAN_POINT('',(79.951753947526,4.344915349754,
    -4.834491007936));
#3251 = CARTESIAN_POINT('',(79.927830734639,4.327492819602,
    -4.850119815708));
#3252 = CARTESIAN_POINT('',(79.903253075898,4.310755424656,
    -4.865002245972));
#3253 = CARTESIAN_POINT('',(79.878039183275,4.294765844442,
    -4.879104052521));
#3254 = CARTESIAN_POINT('',(79.852208018201,4.279587951548,
    -4.892390637713));
#3255 = CARTESIAN_POINT('',(79.761626690434,4.230572489665,
    -4.935014975105));
#3256 = CARTESIAN_POINT('',(79.693589290579,4.20082720831,
    -4.960364136528));
#3257 = CARTESIAN_POINT('',(79.622506944594,4.177429551338,
    -4.979966871265));
#3258 = CARTESIAN_POINT('',(79.549280422567,4.161396991932,
    -4.99328391689));
#3259 = CARTESIAN_POINT('',(79.474811551723,4.153311931459,-5.));
#3260 = CARTESIAN_POINT('',(79.4,4.153311931459,-5.));
#3261 = PCURVE('',#3171,#3262);
#3262 = DEFINITIONAL_REPRESENTATION('',(#3263),#3291);
#3263 = B_SPLINE_CURVE_WITH_KNOTS('',6,(#3264,#3265,#3266,#3267,#3268,
    #3269,#3270,#3271,#3272,#3273,#3274,#3275,#3276,#3277,#3278,#3279,
    #3280,#3281,#3282,#3283,#3284,#3285,#3286,#3287,#3288,#3289,#3290),
  .UNSPECIFIED.,.F.,.F.,(7,5,5,5,5,7),(0.,0.119012547765,0.352263522099,
    0.623108210222,0.733073148129,1.),.UNSPECIFIED.);
#3264 = CARTESIAN_POINT('',(0.,34.12347538298));
#3265 = CARTESIAN_POINT('',(3.186621217053E-02,34.098596791954));
#3266 = CARTESIAN_POINT('',(6.354194462838E-02,34.073484116792));
#3267 = CARTESIAN_POINT('',(9.503565352706E-02,34.048176418214));
#3268 = CARTESIAN_POINT('',(0.126354885608,34.022714675141));
#3269 = CARTESIAN_POINT('',(0.157506278198,33.997141784702));
#3270 = CARTESIAN_POINT('',(0.249231003729,33.921252620226));
#3271 = CARTESIAN_POINT('',(0.309322099718,33.870765833619));
#3272 = CARTESIAN_POINT('',(0.368907957787,33.820300981483));
#3273 = CARTESIAN_POINT('',(0.428111179689,33.770138640452));
#3274 = CARTESIAN_POINT('',(0.487050215963,33.720584296844));
#3275 = CARTESIAN_POINT('',(0.614130435074,33.615523553273));
#3276 = CARTESIAN_POINT('',(0.682254223189,33.560320061302));
#3277 = CARTESIAN_POINT('',(0.750478331371,33.506837300538));
#3278 = CARTESIAN_POINT('',(0.819041986752,33.455640670469));
#3279 = CARTESIAN_POINT('',(0.888188565693,33.407409438935));
#3280 = CARTESIAN_POINT('',(0.986605135435,33.344915349754));
#3281 = CARTESIAN_POINT('',(1.015164622735,33.327492819602));
#3282 = CARTESIAN_POINT('',(1.043871556733,33.310755424656));
#3283 = CARTESIAN_POINT('',(1.072734803683,33.294765844442));
#3284 = CARTESIAN_POINT('',(1.101764760606,33.279587951548));
#3285 = CARTESIAN_POINT('',(1.201873756597,33.230572489665));
#3286 = CARTESIAN_POINT('',(1.274228796606,33.20082720831));
#3287 = CARTESIAN_POINT('',(1.347534918435,33.177429551338));
#3288 = CARTESIAN_POINT('',(1.4215161101,33.161396991932));
#3289 = CARTESIAN_POINT('',(1.495984775072,33.153311931459));
#3290 = CARTESIAN_POINT('',(1.570796326795,33.153311931459));
#3291 = ( GEOMETRIC_REPRESENTATION_CONTEXT(2) 
PARAMETRIC_REPRESENTATION_CONTEXT() REPRESENTATION_CONTEXT('2D SPACE',''
  ) );
#3292 = PCURVE('',#3293,#3298);
#3293 = CYLINDRICAL_SURFACE('',#3294,6.5);
#3294 = AXIS2_PLACEMENT_3D('',#3295,#3296,#3297);
#3295 = CARTESIAN_POINT('',(74.8,0.,0.));
#3296 = DIRECTION('',(1.,0.,0.));
#3297 = DIRECTION('',(-0.,0.,1.));
#3298 = DEFINITIONAL_REPRESENTATION('',(#3299),#3327);
#3299 = B_SPLINE_CURVE_WITH_KNOTS('',6,(#3300,#3301,#3302,#3303,#3304,
    #3305,#3306,#3307,#3308,#3309,#3310,#3311,#3312,#3313,#3314,#3315,
    #3316,#3317,#3318,#3319,#3320,#3321,#3322,#3323,#3324,#3325,#3326),
  .UNSPECIFIED.,.F.,.F.,(7,5,5,5,5,7),(0.,0.119012547765,0.352263522099,
    0.623108210222,0.733073148129,1.),.UNSPECIFIED.);
#3300 = CARTESIAN_POINT('',(4.049515156735,5.6));
#3301 = CARTESIAN_POINT('',(4.043295508978,5.6));
#3302 = CARTESIAN_POINT('',(4.037076807321,5.598781455758));
#3303 = CARTESIAN_POINT('',(4.030868326024,5.596371677447));
#3304 = CARTESIAN_POINT('',(4.024679259521,5.592799255967));
#3305 = CARTESIAN_POINT('',(4.018518722415,5.588094062944));
#3306 = CARTESIAN_POINT('',(4.000395423203,5.570906563294));
#3307 = CARTESIAN_POINT('',(3.98854370754,5.555298679689));
#3308 = CARTESIAN_POINT('',(3.976889749933,5.535685058419));
#3309 = CARTESIAN_POINT('',(3.965482837376,5.512263983225));
#3310 = CARTESIAN_POINT('',(3.954373860161,5.485212013012));
#3311 = CARTESIAN_POINT('',(3.931125941612,5.419238795789));
#3312 = CARTESIAN_POINT('',(3.919103999244,5.379091209744));
#3313 = CARTESIAN_POINT('',(3.907625726483,5.334447938417));
#3314 = CARTESIAN_POINT('',(3.896780471163,5.285464888707));
#3315 = CARTESIAN_POINT('',(3.88667771059,5.23227343625));
#3316 = CARTESIAN_POINT('',(3.873707152835,5.151753947526));
#3317 = CARTESIAN_POINT('',(3.870106388947,5.127830734639));
#3318 = CARTESIAN_POINT('',(3.866660738723,5.103253075898));
#3319 = CARTESIAN_POINT('',(3.86338082802,5.078039183275));
#3320 = CARTESIAN_POINT('',(3.860277489299,5.052208018201));
#3321 = CARTESIAN_POINT('',(3.850284178351,4.961626690434));
#3322 = CARTESIAN_POINT('',(3.844271951448,4.893589290579));
#3323 = CARTESIAN_POINT('',(3.839576063191,4.822506944594));
#3324 = CARTESIAN_POINT('',(3.83636957931,4.749280422567));
#3325 = CARTESIAN_POINT('',(3.834752561167,4.674811551723));
#3326 = CARTESIAN_POINT('',(3.834752561167,4.6));
#3327 = ( GEOMETRIC_REPRESENTATION_CONTEXT(2) 
PARAMETRIC_REPRESENTATION_CONTEXT() REPRESENTATION_CONTEXT('2D SPACE',''
  ) );
#3328 = ORIENTED_EDGE('',*,*,#3329,.T.);
#3329 = EDGE_CURVE('',#3230,#3156,#3330,.T.);
#3330 = SURFACE_CURVE('',#3331,(#3335,#3342),.PCURVE_S1.);
#3331 = LINE('',#3332,#3333);
#3332 = CARTESIAN_POINT('',(79.4,4.153311931459,-5.));
#3333 = VECTOR('',#3334,1.);
#3334 = DIRECTION('',(0.,1.,0.));
#3335 = PCURVE('',#3171,#3336);
#3336 = DEFINITIONAL_REPRESENTATION('',(#3337),#3341);
#3337 = LINE('',#3338,#3339);
#3338 = CARTESIAN_POINT('',(1.570796326795,33.153311931459));
#3339 = VECTOR('',#3340,1.);
#3340 = DIRECTION('',(0.,1.));
#3341 = ( GEOMETRIC_REPRESENTATION_CONTEXT(2) 
PARAMETRIC_REPRESENTATION_CONTEXT() REPRESENTATION_CONTEXT('2D SPACE',''
  ) );
#3342 = PCURVE('',#3343,#3348);
#3343 = PLANE('',#3344);
#3344 = AXIS2_PLACEMENT_3D('',#3345,#3346,#3347);
#3345 = CARTESIAN_POINT('',(74.8,-29.,-5.));
#3346 = DIRECTION('',(0.,0.,1.));
#3347 = DIRECTION('',(1.,0.,0.));
#3348 = DEFINITIONAL_REPRESENTATION('',(#3349),#3353);
#3349 = LINE('',#3350,#3351);
#3350 = CARTESIAN_POINT('',(4.6,33.153311931459));
#3351 = VECTOR('',#3352,1.);
#3352 = DIRECTION('',(0.,1.));
#3353 = ( GEOMETRIC_REPRESENTATION_CONTEXT(2) 
PARAMETRIC_REPRESENTATION_CONTEXT() REPRESENTATION_CONTEXT('2D SPACE',''
  ) );
#3354 = ORIENTED_EDGE('',*,*,#3155,.T.);
#3355 = ADVANCED_FACE('',(#3356),#3343,.F.);
#3356 = FACE_BOUND('',#3357,.F.);
#3357 = EDGE_LOOP('',(#3358,#3388,#3408,#3409,#3432,#3460));
#3358 = ORIENTED_EDGE('',*,*,#3359,.F.);
#3359 = EDGE_CURVE('',#3360,#3362,#3364,.T.);
#3360 = VERTEX_POINT('',#3361);
#3361 = CARTESIAN_POINT('',(75.8,4.153311931459,-5.));
#3362 = VERTEX_POINT('',#3363);
#3363 = CARTESIAN_POINT('',(75.8,22.2,-5.));
#3364 = SURFACE_CURVE('',#3365,(#3369,#3376),.PCURVE_S1.);
#3365 = LINE('',#3366,#3367);
#3366 = CARTESIAN_POINT('',(75.8,-29.,-5.));
#3367 = VECTOR('',#3368,1.);
#3368 = DIRECTION('',(0.,1.,0.));
#3369 = PCURVE('',#3343,#3370);
#3370 = DEFINITIONAL_REPRESENTATION('',(#3371),#3375);
#3371 = LINE('',#3372,#3373);
#3372 = CARTESIAN_POINT('',(1.,0.));
#3373 = VECTOR('',#3374,1.);
#3374 = DIRECTION('',(0.,1.));
#3375 = ( GEOMETRIC_REPRESENTATION_CONTEXT(2) 
PARAMETRIC_REPRESENTATION_CONTEXT() REPRESENTATION_CONTEXT('2D SPACE',''
  ) );
#3376 = PCURVE('',#3377,#3382);
#3377 = CYLINDRICAL_SURFACE('',#3378,1.);
#3378 = AXIS2_PLACEMENT_3D('',#3379,#3380,#3381);
#3379 = CARTESIAN_POINT('',(75.8,-29.,-4.));
#3380 = DIRECTION('',(0.,1.,0.));
#3381 = DIRECTION('',(-1.,0.,0.));
#3382 = DEFINITIONAL_REPRESENTATION('',(#3383),#3387);
#3383 = LINE('',#3384,#3385);
#3384 = CARTESIAN_POINT('',(-1.570796326795,0.));
#3385 = VECTOR('',#3386,1.);
#3386 = DIRECTION('',(-0.,1.));
#3387 = ( GEOMETRIC_REPRESENTATION_CONTEXT(2) 
PARAMETRIC_REPRESENTATION_CONTEXT() REPRESENTATION_CONTEXT('2D SPACE',''
  ) );
#3388 = ORIENTED_EDGE('',*,*,#3389,.T.);
#3389 = EDGE_CURVE('',#3360,#3230,#3390,.T.);
#3390 = SURFACE_CURVE('',#3391,(#3395,#3402),.PCURVE_S1.);
#3391 = LINE('',#3392,#3393);
#3392 = CARTESIAN_POINT('',(74.8,4.153311931459,-5.));
#3393 = VECTOR('',#3394,1.);
#3394 = DIRECTION('',(1.,0.,0.));
#3395 = PCURVE('',#3343,#3396);
#3396 = DEFINITIONAL_REPRESENTATION('',(#3397),#3401);
#3397 = LINE('',#3398,#3399);
#3398 = CARTESIAN_POINT('',(0.,33.153311931459));
#3399 = VECTOR('',#3400,1.);
#3400 = DIRECTION('',(1.,0.));
#3401 = ( GEOMETRIC_REPRESENTATION_CONTEXT(2) 
PARAMETRIC_REPRESENTATION_CONTEXT() REPRESENTATION_CONTEXT('2D SPACE',''
  ) );
#3402 = PCURVE('',#3293,#3403);
#3403 = DEFINITIONAL_REPRESENTATION('',(#3404),#3407);
#3404 = B_SPLINE_CURVE_WITH_KNOTS('',1,(#3405,#3406),.UNSPECIFIED.,.F.,
  .F.,(2,2),(0.64,4.96),.PIECEWISE_BEZIER_KNOTS.);
#3405 = CARTESIAN_POINT('',(3.834752561167,0.64));
#3406 = CARTESIAN_POINT('',(3.834752561167,4.96));
#3407 = ( GEOMETRIC_REPRESENTATION_CONTEXT(2) 
PARAMETRIC_REPRESENTATION_CONTEXT() REPRESENTATION_CONTEXT('2D SPACE',''
  ) );
#3408 = ORIENTED_EDGE('',*,*,#3329,.T.);
#3409 = ORIENTED_EDGE('',*,*,#3410,.F.);
#3410 = EDGE_CURVE('',#3411,#3156,#3413,.T.);
#3411 = VERTEX_POINT('',#3412);
#3412 = CARTESIAN_POINT('',(20.2,24.7,-5.));
#3413 = SURFACE_CURVE('',#3414,(#3418,#3425),.PCURVE_S1.);
#3414 = LINE('',#3415,#3416);
#3415 = CARTESIAN_POINT('',(20.2,24.7,-5.));
#3416 = VECTOR('',#3417,1.);
#3417 = DIRECTION('',(1.,6.001205538514E-17,0.));
#3418 = PCURVE('',#3343,#3419);
#3419 = DEFINITIONAL_REPRESENTATION('',(#3420),#3424);
#3420 = LINE('',#3421,#3422);
#3421 = CARTESIAN_POINT('',(-54.6,53.7));
#3422 = VECTOR('',#3423,1.);
#3423 = DIRECTION('',(1.,6.001205538514E-17));
#3424 = ( GEOMETRIC_REPRESENTATION_CONTEXT(2) 
PARAMETRIC_REPRESENTATION_CONTEXT() REPRESENTATION_CONTEXT('2D SPACE',''
  ) );
#3425 = PCURVE('',#2516,#3426);
#3426 = DEFINITIONAL_REPRESENTATION('',(#3427),#3431);
#3427 = LINE('',#3428,#3429);
#3428 = CARTESIAN_POINT('',(-1.570796326795,-54.6));
#3429 = VECTOR('',#3430,1.);
#3430 = DIRECTION('',(-0.,1.));
#3431 = ( GEOMETRIC_REPRESENTATION_CONTEXT(2) 
PARAMETRIC_REPRESENTATION_CONTEXT() REPRESENTATION_CONTEXT('2D SPACE',''
  ) );
#3432 = ORIENTED_EDGE('',*,*,#3433,.F.);
#3433 = EDGE_CURVE('',#3434,#3411,#3436,.T.);
#3434 = VERTEX_POINT('',#3435);
#3435 = CARTESIAN_POINT('',(20.2,22.2,-5.));
#3436 = SURFACE_CURVE('',#3437,(#3441,#3448),.PCURVE_S1.);
#3437 = LINE('',#3438,#3439);
#3438 = CARTESIAN_POINT('',(20.2,15.2,-5.));
#3439 = VECTOR('',#3440,1.);
#3440 = DIRECTION('',(0.,1.,0.));
#3441 = PCURVE('',#3343,#3442);
#3442 = DEFINITIONAL_REPRESENTATION('',(#3443),#3447);
#3443 = LINE('',#3444,#3445);
#3444 = CARTESIAN_POINT('',(-54.6,44.2));
#3445 = VECTOR('',#3446,1.);
#3446 = DIRECTION('',(0.,1.));
#3447 = ( GEOMETRIC_REPRESENTATION_CONTEXT(2) 
PARAMETRIC_REPRESENTATION_CONTEXT() REPRESENTATION_CONTEXT('2D SPACE',''
  ) );
#3448 = PCURVE('',#3449,#3454);
#3449 = PLANE('',#3450);
#3450 = AXIS2_PLACEMENT_3D('',#3451,#3452,#3453);
#3451 = CARTESIAN_POINT('',(20.2,15.2,-22.));
#3452 = DIRECTION('',(1.,0.,0.));
#3453 = DIRECTION('',(0.,0.,1.));
#3454 = DEFINITIONAL_REPRESENTATION('',(#3455),#3459);
#3455 = LINE('',#3456,#3457);
#3456 = CARTESIAN_POINT('',(17.,0.));
#3457 = VECTOR('',#3458,1.);
#3458 = DIRECTION('',(0.,-1.));
#3459 = ( GEOMETRIC_REPRESENTATION_CONTEXT(2) 
PARAMETRIC_REPRESENTATION_CONTEXT() REPRESENTATION_CONTEXT('2D SPACE',''
  ) );
#3460 = ORIENTED_EDGE('',*,*,#3461,.T.);
#3461 = EDGE_CURVE('',#3434,#3362,#3462,.T.);
#3462 = SURFACE_CURVE('',#3463,(#3467,#3474),.PCURVE_S1.);
#3463 = LINE('',#3464,#3465);
#3464 = CARTESIAN_POINT('',(14.6,22.2,-5.));
#3465 = VECTOR('',#3466,1.);
#3466 = DIRECTION('',(1.,0.,0.));
#3467 = PCURVE('',#3343,#3468);
#3468 = DEFINITIONAL_REPRESENTATION('',(#3469),#3473);
#3469 = LINE('',#3470,#3471);
#3470 = CARTESIAN_POINT('',(-60.2,51.2));
#3471 = VECTOR('',#3472,1.);
#3472 = DIRECTION('',(1.,0.));
#3473 = ( GEOMETRIC_REPRESENTATION_CONTEXT(2) 
PARAMETRIC_REPRESENTATION_CONTEXT() REPRESENTATION_CONTEXT('2D SPACE',''
  ) );
#3474 = PCURVE('',#3475,#3480);
#3475 = CYLINDRICAL_SURFACE('',#3476,1.);
#3476 = AXIS2_PLACEMENT_3D('',#3477,#3478,#3479);
#3477 = CARTESIAN_POINT('',(14.6,22.2,-4.));
#3478 = DIRECTION('',(1.,0.,0.));
#3479 = DIRECTION('',(0.,-1.,0.));
#3480 = DEFINITIONAL_REPRESENTATION('',(#3481),#3485);
#3481 = LINE('',#3482,#3483);
#3482 = CARTESIAN_POINT('',(1.570796326795,0.));
#3483 = VECTOR('',#3484,1.);
#3484 = DIRECTION('',(0.,1.));
#3485 = ( GEOMETRIC_REPRESENTATION_CONTEXT(2) 
PARAMETRIC_REPRESENTATION_CONTEXT() REPRESENTATION_CONTEXT('2D SPACE',''
  ) );
#3486 = ADVANCED_FACE('',(#3487),#3475,.T.);
#3487 = FACE_BOUND('',#3488,.T.);
#3488 = EDGE_LOOP('',(#3489,#3640,#3641,#3675,#3698));
#3489 = ORIENTED_EDGE('',*,*,#3490,.T.);
#3490 = EDGE_CURVE('',#3491,#3434,#3493,.T.);
#3491 = VERTEX_POINT('',#3492);
#3492 = CARTESIAN_POINT('',(20.066025403805,21.333974596185,
    -4.499999999975));
#3493 = SURFACE_CURVE('',#3494,(#3539,#3587),.PCURVE_S1.);
#3494 = B_SPLINE_CURVE_WITH_KNOTS('',7,(#3495,#3496,#3497,#3498,#3499,
    #3500,#3501,#3502,#3503,#3504,#3505,#3506,#3507,#3508,#3509,#3510,
    #3511,#3512,#3513,#3514,#3515,#3516,#3517,#3518,#3519,#3520,#3521,
    #3522,#3523,#3524,#3525,#3526,#3527,#3528,#3529,#3530,#3531,#3532,
    #3533,#3534,#3535,#3536,#3537,#3538),.UNSPECIFIED.,.F.,.F.,(8,6,6,6,
    6,6,6,8),(0.,0.328049792175,0.388248366343,0.499375449637,
    0.611217577681,0.671283721467,0.942812249394,1.),.UNSPECIFIED.);
#3495 = CARTESIAN_POINT('',(19.2,21.2,-4.));
#3496 = CARTESIAN_POINT('',(19.299717608799,21.2,-4.));
#3497 = CARTESIAN_POINT('',(19.399561833516,21.199999914681,
    -4.011600912122));
#3498 = CARTESIAN_POINT('',(19.497823261773,21.200000520576,
    -4.034855438003));
#3499 = CARTESIAN_POINT('',(19.592804041145,21.200845836826,
    -4.06947258245));
#3500 = CARTESIAN_POINT('',(19.682850420388,21.204268311275,
    -4.114838807953));
#3501 = CARTESIAN_POINT('',(19.766407817365,21.212390521623,
    -4.1699681204));
#3502 = CARTESIAN_POINT('',(19.856083868304,21.230426688147,
    -4.245094061388));
#3503 = CARTESIAN_POINT('',(19.869713882254,21.233460306656,
    -4.257013241318));
#3504 = CARTESIAN_POINT('',(19.883059042795,21.236744831241,
    -4.269191040496));
#3505 = CARTESIAN_POINT('',(19.896109341743,21.240293559486,
    -4.281614007299));
#3506 = CARTESIAN_POINT('',(19.908855204799,21.244119260487,
    -4.294267393345));
#3507 = CARTESIAN_POINT('',(19.921287491549,21.248234174846,
    -4.307135153491));
#3508 = CARTESIAN_POINT('',(19.95575266637,21.260801692814,
    -4.344317664347));
#3509 = CARTESIAN_POINT('',(19.977022256458,21.269982873209,
    -4.369120103219));
#3510 = CARTESIAN_POINT('',(19.99713682405,21.28026282548,
    -4.394484533794));
#3511 = CARTESIAN_POINT('',(20.016047906286,21.291699589369,
    -4.420279489564));
#3512 = CARTESIAN_POINT('',(20.03372704405,21.304337988527,
    -4.446367834366));
#3513 = CARTESIAN_POINT('',(20.050164806899,21.318207644307,
    -4.472609830587));
#3514 = CARTESIAN_POINT('',(20.080672665368,21.348531581274,
    -4.5252915302));
#3515 = CARTESIAN_POINT('',(20.094715295068,21.364990432262,
    -4.551711376237));
#3516 = CARTESIAN_POINT('',(20.107509384216,21.382707206043,
    -4.577983650929));
#3517 = CARTESIAN_POINT('',(20.119084345628,21.401673059285,
    -4.603965663451));
#3518 = CARTESIAN_POINT('',(20.129485284184,21.421859624402,
    -4.629517302425));
#3519 = CARTESIAN_POINT('',(20.138770953205,21.443217992145,
    -4.65450421165));
#3520 = CARTESIAN_POINT('',(20.151437507629,21.477739944064,
    -4.691849826359));
#3521 = CARTESIAN_POINT('',(20.155563082949,21.490123520353,
    -4.704703468778));
#3522 = CARTESIAN_POINT('',(20.159400033159,21.502819803799,
    -4.717344606449));
#3523 = CARTESIAN_POINT('',(20.162960486238,21.515819739164,
    -4.729757239294));
#3524 = CARTESIAN_POINT('',(20.166257101779,21.529113835244,
    -4.741926653796));
#3525 = CARTESIAN_POINT('',(20.169303070986,21.542692164871,
    -4.753839423005));
#3526 = CARTESIAN_POINT('',(20.184810385496,21.619163125636,
    -4.818119941962));
#3527 = CARTESIAN_POINT('',(20.192620386805,21.687160775834,
    -4.865079104793));
#3528 = CARTESIAN_POINT('',(20.196902607196,21.759804230488,
    -4.905536385316));
#3529 = CARTESIAN_POINT('',(20.198889845129,21.836226227192,
    -4.938867243631));
#3530 = CARTESIAN_POINT('',(20.19964832004,21.915486597166,
    -4.964634265832));
#3531 = CARTESIAN_POINT('',(20.199898403185,21.996602786202,
    -4.982572016349));
#3532 = CARTESIAN_POINT('',(20.19998824411,22.095826247118,
    -4.994711150457));
#3533 = CARTESIAN_POINT('',(20.199996072663,22.113131316801,
    -4.996472793716));
#3534 = CARTESIAN_POINT('',(20.199999213352,22.130470701988,
    -4.997883153654));
#3535 = CARTESIAN_POINT('',(20.200000003454,22.147835840451,
    -4.998941446304));
#3536 = CARTESIAN_POINT('',(20.200000004044,22.165218160713,
    -4.999647148974));
#3537 = CARTESIAN_POINT('',(20.2,22.18260908205,-5.000000000252));
#3538 = CARTESIAN_POINT('',(20.2,22.200000014488,-5.));
#3539 = PCURVE('',#3475,#3540);
#3540 = DEFINITIONAL_REPRESENTATION('',(#3541),#3586);
#3541 = B_SPLINE_CURVE_WITH_KNOTS('',7,(#3542,#3543,#3544,#3545,#3546,
    #3547,#3548,#3549,#3550,#3551,#3552,#3553,#3554,#3555,#3556,#3557,
    #3558,#3559,#3560,#3561,#3562,#3563,#3564,#3565,#3566,#3567,#3568,
    #3569,#3570,#3571,#3572,#3573,#3574,#3575,#3576,#3577,#3578,#3579,
    #3580,#3581,#3582,#3583,#3584,#3585),.UNSPECIFIED.,.F.,.F.,(8,6,6,6,
    6,6,6,8),(0.,0.328049792175,0.388248366343,0.499375449637,
    0.611217577681,0.671283721467,0.942812249394,1.),.UNSPECIFIED.);
#3542 = CARTESIAN_POINT('',(0.,4.6));
#3543 = CARTESIAN_POINT('',(6.105942521706E-18,4.699717608799));
#3544 = CARTESIAN_POINT('',(1.160073209385E-02,4.799561833516));
#3545 = CARTESIAN_POINT('',(3.485604283373E-02,4.897823261773));
#3546 = CARTESIAN_POINT('',(6.947204900032E-02,4.992804041145));
#3547 = CARTESIAN_POINT('',(0.114835934473,5.082850420388));
#3548 = CARTESIAN_POINT('',(0.170338482695,5.166407817365));
#3549 = CARTESIAN_POINT('',(0.24759914741,5.256083868304));
#3550 = CARTESIAN_POINT('',(0.259897199141,5.269713882254));
#3551 = CARTESIAN_POINT('',(0.27250808053,5.283059042795));
#3552 = CARTESIAN_POINT('',(0.28542531386,5.296109341743));
#3553 = CARTESIAN_POINT('',(0.298641767379,5.308855204799));
#3554 = CARTESIAN_POINT('',(0.312149655302,5.321287491549));
#3555 = CARTESIAN_POINT('',(0.351398624988,5.35575266637));
#3556 = CARTESIAN_POINT('',(0.377835116691,5.377022256458));
#3557 = CARTESIAN_POINT('',(0.40518253494,5.39713682405));
#3558 = CARTESIAN_POINT('',(0.433371616663,5.416047906286));
#3559 = CARTESIAN_POINT('',(0.462332296697,5.43372704405));
#3560 = CARTESIAN_POINT('',(0.491994690801,5.450164806899));
#3561 = CARTESIAN_POINT('',(0.552780401518,5.480672665368));
#3562 = CARTESIAN_POINT('',(0.583888776672,5.494715295068));
#3563 = CARTESIAN_POINT('',(0.615542846831,5.507509384216));
#3564 = CARTESIAN_POINT('',(0.647669678889,5.519084345628));
#3565 = CARTESIAN_POINT('',(0.68019480093,5.529485284184));
#3566 = CARTESIAN_POINT('',(0.713041239224,5.538770953205));
#3567 = CARTESIAN_POINT('',(0.763898491434,5.551437507629));
#3568 = CARTESIAN_POINT('',(0.781743139603,5.555563082949));
#3569 = CARTESIAN_POINT('',(0.799653246854,5.559400033159));
#3570 = CARTESIAN_POINT('',(0.817620390373,5.562960486238));
#3571 = CARTESIAN_POINT('',(0.83563697741,5.566257101779));
#3572 = CARTESIAN_POINT('',(0.853696245283,5.569303070986));
#3573 = CARTESIAN_POINT('',(0.953595158979,5.584810385496));
#3574 = CARTESIAN_POINT('',(1.035862378287,5.592620386805));
#3575 = CARTESIAN_POINT('',(1.118396250652,5.596902607196));
#3576 = CARTESIAN_POINT('',(1.201070983876,5.598889845129));
#3577 = CARTESIAN_POINT('',(1.283793403277,5.59964832004));
#3578 = CARTESIAN_POINT('',(1.366487555969,5.599898403185));
#3579 = CARTESIAN_POINT('',(1.466450818086,5.59998824411));
#3580 = CARTESIAN_POINT('',(1.483841739162,5.599996072663));
#3581 = CARTESIAN_POINT('',(1.501232661724,5.599999213352));
#3582 = CARTESIAN_POINT('',(1.518623579483,5.600000003454));
#3583 = CARTESIAN_POINT('',(1.536014492831,5.600000004044));
#3584 = CARTESIAN_POINT('',(1.553405408845,5.6));
#3585 = CARTESIAN_POINT('',(1.570796341283,5.6));
#3586 = ( GEOMETRIC_REPRESENTATION_CONTEXT(2) 
PARAMETRIC_REPRESENTATION_CONTEXT() REPRESENTATION_CONTEXT('2D SPACE',''
  ) );
#3587 = PCURVE('',#3588,#3593);
#3588 = CYLINDRICAL_SURFACE('',#3589,1.);
#3589 = AXIS2_PLACEMENT_3D('',#3590,#3591,#3592);
#3590 = CARTESIAN_POINT('',(19.2,15.2,-5.));
#3591 = DIRECTION('',(0.,1.,0.));
#3592 = DIRECTION('',(1.,0.,-0.));
#3593 = DEFINITIONAL_REPRESENTATION('',(#3594),#3639);
#3594 = B_SPLINE_CURVE_WITH_KNOTS('',7,(#3595,#3596,#3597,#3598,#3599,
    #3600,#3601,#3602,#3603,#3604,#3605,#3606,#3607,#3608,#3609,#3610,
    #3611,#3612,#3613,#3614,#3615,#3616,#3617,#3618,#3619,#3620,#3621,
    #3622,#3623,#3624,#3625,#3626,#3627,#3628,#3629,#3630,#3631,#3632,
    #3633,#3634,#3635,#3636,#3637,#3638),.UNSPECIFIED.,.F.,.F.,(8,6,6,6,
    6,6,6,8),(0.,0.328049792175,0.388248366343,0.499375449637,
    0.611217577681,0.671283721467,0.942812249394,1.),.UNSPECIFIED.);
#3595 = CARTESIAN_POINT('',(-1.570796326795,6.));
#3596 = CARTESIAN_POINT('',(-1.471078717996,6.));
#3597 = CARTESIAN_POINT('',(-1.371234484513,5.999999914681));
#3598 = CARTESIAN_POINT('',(-1.271353545229,6.000000520576));
#3599 = CARTESIAN_POINT('',(-1.171495712907,6.000845836826));
#3600 = CARTESIAN_POINT('',(-1.071759499984,6.004268311275));
#3601 = CARTESIAN_POINT('',(-0.972305304031,6.012390521623));
#3602 = CARTESIAN_POINT('',(-0.855319402652,6.030426688147));
#3603 = CARTESIAN_POINT('',(-0.83721706139,6.033460306656));
#3604 = CARTESIAN_POINT('',(-0.819157170861,6.036744831241));
#3605 = CARTESIAN_POINT('',(-0.80114649589,6.040293559486));
#3606 = CARTESIAN_POINT('',(-0.783192638506,6.044119260487));
#3607 = CARTESIAN_POINT('',(-0.765304037945,6.048234174846));
#3608 = CARTESIAN_POINT('',(-0.714605049899,6.060801692814));
#3609 = CARTESIAN_POINT('',(-0.68195602,6.069982873209));
#3610 = CARTESIAN_POINT('',(-0.649621687434,6.08026282548));
#3611 = CARTESIAN_POINT('',(-0.617677464595,6.091699589369));
#3612 = CARTESIAN_POINT('',(-0.586196312411,6.104337988527));
#3613 = CARTESIAN_POINT('',(-0.555249682963,6.118207644307));
#3614 = CARTESIAN_POINT('',(-0.494372011338,6.148531581274));
#3615 = CARTESIAN_POINT('',(-0.464471939402,6.164990432262));
#3616 = CARTESIAN_POINT('',(-0.435278465896,6.182707206042));
#3617 = CARTESIAN_POINT('',(-0.406862993579,6.201673059285));
#3618 = CARTESIAN_POINT('',(-0.379297107468,6.221859624402));
#3619 = CARTESIAN_POINT('',(-0.352651573935,6.243217992145));
#3620 = CARTESIAN_POINT('',(-0.313216354411,6.277739944064));
#3621 = CARTESIAN_POINT('',(-0.299718653824,6.290123520353));
#3622 = CARTESIAN_POINT('',(-0.286510655311,6.302819803799));
#3623 = CARTESIAN_POINT('',(-0.273600125752,6.315819739164));
#3624 = CARTESIAN_POINT('',(-0.26099418164,6.329113835244));
#3625 = CARTESIAN_POINT('',(-0.248699289077,6.342692164871));
#3626 = CARTESIAN_POINT('',(-0.18257469516,6.419163125636));
#3627 = CARTESIAN_POINT('',(-0.13509342256,6.487160775834));
#3628 = CARTESIAN_POINT('',(-9.450158736746E-02,6.559804230488));
#3629 = CARTESIAN_POINT('',(-6.11413719493E-02,6.636226227192));
#3630 = CARTESIAN_POINT('',(-3.536734629975E-02,6.715486597166));
#3631 = CARTESIAN_POINT('',(-1.742832582181E-02,6.796602786202));
#3632 = CARTESIAN_POINT('',(-5.288859264888E-03,6.895826247118));
#3633 = CARTESIAN_POINT('',(-3.527200774362E-03,6.913131316801));
#3634 = CARTESIAN_POINT('',(-2.116844065435E-03,6.930470701988));
#3635 = CARTESIAN_POINT('',(-1.058557178617E-03,6.947835840451));
#3636 = CARTESIAN_POINT('',(-3.528550973557E-04,6.965218160713));
#3637 = CARTESIAN_POINT('',(2.51959429872E-10,6.98260908205));
#3638 = CARTESIAN_POINT('',(0.,7.000000014488));
#3639 = ( GEOMETRIC_REPRESENTATION_CONTEXT(2) 
PARAMETRIC_REPRESENTATION_CONTEXT() REPRESENTATION_CONTEXT('2D SPACE',''
  ) );
#3640 = ORIENTED_EDGE('',*,*,#3461,.T.);
#3641 = ORIENTED_EDGE('',*,*,#3642,.T.);
#3642 = EDGE_CURVE('',#3362,#3643,#3645,.T.);
#3643 = VERTEX_POINT('',#3644);
#3644 = CARTESIAN_POINT('',(74.8,21.2,-4.));
#3645 = SURFACE_CURVE('',#3646,(#3651,#3663),.PCURVE_S1.);
#3646 = ELLIPSE('',#3647,1.414213562373,1.);
#3647 = AXIS2_PLACEMENT_3D('',#3648,#3649,#3650);
#3648 = CARTESIAN_POINT('',(75.8,22.2,-4.));
#3649 = DIRECTION('',(-0.707106781187,0.707106781187,0.));
#3650 = DIRECTION('',(0.707106781187,0.707106781187,0.));
#3651 = PCURVE('',#3475,#3652);
#3652 = DEFINITIONAL_REPRESENTATION('',(#3653),#3662);
#3653 = B_SPLINE_CURVE_WITH_KNOTS('',7,(#3654,#3655,#3656,#3657,#3658,
    #3659,#3660,#3661),.UNSPECIFIED.,.F.,.F.,(8,8),(1.570796326795,
    3.14159265359),.PIECEWISE_BEZIER_KNOTS.);
#3654 = CARTESIAN_POINT('',(1.570796326795,61.2));
#3655 = CARTESIAN_POINT('',(1.346396851538,60.975600524744));
#3656 = CARTESIAN_POINT('',(1.121997376282,60.751201960686));
#3657 = CARTESIAN_POINT('',(0.897597901026,60.545253174198));
#3658 = CARTESIAN_POINT('',(0.673198425769,60.376237495402));
#3659 = CARTESIAN_POINT('',(0.448798950513,60.258748672608));
#3660 = CARTESIAN_POINT('',(0.224399475256,60.2));
#3661 = CARTESIAN_POINT('',(0.,60.2));
#3662 = ( GEOMETRIC_REPRESENTATION_CONTEXT(2) 
PARAMETRIC_REPRESENTATION_CONTEXT() REPRESENTATION_CONTEXT('2D SPACE',''
  ) );
#3663 = PCURVE('',#3377,#3664);
#3664 = DEFINITIONAL_REPRESENTATION('',(#3665),#3674);
#3665 = B_SPLINE_CURVE_WITH_KNOTS('',7,(#3666,#3667,#3668,#3669,#3670,
    #3671,#3672,#3673),.UNSPECIFIED.,.F.,.F.,(8,8),(1.570796326795,
    3.14159265359),.PIECEWISE_BEZIER_KNOTS.);
#3666 = CARTESIAN_POINT('',(-1.570796326795,51.2));
#3667 = CARTESIAN_POINT('',(-1.346396851538,50.975600524744));
#3668 = CARTESIAN_POINT('',(-1.121997376282,50.751201960686));
#3669 = CARTESIAN_POINT('',(-0.897597901026,50.545253174205));
#3670 = CARTESIAN_POINT('',(-0.673198425769,50.37623749538));
#3671 = CARTESIAN_POINT('',(-0.448798950513,50.258748672615));
#3672 = CARTESIAN_POINT('',(-0.224399475256,50.2));
#3673 = CARTESIAN_POINT('',(0.,50.2));
#3674 = ( GEOMETRIC_REPRESENTATION_CONTEXT(2) 
PARAMETRIC_REPRESENTATION_CONTEXT() REPRESENTATION_CONTEXT('2D SPACE',''
  ) );
#3675 = ORIENTED_EDGE('',*,*,#3676,.F.);
#3676 = EDGE_CURVE('',#3677,#3643,#3679,.T.);
#3677 = VERTEX_POINT('',#3678);
#3678 = CARTESIAN_POINT('',(20.2,21.2,-4.));
#3679 = SURFACE_CURVE('',#3680,(#3684,#3691),.PCURVE_S1.);
#3680 = LINE('',#3681,#3682);
#3681 = CARTESIAN_POINT('',(14.6,21.2,-4.));
#3682 = VECTOR('',#3683,1.);
#3683 = DIRECTION('',(1.,0.,0.));
#3684 = PCURVE('',#3475,#3685);
#3685 = DEFINITIONAL_REPRESENTATION('',(#3686),#3690);
#3686 = LINE('',#3687,#3688);
#3687 = CARTESIAN_POINT('',(0.,0.));
#3688 = VECTOR('',#3689,1.);
#3689 = DIRECTION('',(0.,1.));
#3690 = ( GEOMETRIC_REPRESENTATION_CONTEXT(2) 
PARAMETRIC_REPRESENTATION_CONTEXT() REPRESENTATION_CONTEXT('2D SPACE',''
  ) );
#3691 = PCURVE('',#2000,#3692);
#3692 = DEFINITIONAL_REPRESENTATION('',(#3693),#3697);
#3693 = LINE('',#3694,#3695);
#3694 = CARTESIAN_POINT('',(1.,0.));
#3695 = VECTOR('',#3696,1.);
#3696 = DIRECTION('',(0.,1.));
#3697 = ( GEOMETRIC_REPRESENTATION_CONTEXT(2) 
PARAMETRIC_REPRESENTATION_CONTEXT() REPRESENTATION_CONTEXT('2D SPACE',''
  ) );
#3698 = ORIENTED_EDGE('',*,*,#3699,.T.);
#3699 = EDGE_CURVE('',#3677,#3491,#3700,.T.);
#3700 = SURFACE_CURVE('',#3701,(#3706,#3718),.PCURVE_S1.);
#3701 = ELLIPSE('',#3702,1.414213562373,1.);
#3702 = AXIS2_PLACEMENT_3D('',#3703,#3704,#3705);
#3703 = CARTESIAN_POINT('',(19.2,22.2,-4.));
#3704 = DIRECTION('',(0.707106781187,0.707106781187,0.));
#3705 = DIRECTION('',(-0.707106781187,0.707106781187,0.));
#3706 = PCURVE('',#3475,#3707);
#3707 = DEFINITIONAL_REPRESENTATION('',(#3708),#3717);
#3708 = B_SPLINE_CURVE_WITH_KNOTS('',7,(#3709,#3710,#3711,#3712,#3713,
    #3714,#3715,#3716),.UNSPECIFIED.,.F.,.F.,(8,8),(3.14159265359,
    4.712388980385),.PIECEWISE_BEZIER_KNOTS.);
#3709 = CARTESIAN_POINT('',(0.,5.6));
#3710 = CARTESIAN_POINT('',(0.224399475256,5.6));
#3711 = CARTESIAN_POINT('',(0.448798950513,5.54125132739));
#3712 = CARTESIAN_POINT('',(0.673198425769,5.423762504625));
#3713 = CARTESIAN_POINT('',(0.897597901026,5.254746825775));
#3714 = CARTESIAN_POINT('',(1.121997376282,5.048798039319));
#3715 = CARTESIAN_POINT('',(1.346396851538,4.824399475256));
#3716 = CARTESIAN_POINT('',(1.570796326795,4.6));
#3717 = ( GEOMETRIC_REPRESENTATION_CONTEXT(2) 
PARAMETRIC_REPRESENTATION_CONTEXT() REPRESENTATION_CONTEXT('2D SPACE',''
  ) );
#3718 = PCURVE('',#3719,#3724);
#3719 = CYLINDRICAL_SURFACE('',#3720,1.);
#3720 = AXIS2_PLACEMENT_3D('',#3721,#3722,#3723);
#3721 = CARTESIAN_POINT('',(19.2,-29.,-4.));
#3722 = DIRECTION('',(0.,1.,0.));
#3723 = DIRECTION('',(1.,0.,-0.));
#3724 = DEFINITIONAL_REPRESENTATION('',(#3725),#3734);
#3725 = B_SPLINE_CURVE_WITH_KNOTS('',7,(#3726,#3727,#3728,#3729,#3730,
    #3731,#3732,#3733),.UNSPECIFIED.,.F.,.F.,(8,8),(3.14159265359,
    4.712388980385),.PIECEWISE_BEZIER_KNOTS.);
#3726 = CARTESIAN_POINT('',(0.,50.2));
#3727 = CARTESIAN_POINT('',(0.224399475256,50.2));
#3728 = CARTESIAN_POINT('',(0.448798950513,50.258748672622));
#3729 = CARTESIAN_POINT('',(0.673198425769,50.376237495366));
#3730 = CARTESIAN_POINT('',(0.897597901026,50.545253174227));
#3731 = CARTESIAN_POINT('',(1.121997376282,50.751201960677));
#3732 = CARTESIAN_POINT('',(1.346396851538,50.975600524744));
#3733 = CARTESIAN_POINT('',(1.570796326795,51.2));
#3734 = ( GEOMETRIC_REPRESENTATION_CONTEXT(2) 
PARAMETRIC_REPRESENTATION_CONTEXT() REPRESENTATION_CONTEXT('2D SPACE',''
  ) );
#3735 = ADVANCED_FACE('',(#3736),#3719,.T.);
#3736 = FACE_BOUND('',#3737,.T.);
#3737 = EDGE_LOOP('',(#3738,#3761,#3861,#3889,#3974,#3993));
#3738 = ORIENTED_EDGE('',*,*,#3739,.F.);
#3739 = EDGE_CURVE('',#3740,#3677,#3742,.T.);
#3740 = VERTEX_POINT('',#3741);
#3741 = CARTESIAN_POINT('',(20.2,5.12347538298,-4.));
#3742 = SURFACE_CURVE('',#3743,(#3747,#3754),.PCURVE_S1.);
#3743 = LINE('',#3744,#3745);
#3744 = CARTESIAN_POINT('',(20.2,-29.,-4.));
#3745 = VECTOR('',#3746,1.);
#3746 = DIRECTION('',(0.,1.,0.));
#3747 = PCURVE('',#3719,#3748);
#3748 = DEFINITIONAL_REPRESENTATION('',(#3749),#3753);
#3749 = LINE('',#3750,#3751);
#3750 = CARTESIAN_POINT('',(0.,0.));
#3751 = VECTOR('',#3752,1.);
#3752 = DIRECTION('',(0.,1.));
#3753 = ( GEOMETRIC_REPRESENTATION_CONTEXT(2) 
PARAMETRIC_REPRESENTATION_CONTEXT() REPRESENTATION_CONTEXT('2D SPACE',''
  ) );
#3754 = PCURVE('',#1681,#3755);
#3755 = DEFINITIONAL_REPRESENTATION('',(#3756),#3760);
#3756 = LINE('',#3757,#3758);
#3757 = CARTESIAN_POINT('',(-4.,29.));
#3758 = VECTOR('',#3759,1.);
#3759 = DIRECTION('',(0.,-1.));
#3760 = ( GEOMETRIC_REPRESENTATION_CONTEXT(2) 
PARAMETRIC_REPRESENTATION_CONTEXT() REPRESENTATION_CONTEXT('2D SPACE',''
  ) );
#3761 = ORIENTED_EDGE('',*,*,#3762,.T.);
#3762 = EDGE_CURVE('',#3740,#3763,#3765,.T.);
#3763 = VERTEX_POINT('',#3764);
#3764 = CARTESIAN_POINT('',(19.2,4.153311931459,-5.));
#3765 = SURFACE_CURVE('',#3766,(#3794,#3825),.PCURVE_S1.);
#3766 = B_SPLINE_CURVE_WITH_KNOTS('',6,(#3767,#3768,#3769,#3770,#3771,
    #3772,#3773,#3774,#3775,#3776,#3777,#3778,#3779,#3780,#3781,#3782,
    #3783,#3784,#3785,#3786,#3787,#3788,#3789,#3790,#3791,#3792,#3793),
  .UNSPECIFIED.,.F.,.F.,(7,5,5,5,5,7),(0.,0.119012554395,0.352263541723,
    0.623108244934,0.733073179494,1.),.UNSPECIFIED.);
#3767 = CARTESIAN_POINT('',(20.2,5.12347538298,-4.));
#3768 = CARTESIAN_POINT('',(20.2,5.098596791954,-4.031866212171));
#3769 = CARTESIAN_POINT('',(20.198781455758,5.073484116792,
    -4.063541902489));
#3770 = CARTESIAN_POINT('',(20.196371677447,5.048176418213,
    -4.094977413001));
#3771 = CARTESIAN_POINT('',(20.192799255967,5.022714675141,
    -4.126125420982));
#3772 = CARTESIAN_POINT('',(20.188094062944,4.997141784702,
    -4.156940938933));
#3773 = CARTESIAN_POINT('',(20.170906563294,4.921252620226,
    -4.247040967399));
#3774 = CARTESIAN_POINT('',(20.155298679689,4.870765833619,
    -4.305238198325));
#3775 = CARTESIAN_POINT('',(20.135685058419,4.820300981483,
    -4.361746741793));
#3776 = CARTESIAN_POINT('',(20.112263983225,4.770138640452,
    -4.416361118101));
#3777 = CARTESIAN_POINT('',(20.085212013012,4.720584296844,
    -4.468889442529));
#3778 = CARTESIAN_POINT('',(20.019238795789,4.615523553273,
    -4.577503054468));
#3779 = CARTESIAN_POINT('',(19.979091209744,4.560320061302,
    -4.632823329809));
#3780 = CARTESIAN_POINT('',(19.934447938417,4.506837300538,
    -4.684859511387));
#3781 = CARTESIAN_POINT('',(19.885464888707,4.455640670469,
    -4.733331229081));
#3782 = CARTESIAN_POINT('',(19.83227343625,4.407409438935,
    -4.777900963447));
#3783 = CARTESIAN_POINT('',(19.751753949529,4.344915351309,
    -4.834491006529));
#3784 = CARTESIAN_POINT('',(19.727830733941,4.327492819349,
    -4.850119815913));
#3785 = CARTESIAN_POINT('',(19.70325307374,4.310755423251,
    -4.865002247221));
#3786 = CARTESIAN_POINT('',(19.678039182819,4.294765843943,
    -4.879104052985));
#3787 = CARTESIAN_POINT('',(19.652208020506,4.279587952795,
    -4.892390636628));
#3788 = CARTESIAN_POINT('',(19.561626690425,4.23057248966,-4.93501497511
    ));
#3789 = CARTESIAN_POINT('',(19.493589290581,4.200827208314,
    -4.960364136525));
#3790 = CARTESIAN_POINT('',(19.422506944604,4.177429551341,
    -4.979966871263));
#3791 = CARTESIAN_POINT('',(19.349280422569,4.16139699193,
    -4.993283916891));
#3792 = CARTESIAN_POINT('',(19.274811551713,4.153311931459,-5.));
#3793 = CARTESIAN_POINT('',(19.2,4.153311931459,-5.));
#3794 = PCURVE('',#3719,#3795);
#3795 = DEFINITIONAL_REPRESENTATION('',(#3796),#3824);
#3796 = B_SPLINE_CURVE_WITH_KNOTS('',6,(#3797,#3798,#3799,#3800,#3801,
    #3802,#3803,#3804,#3805,#3806,#3807,#3808,#3809,#3810,#3811,#3812,
    #3813,#3814,#3815,#3816,#3817,#3818,#3819,#3820,#3821,#3822,#3823),
  .UNSPECIFIED.,.F.,.F.,(7,5,5,5,5,7),(0.,0.119012554395,0.352263541723,
    0.623108244934,0.733073179494,1.),.UNSPECIFIED.);
#3797 = CARTESIAN_POINT('',(0.,34.12347538298));
#3798 = CARTESIAN_POINT('',(3.186621217053E-02,34.098596791954));
#3799 = CARTESIAN_POINT('',(6.354194462838E-02,34.073484116792));
#3800 = CARTESIAN_POINT('',(9.503565352706E-02,34.048176418213));
#3801 = CARTESIAN_POINT('',(0.126354885608,34.022714675141));
#3802 = CARTESIAN_POINT('',(0.157506278198,33.997141784702));
#3803 = CARTESIAN_POINT('',(0.249231003729,33.921252620226));
#3804 = CARTESIAN_POINT('',(0.309322099718,33.870765833619));
#3805 = CARTESIAN_POINT('',(0.368907957787,33.820300981483));
#3806 = CARTESIAN_POINT('',(0.428111179689,33.770138640452));
#3807 = CARTESIAN_POINT('',(0.487050215963,33.720584296844));
#3808 = CARTESIAN_POINT('',(0.614130435074,33.615523553273));
#3809 = CARTESIAN_POINT('',(0.682254223189,33.560320061302));
#3810 = CARTESIAN_POINT('',(0.750478331371,33.506837300538));
#3811 = CARTESIAN_POINT('',(0.819041986752,33.455640670469));
#3812 = CARTESIAN_POINT('',(0.888188565693,33.407409438935));
#3813 = CARTESIAN_POINT('',(0.986605132986,33.344915351309));
#3814 = CARTESIAN_POINT('',(1.015164623443,33.327492819349));
#3815 = CARTESIAN_POINT('',(1.043871559235,33.310755423251));
#3816 = CARTESIAN_POINT('',(1.072734804312,33.294765843943));
#3817 = CARTESIAN_POINT('',(1.101764758059,33.279587952795));
#3818 = CARTESIAN_POINT('',(1.201873756607,33.23057248966));
#3819 = CARTESIAN_POINT('',(1.274228796602,33.200827208314));
#3820 = CARTESIAN_POINT('',(1.347534918426,33.177429551341));
#3821 = CARTESIAN_POINT('',(1.421516110098,33.16139699193));
#3822 = CARTESIAN_POINT('',(1.495984775082,33.153311931459));
#3823 = CARTESIAN_POINT('',(1.570796326795,33.153311931459));
#3824 = ( GEOMETRIC_REPRESENTATION_CONTEXT(2) 
PARAMETRIC_REPRESENTATION_CONTEXT() REPRESENTATION_CONTEXT('2D SPACE',''
  ) );
#3825 = PCURVE('',#3826,#3831);
#3826 = CYLINDRICAL_SURFACE('',#3827,6.5);
#3827 = AXIS2_PLACEMENT_3D('',#3828,#3829,#3830);
#3828 = CARTESIAN_POINT('',(14.6,0.,0.));
#3829 = DIRECTION('',(1.,0.,0.));
#3830 = DIRECTION('',(-0.,0.,1.));
#3831 = DEFINITIONAL_REPRESENTATION('',(#3832),#3860);
#3832 = B_SPLINE_CURVE_WITH_KNOTS('',6,(#3833,#3834,#3835,#3836,#3837,
    #3838,#3839,#3840,#3841,#3842,#3843,#3844,#3845,#3846,#3847,#3848,
    #3849,#3850,#3851,#3852,#3853,#3854,#3855,#3856,#3857,#3858,#3859),
  .UNSPECIFIED.,.F.,.F.,(7,5,5,5,5,7),(0.,0.119012554395,0.352263541723,
    0.623108244934,0.733073179494,1.),.UNSPECIFIED.);
#3833 = CARTESIAN_POINT('',(4.049515156735,5.6));
#3834 = CARTESIAN_POINT('',(4.043295508978,5.6));
#3835 = CARTESIAN_POINT('',(4.037076807321,5.598781455758));
#3836 = CARTESIAN_POINT('',(4.030868326024,5.596371677447));
#3837 = CARTESIAN_POINT('',(4.024679259521,5.592799255967));
#3838 = CARTESIAN_POINT('',(4.018518722415,5.588094062944));
#3839 = CARTESIAN_POINT('',(4.000395423203,5.570906563294));
#3840 = CARTESIAN_POINT('',(3.98854370754,5.555298679689));
#3841 = CARTESIAN_POINT('',(3.976889749933,5.535685058419));
#3842 = CARTESIAN_POINT('',(3.965482837376,5.512263983225));
#3843 = CARTESIAN_POINT('',(3.954373860161,5.485212013012));
#3844 = CARTESIAN_POINT('',(3.931125941612,5.419238795789));
#3845 = CARTESIAN_POINT('',(3.919103999244,5.379091209744));
#3846 = CARTESIAN_POINT('',(3.907625726483,5.334447938417));
#3847 = CARTESIAN_POINT('',(3.896780471163,5.285464888707));
#3848 = CARTESIAN_POINT('',(3.88667771059,5.23227343625));
#3849 = CARTESIAN_POINT('',(3.873707153158,5.151753949529));
#3850 = CARTESIAN_POINT('',(3.870106388896,5.127830733941));
#3851 = CARTESIAN_POINT('',(3.866660738434,5.10325307374));
#3852 = CARTESIAN_POINT('',(3.863380827915,5.078039182819));
#3853 = CARTESIAN_POINT('',(3.860277489554,5.052208020506));
#3854 = CARTESIAN_POINT('',(3.85028417835,4.961626690425));
#3855 = CARTESIAN_POINT('',(3.844271951449,4.893589290581));
#3856 = CARTESIAN_POINT('',(3.839576063191,4.822506944604));
#3857 = CARTESIAN_POINT('',(3.83636957931,4.749280422569));
#3858 = CARTESIAN_POINT('',(3.834752561167,4.674811551713));
#3859 = CARTESIAN_POINT('',(3.834752561167,4.6));
#3860 = ( GEOMETRIC_REPRESENTATION_CONTEXT(2) 
PARAMETRIC_REPRESENTATION_CONTEXT() REPRESENTATION_CONTEXT('2D SPACE',''
  ) );
#3861 = ORIENTED_EDGE('',*,*,#3862,.T.);
#3862 = EDGE_CURVE('',#3763,#3863,#3865,.T.);
#3863 = VERTEX_POINT('',#3864);
#3864 = CARTESIAN_POINT('',(19.2,15.2,-5.));
#3865 = SURFACE_CURVE('',#3866,(#3870,#3877),.PCURVE_S1.);
#3866 = LINE('',#3867,#3868);
#3867 = CARTESIAN_POINT('',(19.2,-29.,-5.));
#3868 = VECTOR('',#3869,1.);
#3869 = DIRECTION('',(0.,1.,0.));
#3870 = PCURVE('',#3719,#3871);
#3871 = DEFINITIONAL_REPRESENTATION('',(#3872),#3876);
#3872 = LINE('',#3873,#3874);
#3873 = CARTESIAN_POINT('',(1.570796326795,0.));
#3874 = VECTOR('',#3875,1.);
#3875 = DIRECTION('',(0.,1.));
#3876 = ( GEOMETRIC_REPRESENTATION_CONTEXT(2) 
PARAMETRIC_REPRESENTATION_CONTEXT() REPRESENTATION_CONTEXT('2D SPACE',''
  ) );
#3877 = PCURVE('',#3878,#3883);
#3878 = PLANE('',#3879);
#3879 = AXIS2_PLACEMENT_3D('',#3880,#3881,#3882);
#3880 = CARTESIAN_POINT('',(14.6,-29.,-5.));
#3881 = DIRECTION('',(0.,0.,1.));
#3882 = DIRECTION('',(1.,0.,0.));
#3883 = DEFINITIONAL_REPRESENTATION('',(#3884),#3888);
#3884 = LINE('',#3885,#3886);
#3885 = CARTESIAN_POINT('',(4.6,0.));
#3886 = VECTOR('',#3887,1.);
#3887 = DIRECTION('',(0.,1.));
#3888 = ( GEOMETRIC_REPRESENTATION_CONTEXT(2) 
PARAMETRIC_REPRESENTATION_CONTEXT() REPRESENTATION_CONTEXT('2D SPACE',''
  ) );
#3889 = ORIENTED_EDGE('',*,*,#3890,.F.);
#3890 = EDGE_CURVE('',#3891,#3863,#3893,.T.);
#3891 = VERTEX_POINT('',#3892);
#3892 = CARTESIAN_POINT('',(20.066025403784,16.2,-4.5));
#3893 = SURFACE_CURVE('',#3894,(#3917,#3943),.PCURVE_S1.);
#3894 = B_SPLINE_CURVE_WITH_KNOTS('',6,(#3895,#3896,#3897,#3898,#3899,
    #3900,#3901,#3902,#3903,#3904,#3905,#3906,#3907,#3908,#3909,#3910,
    #3911,#3912,#3913,#3914,#3915,#3916),.UNSPECIFIED.,.F.,.F.,(7,5,5,5,
    7),(0.,0.259684381811,0.465024301879,0.725070570504,1.),
  .UNSPECIFIED.);
#3895 = CARTESIAN_POINT('',(20.066025403784,16.2,-4.5));
#3896 = CARTESIAN_POINT('',(20.066025403784,16.1329922318,-4.5));
#3897 = CARTESIAN_POINT('',(20.062913961048,16.066172559008,
    -4.505390248839));
#3898 = CARTESIAN_POINT('',(20.056727092283,15.999976325682,
    -4.51610293995));
#3899 = CARTESIAN_POINT('',(20.047288533158,15.934784316052,
    -4.531876140212));
#3900 = CARTESIAN_POINT('',(20.034239273659,15.871114201063,
    -4.552186908375));
#3901 = CARTESIAN_POINT('',(20.003881329077,15.760841767141,
    -4.595244482626));
#3902 = CARTESIAN_POINT('',(19.988033164664,15.713447982627,
    -4.616595245579));
#3903 = CARTESIAN_POINT('',(19.969582471943,15.667587517707,
    -4.639908183339));
#3904 = CARTESIAN_POINT('',(19.948366006028,15.623489359167,
    -4.664729287994));
#3905 = CARTESIAN_POINT('',(19.924260991651,15.581356876199,
    -4.690560082601));
#3906 = CARTESIAN_POINT('',(19.862878869371,15.490724237366,
    -4.750253683208));
#3907 = CARTESIAN_POINT('',(19.823818319183,15.443540031287,
    -4.78440820086));
#3908 = CARTESIAN_POINT('',(19.779810701642,15.400156627113,
    -4.818350091534));
#3909 = CARTESIAN_POINT('',(19.730832954108,15.360980178436,
    -4.85096939847));
#3910 = CARTESIAN_POINT('',(19.677125616148,15.326402018297,
    -4.88114824781));
#3911 = CARTESIAN_POINT('',(19.557953572635,15.265480898653,
    -4.936172880573));
#3912 = CARTESIAN_POINT('',(19.491955662754,15.239703077752,
    -4.960631920724));
#3913 = CARTESIAN_POINT('',(19.421941316053,15.219980060318,
    -4.980019163254));
#3914 = CARTESIAN_POINT('',(19.348996242708,15.206656203209,
    -4.993343953939));
#3915 = CARTESIAN_POINT('',(19.274472656232,15.2,-5.));
#3916 = CARTESIAN_POINT('',(19.2,15.2,-5.));
#3917 = PCURVE('',#3719,#3918);
#3918 = DEFINITIONAL_REPRESENTATION('',(#3919),#3942);
#3919 = B_SPLINE_CURVE_WITH_KNOTS('',6,(#3920,#3921,#3922,#3923,#3924,
    #3925,#3926,#3927,#3928,#3929,#3930,#3931,#3932,#3933,#3934,#3935,
    #3936,#3937,#3938,#3939,#3940,#3941),.UNSPECIFIED.,.F.,.F.,(7,5,5,5,
    7),(0.,0.259684381811,0.465024301879,0.725070570504,1.),
  .UNSPECIFIED.);
#3920 = CARTESIAN_POINT('',(0.523598775598,45.2));
#3921 = CARTESIAN_POINT('',(0.523598775598,45.1329922318));
#3922 = CARTESIAN_POINT('',(0.529821972131,45.066172559008));
#3923 = CARTESIAN_POINT('',(0.542194630405,44.999976325682));
#3924 = CARTESIAN_POINT('',(0.560571105908,44.934784316052));
#3925 = CARTESIAN_POINT('',(0.584690134164,44.871114201063));
#3926 = CARTESIAN_POINT('',(0.637373713195,44.760841767141));
#3927 = CARTESIAN_POINT('',(0.663955619651,44.713447982627));
#3928 = CARTESIAN_POINT('',(0.693663495952,44.667587517707));
#3929 = CARTESIAN_POINT('',(0.726275301074,44.623489359167));
#3930 = CARTESIAN_POINT('',(0.761564800799,44.581356876199));
#3931 = CARTESIAN_POINT('',(0.847186590602,44.490724237366));
#3932 = CARTESIAN_POINT('',(0.899000789509,44.443540031287));
#3933 = CARTESIAN_POINT('',(0.954410504304,44.400156627113));
#3934 = CARTESIAN_POINT('',(1.013018744868,44.360980178436));
#3935 = CARTESIAN_POINT('',(1.074430248509,44.326402018297));
#3936 = CARTESIAN_POINT('',(1.205692147648,44.265480898653));
#3937 = CARTESIAN_POINT('',(1.275864193122,44.239703077752));
#3938 = CARTESIAN_POINT('',(1.348110802606,44.219980060318));
#3939 = CARTESIAN_POINT('',(1.421800235387,44.206656203209));
#3940 = CARTESIAN_POINT('',(1.496323670563,44.2));
#3941 = CARTESIAN_POINT('',(1.570796326795,44.2));
#3942 = ( GEOMETRIC_REPRESENTATION_CONTEXT(2) 
PARAMETRIC_REPRESENTATION_CONTEXT() REPRESENTATION_CONTEXT('2D SPACE',''
  ) );
#3943 = PCURVE('',#3944,#3949);
#3944 = SPHERICAL_SURFACE('',#3945,1.);
#3945 = AXIS2_PLACEMENT_3D('',#3946,#3947,#3948);
#3946 = CARTESIAN_POINT('',(19.2,16.2,-5.));
#3947 = DIRECTION('',(-0.,-0.,-1.));
#3948 = DIRECTION('',(1.,0.,0.));
#3949 = DEFINITIONAL_REPRESENTATION('',(#3950),#3973);
#3950 = B_SPLINE_CURVE_WITH_KNOTS('',6,(#3951,#3952,#3953,#3954,#3955,
    #3956,#3957,#3958,#3959,#3960,#3961,#3962,#3963,#3964,#3965,#3966,
    #3967,#3968,#3969,#3970,#3971,#3972),.UNSPECIFIED.,.F.,.F.,(7,5,5,5,
    7),(0.,0.259684381811,0.465024301879,0.725070570504,1.),
  .UNSPECIFIED.);
#3951 = CARTESIAN_POINT('',(-4.440892098501E-15,-0.523598775598));
#3952 = CARTESIAN_POINT('',(7.737390601559E-02,-0.523598775598));
#3953 = CARTESIAN_POINT('',(0.15452935961,-0.517377164365));
#3954 = CARTESIAN_POINT('',(0.230554591444,-0.504999746214));
#3955 = CARTESIAN_POINT('',(0.304577187723,-0.48696693839));
#3956 = CARTESIAN_POINT('',(0.376283682841,-0.464147842626));
#3957 = CARTESIAN_POINT('',(0.500583244405,-0.416610889493));
#3958 = CARTESIAN_POINT('',(0.554045214859,-0.393286265071));
#3959 = CARTESIAN_POINT('',(0.606144949195,-0.36812954605));
#3960 = CARTESIAN_POINT('',(0.657115318309,-0.34168805867));
#3961 = CARTESIAN_POINT('',(0.707275177265,-0.31448825296));
#3962 = CARTESIAN_POINT('',(0.819918457864,-0.252248415537));
#3963 = CARTESIAN_POINT('',(0.882097846324,-0.217065198646));
#3964 = CARTESIAN_POINT('',(0.944248888959,-0.182476636331));
#3965 = CARTESIAN_POINT('',(1.007041614845,-0.149484638478));
#3966 = CARTESIAN_POINT('',(1.07097428565,-0.119096655392));
#3967 = CARTESIAN_POINT('',(1.20528920292,-6.383713182719E-02));
#3968 = CARTESIAN_POINT('',(1.275871961401,-3.93636898423E-02));
#3969 = CARTESIAN_POINT('',(1.348108416098,-1.998276225759E-02));
#3970 = CARTESIAN_POINT('',(1.421800748118,-6.655546691642E-03));
#3971 = CARTESIAN_POINT('',(1.496323670563,2.22044604925E-16));
#3972 = CARTESIAN_POINT('',(1.570796326795,0.));
#3973 = ( GEOMETRIC_REPRESENTATION_CONTEXT(2) 
PARAMETRIC_REPRESENTATION_CONTEXT() REPRESENTATION_CONTEXT('2D SPACE',''
  ) );
#3974 = ORIENTED_EDGE('',*,*,#3975,.T.);
#3975 = EDGE_CURVE('',#3891,#3491,#3976,.T.);
#3976 = SURFACE_CURVE('',#3977,(#3981,#3987),.PCURVE_S1.);
#3977 = LINE('',#3978,#3979);
#3978 = CARTESIAN_POINT('',(20.066025403784,-29.,-4.5));
#3979 = VECTOR('',#3980,1.);
#3980 = DIRECTION('',(0.,1.,0.));
#3981 = PCURVE('',#3719,#3982);
#3982 = DEFINITIONAL_REPRESENTATION('',(#3983),#3986);
#3983 = B_SPLINE_CURVE_WITH_KNOTS('',1,(#3984,#3985),.UNSPECIFIED.,.F.,
  .F.,(2,2),(45.1999994,53.7000006),.PIECEWISE_BEZIER_KNOTS.);
#3984 = CARTESIAN_POINT('',(0.523598775598,45.1999994));
#3985 = CARTESIAN_POINT('',(0.523598775598,53.7000006));
#3986 = ( GEOMETRIC_REPRESENTATION_CONTEXT(2) 
PARAMETRIC_REPRESENTATION_CONTEXT() REPRESENTATION_CONTEXT('2D SPACE',''
  ) );
#3987 = PCURVE('',#3588,#3988);
#3988 = DEFINITIONAL_REPRESENTATION('',(#3989),#3992);
#3989 = B_SPLINE_CURVE_WITH_KNOTS('',1,(#3990,#3991),.UNSPECIFIED.,.F.,
  .F.,(2,2),(45.1999994,53.7000006),.PIECEWISE_BEZIER_KNOTS.);
#3990 = CARTESIAN_POINT('',(-0.523598775598,0.9999994));
#3991 = CARTESIAN_POINT('',(-0.523598775598,9.5000006));
#3992 = ( GEOMETRIC_REPRESENTATION_CONTEXT(2) 
PARAMETRIC_REPRESENTATION_CONTEXT() REPRESENTATION_CONTEXT('2D SPACE',''
  ) );
#3993 = ORIENTED_EDGE('',*,*,#3699,.F.);
#3994 = ADVANCED_FACE('',(#3995),#3826,.T.);
#3995 = FACE_BOUND('',#3996,.T.);
#3996 = EDGE_LOOP('',(#3997,#4021,#4121,#4147,#4247,#4271,#4371,#4391));
#3997 = ORIENTED_EDGE('',*,*,#3998,.F.);
#3998 = EDGE_CURVE('',#3999,#3740,#4001,.T.);
#3999 = VERTEX_POINT('',#4000);
#4000 = CARTESIAN_POINT('',(20.2,-5.12347538298,-4.));
#4001 = SURFACE_CURVE('',#4002,(#4007,#4014),.PCURVE_S1.);
#4002 = CIRCLE('',#4003,6.5);
#4003 = AXIS2_PLACEMENT_3D('',#4004,#4005,#4006);
#4004 = CARTESIAN_POINT('',(20.2,0.,0.));
#4005 = DIRECTION('',(1.,0.,0.));
#4006 = DIRECTION('',(-0.,0.,1.));
#4007 = PCURVE('',#3826,#4008);
#4008 = DEFINITIONAL_REPRESENTATION('',(#4009),#4013);
#4009 = LINE('',#4010,#4011);
#4010 = CARTESIAN_POINT('',(0.,5.6));
#4011 = VECTOR('',#4012,1.);
#4012 = DIRECTION('',(1.,0.));
#4013 = ( GEOMETRIC_REPRESENTATION_CONTEXT(2) 
PARAMETRIC_REPRESENTATION_CONTEXT() REPRESENTATION_CONTEXT('2D SPACE',''
  ) );
#4014 = PCURVE('',#1681,#4015);
#4015 = DEFINITIONAL_REPRESENTATION('',(#4016),#4020);
#4016 = CIRCLE('',#4017,6.5);
#4017 = AXIS2_PLACEMENT_2D('',#4018,#4019);
#4018 = CARTESIAN_POINT('',(0.,0.));
#4019 = DIRECTION('',(1.,0.));
#4020 = ( GEOMETRIC_REPRESENTATION_CONTEXT(2) 
PARAMETRIC_REPRESENTATION_CONTEXT() REPRESENTATION_CONTEXT('2D SPACE',''
  ) );
#4021 = ORIENTED_EDGE('',*,*,#4022,.T.);
#4022 = EDGE_CURVE('',#3999,#4023,#4025,.T.);
#4023 = VERTEX_POINT('',#4024);
#4024 = CARTESIAN_POINT('',(19.2,-4.153311931459,-5.));
#4025 = SURFACE_CURVE('',#4026,(#4054,#4085),.PCURVE_S1.);
#4026 = B_SPLINE_CURVE_WITH_KNOTS('',6,(#4027,#4028,#4029,#4030,#4031,
    #4032,#4033,#4034,#4035,#4036,#4037,#4038,#4039,#4040,#4041,#4042,
    #4043,#4044,#4045,#4046,#4047,#4048,#4049,#4050,#4051,#4052,#4053),
  .UNSPECIFIED.,.F.,.F.,(7,5,5,5,5,7),(0.,0.119012552417,0.352263525468,
    0.623108212101,0.733073149404,1.),.UNSPECIFIED.);
#4027 = CARTESIAN_POINT('',(20.2,-5.12347538298,-4.));
#4028 = CARTESIAN_POINT('',(20.2,-5.098596793068,-4.031866210744));
#4029 = CARTESIAN_POINT('',(20.198781455619,-5.073484116478,
    -4.063541902834));
#4030 = CARTESIAN_POINT('',(20.196371677317,-5.048176417082,
    -4.094977414396));
#4031 = CARTESIAN_POINT('',(20.192799256036,-5.02271467485,
    -4.126125421383));
#4032 = CARTESIAN_POINT('',(20.188094063203,-4.997141785846,
    -4.156940937576));
#4033 = CARTESIAN_POINT('',(20.170906563294,-4.921252620226,
    -4.247040967399));
#4034 = CARTESIAN_POINT('',(20.155298679689,-4.870765833619,
    -4.305238198325));
#4035 = CARTESIAN_POINT('',(20.135685058419,-4.820300981483,
    -4.361746741793));
#4036 = CARTESIAN_POINT('',(20.112263983225,-4.770138640452,
    -4.416361118101));
#4037 = CARTESIAN_POINT('',(20.085212013012,-4.720584296844,
    -4.468889442529));
#4038 = CARTESIAN_POINT('',(20.019238795789,-4.615523553273,
    -4.577503054468));
#4039 = CARTESIAN_POINT('',(19.979091209744,-4.560320061302,
    -4.632823329809));
#4040 = CARTESIAN_POINT('',(19.934447938417,-4.506837300538,
    -4.684859511387));
#4041 = CARTESIAN_POINT('',(19.885464888707,-4.455640670469,
    -4.733331229081));
#4042 = CARTESIAN_POINT('',(19.83227343625,-4.407409438935,
    -4.777900963447));
#4043 = CARTESIAN_POINT('',(19.751753947526,-4.344915349754,
    -4.834491007936));
#4044 = CARTESIAN_POINT('',(19.727830734639,-4.327492819602,
    -4.850119815708));
#4045 = CARTESIAN_POINT('',(19.703253075898,-4.310755424656,
    -4.865002245972));
#4046 = CARTESIAN_POINT('',(19.678039183275,-4.294765844442,
    -4.879104052521));
#4047 = CARTESIAN_POINT('',(19.652208018201,-4.279587951548,
    -4.892390637713));
#4048 = CARTESIAN_POINT('',(19.561626690387,-4.23057248964,
    -4.935014975127));
#4049 = CARTESIAN_POINT('',(19.493589290592,-4.200827208328,
    -4.960364136513));
#4050 = CARTESIAN_POINT('',(19.422506944644,-4.177429551352,
    -4.979966871254));
#4051 = CARTESIAN_POINT('',(19.349280422578,-4.161396991921,
    -4.993283916898));
#4052 = CARTESIAN_POINT('',(19.274811551673,-4.153311931459,-5.));
#4053 = CARTESIAN_POINT('',(19.2,-4.153311931459,-5.));
#4054 = PCURVE('',#3826,#4055);
#4055 = DEFINITIONAL_REPRESENTATION('',(#4056),#4084);
#4056 = B_SPLINE_CURVE_WITH_KNOTS('',6,(#4057,#4058,#4059,#4060,#4061,
    #4062,#4063,#4064,#4065,#4066,#4067,#4068,#4069,#4070,#4071,#4072,
    #4073,#4074,#4075,#4076,#4077,#4078,#4079,#4080,#4081,#4082,#4083),
  .UNSPECIFIED.,.F.,.F.,(7,5,5,5,5,7),(0.,0.119012552417,0.352263525468,
    0.623108212101,0.733073149404,1.),.UNSPECIFIED.);
#4057 = CARTESIAN_POINT('',(2.233670150445,5.6));
#4058 = CARTESIAN_POINT('',(2.239889797923,5.6));
#4059 = CARTESIAN_POINT('',(2.246108499931,5.598781455619));
#4060 = CARTESIAN_POINT('',(2.252316981432,5.596371677317));
#4061 = CARTESIAN_POINT('',(2.258506047734,5.592799256036));
#4062 = CARTESIAN_POINT('',(2.264666584492,5.588094063203));
#4063 = CARTESIAN_POINT('',(2.282789883976,5.570906563294));
#4064 = CARTESIAN_POINT('',(2.294641599639,5.555298679689));
#4065 = CARTESIAN_POINT('',(2.306295557246,5.535685058419));
#4066 = CARTESIAN_POINT('',(2.317702469804,5.512263983225));
#4067 = CARTESIAN_POINT('',(2.328811447018,5.485212013012));
#4068 = CARTESIAN_POINT('',(2.352059365568,5.419238795789));
#4069 = CARTESIAN_POINT('',(2.364081307936,5.379091209744));
#4070 = CARTESIAN_POINT('',(2.375559580696,5.334447938417));
#4071 = CARTESIAN_POINT('',(2.386404836016,5.285464888707));
#4072 = CARTESIAN_POINT('',(2.39650759659,5.23227343625));
#4073 = CARTESIAN_POINT('',(2.409478154344,5.151753947526));
#4074 = CARTESIAN_POINT('',(2.413078918233,5.127830734639));
#4075 = CARTESIAN_POINT('',(2.416524568456,5.103253075898));
#4076 = CARTESIAN_POINT('',(2.41980447916,5.078039183275));
#4077 = CARTESIAN_POINT('',(2.42290781788,5.052208018201));
#4078 = CARTESIAN_POINT('',(2.432901128834,4.961626690387));
#4079 = CARTESIAN_POINT('',(2.438913355728,4.893589290592));
#4080 = CARTESIAN_POINT('',(2.443609243986,4.822506944644));
#4081 = CARTESIAN_POINT('',(2.446815727872,4.749280422578));
#4082 = CARTESIAN_POINT('',(2.448432746013,4.674811551673));
#4083 = CARTESIAN_POINT('',(2.448432746013,4.6));
#4084 = ( GEOMETRIC_REPRESENTATION_CONTEXT(2) 
PARAMETRIC_REPRESENTATION_CONTEXT() REPRESENTATION_CONTEXT('2D SPACE',''
  ) );
#4085 = PCURVE('',#4086,#4091);
#4086 = CYLINDRICAL_SURFACE('',#4087,1.);
#4087 = AXIS2_PLACEMENT_3D('',#4088,#4089,#4090);
#4088 = CARTESIAN_POINT('',(19.2,-29.,-4.));
#4089 = DIRECTION('',(0.,1.,0.));
#4090 = DIRECTION('',(1.,0.,-0.));
#4091 = DEFINITIONAL_REPRESENTATION('',(#4092),#4120);
#4092 = B_SPLINE_CURVE_WITH_KNOTS('',6,(#4093,#4094,#4095,#4096,#4097,
    #4098,#4099,#4100,#4101,#4102,#4103,#4104,#4105,#4106,#4107,#4108,
    #4109,#4110,#4111,#4112,#4113,#4114,#4115,#4116,#4117,#4118,#4119),
  .UNSPECIFIED.,.F.,.F.,(7,5,5,5,5,7),(0.,0.119012552417,0.352263525468,
    0.623108212101,0.733073149404,1.),.UNSPECIFIED.);
#4093 = CARTESIAN_POINT('',(0.,23.87652461702));
#4094 = CARTESIAN_POINT('',(3.18662107437E-02,23.901403206932));
#4095 = CARTESIAN_POINT('',(6.354194498642E-02,23.926515883522));
#4096 = CARTESIAN_POINT('',(9.503565493369E-02,23.951823582918));
#4097 = CARTESIAN_POINT('',(0.126354886002,23.97728532515));
#4098 = CARTESIAN_POINT('',(0.157506276816,24.002858214154));
#4099 = CARTESIAN_POINT('',(0.249231003729,24.078747379774));
#4100 = CARTESIAN_POINT('',(0.309322099718,24.129234166381));
#4101 = CARTESIAN_POINT('',(0.368907957787,24.179699018517));
#4102 = CARTESIAN_POINT('',(0.428111179689,24.229861359548));
#4103 = CARTESIAN_POINT('',(0.487050215963,24.279415703156));
#4104 = CARTESIAN_POINT('',(0.614130435074,24.384476446727));
#4105 = CARTESIAN_POINT('',(0.682254223189,24.439679938698));
#4106 = CARTESIAN_POINT('',(0.750478331371,24.493162699462));
#4107 = CARTESIAN_POINT('',(0.819041986752,24.544359329531));
#4108 = CARTESIAN_POINT('',(0.888188565693,24.592590561065));
#4109 = CARTESIAN_POINT('',(0.986605135435,24.655084650246));
#4110 = CARTESIAN_POINT('',(1.015164622735,24.672507180398));
#4111 = CARTESIAN_POINT('',(1.043871556733,24.689244575344));
#4112 = CARTESIAN_POINT('',(1.072734803683,24.705234155558));
#4113 = CARTESIAN_POINT('',(1.101764760606,24.720412048452));
#4114 = CARTESIAN_POINT('',(1.201873756649,24.76942751036));
#4115 = CARTESIAN_POINT('',(1.274228796588,24.799172791672));
#4116 = CARTESIAN_POINT('',(1.347534918387,24.822570448648));
#4117 = CARTESIAN_POINT('',(1.421516110088,24.838603008079));
#4118 = CARTESIAN_POINT('',(1.495984775122,24.846688068541));
#4119 = CARTESIAN_POINT('',(1.570796326795,24.846688068541));
#4120 = ( GEOMETRIC_REPRESENTATION_CONTEXT(2) 
PARAMETRIC_REPRESENTATION_CONTEXT() REPRESENTATION_CONTEXT('2D SPACE',''
  ) );
#4121 = ORIENTED_EDGE('',*,*,#4122,.F.);
#4122 = EDGE_CURVE('',#4123,#4023,#4125,.T.);
#4123 = VERTEX_POINT('',#4124);
#4124 = CARTESIAN_POINT('',(15.6,-4.153311931459,-5.));
#4125 = SURFACE_CURVE('',#4126,(#4130,#4136),.PCURVE_S1.);
#4126 = LINE('',#4127,#4128);
#4127 = CARTESIAN_POINT('',(14.6,-4.153311931459,-5.));
#4128 = VECTOR('',#4129,1.);
#4129 = DIRECTION('',(1.,0.,0.));
#4130 = PCURVE('',#3826,#4131);
#4131 = DEFINITIONAL_REPRESENTATION('',(#4132),#4135);
#4132 = B_SPLINE_CURVE_WITH_KNOTS('',1,(#4133,#4134),.UNSPECIFIED.,.F.,
  .F.,(2,2),(0.64,4.96),.PIECEWISE_BEZIER_KNOTS.);
#4133 = CARTESIAN_POINT('',(2.448432746013,0.64));
#4134 = CARTESIAN_POINT('',(2.448432746013,4.96));
#4135 = ( GEOMETRIC_REPRESENTATION_CONTEXT(2) 
PARAMETRIC_REPRESENTATION_CONTEXT() REPRESENTATION_CONTEXT('2D SPACE',''
  ) );
#4136 = PCURVE('',#4137,#4142);
#4137 = PLANE('',#4138);
#4138 = AXIS2_PLACEMENT_3D('',#4139,#4140,#4141);
#4139 = CARTESIAN_POINT('',(14.6,-29.,-5.));
#4140 = DIRECTION('',(0.,0.,1.));
#4141 = DIRECTION('',(1.,0.,0.));
#4142 = DEFINITIONAL_REPRESENTATION('',(#4143),#4146);
#4143 = B_SPLINE_CURVE_WITH_KNOTS('',1,(#4144,#4145),.UNSPECIFIED.,.F.,
  .F.,(2,2),(0.64,4.96),.PIECEWISE_BEZIER_KNOTS.);
#4144 = CARTESIAN_POINT('',(0.64,24.846688068541));
#4145 = CARTESIAN_POINT('',(4.96,24.846688068541));
#4146 = ( GEOMETRIC_REPRESENTATION_CONTEXT(2) 
PARAMETRIC_REPRESENTATION_CONTEXT() REPRESENTATION_CONTEXT('2D SPACE',''
  ) );
#4147 = ORIENTED_EDGE('',*,*,#4148,.F.);
#4148 = EDGE_CURVE('',#4149,#4123,#4151,.T.);
#4149 = VERTEX_POINT('',#4150);
#4150 = CARTESIAN_POINT('',(14.6,-5.12347538298,-4.));
#4151 = SURFACE_CURVE('',#4152,(#4180,#4211),.PCURVE_S1.);
#4152 = B_SPLINE_CURVE_WITH_KNOTS('',6,(#4153,#4154,#4155,#4156,#4157,
    #4158,#4159,#4160,#4161,#4162,#4163,#4164,#4165,#4166,#4167,#4168,
    #4169,#4170,#4171,#4172,#4173,#4174,#4175,#4176,#4177,#4178,#4179),
  .UNSPECIFIED.,.F.,.F.,(7,5,5,5,5,7),(0.,0.119012540132,0.352263514293,
    0.623108202214,0.733073141426,1.),.UNSPECIFIED.);
#4153 = CARTESIAN_POINT('',(14.6,-5.12347538298,-4.));
#4154 = CARTESIAN_POINT('',(14.6,-5.098596790371,-4.031866214199));
#4155 = CARTESIAN_POINT('',(14.601218544046,-5.073484117239,
    -4.063541901997));
#4156 = CARTESIAN_POINT('',(14.603628322369,-5.048176419821,
    -4.094977411018));
#4157 = CARTESIAN_POINT('',(14.607200744131,-5.022714675554,
    -4.126125420412));
#4158 = CARTESIAN_POINT('',(14.611905937424,-4.997141783077,
    -4.156940940863));
#4159 = CARTESIAN_POINT('',(14.629093436706,-4.921252620226,
    -4.247040967399));
#4160 = CARTESIAN_POINT('',(14.644701320311,-4.870765833619,
    -4.305238198325));
#4161 = CARTESIAN_POINT('',(14.664314941581,-4.820300981483,
    -4.361746741793));
#4162 = CARTESIAN_POINT('',(14.687736016775,-4.770138640452,
    -4.416361118101));
#4163 = CARTESIAN_POINT('',(14.714787986988,-4.720584296844,
    -4.468889442529));
#4164 = CARTESIAN_POINT('',(14.780761204211,-4.615523553273,
    -4.577503054468));
#4165 = CARTESIAN_POINT('',(14.820908790256,-4.560320061302,
    -4.632823329809));
#4166 = CARTESIAN_POINT('',(14.865552061583,-4.506837300538,
    -4.684859511387));
#4167 = CARTESIAN_POINT('',(14.914535111293,-4.455640670469,
    -4.733331229081));
#4168 = CARTESIAN_POINT('',(14.96772656375,-4.407409438935,
    -4.777900963447));
#4169 = CARTESIAN_POINT('',(15.048246052767,-4.344915349527,
    -4.834491008142));
#4170 = CARTESIAN_POINT('',(15.072169265259,-4.327492819639,
    -4.850119815678));
#4171 = CARTESIAN_POINT('',(15.096746923786,-4.310755424862,
    -4.865002245789));
#4172 = CARTESIAN_POINT('',(15.121960816658,-4.294765844515,
    -4.879104052453));
#4173 = CARTESIAN_POINT('',(15.147791982136,-4.279587951365,
    -4.892390637872));
#4174 = CARTESIAN_POINT('',(15.238373309597,-4.230572489648,
    -4.93501497512));
#4175 = CARTESIAN_POINT('',(15.306410709413,-4.200827208322,
    -4.960364136518));
#4176 = CARTESIAN_POINT('',(15.377493055372,-4.177429551347,
    -4.979966871258));
#4177 = CARTESIAN_POINT('',(15.450719577426,-4.161396991924,
    -4.993283916896));
#4178 = CARTESIAN_POINT('',(15.525188448311,-4.153311931459,-5.));
#4179 = CARTESIAN_POINT('',(15.6,-4.153311931459,-5.));
#4180 = PCURVE('',#3826,#4181);
#4181 = DEFINITIONAL_REPRESENTATION('',(#4182),#4210);
#4182 = B_SPLINE_CURVE_WITH_KNOTS('',6,(#4183,#4184,#4185,#4186,#4187,
    #4188,#4189,#4190,#4191,#4192,#4193,#4194,#4195,#4196,#4197,#4198,
    #4199,#4200,#4201,#4202,#4203,#4204,#4205,#4206,#4207,#4208,#4209),
  .UNSPECIFIED.,.F.,.F.,(7,5,5,5,5,7),(0.,0.119012540132,0.352263514293,
    0.623108202214,0.733073141426,1.),.UNSPECIFIED.);
#4183 = CARTESIAN_POINT('',(2.233670150445,0.));
#4184 = CARTESIAN_POINT('',(2.239889798597,-2.762078633458E-18));
#4185 = CARTESIAN_POINT('',(2.246108499757,1.218544045613E-03));
#4186 = CARTESIAN_POINT('',(2.252316980762,3.628322368597E-03));
#4187 = CARTESIAN_POINT('',(2.25850604755,7.200744130842E-03));
#4188 = CARTESIAN_POINT('',(2.264666585153,1.190593742436E-02));
#4189 = CARTESIAN_POINT('',(2.282789883976,2.909343670617E-02));
#4190 = CARTESIAN_POINT('',(2.294641599639,4.470132031071E-02));
#4191 = CARTESIAN_POINT('',(2.306295557246,6.431494158107E-02));
#4192 = CARTESIAN_POINT('',(2.317702469804,8.773601677455E-02));
#4193 = CARTESIAN_POINT('',(2.328811447018,0.114787986988));
#4194 = CARTESIAN_POINT('',(2.352059365568,0.180761204211));
#4195 = CARTESIAN_POINT('',(2.364081307936,0.220908790256));
#4196 = CARTESIAN_POINT('',(2.375559580696,0.265552061583));
#4197 = CARTESIAN_POINT('',(2.386404836016,0.314535111293));
#4198 = CARTESIAN_POINT('',(2.39650759659,0.36772656375));
#4199 = CARTESIAN_POINT('',(2.409478154392,0.448246052767));
#4200 = CARTESIAN_POINT('',(2.413078918226,0.472169265259));
#4201 = CARTESIAN_POINT('',(2.416524568414,0.496746923786));
#4202 = CARTESIAN_POINT('',(2.419804479145,0.521960816658));
#4203 = CARTESIAN_POINT('',(2.422907817918,0.547791982136));
#4204 = CARTESIAN_POINT('',(2.432901128832,0.638373309597));
#4205 = CARTESIAN_POINT('',(2.438913355729,0.706410709413));
#4206 = CARTESIAN_POINT('',(2.443609243987,0.777493055372));
#4207 = CARTESIAN_POINT('',(2.446815727871,0.850719577426));
#4208 = CARTESIAN_POINT('',(2.448432746013,0.925188448311));
#4209 = CARTESIAN_POINT('',(2.448432746013,1.));
#4210 = ( GEOMETRIC_REPRESENTATION_CONTEXT(2) 
PARAMETRIC_REPRESENTATION_CONTEXT() REPRESENTATION_CONTEXT('2D SPACE',''
  ) );
#4211 = PCURVE('',#4212,#4217);
#4212 = CYLINDRICAL_SURFACE('',#4213,1.);
#4213 = AXIS2_PLACEMENT_3D('',#4214,#4215,#4216);
#4214 = CARTESIAN_POINT('',(15.6,-29.,-4.));
#4215 = DIRECTION('',(0.,1.,0.));
#4216 = DIRECTION('',(-1.,0.,0.));
#4217 = DEFINITIONAL_REPRESENTATION('',(#4218),#4246);
#4218 = B_SPLINE_CURVE_WITH_KNOTS('',6,(#4219,#4220,#4221,#4222,#4223,
    #4224,#4225,#4226,#4227,#4228,#4229,#4230,#4231,#4232,#4233,#4234,
    #4235,#4236,#4237,#4238,#4239,#4240,#4241,#4242,#4243,#4244,#4245),
  .UNSPECIFIED.,.F.,.F.,(7,5,5,5,5,7),(0.,0.119012540132,0.352263514293,
    0.623108202214,0.733073141426,1.),.UNSPECIFIED.);
#4219 = CARTESIAN_POINT('',(0.,23.87652461702));
#4220 = CARTESIAN_POINT('',(-3.186621419862E-02,23.901403209629));
#4221 = CARTESIAN_POINT('',(-6.354194411937E-02,23.926515882761));
#4222 = CARTESIAN_POINT('',(-9.503565152759E-02,23.951823580179));
#4223 = CARTESIAN_POINT('',(-0.126354885048,23.977285324446));
#4224 = CARTESIAN_POINT('',(-0.157506280163,24.002858216923));
#4225 = CARTESIAN_POINT('',(-0.249231003729,24.078747379774));
#4226 = CARTESIAN_POINT('',(-0.309322099718,24.129234166381));
#4227 = CARTESIAN_POINT('',(-0.368907957787,24.179699018517));
#4228 = CARTESIAN_POINT('',(-0.428111179689,24.229861359548));
#4229 = CARTESIAN_POINT('',(-0.487050215963,24.279415703156));
#4230 = CARTESIAN_POINT('',(-0.614130435074,24.384476446727));
#4231 = CARTESIAN_POINT('',(-0.682254223189,24.439679938698));
#4232 = CARTESIAN_POINT('',(-0.750478331371,24.493162699462));
#4233 = CARTESIAN_POINT('',(-0.819041986752,24.544359329531));
#4234 = CARTESIAN_POINT('',(-0.888188565693,24.592590561065));
#4235 = CARTESIAN_POINT('',(-0.986605135793,24.655084650473));
#4236 = CARTESIAN_POINT('',(-1.015164622631,24.672507180361));
#4237 = CARTESIAN_POINT('',(-1.043871556367,24.689244575138));
#4238 = CARTESIAN_POINT('',(-1.072734803591,24.705234155485));
#4239 = CARTESIAN_POINT('',(-1.101764760979,24.720412048635));
#4240 = CARTESIAN_POINT('',(-1.201873756632,24.769427510352));
#4241 = CARTESIAN_POINT('',(-1.274228796594,24.799172791678));
#4242 = CARTESIAN_POINT('',(-1.347534918403,24.822570448653));
#4243 = CARTESIAN_POINT('',(-1.421516110092,24.838603008076));
#4244 = CARTESIAN_POINT('',(-1.495984775106,24.846688068541));
#4245 = CARTESIAN_POINT('',(-1.570796326795,24.846688068541));
#4246 = ( GEOMETRIC_REPRESENTATION_CONTEXT(2) 
PARAMETRIC_REPRESENTATION_CONTEXT() REPRESENTATION_CONTEXT('2D SPACE',''
  ) );
#4247 = ORIENTED_EDGE('',*,*,#4248,.T.);
#4248 = EDGE_CURVE('',#4149,#4249,#4251,.T.);
#4249 = VERTEX_POINT('',#4250);
#4250 = CARTESIAN_POINT('',(14.6,5.12347538298,-4.));
#4251 = SURFACE_CURVE('',#4252,(#4257,#4264),.PCURVE_S1.);
#4252 = CIRCLE('',#4253,6.5);
#4253 = AXIS2_PLACEMENT_3D('',#4254,#4255,#4256);
#4254 = CARTESIAN_POINT('',(14.6,0.,0.));
#4255 = DIRECTION('',(1.,0.,0.));
#4256 = DIRECTION('',(-0.,0.,1.));
#4257 = PCURVE('',#3826,#4258);
#4258 = DEFINITIONAL_REPRESENTATION('',(#4259),#4263);
#4259 = LINE('',#4260,#4261);
#4260 = CARTESIAN_POINT('',(0.,0.));
#4261 = VECTOR('',#4262,1.);
#4262 = DIRECTION('',(1.,0.));
#4263 = ( GEOMETRIC_REPRESENTATION_CONTEXT(2) 
PARAMETRIC_REPRESENTATION_CONTEXT() REPRESENTATION_CONTEXT('2D SPACE',''
  ) );
#4264 = PCURVE('',#414,#4265);
#4265 = DEFINITIONAL_REPRESENTATION('',(#4266),#4270);
#4266 = CIRCLE('',#4267,6.5);
#4267 = AXIS2_PLACEMENT_2D('',#4268,#4269);
#4268 = CARTESIAN_POINT('',(5.,-29.));
#4269 = DIRECTION('',(1.,0.));
#4270 = ( GEOMETRIC_REPRESENTATION_CONTEXT(2) 
PARAMETRIC_REPRESENTATION_CONTEXT() REPRESENTATION_CONTEXT('2D SPACE',''
  ) );
#4271 = ORIENTED_EDGE('',*,*,#4272,.T.);
#4272 = EDGE_CURVE('',#4249,#4273,#4275,.T.);
#4273 = VERTEX_POINT('',#4274);
#4274 = CARTESIAN_POINT('',(15.6,4.153311931459,-5.));
#4275 = SURFACE_CURVE('',#4276,(#4304,#4335),.PCURVE_S1.);
#4276 = B_SPLINE_CURVE_WITH_KNOTS('',6,(#4277,#4278,#4279,#4280,#4281,
    #4282,#4283,#4284,#4285,#4286,#4287,#4288,#4289,#4290,#4291,#4292,
    #4293,#4294,#4295,#4296,#4297,#4298,#4299,#4300,#4301,#4302,#4303),
  .UNSPECIFIED.,.F.,.F.,(7,5,5,5,5,7),(0.,0.11901255907,0.35226354516,
    0.623108246933,0.73307318091,1.),.UNSPECIFIED.);
#4277 = CARTESIAN_POINT('',(14.6,5.12347538298,-4.));
#4278 = CARTESIAN_POINT('',(14.6,5.098596793068,-4.031866210744));
#4279 = CARTESIAN_POINT('',(14.601218544381,5.073484116478,
    -4.063541902834));
#4280 = CARTESIAN_POINT('',(14.603628322683,5.048176417082,
    -4.094977414396));
#4281 = CARTESIAN_POINT('',(14.607200743964,5.02271467485,
    -4.126125421383));
#4282 = CARTESIAN_POINT('',(14.611905936797,4.997141785846,
    -4.156940937576));
#4283 = CARTESIAN_POINT('',(14.629093436706,4.921252620226,
    -4.247040967399));
#4284 = CARTESIAN_POINT('',(14.644701320311,4.870765833619,
    -4.305238198325));
#4285 = CARTESIAN_POINT('',(14.664314941581,4.820300981483,
    -4.361746741793));
#4286 = CARTESIAN_POINT('',(14.687736016775,4.770138640452,
    -4.416361118101));
#4287 = CARTESIAN_POINT('',(14.714787986988,4.720584296844,
    -4.468889442529));
#4288 = CARTESIAN_POINT('',(14.780761204211,4.615523553273,
    -4.577503054468));
#4289 = CARTESIAN_POINT('',(14.820908790256,4.560320061302,
    -4.632823329809));
#4290 = CARTESIAN_POINT('',(14.865552061583,4.506837300538,
    -4.684859511387));
#4291 = CARTESIAN_POINT('',(14.914535111293,4.455640670469,
    -4.733331229081));
#4292 = CARTESIAN_POINT('',(14.96772656375,4.407409438935,
    -4.777900963447));
#4293 = CARTESIAN_POINT('',(15.048246050471,4.344915351309,
    -4.834491006529));
#4294 = CARTESIAN_POINT('',(15.072169266059,4.327492819349,
    -4.850119815913));
#4295 = CARTESIAN_POINT('',(15.09674692626,4.310755423251,
    -4.865002247221));
#4296 = CARTESIAN_POINT('',(15.121960817181,4.294765843943,
    -4.879104052985));
#4297 = CARTESIAN_POINT('',(15.147791979494,4.279587952795,
    -4.892390636629));
#4298 = CARTESIAN_POINT('',(15.238373309576,4.23057248966,-4.93501497511
    ));
#4299 = CARTESIAN_POINT('',(15.306410709419,4.200827208314,
    -4.960364136525));
#4300 = CARTESIAN_POINT('',(15.377493055396,4.177429551341,
    -4.979966871263));
#4301 = CARTESIAN_POINT('',(15.450719577431,4.16139699193,
    -4.993283916891));
#4302 = CARTESIAN_POINT('',(15.525188448287,4.153311931459,-5.));
#4303 = CARTESIAN_POINT('',(15.6,4.153311931459,-5.));
#4304 = PCURVE('',#3826,#4305);
#4305 = DEFINITIONAL_REPRESENTATION('',(#4306),#4334);
#4306 = B_SPLINE_CURVE_WITH_KNOTS('',6,(#4307,#4308,#4309,#4310,#4311,
    #4312,#4313,#4314,#4315,#4316,#4317,#4318,#4319,#4320,#4321,#4322,
    #4323,#4324,#4325,#4326,#4327,#4328,#4329,#4330,#4331,#4332,#4333),
  .UNSPECIFIED.,.F.,.F.,(7,5,5,5,5,7),(0.,0.11901255907,0.35226354516,
    0.623108246933,0.73307318091,1.),.UNSPECIFIED.);
#4307 = CARTESIAN_POINT('',(4.049515156735,0.));
#4308 = CARTESIAN_POINT('',(4.043295509257,2.830288070013E-17));
#4309 = CARTESIAN_POINT('',(4.037076807249,1.218544380588E-03));
#4310 = CARTESIAN_POINT('',(4.030868325748,3.628322682949E-03));
#4311 = CARTESIAN_POINT('',(4.024679259445,7.200743964188E-03));
#4312 = CARTESIAN_POINT('',(4.018518722688,1.190593679733E-02));
#4313 = CARTESIAN_POINT('',(4.000395423203,2.909343670617E-02));
#4314 = CARTESIAN_POINT('',(3.98854370754,4.47013203107E-02));
#4315 = CARTESIAN_POINT('',(3.976889749933,6.431494158107E-02));
#4316 = CARTESIAN_POINT('',(3.965482837376,8.773601677455E-02));
#4317 = CARTESIAN_POINT('',(3.954373860161,0.114787986988));
#4318 = CARTESIAN_POINT('',(3.931125941612,0.180761204211));
#4319 = CARTESIAN_POINT('',(3.919103999244,0.220908790256));
#4320 = CARTESIAN_POINT('',(3.907625726483,0.265552061583));
#4321 = CARTESIAN_POINT('',(3.896780471163,0.314535111293));
#4322 = CARTESIAN_POINT('',(3.88667771059,0.36772656375));
#4323 = CARTESIAN_POINT('',(3.873707153158,0.448246050471));
#4324 = CARTESIAN_POINT('',(3.870106388896,0.472169266059));
#4325 = CARTESIAN_POINT('',(3.866660738434,0.49674692626));
#4326 = CARTESIAN_POINT('',(3.863380827915,0.521960817181));
#4327 = CARTESIAN_POINT('',(3.860277489554,0.547791979494));
#4328 = CARTESIAN_POINT('',(3.85028417835,0.638373309576));
#4329 = CARTESIAN_POINT('',(3.844271951449,0.706410709419));
#4330 = CARTESIAN_POINT('',(3.839576063191,0.777493055396));
#4331 = CARTESIAN_POINT('',(3.83636957931,0.850719577431));
#4332 = CARTESIAN_POINT('',(3.834752561167,0.925188448287));
#4333 = CARTESIAN_POINT('',(3.834752561167,1.));
#4334 = ( GEOMETRIC_REPRESENTATION_CONTEXT(2) 
PARAMETRIC_REPRESENTATION_CONTEXT() REPRESENTATION_CONTEXT('2D SPACE',''
  ) );
#4335 = PCURVE('',#4336,#4341);
#4336 = CYLINDRICAL_SURFACE('',#4337,1.);
#4337 = AXIS2_PLACEMENT_3D('',#4338,#4339,#4340);
#4338 = CARTESIAN_POINT('',(15.6,-29.,-4.));
#4339 = DIRECTION('',(0.,1.,0.));
#4340 = DIRECTION('',(-1.,0.,0.));
#4341 = DEFINITIONAL_REPRESENTATION('',(#4342),#4370);
#4342 = B_SPLINE_CURVE_WITH_KNOTS('',6,(#4343,#4344,#4345,#4346,#4347,
    #4348,#4349,#4350,#4351,#4352,#4353,#4354,#4355,#4356,#4357,#4358,
    #4359,#4360,#4361,#4362,#4363,#4364,#4365,#4366,#4367,#4368,#4369),
  .UNSPECIFIED.,.F.,.F.,(7,5,5,5,5,7),(0.,0.11901255907,0.35226354516,
    0.623108246933,0.73307318091,1.),.UNSPECIFIED.);
#4343 = CARTESIAN_POINT('',(0.,34.12347538298));
#4344 = CARTESIAN_POINT('',(-3.186621074365E-02,34.098596793068));
#4345 = CARTESIAN_POINT('',(-6.35419449864E-02,34.073484116478));
#4346 = CARTESIAN_POINT('',(-9.503565493371E-02,34.048176417082));
#4347 = CARTESIAN_POINT('',(-0.126354886002,34.02271467485));
#4348 = CARTESIAN_POINT('',(-0.157506276816,33.997141785846));
#4349 = CARTESIAN_POINT('',(-0.249231003729,33.921252620226));
#4350 = CARTESIAN_POINT('',(-0.309322099718,33.870765833619));
#4351 = CARTESIAN_POINT('',(-0.368907957787,33.820300981483));
#4352 = CARTESIAN_POINT('',(-0.428111179689,33.770138640452));
#4353 = CARTESIAN_POINT('',(-0.487050215963,33.720584296844));
#4354 = CARTESIAN_POINT('',(-0.614130435074,33.615523553273));
#4355 = CARTESIAN_POINT('',(-0.682254223189,33.560320061302));
#4356 = CARTESIAN_POINT('',(-0.750478331371,33.506837300538));
#4357 = CARTESIAN_POINT('',(-0.819041986752,33.455640670469));
#4358 = CARTESIAN_POINT('',(-0.888188565693,33.407409438935));
#4359 = CARTESIAN_POINT('',(-0.986605132986,33.344915351309));
#4360 = CARTESIAN_POINT('',(-1.015164623443,33.327492819349));
#4361 = CARTESIAN_POINT('',(-1.043871559235,33.310755423251));
#4362 = CARTESIAN_POINT('',(-1.072734804312,33.294765843943));
#4363 = CARTESIAN_POINT('',(-1.101764758059,33.279587952795));
#4364 = CARTESIAN_POINT('',(-1.201873756607,33.23057248966));
#4365 = CARTESIAN_POINT('',(-1.274228796602,33.200827208314));
#4366 = CARTESIAN_POINT('',(-1.347534918426,33.177429551341));
#4367 = CARTESIAN_POINT('',(-1.421516110098,33.16139699193));
#4368 = CARTESIAN_POINT('',(-1.495984775082,33.153311931459));
#4369 = CARTESIAN_POINT('',(-1.570796326795,33.153311931459));
#4370 = ( GEOMETRIC_REPRESENTATION_CONTEXT(2) 
PARAMETRIC_REPRESENTATION_CONTEXT() REPRESENTATION_CONTEXT('2D SPACE',''
  ) );
#4371 = ORIENTED_EDGE('',*,*,#4372,.T.);
#4372 = EDGE_CURVE('',#4273,#3763,#4373,.T.);
#4373 = SURFACE_CURVE('',#4374,(#4378,#4384),.PCURVE_S1.);
#4374 = LINE('',#4375,#4376);
#4375 = CARTESIAN_POINT('',(14.6,4.153311931459,-5.));
#4376 = VECTOR('',#4377,1.);
#4377 = DIRECTION('',(1.,0.,0.));
#4378 = PCURVE('',#3826,#4379);
#4379 = DEFINITIONAL_REPRESENTATION('',(#4380),#4383);
#4380 = B_SPLINE_CURVE_WITH_KNOTS('',1,(#4381,#4382),.UNSPECIFIED.,.F.,
  .F.,(2,2),(0.64,4.96),.PIECEWISE_BEZIER_KNOTS.);
#4381 = CARTESIAN_POINT('',(3.834752561167,0.64));
#4382 = CARTESIAN_POINT('',(3.834752561167,4.96));
#4383 = ( GEOMETRIC_REPRESENTATION_CONTEXT(2) 
PARAMETRIC_REPRESENTATION_CONTEXT() REPRESENTATION_CONTEXT('2D SPACE',''
  ) );
#4384 = PCURVE('',#3878,#4385);
#4385 = DEFINITIONAL_REPRESENTATION('',(#4386),#4390);
#4386 = LINE('',#4387,#4388);
#4387 = CARTESIAN_POINT('',(0.,33.153311931459));
#4388 = VECTOR('',#4389,1.);
#4389 = DIRECTION('',(1.,0.));
#4390 = ( GEOMETRIC_REPRESENTATION_CONTEXT(2) 
PARAMETRIC_REPRESENTATION_CONTEXT() REPRESENTATION_CONTEXT('2D SPACE',''
  ) );
#4391 = ORIENTED_EDGE('',*,*,#3762,.F.);
#4392 = ADVANCED_FACE('',(#4393),#4086,.T.);
#4393 = FACE_BOUND('',#4394,.T.);
#4394 = EDGE_LOOP('',(#4395,#4482,#4505,#4534,#4571,#4641,#4667,#4782,
    #4819,#4848,#4869,#4870,#4893));
#4395 = ORIENTED_EDGE('',*,*,#4396,.T.);
#4396 = EDGE_CURVE('',#4397,#4399,#4401,.T.);
#4397 = VERTEX_POINT('',#4398);
#4398 = CARTESIAN_POINT('',(20.066025403784,-17.3,-4.5));
#4399 = VERTEX_POINT('',#4400);
#4400 = CARTESIAN_POINT('',(19.2,-17.43397459621,-5.));
#4401 = SURFACE_CURVE('',#4402,(#4425,#4451),.PCURVE_S1.);
#4402 = B_SPLINE_CURVE_WITH_KNOTS('',6,(#4403,#4404,#4405,#4406,#4407,
    #4408,#4409,#4410,#4411,#4412,#4413,#4414,#4415,#4416,#4417,#4418,
    #4419,#4420,#4421,#4422,#4423,#4424),.UNSPECIFIED.,.F.,.F.,(7,5,5,5,
    7),(0.,0.159995766337,0.449933211642,0.733081514406,1.),
  .UNSPECIFIED.);
#4403 = CARTESIAN_POINT('',(20.066025403784,-17.3,-4.5));
#4404 = CARTESIAN_POINT('',(20.051922152476,-17.3,-4.524427547818));
#4405 = CARTESIAN_POINT('',(20.036996384469,-17.30071610187,
    -4.548370353733));
#4406 = CARTESIAN_POINT('',(20.021275309144,-17.30209486077,
    -4.571783265113));
#4407 = CARTESIAN_POINT('',(20.0047905268,-17.30407986075,
    -4.594623858465));
#4408 = CARTESIAN_POINT('',(19.987578028653,-17.30661171486,
    -4.616852439441));
#4409 = CARTESIAN_POINT('',(19.937240891605,-17.31509416513,
    -4.67753767182));
#4410 = CARTESIAN_POINT('',(19.902556397805,-17.32214960262,
    -4.714500315261));
#4411 = CARTESIAN_POINT('',(19.865790429729,-17.33043720219,
    -4.749197455398));
#4412 = CARTESIAN_POINT('',(19.827107132816,-17.33959764381,
    -4.78152148515));
#4413 = CARTESIAN_POINT('',(19.786669374494,-17.34927045205,
    -4.811375746343));
#4414 = CARTESIAN_POINT('',(19.703592873229,-17.36868946867,
    -4.865326257081));
#4415 = CARTESIAN_POINT('',(19.660973770225,-17.37844135045,
    -4.889575993971));
#4416 = CARTESIAN_POINT('',(19.616939691911,-17.3880144866,
    -4.911315548757));
#4417 = CARTESIAN_POINT('',(19.571635515985,-17.39707301946,
    -4.93046150334));
#4418 = CARTESIAN_POINT('',(19.525193516074,-17.40530105051,
    -4.946937095223));
#4419 = CARTESIAN_POINT('',(19.432994523163,-17.41913539079,
    -4.973592553515));
#4420 = CARTESIAN_POINT('',(19.387323458061,-17.42486924652,
    -4.984087128981));
#4421 = CARTESIAN_POINT('',(19.34097277608,-17.42936821012,
    -4.992021552625));
#4422 = CARTESIAN_POINT('',(19.294166910295,-17.43243700092,
    -4.997336793562));
#4423 = CARTESIAN_POINT('',(19.247109931064,-17.43397459621,-5.));
#4424 = CARTESIAN_POINT('',(19.2,-17.43397459621,-5.));
#4425 = PCURVE('',#4086,#4426);
#4426 = DEFINITIONAL_REPRESENTATION('',(#4427),#4450);
#4427 = B_SPLINE_CURVE_WITH_KNOTS('',6,(#4428,#4429,#4430,#4431,#4432,
    #4433,#4434,#4435,#4436,#4437,#4438,#4439,#4440,#4441,#4442,#4443,
    #4444,#4445,#4446,#4447,#4448,#4449),.UNSPECIFIED.,.F.,.F.,(7,5,5,5,
    7),(0.,0.159995766337,0.449933211642,0.733081514406,1.),
  .UNSPECIFIED.);
#4428 = CARTESIAN_POINT('',(0.523598775598,11.7));
#4429 = CARTESIAN_POINT('',(0.551805278215,11.7));
#4430 = CARTESIAN_POINT('',(0.580003078225,11.699283898121));
#4431 = CARTESIAN_POINT('',(0.608180345284,11.697905139229));
#4432 = CARTESIAN_POINT('',(0.636324498074,11.695920139243));
#4433 = CARTESIAN_POINT('',(0.664422204309,11.693388285137));
#4434 = CARTESIAN_POINT('',(0.743267145777,11.684905834866));
#4435 = CARTESIAN_POINT('',(0.793860160855,11.677850397373));
#4436 = CARTESIAN_POINT('',(0.844274500952,11.669562797804));
#4437 = CARTESIAN_POINT('',(0.89454845763,11.66040235619));
#4438 = CARTESIAN_POINT('',(0.944722239657,11.650729547943));
#4439 = CARTESIAN_POINT('',(1.043779610263,11.631310531326));
#4440 = CARTESIAN_POINT('',(1.092730182504,11.621558649541));
#4441 = CARTESIAN_POINT('',(1.141711974213,11.611985513392));
#4442 = CARTESIAN_POINT('',(1.190767794031,11.602926980533));
#4443 = CARTESIAN_POINT('',(1.239958693457,11.594698949482));
#4444 = CARTESIAN_POINT('',(1.335933522191,11.580864609208));
#4445 = CARTESIAN_POINT('',(1.382722469654,11.575130753478));
#4446 = CARTESIAN_POINT('',(1.429635240539,11.570631789876));
#4447 = CARTESIAN_POINT('',(1.476629446221,11.567562999078));
#4448 = CARTESIAN_POINT('',(1.523686395731,11.566025403784));
#4449 = CARTESIAN_POINT('',(1.570796326795,11.566025403784));
#4450 = ( GEOMETRIC_REPRESENTATION_CONTEXT(2) 
PARAMETRIC_REPRESENTATION_CONTEXT() REPRESENTATION_CONTEXT('2D SPACE',''
  ) );
#4451 = PCURVE('',#4452,#4457);
#4452 = CYLINDRICAL_SURFACE('',#4453,1.);
#4453 = AXIS2_PLACEMENT_3D('',#4454,#4455,#4456);
#4454 = CARTESIAN_POINT('',(14.6,-18.3,-4.5));
#4455 = DIRECTION('',(1.,0.,0.));
#4456 = DIRECTION('',(-0.,1.,0.));
#4457 = DEFINITIONAL_REPRESENTATION('',(#4458),#4481);
#4458 = B_SPLINE_CURVE_WITH_KNOTS('',6,(#4459,#4460,#4461,#4462,#4463,
    #4464,#4465,#4466,#4467,#4468,#4469,#4470,#4471,#4472,#4473,#4474,
    #4475,#4476,#4477,#4478,#4479,#4480),.UNSPECIFIED.,.F.,.F.,(7,5,5,5,
    7),(0.,0.159995766337,0.449933211642,0.733081514406,1.),
  .UNSPECIFIED.);
#4459 = CARTESIAN_POINT('',(0.,5.466025403784));
#4460 = CARTESIAN_POINT('',(-2.442754781787E-02,5.451922152476));
#4461 = CARTESIAN_POINT('',(-4.83703397099E-02,5.436996384469));
#4462 = CARTESIAN_POINT('',(-7.180950630475E-02,5.421275309144));
#4463 = CARTESIAN_POINT('',(-9.472361009208E-02,5.4047905268));
#4464 = CARTESIAN_POINT('',(-0.117088645423,5.387578028653));
#4465 = CARTESIAN_POINT('',(-0.178363839355,5.337240891605));
#4466 = CARTESIAN_POINT('',(-0.215947276856,5.302556397805));
#4467 = CARTESIAN_POINT('',(-0.251568465463,5.265790429729));
#4468 = CARTESIAN_POINT('',(-0.285128567177,5.227107132816));
#4469 = CARTESIAN_POINT('',(-0.316494493688,5.186669374494));
#4470 = CARTESIAN_POINT('',(-0.373833449165,5.103592873229));
#4471 = CARTESIAN_POINT('',(-0.399952668339,5.060973770225));
#4472 = CARTESIAN_POINT('',(-0.423691035202,5.016939691911));
#4473 = CARTESIAN_POINT('',(-0.444863784453,4.971635515985));
#4474 = CARTESIAN_POINT('',(-0.463277578339,4.925193516074));
#4475 = CARTESIAN_POINT('',(-0.493309268727,4.832994523163));
#4476 = CARTESIAN_POINT('',(-0.505265337797,4.787323458061));
#4477 = CARTESIAN_POINT('',(-0.514385955229,4.74097277608));
#4478 = CARTESIAN_POINT('',(-0.520523597775,4.694166910295));
#4479 = CARTESIAN_POINT('',(-0.523598775598,4.647109931064));
#4480 = CARTESIAN_POINT('',(-0.523598775598,4.6));
#4481 = ( GEOMETRIC_REPRESENTATION_CONTEXT(2) 
PARAMETRIC_REPRESENTATION_CONTEXT() REPRESENTATION_CONTEXT('2D SPACE',''
  ) );
#4482 = ORIENTED_EDGE('',*,*,#4483,.T.);
#4483 = EDGE_CURVE('',#4399,#4484,#4486,.T.);
#4484 = VERTEX_POINT('',#4485);
#4485 = CARTESIAN_POINT('',(19.2,-14.5,-5.));
#4486 = SURFACE_CURVE('',#4487,(#4491,#4498),.PCURVE_S1.);
#4487 = LINE('',#4488,#4489);
#4488 = CARTESIAN_POINT('',(19.2,-29.,-5.));
#4489 = VECTOR('',#4490,1.);
#4490 = DIRECTION('',(0.,1.,0.));
#4491 = PCURVE('',#4086,#4492);
#4492 = DEFINITIONAL_REPRESENTATION('',(#4493),#4497);
#4493 = LINE('',#4494,#4495);
#4494 = CARTESIAN_POINT('',(1.570796326795,0.));
#4495 = VECTOR('',#4496,1.);
#4496 = DIRECTION('',(0.,1.));
#4497 = ( GEOMETRIC_REPRESENTATION_CONTEXT(2) 
PARAMETRIC_REPRESENTATION_CONTEXT() REPRESENTATION_CONTEXT('2D SPACE',''
  ) );
#4498 = PCURVE('',#4137,#4499);
#4499 = DEFINITIONAL_REPRESENTATION('',(#4500),#4504);
#4500 = LINE('',#4501,#4502);
#4501 = CARTESIAN_POINT('',(4.6,0.));
#4502 = VECTOR('',#4503,1.);
#4503 = DIRECTION('',(0.,1.));
#4504 = ( GEOMETRIC_REPRESENTATION_CONTEXT(2) 
PARAMETRIC_REPRESENTATION_CONTEXT() REPRESENTATION_CONTEXT('2D SPACE',''
  ) );
#4505 = ORIENTED_EDGE('',*,*,#4506,.F.);
#4506 = EDGE_CURVE('',#4507,#4484,#4509,.T.);
#4507 = VERTEX_POINT('',#4508);
#4508 = CARTESIAN_POINT('',(19.3,-14.5,-4.994987437107));
#4509 = SURFACE_CURVE('',#4510,(#4515,#4522),.PCURVE_S1.);
#4510 = CIRCLE('',#4511,1.);
#4511 = AXIS2_PLACEMENT_3D('',#4512,#4513,#4514);
#4512 = CARTESIAN_POINT('',(19.2,-14.5,-4.));
#4513 = DIRECTION('',(0.,1.,0.));
#4514 = DIRECTION('',(1.,0.,-0.));
#4515 = PCURVE('',#4086,#4516);
#4516 = DEFINITIONAL_REPRESENTATION('',(#4517),#4521);
#4517 = LINE('',#4518,#4519);
#4518 = CARTESIAN_POINT('',(0.,14.5));
#4519 = VECTOR('',#4520,1.);
#4520 = DIRECTION('',(1.,0.));
#4521 = ( GEOMETRIC_REPRESENTATION_CONTEXT(2) 
PARAMETRIC_REPRESENTATION_CONTEXT() REPRESENTATION_CONTEXT('2D SPACE',''
  ) );
#4522 = PCURVE('',#4523,#4528);
#4523 = PLANE('',#4524);
#4524 = AXIS2_PLACEMENT_3D('',#4525,#4526,#4527);
#4525 = CARTESIAN_POINT('',(16.1,-14.5,-22.));
#4526 = DIRECTION('',(0.,1.,0.));
#4527 = DIRECTION('',(0.,0.,1.));
#4528 = DEFINITIONAL_REPRESENTATION('',(#4529),#4533);
#4529 = CIRCLE('',#4530,1.);
#4530 = AXIS2_PLACEMENT_2D('',#4531,#4532);
#4531 = CARTESIAN_POINT('',(18.,3.1));
#4532 = DIRECTION('',(0.,1.));
#4533 = ( GEOMETRIC_REPRESENTATION_CONTEXT(2) 
PARAMETRIC_REPRESENTATION_CONTEXT() REPRESENTATION_CONTEXT('2D SPACE',''
  ) );
#4534 = ORIENTED_EDGE('',*,*,#4535,.F.);
#4535 = EDGE_CURVE('',#4536,#4507,#4538,.T.);
#4536 = VERTEX_POINT('',#4537);
#4537 = CARTESIAN_POINT('',(19.635889894354,-14.43497184316,-4.9));
#4538 = SURFACE_CURVE('',#4539,(#4546,#4556),.PCURVE_S1.);
#4539 = B_SPLINE_CURVE_WITH_KNOTS('',5,(#4540,#4541,#4542,#4543,#4544,
    #4545),.UNSPECIFIED.,.F.,.F.,(6,6),(0.,1.),
  .PIECEWISE_BEZIER_KNOTS.);
#4540 = CARTESIAN_POINT('',(19.635891133197,-14.4349713448,-4.8999994));
#4541 = CARTESIAN_POINT('',(19.57508078064,-14.45943405044,
    -4.929451301286));
#4542 = CARTESIAN_POINT('',(19.510057995189,-14.47915991929,
    -4.954602973008));
#4543 = CARTESIAN_POINT('',(19.441732975279,-14.49293992587,
    -4.974292036372));
#4544 = CARTESIAN_POINT('',(19.371298898206,-14.5,-4.987821628218));
#4545 = CARTESIAN_POINT('',(19.3,-14.5,-4.994987437107));
#4546 = PCURVE('',#4086,#4547);
#4547 = DEFINITIONAL_REPRESENTATION('',(#4548),#4555);
#4548 = B_SPLINE_CURVE_WITH_KNOTS('',5,(#4549,#4550,#4551,#4552,#4553,
    #4554),.UNSPECIFIED.,.F.,.F.,(6,6),(0.,1.),
  .PIECEWISE_BEZIER_KNOTS.);
#4549 = CARTESIAN_POINT('',(1.119768138506,14.565028655198));
#4550 = CARTESIAN_POINT('',(1.187335241947,14.540565949553));
#4551 = CARTESIAN_POINT('',(1.256818999603,14.520840080708));
#4552 = CARTESIAN_POINT('',(1.327536791503,14.507060074128));
#4553 = CARTESIAN_POINT('',(1.39897081675,14.5));
#4554 = CARTESIAN_POINT('',(1.470628905633,14.5));
#4555 = ( GEOMETRIC_REPRESENTATION_CONTEXT(2) 
PARAMETRIC_REPRESENTATION_CONTEXT() REPRESENTATION_CONTEXT('2D SPACE',''
  ) );
#4556 = PCURVE('',#4557,#4562);
#4557 = CYLINDRICAL_SURFACE('',#4558,0.9);
#4558 = AXIS2_PLACEMENT_3D('',#4559,#4560,#4561);
#4559 = CARTESIAN_POINT('',(19.3,-13.6,-22.));
#4560 = DIRECTION('',(0.,0.,1.));
#4561 = DIRECTION('',(1.,0.,-0.));
#4562 = DEFINITIONAL_REPRESENTATION('',(#4563),#4570);
#4563 = B_SPLINE_CURVE_WITH_KNOTS('',5,(#4564,#4565,#4566,#4567,#4568,
    #4569),.UNSPECIFIED.,.F.,.F.,(6,6),(0.,1.),
  .PIECEWISE_BEZIER_KNOTS.);
#4564 = CARTESIAN_POINT('',(-1.188327153571,17.1000006));
#4565 = CARTESIAN_POINT('',(-1.261156422426,17.070548698714));
#4566 = CARTESIAN_POINT('',(-1.336363431158,17.045397026992));
#4567 = CARTESIAN_POINT('',(-1.413315059715,17.025707963628));
#4568 = CARTESIAN_POINT('',(-1.491575328789,17.012178371782));
#4569 = CARTESIAN_POINT('',(-1.570796326795,17.005012562893));
#4570 = ( GEOMETRIC_REPRESENTATION_CONTEXT(2) 
PARAMETRIC_REPRESENTATION_CONTEXT() REPRESENTATION_CONTEXT('2D SPACE',''
  ) );
#4571 = ORIENTED_EDGE('',*,*,#4572,.F.);
#4572 = EDGE_CURVE('',#4573,#4536,#4575,.T.);
#4573 = VERTEX_POINT('',#4574);
#4574 = CARTESIAN_POINT('',(20.086565085468,-13.6,-4.462603879392));
#4575 = SURFACE_CURVE('',#4576,(#4594,#4615),.PCURVE_S1.);
#4576 = B_SPLINE_CURVE_WITH_KNOTS('',6,(#4577,#4578,#4579,#4580,#4581,
    #4582,#4583,#4584,#4585,#4586,#4587,#4588,#4589,#4590,#4591,#4592,
    #4593),.UNSPECIFIED.,.F.,.F.,(7,5,5,7),(0.,0.357349558788,
    0.649981589067,1.),.UNSPECIFIED.);
#4577 = CARTESIAN_POINT('',(20.086565085468,-13.6,-4.462603879392));
#4578 = CARTESIAN_POINT('',(20.086565085468,-13.66458053243,
    -4.462603879392));
#4579 = CARTESIAN_POINT('',(20.083483859329,-13.72898709291,
    -4.468510374538));
#4580 = CARTESIAN_POINT('',(20.077357789495,-13.79267682951,
    -4.480246232079));
#4581 = CARTESIAN_POINT('',(20.067978451478,-13.85520582484,
    -4.497510844279));
#4582 = CARTESIAN_POINT('',(20.054924875188,-13.91594996312,
    -4.519688859734));
#4583 = CARTESIAN_POINT('',(20.023955646971,-14.02200042352,
    -4.567229769809));
#4584 = CARTESIAN_POINT('',(20.007345043173,-14.06812203804,
    -4.591293931945));
#4585 = CARTESIAN_POINT('',(19.987877834912,-14.11233385176,
    -4.61753394707));
#4586 = CARTESIAN_POINT('',(19.965371460465,-14.15436383651,
    -4.645366749091));
#4587 = CARTESIAN_POINT('',(19.939714194031,-14.19399093986,
    -4.674172278467));
#4588 = CARTESIAN_POINT('',(19.876302086952,-14.27534457117,
    -4.738259208465));
#4589 = CARTESIAN_POINT('',(19.837176989627,-14.31593926629,
    -4.773686932538));
#4590 = CARTESIAN_POINT('',(19.793357713942,-14.35251517323,
    -4.808614640727));
#4591 = CARTESIAN_POINT('',(19.744928323522,-14.38473542896,
    -4.84196332254));
#4592 = CARTESIAN_POINT('',(19.692240491148,-14.41230329911,
    -4.872708160352));
#4593 = CARTESIAN_POINT('',(19.635889894354,-14.43497184316,-4.9));
#4594 = PCURVE('',#4086,#4595);
#4595 = DEFINITIONAL_REPRESENTATION('',(#4596),#4614);
#4596 = B_SPLINE_CURVE_WITH_KNOTS('',6,(#4597,#4598,#4599,#4600,#4601,
    #4602,#4603,#4604,#4605,#4606,#4607,#4608,#4609,#4610,#4611,#4612,
    #4613),.UNSPECIFIED.,.F.,.F.,(7,5,5,7),(0.,0.357349558788,
    0.649981589067,1.),.UNSPECIFIED.);
#4597 = CARTESIAN_POINT('',(0.480929998182,15.4));
#4598 = CARTESIAN_POINT('',(0.480929998182,15.335419467565));
#4599 = CARTESIAN_POINT('',(0.487591054126,15.271012907089));
#4600 = CARTESIAN_POINT('',(0.500832040025,15.207323170487));
#4601 = CARTESIAN_POINT('',(0.520473144775,15.14479417516));
#4602 = CARTESIAN_POINT('',(0.546180914471,15.084050036872));
#4603 = CARTESIAN_POINT('',(0.602919183982,14.977999576477));
#4604 = CARTESIAN_POINT('',(0.63214903427,14.931877961956));
#4605 = CARTESIAN_POINT('',(0.664791124836,14.887666148236));
#4606 = CARTESIAN_POINT('',(0.70053015741,14.845636163489));
#4607 = CARTESIAN_POINT('',(0.739052430734,14.806009060133));
#4608 = CARTESIAN_POINT('',(0.829209127218,14.724655428829));
#4609 = CARTESIAN_POINT('',(0.881911388617,14.684060733706));
#4610 = CARTESIAN_POINT('',(0.937772824521,14.647484826766));
#4611 = CARTESIAN_POINT('',(0.996337299065,14.615264571038));
#4612 = CARTESIAN_POINT('',(1.057157740783,14.587696700886));
#4613 = CARTESIAN_POINT('',(1.119769514999,14.56502815684));
#4614 = ( GEOMETRIC_REPRESENTATION_CONTEXT(2) 
PARAMETRIC_REPRESENTATION_CONTEXT() REPRESENTATION_CONTEXT('2D SPACE',''
  ) );
#4615 = PCURVE('',#4616,#4621);
#4616 = SPHERICAL_SURFACE('',#4617,0.9);
#4617 = AXIS2_PLACEMENT_3D('',#4618,#4619,#4620);
#4618 = CARTESIAN_POINT('',(19.3,-13.6,-4.9));
#4619 = DIRECTION('',(-0.,-0.,-1.));
#4620 = DIRECTION('',(1.,0.,0.));
#4621 = DEFINITIONAL_REPRESENTATION('',(#4622),#4640);
#4622 = B_SPLINE_CURVE_WITH_KNOTS('',6,(#4623,#4624,#4625,#4626,#4627,
    #4628,#4629,#4630,#4631,#4632,#4633,#4634,#4635,#4636,#4637,#4638,
    #4639),.UNSPECIFIED.,.F.,.F.,(7,5,5,7),(0.,0.357349558788,
    0.649981589067,1.),.UNSPECIFIED.);
#4623 = CARTESIAN_POINT('',(0.,-0.507502090744));
#4624 = CARTESIAN_POINT('',(8.210449920577E-02,-0.507502090744));
#4625 = CARTESIAN_POINT('',(0.163986723381,-0.499996810506));
#4626 = CARTESIAN_POINT('',(0.244418907166,-0.485064161856));
#4627 = CARTESIAN_POINT('',(0.322271567548,-0.463371969756));
#4628 = CARTESIAN_POINT('',(0.397226996364,-0.436054830205));
#4629 = CARTESIAN_POINT('',(0.528471512504,-0.378595380407));
#4630 = CARTESIAN_POINT('',(0.585697778793,-0.349854257127));
#4631 = CARTESIAN_POINT('',(0.641205632224,-0.318940025664));
#4632 = CARTESIAN_POINT('',(0.695381569115,-0.286594907495));
#4633 = CARTESIAN_POINT('',(0.74869979543,-0.253499472428));
#4634 = CARTESIAN_POINT('',(0.865004401419,-0.180528654249));
#4635 = CARTESIAN_POINT('',(0.927808506412,-0.140613958911));
#4636 = CARTESIAN_POINT('',(0.990925670447,-0.101588601173));
#4637 = CARTESIAN_POINT('',(1.055096415513,-6.448543473651E-02));
#4638 = CARTESIAN_POINT('',(1.120840616854,-3.032426627557E-02));
#4639 = CARTESIAN_POINT('',(1.188328637265,0.));
#4640 = ( GEOMETRIC_REPRESENTATION_CONTEXT(2) 
PARAMETRIC_REPRESENTATION_CONTEXT() REPRESENTATION_CONTEXT('2D SPACE',''
  ) );
#4641 = ORIENTED_EDGE('',*,*,#4642,.T.);
#4642 = EDGE_CURVE('',#4573,#4643,#4645,.T.);
#4643 = VERTEX_POINT('',#4644);
#4644 = CARTESIAN_POINT('',(20.086565085468,-13.4,-4.462603879392));
#4645 = SURFACE_CURVE('',#4646,(#4650,#4656),.PCURVE_S1.);
#4646 = LINE('',#4647,#4648);
#4647 = CARTESIAN_POINT('',(20.086565085468,-29.,-4.462603879392));
#4648 = VECTOR('',#4649,1.);
#4649 = DIRECTION('',(0.,1.,0.));
#4650 = PCURVE('',#4086,#4651);
#4651 = DEFINITIONAL_REPRESENTATION('',(#4652),#4655);
#4652 = B_SPLINE_CURVE_WITH_KNOTS('',1,(#4653,#4654),.UNSPECIFIED.,.F.,
  .F.,(2,2),(15.3999994,15.6000006),.PIECEWISE_BEZIER_KNOTS.);
#4653 = CARTESIAN_POINT('',(0.480929998182,15.3999994));
#4654 = CARTESIAN_POINT('',(0.480929998182,15.6000006));
#4655 = ( GEOMETRIC_REPRESENTATION_CONTEXT(2) 
PARAMETRIC_REPRESENTATION_CONTEXT() REPRESENTATION_CONTEXT('2D SPACE',''
  ) );
#4656 = PCURVE('',#4657,#4662);
#4657 = CYLINDRICAL_SURFACE('',#4658,0.9);
#4658 = AXIS2_PLACEMENT_3D('',#4659,#4660,#4661);
#4659 = CARTESIAN_POINT('',(19.3,-14.5,-4.9));
#4660 = DIRECTION('',(0.,1.,0.));
#4661 = DIRECTION('',(1.,0.,-0.));
#4662 = DEFINITIONAL_REPRESENTATION('',(#4663),#4666);
#4663 = B_SPLINE_CURVE_WITH_KNOTS('',1,(#4664,#4665),.UNSPECIFIED.,.F.,
  .F.,(2,2),(15.3999994,15.6000006),.PIECEWISE_BEZIER_KNOTS.);
#4664 = CARTESIAN_POINT('',(-0.507502090744,0.8999994));
#4665 = CARTESIAN_POINT('',(-0.507502090744,1.1000006));
#4666 = ( GEOMETRIC_REPRESENTATION_CONTEXT(2) 
PARAMETRIC_REPRESENTATION_CONTEXT() REPRESENTATION_CONTEXT('2D SPACE',''
  ) );
#4667 = ORIENTED_EDGE('',*,*,#4668,.F.);
#4668 = EDGE_CURVE('',#4669,#4643,#4671,.T.);
#4669 = VERTEX_POINT('',#4670);
#4670 = CARTESIAN_POINT('',(19.635889894354,-12.56502815684,-4.9));
#4671 = SURFACE_CURVE('',#4672,(#4705,#4741),.PCURVE_S1.);
#4672 = B_SPLINE_CURVE_WITH_KNOTS('',6,(#4673,#4674,#4675,#4676,#4677,
    #4678,#4679,#4680,#4681,#4682,#4683,#4684,#4685,#4686,#4687,#4688,
    #4689,#4690,#4691,#4692,#4693,#4694,#4695,#4696,#4697,#4698,#4699,
    #4700,#4701,#4702,#4703,#4704),.UNSPECIFIED.,.F.,.F.,(7,5,5,5,5,5,7)
  ,(0.,8.444389536056E-02,0.154189109213,0.407682274134,0.567291295842,
    0.717410585539,1.),.UNSPECIFIED.);
#4673 = CARTESIAN_POINT('',(19.635889894354,-12.56502815684,-4.9));
#4674 = CARTESIAN_POINT('',(19.64747284087,-12.56968770879,
    -4.894390122963));
#4675 = CARTESIAN_POINT('',(19.659109732782,-12.57463819783,
    -4.88853328258));
#4676 = CARTESIAN_POINT('',(19.670757692283,-12.57988058248,
    -4.882440141679));
#4677 = CARTESIAN_POINT('',(19.682378981037,-12.58541373501,
    -4.876123446044));
#4678 = CARTESIAN_POINT('',(19.693941447528,-12.59123549277,
    -4.869596904632));
#4679 = CARTESIAN_POINT('',(19.714898671698,-12.60238870295,
    -4.857321441598));
#4680 = CARTESIAN_POINT('',(19.724320161195,-12.60762903839,
    -4.851634997194));
#4681 = CARTESIAN_POINT('',(19.733668629635,-12.61306329942,
    -4.845822590422));
#4682 = CARTESIAN_POINT('',(19.742931133552,-12.61868993747,
    -4.839892211516));
#4683 = CARTESIAN_POINT('',(19.752096599276,-12.62450727192,
    -4.833851987101));
#4684 = CARTESIAN_POINT('',(19.794082114927,-12.65234345043,
    -4.805387414416));
#4685 = CARTESIAN_POINT('',(19.825593725181,-12.67666207966,
    -4.781729472956));
#4686 = CARTESIAN_POINT('',(19.855265429582,-12.70339778563,
    -4.757116336958));
#4687 = CARTESIAN_POINT('',(19.88287576578,-12.73244730785,
    -4.731970693782));
#4688 = CARTESIAN_POINT('',(19.908319321695,-12.76370885299,
    -4.706715488043));
#4689 = CARTESIAN_POINT('',(19.946209327353,-12.81811732467,
    -4.66605759627));
#4690 = CARTESIAN_POINT('',(19.959976867936,-12.83997797933,
    -4.650472781466));
#4691 = CARTESIAN_POINT('',(19.97286407075,-12.86265224446,
    -4.635118096753));
#4692 = CARTESIAN_POINT('',(19.984872458783,-12.88611201829,
    -4.620101632938));
#4693 = CARTESIAN_POINT('',(19.996011190868,-12.91032598436,
    -4.605531524303));
#4694 = CARTESIAN_POINT('',(20.015966871561,-12.95870976682,
    -4.578329867366));
#4695 = CARTESIAN_POINT('',(20.02488230277,-12.98279614533,
    -4.565634836145));
#4696 = CARTESIAN_POINT('',(20.033052866851,-13.00748858472,
    -4.553517313337));
#4697 = CARTESIAN_POINT('',(20.040494071264,-13.03275284805,
    -4.542065183717));
#4698 = CARTESIAN_POINT('',(20.04722332923,-13.05854917006,
    -4.531362917587));
#4699 = CARTESIAN_POINT('',(20.064618407596,-13.1343057099,
    -4.502901144268));
#4700 = CARTESIAN_POINT('',(20.073521132818,-13.18551479463,
    -4.487242860557));
#4701 = CARTESIAN_POINT('',(20.080073077593,-13.2381243554,
    -4.475047672578));
#4702 = CARTESIAN_POINT('',(20.08440114751,-13.29173469344,
    -4.466750387502));
#4703 = CARTESIAN_POINT('',(20.086565085468,-13.34587390954,
    -4.462603879392));
#4704 = CARTESIAN_POINT('',(20.086565085468,-13.4,-4.462603879392));
#4705 = PCURVE('',#4086,#4706);
#4706 = DEFINITIONAL_REPRESENTATION('',(#4707),#4740);
#4707 = B_SPLINE_CURVE_WITH_KNOTS('',6,(#4708,#4709,#4710,#4711,#4712,
    #4713,#4714,#4715,#4716,#4717,#4718,#4719,#4720,#4721,#4722,#4723,
    #4724,#4725,#4726,#4727,#4728,#4729,#4730,#4731,#4732,#4733,#4734,
    #4735,#4736,#4737,#4738,#4739),.UNSPECIFIED.,.F.,.F.,(7,5,5,5,5,5,7)
  ,(0.,8.444389536056E-02,0.154189109213,0.407682274134,0.567291295842,
    0.717410585539,1.),.UNSPECIFIED.);
#4708 = CARTESIAN_POINT('',(1.119769514999,16.43497184316));
#4709 = CARTESIAN_POINT('',(1.106899574425,16.430312291209));
#4710 = CARTESIAN_POINT('',(1.093873436646,16.425361802164));
#4711 = CARTESIAN_POINT('',(1.080730491016,16.420119417511));
#4712 = CARTESIAN_POINT('',(1.067505974808,16.41458626499));
#4713 = CARTESIAN_POINT('',(1.054230382264,16.40876450723));
#4714 = CARTESIAN_POINT('',(1.029942685017,16.397611297045));
#4715 = CARTESIAN_POINT('',(1.018939106057,16.392370961603));
#4716 = CARTESIAN_POINT('',(1.007932449312,16.386936700572));
#4717 = CARTESIAN_POINT('',(0.996935536572,16.381310062521));
#4718 = CARTESIAN_POINT('',(0.985959698879,16.375492728073));
#4719 = CARTESIAN_POINT('',(0.935234799445,16.347656549562));
#4720 = CARTESIAN_POINT('',(0.895876572345,16.323337920334));
#4721 = CARTESIAN_POINT('',(0.857391659401,16.296602214361));
#4722 = CARTESIAN_POINT('',(0.820100408719,16.267552692146));
#4723 = CARTESIAN_POINT('',(0.784277952441,16.236291147001));
#4724 = CARTESIAN_POINT('',(0.728701728279,16.18188267533));
#4725 = CARTESIAN_POINT('',(0.707914125577,16.16002202067));
#4726 = CARTESIAN_POINT('',(0.687877145871,16.137347755536));
#4727 = CARTESIAN_POINT('',(0.668656928851,16.113887981704));
#4728 = CARTESIAN_POINT('',(0.650320387531,16.089674015639));
#4729 = CARTESIAN_POINT('',(0.61658377045,16.041290233172));
#4730 = CARTESIAN_POINT('',(0.601074246832,16.017203854662));
#4731 = CARTESIAN_POINT('',(0.586463036174,15.992511415275));
#4732 = CARTESIAN_POINT('',(0.572808155512,15.967247151948));
#4733 = CARTESIAN_POINT('',(0.560167114079,15.941450829931));
#4734 = CARTESIAN_POINT('',(0.52681053614,15.865694290099));
#4735 = CARTESIAN_POINT('',(0.508807402935,15.814485205363));
#4736 = CARTESIAN_POINT('',(0.494965874339,15.761875644592));
#4737 = CARTESIAN_POINT('',(0.485607066252,15.708265306558));
#4738 = CARTESIAN_POINT('',(0.480929998182,15.654126090456));
#4739 = CARTESIAN_POINT('',(0.480929998182,15.6));
#4740 = ( GEOMETRIC_REPRESENTATION_CONTEXT(2) 
PARAMETRIC_REPRESENTATION_CONTEXT() REPRESENTATION_CONTEXT('2D SPACE',''
  ) );
#4741 = PCURVE('',#4742,#4747);
#4742 = SPHERICAL_SURFACE('',#4743,0.9);
#4743 = AXIS2_PLACEMENT_3D('',#4744,#4745,#4746);
#4744 = CARTESIAN_POINT('',(19.3,-13.4,-4.9));
#4745 = DIRECTION('',(-0.,-1.,-0.));
#4746 = DIRECTION('',(1.,0.,-1.973729821556E-15));
#4747 = DEFINITIONAL_REPRESENTATION('',(#4748),#4781);
#4748 = B_SPLINE_CURVE_WITH_KNOTS('',6,(#4749,#4750,#4751,#4752,#4753,
    #4754,#4755,#4756,#4757,#4758,#4759,#4760,#4761,#4762,#4763,#4764,
    #4765,#4766,#4767,#4768,#4769,#4770,#4771,#4772,#4773,#4774,#4775,
    #4776,#4777,#4778,#4779,#4780),.UNSPECIFIED.,.F.,.F.,(7,5,5,5,5,5,7)
  ,(0.,8.444389536056E-02,0.154189109213,0.407682274134,0.567291295842,
    0.717410585539,1.),.UNSPECIFIED.);
#4749 = CARTESIAN_POINT('',(0.,-1.188328637265));
#4750 = CARTESIAN_POINT('',(1.67015356254E-02,-1.174456377248));
#4751 = CARTESIAN_POINT('',(3.275596911505E-02,-1.160291966751));
#4752 = CARTESIAN_POINT('',(4.820357781697E-02,-1.145873246317));
#4753 = CARTESIAN_POINT('',(6.308648567098E-02,-1.131233581465));
#4754 = CARTESIAN_POINT('',(7.744593098232E-02,-1.116401003572));
#4755 = CARTESIAN_POINT('',(0.102778236081,-1.08900530073));
#4756 = CARTESIAN_POINT('',(0.113905324807,-1.076496866577));
#4757 = CARTESIAN_POINT('',(0.124721998707,-1.063884528435));
#4758 = CARTESIAN_POINT('',(0.135247521937,-1.051178969617));
#4759 = CARTESIAN_POINT('',(0.145499224477,-1.038389076599));
#4760 = CARTESIAN_POINT('',(0.191813669426,-0.978755555382));
#4761 = CARTESIAN_POINT('',(0.224709882618,-0.930984352041));
#4762 = CARTESIAN_POINT('',(0.25494998193,-0.882524663474));
#4763 = CARTESIAN_POINT('',(0.282895710558,-0.833516761744));
#4764 = CARTESIAN_POINT('',(0.308771527138,-0.784030062344));
#4765 = CARTESIAN_POINT('',(0.347761853214,-0.702606015078));
#4766 = CARTESIAN_POINT('',(0.362050948775,-0.670962428869));
#4767 = CARTESIAN_POINT('',(0.375592661243,-0.63914019286));
#4768 = CARTESIAN_POINT('',(0.388398471783,-0.607141595874));
#4769 = CARTESIAN_POINT('',(0.400468170663,-0.574967154281));
#4770 = CARTESIAN_POINT('',(0.422447951159,-0.512190121072));
#4771 = CARTESIAN_POINT('',(0.432443514188,-0.481608395057));
#4772 = CARTESIAN_POINT('',(0.441775240284,-0.450872309874));
#4773 = CARTESIAN_POINT('',(0.450430516016,-0.419983932719));
#4774 = CARTESIAN_POINT('',(0.458392889006,-0.388947683564));
#4775 = CARTESIAN_POINT('',(0.479295497948,-0.299083520537));
#4776 = CARTESIAN_POINT('',(0.490431757686,-0.239883359348));
#4777 = CARTESIAN_POINT('',(0.498924746413,-0.180253612468));
#4778 = CARTESIAN_POINT('',(0.504643842721,-0.120294711953));
#4779 = CARTESIAN_POINT('',(0.507502090744,-6.01401005062E-02));
#4780 = CARTESIAN_POINT('',(0.507502090744,0.));
#4781 = ( GEOMETRIC_REPRESENTATION_CONTEXT(2) 
PARAMETRIC_REPRESENTATION_CONTEXT() REPRESENTATION_CONTEXT('2D SPACE',''
  ) );
#4782 = ORIENTED_EDGE('',*,*,#4783,.T.);
#4783 = EDGE_CURVE('',#4669,#4784,#4786,.T.);
#4784 = VERTEX_POINT('',#4785);
#4785 = CARTESIAN_POINT('',(19.3,-12.5,-4.994987437107));
#4786 = SURFACE_CURVE('',#4787,(#4794,#4804),.PCURVE_S1.);
#4787 = B_SPLINE_CURVE_WITH_KNOTS('',5,(#4788,#4789,#4790,#4791,#4792,
    #4793),.UNSPECIFIED.,.F.,.F.,(6,6),(0.,1.),
  .PIECEWISE_BEZIER_KNOTS.);
#4788 = CARTESIAN_POINT('',(19.635891133197,-12.56502865519,-4.8999994)
  );
#4789 = CARTESIAN_POINT('',(19.575080780672,-12.54056594956,
    -4.92945130127));
#4790 = CARTESIAN_POINT('',(19.510057995163,-12.52084008069,
    -4.954602973028));
#4791 = CARTESIAN_POINT('',(19.441732975245,-12.50706007413,
    -4.974292036369));
#4792 = CARTESIAN_POINT('',(19.371298898247,-12.5,-4.987821628214));
#4793 = CARTESIAN_POINT('',(19.3,-12.5,-4.994987437107));
#4794 = PCURVE('',#4086,#4795);
#4795 = DEFINITIONAL_REPRESENTATION('',(#4796),#4803);
#4796 = B_SPLINE_CURVE_WITH_KNOTS('',5,(#4797,#4798,#4799,#4800,#4801,
    #4802),.UNSPECIFIED.,.F.,.F.,(6,6),(0.,1.),
  .PIECEWISE_BEZIER_KNOTS.);
#4797 = CARTESIAN_POINT('',(1.119768138506,16.434971344802));
#4798 = CARTESIAN_POINT('',(1.187335241912,16.459434050434));
#4799 = CARTESIAN_POINT('',(1.256818999633,16.47915991931));
#4800 = CARTESIAN_POINT('',(1.327536791535,16.492939925865));
#4801 = CARTESIAN_POINT('',(1.398970816708,16.5));
#4802 = CARTESIAN_POINT('',(1.470628905633,16.5));
#4803 = ( GEOMETRIC_REPRESENTATION_CONTEXT(2) 
PARAMETRIC_REPRESENTATION_CONTEXT() REPRESENTATION_CONTEXT('2D SPACE',''
  ) );
#4804 = PCURVE('',#4805,#4810);
#4805 = CYLINDRICAL_SURFACE('',#4806,0.9);
#4806 = AXIS2_PLACEMENT_3D('',#4807,#4808,#4809);
#4807 = CARTESIAN_POINT('',(19.3,-13.4,-22.));
#4808 = DIRECTION('',(0.,0.,1.));
#4809 = DIRECTION('',(1.,0.,-0.));
#4810 = DEFINITIONAL_REPRESENTATION('',(#4811),#4818);
#4811 = B_SPLINE_CURVE_WITH_KNOTS('',5,(#4812,#4813,#4814,#4815,#4816,
    #4817),.UNSPECIFIED.,.F.,.F.,(6,6),(0.,1.),
  .PIECEWISE_BEZIER_KNOTS.);
#4812 = CARTESIAN_POINT('',(1.188327153571,17.1000006));
#4813 = CARTESIAN_POINT('',(1.261156422387,17.07054869873));
#4814 = CARTESIAN_POINT('',(1.33636343119,17.045397026972));
#4815 = CARTESIAN_POINT('',(1.41331505975,17.025707963631));
#4816 = CARTESIAN_POINT('',(1.491575328742,17.012178371786));
#4817 = CARTESIAN_POINT('',(1.570796326795,17.005012562893));
#4818 = ( GEOMETRIC_REPRESENTATION_CONTEXT(2) 
PARAMETRIC_REPRESENTATION_CONTEXT() REPRESENTATION_CONTEXT('2D SPACE',''
  ) );
#4819 = ORIENTED_EDGE('',*,*,#4820,.T.);
#4820 = EDGE_CURVE('',#4784,#4821,#4823,.T.);
#4821 = VERTEX_POINT('',#4822);
#4822 = CARTESIAN_POINT('',(19.2,-12.5,-5.));
#4823 = SURFACE_CURVE('',#4824,(#4829,#4836),.PCURVE_S1.);
#4824 = CIRCLE('',#4825,1.);
#4825 = AXIS2_PLACEMENT_3D('',#4826,#4827,#4828);
#4826 = CARTESIAN_POINT('',(19.2,-12.5,-4.));
#4827 = DIRECTION('',(0.,1.,0.));
#4828 = DIRECTION('',(1.,0.,-0.));
#4829 = PCURVE('',#4086,#4830);
#4830 = DEFINITIONAL_REPRESENTATION('',(#4831),#4835);
#4831 = LINE('',#4832,#4833);
#4832 = CARTESIAN_POINT('',(0.,16.5));
#4833 = VECTOR('',#4834,1.);
#4834 = DIRECTION('',(1.,0.));
#4835 = ( GEOMETRIC_REPRESENTATION_CONTEXT(2) 
PARAMETRIC_REPRESENTATION_CONTEXT() REPRESENTATION_CONTEXT('2D SPACE',''
  ) );
#4836 = PCURVE('',#4837,#4842);
#4837 = PLANE('',#4838);
#4838 = AXIS2_PLACEMENT_3D('',#4839,#4840,#4841);
#4839 = CARTESIAN_POINT('',(16.1,-12.5,-22.));
#4840 = DIRECTION('',(0.,1.,0.));
#4841 = DIRECTION('',(0.,0.,1.));
#4842 = DEFINITIONAL_REPRESENTATION('',(#4843),#4847);
#4843 = CIRCLE('',#4844,1.);
#4844 = AXIS2_PLACEMENT_2D('',#4845,#4846);
#4845 = CARTESIAN_POINT('',(18.,3.1));
#4846 = DIRECTION('',(0.,1.));
#4847 = ( GEOMETRIC_REPRESENTATION_CONTEXT(2) 
PARAMETRIC_REPRESENTATION_CONTEXT() REPRESENTATION_CONTEXT('2D SPACE',''
  ) );
#4848 = ORIENTED_EDGE('',*,*,#4849,.T.);
#4849 = EDGE_CURVE('',#4821,#4023,#4850,.T.);
#4850 = SURFACE_CURVE('',#4851,(#4855,#4862),.PCURVE_S1.);
#4851 = LINE('',#4852,#4853);
#4852 = CARTESIAN_POINT('',(19.2,-29.,-5.));
#4853 = VECTOR('',#4854,1.);
#4854 = DIRECTION('',(0.,1.,0.));
#4855 = PCURVE('',#4086,#4856);
#4856 = DEFINITIONAL_REPRESENTATION('',(#4857),#4861);
#4857 = LINE('',#4858,#4859);
#4858 = CARTESIAN_POINT('',(1.570796326795,0.));
#4859 = VECTOR('',#4860,1.);
#4860 = DIRECTION('',(0.,1.));
#4861 = ( GEOMETRIC_REPRESENTATION_CONTEXT(2) 
PARAMETRIC_REPRESENTATION_CONTEXT() REPRESENTATION_CONTEXT('2D SPACE',''
  ) );
#4862 = PCURVE('',#4137,#4863);
#4863 = DEFINITIONAL_REPRESENTATION('',(#4864),#4868);
#4864 = LINE('',#4865,#4866);
#4865 = CARTESIAN_POINT('',(4.6,0.));
#4866 = VECTOR('',#4867,1.);
#4867 = DIRECTION('',(0.,1.));
#4868 = ( GEOMETRIC_REPRESENTATION_CONTEXT(2) 
PARAMETRIC_REPRESENTATION_CONTEXT() REPRESENTATION_CONTEXT('2D SPACE',''
  ) );
#4869 = ORIENTED_EDGE('',*,*,#4022,.F.);
#4870 = ORIENTED_EDGE('',*,*,#4871,.F.);
#4871 = EDGE_CURVE('',#4872,#3999,#4874,.T.);
#4872 = VERTEX_POINT('',#4873);
#4873 = CARTESIAN_POINT('',(20.2,-17.3,-4.));
#4874 = SURFACE_CURVE('',#4875,(#4879,#4886),.PCURVE_S1.);
#4875 = LINE('',#4876,#4877);
#4876 = CARTESIAN_POINT('',(20.2,-29.,-4.));
#4877 = VECTOR('',#4878,1.);
#4878 = DIRECTION('',(0.,1.,0.));
#4879 = PCURVE('',#4086,#4880);
#4880 = DEFINITIONAL_REPRESENTATION('',(#4881),#4885);
#4881 = LINE('',#4882,#4883);
#4882 = CARTESIAN_POINT('',(0.,0.));
#4883 = VECTOR('',#4884,1.);
#4884 = DIRECTION('',(0.,1.));
#4885 = ( GEOMETRIC_REPRESENTATION_CONTEXT(2) 
PARAMETRIC_REPRESENTATION_CONTEXT() REPRESENTATION_CONTEXT('2D SPACE',''
  ) );
#4886 = PCURVE('',#1681,#4887);
#4887 = DEFINITIONAL_REPRESENTATION('',(#4888),#4892);
#4888 = LINE('',#4889,#4890);
#4889 = CARTESIAN_POINT('',(-4.,29.));
#4890 = VECTOR('',#4891,1.);
#4891 = DIRECTION('',(0.,-1.));
#4892 = ( GEOMETRIC_REPRESENTATION_CONTEXT(2) 
PARAMETRIC_REPRESENTATION_CONTEXT() REPRESENTATION_CONTEXT('2D SPACE',''
  ) );
#4893 = ORIENTED_EDGE('',*,*,#4894,.T.);
#4894 = EDGE_CURVE('',#4872,#4397,#4895,.T.);
#4895 = SURFACE_CURVE('',#4896,(#4901,#4908),.PCURVE_S1.);
#4896 = CIRCLE('',#4897,1.);
#4897 = AXIS2_PLACEMENT_3D('',#4898,#4899,#4900);
#4898 = CARTESIAN_POINT('',(19.2,-17.3,-4.));
#4899 = DIRECTION('',(0.,1.,0.));
#4900 = DIRECTION('',(1.,0.,-0.));
#4901 = PCURVE('',#4086,#4902);
#4902 = DEFINITIONAL_REPRESENTATION('',(#4903),#4907);
#4903 = LINE('',#4904,#4905);
#4904 = CARTESIAN_POINT('',(0.,11.7));
#4905 = VECTOR('',#4906,1.);
#4906 = DIRECTION('',(1.,0.));
#4907 = ( GEOMETRIC_REPRESENTATION_CONTEXT(2) 
PARAMETRIC_REPRESENTATION_CONTEXT() REPRESENTATION_CONTEXT('2D SPACE',''
  ) );
#4908 = PCURVE('',#4909,#4914);
#4909 = PLANE('',#4910);
#4910 = AXIS2_PLACEMENT_3D('',#4911,#4912,#4913);
#4911 = CARTESIAN_POINT('',(14.6,-17.3,-5.5));
#4912 = DIRECTION('',(0.,1.,0.));
#4913 = DIRECTION('',(0.,0.,1.));
#4914 = DEFINITIONAL_REPRESENTATION('',(#4915),#4919);
#4915 = CIRCLE('',#4916,1.);
#4916 = AXIS2_PLACEMENT_2D('',#4917,#4918);
#4917 = CARTESIAN_POINT('',(1.5,4.6));
#4918 = DIRECTION('',(0.,1.));
#4919 = ( GEOMETRIC_REPRESENTATION_CONTEXT(2) 
PARAMETRIC_REPRESENTATION_CONTEXT() REPRESENTATION_CONTEXT('2D SPACE',''
  ) );
#4920 = ADVANCED_FACE('',(#4921),#4523,.F.);
#4921 = FACE_BOUND('',#4922,.F.);
#4922 = EDGE_LOOP('',(#4923,#4953,#4981,#5000,#5001));
#4923 = ORIENTED_EDGE('',*,*,#4924,.F.);
#4924 = EDGE_CURVE('',#4925,#4927,#4929,.T.);
#4925 = VERTEX_POINT('',#4926);
#4926 = CARTESIAN_POINT('',(17.,-14.5,-21.1));
#4927 = VERTEX_POINT('',#4928);
#4928 = CARTESIAN_POINT('',(19.3,-14.5,-21.1));
#4929 = SURFACE_CURVE('',#4930,(#4934,#4941),.PCURVE_S1.);
#4930 = LINE('',#4931,#4932);
#4931 = CARTESIAN_POINT('',(16.1,-14.5,-21.1));
#4932 = VECTOR('',#4933,1.);
#4933 = DIRECTION('',(1.,0.,0.));
#4934 = PCURVE('',#4523,#4935);
#4935 = DEFINITIONAL_REPRESENTATION('',(#4936),#4940);
#4936 = LINE('',#4937,#4938);
#4937 = CARTESIAN_POINT('',(0.9,0.));
#4938 = VECTOR('',#4939,1.);
#4939 = DIRECTION('',(0.,1.));
#4940 = ( GEOMETRIC_REPRESENTATION_CONTEXT(2) 
PARAMETRIC_REPRESENTATION_CONTEXT() REPRESENTATION_CONTEXT('2D SPACE',''
  ) );
#4941 = PCURVE('',#4942,#4947);
#4942 = CYLINDRICAL_SURFACE('',#4943,0.9);
#4943 = AXIS2_PLACEMENT_3D('',#4944,#4945,#4946);
#4944 = CARTESIAN_POINT('',(16.1,-13.6,-21.1));
#4945 = DIRECTION('',(1.,0.,0.));
#4946 = DIRECTION('',(0.,-1.,0.));
#4947 = DEFINITIONAL_REPRESENTATION('',(#4948),#4952);
#4948 = LINE('',#4949,#4950);
#4949 = CARTESIAN_POINT('',(0.,0.));
#4950 = VECTOR('',#4951,1.);
#4951 = DIRECTION('',(0.,1.));
#4952 = ( GEOMETRIC_REPRESENTATION_CONTEXT(2) 
PARAMETRIC_REPRESENTATION_CONTEXT() REPRESENTATION_CONTEXT('2D SPACE',''
  ) );
#4953 = ORIENTED_EDGE('',*,*,#4954,.T.);
#4954 = EDGE_CURVE('',#4925,#4955,#4957,.T.);
#4955 = VERTEX_POINT('',#4956);
#4956 = CARTESIAN_POINT('',(17.,-14.5,-5.));
#4957 = SURFACE_CURVE('',#4958,(#4962,#4969),.PCURVE_S1.);
#4958 = LINE('',#4959,#4960);
#4959 = CARTESIAN_POINT('',(17.,-14.5,-22.));
#4960 = VECTOR('',#4961,1.);
#4961 = DIRECTION('',(0.,0.,1.));
#4962 = PCURVE('',#4523,#4963);
#4963 = DEFINITIONAL_REPRESENTATION('',(#4964),#4968);
#4964 = LINE('',#4965,#4966);
#4965 = CARTESIAN_POINT('',(0.,0.9));
#4966 = VECTOR('',#4967,1.);
#4967 = DIRECTION('',(1.,0.));
#4968 = ( GEOMETRIC_REPRESENTATION_CONTEXT(2) 
PARAMETRIC_REPRESENTATION_CONTEXT() REPRESENTATION_CONTEXT('2D SPACE',''
  ) );
#4969 = PCURVE('',#4970,#4975);
#4970 = CYLINDRICAL_SURFACE('',#4971,0.9);
#4971 = AXIS2_PLACEMENT_3D('',#4972,#4973,#4974);
#4972 = CARTESIAN_POINT('',(17.,-13.6,-22.));
#4973 = DIRECTION('',(0.,0.,1.));
#4974 = DIRECTION('',(-1.,-0.,0.));
#4975 = DEFINITIONAL_REPRESENTATION('',(#4976),#4980);
#4976 = LINE('',#4977,#4978);
#4977 = CARTESIAN_POINT('',(1.570796326795,0.));
#4978 = VECTOR('',#4979,1.);
#4979 = DIRECTION('',(0.,1.));
#4980 = ( GEOMETRIC_REPRESENTATION_CONTEXT(2) 
PARAMETRIC_REPRESENTATION_CONTEXT() REPRESENTATION_CONTEXT('2D SPACE',''
  ) );
#4981 = ORIENTED_EDGE('',*,*,#4982,.F.);
#4982 = EDGE_CURVE('',#4484,#4955,#4983,.T.);
#4983 = SURFACE_CURVE('',#4984,(#4988,#4994),.PCURVE_S1.);
#4984 = LINE('',#4985,#4986);
#4985 = CARTESIAN_POINT('',(15.35,-14.5,-5.));
#4986 = VECTOR('',#4987,1.);
#4987 = DIRECTION('',(-1.,0.,0.));
#4988 = PCURVE('',#4523,#4989);
#4989 = DEFINITIONAL_REPRESENTATION('',(#4990),#4993);
#4990 = B_SPLINE_CURVE_WITH_KNOTS('',1,(#4991,#4992),.UNSPECIFIED.,.F.,
  .F.,(2,2),(-3.85,-1.65),.PIECEWISE_BEZIER_KNOTS.);
#4991 = CARTESIAN_POINT('',(17.,3.1));
#4992 = CARTESIAN_POINT('',(17.,0.9));
#4993 = ( GEOMETRIC_REPRESENTATION_CONTEXT(2) 
PARAMETRIC_REPRESENTATION_CONTEXT() REPRESENTATION_CONTEXT('2D SPACE',''
  ) );
#4994 = PCURVE('',#4137,#4995);
#4995 = DEFINITIONAL_REPRESENTATION('',(#4996),#4999);
#4996 = B_SPLINE_CURVE_WITH_KNOTS('',1,(#4997,#4998),.UNSPECIFIED.,.F.,
  .F.,(2,2),(-3.85,-1.65),.PIECEWISE_BEZIER_KNOTS.);
#4997 = CARTESIAN_POINT('',(4.6,14.5));
#4998 = CARTESIAN_POINT('',(2.4,14.5));
#4999 = ( GEOMETRIC_REPRESENTATION_CONTEXT(2) 
PARAMETRIC_REPRESENTATION_CONTEXT() REPRESENTATION_CONTEXT('2D SPACE',''
  ) );
#5000 = ORIENTED_EDGE('',*,*,#4506,.F.);
#5001 = ORIENTED_EDGE('',*,*,#5002,.F.);
#5002 = EDGE_CURVE('',#4927,#4507,#5003,.T.);
#5003 = SURFACE_CURVE('',#5004,(#5008,#5015),.PCURVE_S1.);
#5004 = LINE('',#5005,#5006);
#5005 = CARTESIAN_POINT('',(19.3,-14.5,-22.));
#5006 = VECTOR('',#5007,1.);
#5007 = DIRECTION('',(0.,0.,1.));
#5008 = PCURVE('',#4523,#5009);
#5009 = DEFINITIONAL_REPRESENTATION('',(#5010),#5014);
#5010 = LINE('',#5011,#5012);
#5011 = CARTESIAN_POINT('',(0.,3.2));
#5012 = VECTOR('',#5013,1.);
#5013 = DIRECTION('',(1.,0.));
#5014 = ( GEOMETRIC_REPRESENTATION_CONTEXT(2) 
PARAMETRIC_REPRESENTATION_CONTEXT() REPRESENTATION_CONTEXT('2D SPACE',''
  ) );
#5015 = PCURVE('',#4557,#5016);
#5016 = DEFINITIONAL_REPRESENTATION('',(#5017),#5021);
#5017 = LINE('',#5018,#5019);
#5018 = CARTESIAN_POINT('',(-1.570796326795,0.));
#5019 = VECTOR('',#5020,1.);
#5020 = DIRECTION('',(-0.,1.));
#5021 = ( GEOMETRIC_REPRESENTATION_CONTEXT(2) 
PARAMETRIC_REPRESENTATION_CONTEXT() REPRESENTATION_CONTEXT('2D SPACE',''
  ) );
#5022 = ADVANCED_FACE('',(#5023),#4970,.T.);
#5023 = FACE_BOUND('',#5024,.T.);
#5024 = EDGE_LOOP('',(#5025,#5055,#5082,#5083));
#5025 = ORIENTED_EDGE('',*,*,#5026,.F.);
#5026 = EDGE_CURVE('',#5027,#5029,#5031,.T.);
#5027 = VERTEX_POINT('',#5028);
#5028 = CARTESIAN_POINT('',(16.1,-13.6,-21.1));
#5029 = VERTEX_POINT('',#5030);
#5030 = CARTESIAN_POINT('',(16.1,-13.6,-5.));
#5031 = SURFACE_CURVE('',#5032,(#5036,#5043),.PCURVE_S1.);
#5032 = LINE('',#5033,#5034);
#5033 = CARTESIAN_POINT('',(16.1,-13.6,-22.));
#5034 = VECTOR('',#5035,1.);
#5035 = DIRECTION('',(0.,0.,1.));
#5036 = PCURVE('',#4970,#5037);
#5037 = DEFINITIONAL_REPRESENTATION('',(#5038),#5042);
#5038 = LINE('',#5039,#5040);
#5039 = CARTESIAN_POINT('',(0.,0.));
#5040 = VECTOR('',#5041,1.);
#5041 = DIRECTION('',(0.,1.));
#5042 = ( GEOMETRIC_REPRESENTATION_CONTEXT(2) 
PARAMETRIC_REPRESENTATION_CONTEXT() REPRESENTATION_CONTEXT('2D SPACE',''
  ) );
#5043 = PCURVE('',#5044,#5049);
#5044 = PLANE('',#5045);
#5045 = AXIS2_PLACEMENT_3D('',#5046,#5047,#5048);
#5046 = CARTESIAN_POINT('',(16.1,-14.5,-22.));
#5047 = DIRECTION('',(1.,0.,0.));
#5048 = DIRECTION('',(0.,0.,1.));
#5049 = DEFINITIONAL_REPRESENTATION('',(#5050),#5054);
#5050 = LINE('',#5051,#5052);
#5051 = CARTESIAN_POINT('',(0.,-0.9));
#5052 = VECTOR('',#5053,1.);
#5053 = DIRECTION('',(1.,0.));
#5054 = ( GEOMETRIC_REPRESENTATION_CONTEXT(2) 
PARAMETRIC_REPRESENTATION_CONTEXT() REPRESENTATION_CONTEXT('2D SPACE',''
  ) );
#5055 = ORIENTED_EDGE('',*,*,#5056,.T.);
#5056 = EDGE_CURVE('',#5027,#4925,#5057,.T.);
#5057 = SURFACE_CURVE('',#5058,(#5063,#5070),.PCURVE_S1.);
#5058 = CIRCLE('',#5059,0.9);
#5059 = AXIS2_PLACEMENT_3D('',#5060,#5061,#5062);
#5060 = CARTESIAN_POINT('',(17.,-13.6,-21.1));
#5061 = DIRECTION('',(0.,0.,1.));
#5062 = DIRECTION('',(-1.,0.,0.));
#5063 = PCURVE('',#4970,#5064);
#5064 = DEFINITIONAL_REPRESENTATION('',(#5065),#5069);
#5065 = LINE('',#5066,#5067);
#5066 = CARTESIAN_POINT('',(0.,0.9));
#5067 = VECTOR('',#5068,1.);
#5068 = DIRECTION('',(1.,0.));
#5069 = ( GEOMETRIC_REPRESENTATION_CONTEXT(2) 
PARAMETRIC_REPRESENTATION_CONTEXT() REPRESENTATION_CONTEXT('2D SPACE',''
  ) );
#5070 = PCURVE('',#5071,#5076);
#5071 = SPHERICAL_SURFACE('',#5072,0.9);
#5072 = AXIS2_PLACEMENT_3D('',#5073,#5074,#5075);
#5073 = CARTESIAN_POINT('',(17.,-13.6,-21.1));
#5074 = DIRECTION('',(0.,0.,1.));
#5075 = DIRECTION('',(-1.,0.,0.));
#5076 = DEFINITIONAL_REPRESENTATION('',(#5077),#5081);
#5077 = LINE('',#5078,#5079);
#5078 = CARTESIAN_POINT('',(0.,0.));
#5079 = VECTOR('',#5080,1.);
#5080 = DIRECTION('',(1.,0.));
#5081 = ( GEOMETRIC_REPRESENTATION_CONTEXT(2) 
PARAMETRIC_REPRESENTATION_CONTEXT() REPRESENTATION_CONTEXT('2D SPACE',''
  ) );
#5082 = ORIENTED_EDGE('',*,*,#4954,.T.);
#5083 = ORIENTED_EDGE('',*,*,#5084,.F.);
#5084 = EDGE_CURVE('',#5029,#4955,#5085,.T.);
#5085 = SURFACE_CURVE('',#5086,(#5091,#5098),.PCURVE_S1.);
#5086 = CIRCLE('',#5087,0.9);
#5087 = AXIS2_PLACEMENT_3D('',#5088,#5089,#5090);
#5088 = CARTESIAN_POINT('',(17.,-13.6,-5.));
#5089 = DIRECTION('',(0.,0.,1.));
#5090 = DIRECTION('',(-1.,-0.,0.));
#5091 = PCURVE('',#4970,#5092);
#5092 = DEFINITIONAL_REPRESENTATION('',(#5093),#5097);
#5093 = LINE('',#5094,#5095);
#5094 = CARTESIAN_POINT('',(0.,17.));
#5095 = VECTOR('',#5096,1.);
#5096 = DIRECTION('',(1.,0.));
#5097 = ( GEOMETRIC_REPRESENTATION_CONTEXT(2) 
PARAMETRIC_REPRESENTATION_CONTEXT() REPRESENTATION_CONTEXT('2D SPACE',''
  ) );
#5098 = PCURVE('',#4137,#5099);
#5099 = DEFINITIONAL_REPRESENTATION('',(#5100),#5104);
#5100 = CIRCLE('',#5101,0.9);
#5101 = AXIS2_PLACEMENT_2D('',#5102,#5103);
#5102 = CARTESIAN_POINT('',(2.4,15.4));
#5103 = DIRECTION('',(-1.,0.));
#5104 = ( GEOMETRIC_REPRESENTATION_CONTEXT(2) 
PARAMETRIC_REPRESENTATION_CONTEXT() REPRESENTATION_CONTEXT('2D SPACE',''
  ) );
#5105 = ADVANCED_FACE('',(#5106),#5071,.T.);
#5106 = FACE_BOUND('',#5107,.T.);
#5107 = EDGE_LOOP('',(#5108,#5135,#5175,#5195));
#5108 = ORIENTED_EDGE('',*,*,#5109,.F.);
#5109 = EDGE_CURVE('',#5110,#5027,#5112,.T.);
#5110 = VERTEX_POINT('',#5111);
#5111 = CARTESIAN_POINT('',(16.216366013107,-13.6,-21.54262599854));
#5112 = SURFACE_CURVE('',#5113,(#5118,#5124),.PCURVE_S1.);
#5113 = CIRCLE('',#5114,0.9);
#5114 = AXIS2_PLACEMENT_3D('',#5115,#5116,#5117);
#5115 = CARTESIAN_POINT('',(17.,-13.6,-21.1));
#5116 = DIRECTION('',(0.,1.,-0.));
#5117 = DIRECTION('',(-1.,0.,0.));
#5118 = PCURVE('',#5071,#5119);
#5119 = DEFINITIONAL_REPRESENTATION('',(#5120),#5123);
#5120 = B_SPLINE_CURVE_WITH_KNOTS('',1,(#5121,#5122),.UNSPECIFIED.,.F.,
  .F.,(2,2),(4.712388980385,6.28318530718),.PIECEWISE_BEZIER_KNOTS.);
#5121 = CARTESIAN_POINT('',(0.,-1.570796326795));
#5122 = CARTESIAN_POINT('',(0.,0.));
#5123 = ( GEOMETRIC_REPRESENTATION_CONTEXT(2) 
PARAMETRIC_REPRESENTATION_CONTEXT() REPRESENTATION_CONTEXT('2D SPACE',''
  ) );
#5124 = PCURVE('',#5125,#5130);
#5125 = CYLINDRICAL_SURFACE('',#5126,0.9);
#5126 = AXIS2_PLACEMENT_3D('',#5127,#5128,#5129);
#5127 = CARTESIAN_POINT('',(17.,-14.5,-21.1));
#5128 = DIRECTION('',(0.,1.,0.));
#5129 = DIRECTION('',(-1.,0.,0.));
#5130 = DEFINITIONAL_REPRESENTATION('',(#5131),#5134);
#5131 = B_SPLINE_CURVE_WITH_KNOTS('',1,(#5132,#5133),.UNSPECIFIED.,.F.,
  .F.,(2,2),(4.712388980385,6.28318530718),.PIECEWISE_BEZIER_KNOTS.);
#5132 = CARTESIAN_POINT('',(-1.570796326795,0.9));
#5133 = CARTESIAN_POINT('',(0.,0.9));
#5134 = ( GEOMETRIC_REPRESENTATION_CONTEXT(2) 
PARAMETRIC_REPRESENTATION_CONTEXT() REPRESENTATION_CONTEXT('2D SPACE',''
  ) );
#5135 = ORIENTED_EDGE('',*,*,#5136,.T.);
#5136 = EDGE_CURVE('',#5110,#5137,#5139,.T.);
#5137 = VERTEX_POINT('',#5138);
#5138 = CARTESIAN_POINT('',(17.,-14.38363398689,-21.54262599854));
#5139 = SURFACE_CURVE('',#5140,(#5145,#5158),.PCURVE_S1.);
#5140 = CIRCLE('',#5141,0.828629293487);
#5141 = AXIS2_PLACEMENT_3D('',#5142,#5143,#5144);
#5142 = CARTESIAN_POINT('',(17.038554216867,-13.56144578313,
    -21.4469879518));
#5143 = DIRECTION('',(-0.10976425999,-0.10976425999,0.987878339907));
#5144 = DIRECTION('',(-0.993883734674,-1.734723475977E-18,
    -0.110431526075));
#5145 = PCURVE('',#5071,#5146);
#5146 = DEFINITIONAL_REPRESENTATION('',(#5147),#5157);
#5147 = B_SPLINE_CURVE_WITH_KNOTS('',8,(#5148,#5149,#5150,#5151,#5152,
    #5153,#5154,#5155,#5156),.UNSPECIFIED.,.F.,.F.,(9,9),(
    4.682766012163E-02,1.511773242423),.PIECEWISE_BEZIER_KNOTS.);
#5148 = CARTESIAN_POINT('',(-7.105427357601E-15,-0.514163486345));
#5149 = CARTESIAN_POINT('',(0.192251644426,-0.534263319816));
#5150 = CARTESIAN_POINT('',(0.387607844995,-0.549946964138));
#5151 = CARTESIAN_POINT('',(0.585641313421,-0.559998401815));
#5152 = CARTESIAN_POINT('',(0.785398163379,-0.563491916801));
#5153 = CARTESIAN_POINT('',(0.985155013347,-0.559998401815));
#5154 = CARTESIAN_POINT('',(1.183188481797,-0.549946964139));
#5155 = CARTESIAN_POINT('',(1.378544682369,-0.534263319816));
#5156 = CARTESIAN_POINT('',(1.570796326795,-0.514163486345));
#5157 = ( GEOMETRIC_REPRESENTATION_CONTEXT(2) 
PARAMETRIC_REPRESENTATION_CONTEXT() REPRESENTATION_CONTEXT('2D SPACE',''
  ) );
#5158 = PCURVE('',#5159,#5164);
#5159 = SPHERICAL_SURFACE('',#5160,1.);
#5160 = AXIS2_PLACEMENT_3D('',#5161,#5162,#5163);
#5161 = CARTESIAN_POINT('',(17.1,-13.5,-22.));
#5162 = DIRECTION('',(-0.,-0.,-1.));
#5163 = DIRECTION('',(-1.,0.,0.));
#5164 = DEFINITIONAL_REPRESENTATION('',(#5165),#5174);
#5165 = B_SPLINE_CURVE_WITH_KNOTS('',7,(#5166,#5167,#5168,#5169,#5170,
    #5171,#5172,#5173),.UNSPECIFIED.,.F.,.F.,(8,8),(4.682766012163E-02,
    1.511773242423),.PIECEWISE_BEZIER_KNOTS.);
#5166 = CARTESIAN_POINT('',(-0.112689580335,-0.47503998081));
#5167 = CARTESIAN_POINT('',(-0.306362463866,-0.454797587366));
#5168 = CARTESIAN_POINT('',(-0.498441739504,-0.440296526791));
#5169 = CARTESIAN_POINT('',(-0.689798527226,-0.432718675358));
#5170 = CARTESIAN_POINT('',(-0.880997799569,-0.432718675358));
#5171 = CARTESIAN_POINT('',(-1.072354587291,-0.440296526791));
#5172 = CARTESIAN_POINT('',(-1.264433862929,-0.454797587366));
#5173 = CARTESIAN_POINT('',(-1.45810674646,-0.47503998081));
#5174 = ( GEOMETRIC_REPRESENTATION_CONTEXT(2) 
PARAMETRIC_REPRESENTATION_CONTEXT() REPRESENTATION_CONTEXT('2D SPACE',''
  ) );
#5175 = ORIENTED_EDGE('',*,*,#5176,.T.);
#5176 = EDGE_CURVE('',#5137,#4925,#5177,.T.);
#5177 = SURFACE_CURVE('',#5178,(#5183,#5189),.PCURVE_S1.);
#5178 = CIRCLE('',#5179,0.9);
#5179 = AXIS2_PLACEMENT_3D('',#5180,#5181,#5182);
#5180 = CARTESIAN_POINT('',(17.,-13.6,-21.1));
#5181 = DIRECTION('',(-1.,6.123233995737E-17,0.));
#5182 = DIRECTION('',(-6.123233995737E-17,-1.,0.));
#5183 = PCURVE('',#5071,#5184);
#5184 = DEFINITIONAL_REPRESENTATION('',(#5185),#5188);
#5185 = B_SPLINE_CURVE_WITH_KNOTS('',1,(#5186,#5187),.UNSPECIFIED.,.F.,
  .F.,(2,2),(4.712388980385,6.28318530718),.PIECEWISE_BEZIER_KNOTS.);
#5186 = CARTESIAN_POINT('',(1.570796326795,-1.570796326795));
#5187 = CARTESIAN_POINT('',(1.570796326795,0.));
#5188 = ( GEOMETRIC_REPRESENTATION_CONTEXT(2) 
PARAMETRIC_REPRESENTATION_CONTEXT() REPRESENTATION_CONTEXT('2D SPACE',''
  ) );
#5189 = PCURVE('',#4942,#5190);
#5190 = DEFINITIONAL_REPRESENTATION('',(#5191),#5194);
#5191 = B_SPLINE_CURVE_WITH_KNOTS('',1,(#5192,#5193),.UNSPECIFIED.,.F.,
  .F.,(2,2),(4.712388980385,6.28318530718),.PIECEWISE_BEZIER_KNOTS.);
#5192 = CARTESIAN_POINT('',(1.570796326795,0.9));
#5193 = CARTESIAN_POINT('',(0.,0.9));
#5194 = ( GEOMETRIC_REPRESENTATION_CONTEXT(2) 
PARAMETRIC_REPRESENTATION_CONTEXT() REPRESENTATION_CONTEXT('2D SPACE',''
  ) );
#5195 = ORIENTED_EDGE('',*,*,#5056,.F.);
#5196 = ADVANCED_FACE('',(#5197),#5159,.T.);
#5197 = FACE_BOUND('',#5198,.F.);
#5198 = EDGE_LOOP('',(#5199,#5228,#5255,#5256,#5285,#5312));
#5199 = ORIENTED_EDGE('',*,*,#5200,.F.);
#5200 = EDGE_CURVE('',#5201,#5203,#5205,.T.);
#5201 = VERTEX_POINT('',#5202);
#5202 = CARTESIAN_POINT('',(16.213434914532,-13.5,-21.5373961206));
#5203 = VERTEX_POINT('',#5204);
#5204 = CARTESIAN_POINT('',(16.1,-13.5,-22.));
#5205 = SURFACE_CURVE('',#5206,(#5211,#5217),.PCURVE_S1.);
#5206 = CIRCLE('',#5207,1.);
#5207 = AXIS2_PLACEMENT_3D('',#5208,#5209,#5210);
#5208 = CARTESIAN_POINT('',(17.1,-13.5,-22.));
#5209 = DIRECTION('',(0.,-1.,0.));
#5210 = DIRECTION('',(-1.,0.,0.));
#5211 = PCURVE('',#5159,#5212);
#5212 = DEFINITIONAL_REPRESENTATION('',(#5213),#5216);
#5213 = B_SPLINE_CURVE_WITH_KNOTS('',1,(#5214,#5215),.UNSPECIFIED.,.F.,
  .F.,(2,2),(4.712388980385,6.28318530718),.PIECEWISE_BEZIER_KNOTS.);
#5214 = CARTESIAN_POINT('',(0.,-1.570796326795));
#5215 = CARTESIAN_POINT('',(0.,0.));
#5216 = ( GEOMETRIC_REPRESENTATION_CONTEXT(2) 
PARAMETRIC_REPRESENTATION_CONTEXT() REPRESENTATION_CONTEXT('2D SPACE',''
  ) );
#5217 = PCURVE('',#5218,#5223);
#5218 = CYLINDRICAL_SURFACE('',#5219,1.);
#5219 = AXIS2_PLACEMENT_3D('',#5220,#5221,#5222);
#5220 = CARTESIAN_POINT('',(17.1,-14.5,-22.));
#5221 = DIRECTION('',(0.,1.,0.));
#5222 = DIRECTION('',(-1.,0.,0.));
#5223 = DEFINITIONAL_REPRESENTATION('',(#5224),#5227);
#5224 = B_SPLINE_CURVE_WITH_KNOTS('',1,(#5225,#5226),.UNSPECIFIED.,.F.,
  .F.,(2,2),(4.712388980385,6.28318530718),.PIECEWISE_BEZIER_KNOTS.);
#5225 = CARTESIAN_POINT('',(1.570796326795,1.));
#5226 = CARTESIAN_POINT('',(0.,1.));
#5227 = ( GEOMETRIC_REPRESENTATION_CONTEXT(2) 
PARAMETRIC_REPRESENTATION_CONTEXT() REPRESENTATION_CONTEXT('2D SPACE',''
  ) );
#5228 = ORIENTED_EDGE('',*,*,#5229,.T.);
#5229 = EDGE_CURVE('',#5201,#5110,#5230,.T.);
#5230 = SURFACE_CURVE('',#5231,(#5237,#5246),.PCURVE_S1.);
#5231 = B_SPLINE_CURVE_WITH_KNOTS('',4,(#5232,#5233,#5234,#5235,#5236),
  .UNSPECIFIED.,.F.,.F.,(5,5),(0.,1.),.PIECEWISE_BEZIER_KNOTS.);
#5232 = CARTESIAN_POINT('',(16.213434914532,-13.5,-21.5373961206));
#5233 = CARTESIAN_POINT('',(16.213434914532,-13.52505443112,
    -21.5373961206));
#5234 = CARTESIAN_POINT('',(16.213921875967,-13.55010144874,
    -21.53827186929));
#5235 = CARTESIAN_POINT('',(16.214895604133,-13.57510056971,
    -21.54002275735));
#5236 = CARTESIAN_POINT('',(16.21636604854,-13.6000006,-21.54262606127)
  );
#5237 = PCURVE('',#5159,#5238);
#5238 = DEFINITIONAL_REPRESENTATION('',(#5239),#5245);
#5239 = B_SPLINE_CURVE_WITH_KNOTS('',4,(#5240,#5241,#5242,#5243,#5244),
  .UNSPECIFIED.,.F.,.F.,(5,5),(0.,1.),.PIECEWISE_BEZIER_KNOTS.);
#5240 = CARTESIAN_POINT('',(0.,-0.480929998182));
#5241 = CARTESIAN_POINT('',(-2.826011483655E-02,-0.480929998182));
#5242 = CARTESIAN_POINT('',(-5.651218198671E-02,-0.479942164598));
#5243 = CARTESIAN_POINT('',(-8.46815259177E-02,-0.47796735732));
#5244 = CARTESIAN_POINT('',(-0.112690255244,-0.475039910269));
#5245 = ( GEOMETRIC_REPRESENTATION_CONTEXT(2) 
PARAMETRIC_REPRESENTATION_CONTEXT() REPRESENTATION_CONTEXT('2D SPACE',''
  ) );
#5246 = PCURVE('',#5125,#5247);
#5247 = DEFINITIONAL_REPRESENTATION('',(#5248),#5254);
#5248 = B_SPLINE_CURVE_WITH_KNOTS('',4,(#5249,#5250,#5251,#5252,#5253),
  .UNSPECIFIED.,.F.,.F.,(5,5),(0.,1.),.PIECEWISE_BEZIER_KNOTS.);
#5249 = CARTESIAN_POINT('',(-0.507502090744,1.));
#5250 = CARTESIAN_POINT('',(-0.507502090744,0.974945568875));
#5251 = CARTESIAN_POINT('',(-0.508615470915,0.949898551256));
#5252 = CARTESIAN_POINT('',(-0.510841474601,0.924899430285));
#5253 = CARTESIAN_POINT('',(-0.514163566395,0.8999994));
#5254 = ( GEOMETRIC_REPRESENTATION_CONTEXT(2) 
PARAMETRIC_REPRESENTATION_CONTEXT() REPRESENTATION_CONTEXT('2D SPACE',''
  ) );
#5255 = ORIENTED_EDGE('',*,*,#5136,.T.);
#5256 = ORIENTED_EDGE('',*,*,#5257,.F.);
#5257 = EDGE_CURVE('',#5258,#5137,#5260,.T.);
#5258 = VERTEX_POINT('',#5259);
#5259 = CARTESIAN_POINT('',(17.1,-14.38656508546,-21.5373961206));
#5260 = SURFACE_CURVE('',#5261,(#5267,#5276),.PCURVE_S1.);
#5261 = B_SPLINE_CURVE_WITH_KNOTS('',4,(#5262,#5263,#5264,#5265,#5266),
  .UNSPECIFIED.,.F.,.F.,(5,5),(0.,1.),.PIECEWISE_BEZIER_KNOTS.);
#5262 = CARTESIAN_POINT('',(17.1,-14.38656508546,-21.5373961206));
#5263 = CARTESIAN_POINT('',(17.074945568875,-14.38656508546,
    -21.5373961206));
#5264 = CARTESIAN_POINT('',(17.049898551255,-14.38607812403,
    -21.53827186929));
#5265 = CARTESIAN_POINT('',(17.024899430285,-14.38510439586,
    -21.54002275735));
#5266 = CARTESIAN_POINT('',(16.9999994,-14.38363395146,-21.54262606127)
  );
#5267 = PCURVE('',#5159,#5268);
#5268 = DEFINITIONAL_REPRESENTATION('',(#5269),#5275);
#5269 = B_SPLINE_CURVE_WITH_KNOTS('',4,(#5270,#5271,#5272,#5273,#5274),
  .UNSPECIFIED.,.F.,.F.,(5,5),(0.,1.),.PIECEWISE_BEZIER_KNOTS.);
#5270 = CARTESIAN_POINT('',(-1.570796326795,-0.480929998182));
#5271 = CARTESIAN_POINT('',(-1.542536211959,-0.480929998182));
#5272 = CARTESIAN_POINT('',(-1.514284144808,-0.479942164598));
#5273 = CARTESIAN_POINT('',(-1.486114800877,-0.47796735732));
#5274 = CARTESIAN_POINT('',(-1.458106071551,-0.475039910269));
#5275 = ( GEOMETRIC_REPRESENTATION_CONTEXT(2) 
PARAMETRIC_REPRESENTATION_CONTEXT() REPRESENTATION_CONTEXT('2D SPACE',''
  ) );
#5276 = PCURVE('',#4942,#5277);
#5277 = DEFINITIONAL_REPRESENTATION('',(#5278),#5284);
#5278 = B_SPLINE_CURVE_WITH_KNOTS('',4,(#5279,#5280,#5281,#5282,#5283),
  .UNSPECIFIED.,.F.,.F.,(5,5),(0.,1.),.PIECEWISE_BEZIER_KNOTS.);
#5279 = CARTESIAN_POINT('',(0.507502090744,1.));
#5280 = CARTESIAN_POINT('',(0.507502090744,0.974945568875));
#5281 = CARTESIAN_POINT('',(0.508615470915,0.949898551255));
#5282 = CARTESIAN_POINT('',(0.510841474601,0.924899430285));
#5283 = CARTESIAN_POINT('',(0.514163566396,0.8999994));
#5284 = ( GEOMETRIC_REPRESENTATION_CONTEXT(2) 
PARAMETRIC_REPRESENTATION_CONTEXT() REPRESENTATION_CONTEXT('2D SPACE',''
  ) );
#5285 = ORIENTED_EDGE('',*,*,#5286,.T.);
#5286 = EDGE_CURVE('',#5258,#5287,#5289,.T.);
#5287 = VERTEX_POINT('',#5288);
#5288 = CARTESIAN_POINT('',(17.1,-14.5,-22.));
#5289 = SURFACE_CURVE('',#5290,(#5295,#5301),.PCURVE_S1.);
#5290 = CIRCLE('',#5291,1.);
#5291 = AXIS2_PLACEMENT_3D('',#5292,#5293,#5294);
#5292 = CARTESIAN_POINT('',(17.1,-13.5,-22.));
#5293 = DIRECTION('',(1.,-6.123233995737E-17,0.));
#5294 = DIRECTION('',(-6.123233995737E-17,-1.,0.));
#5295 = PCURVE('',#5159,#5296);
#5296 = DEFINITIONAL_REPRESENTATION('',(#5297),#5300);
#5297 = B_SPLINE_CURVE_WITH_KNOTS('',1,(#5298,#5299),.UNSPECIFIED.,.F.,
  .F.,(2,2),(4.712388980385,6.28318530718),.PIECEWISE_BEZIER_KNOTS.);
#5298 = CARTESIAN_POINT('',(-1.570796326795,-1.570796326795));
#5299 = CARTESIAN_POINT('',(-1.570796326795,0.));
#5300 = ( GEOMETRIC_REPRESENTATION_CONTEXT(2) 
PARAMETRIC_REPRESENTATION_CONTEXT() REPRESENTATION_CONTEXT('2D SPACE',''
  ) );
#5301 = PCURVE('',#5302,#5307);
#5302 = CYLINDRICAL_SURFACE('',#5303,1.);
#5303 = AXIS2_PLACEMENT_3D('',#5304,#5305,#5306);
#5304 = CARTESIAN_POINT('',(16.1,-13.5,-22.));
#5305 = DIRECTION('',(1.,0.,0.));
#5306 = DIRECTION('',(0.,-1.,0.));
#5307 = DEFINITIONAL_REPRESENTATION('',(#5308),#5311);
#5308 = B_SPLINE_CURVE_WITH_KNOTS('',1,(#5309,#5310),.UNSPECIFIED.,.F.,
  .F.,(2,2),(4.712388980385,6.28318530718),.PIECEWISE_BEZIER_KNOTS.);
#5309 = CARTESIAN_POINT('',(-1.570796326795,1.));
#5310 = CARTESIAN_POINT('',(0.,1.));
#5311 = ( GEOMETRIC_REPRESENTATION_CONTEXT(2) 
PARAMETRIC_REPRESENTATION_CONTEXT() REPRESENTATION_CONTEXT('2D SPACE',''
  ) );
#5312 = ORIENTED_EDGE('',*,*,#5313,.F.);
#5313 = EDGE_CURVE('',#5203,#5287,#5314,.T.);
#5314 = SURFACE_CURVE('',#5315,(#5320,#5327),.PCURVE_S1.);
#5315 = CIRCLE('',#5316,1.);
#5316 = AXIS2_PLACEMENT_3D('',#5317,#5318,#5319);
#5317 = CARTESIAN_POINT('',(17.1,-13.5,-22.));
#5318 = DIRECTION('',(0.,0.,1.));
#5319 = DIRECTION('',(-1.,0.,0.));
#5320 = PCURVE('',#5159,#5321);
#5321 = DEFINITIONAL_REPRESENTATION('',(#5322),#5326);
#5322 = LINE('',#5323,#5324);
#5323 = CARTESIAN_POINT('',(-0.,0.));
#5324 = VECTOR('',#5325,1.);
#5325 = DIRECTION('',(-1.,0.));
#5326 = ( GEOMETRIC_REPRESENTATION_CONTEXT(2) 
PARAMETRIC_REPRESENTATION_CONTEXT() REPRESENTATION_CONTEXT('2D SPACE',''
  ) );
#5327 = PCURVE('',#5328,#5333);
#5328 = CYLINDRICAL_SURFACE('',#5329,1.);
#5329 = AXIS2_PLACEMENT_3D('',#5330,#5331,#5332);
#5330 = CARTESIAN_POINT('',(17.1,-13.5,-37.4));
#5331 = DIRECTION('',(0.,0.,1.));
#5332 = DIRECTION('',(-1.,-0.,0.));
#5333 = DEFINITIONAL_REPRESENTATION('',(#5334),#5338);
#5334 = LINE('',#5335,#5336);
#5335 = CARTESIAN_POINT('',(0.,15.4));
#5336 = VECTOR('',#5337,1.);
#5337 = DIRECTION('',(1.,0.));
#5338 = ( GEOMETRIC_REPRESENTATION_CONTEXT(2) 
PARAMETRIC_REPRESENTATION_CONTEXT() REPRESENTATION_CONTEXT('2D SPACE',''
  ) );
#5339 = ADVANCED_FACE('',(#5340),#5302,.T.);
#5340 = FACE_BOUND('',#5341,.F.);
#5341 = EDGE_LOOP('',(#5342,#5343,#5364,#5391));
#5342 = ORIENTED_EDGE('',*,*,#5286,.F.);
#5343 = ORIENTED_EDGE('',*,*,#5344,.T.);
#5344 = EDGE_CURVE('',#5258,#5345,#5347,.T.);
#5345 = VERTEX_POINT('',#5346);
#5346 = CARTESIAN_POINT('',(19.2,-14.38656508546,-21.5373961206));
#5347 = SURFACE_CURVE('',#5348,(#5352,#5358),.PCURVE_S1.);
#5348 = LINE('',#5349,#5350);
#5349 = CARTESIAN_POINT('',(16.1,-14.38656508546,-21.5373961206));
#5350 = VECTOR('',#5351,1.);
#5351 = DIRECTION('',(1.,0.,0.));
#5352 = PCURVE('',#5302,#5353);
#5353 = DEFINITIONAL_REPRESENTATION('',(#5354),#5357);
#5354 = B_SPLINE_CURVE_WITH_KNOTS('',1,(#5355,#5356),.UNSPECIFIED.,.F.,
  .F.,(2,2),(0.9999994,3.1000006),.PIECEWISE_BEZIER_KNOTS.);
#5355 = CARTESIAN_POINT('',(-0.480929998182,0.9999994));
#5356 = CARTESIAN_POINT('',(-0.480929998182,3.1000006));
#5357 = ( GEOMETRIC_REPRESENTATION_CONTEXT(2) 
PARAMETRIC_REPRESENTATION_CONTEXT() REPRESENTATION_CONTEXT('2D SPACE',''
  ) );
#5358 = PCURVE('',#4942,#5359);
#5359 = DEFINITIONAL_REPRESENTATION('',(#5360),#5363);
#5360 = B_SPLINE_CURVE_WITH_KNOTS('',1,(#5361,#5362),.UNSPECIFIED.,.F.,
  .F.,(2,2),(0.9999994,3.1000006),.PIECEWISE_BEZIER_KNOTS.);
#5361 = CARTESIAN_POINT('',(0.507502090744,0.9999994));
#5362 = CARTESIAN_POINT('',(0.507502090744,3.1000006));
#5363 = ( GEOMETRIC_REPRESENTATION_CONTEXT(2) 
PARAMETRIC_REPRESENTATION_CONTEXT() REPRESENTATION_CONTEXT('2D SPACE',''
  ) );
#5364 = ORIENTED_EDGE('',*,*,#5365,.T.);
#5365 = EDGE_CURVE('',#5345,#5366,#5368,.T.);
#5366 = VERTEX_POINT('',#5367);
#5367 = CARTESIAN_POINT('',(19.2,-14.5,-22.));
#5368 = SURFACE_CURVE('',#5369,(#5374,#5380),.PCURVE_S1.);
#5369 = CIRCLE('',#5370,1.);
#5370 = AXIS2_PLACEMENT_3D('',#5371,#5372,#5373);
#5371 = CARTESIAN_POINT('',(19.2,-13.5,-22.));
#5372 = DIRECTION('',(1.,6.123233995737E-17,0.));
#5373 = DIRECTION('',(6.123233995737E-17,-1.,0.));
#5374 = PCURVE('',#5302,#5375);
#5375 = DEFINITIONAL_REPRESENTATION('',(#5376),#5379);
#5376 = B_SPLINE_CURVE_WITH_KNOTS('',1,(#5377,#5378),.UNSPECIFIED.,.F.,
  .F.,(2,2),(4.712388980385,6.28318530718),.PIECEWISE_BEZIER_KNOTS.);
#5377 = CARTESIAN_POINT('',(-1.570796326795,3.1));
#5378 = CARTESIAN_POINT('',(0.,3.1));
#5379 = ( GEOMETRIC_REPRESENTATION_CONTEXT(2) 
PARAMETRIC_REPRESENTATION_CONTEXT() REPRESENTATION_CONTEXT('2D SPACE',''
  ) );
#5380 = PCURVE('',#5381,#5386);
#5381 = SPHERICAL_SURFACE('',#5382,1.);
#5382 = AXIS2_PLACEMENT_3D('',#5383,#5384,#5385);
#5383 = CARTESIAN_POINT('',(19.2,-13.5,-22.));
#5384 = DIRECTION('',(-0.,-0.,-1.));
#5385 = DIRECTION('',(1.,0.,0.));
#5386 = DEFINITIONAL_REPRESENTATION('',(#5387),#5390);
#5387 = B_SPLINE_CURVE_WITH_KNOTS('',1,(#5388,#5389),.UNSPECIFIED.,.F.,
  .F.,(2,2),(4.712388980385,6.28318530718),.PIECEWISE_BEZIER_KNOTS.);
#5388 = CARTESIAN_POINT('',(1.570796326795,-1.570796326795));
#5389 = CARTESIAN_POINT('',(1.570796326795,0.));
#5390 = ( GEOMETRIC_REPRESENTATION_CONTEXT(2) 
PARAMETRIC_REPRESENTATION_CONTEXT() REPRESENTATION_CONTEXT('2D SPACE',''
  ) );
#5391 = ORIENTED_EDGE('',*,*,#5392,.F.);
#5392 = EDGE_CURVE('',#5287,#5366,#5393,.T.);
#5393 = SURFACE_CURVE('',#5394,(#5398,#5405),.PCURVE_S1.);
#5394 = LINE('',#5395,#5396);
#5395 = CARTESIAN_POINT('',(16.1,-14.5,-22.));
#5396 = VECTOR('',#5397,1.);
#5397 = DIRECTION('',(1.,0.,0.));
#5398 = PCURVE('',#5302,#5399);
#5399 = DEFINITIONAL_REPRESENTATION('',(#5400),#5404);
#5400 = LINE('',#5401,#5402);
#5401 = CARTESIAN_POINT('',(-0.,0.));
#5402 = VECTOR('',#5403,1.);
#5403 = DIRECTION('',(-0.,1.));
#5404 = ( GEOMETRIC_REPRESENTATION_CONTEXT(2) 
PARAMETRIC_REPRESENTATION_CONTEXT() REPRESENTATION_CONTEXT('2D SPACE',''
  ) );
#5405 = PCURVE('',#5406,#5411);
#5406 = PLANE('',#5407);
#5407 = AXIS2_PLACEMENT_3D('',#5408,#5409,#5410);
#5408 = CARTESIAN_POINT('',(16.1,-14.5,-37.4));
#5409 = DIRECTION('',(0.,1.,0.));
#5410 = DIRECTION('',(0.,0.,1.));
#5411 = DEFINITIONAL_REPRESENTATION('',(#5412),#5416);
#5412 = LINE('',#5413,#5414);
#5413 = CARTESIAN_POINT('',(15.4,0.));
#5414 = VECTOR('',#5415,1.);
#5415 = DIRECTION('',(0.,1.));
#5416 = ( GEOMETRIC_REPRESENTATION_CONTEXT(2) 
PARAMETRIC_REPRESENTATION_CONTEXT() REPRESENTATION_CONTEXT('2D SPACE',''
  ) );
#5417 = ADVANCED_FACE('',(#5418),#5381,.T.);
#5418 = FACE_BOUND('',#5419,.T.);
#5419 = EDGE_LOOP('',(#5420,#5449,#5483,#5523,#5550,#5551));
#5420 = ORIENTED_EDGE('',*,*,#5421,.F.);
#5421 = EDGE_CURVE('',#5422,#5424,#5426,.T.);
#5422 = VERTEX_POINT('',#5423);
#5423 = CARTESIAN_POINT('',(20.086565085468,-13.5,-21.5373961206));
#5424 = VERTEX_POINT('',#5425);
#5425 = CARTESIAN_POINT('',(20.2,-13.5,-22.));
#5426 = SURFACE_CURVE('',#5427,(#5432,#5438),.PCURVE_S1.);
#5427 = CIRCLE('',#5428,1.);
#5428 = AXIS2_PLACEMENT_3D('',#5429,#5430,#5431);
#5429 = CARTESIAN_POINT('',(19.2,-13.5,-22.));
#5430 = DIRECTION('',(-0.,1.,0.));
#5431 = DIRECTION('',(1.,0.,0.));
#5432 = PCURVE('',#5381,#5433);
#5433 = DEFINITIONAL_REPRESENTATION('',(#5434),#5437);
#5434 = B_SPLINE_CURVE_WITH_KNOTS('',1,(#5435,#5436),.UNSPECIFIED.,.F.,
  .F.,(2,2),(4.712388980385,6.28318530718),.PIECEWISE_BEZIER_KNOTS.);
#5435 = CARTESIAN_POINT('',(0.,-1.570796326795));
#5436 = CARTESIAN_POINT('',(0.,0.));
#5437 = ( GEOMETRIC_REPRESENTATION_CONTEXT(2) 
PARAMETRIC_REPRESENTATION_CONTEXT() REPRESENTATION_CONTEXT('2D SPACE',''
  ) );
#5438 = PCURVE('',#5439,#5444);
#5439 = CYLINDRICAL_SURFACE('',#5440,1.);
#5440 = AXIS2_PLACEMENT_3D('',#5441,#5442,#5443);
#5441 = CARTESIAN_POINT('',(19.2,-14.5,-22.));
#5442 = DIRECTION('',(0.,1.,0.));
#5443 = DIRECTION('',(1.,0.,-0.));
#5444 = DEFINITIONAL_REPRESENTATION('',(#5445),#5448);
#5445 = B_SPLINE_CURVE_WITH_KNOTS('',1,(#5446,#5447),.UNSPECIFIED.,.F.,
  .F.,(2,2),(4.712388980385,6.28318530718),.PIECEWISE_BEZIER_KNOTS.);
#5446 = CARTESIAN_POINT('',(-1.570796326795,1.));
#5447 = CARTESIAN_POINT('',(0.,1.));
#5448 = ( GEOMETRIC_REPRESENTATION_CONTEXT(2) 
PARAMETRIC_REPRESENTATION_CONTEXT() REPRESENTATION_CONTEXT('2D SPACE',''
  ) );
#5449 = ORIENTED_EDGE('',*,*,#5450,.T.);
#5450 = EDGE_CURVE('',#5422,#5451,#5453,.T.);
#5451 = VERTEX_POINT('',#5452);
#5452 = CARTESIAN_POINT('',(20.083633986893,-13.6,-21.54262599854));
#5453 = SURFACE_CURVE('',#5454,(#5460,#5469),.PCURVE_S1.);
#5454 = B_SPLINE_CURVE_WITH_KNOTS('',4,(#5455,#5456,#5457,#5458,#5459),
  .UNSPECIFIED.,.F.,.F.,(5,5),(0.,1.),.PIECEWISE_BEZIER_KNOTS.);
#5455 = CARTESIAN_POINT('',(20.086565085468,-13.5,-21.5373961206));
#5456 = CARTESIAN_POINT('',(20.086565085468,-13.52505443112,
    -21.5373961206));
#5457 = CARTESIAN_POINT('',(20.086078124033,-13.55010144874,
    -21.53827186929));
#5458 = CARTESIAN_POINT('',(20.085104395867,-13.57510056971,
    -21.54002275735));
#5459 = CARTESIAN_POINT('',(20.08363395146,-13.6000006,-21.54262606127)
  );
#5460 = PCURVE('',#5381,#5461);
#5461 = DEFINITIONAL_REPRESENTATION('',(#5462),#5468);
#5462 = B_SPLINE_CURVE_WITH_KNOTS('',4,(#5463,#5464,#5465,#5466,#5467),
  .UNSPECIFIED.,.F.,.F.,(5,5),(0.,1.),.PIECEWISE_BEZIER_KNOTS.);
#5463 = CARTESIAN_POINT('',(0.,-0.480929998182));
#5464 = CARTESIAN_POINT('',(2.826011483734E-02,-0.480929998182));
#5465 = CARTESIAN_POINT('',(5.651218198596E-02,-0.479942164598));
#5466 = CARTESIAN_POINT('',(8.468152591794E-02,-0.47796735732));
#5467 = CARTESIAN_POINT('',(0.112690255244,-0.475039910269));
#5468 = ( GEOMETRIC_REPRESENTATION_CONTEXT(2) 
PARAMETRIC_REPRESENTATION_CONTEXT() REPRESENTATION_CONTEXT('2D SPACE',''
  ) );
#5469 = PCURVE('',#5470,#5475);
#5470 = CYLINDRICAL_SURFACE('',#5471,0.9);
#5471 = AXIS2_PLACEMENT_3D('',#5472,#5473,#5474);
#5472 = CARTESIAN_POINT('',(19.3,-14.5,-21.1));
#5473 = DIRECTION('',(0.,1.,0.));
#5474 = DIRECTION('',(1.,0.,-0.));
#5475 = DEFINITIONAL_REPRESENTATION('',(#5476),#5482);
#5476 = B_SPLINE_CURVE_WITH_KNOTS('',4,(#5477,#5478,#5479,#5480,#5481),
  .UNSPECIFIED.,.F.,.F.,(5,5),(0.,1.),.PIECEWISE_BEZIER_KNOTS.);
#5477 = CARTESIAN_POINT('',(0.507502090744,1.));
#5478 = CARTESIAN_POINT('',(0.507502090744,0.974945568874));
#5479 = CARTESIAN_POINT('',(0.508615470915,0.949898551256));
#5480 = CARTESIAN_POINT('',(0.510841474601,0.924899430285));
#5481 = CARTESIAN_POINT('',(0.514163566395,0.8999994));
#5482 = ( GEOMETRIC_REPRESENTATION_CONTEXT(2) 
PARAMETRIC_REPRESENTATION_CONTEXT() REPRESENTATION_CONTEXT('2D SPACE',''
  ) );
#5483 = ORIENTED_EDGE('',*,*,#5484,.F.);
#5484 = EDGE_CURVE('',#5485,#5451,#5487,.T.);
#5485 = VERTEX_POINT('',#5486);
#5486 = CARTESIAN_POINT('',(19.3,-14.38363398689,-21.54262599854));
#5487 = SURFACE_CURVE('',#5488,(#5493,#5505),.PCURVE_S1.);
#5488 = CIRCLE('',#5489,0.828629293487);
#5489 = AXIS2_PLACEMENT_3D('',#5490,#5491,#5492);
#5490 = CARTESIAN_POINT('',(19.261445783133,-13.56144578313,
    -21.4469879518));
#5491 = DIRECTION('',(0.10976425999,-0.10976425999,0.987878339907));
#5492 = DIRECTION('',(-0.993883734674,1.734723475977E-18,0.110431526075)
  );
#5493 = PCURVE('',#5381,#5494);
#5494 = DEFINITIONAL_REPRESENTATION('',(#5495),#5504);
#5495 = B_SPLINE_CURVE_WITH_KNOTS('',7,(#5496,#5497,#5498,#5499,#5500,
    #5501,#5502,#5503),.UNSPECIFIED.,.F.,.F.,(8,8),(1.629819411166,
    3.094764993468),.PIECEWISE_BEZIER_KNOTS.);
#5496 = CARTESIAN_POINT('',(1.45810674646,-0.47503998081));
#5497 = CARTESIAN_POINT('',(1.264433862929,-0.454797587366));
#5498 = CARTESIAN_POINT('',(1.072354587291,-0.440296526791));
#5499 = CARTESIAN_POINT('',(0.880997799568,-0.432718675358));
#5500 = CARTESIAN_POINT('',(0.689798527226,-0.432718675358));
#5501 = CARTESIAN_POINT('',(0.498441739504,-0.440296526791));
#5502 = CARTESIAN_POINT('',(0.306362463866,-0.454797587366));
#5503 = CARTESIAN_POINT('',(0.112689580335,-0.47503998081));
#5504 = ( GEOMETRIC_REPRESENTATION_CONTEXT(2) 
PARAMETRIC_REPRESENTATION_CONTEXT() REPRESENTATION_CONTEXT('2D SPACE',''
  ) );
#5505 = PCURVE('',#5506,#5511);
#5506 = SPHERICAL_SURFACE('',#5507,0.9);
#5507 = AXIS2_PLACEMENT_3D('',#5508,#5509,#5510);
#5508 = CARTESIAN_POINT('',(19.3,-13.6,-21.1));
#5509 = DIRECTION('',(0.,0.,1.));
#5510 = DIRECTION('',(1.,0.,-0.));
#5511 = DEFINITIONAL_REPRESENTATION('',(#5512),#5522);
#5512 = B_SPLINE_CURVE_WITH_KNOTS('',8,(#5513,#5514,#5515,#5516,#5517,
    #5518,#5519,#5520,#5521),.UNSPECIFIED.,.F.,.F.,(9,9),(1.629819411166
    ,3.094764993468),.PIECEWISE_BEZIER_KNOTS.);
#5513 = CARTESIAN_POINT('',(-1.570796326795,-0.514163486345));
#5514 = CARTESIAN_POINT('',(-1.378544682369,-0.534263319816));
#5515 = CARTESIAN_POINT('',(-1.183188481797,-0.549946964139));
#5516 = CARTESIAN_POINT('',(-0.985155013356,-0.559998401814));
#5517 = CARTESIAN_POINT('',(-0.785398163394,-0.563491916805));
#5518 = CARTESIAN_POINT('',(-0.585641313444,-0.559998401814));
#5519 = CARTESIAN_POINT('',(-0.387607844996,-0.549946964139));
#5520 = CARTESIAN_POINT('',(-0.192251644426,-0.534263319816));
#5521 = CARTESIAN_POINT('',(7.105427357601E-15,-0.514163486345));
#5522 = ( GEOMETRIC_REPRESENTATION_CONTEXT(2) 
PARAMETRIC_REPRESENTATION_CONTEXT() REPRESENTATION_CONTEXT('2D SPACE',''
  ) );
#5523 = ORIENTED_EDGE('',*,*,#5524,.T.);
#5524 = EDGE_CURVE('',#5485,#5345,#5525,.T.);
#5525 = SURFACE_CURVE('',#5526,(#5532,#5541),.PCURVE_S1.);
#5526 = B_SPLINE_CURVE_WITH_KNOTS('',4,(#5527,#5528,#5529,#5530,#5531),
  .UNSPECIFIED.,.F.,.F.,(5,5),(0.,1.),.PIECEWISE_BEZIER_KNOTS.);
#5527 = CARTESIAN_POINT('',(19.3000006,-14.38363395146,-21.54262606127)
  );
#5528 = CARTESIAN_POINT('',(19.275099201996,-14.38510447663,
    -21.54002261435));
#5529 = CARTESIAN_POINT('',(19.25009919095,-14.38607824856,
    -21.53827163861));
#5530 = CARTESIAN_POINT('',(19.225049554237,-14.38656508546,
    -21.5373961206));
#5531 = CARTESIAN_POINT('',(19.2,-14.38656508546,-21.5373961206));
#5532 = PCURVE('',#5381,#5533);
#5533 = DEFINITIONAL_REPRESENTATION('',(#5534),#5540);
#5534 = B_SPLINE_CURVE_WITH_KNOTS('',4,(#5535,#5536,#5537,#5538,#5539),
  .UNSPECIFIED.,.F.,.F.,(5,5),(0.,1.),.PIECEWISE_BEZIER_KNOTS.);
#5535 = CARTESIAN_POINT('',(1.458106071551,-0.475039910269));
#5536 = CARTESIAN_POINT('',(1.486116339352,-0.47796751812));
#5537 = CARTESIAN_POINT('',(1.514286724715,-0.479942429195));
#5538 = CARTESIAN_POINT('',(1.542541712839,-0.480929998182));
#5539 = CARTESIAN_POINT('',(1.570796326795,-0.480929998182));
#5540 = ( GEOMETRIC_REPRESENTATION_CONTEXT(2) 
PARAMETRIC_REPRESENTATION_CONTEXT() REPRESENTATION_CONTEXT('2D SPACE',''
  ) );
#5541 = PCURVE('',#4942,#5542);
#5542 = DEFINITIONAL_REPRESENTATION('',(#5543),#5549);
#5543 = B_SPLINE_CURVE_WITH_KNOTS('',4,(#5544,#5545,#5546,#5547,#5548),
  .UNSPECIFIED.,.F.,.F.,(5,5),(0.,1.),.PIECEWISE_BEZIER_KNOTS.);
#5544 = CARTESIAN_POINT('',(0.514163566395,3.2000006));
#5545 = CARTESIAN_POINT('',(0.510841292124,3.175099201996));
#5546 = CARTESIAN_POINT('',(0.508615178146,3.15009919095));
#5547 = CARTESIAN_POINT('',(0.507502090744,3.125049554237));
#5548 = CARTESIAN_POINT('',(0.507502090744,3.1));
#5549 = ( GEOMETRIC_REPRESENTATION_CONTEXT(2) 
PARAMETRIC_REPRESENTATION_CONTEXT() REPRESENTATION_CONTEXT('2D SPACE',''
  ) );
#5550 = ORIENTED_EDGE('',*,*,#5365,.T.);
#5551 = ORIENTED_EDGE('',*,*,#5552,.F.);
#5552 = EDGE_CURVE('',#5424,#5366,#5553,.T.);
#5553 = SURFACE_CURVE('',#5554,(#5559,#5566),.PCURVE_S1.);
#5554 = CIRCLE('',#5555,1.);
#5555 = AXIS2_PLACEMENT_3D('',#5556,#5557,#5558);
#5556 = CARTESIAN_POINT('',(19.2,-13.5,-22.));
#5557 = DIRECTION('',(0.,0.,-1.));
#5558 = DIRECTION('',(1.,0.,0.));
#5559 = PCURVE('',#5381,#5560);
#5560 = DEFINITIONAL_REPRESENTATION('',(#5561),#5565);
#5561 = LINE('',#5562,#5563);
#5562 = CARTESIAN_POINT('',(0.,0.));
#5563 = VECTOR('',#5564,1.);
#5564 = DIRECTION('',(1.,0.));
#5565 = ( GEOMETRIC_REPRESENTATION_CONTEXT(2) 
PARAMETRIC_REPRESENTATION_CONTEXT() REPRESENTATION_CONTEXT('2D SPACE',''
  ) );
#5566 = PCURVE('',#5567,#5572);
#5567 = CYLINDRICAL_SURFACE('',#5568,1.);
#5568 = AXIS2_PLACEMENT_3D('',#5569,#5570,#5571);
#5569 = CARTESIAN_POINT('',(19.2,-13.5,-37.4));
#5570 = DIRECTION('',(0.,0.,1.));
#5571 = DIRECTION('',(1.,0.,-0.));
#5572 = DEFINITIONAL_REPRESENTATION('',(#5573),#5577);
#5573 = LINE('',#5574,#5575);
#5574 = CARTESIAN_POINT('',(-0.,15.4));
#5575 = VECTOR('',#5576,1.);
#5576 = DIRECTION('',(-1.,0.));
#5577 = ( GEOMETRIC_REPRESENTATION_CONTEXT(2) 
PARAMETRIC_REPRESENTATION_CONTEXT() REPRESENTATION_CONTEXT('2D SPACE',''
  ) );
#5578 = ADVANCED_FACE('',(#5579),#5470,.T.);
#5579 = FACE_BOUND('',#5580,.T.);
#5580 = EDGE_LOOP('',(#5581,#5603,#5604,#5625,#5652));
#5581 = ORIENTED_EDGE('',*,*,#5582,.F.);
#5582 = EDGE_CURVE('',#5451,#5583,#5585,.T.);
#5583 = VERTEX_POINT('',#5584);
#5584 = CARTESIAN_POINT('',(20.2,-13.6,-21.1));
#5585 = SURFACE_CURVE('',#5586,(#5591,#5597),.PCURVE_S1.);
#5586 = CIRCLE('',#5587,0.9);
#5587 = AXIS2_PLACEMENT_3D('',#5588,#5589,#5590);
#5588 = CARTESIAN_POINT('',(19.3,-13.6,-21.1));
#5589 = DIRECTION('',(0.,-1.,0.));
#5590 = DIRECTION('',(1.,0.,0.));
#5591 = PCURVE('',#5470,#5592);
#5592 = DEFINITIONAL_REPRESENTATION('',(#5593),#5596);
#5593 = B_SPLINE_CURVE_WITH_KNOTS('',1,(#5594,#5595),.UNSPECIFIED.,.F.,
  .F.,(2,2),(4.712388980385,6.28318530718),.PIECEWISE_BEZIER_KNOTS.);
#5594 = CARTESIAN_POINT('',(1.570796326795,0.9));
#5595 = CARTESIAN_POINT('',(0.,0.9));
#5596 = ( GEOMETRIC_REPRESENTATION_CONTEXT(2) 
PARAMETRIC_REPRESENTATION_CONTEXT() REPRESENTATION_CONTEXT('2D SPACE',''
  ) );
#5597 = PCURVE('',#5506,#5598);
#5598 = DEFINITIONAL_REPRESENTATION('',(#5599),#5602);
#5599 = B_SPLINE_CURVE_WITH_KNOTS('',1,(#5600,#5601),.UNSPECIFIED.,.F.,
  .F.,(2,2),(4.712388980385,6.28318530718),.PIECEWISE_BEZIER_KNOTS.);
#5600 = CARTESIAN_POINT('',(0.,-1.570796326795));
#5601 = CARTESIAN_POINT('',(0.,0.));
#5602 = ( GEOMETRIC_REPRESENTATION_CONTEXT(2) 
PARAMETRIC_REPRESENTATION_CONTEXT() REPRESENTATION_CONTEXT('2D SPACE',''
  ) );
#5603 = ORIENTED_EDGE('',*,*,#5450,.F.);
#5604 = ORIENTED_EDGE('',*,*,#5605,.T.);
#5605 = EDGE_CURVE('',#5422,#5606,#5608,.T.);
#5606 = VERTEX_POINT('',#5607);
#5607 = CARTESIAN_POINT('',(20.086565085468,-13.4,-21.5373961206));
#5608 = SURFACE_CURVE('',#5609,(#5613,#5619),.PCURVE_S1.);
#5609 = LINE('',#5610,#5611);
#5610 = CARTESIAN_POINT('',(20.086565085468,-14.5,-21.5373961206));
#5611 = VECTOR('',#5612,1.);
#5612 = DIRECTION('',(0.,1.,0.));
#5613 = PCURVE('',#5470,#5614);
#5614 = DEFINITIONAL_REPRESENTATION('',(#5615),#5618);
#5615 = B_SPLINE_CURVE_WITH_KNOTS('',1,(#5616,#5617),.UNSPECIFIED.,.F.,
  .F.,(2,2),(0.9999994,1.1000006),.PIECEWISE_BEZIER_KNOTS.);
#5616 = CARTESIAN_POINT('',(0.507502090744,0.9999994));
#5617 = CARTESIAN_POINT('',(0.507502090744,1.1000006));
#5618 = ( GEOMETRIC_REPRESENTATION_CONTEXT(2) 
PARAMETRIC_REPRESENTATION_CONTEXT() REPRESENTATION_CONTEXT('2D SPACE',''
  ) );
#5619 = PCURVE('',#5439,#5620);
#5620 = DEFINITIONAL_REPRESENTATION('',(#5621),#5624);
#5621 = B_SPLINE_CURVE_WITH_KNOTS('',1,(#5622,#5623),.UNSPECIFIED.,.F.,
  .F.,(2,2),(0.9999994,1.1000006),.PIECEWISE_BEZIER_KNOTS.);
#5622 = CARTESIAN_POINT('',(-0.480929998182,0.9999994));
#5623 = CARTESIAN_POINT('',(-0.480929998182,1.1000006));
#5624 = ( GEOMETRIC_REPRESENTATION_CONTEXT(2) 
PARAMETRIC_REPRESENTATION_CONTEXT() REPRESENTATION_CONTEXT('2D SPACE',''
  ) );
#5625 = ORIENTED_EDGE('',*,*,#5626,.T.);
#5626 = EDGE_CURVE('',#5606,#5627,#5629,.T.);
#5627 = VERTEX_POINT('',#5628);
#5628 = CARTESIAN_POINT('',(20.2,-13.4,-21.1));
#5629 = SURFACE_CURVE('',#5630,(#5635,#5641),.PCURVE_S1.);
#5630 = CIRCLE('',#5631,0.9);
#5631 = AXIS2_PLACEMENT_3D('',#5632,#5633,#5634);
#5632 = CARTESIAN_POINT('',(19.3,-13.4,-21.1));
#5633 = DIRECTION('',(0.,-1.,0.));
#5634 = DIRECTION('',(1.,0.,0.));
#5635 = PCURVE('',#5470,#5636);
#5636 = DEFINITIONAL_REPRESENTATION('',(#5637),#5640);
#5637 = B_SPLINE_CURVE_WITH_KNOTS('',1,(#5638,#5639),.UNSPECIFIED.,.F.,
  .F.,(2,2),(4.712388980385,6.28318530718),.PIECEWISE_BEZIER_KNOTS.);
#5638 = CARTESIAN_POINT('',(1.570796326795,1.1));
#5639 = CARTESIAN_POINT('',(0.,1.1));
#5640 = ( GEOMETRIC_REPRESENTATION_CONTEXT(2) 
PARAMETRIC_REPRESENTATION_CONTEXT() REPRESENTATION_CONTEXT('2D SPACE',''
  ) );
#5641 = PCURVE('',#5642,#5647);
#5642 = SPHERICAL_SURFACE('',#5643,0.9);
#5643 = AXIS2_PLACEMENT_3D('',#5644,#5645,#5646);
#5644 = CARTESIAN_POINT('',(19.3,-13.4,-21.1));
#5645 = DIRECTION('',(0.,0.,1.));
#5646 = DIRECTION('',(1.,0.,-0.));
#5647 = DEFINITIONAL_REPRESENTATION('',(#5648),#5651);
#5648 = B_SPLINE_CURVE_WITH_KNOTS('',1,(#5649,#5650),.UNSPECIFIED.,.F.,
  .F.,(2,2),(4.712388980385,6.28318530718),.PIECEWISE_BEZIER_KNOTS.);
#5649 = CARTESIAN_POINT('',(0.,-1.570796326795));
#5650 = CARTESIAN_POINT('',(0.,0.));
#5651 = ( GEOMETRIC_REPRESENTATION_CONTEXT(2) 
PARAMETRIC_REPRESENTATION_CONTEXT() REPRESENTATION_CONTEXT('2D SPACE',''
  ) );
#5652 = ORIENTED_EDGE('',*,*,#5653,.F.);
#5653 = EDGE_CURVE('',#5583,#5627,#5654,.T.);
#5654 = SURFACE_CURVE('',#5655,(#5659,#5666),.PCURVE_S1.);
#5655 = LINE('',#5656,#5657);
#5656 = CARTESIAN_POINT('',(20.2,-14.5,-21.1));
#5657 = VECTOR('',#5658,1.);
#5658 = DIRECTION('',(0.,1.,0.));
#5659 = PCURVE('',#5470,#5660);
#5660 = DEFINITIONAL_REPRESENTATION('',(#5661),#5665);
#5661 = LINE('',#5662,#5663);
#5662 = CARTESIAN_POINT('',(0.,0.));
#5663 = VECTOR('',#5664,1.);
#5664 = DIRECTION('',(0.,1.));
#5665 = ( GEOMETRIC_REPRESENTATION_CONTEXT(2) 
PARAMETRIC_REPRESENTATION_CONTEXT() REPRESENTATION_CONTEXT('2D SPACE',''
  ) );
#5666 = PCURVE('',#5667,#5672);
#5667 = PLANE('',#5668);
#5668 = AXIS2_PLACEMENT_3D('',#5669,#5670,#5671);
#5669 = CARTESIAN_POINT('',(20.2,-14.5,-22.));
#5670 = DIRECTION('',(1.,0.,0.));
#5671 = DIRECTION('',(0.,0.,1.));
#5672 = DEFINITIONAL_REPRESENTATION('',(#5673),#5677);
#5673 = LINE('',#5674,#5675);
#5674 = CARTESIAN_POINT('',(0.9,0.));
#5675 = VECTOR('',#5676,1.);
#5676 = DIRECTION('',(0.,-1.));
#5677 = ( GEOMETRIC_REPRESENTATION_CONTEXT(2) 
PARAMETRIC_REPRESENTATION_CONTEXT() REPRESENTATION_CONTEXT('2D SPACE',''
  ) );
#5678 = ADVANCED_FACE('',(#5679),#5642,.T.);
#5679 = FACE_BOUND('',#5680,.T.);
#5680 = EDGE_LOOP('',(#5681,#5682,#5792));
#5681 = ORIENTED_EDGE('',*,*,#5626,.F.);
#5682 = ORIENTED_EDGE('',*,*,#5683,.F.);
#5683 = EDGE_CURVE('',#5684,#5606,#5686,.T.);
#5684 = VERTEX_POINT('',#5685);
#5685 = CARTESIAN_POINT('',(19.635889894354,-12.56502815683,-21.1));
#5686 = SURFACE_CURVE('',#5687,(#5720,#5756),.PCURVE_S1.);
#5687 = B_SPLINE_CURVE_WITH_KNOTS('',7,(#5688,#5689,#5690,#5691,#5692,
    #5693,#5694,#5695,#5696,#5697,#5698,#5699,#5700,#5701,#5702,#5703,
    #5704,#5705,#5706,#5707,#5708,#5709,#5710,#5711,#5712,#5713,#5714,
    #5715,#5716,#5717,#5718,#5719),.UNSPECIFIED.,.F.,.F.,(8,6,6,6,6,8),(
    0.,0.16897130843,0.350293144139,0.505669418253,0.652779324518,1.),
  .UNSPECIFIED.);
#5688 = CARTESIAN_POINT('',(19.635889894354,-12.56502815684,-21.1));
#5689 = CARTESIAN_POINT('',(19.659212539811,-12.57441031862,
    -21.11129567273));
#5690 = CARTESIAN_POINT('',(19.681927475681,-12.58460930841,
    -21.12316752862));
#5691 = CARTESIAN_POINT('',(19.703994734458,-12.59560906048,
    -21.13556044603));
#5692 = CARTESIAN_POINT('',(19.725380800788,-12.60739210183,
    -21.14841523908));
#5693 = CARTESIAN_POINT('',(19.746058487706,-12.61993992128,
    -21.16166964833));
#5694 = CARTESIAN_POINT('',(19.76600681288,-12.63323333856,
    -21.17525933157));
#5695 = CARTESIAN_POINT('',(19.805818608794,-12.6622971303,
    -21.20399140415));
#5696 = CARTESIAN_POINT('',(19.825568826318,-12.67817715736,
    -21.21917432174));
#5697 = CARTESIAN_POINT('',(19.844443754083,-12.69486943206,
    -21.23458723834));
#5698 = CARTESIAN_POINT('',(19.862432503554,-12.71234930958,
    -21.25014756603));
#5699 = CARTESIAN_POINT('',(19.879530729892,-12.7305913994,
    -21.26577163214));
#5700 = CARTESIAN_POINT('',(19.895740290846,-12.7495699419,
    -21.28137581332));
#5701 = CARTESIAN_POINT('',(19.924204130345,-12.78613107034,
    -21.31016134655));
#5702 = CARTESIAN_POINT('',(19.936691978344,-12.80352417438,
    -21.3233693725));
#5703 = CARTESIAN_POINT('',(19.948537207371,-12.82142227084,
    -21.33644985869));
#5704 = CARTESIAN_POINT('',(19.959746845721,-12.83980792682,
    -21.34935056481));
#5705 = CARTESIAN_POINT('',(19.970330049865,-12.85866262553,
    -21.36201954561));
#5706 = CARTESIAN_POINT('',(19.980297962069,-12.87796688917,
    -21.37440579729));
#5707 = CARTESIAN_POINT('',(19.998530902605,-12.91638404709,
    -21.39787270512));
#5708 = CARTESIAN_POINT('',(20.006858119549,-12.93545208002,
    -21.40898751989));
#5709 = CARTESIAN_POINT('',(20.014656013423,-12.95488699348,
    -21.41976224259));
#5710 = CARTESIAN_POINT('',(20.021936513481,-12.97466975003,
    -21.43015559002));
#5711 = CARTESIAN_POINT('',(20.028712400954,-12.99477995778,
    -21.44012774389));
#5712 = CARTESIAN_POINT('',(20.034997026351,-13.01519604634,
    -21.44964099307));
#5713 = CARTESIAN_POINT('',(20.054510177895,-13.08475182882,
    -21.47994865145));
#5714 = CARTESIAN_POINT('',(20.065562493647,-13.1352116146,
    -21.49849652168));
#5715 = CARTESIAN_POINT('',(20.074121724341,-13.18693570238,
    -21.5138192422));
#5716 = CARTESIAN_POINT('',(20.08038098658,-13.23958190049,
    -21.52554445756));
#5717 = CARTESIAN_POINT('',(20.084505503004,-13.29284619341,
    -21.53344898716));
#5718 = CARTESIAN_POINT('',(20.086565085468,-13.34644281491,
    -21.5373961206));
#5719 = CARTESIAN_POINT('',(20.086565085468,-13.4,-21.5373961206));
#5720 = PCURVE('',#5642,#5721);
#5721 = DEFINITIONAL_REPRESENTATION('',(#5722),#5755);
#5722 = B_SPLINE_CURVE_WITH_KNOTS('',7,(#5723,#5724,#5725,#5726,#5727,
    #5728,#5729,#5730,#5731,#5732,#5733,#5734,#5735,#5736,#5737,#5738,
    #5739,#5740,#5741,#5742,#5743,#5744,#5745,#5746,#5747,#5748,#5749,
    #5750,#5751,#5752,#5753,#5754),.UNSPECIFIED.,.F.,.F.,(8,6,6,6,6,8),(
    0.,0.16897130843,0.350293144139,0.505669418253,0.652779324518,1.),
  .UNSPECIFIED.);
#5723 = CARTESIAN_POINT('',(1.188328637266,8.29336599395E-14));
#5724 = CARTESIAN_POINT('',(1.160396383443,-1.255074748699E-02));
#5725 = CARTESIAN_POINT('',(1.132751861104,-2.574172278917E-02));
#5726 = CARTESIAN_POINT('',(1.105385750117,-3.951481436149E-02));
#5727 = CARTESIAN_POINT('',(1.078280077962,-5.380908988602E-02));
#5728 = CARTESIAN_POINT('',(1.051409159771,-6.856156301171E-02));
#5729 = CARTESIAN_POINT('',(1.024740538374,-8.370796009427E-02));
#5730 = CARTESIAN_POINT('',(0.969794023094,-0.115790157983));
#5731 = CARTESIAN_POINT('',(0.941541651024,-0.132775413978));
#5732 = CARTESIAN_POINT('',(0.913430491057,-0.15005957469));
#5733 = CARTESIAN_POINT('',(0.885405964263,-0.167561285524));
#5734 = CARTESIAN_POINT('',(0.857408453482,-0.18519767197));
#5735 = CARTESIAN_POINT('',(0.829374526942,-0.202884494063));
#5736 = CARTESIAN_POINT('',(0.777127863452,-0.235662289145));
#5737 = CARTESIAN_POINT('',(0.752943248247,-0.25076196188));
#5738 = CARTESIAN_POINT('',(0.728642972969,-0.265781560141));
#5739 = CARTESIAN_POINT('',(0.704185839168,-0.280665428166));
#5740 = CARTESIAN_POINT('',(0.679531796595,-0.295356308803));
#5741 = CARTESIAN_POINT('',(0.654642946556,-0.30979563898));
#5742 = CARTESIAN_POINT('',(0.605664627627,-0.337300398966));
#5743 = CARTESIAN_POINT('',(0.581603611973,-0.350397755396));
#5744 = CARTESIAN_POINT('',(0.557272512435,-0.363165308953));
#5745 = CARTESIAN_POINT('',(0.532646073351,-0.375551004355));
#5746 = CARTESIAN_POINT('',(0.507703994251,-0.387502228123));
#5747 = CARTESIAN_POINT('',(0.482432154825,-0.39896670016));
#5748 = CARTESIAN_POINT('',(0.396381027927,-0.435683362423));
#5749 = CARTESIAN_POINT('',(0.334032477245,-0.458490625433));
#5750 = CARTESIAN_POINT('',(0.269744249268,-0.477615485809));
#5751 = CARTESIAN_POINT('',(0.203666844536,-0.492434571905));
#5752 = CARTESIAN_POINT('',(0.136229637636,-0.502483881467));
#5753 = CARTESIAN_POINT('',(6.808995984785E-02,-0.507502090744));
#5754 = CARTESIAN_POINT('',(0.,-0.507502090744));
#5755 = ( GEOMETRIC_REPRESENTATION_CONTEXT(2) 
PARAMETRIC_REPRESENTATION_CONTEXT() REPRESENTATION_CONTEXT('2D SPACE',''
  ) );
#5756 = PCURVE('',#5439,#5757);
#5757 = DEFINITIONAL_REPRESENTATION('',(#5758),#5791);
#5758 = B_SPLINE_CURVE_WITH_KNOTS('',7,(#5759,#5760,#5761,#5762,#5763,
    #5764,#5765,#5766,#5767,#5768,#5769,#5770,#5771,#5772,#5773,#5774,
    #5775,#5776,#5777,#5778,#5779,#5780,#5781,#5782,#5783,#5784,#5785,
    #5786,#5787,#5788,#5789,#5790),.UNSPECIFIED.,.F.,.F.,(8,6,6,6,6,8),(
    0.,0.16897130843,0.350293144139,0.505669418253,0.652779324518,1.),
  .UNSPECIFIED.);
#5759 = CARTESIAN_POINT('',(-1.119769514999,1.93497184316));
#5760 = CARTESIAN_POINT('',(-1.09385546449,1.925589681375));
#5761 = CARTESIAN_POINT('',(-1.068237222039,1.915390691582));
#5762 = CARTESIAN_POINT('',(-1.04294627758,1.904390939515));
#5763 = CARTESIAN_POINT('',(-1.018013192728,1.892607898168));
#5764 = CARTESIAN_POINT('',(-0.993467765053,1.880060078713));
#5765 = CARTESIAN_POINT('',(-0.969339192369,1.866766661436));
#5766 = CARTESIAN_POINT('',(-0.920242236372,1.837702869695));
#5767 = CARTESIAN_POINT('',(-0.895341976321,1.821822842633));
#5768 = CARTESIAN_POINT('',(-0.87098998717,1.805130567939));
#5769 = CARTESIAN_POINT('',(-0.847221621869,1.78765069042));
#5770 = CARTESIAN_POINT('',(-0.824072814025,1.769408600599));
#5771 = CARTESIAN_POINT('',(-0.801579835921,1.750430058098));
#5772 = CARTESIAN_POINT('',(-0.761097777151,1.713868929651));
#5773 = CARTESIAN_POINT('',(-0.742925486338,1.696475825619));
#5774 = CARTESIAN_POINT('',(-0.72528504703,1.678577729151));
#5775 = CARTESIAN_POINT('',(-0.70820067198,1.660192073173));
#5776 = CARTESIAN_POINT('',(-0.691697426687,1.641337374468));
#5777 = CARTESIAN_POINT('',(-0.675800732317,1.622033110826));
#5778 = CARTESIAN_POINT('',(-0.646083130068,1.583615952902));
#5779 = CARTESIAN_POINT('',(-0.632197091302,1.564547919975));
#5780 = CARTESIAN_POINT('',(-0.618899421031,1.545113006515));
#5781 = CARTESIAN_POINT('',(-0.606212241861,1.525330249967));
#5782 = CARTESIAN_POINT('',(-0.594157552855,1.505220042213));
#5783 = CARTESIAN_POINT('',(-0.582756652091,1.484803953655));
#5784 = CARTESIAN_POINT('',(-0.546710608763,1.415248171176));
#5785 = CARTESIAN_POINT('',(-0.525132442508,1.364788385395));
#5786 = CARTESIAN_POINT('',(-0.507588994119,1.313064297616));
#5787 = CARTESIAN_POINT('',(-0.494297965093,1.260418099503));
#5788 = CARTESIAN_POINT('',(-0.485382183583,1.207153806589));
#5789 = CARTESIAN_POINT('',(-0.480929998182,1.153557185087));
#5790 = CARTESIAN_POINT('',(-0.480929998182,1.1));
#5791 = ( GEOMETRIC_REPRESENTATION_CONTEXT(2) 
PARAMETRIC_REPRESENTATION_CONTEXT() REPRESENTATION_CONTEXT('2D SPACE',''
  ) );
#5792 = ORIENTED_EDGE('',*,*,#5793,.F.);
#5793 = EDGE_CURVE('',#5627,#5684,#5794,.T.);
#5794 = SURFACE_CURVE('',#5795,(#5800,#5807),.PCURVE_S1.);
#5795 = CIRCLE('',#5796,0.9);
#5796 = AXIS2_PLACEMENT_3D('',#5797,#5798,#5799);
#5797 = CARTESIAN_POINT('',(19.3,-13.4,-21.1));
#5798 = DIRECTION('',(0.,0.,1.));
#5799 = DIRECTION('',(1.,0.,-0.));
#5800 = PCURVE('',#5642,#5801);
#5801 = DEFINITIONAL_REPRESENTATION('',(#5802),#5806);
#5802 = LINE('',#5803,#5804);
#5803 = CARTESIAN_POINT('',(0.,0.));
#5804 = VECTOR('',#5805,1.);
#5805 = DIRECTION('',(1.,0.));
#5806 = ( GEOMETRIC_REPRESENTATION_CONTEXT(2) 
PARAMETRIC_REPRESENTATION_CONTEXT() REPRESENTATION_CONTEXT('2D SPACE',''
  ) );
#5807 = PCURVE('',#4805,#5808);
#5808 = DEFINITIONAL_REPRESENTATION('',(#5809),#5813);
#5809 = LINE('',#5810,#5811);
#5810 = CARTESIAN_POINT('',(0.,0.9));
#5811 = VECTOR('',#5812,1.);
#5812 = DIRECTION('',(1.,0.));
#5813 = ( GEOMETRIC_REPRESENTATION_CONTEXT(2) 
PARAMETRIC_REPRESENTATION_CONTEXT() REPRESENTATION_CONTEXT('2D SPACE',''
  ) );
#5814 = ADVANCED_FACE('',(#5815),#5667,.T.);
#5815 = FACE_BOUND('',#5816,.T.);
#5816 = EDGE_LOOP('',(#5817,#5840,#5841,#5864));
#5817 = ORIENTED_EDGE('',*,*,#5818,.F.);
#5818 = EDGE_CURVE('',#5583,#5819,#5821,.T.);
#5819 = VERTEX_POINT('',#5820);
#5820 = CARTESIAN_POINT('',(20.2,-13.6,-4.9));
#5821 = SURFACE_CURVE('',#5822,(#5826,#5833),.PCURVE_S1.);
#5822 = LINE('',#5823,#5824);
#5823 = CARTESIAN_POINT('',(20.2,-13.6,-22.));
#5824 = VECTOR('',#5825,1.);
#5825 = DIRECTION('',(0.,0.,1.));
#5826 = PCURVE('',#5667,#5827);
#5827 = DEFINITIONAL_REPRESENTATION('',(#5828),#5832);
#5828 = LINE('',#5829,#5830);
#5829 = CARTESIAN_POINT('',(0.,-0.9));
#5830 = VECTOR('',#5831,1.);
#5831 = DIRECTION('',(1.,0.));
#5832 = ( GEOMETRIC_REPRESENTATION_CONTEXT(2) 
PARAMETRIC_REPRESENTATION_CONTEXT() REPRESENTATION_CONTEXT('2D SPACE',''
  ) );
#5833 = PCURVE('',#4557,#5834);
#5834 = DEFINITIONAL_REPRESENTATION('',(#5835),#5839);
#5835 = LINE('',#5836,#5837);
#5836 = CARTESIAN_POINT('',(-0.,0.));
#5837 = VECTOR('',#5838,1.);
#5838 = DIRECTION('',(-0.,1.));
#5839 = ( GEOMETRIC_REPRESENTATION_CONTEXT(2) 
PARAMETRIC_REPRESENTATION_CONTEXT() REPRESENTATION_CONTEXT('2D SPACE',''
  ) );
#5840 = ORIENTED_EDGE('',*,*,#5653,.T.);
#5841 = ORIENTED_EDGE('',*,*,#5842,.T.);
#5842 = EDGE_CURVE('',#5627,#5843,#5845,.T.);
#5843 = VERTEX_POINT('',#5844);
#5844 = CARTESIAN_POINT('',(20.2,-13.4,-4.9));
#5845 = SURFACE_CURVE('',#5846,(#5850,#5857),.PCURVE_S1.);
#5846 = LINE('',#5847,#5848);
#5847 = CARTESIAN_POINT('',(20.2,-13.4,-22.));
#5848 = VECTOR('',#5849,1.);
#5849 = DIRECTION('',(0.,0.,1.));
#5850 = PCURVE('',#5667,#5851);
#5851 = DEFINITIONAL_REPRESENTATION('',(#5852),#5856);
#5852 = LINE('',#5853,#5854);
#5853 = CARTESIAN_POINT('',(0.,-1.1));
#5854 = VECTOR('',#5855,1.);
#5855 = DIRECTION('',(1.,0.));
#5856 = ( GEOMETRIC_REPRESENTATION_CONTEXT(2) 
PARAMETRIC_REPRESENTATION_CONTEXT() REPRESENTATION_CONTEXT('2D SPACE',''
  ) );
#5857 = PCURVE('',#4805,#5858);
#5858 = DEFINITIONAL_REPRESENTATION('',(#5859),#5863);
#5859 = LINE('',#5860,#5861);
#5860 = CARTESIAN_POINT('',(0.,0.));
#5861 = VECTOR('',#5862,1.);
#5862 = DIRECTION('',(0.,1.));
#5863 = ( GEOMETRIC_REPRESENTATION_CONTEXT(2) 
PARAMETRIC_REPRESENTATION_CONTEXT() REPRESENTATION_CONTEXT('2D SPACE',''
  ) );
#5864 = ORIENTED_EDGE('',*,*,#5865,.F.);
#5865 = EDGE_CURVE('',#5819,#5843,#5866,.T.);
#5866 = SURFACE_CURVE('',#5867,(#5871,#5878),.PCURVE_S1.);
#5867 = LINE('',#5868,#5869);
#5868 = CARTESIAN_POINT('',(20.2,-14.5,-4.9));
#5869 = VECTOR('',#5870,1.);
#5870 = DIRECTION('',(0.,1.,0.));
#5871 = PCURVE('',#5667,#5872);
#5872 = DEFINITIONAL_REPRESENTATION('',(#5873),#5877);
#5873 = LINE('',#5874,#5875);
#5874 = CARTESIAN_POINT('',(17.1,0.));
#5875 = VECTOR('',#5876,1.);
#5876 = DIRECTION('',(0.,-1.));
#5877 = ( GEOMETRIC_REPRESENTATION_CONTEXT(2) 
PARAMETRIC_REPRESENTATION_CONTEXT() REPRESENTATION_CONTEXT('2D SPACE',''
  ) );
#5878 = PCURVE('',#4657,#5879);
#5879 = DEFINITIONAL_REPRESENTATION('',(#5880),#5884);
#5880 = LINE('',#5881,#5882);
#5881 = CARTESIAN_POINT('',(-0.,0.));
#5882 = VECTOR('',#5883,1.);
#5883 = DIRECTION('',(-0.,1.));
#5884 = ( GEOMETRIC_REPRESENTATION_CONTEXT(2) 
PARAMETRIC_REPRESENTATION_CONTEXT() REPRESENTATION_CONTEXT('2D SPACE',''
  ) );
#5885 = ADVANCED_FACE('',(#5886),#5506,.T.);
#5886 = FACE_BOUND('',#5887,.F.);
#5887 = EDGE_LOOP('',(#5888,#5889,#5890,#5910));
#5888 = ORIENTED_EDGE('',*,*,#5582,.F.);
#5889 = ORIENTED_EDGE('',*,*,#5484,.F.);
#5890 = ORIENTED_EDGE('',*,*,#5891,.T.);
#5891 = EDGE_CURVE('',#5485,#4927,#5892,.T.);
#5892 = SURFACE_CURVE('',#5893,(#5898,#5904),.PCURVE_S1.);
#5893 = CIRCLE('',#5894,0.9);
#5894 = AXIS2_PLACEMENT_3D('',#5895,#5896,#5897);
#5895 = CARTESIAN_POINT('',(19.3,-13.6,-21.1));
#5896 = DIRECTION('',(-1.,-6.123233995737E-17,0.));
#5897 = DIRECTION('',(6.123233995737E-17,-1.,-0.));
#5898 = PCURVE('',#5506,#5899);
#5899 = DEFINITIONAL_REPRESENTATION('',(#5900),#5903);
#5900 = B_SPLINE_CURVE_WITH_KNOTS('',1,(#5901,#5902),.UNSPECIFIED.,.F.,
  .F.,(2,2),(4.712388980385,6.28318530718),.PIECEWISE_BEZIER_KNOTS.);
#5901 = CARTESIAN_POINT('',(-1.570796326795,-1.570796326795));
#5902 = CARTESIAN_POINT('',(-1.570796326795,0.));
#5903 = ( GEOMETRIC_REPRESENTATION_CONTEXT(2) 
PARAMETRIC_REPRESENTATION_CONTEXT() REPRESENTATION_CONTEXT('2D SPACE',''
  ) );
#5904 = PCURVE('',#4942,#5905);
#5905 = DEFINITIONAL_REPRESENTATION('',(#5906),#5909);
#5906 = B_SPLINE_CURVE_WITH_KNOTS('',1,(#5907,#5908),.UNSPECIFIED.,.F.,
  .F.,(2,2),(4.712388980385,6.28318530718),.PIECEWISE_BEZIER_KNOTS.);
#5907 = CARTESIAN_POINT('',(1.570796326795,3.2));
#5908 = CARTESIAN_POINT('',(0.,3.2));
#5909 = ( GEOMETRIC_REPRESENTATION_CONTEXT(2) 
PARAMETRIC_REPRESENTATION_CONTEXT() REPRESENTATION_CONTEXT('2D SPACE',''
  ) );
#5910 = ORIENTED_EDGE('',*,*,#5911,.F.);
#5911 = EDGE_CURVE('',#5583,#4927,#5912,.T.);
#5912 = SURFACE_CURVE('',#5913,(#5918,#5925),.PCURVE_S1.);
#5913 = CIRCLE('',#5914,0.9);
#5914 = AXIS2_PLACEMENT_3D('',#5915,#5916,#5917);
#5915 = CARTESIAN_POINT('',(19.3,-13.6,-21.1));
#5916 = DIRECTION('',(0.,-0.,-1.));
#5917 = DIRECTION('',(1.,0.,-0.));
#5918 = PCURVE('',#5506,#5919);
#5919 = DEFINITIONAL_REPRESENTATION('',(#5920),#5924);
#5920 = LINE('',#5921,#5922);
#5921 = CARTESIAN_POINT('',(-0.,0.));
#5922 = VECTOR('',#5923,1.);
#5923 = DIRECTION('',(-1.,0.));
#5924 = ( GEOMETRIC_REPRESENTATION_CONTEXT(2) 
PARAMETRIC_REPRESENTATION_CONTEXT() REPRESENTATION_CONTEXT('2D SPACE',''
  ) );
#5925 = PCURVE('',#4557,#5926);
#5926 = DEFINITIONAL_REPRESENTATION('',(#5927),#5931);
#5927 = LINE('',#5928,#5929);
#5928 = CARTESIAN_POINT('',(-0.,0.9));
#5929 = VECTOR('',#5930,1.);
#5930 = DIRECTION('',(-1.,0.));
#5931 = ( GEOMETRIC_REPRESENTATION_CONTEXT(2) 
PARAMETRIC_REPRESENTATION_CONTEXT() REPRESENTATION_CONTEXT('2D SPACE',''
  ) );
#5932 = ADVANCED_FACE('',(#5933),#5567,.T.);
#5933 = FACE_BOUND('',#5934,.F.);
#5934 = EDGE_LOOP('',(#5935,#5963,#5992,#6013));
#5935 = ORIENTED_EDGE('',*,*,#5936,.F.);
#5936 = EDGE_CURVE('',#5937,#5424,#5939,.T.);
#5937 = VERTEX_POINT('',#5938);
#5938 = CARTESIAN_POINT('',(20.2,-13.5,-36.4));
#5939 = SURFACE_CURVE('',#5940,(#5944,#5951),.PCURVE_S1.);
#5940 = LINE('',#5941,#5942);
#5941 = CARTESIAN_POINT('',(20.2,-13.5,-37.4));
#5942 = VECTOR('',#5943,1.);
#5943 = DIRECTION('',(0.,0.,1.));
#5944 = PCURVE('',#5567,#5945);
#5945 = DEFINITIONAL_REPRESENTATION('',(#5946),#5950);
#5946 = LINE('',#5947,#5948);
#5947 = CARTESIAN_POINT('',(-0.,0.));
#5948 = VECTOR('',#5949,1.);
#5949 = DIRECTION('',(-0.,1.));
#5950 = ( GEOMETRIC_REPRESENTATION_CONTEXT(2) 
PARAMETRIC_REPRESENTATION_CONTEXT() REPRESENTATION_CONTEXT('2D SPACE',''
  ) );
#5951 = PCURVE('',#5952,#5957);
#5952 = PLANE('',#5953);
#5953 = AXIS2_PLACEMENT_3D('',#5954,#5955,#5956);
#5954 = CARTESIAN_POINT('',(20.2,-14.5,-37.4));
#5955 = DIRECTION('',(1.,0.,0.));
#5956 = DIRECTION('',(0.,0.,1.));
#5957 = DEFINITIONAL_REPRESENTATION('',(#5958),#5962);
#5958 = LINE('',#5959,#5960);
#5959 = CARTESIAN_POINT('',(0.,-1.));
#5960 = VECTOR('',#5961,1.);
#5961 = DIRECTION('',(1.,0.));
#5962 = ( GEOMETRIC_REPRESENTATION_CONTEXT(2) 
PARAMETRIC_REPRESENTATION_CONTEXT() REPRESENTATION_CONTEXT('2D SPACE',''
  ) );
#5963 = ORIENTED_EDGE('',*,*,#5964,.T.);
#5964 = EDGE_CURVE('',#5937,#5965,#5967,.T.);
#5965 = VERTEX_POINT('',#5966);
#5966 = CARTESIAN_POINT('',(19.2,-14.5,-36.4));
#5967 = SURFACE_CURVE('',#5968,(#5973,#5980),.PCURVE_S1.);
#5968 = CIRCLE('',#5969,1.);
#5969 = AXIS2_PLACEMENT_3D('',#5970,#5971,#5972);
#5970 = CARTESIAN_POINT('',(19.2,-13.5,-36.4));
#5971 = DIRECTION('',(0.,-0.,-1.));
#5972 = DIRECTION('',(1.,0.,-0.));
#5973 = PCURVE('',#5567,#5974);
#5974 = DEFINITIONAL_REPRESENTATION('',(#5975),#5979);
#5975 = LINE('',#5976,#5977);
#5976 = CARTESIAN_POINT('',(-0.,1.));
#5977 = VECTOR('',#5978,1.);
#5978 = DIRECTION('',(-1.,0.));
#5979 = ( GEOMETRIC_REPRESENTATION_CONTEXT(2) 
PARAMETRIC_REPRESENTATION_CONTEXT() REPRESENTATION_CONTEXT('2D SPACE',''
  ) );
#5980 = PCURVE('',#5981,#5986);
#5981 = SPHERICAL_SURFACE('',#5982,1.);
#5982 = AXIS2_PLACEMENT_3D('',#5983,#5984,#5985);
#5983 = CARTESIAN_POINT('',(19.2,-13.5,-36.4));
#5984 = DIRECTION('',(0.,0.,1.));
#5985 = DIRECTION('',(1.,0.,-0.));
#5986 = DEFINITIONAL_REPRESENTATION('',(#5987),#5991);
#5987 = LINE('',#5988,#5989);
#5988 = CARTESIAN_POINT('',(-0.,0.));
#5989 = VECTOR('',#5990,1.);
#5990 = DIRECTION('',(-1.,0.));
#5991 = ( GEOMETRIC_REPRESENTATION_CONTEXT(2) 
PARAMETRIC_REPRESENTATION_CONTEXT() REPRESENTATION_CONTEXT('2D SPACE',''
  ) );
#5992 = ORIENTED_EDGE('',*,*,#5993,.T.);
#5993 = EDGE_CURVE('',#5965,#5366,#5994,.T.);
#5994 = SURFACE_CURVE('',#5995,(#5999,#6006),.PCURVE_S1.);
#5995 = LINE('',#5996,#5997);
#5996 = CARTESIAN_POINT('',(19.2,-14.5,-37.4));
#5997 = VECTOR('',#5998,1.);
#5998 = DIRECTION('',(0.,0.,1.));
#5999 = PCURVE('',#5567,#6000);
#6000 = DEFINITIONAL_REPRESENTATION('',(#6001),#6005);
#6001 = LINE('',#6002,#6003);
#6002 = CARTESIAN_POINT('',(-1.570796326795,0.));
#6003 = VECTOR('',#6004,1.);
#6004 = DIRECTION('',(-0.,1.));
#6005 = ( GEOMETRIC_REPRESENTATION_CONTEXT(2) 
PARAMETRIC_REPRESENTATION_CONTEXT() REPRESENTATION_CONTEXT('2D SPACE',''
  ) );
#6006 = PCURVE('',#5406,#6007);
#6007 = DEFINITIONAL_REPRESENTATION('',(#6008),#6012);
#6008 = LINE('',#6009,#6010);
#6009 = CARTESIAN_POINT('',(0.,3.1));
#6010 = VECTOR('',#6011,1.);
#6011 = DIRECTION('',(1.,0.));
#6012 = ( GEOMETRIC_REPRESENTATION_CONTEXT(2) 
PARAMETRIC_REPRESENTATION_CONTEXT() REPRESENTATION_CONTEXT('2D SPACE',''
  ) );
#6013 = ORIENTED_EDGE('',*,*,#5552,.F.);
#6014 = ADVANCED_FACE('',(#6015),#5981,.T.);
#6015 = FACE_BOUND('',#6016,.F.);
#6016 = EDGE_LOOP('',(#6017,#6044,#6069));
#6017 = ORIENTED_EDGE('',*,*,#6018,.F.);
#6018 = EDGE_CURVE('',#6019,#5937,#6021,.T.);
#6019 = VERTEX_POINT('',#6020);
#6020 = CARTESIAN_POINT('',(19.2,-13.5,-37.4));
#6021 = SURFACE_CURVE('',#6022,(#6027,#6033),.PCURVE_S1.);
#6022 = CIRCLE('',#6023,1.);
#6023 = AXIS2_PLACEMENT_3D('',#6024,#6025,#6026);
#6024 = CARTESIAN_POINT('',(19.2,-13.5,-36.4));
#6025 = DIRECTION('',(0.,-1.,0.));
#6026 = DIRECTION('',(1.,0.,0.));
#6027 = PCURVE('',#5981,#6028);
#6028 = DEFINITIONAL_REPRESENTATION('',(#6029),#6032);
#6029 = B_SPLINE_CURVE_WITH_KNOTS('',1,(#6030,#6031),.UNSPECIFIED.,.F.,
  .F.,(2,2),(4.712388980385,6.28318530718),.PIECEWISE_BEZIER_KNOTS.);
#6030 = CARTESIAN_POINT('',(0.,-1.570796326795));
#6031 = CARTESIAN_POINT('',(0.,0.));
#6032 = ( GEOMETRIC_REPRESENTATION_CONTEXT(2) 
PARAMETRIC_REPRESENTATION_CONTEXT() REPRESENTATION_CONTEXT('2D SPACE',''
  ) );
#6033 = PCURVE('',#6034,#6039);
#6034 = CYLINDRICAL_SURFACE('',#6035,1.);
#6035 = AXIS2_PLACEMENT_3D('',#6036,#6037,#6038);
#6036 = CARTESIAN_POINT('',(19.2,-14.5,-36.4));
#6037 = DIRECTION('',(0.,1.,0.));
#6038 = DIRECTION('',(1.,0.,-0.));
#6039 = DEFINITIONAL_REPRESENTATION('',(#6040),#6043);
#6040 = B_SPLINE_CURVE_WITH_KNOTS('',1,(#6041,#6042),.UNSPECIFIED.,.F.,
  .F.,(2,2),(4.712388980385,6.28318530718),.PIECEWISE_BEZIER_KNOTS.);
#6041 = CARTESIAN_POINT('',(1.570796326795,1.));
#6042 = CARTESIAN_POINT('',(0.,1.));
#6043 = ( GEOMETRIC_REPRESENTATION_CONTEXT(2) 
PARAMETRIC_REPRESENTATION_CONTEXT() REPRESENTATION_CONTEXT('2D SPACE',''
  ) );
#6044 = ORIENTED_EDGE('',*,*,#6045,.T.);
#6045 = EDGE_CURVE('',#6019,#5965,#6046,.T.);
#6046 = SURFACE_CURVE('',#6047,(#6052,#6058),.PCURVE_S1.);
#6047 = CIRCLE('',#6048,1.);
#6048 = AXIS2_PLACEMENT_3D('',#6049,#6050,#6051);
#6049 = CARTESIAN_POINT('',(19.2,-13.5,-36.4));
#6050 = DIRECTION('',(-1.,-6.123233995737E-17,0.));
#6051 = DIRECTION('',(6.123233995737E-17,-1.,-0.));
#6052 = PCURVE('',#5981,#6053);
#6053 = DEFINITIONAL_REPRESENTATION('',(#6054),#6057);
#6054 = B_SPLINE_CURVE_WITH_KNOTS('',1,(#6055,#6056),.UNSPECIFIED.,.F.,
  .F.,(2,2),(4.712388980385,6.28318530718),.PIECEWISE_BEZIER_KNOTS.);
#6055 = CARTESIAN_POINT('',(-1.570796326795,-1.570796326795));
#6056 = CARTESIAN_POINT('',(-1.570796326795,0.));
#6057 = ( GEOMETRIC_REPRESENTATION_CONTEXT(2) 
PARAMETRIC_REPRESENTATION_CONTEXT() REPRESENTATION_CONTEXT('2D SPACE',''
  ) );
#6058 = PCURVE('',#6059,#6064);
#6059 = CYLINDRICAL_SURFACE('',#6060,1.);
#6060 = AXIS2_PLACEMENT_3D('',#6061,#6062,#6063);
#6061 = CARTESIAN_POINT('',(16.1,-13.5,-36.4));
#6062 = DIRECTION('',(1.,0.,0.));
#6063 = DIRECTION('',(0.,-1.,0.));
#6064 = DEFINITIONAL_REPRESENTATION('',(#6065),#6068);
#6065 = B_SPLINE_CURVE_WITH_KNOTS('',1,(#6066,#6067),.UNSPECIFIED.,.F.,
  .F.,(2,2),(4.712388980385,6.28318530718),.PIECEWISE_BEZIER_KNOTS.);
#6066 = CARTESIAN_POINT('',(1.570796326795,3.1));
#6067 = CARTESIAN_POINT('',(0.,3.1));
#6068 = ( GEOMETRIC_REPRESENTATION_CONTEXT(2) 
PARAMETRIC_REPRESENTATION_CONTEXT() REPRESENTATION_CONTEXT('2D SPACE',''
  ) );
#6069 = ORIENTED_EDGE('',*,*,#5964,.F.);
#6070 = ADVANCED_FACE('',(#6071),#6059,.T.);
#6071 = FACE_BOUND('',#6072,.T.);
#6072 = EDGE_LOOP('',(#6073,#6102,#6128,#6129));
#6073 = ORIENTED_EDGE('',*,*,#6074,.F.);
#6074 = EDGE_CURVE('',#6075,#6077,#6079,.T.);
#6075 = VERTEX_POINT('',#6076);
#6076 = CARTESIAN_POINT('',(17.1,-13.5,-37.4));
#6077 = VERTEX_POINT('',#6078);
#6078 = CARTESIAN_POINT('',(17.1,-14.5,-36.4));
#6079 = SURFACE_CURVE('',#6080,(#6085,#6091),.PCURVE_S1.);
#6080 = CIRCLE('',#6081,1.);
#6081 = AXIS2_PLACEMENT_3D('',#6082,#6083,#6084);
#6082 = CARTESIAN_POINT('',(17.1,-13.5,-36.4));
#6083 = DIRECTION('',(-1.,6.123233995737E-17,0.));
#6084 = DIRECTION('',(-6.123233995737E-17,-1.,0.));
#6085 = PCURVE('',#6059,#6086);
#6086 = DEFINITIONAL_REPRESENTATION('',(#6087),#6090);
#6087 = B_SPLINE_CURVE_WITH_KNOTS('',1,(#6088,#6089),.UNSPECIFIED.,.F.,
  .F.,(2,2),(4.712388980385,6.28318530718),.PIECEWISE_BEZIER_KNOTS.);
#6088 = CARTESIAN_POINT('',(1.570796326795,1.));
#6089 = CARTESIAN_POINT('',(0.,1.));
#6090 = ( GEOMETRIC_REPRESENTATION_CONTEXT(2) 
PARAMETRIC_REPRESENTATION_CONTEXT() REPRESENTATION_CONTEXT('2D SPACE',''
  ) );
#6091 = PCURVE('',#6092,#6097);
#6092 = SPHERICAL_SURFACE('',#6093,1.);
#6093 = AXIS2_PLACEMENT_3D('',#6094,#6095,#6096);
#6094 = CARTESIAN_POINT('',(17.1,-13.5,-36.4));
#6095 = DIRECTION('',(0.,0.,1.));
#6096 = DIRECTION('',(-1.,0.,0.));
#6097 = DEFINITIONAL_REPRESENTATION('',(#6098),#6101);
#6098 = B_SPLINE_CURVE_WITH_KNOTS('',1,(#6099,#6100),.UNSPECIFIED.,.F.,
  .F.,(2,2),(4.712388980385,6.28318530718),.PIECEWISE_BEZIER_KNOTS.);
#6099 = CARTESIAN_POINT('',(1.570796326795,-1.570796326795));
#6100 = CARTESIAN_POINT('',(1.570796326795,0.));
#6101 = ( GEOMETRIC_REPRESENTATION_CONTEXT(2) 
PARAMETRIC_REPRESENTATION_CONTEXT() REPRESENTATION_CONTEXT('2D SPACE',''
  ) );
#6102 = ORIENTED_EDGE('',*,*,#6103,.T.);
#6103 = EDGE_CURVE('',#6075,#6019,#6104,.T.);
#6104 = SURFACE_CURVE('',#6105,(#6109,#6116),.PCURVE_S1.);
#6105 = LINE('',#6106,#6107);
#6106 = CARTESIAN_POINT('',(16.1,-13.5,-37.4));
#6107 = VECTOR('',#6108,1.);
#6108 = DIRECTION('',(1.,0.,0.));
#6109 = PCURVE('',#6059,#6110);
#6110 = DEFINITIONAL_REPRESENTATION('',(#6111),#6115);
#6111 = LINE('',#6112,#6113);
#6112 = CARTESIAN_POINT('',(1.570796326795,0.));
#6113 = VECTOR('',#6114,1.);
#6114 = DIRECTION('',(0.,1.));
#6115 = ( GEOMETRIC_REPRESENTATION_CONTEXT(2) 
PARAMETRIC_REPRESENTATION_CONTEXT() REPRESENTATION_CONTEXT('2D SPACE',''
  ) );
#6116 = PCURVE('',#6117,#6122);
#6117 = PLANE('',#6118);
#6118 = AXIS2_PLACEMENT_3D('',#6119,#6120,#6121);
#6119 = CARTESIAN_POINT('',(16.1,-14.5,-37.4));
#6120 = DIRECTION('',(0.,0.,1.));
#6121 = DIRECTION('',(1.,0.,0.));
#6122 = DEFINITIONAL_REPRESENTATION('',(#6123),#6127);
#6123 = LINE('',#6124,#6125);
#6124 = CARTESIAN_POINT('',(0.,1.));
#6125 = VECTOR('',#6126,1.);
#6126 = DIRECTION('',(1.,0.));
#6127 = ( GEOMETRIC_REPRESENTATION_CONTEXT(2) 
PARAMETRIC_REPRESENTATION_CONTEXT() REPRESENTATION_CONTEXT('2D SPACE',''
  ) );
#6128 = ORIENTED_EDGE('',*,*,#6045,.T.);
#6129 = ORIENTED_EDGE('',*,*,#6130,.F.);
#6130 = EDGE_CURVE('',#6077,#5965,#6131,.T.);
#6131 = SURFACE_CURVE('',#6132,(#6136,#6143),.PCURVE_S1.);
#6132 = LINE('',#6133,#6134);
#6133 = CARTESIAN_POINT('',(16.1,-14.5,-36.4));
#6134 = VECTOR('',#6135,1.);
#6135 = DIRECTION('',(1.,0.,0.));
#6136 = PCURVE('',#6059,#6137);
#6137 = DEFINITIONAL_REPRESENTATION('',(#6138),#6142);
#6138 = LINE('',#6139,#6140);
#6139 = CARTESIAN_POINT('',(0.,0.));
#6140 = VECTOR('',#6141,1.);
#6141 = DIRECTION('',(0.,1.));
#6142 = ( GEOMETRIC_REPRESENTATION_CONTEXT(2) 
PARAMETRIC_REPRESENTATION_CONTEXT() REPRESENTATION_CONTEXT('2D SPACE',''
  ) );
#6143 = PCURVE('',#5406,#6144);
#6144 = DEFINITIONAL_REPRESENTATION('',(#6145),#6149);
#6145 = LINE('',#6146,#6147);
#6146 = CARTESIAN_POINT('',(1.,0.));
#6147 = VECTOR('',#6148,1.);
#6148 = DIRECTION('',(0.,1.));
#6149 = ( GEOMETRIC_REPRESENTATION_CONTEXT(2) 
PARAMETRIC_REPRESENTATION_CONTEXT() REPRESENTATION_CONTEXT('2D SPACE',''
  ) );
#6150 = ADVANCED_FACE('',(#6151),#6117,.F.);
#6151 = FACE_BOUND('',#6152,.F.);
#6152 = EDGE_LOOP('',(#6153,#6181,#6182,#6205));
#6153 = ORIENTED_EDGE('',*,*,#6154,.F.);
#6154 = EDGE_CURVE('',#6075,#6155,#6157,.T.);
#6155 = VERTEX_POINT('',#6156);
#6156 = CARTESIAN_POINT('',(17.1,25.,-37.4));
#6157 = SURFACE_CURVE('',#6158,(#6162,#6169),.PCURVE_S1.);
#6158 = LINE('',#6159,#6160);
#6159 = CARTESIAN_POINT('',(17.1,-14.5,-37.4));
#6160 = VECTOR('',#6161,1.);
#6161 = DIRECTION('',(0.,1.,0.));
#6162 = PCURVE('',#6117,#6163);
#6163 = DEFINITIONAL_REPRESENTATION('',(#6164),#6168);
#6164 = LINE('',#6165,#6166);
#6165 = CARTESIAN_POINT('',(1.,0.));
#6166 = VECTOR('',#6167,1.);
#6167 = DIRECTION('',(0.,1.));
#6168 = ( GEOMETRIC_REPRESENTATION_CONTEXT(2) 
PARAMETRIC_REPRESENTATION_CONTEXT() REPRESENTATION_CONTEXT('2D SPACE',''
  ) );
#6169 = PCURVE('',#6170,#6175);
#6170 = CYLINDRICAL_SURFACE('',#6171,1.);
#6171 = AXIS2_PLACEMENT_3D('',#6172,#6173,#6174);
#6172 = CARTESIAN_POINT('',(17.1,-14.5,-36.4));
#6173 = DIRECTION('',(0.,1.,0.));
#6174 = DIRECTION('',(-1.,0.,0.));
#6175 = DEFINITIONAL_REPRESENTATION('',(#6176),#6180);
#6176 = LINE('',#6177,#6178);
#6177 = CARTESIAN_POINT('',(-1.570796326795,0.));
#6178 = VECTOR('',#6179,1.);
#6179 = DIRECTION('',(-0.,1.));
#6180 = ( GEOMETRIC_REPRESENTATION_CONTEXT(2) 
PARAMETRIC_REPRESENTATION_CONTEXT() REPRESENTATION_CONTEXT('2D SPACE',''
  ) );
#6181 = ORIENTED_EDGE('',*,*,#6103,.T.);
#6182 = ORIENTED_EDGE('',*,*,#6183,.T.);
#6183 = EDGE_CURVE('',#6019,#6184,#6186,.T.);
#6184 = VERTEX_POINT('',#6185);
#6185 = CARTESIAN_POINT('',(19.2,25.,-37.4));
#6186 = SURFACE_CURVE('',#6187,(#6191,#6198),.PCURVE_S1.);
#6187 = LINE('',#6188,#6189);
#6188 = CARTESIAN_POINT('',(19.2,-14.5,-37.4));
#6189 = VECTOR('',#6190,1.);
#6190 = DIRECTION('',(0.,1.,0.));
#6191 = PCURVE('',#6117,#6192);
#6192 = DEFINITIONAL_REPRESENTATION('',(#6193),#6197);
#6193 = LINE('',#6194,#6195);
#6194 = CARTESIAN_POINT('',(3.1,0.));
#6195 = VECTOR('',#6196,1.);
#6196 = DIRECTION('',(0.,1.));
#6197 = ( GEOMETRIC_REPRESENTATION_CONTEXT(2) 
PARAMETRIC_REPRESENTATION_CONTEXT() REPRESENTATION_CONTEXT('2D SPACE',''
  ) );
#6198 = PCURVE('',#6034,#6199);
#6199 = DEFINITIONAL_REPRESENTATION('',(#6200),#6204);
#6200 = LINE('',#6201,#6202);
#6201 = CARTESIAN_POINT('',(1.570796326795,0.));
#6202 = VECTOR('',#6203,1.);
#6203 = DIRECTION('',(0.,1.));
#6204 = ( GEOMETRIC_REPRESENTATION_CONTEXT(2) 
PARAMETRIC_REPRESENTATION_CONTEXT() REPRESENTATION_CONTEXT('2D SPACE',''
  ) );
#6205 = ORIENTED_EDGE('',*,*,#6206,.F.);
#6206 = EDGE_CURVE('',#6155,#6184,#6207,.T.);
#6207 = SURFACE_CURVE('',#6208,(#6212,#6219),.PCURVE_S1.);
#6208 = LINE('',#6209,#6210);
#6209 = CARTESIAN_POINT('',(16.1,25.,-37.4));
#6210 = VECTOR('',#6211,1.);
#6211 = DIRECTION('',(1.,0.,0.));
#6212 = PCURVE('',#6117,#6213);
#6213 = DEFINITIONAL_REPRESENTATION('',(#6214),#6218);
#6214 = LINE('',#6215,#6216);
#6215 = CARTESIAN_POINT('',(0.,39.5));
#6216 = VECTOR('',#6217,1.);
#6217 = DIRECTION('',(1.,0.));
#6218 = ( GEOMETRIC_REPRESENTATION_CONTEXT(2) 
PARAMETRIC_REPRESENTATION_CONTEXT() REPRESENTATION_CONTEXT('2D SPACE',''
  ) );
#6219 = PCURVE('',#6220,#6225);
#6220 = CYLINDRICAL_SURFACE('',#6221,1.);
#6221 = AXIS2_PLACEMENT_3D('',#6222,#6223,#6224);
#6222 = CARTESIAN_POINT('',(16.1,25.,-36.4));
#6223 = DIRECTION('',(1.,0.,0.));
#6224 = DIRECTION('',(-0.,1.,0.));
#6225 = DEFINITIONAL_REPRESENTATION('',(#6226),#6230);
#6226 = LINE('',#6227,#6228);
#6227 = CARTESIAN_POINT('',(-1.570796326795,0.));
#6228 = VECTOR('',#6229,1.);
#6229 = DIRECTION('',(-0.,1.));
#6230 = ( GEOMETRIC_REPRESENTATION_CONTEXT(2) 
PARAMETRIC_REPRESENTATION_CONTEXT() REPRESENTATION_CONTEXT('2D SPACE',''
  ) );
#6231 = ADVANCED_FACE('',(#6232),#6220,.T.);
#6232 = FACE_BOUND('',#6233,.F.);
#6233 = EDGE_LOOP('',(#6234,#6261,#6262,#6289));
#6234 = ORIENTED_EDGE('',*,*,#6235,.F.);
#6235 = EDGE_CURVE('',#6155,#6236,#6238,.T.);
#6236 = VERTEX_POINT('',#6237);
#6237 = CARTESIAN_POINT('',(17.1,26.,-36.4));
#6238 = SURFACE_CURVE('',#6239,(#6244,#6250),.PCURVE_S1.);
#6239 = CIRCLE('',#6240,1.);
#6240 = AXIS2_PLACEMENT_3D('',#6241,#6242,#6243);
#6241 = CARTESIAN_POINT('',(17.1,25.,-36.4));
#6242 = DIRECTION('',(1.,6.123233995737E-17,-0.));
#6243 = DIRECTION('',(-6.123233995737E-17,1.,0.));
#6244 = PCURVE('',#6220,#6245);
#6245 = DEFINITIONAL_REPRESENTATION('',(#6246),#6249);
#6246 = B_SPLINE_CURVE_WITH_KNOTS('',1,(#6247,#6248),.UNSPECIFIED.,.F.,
  .F.,(2,2),(4.712388980385,6.28318530718),.PIECEWISE_BEZIER_KNOTS.);
#6247 = CARTESIAN_POINT('',(-1.570796326795,1.));
#6248 = CARTESIAN_POINT('',(0.,1.));
#6249 = ( GEOMETRIC_REPRESENTATION_CONTEXT(2) 
PARAMETRIC_REPRESENTATION_CONTEXT() REPRESENTATION_CONTEXT('2D SPACE',''
  ) );
#6250 = PCURVE('',#6251,#6256);
#6251 = SPHERICAL_SURFACE('',#6252,1.);
#6252 = AXIS2_PLACEMENT_3D('',#6253,#6254,#6255);
#6253 = CARTESIAN_POINT('',(17.1,25.,-36.4));
#6254 = DIRECTION('',(0.,0.,1.));
#6255 = DIRECTION('',(-1.,0.,0.));
#6256 = DEFINITIONAL_REPRESENTATION('',(#6257),#6260);
#6257 = B_SPLINE_CURVE_WITH_KNOTS('',1,(#6258,#6259),.UNSPECIFIED.,.F.,
  .F.,(2,2),(4.712388980385,6.28318530718),.PIECEWISE_BEZIER_KNOTS.);
#6258 = CARTESIAN_POINT('',(-1.570796326795,-1.570796326795));
#6259 = CARTESIAN_POINT('',(-1.570796326795,0.));
#6260 = ( GEOMETRIC_REPRESENTATION_CONTEXT(2) 
PARAMETRIC_REPRESENTATION_CONTEXT() REPRESENTATION_CONTEXT('2D SPACE',''
  ) );
#6261 = ORIENTED_EDGE('',*,*,#6206,.T.);
#6262 = ORIENTED_EDGE('',*,*,#6263,.T.);
#6263 = EDGE_CURVE('',#6184,#6264,#6266,.T.);
#6264 = VERTEX_POINT('',#6265);
#6265 = CARTESIAN_POINT('',(19.2,26.,-36.4));
#6266 = SURFACE_CURVE('',#6267,(#6272,#6278),.PCURVE_S1.);
#6267 = CIRCLE('',#6268,1.);
#6268 = AXIS2_PLACEMENT_3D('',#6269,#6270,#6271);
#6269 = CARTESIAN_POINT('',(19.2,25.,-36.4));
#6270 = DIRECTION('',(1.,-6.123233995737E-17,0.));
#6271 = DIRECTION('',(6.123233995737E-17,1.,0.));
#6272 = PCURVE('',#6220,#6273);
#6273 = DEFINITIONAL_REPRESENTATION('',(#6274),#6277);
#6274 = B_SPLINE_CURVE_WITH_KNOTS('',1,(#6275,#6276),.UNSPECIFIED.,.F.,
  .F.,(2,2),(4.712388980385,6.28318530718),.PIECEWISE_BEZIER_KNOTS.);
#6275 = CARTESIAN_POINT('',(-1.570796326795,3.1));
#6276 = CARTESIAN_POINT('',(0.,3.1));
#6277 = ( GEOMETRIC_REPRESENTATION_CONTEXT(2) 
PARAMETRIC_REPRESENTATION_CONTEXT() REPRESENTATION_CONTEXT('2D SPACE',''
  ) );
#6278 = PCURVE('',#6279,#6284);
#6279 = SPHERICAL_SURFACE('',#6280,1.);
#6280 = AXIS2_PLACEMENT_3D('',#6281,#6282,#6283);
#6281 = CARTESIAN_POINT('',(19.2,25.,-36.4));
#6282 = DIRECTION('',(0.,0.,1.));
#6283 = DIRECTION('',(1.,0.,-0.));
#6284 = DEFINITIONAL_REPRESENTATION('',(#6285),#6288);
#6285 = B_SPLINE_CURVE_WITH_KNOTS('',1,(#6286,#6287),.UNSPECIFIED.,.F.,
  .F.,(2,2),(4.712388980385,6.28318530718),.PIECEWISE_BEZIER_KNOTS.);
#6286 = CARTESIAN_POINT('',(1.570796326795,-1.570796326795));
#6287 = CARTESIAN_POINT('',(1.570796326795,0.));
#6288 = ( GEOMETRIC_REPRESENTATION_CONTEXT(2) 
PARAMETRIC_REPRESENTATION_CONTEXT() REPRESENTATION_CONTEXT('2D SPACE',''
  ) );
#6289 = ORIENTED_EDGE('',*,*,#6290,.F.);
#6290 = EDGE_CURVE('',#6236,#6264,#6291,.T.);
#6291 = SURFACE_CURVE('',#6292,(#6296,#6303),.PCURVE_S1.);
#6292 = LINE('',#6293,#6294);
#6293 = CARTESIAN_POINT('',(16.1,26.,-36.4));
#6294 = VECTOR('',#6295,1.);
#6295 = DIRECTION('',(1.,0.,0.));
#6296 = PCURVE('',#6220,#6297);
#6297 = DEFINITIONAL_REPRESENTATION('',(#6298),#6302);
#6298 = LINE('',#6299,#6300);
#6299 = CARTESIAN_POINT('',(-0.,0.));
#6300 = VECTOR('',#6301,1.);
#6301 = DIRECTION('',(-0.,1.));
#6302 = ( GEOMETRIC_REPRESENTATION_CONTEXT(2) 
PARAMETRIC_REPRESENTATION_CONTEXT() REPRESENTATION_CONTEXT('2D SPACE',''
  ) );
#6303 = PCURVE('',#6304,#6309);
#6304 = PLANE('',#6305);
#6305 = AXIS2_PLACEMENT_3D('',#6306,#6307,#6308);
#6306 = CARTESIAN_POINT('',(16.1,26.,-37.4));
#6307 = DIRECTION('',(0.,1.,0.));
#6308 = DIRECTION('',(0.,0.,1.));
#6309 = DEFINITIONAL_REPRESENTATION('',(#6310),#6314);
#6310 = LINE('',#6311,#6312);
#6311 = CARTESIAN_POINT('',(1.,0.));
#6312 = VECTOR('',#6313,1.);
#6313 = DIRECTION('',(0.,1.));
#6314 = ( GEOMETRIC_REPRESENTATION_CONTEXT(2) 
PARAMETRIC_REPRESENTATION_CONTEXT() REPRESENTATION_CONTEXT('2D SPACE',''
  ) );
#6315 = ADVANCED_FACE('',(#6316),#6279,.T.);
#6316 = FACE_BOUND('',#6317,.T.);
#6317 = EDGE_LOOP('',(#6318,#6340,#6341));
#6318 = ORIENTED_EDGE('',*,*,#6319,.F.);
#6319 = EDGE_CURVE('',#6184,#6320,#6322,.T.);
#6320 = VERTEX_POINT('',#6321);
#6321 = CARTESIAN_POINT('',(20.2,25.,-36.4));
#6322 = SURFACE_CURVE('',#6323,(#6328,#6334),.PCURVE_S1.);
#6323 = CIRCLE('',#6324,1.);
#6324 = AXIS2_PLACEMENT_3D('',#6325,#6326,#6327);
#6325 = CARTESIAN_POINT('',(19.2,25.,-36.4));
#6326 = DIRECTION('',(0.,-1.,0.));
#6327 = DIRECTION('',(1.,0.,0.));
#6328 = PCURVE('',#6279,#6329);
#6329 = DEFINITIONAL_REPRESENTATION('',(#6330),#6333);
#6330 = B_SPLINE_CURVE_WITH_KNOTS('',1,(#6331,#6332),.UNSPECIFIED.,.F.,
  .F.,(2,2),(4.712388980385,6.28318530718),.PIECEWISE_BEZIER_KNOTS.);
#6331 = CARTESIAN_POINT('',(0.,-1.570796326795));
#6332 = CARTESIAN_POINT('',(0.,0.));
#6333 = ( GEOMETRIC_REPRESENTATION_CONTEXT(2) 
PARAMETRIC_REPRESENTATION_CONTEXT() REPRESENTATION_CONTEXT('2D SPACE',''
  ) );
#6334 = PCURVE('',#6034,#6335);
#6335 = DEFINITIONAL_REPRESENTATION('',(#6336),#6339);
#6336 = B_SPLINE_CURVE_WITH_KNOTS('',1,(#6337,#6338),.UNSPECIFIED.,.F.,
  .F.,(2,2),(4.712388980385,6.28318530718),.PIECEWISE_BEZIER_KNOTS.);
#6337 = CARTESIAN_POINT('',(1.570796326795,39.5));
#6338 = CARTESIAN_POINT('',(0.,39.5));
#6339 = ( GEOMETRIC_REPRESENTATION_CONTEXT(2) 
PARAMETRIC_REPRESENTATION_CONTEXT() REPRESENTATION_CONTEXT('2D SPACE',''
  ) );
#6340 = ORIENTED_EDGE('',*,*,#6263,.T.);
#6341 = ORIENTED_EDGE('',*,*,#6342,.F.);
#6342 = EDGE_CURVE('',#6320,#6264,#6343,.T.);
#6343 = SURFACE_CURVE('',#6344,(#6349,#6356),.PCURVE_S1.);
#6344 = CIRCLE('',#6345,1.);
#6345 = AXIS2_PLACEMENT_3D('',#6346,#6347,#6348);
#6346 = CARTESIAN_POINT('',(19.2,25.,-36.4));
#6347 = DIRECTION('',(0.,0.,1.));
#6348 = DIRECTION('',(1.,0.,-0.));
#6349 = PCURVE('',#6279,#6350);
#6350 = DEFINITIONAL_REPRESENTATION('',(#6351),#6355);
#6351 = LINE('',#6352,#6353);
#6352 = CARTESIAN_POINT('',(0.,0.));
#6353 = VECTOR('',#6354,1.);
#6354 = DIRECTION('',(1.,0.));
#6355 = ( GEOMETRIC_REPRESENTATION_CONTEXT(2) 
PARAMETRIC_REPRESENTATION_CONTEXT() REPRESENTATION_CONTEXT('2D SPACE',''
  ) );
#6356 = PCURVE('',#6357,#6362);
#6357 = CYLINDRICAL_SURFACE('',#6358,1.);
#6358 = AXIS2_PLACEMENT_3D('',#6359,#6360,#6361);
#6359 = CARTESIAN_POINT('',(19.2,25.,-37.4));
#6360 = DIRECTION('',(0.,0.,1.));
#6361 = DIRECTION('',(1.,0.,-0.));
#6362 = DEFINITIONAL_REPRESENTATION('',(#6363),#6367);
#6363 = LINE('',#6364,#6365);
#6364 = CARTESIAN_POINT('',(0.,1.));
#6365 = VECTOR('',#6366,1.);
#6366 = DIRECTION('',(1.,0.));
#6367 = ( GEOMETRIC_REPRESENTATION_CONTEXT(2) 
PARAMETRIC_REPRESENTATION_CONTEXT() REPRESENTATION_CONTEXT('2D SPACE',''
  ) );
#6368 = ADVANCED_FACE('',(#6369),#6357,.T.);
#6369 = FACE_BOUND('',#6370,.T.);
#6370 = EDGE_LOOP('',(#6371,#6394,#6395,#6418));
#6371 = ORIENTED_EDGE('',*,*,#6372,.F.);
#6372 = EDGE_CURVE('',#6320,#6373,#6375,.T.);
#6373 = VERTEX_POINT('',#6374);
#6374 = CARTESIAN_POINT('',(20.2,25.,-35.65));
#6375 = SURFACE_CURVE('',#6376,(#6380,#6387),.PCURVE_S1.);
#6376 = LINE('',#6377,#6378);
#6377 = CARTESIAN_POINT('',(20.2,25.,-37.4));
#6378 = VECTOR('',#6379,1.);
#6379 = DIRECTION('',(0.,0.,1.));
#6380 = PCURVE('',#6357,#6381);
#6381 = DEFINITIONAL_REPRESENTATION('',(#6382),#6386);
#6382 = LINE('',#6383,#6384);
#6383 = CARTESIAN_POINT('',(0.,0.));
#6384 = VECTOR('',#6385,1.);
#6385 = DIRECTION('',(0.,1.));
#6386 = ( GEOMETRIC_REPRESENTATION_CONTEXT(2) 
PARAMETRIC_REPRESENTATION_CONTEXT() REPRESENTATION_CONTEXT('2D SPACE',''
  ) );
#6387 = PCURVE('',#5952,#6388);
#6388 = DEFINITIONAL_REPRESENTATION('',(#6389),#6393);
#6389 = LINE('',#6390,#6391);
#6390 = CARTESIAN_POINT('',(0.,-39.5));
#6391 = VECTOR('',#6392,1.);
#6392 = DIRECTION('',(1.,0.));
#6393 = ( GEOMETRIC_REPRESENTATION_CONTEXT(2) 
PARAMETRIC_REPRESENTATION_CONTEXT() REPRESENTATION_CONTEXT('2D SPACE',''
  ) );
#6394 = ORIENTED_EDGE('',*,*,#6342,.T.);
#6395 = ORIENTED_EDGE('',*,*,#6396,.T.);
#6396 = EDGE_CURVE('',#6264,#6397,#6399,.T.);
#6397 = VERTEX_POINT('',#6398);
#6398 = CARTESIAN_POINT('',(19.2,26.,-35.65));
#6399 = SURFACE_CURVE('',#6400,(#6404,#6411),.PCURVE_S1.);
#6400 = LINE('',#6401,#6402);
#6401 = CARTESIAN_POINT('',(19.2,26.,-37.4));
#6402 = VECTOR('',#6403,1.);
#6403 = DIRECTION('',(0.,0.,1.));
#6404 = PCURVE('',#6357,#6405);
#6405 = DEFINITIONAL_REPRESENTATION('',(#6406),#6410);
#6406 = LINE('',#6407,#6408);
#6407 = CARTESIAN_POINT('',(1.570796326795,0.));
#6408 = VECTOR('',#6409,1.);
#6409 = DIRECTION('',(0.,1.));
#6410 = ( GEOMETRIC_REPRESENTATION_CONTEXT(2) 
PARAMETRIC_REPRESENTATION_CONTEXT() REPRESENTATION_CONTEXT('2D SPACE',''
  ) );
#6411 = PCURVE('',#6304,#6412);
#6412 = DEFINITIONAL_REPRESENTATION('',(#6413),#6417);
#6413 = LINE('',#6414,#6415);
#6414 = CARTESIAN_POINT('',(0.,3.1));
#6415 = VECTOR('',#6416,1.);
#6416 = DIRECTION('',(1.,0.));
#6417 = ( GEOMETRIC_REPRESENTATION_CONTEXT(2) 
PARAMETRIC_REPRESENTATION_CONTEXT() REPRESENTATION_CONTEXT('2D SPACE',''
  ) );
#6418 = ORIENTED_EDGE('',*,*,#6419,.F.);
#6419 = EDGE_CURVE('',#6373,#6397,#6420,.T.);
#6420 = SURFACE_CURVE('',#6421,(#6426,#6433),.PCURVE_S1.);
#6421 = CIRCLE('',#6422,1.);
#6422 = AXIS2_PLACEMENT_3D('',#6423,#6424,#6425);
#6423 = CARTESIAN_POINT('',(19.2,25.,-35.65));
#6424 = DIRECTION('',(0.,0.,1.));
#6425 = DIRECTION('',(1.,0.,-0.));
#6426 = PCURVE('',#6357,#6427);
#6427 = DEFINITIONAL_REPRESENTATION('',(#6428),#6432);
#6428 = LINE('',#6429,#6430);
#6429 = CARTESIAN_POINT('',(0.,1.75));
#6430 = VECTOR('',#6431,1.);
#6431 = DIRECTION('',(1.,0.));
#6432 = ( GEOMETRIC_REPRESENTATION_CONTEXT(2) 
PARAMETRIC_REPRESENTATION_CONTEXT() REPRESENTATION_CONTEXT('2D SPACE',''
  ) );
#6433 = PCURVE('',#6434,#6439);
#6434 = PLANE('',#6435);
#6435 = AXIS2_PLACEMENT_3D('',#6436,#6437,#6438);
#6436 = CARTESIAN_POINT('',(32.7,3.6,-35.65));
#6437 = DIRECTION('',(0.,0.,1.));
#6438 = DIRECTION('',(0.,1.,0.));
#6439 = DEFINITIONAL_REPRESENTATION('',(#6440),#6444);
#6440 = CIRCLE('',#6441,1.);
#6441 = AXIS2_PLACEMENT_2D('',#6442,#6443);
#6442 = CARTESIAN_POINT('',(21.4,13.5));
#6443 = DIRECTION('',(0.,-1.));
#6444 = ( GEOMETRIC_REPRESENTATION_CONTEXT(2) 
PARAMETRIC_REPRESENTATION_CONTEXT() REPRESENTATION_CONTEXT('2D SPACE',''
  ) );
#6445 = ADVANCED_FACE('',(#6446),#6434,.T.);
#6446 = FACE_BOUND('',#6447,.T.);
#6447 = EDGE_LOOP('',(#6448,#6478,#6497,#6498,#6519,#6548));
#6448 = ORIENTED_EDGE('',*,*,#6449,.F.);
#6449 = EDGE_CURVE('',#6450,#6452,#6454,.T.);
#6450 = VERTEX_POINT('',#6451);
#6451 = CARTESIAN_POINT('',(20.2,3.6,-35.65));
#6452 = VERTEX_POINT('',#6453);
#6453 = CARTESIAN_POINT('',(16.1,3.6,-35.65));
#6454 = SURFACE_CURVE('',#6455,(#6459,#6466),.PCURVE_S1.);
#6455 = LINE('',#6456,#6457);
#6456 = CARTESIAN_POINT('',(32.7,3.6,-35.65));
#6457 = VECTOR('',#6458,1.);
#6458 = DIRECTION('',(-1.,0.,0.));
#6459 = PCURVE('',#6434,#6460);
#6460 = DEFINITIONAL_REPRESENTATION('',(#6461),#6465);
#6461 = LINE('',#6462,#6463);
#6462 = CARTESIAN_POINT('',(0.,0.));
#6463 = VECTOR('',#6464,1.);
#6464 = DIRECTION('',(0.,1.));
#6465 = ( GEOMETRIC_REPRESENTATION_CONTEXT(2) 
PARAMETRIC_REPRESENTATION_CONTEXT() REPRESENTATION_CONTEXT('2D SPACE',''
  ) );
#6466 = PCURVE('',#6467,#6472);
#6467 = PLANE('',#6468);
#6468 = AXIS2_PLACEMENT_3D('',#6469,#6470,#6471);
#6469 = CARTESIAN_POINT('',(32.7,3.6,-35.65));
#6470 = DIRECTION('',(0.,1.,0.));
#6471 = DIRECTION('',(0.,0.,1.));
#6472 = DEFINITIONAL_REPRESENTATION('',(#6473),#6477);
#6473 = LINE('',#6474,#6475);
#6474 = CARTESIAN_POINT('',(0.,0.));
#6475 = VECTOR('',#6476,1.);
#6476 = DIRECTION('',(0.,-1.));
#6477 = ( GEOMETRIC_REPRESENTATION_CONTEXT(2) 
PARAMETRIC_REPRESENTATION_CONTEXT() REPRESENTATION_CONTEXT('2D SPACE',''
  ) );
#6478 = ORIENTED_EDGE('',*,*,#6479,.F.);
#6479 = EDGE_CURVE('',#6373,#6450,#6480,.T.);
#6480 = SURFACE_CURVE('',#6481,(#6485,#6491),.PCURVE_S1.);
#6481 = LINE('',#6482,#6483);
#6482 = CARTESIAN_POINT('',(20.2,-5.45,-35.65));
#6483 = VECTOR('',#6484,1.);
#6484 = DIRECTION('',(0.,-1.,0.));
#6485 = PCURVE('',#6434,#6486);
#6486 = DEFINITIONAL_REPRESENTATION('',(#6487),#6490);
#6487 = B_SPLINE_CURVE_WITH_KNOTS('',1,(#6488,#6489),.UNSPECIFIED.,.F.,
  .F.,(2,2),(-30.45,-9.05),.PIECEWISE_BEZIER_KNOTS.);
#6488 = CARTESIAN_POINT('',(21.4,12.5));
#6489 = CARTESIAN_POINT('',(0.,12.5));
#6490 = ( GEOMETRIC_REPRESENTATION_CONTEXT(2) 
PARAMETRIC_REPRESENTATION_CONTEXT() REPRESENTATION_CONTEXT('2D SPACE',''
  ) );
#6491 = PCURVE('',#5952,#6492);
#6492 = DEFINITIONAL_REPRESENTATION('',(#6493),#6496);
#6493 = B_SPLINE_CURVE_WITH_KNOTS('',1,(#6494,#6495),.UNSPECIFIED.,.F.,
  .F.,(2,2),(-30.45,-9.05),.PIECEWISE_BEZIER_KNOTS.);
#6494 = CARTESIAN_POINT('',(1.75,-39.5));
#6495 = CARTESIAN_POINT('',(1.75,-18.1));
#6496 = ( GEOMETRIC_REPRESENTATION_CONTEXT(2) 
PARAMETRIC_REPRESENTATION_CONTEXT() REPRESENTATION_CONTEXT('2D SPACE',''
  ) );
#6497 = ORIENTED_EDGE('',*,*,#6419,.T.);
#6498 = ORIENTED_EDGE('',*,*,#6499,.F.);
#6499 = EDGE_CURVE('',#6500,#6397,#6502,.T.);
#6500 = VERTEX_POINT('',#6501);
#6501 = CARTESIAN_POINT('',(17.1,26.,-35.65));
#6502 = SURFACE_CURVE('',#6503,(#6507,#6513),.PCURVE_S1.);
#6503 = LINE('',#6504,#6505);
#6504 = CARTESIAN_POINT('',(24.4,26.,-35.65));
#6505 = VECTOR('',#6506,1.);
#6506 = DIRECTION('',(1.,0.,0.));
#6507 = PCURVE('',#6434,#6508);
#6508 = DEFINITIONAL_REPRESENTATION('',(#6509),#6512);
#6509 = B_SPLINE_CURVE_WITH_KNOTS('',1,(#6510,#6511),.UNSPECIFIED.,.F.,
  .F.,(2,2),(-7.3,-5.2),.PIECEWISE_BEZIER_KNOTS.);
#6510 = CARTESIAN_POINT('',(22.4,15.6));
#6511 = CARTESIAN_POINT('',(22.4,13.5));
#6512 = ( GEOMETRIC_REPRESENTATION_CONTEXT(2) 
PARAMETRIC_REPRESENTATION_CONTEXT() REPRESENTATION_CONTEXT('2D SPACE',''
  ) );
#6513 = PCURVE('',#6304,#6514);
#6514 = DEFINITIONAL_REPRESENTATION('',(#6515),#6518);
#6515 = B_SPLINE_CURVE_WITH_KNOTS('',1,(#6516,#6517),.UNSPECIFIED.,.F.,
  .F.,(2,2),(-7.3,-5.2),.PIECEWISE_BEZIER_KNOTS.);
#6516 = CARTESIAN_POINT('',(1.75,1.));
#6517 = CARTESIAN_POINT('',(1.75,3.1));
#6518 = ( GEOMETRIC_REPRESENTATION_CONTEXT(2) 
PARAMETRIC_REPRESENTATION_CONTEXT() REPRESENTATION_CONTEXT('2D SPACE',''
  ) );
#6519 = ORIENTED_EDGE('',*,*,#6520,.T.);
#6520 = EDGE_CURVE('',#6500,#6521,#6523,.T.);
#6521 = VERTEX_POINT('',#6522);
#6522 = CARTESIAN_POINT('',(16.1,25.,-35.65));
#6523 = SURFACE_CURVE('',#6524,(#6529,#6536),.PCURVE_S1.);
#6524 = CIRCLE('',#6525,1.);
#6525 = AXIS2_PLACEMENT_3D('',#6526,#6527,#6528);
#6526 = CARTESIAN_POINT('',(17.1,25.,-35.65));
#6527 = DIRECTION('',(0.,0.,1.));
#6528 = DIRECTION('',(-1.,-0.,0.));
#6529 = PCURVE('',#6434,#6530);
#6530 = DEFINITIONAL_REPRESENTATION('',(#6531),#6535);
#6531 = CIRCLE('',#6532,1.);
#6532 = AXIS2_PLACEMENT_2D('',#6533,#6534);
#6533 = CARTESIAN_POINT('',(21.4,15.6));
#6534 = DIRECTION('',(0.,1.));
#6535 = ( GEOMETRIC_REPRESENTATION_CONTEXT(2) 
PARAMETRIC_REPRESENTATION_CONTEXT() REPRESENTATION_CONTEXT('2D SPACE',''
  ) );
#6536 = PCURVE('',#6537,#6542);
#6537 = CYLINDRICAL_SURFACE('',#6538,1.);
#6538 = AXIS2_PLACEMENT_3D('',#6539,#6540,#6541);
#6539 = CARTESIAN_POINT('',(17.1,25.,-37.4));
#6540 = DIRECTION('',(0.,0.,1.));
#6541 = DIRECTION('',(-1.,-0.,0.));
#6542 = DEFINITIONAL_REPRESENTATION('',(#6543),#6547);
#6543 = LINE('',#6544,#6545);
#6544 = CARTESIAN_POINT('',(-6.28318530718,1.75));
#6545 = VECTOR('',#6546,1.);
#6546 = DIRECTION('',(1.,-0.));
#6547 = ( GEOMETRIC_REPRESENTATION_CONTEXT(2) 
PARAMETRIC_REPRESENTATION_CONTEXT() REPRESENTATION_CONTEXT('2D SPACE',''
  ) );
#6548 = ORIENTED_EDGE('',*,*,#6549,.T.);
#6549 = EDGE_CURVE('',#6521,#6452,#6550,.T.);
#6550 = SURFACE_CURVE('',#6551,(#6555,#6561),.PCURVE_S1.);
#6551 = LINE('',#6552,#6553);
#6552 = CARTESIAN_POINT('',(16.1,-5.45,-35.65));
#6553 = VECTOR('',#6554,1.);
#6554 = DIRECTION('',(0.,-1.,0.));
#6555 = PCURVE('',#6434,#6556);
#6556 = DEFINITIONAL_REPRESENTATION('',(#6557),#6560);
#6557 = B_SPLINE_CURVE_WITH_KNOTS('',1,(#6558,#6559),.UNSPECIFIED.,.F.,
  .F.,(2,2),(-30.45,-9.05),.PIECEWISE_BEZIER_KNOTS.);
#6558 = CARTESIAN_POINT('',(21.4,16.6));
#6559 = CARTESIAN_POINT('',(0.,16.6));
#6560 = ( GEOMETRIC_REPRESENTATION_CONTEXT(2) 
PARAMETRIC_REPRESENTATION_CONTEXT() REPRESENTATION_CONTEXT('2D SPACE',''
  ) );
#6561 = PCURVE('',#6562,#6567);
#6562 = PLANE('',#6563);
#6563 = AXIS2_PLACEMENT_3D('',#6564,#6565,#6566);
#6564 = CARTESIAN_POINT('',(16.1,-14.5,-37.4));
#6565 = DIRECTION('',(1.,0.,0.));
#6566 = DIRECTION('',(0.,0.,1.));
#6567 = DEFINITIONAL_REPRESENTATION('',(#6568),#6571);
#6568 = B_SPLINE_CURVE_WITH_KNOTS('',1,(#6569,#6570),.UNSPECIFIED.,.F.,
  .F.,(2,2),(-30.45,-9.05),.PIECEWISE_BEZIER_KNOTS.);
#6569 = CARTESIAN_POINT('',(1.75,-39.5));
#6570 = CARTESIAN_POINT('',(1.75,-18.1));
#6571 = ( GEOMETRIC_REPRESENTATION_CONTEXT(2) 
PARAMETRIC_REPRESENTATION_CONTEXT() REPRESENTATION_CONTEXT('2D SPACE',''
  ) );
#6572 = ADVANCED_FACE('',(#6573),#6537,.T.);
#6573 = FACE_BOUND('',#6574,.F.);
#6574 = EDGE_LOOP('',(#6575,#6598,#6620,#6641));
#6575 = ORIENTED_EDGE('',*,*,#6576,.F.);
#6576 = EDGE_CURVE('',#6577,#6521,#6579,.T.);
#6577 = VERTEX_POINT('',#6578);
#6578 = CARTESIAN_POINT('',(16.1,25.,-36.4));
#6579 = SURFACE_CURVE('',#6580,(#6584,#6591),.PCURVE_S1.);
#6580 = LINE('',#6581,#6582);
#6581 = CARTESIAN_POINT('',(16.1,25.,-37.4));
#6582 = VECTOR('',#6583,1.);
#6583 = DIRECTION('',(0.,0.,1.));
#6584 = PCURVE('',#6537,#6585);
#6585 = DEFINITIONAL_REPRESENTATION('',(#6586),#6590);
#6586 = LINE('',#6587,#6588);
#6587 = CARTESIAN_POINT('',(-0.,0.));
#6588 = VECTOR('',#6589,1.);
#6589 = DIRECTION('',(-0.,1.));
#6590 = ( GEOMETRIC_REPRESENTATION_CONTEXT(2) 
PARAMETRIC_REPRESENTATION_CONTEXT() REPRESENTATION_CONTEXT('2D SPACE',''
  ) );
#6591 = PCURVE('',#6562,#6592);
#6592 = DEFINITIONAL_REPRESENTATION('',(#6593),#6597);
#6593 = LINE('',#6594,#6595);
#6594 = CARTESIAN_POINT('',(0.,-39.5));
#6595 = VECTOR('',#6596,1.);
#6596 = DIRECTION('',(1.,0.));
#6597 = ( GEOMETRIC_REPRESENTATION_CONTEXT(2) 
PARAMETRIC_REPRESENTATION_CONTEXT() REPRESENTATION_CONTEXT('2D SPACE',''
  ) );
#6598 = ORIENTED_EDGE('',*,*,#6599,.T.);
#6599 = EDGE_CURVE('',#6577,#6236,#6600,.T.);
#6600 = SURFACE_CURVE('',#6601,(#6606,#6613),.PCURVE_S1.);
#6601 = CIRCLE('',#6602,1.);
#6602 = AXIS2_PLACEMENT_3D('',#6603,#6604,#6605);
#6603 = CARTESIAN_POINT('',(17.1,25.,-36.4));
#6604 = DIRECTION('',(-0.,0.,-1.));
#6605 = DIRECTION('',(-1.,0.,0.));
#6606 = PCURVE('',#6537,#6607);
#6607 = DEFINITIONAL_REPRESENTATION('',(#6608),#6612);
#6608 = LINE('',#6609,#6610);
#6609 = CARTESIAN_POINT('',(-0.,1.));
#6610 = VECTOR('',#6611,1.);
#6611 = DIRECTION('',(-1.,0.));
#6612 = ( GEOMETRIC_REPRESENTATION_CONTEXT(2) 
PARAMETRIC_REPRESENTATION_CONTEXT() REPRESENTATION_CONTEXT('2D SPACE',''
  ) );
#6613 = PCURVE('',#6251,#6614);
#6614 = DEFINITIONAL_REPRESENTATION('',(#6615),#6619);
#6615 = LINE('',#6616,#6617);
#6616 = CARTESIAN_POINT('',(-0.,0.));
#6617 = VECTOR('',#6618,1.);
#6618 = DIRECTION('',(-1.,0.));
#6619 = ( GEOMETRIC_REPRESENTATION_CONTEXT(2) 
PARAMETRIC_REPRESENTATION_CONTEXT() REPRESENTATION_CONTEXT('2D SPACE',''
  ) );
#6620 = ORIENTED_EDGE('',*,*,#6621,.T.);
#6621 = EDGE_CURVE('',#6236,#6500,#6622,.T.);
#6622 = SURFACE_CURVE('',#6623,(#6627,#6634),.PCURVE_S1.);
#6623 = LINE('',#6624,#6625);
#6624 = CARTESIAN_POINT('',(17.1,26.,-37.4));
#6625 = VECTOR('',#6626,1.);
#6626 = DIRECTION('',(0.,0.,1.));
#6627 = PCURVE('',#6537,#6628);
#6628 = DEFINITIONAL_REPRESENTATION('',(#6629),#6633);
#6629 = LINE('',#6630,#6631);
#6630 = CARTESIAN_POINT('',(-1.570796326795,0.));
#6631 = VECTOR('',#6632,1.);
#6632 = DIRECTION('',(-0.,1.));
#6633 = ( GEOMETRIC_REPRESENTATION_CONTEXT(2) 
PARAMETRIC_REPRESENTATION_CONTEXT() REPRESENTATION_CONTEXT('2D SPACE',''
  ) );
#6634 = PCURVE('',#6304,#6635);
#6635 = DEFINITIONAL_REPRESENTATION('',(#6636),#6640);
#6636 = LINE('',#6637,#6638);
#6637 = CARTESIAN_POINT('',(0.,1.));
#6638 = VECTOR('',#6639,1.);
#6639 = DIRECTION('',(1.,0.));
#6640 = ( GEOMETRIC_REPRESENTATION_CONTEXT(2) 
PARAMETRIC_REPRESENTATION_CONTEXT() REPRESENTATION_CONTEXT('2D SPACE',''
  ) );
#6641 = ORIENTED_EDGE('',*,*,#6520,.T.);
#6642 = ADVANCED_FACE('',(#6643,#6787),#6562,.F.);
#6643 = FACE_BOUND('',#6644,.F.);
#6644 = EDGE_LOOP('',(#6645,#6668,#6689,#6690,#6691,#6712,#6738,#6766));
#6645 = ORIENTED_EDGE('',*,*,#6646,.F.);
#6646 = EDGE_CURVE('',#6647,#5203,#6649,.T.);
#6647 = VERTEX_POINT('',#6648);
#6648 = CARTESIAN_POINT('',(16.1,-13.5,-36.4));
#6649 = SURFACE_CURVE('',#6650,(#6654,#6661),.PCURVE_S1.);
#6650 = LINE('',#6651,#6652);
#6651 = CARTESIAN_POINT('',(16.1,-13.5,-37.4));
#6652 = VECTOR('',#6653,1.);
#6653 = DIRECTION('',(0.,0.,1.));
#6654 = PCURVE('',#6562,#6655);
#6655 = DEFINITIONAL_REPRESENTATION('',(#6656),#6660);
#6656 = LINE('',#6657,#6658);
#6657 = CARTESIAN_POINT('',(0.,-1.));
#6658 = VECTOR('',#6659,1.);
#6659 = DIRECTION('',(1.,0.));
#6660 = ( GEOMETRIC_REPRESENTATION_CONTEXT(2) 
PARAMETRIC_REPRESENTATION_CONTEXT() REPRESENTATION_CONTEXT('2D SPACE',''
  ) );
#6661 = PCURVE('',#5328,#6662);
#6662 = DEFINITIONAL_REPRESENTATION('',(#6663),#6667);
#6663 = LINE('',#6664,#6665);
#6664 = CARTESIAN_POINT('',(0.,0.));
#6665 = VECTOR('',#6666,1.);
#6666 = DIRECTION('',(0.,1.));
#6667 = ( GEOMETRIC_REPRESENTATION_CONTEXT(2) 
PARAMETRIC_REPRESENTATION_CONTEXT() REPRESENTATION_CONTEXT('2D SPACE',''
  ) );
#6668 = ORIENTED_EDGE('',*,*,#6669,.T.);
#6669 = EDGE_CURVE('',#6647,#6577,#6670,.T.);
#6670 = SURFACE_CURVE('',#6671,(#6675,#6682),.PCURVE_S1.);
#6671 = LINE('',#6672,#6673);
#6672 = CARTESIAN_POINT('',(16.1,-14.5,-36.4));
#6673 = VECTOR('',#6674,1.);
#6674 = DIRECTION('',(0.,1.,0.));
#6675 = PCURVE('',#6562,#6676);
#6676 = DEFINITIONAL_REPRESENTATION('',(#6677),#6681);
#6677 = LINE('',#6678,#6679);
#6678 = CARTESIAN_POINT('',(1.,0.));
#6679 = VECTOR('',#6680,1.);
#6680 = DIRECTION('',(0.,-1.));
#6681 = ( GEOMETRIC_REPRESENTATION_CONTEXT(2) 
PARAMETRIC_REPRESENTATION_CONTEXT() REPRESENTATION_CONTEXT('2D SPACE',''
  ) );
#6682 = PCURVE('',#6170,#6683);
#6683 = DEFINITIONAL_REPRESENTATION('',(#6684),#6688);
#6684 = LINE('',#6685,#6686);
#6685 = CARTESIAN_POINT('',(-0.,0.));
#6686 = VECTOR('',#6687,1.);
#6687 = DIRECTION('',(-0.,1.));
#6688 = ( GEOMETRIC_REPRESENTATION_CONTEXT(2) 
PARAMETRIC_REPRESENTATION_CONTEXT() REPRESENTATION_CONTEXT('2D SPACE',''
  ) );
#6689 = ORIENTED_EDGE('',*,*,#6576,.T.);
#6690 = ORIENTED_EDGE('',*,*,#6549,.T.);
#6691 = ORIENTED_EDGE('',*,*,#6692,.T.);
#6692 = EDGE_CURVE('',#6452,#6693,#6695,.T.);
#6693 = VERTEX_POINT('',#6694);
#6694 = CARTESIAN_POINT('',(16.1,3.6,-22.95));
#6695 = SURFACE_CURVE('',#6696,(#6700,#6706),.PCURVE_S1.);
#6696 = LINE('',#6697,#6698);
#6697 = CARTESIAN_POINT('',(16.1,3.6,-36.525));
#6698 = VECTOR('',#6699,1.);
#6699 = DIRECTION('',(0.,0.,1.));
#6700 = PCURVE('',#6562,#6701);
#6701 = DEFINITIONAL_REPRESENTATION('',(#6702),#6705);
#6702 = B_SPLINE_CURVE_WITH_KNOTS('',1,(#6703,#6704),.UNSPECIFIED.,.F.,
  .F.,(2,2),(0.875,13.575),.PIECEWISE_BEZIER_KNOTS.);
#6703 = CARTESIAN_POINT('',(1.75,-18.1));
#6704 = CARTESIAN_POINT('',(14.45,-18.1));
#6705 = ( GEOMETRIC_REPRESENTATION_CONTEXT(2) 
PARAMETRIC_REPRESENTATION_CONTEXT() REPRESENTATION_CONTEXT('2D SPACE',''
  ) );
#6706 = PCURVE('',#6467,#6707);
#6707 = DEFINITIONAL_REPRESENTATION('',(#6708),#6711);
#6708 = B_SPLINE_CURVE_WITH_KNOTS('',1,(#6709,#6710),.UNSPECIFIED.,.F.,
  .F.,(2,2),(0.875,13.575),.PIECEWISE_BEZIER_KNOTS.);
#6709 = CARTESIAN_POINT('',(0.,-16.6));
#6710 = CARTESIAN_POINT('',(12.7,-16.6));
#6711 = ( GEOMETRIC_REPRESENTATION_CONTEXT(2) 
PARAMETRIC_REPRESENTATION_CONTEXT() REPRESENTATION_CONTEXT('2D SPACE',''
  ) );
#6712 = ORIENTED_EDGE('',*,*,#6713,.F.);
#6713 = EDGE_CURVE('',#6714,#6693,#6716,.T.);
#6714 = VERTEX_POINT('',#6715);
#6715 = CARTESIAN_POINT('',(16.1,25.,-22.95));
#6716 = SURFACE_CURVE('',#6717,(#6721,#6727),.PCURVE_S1.);
#6717 = LINE('',#6718,#6719);
#6718 = CARTESIAN_POINT('',(16.1,-5.45,-22.95));
#6719 = VECTOR('',#6720,1.);
#6720 = DIRECTION('',(0.,-1.,0.));
#6721 = PCURVE('',#6562,#6722);
#6722 = DEFINITIONAL_REPRESENTATION('',(#6723),#6726);
#6723 = B_SPLINE_CURVE_WITH_KNOTS('',1,(#6724,#6725),.UNSPECIFIED.,.F.,
  .F.,(2,2),(-30.45,-9.05),.PIECEWISE_BEZIER_KNOTS.);
#6724 = CARTESIAN_POINT('',(14.45,-39.5));
#6725 = CARTESIAN_POINT('',(14.45,-18.1));
#6726 = ( GEOMETRIC_REPRESENTATION_CONTEXT(2) 
PARAMETRIC_REPRESENTATION_CONTEXT() REPRESENTATION_CONTEXT('2D SPACE',''
  ) );
#6727 = PCURVE('',#6728,#6733);
#6728 = PLANE('',#6729);
#6729 = AXIS2_PLACEMENT_3D('',#6730,#6731,#6732);
#6730 = CARTESIAN_POINT('',(32.7,3.6,-22.95));
#6731 = DIRECTION('',(0.,0.,1.));
#6732 = DIRECTION('',(0.,1.,0.));
#6733 = DEFINITIONAL_REPRESENTATION('',(#6734),#6737);
#6734 = B_SPLINE_CURVE_WITH_KNOTS('',1,(#6735,#6736),.UNSPECIFIED.,.F.,
  .F.,(2,2),(-30.45,-9.05),.PIECEWISE_BEZIER_KNOTS.);
#6735 = CARTESIAN_POINT('',(21.4,16.6));
#6736 = CARTESIAN_POINT('',(0.,16.6));
#6737 = ( GEOMETRIC_REPRESENTATION_CONTEXT(2) 
PARAMETRIC_REPRESENTATION_CONTEXT() REPRESENTATION_CONTEXT('2D SPACE',''
  ) );
#6738 = ORIENTED_EDGE('',*,*,#6739,.T.);
#6739 = EDGE_CURVE('',#6714,#6740,#6742,.T.);
#6740 = VERTEX_POINT('',#6741);
#6741 = CARTESIAN_POINT('',(16.1,25.,-22.));
#6742 = SURFACE_CURVE('',#6743,(#6747,#6754),.PCURVE_S1.);
#6743 = LINE('',#6744,#6745);
#6744 = CARTESIAN_POINT('',(16.1,25.,-37.4));
#6745 = VECTOR('',#6746,1.);
#6746 = DIRECTION('',(0.,0.,1.));
#6747 = PCURVE('',#6562,#6748);
#6748 = DEFINITIONAL_REPRESENTATION('',(#6749),#6753);
#6749 = LINE('',#6750,#6751);
#6750 = CARTESIAN_POINT('',(0.,-39.5));
#6751 = VECTOR('',#6752,1.);
#6752 = DIRECTION('',(1.,0.));
#6753 = ( GEOMETRIC_REPRESENTATION_CONTEXT(2) 
PARAMETRIC_REPRESENTATION_CONTEXT() REPRESENTATION_CONTEXT('2D SPACE',''
  ) );
#6754 = PCURVE('',#6755,#6760);
#6755 = CYLINDRICAL_SURFACE('',#6756,1.);
#6756 = AXIS2_PLACEMENT_3D('',#6757,#6758,#6759);
#6757 = CARTESIAN_POINT('',(17.1,25.,-37.4));
#6758 = DIRECTION('',(0.,0.,1.));
#6759 = DIRECTION('',(-1.,-0.,0.));
#6760 = DEFINITIONAL_REPRESENTATION('',(#6761),#6765);
#6761 = LINE('',#6762,#6763);
#6762 = CARTESIAN_POINT('',(-0.,0.));
#6763 = VECTOR('',#6764,1.);
#6764 = DIRECTION('',(-0.,1.));
#6765 = ( GEOMETRIC_REPRESENTATION_CONTEXT(2) 
PARAMETRIC_REPRESENTATION_CONTEXT() REPRESENTATION_CONTEXT('2D SPACE',''
  ) );
#6766 = ORIENTED_EDGE('',*,*,#6767,.F.);
#6767 = EDGE_CURVE('',#5203,#6740,#6768,.T.);
#6768 = SURFACE_CURVE('',#6769,(#6773,#6780),.PCURVE_S1.);
#6769 = LINE('',#6770,#6771);
#6770 = CARTESIAN_POINT('',(16.1,-14.5,-22.));
#6771 = VECTOR('',#6772,1.);
#6772 = DIRECTION('',(0.,1.,0.));
#6773 = PCURVE('',#6562,#6774);
#6774 = DEFINITIONAL_REPRESENTATION('',(#6775),#6779);
#6775 = LINE('',#6776,#6777);
#6776 = CARTESIAN_POINT('',(15.4,0.));
#6777 = VECTOR('',#6778,1.);
#6778 = DIRECTION('',(0.,-1.));
#6779 = ( GEOMETRIC_REPRESENTATION_CONTEXT(2) 
PARAMETRIC_REPRESENTATION_CONTEXT() REPRESENTATION_CONTEXT('2D SPACE',''
  ) );
#6780 = PCURVE('',#5218,#6781);
#6781 = DEFINITIONAL_REPRESENTATION('',(#6782),#6786);
#6782 = LINE('',#6783,#6784);
#6783 = CARTESIAN_POINT('',(0.,0.));
#6784 = VECTOR('',#6785,1.);
#6785 = DIRECTION('',(0.,1.));
#6786 = ( GEOMETRIC_REPRESENTATION_CONTEXT(2) 
PARAMETRIC_REPRESENTATION_CONTEXT() REPRESENTATION_CONTEXT('2D SPACE',''
  ) );
#6787 = FACE_BOUND('',#6788,.F.);
#6788 = EDGE_LOOP('',(#6789));
#6789 = ORIENTED_EDGE('',*,*,#6790,.F.);
#6790 = EDGE_CURVE('',#6791,#6791,#6793,.T.);
#6791 = VERTEX_POINT('',#6792);
#6792 = CARTESIAN_POINT('',(16.1,1.15,-27.85));
#6793 = SURFACE_CURVE('',#6794,(#6799,#6806),.PCURVE_S1.);
#6794 = CIRCLE('',#6795,1.45);
#6795 = AXIS2_PLACEMENT_3D('',#6796,#6797,#6798);
#6796 = CARTESIAN_POINT('',(16.1,1.15,-29.3));
#6797 = DIRECTION('',(1.,0.,0.));
#6798 = DIRECTION('',(-0.,0.,1.));
#6799 = PCURVE('',#6562,#6800);
#6800 = DEFINITIONAL_REPRESENTATION('',(#6801),#6805);
#6801 = CIRCLE('',#6802,1.45);
#6802 = AXIS2_PLACEMENT_2D('',#6803,#6804);
#6803 = CARTESIAN_POINT('',(8.1,-15.65));
#6804 = DIRECTION('',(1.,0.));
#6805 = ( GEOMETRIC_REPRESENTATION_CONTEXT(2) 
PARAMETRIC_REPRESENTATION_CONTEXT() REPRESENTATION_CONTEXT('2D SPACE',''
  ) );
#6806 = PCURVE('',#6807,#6812);
#6807 = CYLINDRICAL_SURFACE('',#6808,1.45);
#6808 = AXIS2_PLACEMENT_3D('',#6809,#6810,#6811);
#6809 = CARTESIAN_POINT('',(15.9,1.15,-29.3));
#6810 = DIRECTION('',(1.,0.,0.));
#6811 = DIRECTION('',(-0.,0.,1.));
#6812 = DEFINITIONAL_REPRESENTATION('',(#6813),#6817);
#6813 = LINE('',#6814,#6815);
#6814 = CARTESIAN_POINT('',(0.,0.2));
#6815 = VECTOR('',#6816,1.);
#6816 = DIRECTION('',(1.,0.));
#6817 = ( GEOMETRIC_REPRESENTATION_CONTEXT(2) 
PARAMETRIC_REPRESENTATION_CONTEXT() REPRESENTATION_CONTEXT('2D SPACE',''
  ) );
#6818 = ADVANCED_FACE('',(#6819),#6807,.F.);
#6819 = FACE_BOUND('',#6820,.F.);
#6820 = EDGE_LOOP('',(#6821,#6845,#6866,#6867));
#6821 = ORIENTED_EDGE('',*,*,#6822,.F.);
#6822 = EDGE_CURVE('',#6823,#6823,#6825,.T.);
#6823 = VERTEX_POINT('',#6824);
#6824 = CARTESIAN_POINT('',(20.2,1.15,-27.85));
#6825 = SURFACE_CURVE('',#6826,(#6831,#6838),.PCURVE_S1.);
#6826 = CIRCLE('',#6827,1.45);
#6827 = AXIS2_PLACEMENT_3D('',#6828,#6829,#6830);
#6828 = CARTESIAN_POINT('',(20.2,1.15,-29.3));
#6829 = DIRECTION('',(1.,0.,0.));
#6830 = DIRECTION('',(-0.,0.,1.));
#6831 = PCURVE('',#6807,#6832);
#6832 = DEFINITIONAL_REPRESENTATION('',(#6833),#6837);
#6833 = LINE('',#6834,#6835);
#6834 = CARTESIAN_POINT('',(0.,4.3));
#6835 = VECTOR('',#6836,1.);
#6836 = DIRECTION('',(1.,0.));
#6837 = ( GEOMETRIC_REPRESENTATION_CONTEXT(2) 
PARAMETRIC_REPRESENTATION_CONTEXT() REPRESENTATION_CONTEXT('2D SPACE',''
  ) );
#6838 = PCURVE('',#5952,#6839);
#6839 = DEFINITIONAL_REPRESENTATION('',(#6840),#6844);
#6840 = CIRCLE('',#6841,1.45);
#6841 = AXIS2_PLACEMENT_2D('',#6842,#6843);
#6842 = CARTESIAN_POINT('',(8.1,-15.65));
#6843 = DIRECTION('',(1.,0.));
#6844 = ( GEOMETRIC_REPRESENTATION_CONTEXT(2) 
PARAMETRIC_REPRESENTATION_CONTEXT() REPRESENTATION_CONTEXT('2D SPACE',''
  ) );
#6845 = ORIENTED_EDGE('',*,*,#6846,.F.);
#6846 = EDGE_CURVE('',#6791,#6823,#6847,.T.);
#6847 = SEAM_CURVE('',#6848,(#6852,#6859),.PCURVE_S1.);
#6848 = LINE('',#6849,#6850);
#6849 = CARTESIAN_POINT('',(15.9,1.15,-27.85));
#6850 = VECTOR('',#6851,1.);
#6851 = DIRECTION('',(1.,0.,0.));
#6852 = PCURVE('',#6807,#6853);
#6853 = DEFINITIONAL_REPRESENTATION('',(#6854),#6858);
#6854 = LINE('',#6855,#6856);
#6855 = CARTESIAN_POINT('',(6.28318530718,-0.));
#6856 = VECTOR('',#6857,1.);
#6857 = DIRECTION('',(0.,1.));
#6858 = ( GEOMETRIC_REPRESENTATION_CONTEXT(2) 
PARAMETRIC_REPRESENTATION_CONTEXT() REPRESENTATION_CONTEXT('2D SPACE',''
  ) );
#6859 = PCURVE('',#6807,#6860);
#6860 = DEFINITIONAL_REPRESENTATION('',(#6861),#6865);
#6861 = LINE('',#6862,#6863);
#6862 = CARTESIAN_POINT('',(0.,-0.));
#6863 = VECTOR('',#6864,1.);
#6864 = DIRECTION('',(0.,1.));
#6865 = ( GEOMETRIC_REPRESENTATION_CONTEXT(2) 
PARAMETRIC_REPRESENTATION_CONTEXT() REPRESENTATION_CONTEXT('2D SPACE',''
  ) );
#6866 = ORIENTED_EDGE('',*,*,#6790,.T.);
#6867 = ORIENTED_EDGE('',*,*,#6846,.T.);
#6868 = ADVANCED_FACE('',(#6869),#6728,.F.);
#6869 = FACE_BOUND('',#6870,.F.);
#6870 = EDGE_LOOP('',(#6871,#6894,#6915,#6944,#6970,#6992));
#6871 = ORIENTED_EDGE('',*,*,#6872,.F.);
#6872 = EDGE_CURVE('',#6873,#6693,#6875,.T.);
#6873 = VERTEX_POINT('',#6874);
#6874 = CARTESIAN_POINT('',(20.2,3.6,-22.95));
#6875 = SURFACE_CURVE('',#6876,(#6880,#6887),.PCURVE_S1.);
#6876 = LINE('',#6877,#6878);
#6877 = CARTESIAN_POINT('',(32.7,3.6,-22.95));
#6878 = VECTOR('',#6879,1.);
#6879 = DIRECTION('',(-1.,0.,0.));
#6880 = PCURVE('',#6728,#6881);
#6881 = DEFINITIONAL_REPRESENTATION('',(#6882),#6886);
#6882 = LINE('',#6883,#6884);
#6883 = CARTESIAN_POINT('',(0.,0.));
#6884 = VECTOR('',#6885,1.);
#6885 = DIRECTION('',(0.,1.));
#6886 = ( GEOMETRIC_REPRESENTATION_CONTEXT(2) 
PARAMETRIC_REPRESENTATION_CONTEXT() REPRESENTATION_CONTEXT('2D SPACE',''
  ) );
#6887 = PCURVE('',#6467,#6888);
#6888 = DEFINITIONAL_REPRESENTATION('',(#6889),#6893);
#6889 = LINE('',#6890,#6891);
#6890 = CARTESIAN_POINT('',(12.7,0.));
#6891 = VECTOR('',#6892,1.);
#6892 = DIRECTION('',(0.,-1.));
#6893 = ( GEOMETRIC_REPRESENTATION_CONTEXT(2) 
PARAMETRIC_REPRESENTATION_CONTEXT() REPRESENTATION_CONTEXT('2D SPACE',''
  ) );
#6894 = ORIENTED_EDGE('',*,*,#6895,.F.);
#6895 = EDGE_CURVE('',#6896,#6873,#6898,.T.);
#6896 = VERTEX_POINT('',#6897);
#6897 = CARTESIAN_POINT('',(20.2,25.,-22.95));
#6898 = SURFACE_CURVE('',#6899,(#6903,#6909),.PCURVE_S1.);
#6899 = LINE('',#6900,#6901);
#6900 = CARTESIAN_POINT('',(20.2,-5.45,-22.95));
#6901 = VECTOR('',#6902,1.);
#6902 = DIRECTION('',(0.,-1.,0.));
#6903 = PCURVE('',#6728,#6904);
#6904 = DEFINITIONAL_REPRESENTATION('',(#6905),#6908);
#6905 = B_SPLINE_CURVE_WITH_KNOTS('',1,(#6906,#6907),.UNSPECIFIED.,.F.,
  .F.,(2,2),(-30.45,-9.05),.PIECEWISE_BEZIER_KNOTS.);
#6906 = CARTESIAN_POINT('',(21.4,12.5));
#6907 = CARTESIAN_POINT('',(0.,12.5));
#6908 = ( GEOMETRIC_REPRESENTATION_CONTEXT(2) 
PARAMETRIC_REPRESENTATION_CONTEXT() REPRESENTATION_CONTEXT('2D SPACE',''
  ) );
#6909 = PCURVE('',#5952,#6910);
#6910 = DEFINITIONAL_REPRESENTATION('',(#6911),#6914);
#6911 = B_SPLINE_CURVE_WITH_KNOTS('',1,(#6912,#6913),.UNSPECIFIED.,.F.,
  .F.,(2,2),(-30.45,-9.05),.PIECEWISE_BEZIER_KNOTS.);
#6912 = CARTESIAN_POINT('',(14.45,-39.5));
#6913 = CARTESIAN_POINT('',(14.45,-18.1));
#6914 = ( GEOMETRIC_REPRESENTATION_CONTEXT(2) 
PARAMETRIC_REPRESENTATION_CONTEXT() REPRESENTATION_CONTEXT('2D SPACE',''
  ) );
#6915 = ORIENTED_EDGE('',*,*,#6916,.T.);
#6916 = EDGE_CURVE('',#6896,#6917,#6919,.T.);
#6917 = VERTEX_POINT('',#6918);
#6918 = CARTESIAN_POINT('',(19.2,26.,-22.95));
#6919 = SURFACE_CURVE('',#6920,(#6925,#6932),.PCURVE_S1.);
#6920 = CIRCLE('',#6921,1.);
#6921 = AXIS2_PLACEMENT_3D('',#6922,#6923,#6924);
#6922 = CARTESIAN_POINT('',(19.2,25.,-22.95));
#6923 = DIRECTION('',(0.,0.,1.));
#6924 = DIRECTION('',(1.,0.,-0.));
#6925 = PCURVE('',#6728,#6926);
#6926 = DEFINITIONAL_REPRESENTATION('',(#6927),#6931);
#6927 = CIRCLE('',#6928,1.);
#6928 = AXIS2_PLACEMENT_2D('',#6929,#6930);
#6929 = CARTESIAN_POINT('',(21.4,13.5));
#6930 = DIRECTION('',(0.,-1.));
#6931 = ( GEOMETRIC_REPRESENTATION_CONTEXT(2) 
PARAMETRIC_REPRESENTATION_CONTEXT() REPRESENTATION_CONTEXT('2D SPACE',''
  ) );
#6932 = PCURVE('',#6933,#6938);
#6933 = CYLINDRICAL_SURFACE('',#6934,1.);
#6934 = AXIS2_PLACEMENT_3D('',#6935,#6936,#6937);
#6935 = CARTESIAN_POINT('',(19.2,25.,-37.4));
#6936 = DIRECTION('',(0.,0.,1.));
#6937 = DIRECTION('',(1.,0.,-0.));
#6938 = DEFINITIONAL_REPRESENTATION('',(#6939),#6943);
#6939 = LINE('',#6940,#6941);
#6940 = CARTESIAN_POINT('',(0.,14.45));
#6941 = VECTOR('',#6942,1.);
#6942 = DIRECTION('',(1.,0.));
#6943 = ( GEOMETRIC_REPRESENTATION_CONTEXT(2) 
PARAMETRIC_REPRESENTATION_CONTEXT() REPRESENTATION_CONTEXT('2D SPACE',''
  ) );
#6944 = ORIENTED_EDGE('',*,*,#6945,.F.);
#6945 = EDGE_CURVE('',#6946,#6917,#6948,.T.);
#6946 = VERTEX_POINT('',#6947);
#6947 = CARTESIAN_POINT('',(17.1,26.,-22.95));
#6948 = SURFACE_CURVE('',#6949,(#6953,#6959),.PCURVE_S1.);
#6949 = LINE('',#6950,#6951);
#6950 = CARTESIAN_POINT('',(24.4,26.,-22.95));
#6951 = VECTOR('',#6952,1.);
#6952 = DIRECTION('',(1.,0.,0.));
#6953 = PCURVE('',#6728,#6954);
#6954 = DEFINITIONAL_REPRESENTATION('',(#6955),#6958);
#6955 = B_SPLINE_CURVE_WITH_KNOTS('',1,(#6956,#6957),.UNSPECIFIED.,.F.,
  .F.,(2,2),(-7.3,-5.2),.PIECEWISE_BEZIER_KNOTS.);
#6956 = CARTESIAN_POINT('',(22.4,15.6));
#6957 = CARTESIAN_POINT('',(22.4,13.5));
#6958 = ( GEOMETRIC_REPRESENTATION_CONTEXT(2) 
PARAMETRIC_REPRESENTATION_CONTEXT() REPRESENTATION_CONTEXT('2D SPACE',''
  ) );
#6959 = PCURVE('',#6960,#6965);
#6960 = PLANE('',#6961);
#6961 = AXIS2_PLACEMENT_3D('',#6962,#6963,#6964);
#6962 = CARTESIAN_POINT('',(16.1,26.,-37.4));
#6963 = DIRECTION('',(0.,1.,0.));
#6964 = DIRECTION('',(0.,0.,1.));
#6965 = DEFINITIONAL_REPRESENTATION('',(#6966),#6969);
#6966 = B_SPLINE_CURVE_WITH_KNOTS('',1,(#6967,#6968),.UNSPECIFIED.,.F.,
  .F.,(2,2),(-7.3,-5.2),.PIECEWISE_BEZIER_KNOTS.);
#6967 = CARTESIAN_POINT('',(14.45,1.));
#6968 = CARTESIAN_POINT('',(14.45,3.1));
#6969 = ( GEOMETRIC_REPRESENTATION_CONTEXT(2) 
PARAMETRIC_REPRESENTATION_CONTEXT() REPRESENTATION_CONTEXT('2D SPACE',''
  ) );
#6970 = ORIENTED_EDGE('',*,*,#6971,.T.);
#6971 = EDGE_CURVE('',#6946,#6714,#6972,.T.);
#6972 = SURFACE_CURVE('',#6973,(#6978,#6985),.PCURVE_S1.);
#6973 = CIRCLE('',#6974,1.);
#6974 = AXIS2_PLACEMENT_3D('',#6975,#6976,#6977);
#6975 = CARTESIAN_POINT('',(17.1,25.,-22.95));
#6976 = DIRECTION('',(0.,0.,1.));
#6977 = DIRECTION('',(-1.,-0.,0.));
#6978 = PCURVE('',#6728,#6979);
#6979 = DEFINITIONAL_REPRESENTATION('',(#6980),#6984);
#6980 = CIRCLE('',#6981,1.);
#6981 = AXIS2_PLACEMENT_2D('',#6982,#6983);
#6982 = CARTESIAN_POINT('',(21.4,15.6));
#6983 = DIRECTION('',(0.,1.));
#6984 = ( GEOMETRIC_REPRESENTATION_CONTEXT(2) 
PARAMETRIC_REPRESENTATION_CONTEXT() REPRESENTATION_CONTEXT('2D SPACE',''
  ) );
#6985 = PCURVE('',#6755,#6986);
#6986 = DEFINITIONAL_REPRESENTATION('',(#6987),#6991);
#6987 = LINE('',#6988,#6989);
#6988 = CARTESIAN_POINT('',(-6.28318530718,14.45));
#6989 = VECTOR('',#6990,1.);
#6990 = DIRECTION('',(1.,-0.));
#6991 = ( GEOMETRIC_REPRESENTATION_CONTEXT(2) 
PARAMETRIC_REPRESENTATION_CONTEXT() REPRESENTATION_CONTEXT('2D SPACE',''
  ) );
#6992 = ORIENTED_EDGE('',*,*,#6713,.T.);
#6993 = ADVANCED_FACE('',(#6994),#6933,.T.);
#6994 = FACE_BOUND('',#6995,.T.);
#6995 = EDGE_LOOP('',(#6996,#7019,#7020,#7043));
#6996 = ORIENTED_EDGE('',*,*,#6997,.F.);
#6997 = EDGE_CURVE('',#6896,#6998,#7000,.T.);
#6998 = VERTEX_POINT('',#6999);
#6999 = CARTESIAN_POINT('',(20.2,25.,-22.));
#7000 = SURFACE_CURVE('',#7001,(#7005,#7012),.PCURVE_S1.);
#7001 = LINE('',#7002,#7003);
#7002 = CARTESIAN_POINT('',(20.2,25.,-37.4));
#7003 = VECTOR('',#7004,1.);
#7004 = DIRECTION('',(0.,0.,1.));
#7005 = PCURVE('',#6933,#7006);
#7006 = DEFINITIONAL_REPRESENTATION('',(#7007),#7011);
#7007 = LINE('',#7008,#7009);
#7008 = CARTESIAN_POINT('',(0.,0.));
#7009 = VECTOR('',#7010,1.);
#7010 = DIRECTION('',(0.,1.));
#7011 = ( GEOMETRIC_REPRESENTATION_CONTEXT(2) 
PARAMETRIC_REPRESENTATION_CONTEXT() REPRESENTATION_CONTEXT('2D SPACE',''
  ) );
#7012 = PCURVE('',#5952,#7013);
#7013 = DEFINITIONAL_REPRESENTATION('',(#7014),#7018);
#7014 = LINE('',#7015,#7016);
#7015 = CARTESIAN_POINT('',(0.,-39.5));
#7016 = VECTOR('',#7017,1.);
#7017 = DIRECTION('',(1.,0.));
#7018 = ( GEOMETRIC_REPRESENTATION_CONTEXT(2) 
PARAMETRIC_REPRESENTATION_CONTEXT() REPRESENTATION_CONTEXT('2D SPACE',''
  ) );
#7019 = ORIENTED_EDGE('',*,*,#6916,.T.);
#7020 = ORIENTED_EDGE('',*,*,#7021,.T.);
#7021 = EDGE_CURVE('',#6917,#7022,#7024,.T.);
#7022 = VERTEX_POINT('',#7023);
#7023 = CARTESIAN_POINT('',(19.2,26.,-22.));
#7024 = SURFACE_CURVE('',#7025,(#7029,#7036),.PCURVE_S1.);
#7025 = LINE('',#7026,#7027);
#7026 = CARTESIAN_POINT('',(19.2,26.,-37.4));
#7027 = VECTOR('',#7028,1.);
#7028 = DIRECTION('',(0.,0.,1.));
#7029 = PCURVE('',#6933,#7030);
#7030 = DEFINITIONAL_REPRESENTATION('',(#7031),#7035);
#7031 = LINE('',#7032,#7033);
#7032 = CARTESIAN_POINT('',(1.570796326795,0.));
#7033 = VECTOR('',#7034,1.);
#7034 = DIRECTION('',(0.,1.));
#7035 = ( GEOMETRIC_REPRESENTATION_CONTEXT(2) 
PARAMETRIC_REPRESENTATION_CONTEXT() REPRESENTATION_CONTEXT('2D SPACE',''
  ) );
#7036 = PCURVE('',#6960,#7037);
#7037 = DEFINITIONAL_REPRESENTATION('',(#7038),#7042);
#7038 = LINE('',#7039,#7040);
#7039 = CARTESIAN_POINT('',(0.,3.1));
#7040 = VECTOR('',#7041,1.);
#7041 = DIRECTION('',(1.,0.));
#7042 = ( GEOMETRIC_REPRESENTATION_CONTEXT(2) 
PARAMETRIC_REPRESENTATION_CONTEXT() REPRESENTATION_CONTEXT('2D SPACE',''
  ) );
#7043 = ORIENTED_EDGE('',*,*,#7044,.T.);
#7044 = EDGE_CURVE('',#7022,#6998,#7045,.T.);
#7045 = SURFACE_CURVE('',#7046,(#7051,#7057),.PCURVE_S1.);
#7046 = CIRCLE('',#7047,1.);
#7047 = AXIS2_PLACEMENT_3D('',#7048,#7049,#7050);
#7048 = CARTESIAN_POINT('',(19.2,25.,-22.));
#7049 = DIRECTION('',(0.,0.,-1.));
#7050 = DIRECTION('',(1.,0.,0.));
#7051 = PCURVE('',#6933,#7052);
#7052 = DEFINITIONAL_REPRESENTATION('',(#7053),#7056);
#7053 = B_SPLINE_CURVE_WITH_KNOTS('',1,(#7054,#7055),.UNSPECIFIED.,.F.,
  .F.,(2,2),(4.712388980385,6.28318530718),.PIECEWISE_BEZIER_KNOTS.);
#7054 = CARTESIAN_POINT('',(1.570796326795,15.4));
#7055 = CARTESIAN_POINT('',(0.,15.4));
#7056 = ( GEOMETRIC_REPRESENTATION_CONTEXT(2) 
PARAMETRIC_REPRESENTATION_CONTEXT() REPRESENTATION_CONTEXT('2D SPACE',''
  ) );
#7057 = PCURVE('',#7058,#7063);
#7058 = SPHERICAL_SURFACE('',#7059,1.);
#7059 = AXIS2_PLACEMENT_3D('',#7060,#7061,#7062);
#7060 = CARTESIAN_POINT('',(19.2,25.,-22.));
#7061 = DIRECTION('',(-0.,-1.,-0.));
#7062 = DIRECTION('',(1.,-0.,0.));
#7063 = DEFINITIONAL_REPRESENTATION('',(#7064),#7067);
#7064 = B_SPLINE_CURVE_WITH_KNOTS('',1,(#7065,#7066),.UNSPECIFIED.,.F.,
  .F.,(2,2),(4.712388980385,6.28318530718),.PIECEWISE_BEZIER_KNOTS.);
#7065 = CARTESIAN_POINT('',(0.,-1.570796326795));
#7066 = CARTESIAN_POINT('',(0.,0.));
#7067 = ( GEOMETRIC_REPRESENTATION_CONTEXT(2) 
PARAMETRIC_REPRESENTATION_CONTEXT() REPRESENTATION_CONTEXT('2D SPACE',''
  ) );
#7068 = ADVANCED_FACE('',(#7069),#7058,.T.);
#7069 = FACE_BOUND('',#7070,.T.);
#7070 = EDGE_LOOP('',(#7071,#7072,#7099,#7148));
#7071 = ORIENTED_EDGE('',*,*,#7044,.F.);
#7072 = ORIENTED_EDGE('',*,*,#7073,.T.);
#7073 = EDGE_CURVE('',#7022,#7074,#7076,.T.);
#7074 = VERTEX_POINT('',#7075);
#7075 = CARTESIAN_POINT('',(19.2,25.866025403784,-21.5));
#7076 = SURFACE_CURVE('',#7077,(#7082,#7088),.PCURVE_S1.);
#7077 = CIRCLE('',#7078,1.);
#7078 = AXIS2_PLACEMENT_3D('',#7079,#7080,#7081);
#7079 = CARTESIAN_POINT('',(19.2,25.,-22.));
#7080 = DIRECTION('',(1.,0.,-6.123233995737E-17));
#7081 = DIRECTION('',(6.123233995737E-17,0.,1.));
#7082 = PCURVE('',#7058,#7083);
#7083 = DEFINITIONAL_REPRESENTATION('',(#7084),#7087);
#7084 = B_SPLINE_CURVE_WITH_KNOTS('',1,(#7085,#7086),.UNSPECIFIED.,.F.,
  .F.,(2,2),(4.712388980385,6.28318530718),.PIECEWISE_BEZIER_KNOTS.);
#7085 = CARTESIAN_POINT('',(1.570796326795,-1.570796326795));
#7086 = CARTESIAN_POINT('',(1.570796326795,0.));
#7087 = ( GEOMETRIC_REPRESENTATION_CONTEXT(2) 
PARAMETRIC_REPRESENTATION_CONTEXT() REPRESENTATION_CONTEXT('2D SPACE',''
  ) );
#7088 = PCURVE('',#7089,#7094);
#7089 = CYLINDRICAL_SURFACE('',#7090,1.);
#7090 = AXIS2_PLACEMENT_3D('',#7091,#7092,#7093);
#7091 = CARTESIAN_POINT('',(16.1,25.,-22.));
#7092 = DIRECTION('',(1.,0.,0.));
#7093 = DIRECTION('',(-0.,1.,0.));
#7094 = DEFINITIONAL_REPRESENTATION('',(#7095),#7098);
#7095 = B_SPLINE_CURVE_WITH_KNOTS('',1,(#7096,#7097),.UNSPECIFIED.,.F.,
  .F.,(2,2),(4.712388980385,6.28318530718),.PIECEWISE_BEZIER_KNOTS.);
#7096 = CARTESIAN_POINT('',(0.,3.1));
#7097 = CARTESIAN_POINT('',(1.570796326795,3.1));
#7098 = ( GEOMETRIC_REPRESENTATION_CONTEXT(2) 
PARAMETRIC_REPRESENTATION_CONTEXT() REPRESENTATION_CONTEXT('2D SPACE',''
  ) );
#7099 = ORIENTED_EDGE('',*,*,#7100,.F.);
#7100 = EDGE_CURVE('',#7101,#7074,#7103,.T.);
#7101 = VERTEX_POINT('',#7102);
#7102 = CARTESIAN_POINT('',(20.066025403784,25.,-21.5));
#7103 = SURFACE_CURVE('',#7104,(#7109,#7136),.PCURVE_S1.);
#7104 = CIRCLE('',#7105,0.866025403784);
#7105 = AXIS2_PLACEMENT_3D('',#7106,#7107,#7108);
#7106 = CARTESIAN_POINT('',(19.2,25.,-21.5));
#7107 = DIRECTION('',(0.,0.,1.));
#7108 = DIRECTION('',(0.,-1.,0.));
#7109 = PCURVE('',#7058,#7110);
#7110 = DEFINITIONAL_REPRESENTATION('',(#7111),#7135);
#7111 = B_SPLINE_CURVE_WITH_KNOTS('',8,(#7112,#7113,#7114,#7115,#7116,
    #7117,#7118,#7119,#7120,#7121,#7122,#7123,#7124,#7125,#7126,#7127,
    #7128,#7129,#7130,#7131,#7132,#7133,#7134),.UNSPECIFIED.,.F.,.F.,(9,
    7,7,9),(1.570796326795,2.356194490192,2.748893571891,3.14159265359),
  .UNSPECIFIED.);
#7112 = CARTESIAN_POINT('',(0.523598775598,0.));
#7113 = CARTESIAN_POINT('',(0.523598775598,-8.502184519848E-02));
#7114 = CARTESIAN_POINT('',(0.528369517803,-0.170043947404));
#7115 = CARTESIAN_POINT('',(0.537904707942,-0.254752410748));
#7116 = CARTESIAN_POINT('',(0.552562792525,-0.338839930118));
#7117 = CARTESIAN_POINT('',(0.573015515239,-0.421931761515));
#7118 = CARTESIAN_POINT('',(0.600401836572,-0.50355365079));
#7119 = CARTESIAN_POINT('',(0.636623584371,-0.583012185652));
#7120 = CARTESIAN_POINT('',(0.708767012318,-0.697080960914));
#7121 = CARTESIAN_POINT('',(0.735782889741,-0.734250572578));
#7122 = CARTESIAN_POINT('',(0.766144051025,-0.770411042938));
#7123 = CARTESIAN_POINT('',(0.800297326002,-0.805369429748));
#7124 = CARTESIAN_POINT('',(0.838752770359,-0.838890464239));
#7125 = CARTESIAN_POINT('',(0.882089727963,-0.870675305284));
#7126 = CARTESIAN_POINT('',(0.930882973352,-0.900347219425));
#7127 = CARTESIAN_POINT('',(1.040030154657,-0.954587073296));
#7128 = CARTESIAN_POINT('',(1.100383150503,-0.979155140998));
#7129 = CARTESIAN_POINT('',(1.16684789351,-1.000732677367));
#7130 = CARTESIAN_POINT('',(1.239465148587,-1.018822161367));
#7131 = CARTESIAN_POINT('',(1.317910404118,-1.032889046864));
#7132 = CARTESIAN_POINT('',(1.400753593515,-1.04242774447));
#7133 = CARTESIAN_POINT('',(1.485774481596,-1.047197551197));
#7134 = CARTESIAN_POINT('',(1.570796326795,-1.047197551197));
#7135 = ( GEOMETRIC_REPRESENTATION_CONTEXT(2) 
PARAMETRIC_REPRESENTATION_CONTEXT() REPRESENTATION_CONTEXT('2D SPACE',''
  ) );
#7136 = PCURVE('',#7137,#7142);
#7137 = SPHERICAL_SURFACE('',#7138,1.);
#7138 = AXIS2_PLACEMENT_3D('',#7139,#7140,#7141);
#7139 = CARTESIAN_POINT('',(19.2,25.,-21.));
#7140 = DIRECTION('',(0.,0.,1.));
#7141 = DIRECTION('',(1.,0.,-0.));
#7142 = DEFINITIONAL_REPRESENTATION('',(#7143),#7147);
#7143 = LINE('',#7144,#7145);
#7144 = CARTESIAN_POINT('',(-1.570796326795,-0.523598775598));
#7145 = VECTOR('',#7146,1.);
#7146 = DIRECTION('',(1.,0.));
#7147 = ( GEOMETRIC_REPRESENTATION_CONTEXT(2) 
PARAMETRIC_REPRESENTATION_CONTEXT() REPRESENTATION_CONTEXT('2D SPACE',''
  ) );
#7148 = ORIENTED_EDGE('',*,*,#7149,.F.);
#7149 = EDGE_CURVE('',#6998,#7101,#7150,.T.);
#7150 = SURFACE_CURVE('',#7151,(#7156,#7163),.PCURVE_S1.);
#7151 = CIRCLE('',#7152,1.);
#7152 = AXIS2_PLACEMENT_3D('',#7153,#7154,#7155);
#7153 = CARTESIAN_POINT('',(19.2,25.,-22.));
#7154 = DIRECTION('',(-0.,-1.,0.));
#7155 = DIRECTION('',(1.,-0.,0.));
#7156 = PCURVE('',#7058,#7157);
#7157 = DEFINITIONAL_REPRESENTATION('',(#7158),#7162);
#7158 = LINE('',#7159,#7160);
#7159 = CARTESIAN_POINT('',(0.,0.));
#7160 = VECTOR('',#7161,1.);
#7161 = DIRECTION('',(1.,0.));
#7162 = ( GEOMETRIC_REPRESENTATION_CONTEXT(2) 
PARAMETRIC_REPRESENTATION_CONTEXT() REPRESENTATION_CONTEXT('2D SPACE',''
  ) );
#7163 = PCURVE('',#5439,#7164);
#7164 = DEFINITIONAL_REPRESENTATION('',(#7165),#7169);
#7165 = LINE('',#7166,#7167);
#7166 = CARTESIAN_POINT('',(-0.,39.5));
#7167 = VECTOR('',#7168,1.);
#7168 = DIRECTION('',(-1.,0.));
#7169 = ( GEOMETRIC_REPRESENTATION_CONTEXT(2) 
PARAMETRIC_REPRESENTATION_CONTEXT() REPRESENTATION_CONTEXT('2D SPACE',''
  ) );
#7170 = ADVANCED_FACE('',(#7171),#7089,.T.);
#7171 = FACE_BOUND('',#7172,.T.);
#7172 = EDGE_LOOP('',(#7173,#7196,#7223,#7247));
#7173 = ORIENTED_EDGE('',*,*,#7174,.F.);
#7174 = EDGE_CURVE('',#7175,#7022,#7177,.T.);
#7175 = VERTEX_POINT('',#7176);
#7176 = CARTESIAN_POINT('',(17.1,26.,-22.));
#7177 = SURFACE_CURVE('',#7178,(#7182,#7189),.PCURVE_S1.);
#7178 = LINE('',#7179,#7180);
#7179 = CARTESIAN_POINT('',(16.1,26.,-22.));
#7180 = VECTOR('',#7181,1.);
#7181 = DIRECTION('',(1.,0.,0.));
#7182 = PCURVE('',#7089,#7183);
#7183 = DEFINITIONAL_REPRESENTATION('',(#7184),#7188);
#7184 = LINE('',#7185,#7186);
#7185 = CARTESIAN_POINT('',(0.,0.));
#7186 = VECTOR('',#7187,1.);
#7187 = DIRECTION('',(0.,1.));
#7188 = ( GEOMETRIC_REPRESENTATION_CONTEXT(2) 
PARAMETRIC_REPRESENTATION_CONTEXT() REPRESENTATION_CONTEXT('2D SPACE',''
  ) );
#7189 = PCURVE('',#6960,#7190);
#7190 = DEFINITIONAL_REPRESENTATION('',(#7191),#7195);
#7191 = LINE('',#7192,#7193);
#7192 = CARTESIAN_POINT('',(15.4,0.));
#7193 = VECTOR('',#7194,1.);
#7194 = DIRECTION('',(0.,1.));
#7195 = ( GEOMETRIC_REPRESENTATION_CONTEXT(2) 
PARAMETRIC_REPRESENTATION_CONTEXT() REPRESENTATION_CONTEXT('2D SPACE',''
  ) );
#7196 = ORIENTED_EDGE('',*,*,#7197,.T.);
#7197 = EDGE_CURVE('',#7175,#7198,#7200,.T.);
#7198 = VERTEX_POINT('',#7199);
#7199 = CARTESIAN_POINT('',(17.1,25.866025403784,-21.5));
#7200 = SURFACE_CURVE('',#7201,(#7206,#7212),.PCURVE_S1.);
#7201 = CIRCLE('',#7202,1.);
#7202 = AXIS2_PLACEMENT_3D('',#7203,#7204,#7205);
#7203 = CARTESIAN_POINT('',(17.1,25.,-22.));
#7204 = DIRECTION('',(1.,0.,6.123233995737E-17));
#7205 = DIRECTION('',(-6.123233995737E-17,0.,1.));
#7206 = PCURVE('',#7089,#7207);
#7207 = DEFINITIONAL_REPRESENTATION('',(#7208),#7211);
#7208 = B_SPLINE_CURVE_WITH_KNOTS('',1,(#7209,#7210),.UNSPECIFIED.,.F.,
  .F.,(2,2),(4.712388980385,6.28318530718),.PIECEWISE_BEZIER_KNOTS.);
#7209 = CARTESIAN_POINT('',(0.,1.));
#7210 = CARTESIAN_POINT('',(1.570796326795,1.));
#7211 = ( GEOMETRIC_REPRESENTATION_CONTEXT(2) 
PARAMETRIC_REPRESENTATION_CONTEXT() REPRESENTATION_CONTEXT('2D SPACE',''
  ) );
#7212 = PCURVE('',#7213,#7218);
#7213 = SPHERICAL_SURFACE('',#7214,1.);
#7214 = AXIS2_PLACEMENT_3D('',#7215,#7216,#7217);
#7215 = CARTESIAN_POINT('',(17.1,25.,-22.));
#7216 = DIRECTION('',(-0.,-1.,-0.));
#7217 = DIRECTION('',(-1.,0.,0.));
#7218 = DEFINITIONAL_REPRESENTATION('',(#7219),#7222);
#7219 = B_SPLINE_CURVE_WITH_KNOTS('',1,(#7220,#7221),.UNSPECIFIED.,.F.,
  .F.,(2,2),(4.712388980385,6.28318530718),.PIECEWISE_BEZIER_KNOTS.);
#7220 = CARTESIAN_POINT('',(-1.570796326795,-1.570796326795));
#7221 = CARTESIAN_POINT('',(-1.570796326795,0.));
#7222 = ( GEOMETRIC_REPRESENTATION_CONTEXT(2) 
PARAMETRIC_REPRESENTATION_CONTEXT() REPRESENTATION_CONTEXT('2D SPACE',''
  ) );
#7223 = ORIENTED_EDGE('',*,*,#7224,.T.);
#7224 = EDGE_CURVE('',#7198,#7074,#7225,.T.);
#7225 = SURFACE_CURVE('',#7226,(#7230,#7236),.PCURVE_S1.);
#7226 = LINE('',#7227,#7228);
#7227 = CARTESIAN_POINT('',(16.1,25.866025403784,-21.5));
#7228 = VECTOR('',#7229,1.);
#7229 = DIRECTION('',(1.,0.,0.));
#7230 = PCURVE('',#7089,#7231);
#7231 = DEFINITIONAL_REPRESENTATION('',(#7232),#7235);
#7232 = B_SPLINE_CURVE_WITH_KNOTS('',1,(#7233,#7234),.UNSPECIFIED.,.F.,
  .F.,(2,2),(0.9999994,3.1000006),.PIECEWISE_BEZIER_KNOTS.);
#7233 = CARTESIAN_POINT('',(0.523598775598,0.9999994));
#7234 = CARTESIAN_POINT('',(0.523598775598,3.1000006));
#7235 = ( GEOMETRIC_REPRESENTATION_CONTEXT(2) 
PARAMETRIC_REPRESENTATION_CONTEXT() REPRESENTATION_CONTEXT('2D SPACE',''
  ) );
#7236 = PCURVE('',#7237,#7242);
#7237 = CYLINDRICAL_SURFACE('',#7238,1.);
#7238 = AXIS2_PLACEMENT_3D('',#7239,#7240,#7241);
#7239 = CARTESIAN_POINT('',(16.1,25.,-21.));
#7240 = DIRECTION('',(1.,0.,0.));
#7241 = DIRECTION('',(-0.,1.,0.));
#7242 = DEFINITIONAL_REPRESENTATION('',(#7243),#7246);
#7243 = B_SPLINE_CURVE_WITH_KNOTS('',1,(#7244,#7245),.UNSPECIFIED.,.F.,
  .F.,(2,2),(0.9999994,3.1000006),.PIECEWISE_BEZIER_KNOTS.);
#7244 = CARTESIAN_POINT('',(-0.523598775598,0.9999994));
#7245 = CARTESIAN_POINT('',(-0.523598775598,3.1000006));
#7246 = ( GEOMETRIC_REPRESENTATION_CONTEXT(2) 
PARAMETRIC_REPRESENTATION_CONTEXT() REPRESENTATION_CONTEXT('2D SPACE',''
  ) );
#7247 = ORIENTED_EDGE('',*,*,#7073,.F.);
#7248 = ADVANCED_FACE('',(#7249),#7213,.T.);
#7249 = FACE_BOUND('',#7250,.F.);
#7250 = EDGE_LOOP('',(#7251,#7271,#7272,#7321));
#7251 = ORIENTED_EDGE('',*,*,#7252,.F.);
#7252 = EDGE_CURVE('',#7175,#6740,#7253,.T.);
#7253 = SURFACE_CURVE('',#7254,(#7259,#7265),.PCURVE_S1.);
#7254 = CIRCLE('',#7255,1.);
#7255 = AXIS2_PLACEMENT_3D('',#7256,#7257,#7258);
#7256 = CARTESIAN_POINT('',(17.1,25.,-22.));
#7257 = DIRECTION('',(0.,0.,1.));
#7258 = DIRECTION('',(-1.,0.,0.));
#7259 = PCURVE('',#7213,#7260);
#7260 = DEFINITIONAL_REPRESENTATION('',(#7261),#7264);
#7261 = B_SPLINE_CURVE_WITH_KNOTS('',1,(#7262,#7263),.UNSPECIFIED.,.F.,
  .F.,(2,2),(4.712388980385,6.28318530718),.PIECEWISE_BEZIER_KNOTS.);
#7262 = CARTESIAN_POINT('',(0.,-1.570796326795));
#7263 = CARTESIAN_POINT('',(0.,0.));
#7264 = ( GEOMETRIC_REPRESENTATION_CONTEXT(2) 
PARAMETRIC_REPRESENTATION_CONTEXT() REPRESENTATION_CONTEXT('2D SPACE',''
  ) );
#7265 = PCURVE('',#6755,#7266);
#7266 = DEFINITIONAL_REPRESENTATION('',(#7267),#7270);
#7267 = B_SPLINE_CURVE_WITH_KNOTS('',1,(#7268,#7269),.UNSPECIFIED.,.F.,
  .F.,(2,2),(4.712388980385,6.28318530718),.PIECEWISE_BEZIER_KNOTS.);
#7268 = CARTESIAN_POINT('',(-1.570796326795,15.4));
#7269 = CARTESIAN_POINT('',(0.,15.4));
#7270 = ( GEOMETRIC_REPRESENTATION_CONTEXT(2) 
PARAMETRIC_REPRESENTATION_CONTEXT() REPRESENTATION_CONTEXT('2D SPACE',''
  ) );
#7271 = ORIENTED_EDGE('',*,*,#7197,.T.);
#7272 = ORIENTED_EDGE('',*,*,#7273,.T.);
#7273 = EDGE_CURVE('',#7198,#7274,#7276,.T.);
#7274 = VERTEX_POINT('',#7275);
#7275 = CARTESIAN_POINT('',(16.233974596216,25.,-21.5));
#7276 = SURFACE_CURVE('',#7277,(#7282,#7309),.PCURVE_S1.);
#7277 = CIRCLE('',#7278,0.866025403784);
#7278 = AXIS2_PLACEMENT_3D('',#7279,#7280,#7281);
#7279 = CARTESIAN_POINT('',(17.1,25.,-21.5));
#7280 = DIRECTION('',(0.,0.,1.));
#7281 = DIRECTION('',(0.,-1.,0.));
#7282 = PCURVE('',#7213,#7283);
#7283 = DEFINITIONAL_REPRESENTATION('',(#7284),#7308);
#7284 = B_SPLINE_CURVE_WITH_KNOTS('',8,(#7285,#7286,#7287,#7288,#7289,
    #7290,#7291,#7292,#7293,#7294,#7295,#7296,#7297,#7298,#7299,#7300,
    #7301,#7302,#7303,#7304,#7305,#7306,#7307),.UNSPECIFIED.,.F.,.F.,(9,
    7,7,9),(3.14159265359,3.534291735289,4.123340357837,4.712388980385),
  .UNSPECIFIED.);
#7285 = CARTESIAN_POINT('',(-1.570796326795,-1.047197551197));
#7286 = CARTESIAN_POINT('',(-1.485774481596,-1.047197551197));
#7287 = CARTESIAN_POINT('',(-1.400753593515,-1.042427744471));
#7288 = CARTESIAN_POINT('',(-1.317910404115,-1.032889046862));
#7289 = CARTESIAN_POINT('',(-1.239465148582,-1.018822161367));
#7290 = CARTESIAN_POINT('',(-1.166847893507,-1.000732677366));
#7291 = CARTESIAN_POINT('',(-1.100383150503,-0.979155140998));
#7292 = CARTESIAN_POINT('',(-1.040030154657,-0.954587073296));
#7293 = CARTESIAN_POINT('',(-0.903596178026,-0.886787255957));
#7294 = CARTESIAN_POINT('',(-0.834741209866,-0.84036538515));
#7295 = CARTESIAN_POINT('',(-0.77780156527,-0.789683180654));
#7296 = CARTESIAN_POINT('',(-0.730397100661,-0.735909308858));
#7297 = CARTESIAN_POINT('',(-0.690817294399,-0.679764142322));
#7298 = CARTESIAN_POINT('',(-0.657689298796,-0.621806996617));
#7299 = CARTESIAN_POINT('',(-0.629988707447,-0.562432680785));
#7300 = CARTESIAN_POINT('',(-0.583890574804,-0.441471935388));
#7301 = CARTESIAN_POINT('',(-0.565492942704,-0.379885672404));
#7302 = CARTESIAN_POINT('',(-0.550971941107,-0.317501142992));
#7303 = CARTESIAN_POINT('',(-0.539805141949,-0.254538836495));
#7304 = CARTESIAN_POINT('',(-0.531647336749,-0.191167998216));
#7305 = CARTESIAN_POINT('',(-0.526281914796,-0.12753245614));
#7306 = CARTESIAN_POINT('',(-0.523598775598,-6.376638389886E-02));
#7307 = CARTESIAN_POINT('',(-0.523598775598,0.));
#7308 = ( GEOMETRIC_REPRESENTATION_CONTEXT(2) 
PARAMETRIC_REPRESENTATION_CONTEXT() REPRESENTATION_CONTEXT('2D SPACE',''
  ) );
#7309 = PCURVE('',#7310,#7315);
#7310 = SPHERICAL_SURFACE('',#7311,1.);
#7311 = AXIS2_PLACEMENT_3D('',#7312,#7313,#7314);
#7312 = CARTESIAN_POINT('',(17.1,25.,-21.));
#7313 = DIRECTION('',(0.,0.,1.));
#7314 = DIRECTION('',(-1.,0.,0.));
#7315 = DEFINITIONAL_REPRESENTATION('',(#7316),#7320);
#7316 = LINE('',#7317,#7318);
#7317 = CARTESIAN_POINT('',(-4.712388980385,-0.523598775598));
#7318 = VECTOR('',#7319,1.);
#7319 = DIRECTION('',(1.,-0.));
#7320 = ( GEOMETRIC_REPRESENTATION_CONTEXT(2) 
PARAMETRIC_REPRESENTATION_CONTEXT() REPRESENTATION_CONTEXT('2D SPACE',''
  ) );
#7321 = ORIENTED_EDGE('',*,*,#7322,.F.);
#7322 = EDGE_CURVE('',#6740,#7274,#7323,.T.);
#7323 = SURFACE_CURVE('',#7324,(#7329,#7336),.PCURVE_S1.);
#7324 = CIRCLE('',#7325,1.);
#7325 = AXIS2_PLACEMENT_3D('',#7326,#7327,#7328);
#7326 = CARTESIAN_POINT('',(17.1,25.,-22.));
#7327 = DIRECTION('',(0.,1.,0.));
#7328 = DIRECTION('',(-1.,0.,0.));
#7329 = PCURVE('',#7213,#7330);
#7330 = DEFINITIONAL_REPRESENTATION('',(#7331),#7335);
#7331 = LINE('',#7332,#7333);
#7332 = CARTESIAN_POINT('',(-0.,0.));
#7333 = VECTOR('',#7334,1.);
#7334 = DIRECTION('',(-1.,0.));
#7335 = ( GEOMETRIC_REPRESENTATION_CONTEXT(2) 
PARAMETRIC_REPRESENTATION_CONTEXT() REPRESENTATION_CONTEXT('2D SPACE',''
  ) );
#7336 = PCURVE('',#5218,#7337);
#7337 = DEFINITIONAL_REPRESENTATION('',(#7338),#7342);
#7338 = LINE('',#7339,#7340);
#7339 = CARTESIAN_POINT('',(0.,39.5));
#7340 = VECTOR('',#7341,1.);
#7341 = DIRECTION('',(1.,0.));
#7342 = ( GEOMETRIC_REPRESENTATION_CONTEXT(2) 
PARAMETRIC_REPRESENTATION_CONTEXT() REPRESENTATION_CONTEXT('2D SPACE',''
  ) );
#7343 = ADVANCED_FACE('',(#7344),#7310,.T.);
#7344 = FACE_BOUND('',#7345,.F.);
#7345 = EDGE_LOOP('',(#7346,#7373,#7374,#7396));
#7346 = ORIENTED_EDGE('',*,*,#7347,.F.);
#7347 = EDGE_CURVE('',#7274,#7348,#7350,.T.);
#7348 = VERTEX_POINT('',#7349);
#7349 = CARTESIAN_POINT('',(16.1,25.,-21.));
#7350 = SURFACE_CURVE('',#7351,(#7356,#7362),.PCURVE_S1.);
#7351 = CIRCLE('',#7352,1.);
#7352 = AXIS2_PLACEMENT_3D('',#7353,#7354,#7355);
#7353 = CARTESIAN_POINT('',(17.1,25.,-21.));
#7354 = DIRECTION('',(0.,1.,-0.));
#7355 = DIRECTION('',(-1.,0.,0.));
#7356 = PCURVE('',#7310,#7357);
#7357 = DEFINITIONAL_REPRESENTATION('',(#7358),#7361);
#7358 = B_SPLINE_CURVE_WITH_KNOTS('',1,(#7359,#7360),.UNSPECIFIED.,.F.,
  .F.,(2,2),(4.712388980385,6.28318530718),.PIECEWISE_BEZIER_KNOTS.);
#7359 = CARTESIAN_POINT('',(0.,-1.570796326795));
#7360 = CARTESIAN_POINT('',(0.,0.));
#7361 = ( GEOMETRIC_REPRESENTATION_CONTEXT(2) 
PARAMETRIC_REPRESENTATION_CONTEXT() REPRESENTATION_CONTEXT('2D SPACE',''
  ) );
#7362 = PCURVE('',#7363,#7368);
#7363 = CYLINDRICAL_SURFACE('',#7364,1.);
#7364 = AXIS2_PLACEMENT_3D('',#7365,#7366,#7367);
#7365 = CARTESIAN_POINT('',(17.1,15.2,-21.));
#7366 = DIRECTION('',(0.,1.,0.));
#7367 = DIRECTION('',(-1.,0.,0.));
#7368 = DEFINITIONAL_REPRESENTATION('',(#7369),#7372);
#7369 = B_SPLINE_CURVE_WITH_KNOTS('',1,(#7370,#7371),.UNSPECIFIED.,.F.,
  .F.,(2,2),(4.712388980385,6.28318530718),.PIECEWISE_BEZIER_KNOTS.);
#7370 = CARTESIAN_POINT('',(-1.570796326795,9.8));
#7371 = CARTESIAN_POINT('',(0.,9.8));
#7372 = ( GEOMETRIC_REPRESENTATION_CONTEXT(2) 
PARAMETRIC_REPRESENTATION_CONTEXT() REPRESENTATION_CONTEXT('2D SPACE',''
  ) );
#7373 = ORIENTED_EDGE('',*,*,#7273,.F.);
#7374 = ORIENTED_EDGE('',*,*,#7375,.T.);
#7375 = EDGE_CURVE('',#7198,#7376,#7378,.T.);
#7376 = VERTEX_POINT('',#7377);
#7377 = CARTESIAN_POINT('',(17.1,26.,-21.));
#7378 = SURFACE_CURVE('',#7379,(#7384,#7390),.PCURVE_S1.);
#7379 = CIRCLE('',#7380,1.);
#7380 = AXIS2_PLACEMENT_3D('',#7381,#7382,#7383);
#7381 = CARTESIAN_POINT('',(17.1,25.,-21.));
#7382 = DIRECTION('',(1.,6.123233995737E-17,-0.));
#7383 = DIRECTION('',(-6.123233995737E-17,1.,0.));
#7384 = PCURVE('',#7310,#7385);
#7385 = DEFINITIONAL_REPRESENTATION('',(#7386),#7389);
#7386 = B_SPLINE_CURVE_WITH_KNOTS('',1,(#7387,#7388),.UNSPECIFIED.,.F.,
  .F.,(2,2),(4.712388980385,6.28318530718),.PIECEWISE_BEZIER_KNOTS.);
#7387 = CARTESIAN_POINT('',(-1.570796326795,-1.570796326795));
#7388 = CARTESIAN_POINT('',(-1.570796326795,0.));
#7389 = ( GEOMETRIC_REPRESENTATION_CONTEXT(2) 
PARAMETRIC_REPRESENTATION_CONTEXT() REPRESENTATION_CONTEXT('2D SPACE',''
  ) );
#7390 = PCURVE('',#7237,#7391);
#7391 = DEFINITIONAL_REPRESENTATION('',(#7392),#7395);
#7392 = B_SPLINE_CURVE_WITH_KNOTS('',1,(#7393,#7394),.UNSPECIFIED.,.F.,
  .F.,(2,2),(4.712388980385,6.28318530718),.PIECEWISE_BEZIER_KNOTS.);
#7393 = CARTESIAN_POINT('',(-1.570796326795,1.));
#7394 = CARTESIAN_POINT('',(0.,1.));
#7395 = ( GEOMETRIC_REPRESENTATION_CONTEXT(2) 
PARAMETRIC_REPRESENTATION_CONTEXT() REPRESENTATION_CONTEXT('2D SPACE',''
  ) );
#7396 = ORIENTED_EDGE('',*,*,#7397,.F.);
#7397 = EDGE_CURVE('',#7348,#7376,#7398,.T.);
#7398 = SURFACE_CURVE('',#7399,(#7404,#7411),.PCURVE_S1.);
#7399 = CIRCLE('',#7400,1.);
#7400 = AXIS2_PLACEMENT_3D('',#7401,#7402,#7403);
#7401 = CARTESIAN_POINT('',(17.1,25.,-21.));
#7402 = DIRECTION('',(-0.,0.,-1.));
#7403 = DIRECTION('',(-1.,0.,0.));
#7404 = PCURVE('',#7310,#7405);
#7405 = DEFINITIONAL_REPRESENTATION('',(#7406),#7410);
#7406 = LINE('',#7407,#7408);
#7407 = CARTESIAN_POINT('',(-0.,0.));
#7408 = VECTOR('',#7409,1.);
#7409 = DIRECTION('',(-1.,0.));
#7410 = ( GEOMETRIC_REPRESENTATION_CONTEXT(2) 
PARAMETRIC_REPRESENTATION_CONTEXT() REPRESENTATION_CONTEXT('2D SPACE',''
  ) );
#7411 = PCURVE('',#7412,#7417);
#7412 = CYLINDRICAL_SURFACE('',#7413,1.);
#7413 = AXIS2_PLACEMENT_3D('',#7414,#7415,#7416);
#7414 = CARTESIAN_POINT('',(17.1,25.,-22.));
#7415 = DIRECTION('',(0.,0.,1.));
#7416 = DIRECTION('',(-1.,-0.,0.));
#7417 = DEFINITIONAL_REPRESENTATION('',(#7418),#7422);
#7418 = LINE('',#7419,#7420);
#7419 = CARTESIAN_POINT('',(-0.,1.));
#7420 = VECTOR('',#7421,1.);
#7421 = DIRECTION('',(-1.,0.));
#7422 = ( GEOMETRIC_REPRESENTATION_CONTEXT(2) 
PARAMETRIC_REPRESENTATION_CONTEXT() REPRESENTATION_CONTEXT('2D SPACE',''
  ) );
#7423 = ADVANCED_FACE('',(#7424),#7412,.T.);
#7424 = FACE_BOUND('',#7425,.F.);
#7425 = EDGE_LOOP('',(#7426,#7454,#7455,#7483));
#7426 = ORIENTED_EDGE('',*,*,#7427,.F.);
#7427 = EDGE_CURVE('',#7348,#7428,#7430,.T.);
#7428 = VERTEX_POINT('',#7429);
#7429 = CARTESIAN_POINT('',(16.1,25.,-5.));
#7430 = SURFACE_CURVE('',#7431,(#7435,#7442),.PCURVE_S1.);
#7431 = LINE('',#7432,#7433);
#7432 = CARTESIAN_POINT('',(16.1,25.,-22.));
#7433 = VECTOR('',#7434,1.);
#7434 = DIRECTION('',(0.,0.,1.));
#7435 = PCURVE('',#7412,#7436);
#7436 = DEFINITIONAL_REPRESENTATION('',(#7437),#7441);
#7437 = LINE('',#7438,#7439);
#7438 = CARTESIAN_POINT('',(-0.,0.));
#7439 = VECTOR('',#7440,1.);
#7440 = DIRECTION('',(-0.,1.));
#7441 = ( GEOMETRIC_REPRESENTATION_CONTEXT(2) 
PARAMETRIC_REPRESENTATION_CONTEXT() REPRESENTATION_CONTEXT('2D SPACE',''
  ) );
#7442 = PCURVE('',#7443,#7448);
#7443 = PLANE('',#7444);
#7444 = AXIS2_PLACEMENT_3D('',#7445,#7446,#7447);
#7445 = CARTESIAN_POINT('',(16.1,15.2,-22.));
#7446 = DIRECTION('',(1.,0.,0.));
#7447 = DIRECTION('',(0.,0.,1.));
#7448 = DEFINITIONAL_REPRESENTATION('',(#7449),#7453);
#7449 = LINE('',#7450,#7451);
#7450 = CARTESIAN_POINT('',(0.,-9.8));
#7451 = VECTOR('',#7452,1.);
#7452 = DIRECTION('',(1.,0.));
#7453 = ( GEOMETRIC_REPRESENTATION_CONTEXT(2) 
PARAMETRIC_REPRESENTATION_CONTEXT() REPRESENTATION_CONTEXT('2D SPACE',''
  ) );
#7454 = ORIENTED_EDGE('',*,*,#7397,.T.);
#7455 = ORIENTED_EDGE('',*,*,#7456,.T.);
#7456 = EDGE_CURVE('',#7376,#7457,#7459,.T.);
#7457 = VERTEX_POINT('',#7458);
#7458 = CARTESIAN_POINT('',(17.1,26.,-5.));
#7459 = SURFACE_CURVE('',#7460,(#7464,#7471),.PCURVE_S1.);
#7460 = LINE('',#7461,#7462);
#7461 = CARTESIAN_POINT('',(17.1,26.,-22.));
#7462 = VECTOR('',#7463,1.);
#7463 = DIRECTION('',(0.,0.,1.));
#7464 = PCURVE('',#7412,#7465);
#7465 = DEFINITIONAL_REPRESENTATION('',(#7466),#7470);
#7466 = LINE('',#7467,#7468);
#7467 = CARTESIAN_POINT('',(-1.570796326795,0.));
#7468 = VECTOR('',#7469,1.);
#7469 = DIRECTION('',(-0.,1.));
#7470 = ( GEOMETRIC_REPRESENTATION_CONTEXT(2) 
PARAMETRIC_REPRESENTATION_CONTEXT() REPRESENTATION_CONTEXT('2D SPACE',''
  ) );
#7471 = PCURVE('',#7472,#7477);
#7472 = PLANE('',#7473);
#7473 = AXIS2_PLACEMENT_3D('',#7474,#7475,#7476);
#7474 = CARTESIAN_POINT('',(16.1,26.,-22.));
#7475 = DIRECTION('',(0.,1.,0.));
#7476 = DIRECTION('',(0.,0.,1.));
#7477 = DEFINITIONAL_REPRESENTATION('',(#7478),#7482);
#7478 = LINE('',#7479,#7480);
#7479 = CARTESIAN_POINT('',(0.,1.));
#7480 = VECTOR('',#7481,1.);
#7481 = DIRECTION('',(1.,0.));
#7482 = ( GEOMETRIC_REPRESENTATION_CONTEXT(2) 
PARAMETRIC_REPRESENTATION_CONTEXT() REPRESENTATION_CONTEXT('2D SPACE',''
  ) );
#7483 = ORIENTED_EDGE('',*,*,#7484,.T.);
#7484 = EDGE_CURVE('',#7457,#7428,#7485,.T.);
#7485 = SURFACE_CURVE('',#7486,(#7491,#7497),.PCURVE_S1.);
#7486 = CIRCLE('',#7487,1.);
#7487 = AXIS2_PLACEMENT_3D('',#7488,#7489,#7490);
#7488 = CARTESIAN_POINT('',(17.1,25.,-5.));
#7489 = DIRECTION('',(0.,0.,1.));
#7490 = DIRECTION('',(-1.,0.,0.));
#7491 = PCURVE('',#7412,#7492);
#7492 = DEFINITIONAL_REPRESENTATION('',(#7493),#7496);
#7493 = B_SPLINE_CURVE_WITH_KNOTS('',1,(#7494,#7495),.UNSPECIFIED.,.F.,
  .F.,(2,2),(4.712388980385,6.28318530718),.PIECEWISE_BEZIER_KNOTS.);
#7494 = CARTESIAN_POINT('',(-1.570796326795,17.));
#7495 = CARTESIAN_POINT('',(0.,17.));
#7496 = ( GEOMETRIC_REPRESENTATION_CONTEXT(2) 
PARAMETRIC_REPRESENTATION_CONTEXT() REPRESENTATION_CONTEXT('2D SPACE',''
  ) );
#7497 = PCURVE('',#7498,#7503);
#7498 = SPHERICAL_SURFACE('',#7499,1.);
#7499 = AXIS2_PLACEMENT_3D('',#7500,#7501,#7502);
#7500 = CARTESIAN_POINT('',(17.1,25.,-5.));
#7501 = DIRECTION('',(-0.,-1.,-0.));
#7502 = DIRECTION('',(-1.,0.,0.));
#7503 = DEFINITIONAL_REPRESENTATION('',(#7504),#7507);
#7504 = B_SPLINE_CURVE_WITH_KNOTS('',1,(#7505,#7506),.UNSPECIFIED.,.F.,
  .F.,(2,2),(4.712388980385,6.28318530718),.PIECEWISE_BEZIER_KNOTS.);
#7505 = CARTESIAN_POINT('',(0.,-1.570796326795));
#7506 = CARTESIAN_POINT('',(0.,0.));
#7507 = ( GEOMETRIC_REPRESENTATION_CONTEXT(2) 
PARAMETRIC_REPRESENTATION_CONTEXT() REPRESENTATION_CONTEXT('2D SPACE',''
  ) );
#7508 = ADVANCED_FACE('',(#7509),#7472,.T.);
#7509 = FACE_BOUND('',#7510,.T.);
#7510 = EDGE_LOOP('',(#7511,#7512,#7540,#7568));
#7511 = ORIENTED_EDGE('',*,*,#7456,.T.);
#7512 = ORIENTED_EDGE('',*,*,#7513,.T.);
#7513 = EDGE_CURVE('',#7457,#7514,#7516,.T.);
#7514 = VERTEX_POINT('',#7515);
#7515 = CARTESIAN_POINT('',(19.2,26.,-5.));
#7516 = SURFACE_CURVE('',#7517,(#7521,#7528),.PCURVE_S1.);
#7517 = LINE('',#7518,#7519);
#7518 = CARTESIAN_POINT('',(16.1,26.,-5.));
#7519 = VECTOR('',#7520,1.);
#7520 = DIRECTION('',(1.,0.,0.));
#7521 = PCURVE('',#7472,#7522);
#7522 = DEFINITIONAL_REPRESENTATION('',(#7523),#7527);
#7523 = LINE('',#7524,#7525);
#7524 = CARTESIAN_POINT('',(17.,0.));
#7525 = VECTOR('',#7526,1.);
#7526 = DIRECTION('',(0.,1.));
#7527 = ( GEOMETRIC_REPRESENTATION_CONTEXT(2) 
PARAMETRIC_REPRESENTATION_CONTEXT() REPRESENTATION_CONTEXT('2D SPACE',''
  ) );
#7528 = PCURVE('',#7529,#7534);
#7529 = CYLINDRICAL_SURFACE('',#7530,1.);
#7530 = AXIS2_PLACEMENT_3D('',#7531,#7532,#7533);
#7531 = CARTESIAN_POINT('',(16.1,25.,-5.));
#7532 = DIRECTION('',(1.,0.,0.));
#7533 = DIRECTION('',(-0.,1.,0.));
#7534 = DEFINITIONAL_REPRESENTATION('',(#7535),#7539);
#7535 = LINE('',#7536,#7537);
#7536 = CARTESIAN_POINT('',(0.,0.));
#7537 = VECTOR('',#7538,1.);
#7538 = DIRECTION('',(0.,1.));
#7539 = ( GEOMETRIC_REPRESENTATION_CONTEXT(2) 
PARAMETRIC_REPRESENTATION_CONTEXT() REPRESENTATION_CONTEXT('2D SPACE',''
  ) );
#7540 = ORIENTED_EDGE('',*,*,#7541,.F.);
#7541 = EDGE_CURVE('',#7542,#7514,#7544,.T.);
#7542 = VERTEX_POINT('',#7543);
#7543 = CARTESIAN_POINT('',(19.2,26.,-21.));
#7544 = SURFACE_CURVE('',#7545,(#7549,#7556),.PCURVE_S1.);
#7545 = LINE('',#7546,#7547);
#7546 = CARTESIAN_POINT('',(19.2,26.,-22.));
#7547 = VECTOR('',#7548,1.);
#7548 = DIRECTION('',(0.,0.,1.));
#7549 = PCURVE('',#7472,#7550);
#7550 = DEFINITIONAL_REPRESENTATION('',(#7551),#7555);
#7551 = LINE('',#7552,#7553);
#7552 = CARTESIAN_POINT('',(0.,3.1));
#7553 = VECTOR('',#7554,1.);
#7554 = DIRECTION('',(1.,0.));
#7555 = ( GEOMETRIC_REPRESENTATION_CONTEXT(2) 
PARAMETRIC_REPRESENTATION_CONTEXT() REPRESENTATION_CONTEXT('2D SPACE',''
  ) );
#7556 = PCURVE('',#7557,#7562);
#7557 = CYLINDRICAL_SURFACE('',#7558,1.);
#7558 = AXIS2_PLACEMENT_3D('',#7559,#7560,#7561);
#7559 = CARTESIAN_POINT('',(19.2,25.,-22.));
#7560 = DIRECTION('',(0.,0.,1.));
#7561 = DIRECTION('',(1.,0.,-0.));
#7562 = DEFINITIONAL_REPRESENTATION('',(#7563),#7567);
#7563 = LINE('',#7564,#7565);
#7564 = CARTESIAN_POINT('',(1.570796326795,0.));
#7565 = VECTOR('',#7566,1.);
#7566 = DIRECTION('',(0.,1.));
#7567 = ( GEOMETRIC_REPRESENTATION_CONTEXT(2) 
PARAMETRIC_REPRESENTATION_CONTEXT() REPRESENTATION_CONTEXT('2D SPACE',''
  ) );
#7568 = ORIENTED_EDGE('',*,*,#7569,.F.);
#7569 = EDGE_CURVE('',#7376,#7542,#7570,.T.);
#7570 = SURFACE_CURVE('',#7571,(#7575,#7582),.PCURVE_S1.);
#7571 = LINE('',#7572,#7573);
#7572 = CARTESIAN_POINT('',(16.1,26.,-21.));
#7573 = VECTOR('',#7574,1.);
#7574 = DIRECTION('',(1.,0.,0.));
#7575 = PCURVE('',#7472,#7576);
#7576 = DEFINITIONAL_REPRESENTATION('',(#7577),#7581);
#7577 = LINE('',#7578,#7579);
#7578 = CARTESIAN_POINT('',(1.,0.));
#7579 = VECTOR('',#7580,1.);
#7580 = DIRECTION('',(0.,1.));
#7581 = ( GEOMETRIC_REPRESENTATION_CONTEXT(2) 
PARAMETRIC_REPRESENTATION_CONTEXT() REPRESENTATION_CONTEXT('2D SPACE',''
  ) );
#7582 = PCURVE('',#7237,#7583);
#7583 = DEFINITIONAL_REPRESENTATION('',(#7584),#7588);
#7584 = LINE('',#7585,#7586);
#7585 = CARTESIAN_POINT('',(-0.,0.));
#7586 = VECTOR('',#7587,1.);
#7587 = DIRECTION('',(-0.,1.));
#7588 = ( GEOMETRIC_REPRESENTATION_CONTEXT(2) 
PARAMETRIC_REPRESENTATION_CONTEXT() REPRESENTATION_CONTEXT('2D SPACE',''
  ) );
#7589 = ADVANCED_FACE('',(#7590),#7557,.T.);
#7590 = FACE_BOUND('',#7591,.T.);
#7591 = EDGE_LOOP('',(#7592,#7617,#7639,#7640));
#7592 = ORIENTED_EDGE('',*,*,#7593,.F.);
#7593 = EDGE_CURVE('',#7594,#7596,#7598,.T.);
#7594 = VERTEX_POINT('',#7595);
#7595 = CARTESIAN_POINT('',(20.2,25.,-21.));
#7596 = VERTEX_POINT('',#7597);
#7597 = CARTESIAN_POINT('',(20.2,25.,-5.));
#7598 = SURFACE_CURVE('',#7599,(#7603,#7610),.PCURVE_S1.);
#7599 = LINE('',#7600,#7601);
#7600 = CARTESIAN_POINT('',(20.2,25.,-22.));
#7601 = VECTOR('',#7602,1.);
#7602 = DIRECTION('',(0.,0.,1.));
#7603 = PCURVE('',#7557,#7604);
#7604 = DEFINITIONAL_REPRESENTATION('',(#7605),#7609);
#7605 = LINE('',#7606,#7607);
#7606 = CARTESIAN_POINT('',(0.,0.));
#7607 = VECTOR('',#7608,1.);
#7608 = DIRECTION('',(0.,1.));
#7609 = ( GEOMETRIC_REPRESENTATION_CONTEXT(2) 
PARAMETRIC_REPRESENTATION_CONTEXT() REPRESENTATION_CONTEXT('2D SPACE',''
  ) );
#7610 = PCURVE('',#3449,#7611);
#7611 = DEFINITIONAL_REPRESENTATION('',(#7612),#7616);
#7612 = LINE('',#7613,#7614);
#7613 = CARTESIAN_POINT('',(0.,-9.8));
#7614 = VECTOR('',#7615,1.);
#7615 = DIRECTION('',(1.,0.));
#7616 = ( GEOMETRIC_REPRESENTATION_CONTEXT(2) 
PARAMETRIC_REPRESENTATION_CONTEXT() REPRESENTATION_CONTEXT('2D SPACE',''
  ) );
#7617 = ORIENTED_EDGE('',*,*,#7618,.T.);
#7618 = EDGE_CURVE('',#7594,#7542,#7619,.T.);
#7619 = SURFACE_CURVE('',#7620,(#7625,#7632),.PCURVE_S1.);
#7620 = CIRCLE('',#7621,1.);
#7621 = AXIS2_PLACEMENT_3D('',#7622,#7623,#7624);
#7622 = CARTESIAN_POINT('',(19.2,25.,-21.));
#7623 = DIRECTION('',(0.,0.,1.));
#7624 = DIRECTION('',(1.,0.,-0.));
#7625 = PCURVE('',#7557,#7626);
#7626 = DEFINITIONAL_REPRESENTATION('',(#7627),#7631);
#7627 = LINE('',#7628,#7629);
#7628 = CARTESIAN_POINT('',(0.,1.));
#7629 = VECTOR('',#7630,1.);
#7630 = DIRECTION('',(1.,0.));
#7631 = ( GEOMETRIC_REPRESENTATION_CONTEXT(2) 
PARAMETRIC_REPRESENTATION_CONTEXT() REPRESENTATION_CONTEXT('2D SPACE',''
  ) );
#7632 = PCURVE('',#7137,#7633);
#7633 = DEFINITIONAL_REPRESENTATION('',(#7634),#7638);
#7634 = LINE('',#7635,#7636);
#7635 = CARTESIAN_POINT('',(0.,0.));
#7636 = VECTOR('',#7637,1.);
#7637 = DIRECTION('',(1.,0.));
#7638 = ( GEOMETRIC_REPRESENTATION_CONTEXT(2) 
PARAMETRIC_REPRESENTATION_CONTEXT() REPRESENTATION_CONTEXT('2D SPACE',''
  ) );
#7639 = ORIENTED_EDGE('',*,*,#7541,.T.);
#7640 = ORIENTED_EDGE('',*,*,#7641,.T.);
#7641 = EDGE_CURVE('',#7514,#7596,#7642,.T.);
#7642 = SURFACE_CURVE('',#7643,(#7648,#7654),.PCURVE_S1.);
#7643 = CIRCLE('',#7644,1.);
#7644 = AXIS2_PLACEMENT_3D('',#7645,#7646,#7647);
#7645 = CARTESIAN_POINT('',(19.2,25.,-5.));
#7646 = DIRECTION('',(0.,0.,-1.));
#7647 = DIRECTION('',(1.,0.,0.));
#7648 = PCURVE('',#7557,#7649);
#7649 = DEFINITIONAL_REPRESENTATION('',(#7650),#7653);
#7650 = B_SPLINE_CURVE_WITH_KNOTS('',1,(#7651,#7652),.UNSPECIFIED.,.F.,
  .F.,(2,2),(4.712388980385,6.28318530718),.PIECEWISE_BEZIER_KNOTS.);
#7651 = CARTESIAN_POINT('',(1.570796326795,17.));
#7652 = CARTESIAN_POINT('',(0.,17.));
#7653 = ( GEOMETRIC_REPRESENTATION_CONTEXT(2) 
PARAMETRIC_REPRESENTATION_CONTEXT() REPRESENTATION_CONTEXT('2D SPACE',''
  ) );
#7654 = PCURVE('',#7655,#7660);
#7655 = SPHERICAL_SURFACE('',#7656,1.);
#7656 = AXIS2_PLACEMENT_3D('',#7657,#7658,#7659);
#7657 = CARTESIAN_POINT('',(19.2,25.,-5.));
#7658 = DIRECTION('',(-0.,-1.,-0.));
#7659 = DIRECTION('',(1.,-0.,0.));
#7660 = DEFINITIONAL_REPRESENTATION('',(#7661),#7664);
#7661 = B_SPLINE_CURVE_WITH_KNOTS('',1,(#7662,#7663),.UNSPECIFIED.,.F.,
  .F.,(2,2),(4.712388980385,6.28318530718),.PIECEWISE_BEZIER_KNOTS.);
#7662 = CARTESIAN_POINT('',(0.,-1.570796326795));
#7663 = CARTESIAN_POINT('',(0.,0.));
#7664 = ( GEOMETRIC_REPRESENTATION_CONTEXT(2) 
PARAMETRIC_REPRESENTATION_CONTEXT() REPRESENTATION_CONTEXT('2D SPACE',''
  ) );
#7665 = ADVANCED_FACE('',(#7666),#7655,.T.);
#7666 = FACE_BOUND('',#7667,.T.);
#7667 = EDGE_LOOP('',(#7668,#7669,#7691,#7816));
#7668 = ORIENTED_EDGE('',*,*,#7641,.F.);
#7669 = ORIENTED_EDGE('',*,*,#7670,.T.);
#7670 = EDGE_CURVE('',#7514,#7671,#7673,.T.);
#7671 = VERTEX_POINT('',#7672);
#7672 = CARTESIAN_POINT('',(19.2,25.666964621425,-4.254910613572));
#7673 = SURFACE_CURVE('',#7674,(#7679,#7685),.PCURVE_S1.);
#7674 = CIRCLE('',#7675,1.);
#7675 = AXIS2_PLACEMENT_3D('',#7676,#7677,#7678);
#7676 = CARTESIAN_POINT('',(19.2,25.,-5.));
#7677 = DIRECTION('',(1.,0.,-6.123233995737E-17));
#7678 = DIRECTION('',(6.123233995737E-17,0.,1.));
#7679 = PCURVE('',#7655,#7680);
#7680 = DEFINITIONAL_REPRESENTATION('',(#7681),#7684);
#7681 = B_SPLINE_CURVE_WITH_KNOTS('',1,(#7682,#7683),.UNSPECIFIED.,.F.,
  .F.,(2,2),(4.712388980385,6.28318530718),.PIECEWISE_BEZIER_KNOTS.);
#7682 = CARTESIAN_POINT('',(1.570796326795,-1.570796326795));
#7683 = CARTESIAN_POINT('',(1.570796326795,0.));
#7684 = ( GEOMETRIC_REPRESENTATION_CONTEXT(2) 
PARAMETRIC_REPRESENTATION_CONTEXT() REPRESENTATION_CONTEXT('2D SPACE',''
  ) );
#7685 = PCURVE('',#7529,#7686);
#7686 = DEFINITIONAL_REPRESENTATION('',(#7687),#7690);
#7687 = B_SPLINE_CURVE_WITH_KNOTS('',1,(#7688,#7689),.UNSPECIFIED.,.F.,
  .F.,(2,2),(4.712388980385,6.28318530718),.PIECEWISE_BEZIER_KNOTS.);
#7688 = CARTESIAN_POINT('',(0.,3.1));
#7689 = CARTESIAN_POINT('',(1.570796326795,3.1));
#7690 = ( GEOMETRIC_REPRESENTATION_CONTEXT(2) 
PARAMETRIC_REPRESENTATION_CONTEXT() REPRESENTATION_CONTEXT('2D SPACE',''
  ) );
#7691 = ORIENTED_EDGE('',*,*,#7692,.F.);
#7692 = EDGE_CURVE('',#7693,#7671,#7695,.T.);
#7693 = VERTEX_POINT('',#7694);
#7694 = CARTESIAN_POINT('',(20.198938638172,25.,-4.953939201417));
#7695 = SURFACE_CURVE('',#7696,(#7734,#7775),.PCURVE_S1.);
#7696 = B_SPLINE_CURVE_WITH_KNOTS('',6,(#7697,#7698,#7699,#7700,#7701,
    #7702,#7703,#7704,#7705,#7706,#7707,#7708,#7709,#7710,#7711,#7712,
    #7713,#7714,#7715,#7716,#7717,#7718,#7719,#7720,#7721,#7722,#7723,
    #7724,#7725,#7726,#7727,#7728,#7729,#7730,#7731,#7732,#7733),
  .UNSPECIFIED.,.F.,.F.,(7,5,5,5,5,5,5,7),(0.,6.424811572061E-02,
    0.183931045995,0.312875207736,0.428871840663,0.54460105131,
    0.818399908914,1.),.UNSPECIFIED.);
#7697 = CARTESIAN_POINT('',(20.198938638172,25.,-4.953939201417));
#7698 = CARTESIAN_POINT('',(20.198693310805,25.016918146781,
    -4.948618690396));
#7699 = CARTESIAN_POINT('',(20.198053549661,25.033717936187,
    -4.942939735075));
#7700 = CARTESIAN_POINT('',(20.19701965309,25.050379009135,
    -4.936909200281));
#7701 = CARTESIAN_POINT('',(20.195592821237,25.066881773344,
    -4.930535755981));
#7702 = CARTESIAN_POINT('',(20.193775156049,25.083207403344,
    -4.923829877284));
#7703 = CARTESIAN_POINT('',(20.18746121272,25.129386005454,
    -4.903715582002));
#7704 = CARTESIAN_POINT('',(20.182006782807,25.158758135777,
    -4.889515788828));
#7705 = CARTESIAN_POINT('',(20.175226088056,25.187336143183,
    -4.874284141589));
#7706 = CARTESIAN_POINT('',(20.16714954091,25.215018687819,
    -4.85811939654));
#7707 = CARTESIAN_POINT('',(20.157817480456,25.241722293551,
    -4.841134949332));
#7708 = CARTESIAN_POINT('',(20.135925874774,25.295028252589,
    -4.804405694456));
#7709 = CARTESIAN_POINT('',(20.123171650057,25.321464829257,
    -4.784547575106));
#7710 = CARTESIAN_POINT('',(20.109078523639,25.346611150124,
    -4.764034515415));
#7711 = CARTESIAN_POINT('',(20.093717248028,25.370419517412,
    -4.743028417114));
#7712 = CARTESIAN_POINT('',(20.077164153923,25.392870645111,
    -4.72169123238));
#7713 = CARTESIAN_POINT('',(20.04360530235,25.432948307249,
    -4.680824175629));
#7714 = CARTESIAN_POINT('',(20.026811208478,25.450833715871,
    -4.661327118878));
#7715 = CARTESIAN_POINT('',(20.009171952793,25.467628765666,
    -4.641798442195));
#7716 = CARTESIAN_POINT('',(19.990743145777,25.483354259493,
    -4.622342807672));
#7717 = CARTESIAN_POINT('',(19.971577833252,25.498043240557,
    -4.603056132455));
#7718 = CARTESIAN_POINT('',(19.931917506819,25.525397679784,
    -4.565036150322));
#7719 = CARTESIAN_POINT('',(19.911425592311,25.538067765576,
    -4.546301620578));
#7720 = CARTESIAN_POINT('',(19.890296928555,25.549787440902,
    -4.527905440544));
#7721 = CARTESIAN_POINT('',(19.868574925939,25.560604796026,
    -4.509922591329));
#7722 = CARTESIAN_POINT('',(19.846298239332,25.570571698404,
    -4.492419328854));
#7723 = CARTESIAN_POINT('',(19.769564253683,25.601432307638,
    -4.435317468497));
#7724 = CARTESIAN_POINT('',(19.712732763504,25.618647935888,
    -4.398209386115));
#7725 = CARTESIAN_POINT('',(19.653416140966,25.632105691316,
    -4.364872129409));
#7726 = CARTESIAN_POINT('',(19.59193640043,25.642481947015,
    -4.335894839046));
#7727 = CARTESIAN_POINT('',(19.528642720906,25.650350076308,
    -4.311804010009));
#7728 = CARTESIAN_POINT('',(19.421005546845,25.659937025732,
    -4.280519442062));
#7729 = CARTESIAN_POINT('',(19.377466463862,25.662833558692,
    -4.270370138261));
#7730 = CARTESIAN_POINT('',(19.333439429937,25.664920621829,
    -4.262664628122));
#7731 = CARTESIAN_POINT('',(19.28907353528,25.666283235163,
    -4.25749522061));
#7732 = CARTESIAN_POINT('',(19.244536786974,25.666964621425,
    -4.254910613572));
#7733 = CARTESIAN_POINT('',(19.2,25.666964621425,-4.254910613572));
#7734 = PCURVE('',#7655,#7735);
#7735 = DEFINITIONAL_REPRESENTATION('',(#7736),#7774);
#7736 = B_SPLINE_CURVE_WITH_KNOTS('',6,(#7737,#7738,#7739,#7740,#7741,
    #7742,#7743,#7744,#7745,#7746,#7747,#7748,#7749,#7750,#7751,#7752,
    #7753,#7754,#7755,#7756,#7757,#7758,#7759,#7760,#7761,#7762,#7763,
    #7764,#7765,#7766,#7767,#7768,#7769,#7770,#7771,#7772,#7773),
  .UNSPECIFIED.,.F.,.F.,(7,5,5,5,5,5,5,7),(0.,6.424811572061E-02,
    0.183931045995,0.312875207736,0.428871840663,0.54460105131,
    0.818399908914,1.),.UNSPECIFIED.);
#7737 = CARTESIAN_POINT('',(4.607710122892E-02,1.42108547152E-14));
#7738 = CARTESIAN_POINT('',(5.14032652368E-02,-1.691814678077E-02));
#7739 = CARTESIAN_POINT('',(5.710561070778E-02,-3.371790335206E-02));
#7740 = CARTESIAN_POINT('',(6.318591800211E-02,-5.038772692458E-02));
#7741 = CARTESIAN_POINT('',(6.96456351895E-02,-6.691605979162E-02));
#7742 = CARTESIAN_POINT('',(7.648587804912E-02,-8.3291329329E-02));
#7743 = CARTESIAN_POINT('',(9.715991030572E-02,-0.129699477086));
#7744 = CARTESIAN_POINT('',(0.111936008647,-0.159326793731));
#7745 = CARTESIAN_POINT('',(0.128039188617,-0.188307342461));
#7746 = CARTESIAN_POINT('',(0.145468777486,-0.21656927966));
#7747 = CARTESIAN_POINT('',(0.164215543017,-0.244045816607));
#7748 = CARTESIAN_POINT('',(0.205849854121,-0.299365955189));
#7749 = CARTESIAN_POINT('',(0.228947017459,-0.327075476308));
#7750 = CARTESIAN_POINT('',(0.253521422152,-0.353727687231));
#7751 = CARTESIAN_POINT('',(0.279533448754,-0.379261736966));
#7752 = CARTESIAN_POINT('',(0.306928793654,-0.403632315038));
#7753 = CARTESIAN_POINT('',(0.361460786993,-0.447659617901));
#7754 = CARTESIAN_POINT('',(0.388348318972,-0.467544884458));
#7755 = CARTESIAN_POINT('',(0.416248480235,-0.486444652794));
#7756 = CARTESIAN_POINT('',(0.44510341375,-0.504350824742));
#7757 = CARTESIAN_POINT('',(0.47484972175,-0.521266493228));
#7758 = CARTESIAN_POINT('',(0.535920999287,-0.553105723476));
#7759 = CARTESIAN_POINT('',(0.567242306112,-0.568033848042));
#7760 = CARTESIAN_POINT('',(0.599319505862,-0.582002090597));
#7761 = CARTESIAN_POINT('',(0.632084898453,-0.595033204331));
#7762 = CARTESIAN_POINT('',(0.665471523693,-0.607157364239));
#7763 = CARTESIAN_POINT('',(0.77972577907,-0.645032379694));
#7764 = CARTESIAN_POINT('',(0.863128435031,-0.666766441857));
#7765 = CARTESIAN_POINT('',(0.948854171459,-0.684109092879));
#7766 = CARTESIAN_POINT('',(1.036140199043,-0.697654544791));
#7767 = CARTESIAN_POINT('',(1.124458544945,-0.708020075297));
#7768 = CARTESIAN_POINT('',(1.27257932816,-0.720723712613));
#7769 = CARTESIAN_POINT('',(1.331957366824,-0.724588677584));
#7770 = CARTESIAN_POINT('',(1.391540492558,-0.727384196432));
#7771 = CARTESIAN_POINT('',(1.451248810071,-0.729212968459));
#7772 = CARTESIAN_POINT('',(1.511022576444,-0.730127475984));
#7773 = CARTESIAN_POINT('',(1.570796326795,-0.730127475984));
#7774 = ( GEOMETRIC_REPRESENTATION_CONTEXT(2) 
PARAMETRIC_REPRESENTATION_CONTEXT() REPRESENTATION_CONTEXT('2D SPACE',''
  ) );
#7775 = PCURVE('',#2516,#7776);
#7776 = DEFINITIONAL_REPRESENTATION('',(#7777),#7815);
#7777 = B_SPLINE_CURVE_WITH_KNOTS('',6,(#7778,#7779,#7780,#7781,#7782,
    #7783,#7784,#7785,#7786,#7787,#7788,#7789,#7790,#7791,#7792,#7793,
    #7794,#7795,#7796,#7797,#7798,#7799,#7800,#7801,#7802,#7803,#7804,
    #7805,#7806,#7807,#7808,#7809,#7810,#7811,#7812,#7813,#7814),
  .UNSPECIFIED.,.F.,.F.,(7,5,5,5,5,5,5,7),(0.,6.424811572061E-02,
    0.183931045995,0.312875207736,0.428871840663,0.54460105131,
    0.818399908914,1.),.UNSPECIFIED.);
#7778 = CARTESIAN_POINT('',(-1.26610367278,-54.60106136182));
#7779 = CARTESIAN_POINT('',(-1.248368636044,-54.60130668919));
#7780 = CARTESIAN_POINT('',(-1.23063901791,-54.60194645033));
#7781 = CARTESIAN_POINT('',(-1.212926119688,-54.60298034691));
#7782 = CARTESIAN_POINT('',(-1.195241314994,-54.60440717876));
#7783 = CARTESIAN_POINT('',(-1.177596049756,-54.60622484395));
#7784 = CARTESIAN_POINT('',(-1.12722693057,-54.61253878728));
#7785 = CARTESIAN_POINT('',(-1.094627969403,-54.61799321719));
#7786 = CARTESIAN_POINT('',(-1.062281498406,-54.62477391194));
#7787 = CARTESIAN_POINT('',(-1.030260221886,-54.63285045909));
#7788 = CARTESIAN_POINT('',(-0.998634308781,-54.64218251954));
#7789 = CARTESIAN_POINT('',(-0.933899747435,-54.66407412522));
#7790 = CARTESIAN_POINT('',(-0.900863368652,-54.67682834994));
#7791 = CARTESIAN_POINT('',(-0.868449410686,-54.69092147636));
#7792 = CARTESIAN_POINT('',(-0.836732621167,-54.70628275197));
#7793 = CARTESIAN_POINT('',(-0.805778674322,-54.72283584607));
#7794 = CARTESIAN_POINT('',(-0.748539392968,-54.75639469765));
#7795 = CARTESIAN_POINT('',(-0.722096173464,-54.77318879152));
#7796 = CARTESIAN_POINT('',(-0.696357848385,-54.7908280472));
#7797 = CARTESIAN_POINT('',(-0.671357824385,-54.80925685422));
#7798 = CARTESIAN_POINT('',(-0.647123378795,-54.82842216674));
#7799 = CARTESIAN_POINT('',(-0.600285526722,-54.86808249318));
#7800 = CARTESIAN_POINT('',(-0.577678402447,-54.88857440768));
#7801 = CARTESIAN_POINT('',(-0.555877914206,-54.90970307144));
#7802 = CARTESIAN_POINT('',(-0.534901637894,-54.93142507406));
#7803 = CARTESIAN_POINT('',(-0.514764492311,-54.95370176066));
#7804 = CARTESIAN_POINT('',(-0.449856868271,-55.03043574631));
#7805 = CARTESIAN_POINT('',(-0.409026123784,-55.08726723649));
#7806 = CARTESIAN_POINT('',(-0.373128623556,-55.14658385903));
#7807 = CARTESIAN_POINT('',(-0.342369049723,-55.20806359957));
#7808 = CARTESIAN_POINT('',(-0.317030162868,-55.27135727909));
#7809 = CARTESIAN_POINT('',(-0.284309622059,-55.37899445315));
#7810 = CARTESIAN_POINT('',(-0.273757068278,-55.42253353613));
#7811 = CARTESIAN_POINT('',(-0.265774186487,-55.46656057006));
#7812 = CARTESIAN_POINT('',(-0.260428168802,-55.51092646472));
#7813 = CARTESIAN_POINT('',(-0.257755261855,-55.55546321302));
#7814 = CARTESIAN_POINT('',(-0.257755261855,-55.6));
#7815 = ( GEOMETRIC_REPRESENTATION_CONTEXT(2) 
PARAMETRIC_REPRESENTATION_CONTEXT() REPRESENTATION_CONTEXT('2D SPACE',''
  ) );
#7816 = ORIENTED_EDGE('',*,*,#7817,.F.);
#7817 = EDGE_CURVE('',#7596,#7693,#7818,.T.);
#7818 = SURFACE_CURVE('',#7819,(#7824,#7831),.PCURVE_S1.);
#7819 = CIRCLE('',#7820,1.);
#7820 = AXIS2_PLACEMENT_3D('',#7821,#7822,#7823);
#7821 = CARTESIAN_POINT('',(19.2,25.,-5.));
#7822 = DIRECTION('',(-0.,-1.,0.));
#7823 = DIRECTION('',(1.,-0.,0.));
#7824 = PCURVE('',#7655,#7825);
#7825 = DEFINITIONAL_REPRESENTATION('',(#7826),#7830);
#7826 = LINE('',#7827,#7828);
#7827 = CARTESIAN_POINT('',(0.,0.));
#7828 = VECTOR('',#7829,1.);
#7829 = DIRECTION('',(1.,0.));
#7830 = ( GEOMETRIC_REPRESENTATION_CONTEXT(2) 
PARAMETRIC_REPRESENTATION_CONTEXT() REPRESENTATION_CONTEXT('2D SPACE',''
  ) );
#7831 = PCURVE('',#7832,#7837);
#7832 = CYLINDRICAL_SURFACE('',#7833,1.);
#7833 = AXIS2_PLACEMENT_3D('',#7834,#7835,#7836);
#7834 = CARTESIAN_POINT('',(19.2,15.2,-5.));
#7835 = DIRECTION('',(0.,1.,0.));
#7836 = DIRECTION('',(1.,0.,-0.));
#7837 = DEFINITIONAL_REPRESENTATION('',(#7838),#7842);
#7838 = LINE('',#7839,#7840);
#7839 = CARTESIAN_POINT('',(-0.,9.8));
#7840 = VECTOR('',#7841,1.);
#7841 = DIRECTION('',(-1.,0.));
#7842 = ( GEOMETRIC_REPRESENTATION_CONTEXT(2) 
PARAMETRIC_REPRESENTATION_CONTEXT() REPRESENTATION_CONTEXT('2D SPACE',''
  ) );
#7843 = ADVANCED_FACE('',(#7844),#7832,.T.);
#7844 = FACE_BOUND('',#7845,.F.);
#7845 = EDGE_LOOP('',(#7846,#7867,#7897));
#7846 = ORIENTED_EDGE('',*,*,#7847,.F.);
#7847 = EDGE_CURVE('',#3411,#7596,#7848,.T.);
#7848 = SURFACE_CURVE('',#7849,(#7853,#7860),.PCURVE_S1.);
#7849 = LINE('',#7850,#7851);
#7850 = CARTESIAN_POINT('',(20.2,15.2,-5.));
#7851 = VECTOR('',#7852,1.);
#7852 = DIRECTION('',(0.,1.,0.));
#7853 = PCURVE('',#7832,#7854);
#7854 = DEFINITIONAL_REPRESENTATION('',(#7855),#7859);
#7855 = LINE('',#7856,#7857);
#7856 = CARTESIAN_POINT('',(-0.,0.));
#7857 = VECTOR('',#7858,1.);
#7858 = DIRECTION('',(-0.,1.));
#7859 = ( GEOMETRIC_REPRESENTATION_CONTEXT(2) 
PARAMETRIC_REPRESENTATION_CONTEXT() REPRESENTATION_CONTEXT('2D SPACE',''
  ) );
#7860 = PCURVE('',#3449,#7861);
#7861 = DEFINITIONAL_REPRESENTATION('',(#7862),#7866);
#7862 = LINE('',#7863,#7864);
#7863 = CARTESIAN_POINT('',(17.,0.));
#7864 = VECTOR('',#7865,1.);
#7865 = DIRECTION('',(0.,-1.));
#7866 = ( GEOMETRIC_REPRESENTATION_CONTEXT(2) 
PARAMETRIC_REPRESENTATION_CONTEXT() REPRESENTATION_CONTEXT('2D SPACE',''
  ) );
#7867 = ORIENTED_EDGE('',*,*,#7868,.F.);
#7868 = EDGE_CURVE('',#7693,#3411,#7869,.T.);
#7869 = SURFACE_CURVE('',#7870,(#7877,#7887),.PCURVE_S1.);
#7870 = B_SPLINE_CURVE_WITH_KNOTS('',5,(#7871,#7872,#7873,#7874,#7875,
    #7876),.UNSPECIFIED.,.F.,.F.,(6,6),(0.,1.),
  .PIECEWISE_BEZIER_KNOTS.);
#7871 = CARTESIAN_POINT('',(20.198938629472,25.0000006,-4.953939012725)
  );
#7872 = CARTESIAN_POINT('',(20.199781501688,24.941875221922,
    -4.972218638641));
#7873 = CARTESIAN_POINT('',(20.20000111097,24.882345003663,
    -4.986074994367));
#7874 = CARTESIAN_POINT('',(20.199999680403,24.821877414697,
    -4.99535757258));
#7875 = CARTESIAN_POINT('',(20.2,24.760941528559,-5.000000000883));
#7876 = CARTESIAN_POINT('',(20.2,24.699999985512,-5.));
#7877 = PCURVE('',#7832,#7878);
#7878 = DEFINITIONAL_REPRESENTATION('',(#7879),#7886);
#7879 = B_SPLINE_CURVE_WITH_KNOTS('',5,(#7880,#7881,#7882,#7883,#7884,
    #7885),.UNSPECIFIED.,.F.,.F.,(6,6),(0.,1.),
  .PIECEWISE_BEZIER_KNOTS.);
#7880 = CARTESIAN_POINT('',(-4.607729012088E-02,9.8000006));
#7881 = CARTESIAN_POINT('',(-2.777824213544E-02,9.741875221922));
#7882 = CARTESIAN_POINT('',(-1.392615828507E-02,9.682345003663));
#7883 = CARTESIAN_POINT('',(-4.64209676093E-03,9.621877414697));
#7884 = CARTESIAN_POINT('',(8.829196764697E-10,9.560941528559));
#7885 = CARTESIAN_POINT('',(0.,9.499999985512));
#7886 = ( GEOMETRIC_REPRESENTATION_CONTEXT(2) 
PARAMETRIC_REPRESENTATION_CONTEXT() REPRESENTATION_CONTEXT('2D SPACE',''
  ) );
#7887 = PCURVE('',#2516,#7888);
#7888 = DEFINITIONAL_REPRESENTATION('',(#7889),#7896);
#7889 = B_SPLINE_CURVE_WITH_KNOTS('',5,(#7890,#7891,#7892,#7893,#7894,
    #7895),.UNSPECIFIED.,.F.,.F.,(6,6),(0.,1.),
  .PIECEWISE_BEZIER_KNOTS.);
#7890 = CARTESIAN_POINT('',(-1.266103043809,-54.60106137052));
#7891 = CARTESIAN_POINT('',(-1.327035008329,-54.60021849831));
#7892 = CARTESIAN_POINT('',(-1.387980055578,-54.59999888903));
#7893 = CARTESIAN_POINT('',(-1.448918832249,-54.60000031959));
#7894 = CARTESIAN_POINT('',(-1.509854798236,-54.6));
#7895 = CARTESIAN_POINT('',(-1.570796341283,-54.6));
#7896 = ( GEOMETRIC_REPRESENTATION_CONTEXT(2) 
PARAMETRIC_REPRESENTATION_CONTEXT() REPRESENTATION_CONTEXT('2D SPACE',''
  ) );
#7897 = ORIENTED_EDGE('',*,*,#7817,.F.);
#7898 = ADVANCED_FACE('',(#7899),#7529,.T.);
#7899 = FACE_BOUND('',#7900,.T.);
#7900 = EDGE_LOOP('',(#7901,#7902,#7924,#7944));
#7901 = ORIENTED_EDGE('',*,*,#7513,.F.);
#7902 = ORIENTED_EDGE('',*,*,#7903,.T.);
#7903 = EDGE_CURVE('',#7457,#7904,#7906,.T.);
#7904 = VERTEX_POINT('',#7905);
#7905 = CARTESIAN_POINT('',(17.1,25.666964621425,-4.254910613572));
#7906 = SURFACE_CURVE('',#7907,(#7912,#7918),.PCURVE_S1.);
#7907 = CIRCLE('',#7908,1.);
#7908 = AXIS2_PLACEMENT_3D('',#7909,#7910,#7911);
#7909 = CARTESIAN_POINT('',(17.1,25.,-5.));
#7910 = DIRECTION('',(1.,0.,6.123233995737E-17));
#7911 = DIRECTION('',(-6.123233995737E-17,0.,1.));
#7912 = PCURVE('',#7529,#7913);
#7913 = DEFINITIONAL_REPRESENTATION('',(#7914),#7917);
#7914 = B_SPLINE_CURVE_WITH_KNOTS('',1,(#7915,#7916),.UNSPECIFIED.,.F.,
  .F.,(2,2),(4.712388980385,6.28318530718),.PIECEWISE_BEZIER_KNOTS.);
#7915 = CARTESIAN_POINT('',(0.,1.));
#7916 = CARTESIAN_POINT('',(1.570796326795,1.));
#7917 = ( GEOMETRIC_REPRESENTATION_CONTEXT(2) 
PARAMETRIC_REPRESENTATION_CONTEXT() REPRESENTATION_CONTEXT('2D SPACE',''
  ) );
#7918 = PCURVE('',#7498,#7919);
#7919 = DEFINITIONAL_REPRESENTATION('',(#7920),#7923);
#7920 = B_SPLINE_CURVE_WITH_KNOTS('',1,(#7921,#7922),.UNSPECIFIED.,.F.,
  .F.,(2,2),(4.712388980385,6.28318530718),.PIECEWISE_BEZIER_KNOTS.);
#7921 = CARTESIAN_POINT('',(-1.570796326795,-1.570796326795));
#7922 = CARTESIAN_POINT('',(-1.570796326795,0.));
#7923 = ( GEOMETRIC_REPRESENTATION_CONTEXT(2) 
PARAMETRIC_REPRESENTATION_CONTEXT() REPRESENTATION_CONTEXT('2D SPACE',''
  ) );
#7924 = ORIENTED_EDGE('',*,*,#7925,.T.);
#7925 = EDGE_CURVE('',#7904,#7671,#7926,.T.);
#7926 = SURFACE_CURVE('',#7927,(#7931,#7937),.PCURVE_S1.);
#7927 = LINE('',#7928,#7929);
#7928 = CARTESIAN_POINT('',(14.6,25.666964621425,-4.254910613572));
#7929 = VECTOR('',#7930,1.);
#7930 = DIRECTION('',(1.,0.,0.));
#7931 = PCURVE('',#7529,#7932);
#7932 = DEFINITIONAL_REPRESENTATION('',(#7933),#7936);
#7933 = B_SPLINE_CURVE_WITH_KNOTS('',1,(#7934,#7935),.UNSPECIFIED.,.F.,
  .F.,(2,2),(2.4999994,4.6000006),.PIECEWISE_BEZIER_KNOTS.);
#7934 = CARTESIAN_POINT('',(0.840668850811,0.9999994));
#7935 = CARTESIAN_POINT('',(0.840668850811,3.1000006));
#7936 = ( GEOMETRIC_REPRESENTATION_CONTEXT(2) 
PARAMETRIC_REPRESENTATION_CONTEXT() REPRESENTATION_CONTEXT('2D SPACE',''
  ) );
#7937 = PCURVE('',#2516,#7938);
#7938 = DEFINITIONAL_REPRESENTATION('',(#7939),#7943);
#7939 = LINE('',#7940,#7941);
#7940 = CARTESIAN_POINT('',(-0.257755261855,-60.2));
#7941 = VECTOR('',#7942,1.);
#7942 = DIRECTION('',(-0.,1.));
#7943 = ( GEOMETRIC_REPRESENTATION_CONTEXT(2) 
PARAMETRIC_REPRESENTATION_CONTEXT() REPRESENTATION_CONTEXT('2D SPACE',''
  ) );
#7944 = ORIENTED_EDGE('',*,*,#7670,.F.);
#7945 = ADVANCED_FACE('',(#7946),#7498,.T.);
#7946 = FACE_BOUND('',#7947,.F.);
#7947 = EDGE_LOOP('',(#7948,#7949,#7950,#8080));
#7948 = ORIENTED_EDGE('',*,*,#7484,.F.);
#7949 = ORIENTED_EDGE('',*,*,#7903,.T.);
#7950 = ORIENTED_EDGE('',*,*,#7951,.T.);
#7951 = EDGE_CURVE('',#7904,#7952,#7954,.T.);
#7952 = VERTEX_POINT('',#7953);
#7953 = CARTESIAN_POINT('',(16.101061361828,25.,-4.953939201417));
#7954 = SURFACE_CURVE('',#7955,(#7986,#8020),.PCURVE_S1.);
#7955 = B_SPLINE_CURVE_WITH_KNOTS('',8,(#7956,#7957,#7958,#7959,#7960,
    #7961,#7962,#7963,#7964,#7965,#7966,#7967,#7968,#7969,#7970,#7971,
    #7972,#7973,#7974,#7975,#7976,#7977,#7978,#7979,#7980,#7981,#7982,
    #7983,#7984,#7985),.UNSPECIFIED.,.F.,.F.,(9,7,7,7,9),(0.,
    0.57113489308,0.687087130031,0.935320609124,1.),.UNSPECIFIED.);
#7956 = CARTESIAN_POINT('',(17.1,25.666964621425,-4.254910613572));
#7957 = CARTESIAN_POINT('',(16.994653437895,25.666964621425,
    -4.254910613572));
#7958 = CARTESIAN_POINT('',(16.88985228481,25.663333220072,
    -4.268684275898));
#7959 = CARTESIAN_POINT('',(16.786950607058,25.656138655043,
    -4.295974953561));
#7960 = CARTESIAN_POINT('',(16.687589359175,25.64443518266,
    -4.335947699609));
#7961 = CARTESIAN_POINT('',(16.592994872046,25.626402380513,
    -4.386755152331));
#7962 = CARTESIAN_POINT('',(16.504058157983,25.599914844029,
    -4.446676031473));
#7963 = CARTESIAN_POINT('',(16.422023732556,25.562522444423,
    -4.513375347822));
#7964 = CARTESIAN_POINT('',(16.333721214922,25.501713998531,
    -4.597966355994));
#7965 = CARTESIAN_POINT('',(16.319187706789,25.4909183862,
    -4.612378953366));
#7966 = CARTESIAN_POINT('',(16.305039967573,25.479574628859,
    -4.626898008582));
#7967 = CARTESIAN_POINT('',(16.29129633738,25.46766981442,
    -4.641490711872));
#7968 = CARTESIAN_POINT('',(16.27797589273,25.455193142089,
    -4.656122226209));
#7969 = CARTESIAN_POINT('',(16.265098262486,25.442136431694,
    -4.670755836548));
#7970 = CARTESIAN_POINT('',(16.252683443794,25.428494633021,
    -4.685353099071));
#7971 = CARTESIAN_POINT('',(16.215207663854,25.383806035486,
    -4.730960681608));
#7972 = CARTESIAN_POINT('',(16.191864833407,25.350643006684,
    -4.761712498087));
#7973 = CARTESIAN_POINT('',(16.170940188417,25.314777488129,
    -4.791718338811));
#7974 = CARTESIAN_POINT('',(16.15262885532,25.276275736976,
    -4.820556857127));
#7975 = CARTESIAN_POINT('',(16.137104135307,25.235281578585,
    -4.847813412965));
#7976 = CARTESIAN_POINT('',(16.124513038901,25.192023365407,
    -4.873100141535));
#7977 = CARTESIAN_POINT('',(16.11496724502,25.146816344302,
    -4.896079138522));
#7978 = CARTESIAN_POINT('',(16.106852070113,25.087877772988,
    -4.921806666564));
#7979 = CARTESIAN_POINT('',(16.105385487169,25.075588687367,
    -4.926950687827));
#7980 = CARTESIAN_POINT('',(16.104130840162,25.063199762842,
    -4.931916326652));
#7981 = CARTESIAN_POINT('',(16.103089034413,25.050717756587,
    -4.936699482388));
#7982 = CARTESIAN_POINT('',(16.102260776142,25.038149595554,
    -4.941296452671));
#7983 = CARTESIAN_POINT('',(16.101646572465,25.025502376475,
    -4.94570393342));
#7984 = CARTESIAN_POINT('',(16.101246731392,25.01278336586,
    -4.949919018839));
#7985 = CARTESIAN_POINT('',(16.101061361828,25.,-4.953939201417));
#7986 = PCURVE('',#7498,#7987);
#7987 = DEFINITIONAL_REPRESENTATION('',(#7988),#8019);
#7988 = B_SPLINE_CURVE_WITH_KNOTS('',8,(#7989,#7990,#7991,#7992,#7993,
    #7994,#7995,#7996,#7997,#7998,#7999,#8000,#8001,#8002,#8003,#8004,
    #8005,#8006,#8007,#8008,#8009,#8010,#8011,#8012,#8013,#8014,#8015,
    #8016,#8017,#8018),.UNSPECIFIED.,.F.,.F.,(9,7,7,7,9),(0.,
    0.57113489308,0.687087130031,0.935320609124,1.),.UNSPECIFIED.);
#7989 = CARTESIAN_POINT('',(-1.570796326795,-0.730127475984));
#7990 = CARTESIAN_POINT('',(-1.429408509408,-0.730127475984));
#7991 = CARTESIAN_POINT('',(-1.288747254759,-0.72525570833));
#7992 = CARTESIAN_POINT('',(-1.148821757412,-0.715591835094));
#7993 = CARTESIAN_POINT('',(-1.009987446501,-0.700018673501));
#7994 = CARTESIAN_POINT('',(-0.873473641567,-0.676263861848));
#7995 = CARTESIAN_POINT('',(-0.742233826591,-0.642215191291));
#7996 = CARTESIAN_POINT('',(-0.618970186814,-0.596326941418));
#7997 = CARTESIAN_POINT('',(-0.483012040669,-0.525537113084));
#7998 = CARTESIAN_POINT('',(-0.460509445302,-0.513066685058));
#7999 = CARTESIAN_POINT('',(-0.438472325751,-0.500067645325));
#8000 = CARTESIAN_POINT('',(-0.416923845232,-0.486537465557));
#8001 = CARTESIAN_POINT('',(-0.395886210175,-0.472475860287));
#8002 = CARTESIAN_POINT('',(-0.375380440827,-0.457884943486));
#8003 = CARTESIAN_POINT('',(-0.355426141859,-0.442769385127));
#8004 = CARTESIAN_POINT('',(-0.294541655795,-0.393669437292));
#8005 = CARTESIAN_POINT('',(-0.25563150391,-0.357815577298));
#8006 = CARTESIAN_POINT('',(-0.219518397028,-0.319662796431));
#8007 = CARTESIAN_POINT('',(-0.186338376558,-0.279343867366));
#8008 = CARTESIAN_POINT('',(-0.156172246761,-0.23702644865));
#8009 = CARTESIAN_POINT('',(-0.129060172818,-0.192908601946));
#8010 = CARTESIAN_POINT('',(-0.105014575798,-0.14721990468));
#8011 = CARTESIAN_POINT('',(-7.856395601607E-02,-8.798405003025E-02));
#8012 = CARTESIAN_POINT('',(-7.330393417713E-02,-7.565022653991E-02));
#8013 = CARTESIAN_POINT('',(-6.825097632314E-02,-6.323091891006E-02));
#8014 = CARTESIAN_POINT('',(-6.340472616726E-02,-5.07303553709E-02));
#8015 = CARTESIAN_POINT('',(-5.876475383523E-02,-3.815276110333E-02));
#8016 = CARTESIAN_POINT('',(-5.433055586541E-02,-2.550235823899E-02));
#8017 = CARTESIAN_POINT('',(-5.010155520876E-02,-1.27833658602E-02));
#8018 = CARTESIAN_POINT('',(-4.607710122888E-02,0.));
#8019 = ( GEOMETRIC_REPRESENTATION_CONTEXT(2) 
PARAMETRIC_REPRESENTATION_CONTEXT() REPRESENTATION_CONTEXT('2D SPACE',''
  ) );
#8020 = PCURVE('',#2516,#8021);
#8021 = DEFINITIONAL_REPRESENTATION('',(#8022),#8079);
#8022 = B_SPLINE_CURVE_WITH_KNOTS('',10,(#8023,#8024,#8025,#8026,#8027,
    #8028,#8029,#8030,#8031,#8032,#8033,#8034,#8035,#8036,#8037,#8038,
    #8039,#8040,#8041,#8042,#8043,#8044,#8045,#8046,#8047,#8048,#8049,
    #8050,#8051,#8052,#8053,#8054,#8055,#8056,#8057,#8058,#8059,#8060,
    #8061,#8062,#8063,#8064,#8065,#8066,#8067,#8068,#8069,#8070,#8071,
    #8072,#8073,#8074,#8075,#8076,#8077,#8078),.UNSPECIFIED.,.F.,.F.,(11
    ,9,9,9,9,9,11),(0.,0.5,0.5625,0.6171875,0.712890625,0.8564453125,1.)
  ,.UNSPECIFIED.);
#8023 = CARTESIAN_POINT('',(-0.257755261855,-57.7));
#8024 = CARTESIAN_POINT('',(-0.257755261855,-57.77378051201));
#8025 = CARTESIAN_POINT('',(-0.264548092656,-57.84730092996));
#8026 = CARTESIAN_POINT('',(-0.278050498299,-57.92013727844));
#8027 = CARTESIAN_POINT('',(-0.298120898395,-57.99180941049));
#8028 = CARTESIAN_POINT('',(-0.32450522565,-58.06186117148));
#8029 = CARTESIAN_POINT('',(-0.356896577617,-58.12989369515));
#8030 = CARTESIAN_POINT('',(-0.395008694679,-58.1955563324));
#8031 = CARTESIAN_POINT('',(-0.438611635767,-58.25850733179));
#8032 = CARTESIAN_POINT('',(-0.487526382767,-58.31836400817));
#8033 = CARTESIAN_POINT('',(-0.548385599238,-58.38170797297));
#8034 = CARTESIAN_POINT('',(-0.555228708073,-58.38869070791));
#8035 = CARTESIAN_POINT('',(-0.562152537437,-58.39561706789));
#8036 = CARTESIAN_POINT('',(-0.5691568461,-58.402486143));
#8037 = CARTESIAN_POINT('',(-0.5762414046,-58.4092970042));
#8038 = CARTESIAN_POINT('',(-0.58340599509,-58.41604870251));
#8039 = CARTESIAN_POINT('',(-0.5906504112,-58.42274026823));
#8040 = CARTESIAN_POINT('',(-0.597974457885,-58.42937071007));
#8041 = CARTESIAN_POINT('',(-0.605377951277,-58.4359390144));
#8042 = CARTESIAN_POINT('',(-0.619408139906,-58.44813613317));
#8043 = CARTESIAN_POINT('',(-0.62601612641,-58.4537796589));
#8044 = CARTESIAN_POINT('',(-0.632686713432,-58.45937577503));
#8045 = CARTESIAN_POINT('',(-0.639412095056,-58.46491733169));
#8046 = CARTESIAN_POINT('',(-0.646194023002,-58.47040534596));
#8047 = CARTESIAN_POINT('',(-0.653035805904,-58.47584212525));
#8048 = CARTESIAN_POINT('',(-0.659935186072,-58.48122521024));
#8049 = CARTESIAN_POINT('',(-0.66688858576,-58.48655103614));
#8050 = CARTESIAN_POINT('',(-0.673899429899,-58.4918220435));
#8051 = CARTESIAN_POINT('',(-0.693331032309,-58.50615988033));
#8052 = CARTESIAN_POINT('',(-0.705866628075,-58.51510945262));
#8053 = CARTESIAN_POINT('',(-0.718568913173,-58.52387924159));
#8054 = CARTESIAN_POINT('',(-0.731436130034,-58.53246476458));
#8055 = CARTESIAN_POINT('',(-0.744464945551,-58.54086072181));
#8056 = CARTESIAN_POINT('',(-0.75765084321,-58.54906126294));
#8057 = CARTESIAN_POINT('',(-0.770989977786,-58.5570610097));
#8058 = CARTESIAN_POINT('',(-0.784480403818,-58.56485571177));
#8059 = CARTESIAN_POINT('',(-0.798120589071,-58.57244141309));
#8060 = CARTESIAN_POINT('',(-0.83257692689,-58.59086539561));
#8061 = CARTESIAN_POINT('',(-0.853572313425,-58.6014342905));
#8062 = CARTESIAN_POINT('',(-0.874873426564,-58.61149918953));
#8063 = CARTESIAN_POINT('',(-0.896463948956,-58.62104234517));
#8064 = CARTESIAN_POINT('',(-0.918327048601,-58.63004683957));
#8065 = CARTESIAN_POINT('',(-0.940445324322,-58.63849666054));
#8066 = CARTESIAN_POINT('',(-0.962800751222,-58.64637677754));
#8067 = CARTESIAN_POINT('',(-0.98537462616,-58.65367321762));
#8068 = CARTESIAN_POINT('',(-1.008147513209,-58.66037314143));
#8069 = CARTESIAN_POINT('',(-1.054050865037,-58.67255669698));
#8070 = CARTESIAN_POINT('',(-1.077181047476,-58.67804034314));
#8071 = CARTESIAN_POINT('',(-1.100472924234,-58.68290449348));
#8072 = CARTESIAN_POINT('',(-1.123885711611,-58.68713728101));
#8073 = CARTESIAN_POINT('',(-1.147461284505,-58.69073600053));
#8074 = CARTESIAN_POINT('',(-1.171049130877,-58.69367914797));
#8075 = CARTESIAN_POINT('',(-1.194775902419,-58.69598049002));
#8076 = CARTESIAN_POINT('',(-1.218523994981,-58.69762285503));
#8077 = CARTESIAN_POINT('',(-1.242309754465,-58.69860949877));
#8078 = CARTESIAN_POINT('',(-1.26610367278,-58.69893863817));
#8079 = ( GEOMETRIC_REPRESENTATION_CONTEXT(2) 
PARAMETRIC_REPRESENTATION_CONTEXT() REPRESENTATION_CONTEXT('2D SPACE',''
  ) );
#8080 = ORIENTED_EDGE('',*,*,#8081,.F.);
#8081 = EDGE_CURVE('',#7428,#7952,#8082,.T.);
#8082 = SURFACE_CURVE('',#8083,(#8088,#8095),.PCURVE_S1.);
#8083 = CIRCLE('',#8084,1.);
#8084 = AXIS2_PLACEMENT_3D('',#8085,#8086,#8087);
#8085 = CARTESIAN_POINT('',(17.1,25.,-5.));
#8086 = DIRECTION('',(0.,1.,0.));
#8087 = DIRECTION('',(-1.,0.,0.));
#8088 = PCURVE('',#7498,#8089);
#8089 = DEFINITIONAL_REPRESENTATION('',(#8090),#8094);
#8090 = LINE('',#8091,#8092);
#8091 = CARTESIAN_POINT('',(-0.,0.));
#8092 = VECTOR('',#8093,1.);
#8093 = DIRECTION('',(-1.,0.));
#8094 = ( GEOMETRIC_REPRESENTATION_CONTEXT(2) 
PARAMETRIC_REPRESENTATION_CONTEXT() REPRESENTATION_CONTEXT('2D SPACE',''
  ) );
#8095 = PCURVE('',#8096,#8101);
#8096 = CYLINDRICAL_SURFACE('',#8097,1.);
#8097 = AXIS2_PLACEMENT_3D('',#8098,#8099,#8100);
#8098 = CARTESIAN_POINT('',(17.1,15.2,-5.));
#8099 = DIRECTION('',(0.,1.,0.));
#8100 = DIRECTION('',(-1.,0.,0.));
#8101 = DEFINITIONAL_REPRESENTATION('',(#8102),#8106);
#8102 = LINE('',#8103,#8104);
#8103 = CARTESIAN_POINT('',(0.,9.8));
#8104 = VECTOR('',#8105,1.);
#8105 = DIRECTION('',(1.,0.));
#8106 = ( GEOMETRIC_REPRESENTATION_CONTEXT(2) 
PARAMETRIC_REPRESENTATION_CONTEXT() REPRESENTATION_CONTEXT('2D SPACE',''
  ) );
#8107 = ADVANCED_FACE('',(#8108),#8096,.T.);
#8108 = FACE_BOUND('',#8109,.T.);
#8109 = EDGE_LOOP('',(#8110,#8133,#8163));
#8110 = ORIENTED_EDGE('',*,*,#8111,.F.);
#8111 = EDGE_CURVE('',#8112,#7428,#8114,.T.);
#8112 = VERTEX_POINT('',#8113);
#8113 = CARTESIAN_POINT('',(16.1,24.7,-5.));
#8114 = SURFACE_CURVE('',#8115,(#8119,#8126),.PCURVE_S1.);
#8115 = LINE('',#8116,#8117);
#8116 = CARTESIAN_POINT('',(16.1,15.2,-5.));
#8117 = VECTOR('',#8118,1.);
#8118 = DIRECTION('',(0.,1.,0.));
#8119 = PCURVE('',#8096,#8120);
#8120 = DEFINITIONAL_REPRESENTATION('',(#8121),#8125);
#8121 = LINE('',#8122,#8123);
#8122 = CARTESIAN_POINT('',(0.,0.));
#8123 = VECTOR('',#8124,1.);
#8124 = DIRECTION('',(0.,1.));
#8125 = ( GEOMETRIC_REPRESENTATION_CONTEXT(2) 
PARAMETRIC_REPRESENTATION_CONTEXT() REPRESENTATION_CONTEXT('2D SPACE',''
  ) );
#8126 = PCURVE('',#7443,#8127);
#8127 = DEFINITIONAL_REPRESENTATION('',(#8128),#8132);
#8128 = LINE('',#8129,#8130);
#8129 = CARTESIAN_POINT('',(17.,0.));
#8130 = VECTOR('',#8131,1.);
#8131 = DIRECTION('',(0.,-1.));
#8132 = ( GEOMETRIC_REPRESENTATION_CONTEXT(2) 
PARAMETRIC_REPRESENTATION_CONTEXT() REPRESENTATION_CONTEXT('2D SPACE',''
  ) );
#8133 = ORIENTED_EDGE('',*,*,#8134,.F.);
#8134 = EDGE_CURVE('',#7952,#8112,#8135,.T.);
#8135 = SURFACE_CURVE('',#8136,(#8143,#8153),.PCURVE_S1.);
#8136 = B_SPLINE_CURVE_WITH_KNOTS('',5,(#8137,#8138,#8139,#8140,#8141,
    #8142),.UNSPECIFIED.,.F.,.F.,(6,6),(0.,1.),
  .PIECEWISE_BEZIER_KNOTS.);
#8137 = CARTESIAN_POINT('',(16.101061370528,25.0000006,-4.953939012725)
  );
#8138 = CARTESIAN_POINT('',(16.100218498312,24.941875221922,
    -4.972218638641));
#8139 = CARTESIAN_POINT('',(16.09999888903,24.882345003663,
    -4.986074994367));
#8140 = CARTESIAN_POINT('',(16.100000319597,24.821877414697,
    -4.99535757258));
#8141 = CARTESIAN_POINT('',(16.1,24.760941528559,-5.000000000883));
#8142 = CARTESIAN_POINT('',(16.1,24.699999985512,-5.));
#8143 = PCURVE('',#8096,#8144);
#8144 = DEFINITIONAL_REPRESENTATION('',(#8145),#8152);
#8145 = B_SPLINE_CURVE_WITH_KNOTS('',5,(#8146,#8147,#8148,#8149,#8150,
    #8151),.UNSPECIFIED.,.F.,.F.,(6,6),(0.,1.),
  .PIECEWISE_BEZIER_KNOTS.);
#8146 = CARTESIAN_POINT('',(4.607729012088E-02,9.8000006));
#8147 = CARTESIAN_POINT('',(2.777824213544E-02,9.741875221922));
#8148 = CARTESIAN_POINT('',(1.392615828507E-02,9.682345003663));
#8149 = CARTESIAN_POINT('',(4.642096760929E-03,9.621877414697));
#8150 = CARTESIAN_POINT('',(-8.829196764697E-10,9.560941528559));
#8151 = CARTESIAN_POINT('',(0.,9.499999985512));
#8152 = ( GEOMETRIC_REPRESENTATION_CONTEXT(2) 
PARAMETRIC_REPRESENTATION_CONTEXT() REPRESENTATION_CONTEXT('2D SPACE',''
  ) );
#8153 = PCURVE('',#2516,#8154);
#8154 = DEFINITIONAL_REPRESENTATION('',(#8155),#8162);
#8155 = B_SPLINE_CURVE_WITH_KNOTS('',5,(#8156,#8157,#8158,#8159,#8160,
    #8161),.UNSPECIFIED.,.F.,.F.,(6,6),(2.064502538116E-06,1.),
  .PIECEWISE_BEZIER_KNOTS.);
#8156 = CARTESIAN_POINT('',(-1.26610367278,-58.69893863817));
#8157 = CARTESIAN_POINT('',(-1.327035511614,-58.6997815035));
#8158 = CARTESIAN_POINT('',(-1.387980432889,-58.70000111096));
#8159 = CARTESIAN_POINT('',(-1.448919089331,-58.6999996804));
#8160 = CARTESIAN_POINT('',(-1.50985492405,-58.7));
#8161 = CARTESIAN_POINT('',(-1.570796341283,-58.7));
#8162 = ( GEOMETRIC_REPRESENTATION_CONTEXT(2) 
PARAMETRIC_REPRESENTATION_CONTEXT() REPRESENTATION_CONTEXT('2D SPACE',''
  ) );
#8163 = ORIENTED_EDGE('',*,*,#8081,.F.);
#8164 = ADVANCED_FACE('',(#8165),#7443,.F.);
#8165 = FACE_BOUND('',#8166,.F.);
#8166 = EDGE_LOOP('',(#8167,#8197,#8218,#8219,#8220));
#8167 = ORIENTED_EDGE('',*,*,#8168,.F.);
#8168 = EDGE_CURVE('',#8169,#8171,#8173,.T.);
#8169 = VERTEX_POINT('',#8170);
#8170 = CARTESIAN_POINT('',(16.1,16.2,-21.));
#8171 = VERTEX_POINT('',#8172);
#8172 = CARTESIAN_POINT('',(16.1,16.2,-5.));
#8173 = SURFACE_CURVE('',#8174,(#8178,#8185),.PCURVE_S1.);
#8174 = LINE('',#8175,#8176);
#8175 = CARTESIAN_POINT('',(16.1,16.2,-22.));
#8176 = VECTOR('',#8177,1.);
#8177 = DIRECTION('',(0.,0.,1.));
#8178 = PCURVE('',#7443,#8179);
#8179 = DEFINITIONAL_REPRESENTATION('',(#8180),#8184);
#8180 = LINE('',#8181,#8182);
#8181 = CARTESIAN_POINT('',(0.,-1.));
#8182 = VECTOR('',#8183,1.);
#8183 = DIRECTION('',(1.,0.));
#8184 = ( GEOMETRIC_REPRESENTATION_CONTEXT(2) 
PARAMETRIC_REPRESENTATION_CONTEXT() REPRESENTATION_CONTEXT('2D SPACE',''
  ) );
#8185 = PCURVE('',#8186,#8191);
#8186 = CYLINDRICAL_SURFACE('',#8187,1.);
#8187 = AXIS2_PLACEMENT_3D('',#8188,#8189,#8190);
#8188 = CARTESIAN_POINT('',(17.1,16.2,-22.));
#8189 = DIRECTION('',(0.,0.,1.));
#8190 = DIRECTION('',(-1.,-0.,0.));
#8191 = DEFINITIONAL_REPRESENTATION('',(#8192),#8196);
#8192 = LINE('',#8193,#8194);
#8193 = CARTESIAN_POINT('',(0.,0.));
#8194 = VECTOR('',#8195,1.);
#8195 = DIRECTION('',(0.,1.));
#8196 = ( GEOMETRIC_REPRESENTATION_CONTEXT(2) 
PARAMETRIC_REPRESENTATION_CONTEXT() REPRESENTATION_CONTEXT('2D SPACE',''
  ) );
#8197 = ORIENTED_EDGE('',*,*,#8198,.T.);
#8198 = EDGE_CURVE('',#8169,#7348,#8199,.T.);
#8199 = SURFACE_CURVE('',#8200,(#8204,#8211),.PCURVE_S1.);
#8200 = LINE('',#8201,#8202);
#8201 = CARTESIAN_POINT('',(16.1,15.2,-21.));
#8202 = VECTOR('',#8203,1.);
#8203 = DIRECTION('',(0.,1.,0.));
#8204 = PCURVE('',#7443,#8205);
#8205 = DEFINITIONAL_REPRESENTATION('',(#8206),#8210);
#8206 = LINE('',#8207,#8208);
#8207 = CARTESIAN_POINT('',(1.,0.));
#8208 = VECTOR('',#8209,1.);
#8209 = DIRECTION('',(0.,-1.));
#8210 = ( GEOMETRIC_REPRESENTATION_CONTEXT(2) 
PARAMETRIC_REPRESENTATION_CONTEXT() REPRESENTATION_CONTEXT('2D SPACE',''
  ) );
#8211 = PCURVE('',#7363,#8212);
#8212 = DEFINITIONAL_REPRESENTATION('',(#8213),#8217);
#8213 = LINE('',#8214,#8215);
#8214 = CARTESIAN_POINT('',(-0.,0.));
#8215 = VECTOR('',#8216,1.);
#8216 = DIRECTION('',(-0.,1.));
#8217 = ( GEOMETRIC_REPRESENTATION_CONTEXT(2) 
PARAMETRIC_REPRESENTATION_CONTEXT() REPRESENTATION_CONTEXT('2D SPACE',''
  ) );
#8218 = ORIENTED_EDGE('',*,*,#7427,.T.);
#8219 = ORIENTED_EDGE('',*,*,#8111,.F.);
#8220 = ORIENTED_EDGE('',*,*,#8221,.T.);
#8221 = EDGE_CURVE('',#8112,#8171,#8222,.T.);
#8222 = SURFACE_CURVE('',#8223,(#8227,#8234),.PCURVE_S1.);
#8223 = LINE('',#8224,#8225);
#8224 = CARTESIAN_POINT('',(16.1,24.7,-5.));
#8225 = VECTOR('',#8226,1.);
#8226 = DIRECTION('',(0.,-1.,0.));
#8227 = PCURVE('',#7443,#8228);
#8228 = DEFINITIONAL_REPRESENTATION('',(#8229),#8233);
#8229 = LINE('',#8230,#8231);
#8230 = CARTESIAN_POINT('',(17.,-9.5));
#8231 = VECTOR('',#8232,1.);
#8232 = DIRECTION('',(0.,1.));
#8233 = ( GEOMETRIC_REPRESENTATION_CONTEXT(2) 
PARAMETRIC_REPRESENTATION_CONTEXT() REPRESENTATION_CONTEXT('2D SPACE',''
  ) );
#8234 = PCURVE('',#3878,#8235);
#8235 = DEFINITIONAL_REPRESENTATION('',(#8236),#8240);
#8236 = LINE('',#8237,#8238);
#8237 = CARTESIAN_POINT('',(1.5,53.7));
#8238 = VECTOR('',#8239,1.);
#8239 = DIRECTION('',(0.,-1.));
#8240 = ( GEOMETRIC_REPRESENTATION_CONTEXT(2) 
PARAMETRIC_REPRESENTATION_CONTEXT() REPRESENTATION_CONTEXT('2D SPACE',''
  ) );
#8241 = ADVANCED_FACE('',(#8242),#8186,.T.);
#8242 = FACE_BOUND('',#8243,.T.);
#8243 = EDGE_LOOP('',(#8244,#8245,#8274,#8302));
#8244 = ORIENTED_EDGE('',*,*,#8168,.F.);
#8245 = ORIENTED_EDGE('',*,*,#8246,.T.);
#8246 = EDGE_CURVE('',#8169,#8247,#8249,.T.);
#8247 = VERTEX_POINT('',#8248);
#8248 = CARTESIAN_POINT('',(17.1,15.2,-21.));
#8249 = SURFACE_CURVE('',#8250,(#8255,#8262),.PCURVE_S1.);
#8250 = CIRCLE('',#8251,1.);
#8251 = AXIS2_PLACEMENT_3D('',#8252,#8253,#8254);
#8252 = CARTESIAN_POINT('',(17.1,16.2,-21.));
#8253 = DIRECTION('',(0.,0.,1.));
#8254 = DIRECTION('',(-1.,0.,0.));
#8255 = PCURVE('',#8186,#8256);
#8256 = DEFINITIONAL_REPRESENTATION('',(#8257),#8261);
#8257 = LINE('',#8258,#8259);
#8258 = CARTESIAN_POINT('',(0.,1.));
#8259 = VECTOR('',#8260,1.);
#8260 = DIRECTION('',(1.,0.));
#8261 = ( GEOMETRIC_REPRESENTATION_CONTEXT(2) 
PARAMETRIC_REPRESENTATION_CONTEXT() REPRESENTATION_CONTEXT('2D SPACE',''
  ) );
#8262 = PCURVE('',#8263,#8268);
#8263 = SPHERICAL_SURFACE('',#8264,1.);
#8264 = AXIS2_PLACEMENT_3D('',#8265,#8266,#8267);
#8265 = CARTESIAN_POINT('',(17.1,16.2,-21.));
#8266 = DIRECTION('',(0.,0.,1.));
#8267 = DIRECTION('',(-1.,0.,0.));
#8268 = DEFINITIONAL_REPRESENTATION('',(#8269),#8273);
#8269 = LINE('',#8270,#8271);
#8270 = CARTESIAN_POINT('',(0.,0.));
#8271 = VECTOR('',#8272,1.);
#8272 = DIRECTION('',(1.,0.));
#8273 = ( GEOMETRIC_REPRESENTATION_CONTEXT(2) 
PARAMETRIC_REPRESENTATION_CONTEXT() REPRESENTATION_CONTEXT('2D SPACE',''
  ) );
#8274 = ORIENTED_EDGE('',*,*,#8275,.T.);
#8275 = EDGE_CURVE('',#8247,#8276,#8278,.T.);
#8276 = VERTEX_POINT('',#8277);
#8277 = CARTESIAN_POINT('',(17.1,15.2,-5.));
#8278 = SURFACE_CURVE('',#8279,(#8283,#8290),.PCURVE_S1.);
#8279 = LINE('',#8280,#8281);
#8280 = CARTESIAN_POINT('',(17.1,15.2,-22.));
#8281 = VECTOR('',#8282,1.);
#8282 = DIRECTION('',(0.,0.,1.));
#8283 = PCURVE('',#8186,#8284);
#8284 = DEFINITIONAL_REPRESENTATION('',(#8285),#8289);
#8285 = LINE('',#8286,#8287);
#8286 = CARTESIAN_POINT('',(1.570796326795,0.));
#8287 = VECTOR('',#8288,1.);
#8288 = DIRECTION('',(0.,1.));
#8289 = ( GEOMETRIC_REPRESENTATION_CONTEXT(2) 
PARAMETRIC_REPRESENTATION_CONTEXT() REPRESENTATION_CONTEXT('2D SPACE',''
  ) );
#8290 = PCURVE('',#8291,#8296);
#8291 = PLANE('',#8292);
#8292 = AXIS2_PLACEMENT_3D('',#8293,#8294,#8295);
#8293 = CARTESIAN_POINT('',(16.1,15.2,-22.));
#8294 = DIRECTION('',(0.,1.,0.));
#8295 = DIRECTION('',(0.,0.,1.));
#8296 = DEFINITIONAL_REPRESENTATION('',(#8297),#8301);
#8297 = LINE('',#8298,#8299);
#8298 = CARTESIAN_POINT('',(0.,1.));
#8299 = VECTOR('',#8300,1.);
#8300 = DIRECTION('',(1.,0.));
#8301 = ( GEOMETRIC_REPRESENTATION_CONTEXT(2) 
PARAMETRIC_REPRESENTATION_CONTEXT() REPRESENTATION_CONTEXT('2D SPACE',''
  ) );
#8302 = ORIENTED_EDGE('',*,*,#8303,.F.);
#8303 = EDGE_CURVE('',#8171,#8276,#8304,.T.);
#8304 = SURFACE_CURVE('',#8305,(#8310,#8317),.PCURVE_S1.);
#8305 = CIRCLE('',#8306,1.);
#8306 = AXIS2_PLACEMENT_3D('',#8307,#8308,#8309);
#8307 = CARTESIAN_POINT('',(17.1,16.2,-5.));
#8308 = DIRECTION('',(0.,0.,1.));
#8309 = DIRECTION('',(-1.,0.,0.));
#8310 = PCURVE('',#8186,#8311);
#8311 = DEFINITIONAL_REPRESENTATION('',(#8312),#8316);
#8312 = LINE('',#8313,#8314);
#8313 = CARTESIAN_POINT('',(0.,17.));
#8314 = VECTOR('',#8315,1.);
#8315 = DIRECTION('',(1.,0.));
#8316 = ( GEOMETRIC_REPRESENTATION_CONTEXT(2) 
PARAMETRIC_REPRESENTATION_CONTEXT() REPRESENTATION_CONTEXT('2D SPACE',''
  ) );
#8317 = PCURVE('',#3878,#8318);
#8318 = DEFINITIONAL_REPRESENTATION('',(#8319),#8323);
#8319 = CIRCLE('',#8320,1.);
#8320 = AXIS2_PLACEMENT_2D('',#8321,#8322);
#8321 = CARTESIAN_POINT('',(2.5,45.2));
#8322 = DIRECTION('',(-1.,0.));
#8323 = ( GEOMETRIC_REPRESENTATION_CONTEXT(2) 
PARAMETRIC_REPRESENTATION_CONTEXT() REPRESENTATION_CONTEXT('2D SPACE',''
  ) );
#8324 = ADVANCED_FACE('',(#8325),#8291,.F.);
#8325 = FACE_BOUND('',#8326,.F.);
#8326 = EDGE_LOOP('',(#8327,#8328,#8349,#8377));
#8327 = ORIENTED_EDGE('',*,*,#8275,.T.);
#8328 = ORIENTED_EDGE('',*,*,#8329,.T.);
#8329 = EDGE_CURVE('',#8276,#3863,#8330,.T.);
#8330 = SURFACE_CURVE('',#8331,(#8335,#8342),.PCURVE_S1.);
#8331 = LINE('',#8332,#8333);
#8332 = CARTESIAN_POINT('',(16.1,15.2,-5.));
#8333 = VECTOR('',#8334,1.);
#8334 = DIRECTION('',(1.,0.,0.));
#8335 = PCURVE('',#8291,#8336);
#8336 = DEFINITIONAL_REPRESENTATION('',(#8337),#8341);
#8337 = LINE('',#8338,#8339);
#8338 = CARTESIAN_POINT('',(17.,0.));
#8339 = VECTOR('',#8340,1.);
#8340 = DIRECTION('',(0.,1.));
#8341 = ( GEOMETRIC_REPRESENTATION_CONTEXT(2) 
PARAMETRIC_REPRESENTATION_CONTEXT() REPRESENTATION_CONTEXT('2D SPACE',''
  ) );
#8342 = PCURVE('',#3878,#8343);
#8343 = DEFINITIONAL_REPRESENTATION('',(#8344),#8348);
#8344 = LINE('',#8345,#8346);
#8345 = CARTESIAN_POINT('',(1.5,44.2));
#8346 = VECTOR('',#8347,1.);
#8347 = DIRECTION('',(1.,0.));
#8348 = ( GEOMETRIC_REPRESENTATION_CONTEXT(2) 
PARAMETRIC_REPRESENTATION_CONTEXT() REPRESENTATION_CONTEXT('2D SPACE',''
  ) );
#8349 = ORIENTED_EDGE('',*,*,#8350,.F.);
#8350 = EDGE_CURVE('',#8351,#3863,#8353,.T.);
#8351 = VERTEX_POINT('',#8352);
#8352 = CARTESIAN_POINT('',(19.2,15.2,-21.));
#8353 = SURFACE_CURVE('',#8354,(#8358,#8365),.PCURVE_S1.);
#8354 = LINE('',#8355,#8356);
#8355 = CARTESIAN_POINT('',(19.2,15.2,-22.));
#8356 = VECTOR('',#8357,1.);
#8357 = DIRECTION('',(0.,0.,1.));
#8358 = PCURVE('',#8291,#8359);
#8359 = DEFINITIONAL_REPRESENTATION('',(#8360),#8364);
#8360 = LINE('',#8361,#8362);
#8361 = CARTESIAN_POINT('',(0.,3.1));
#8362 = VECTOR('',#8363,1.);
#8363 = DIRECTION('',(1.,0.));
#8364 = ( GEOMETRIC_REPRESENTATION_CONTEXT(2) 
PARAMETRIC_REPRESENTATION_CONTEXT() REPRESENTATION_CONTEXT('2D SPACE',''
  ) );
#8365 = PCURVE('',#8366,#8371);
#8366 = CYLINDRICAL_SURFACE('',#8367,1.);
#8367 = AXIS2_PLACEMENT_3D('',#8368,#8369,#8370);
#8368 = CARTESIAN_POINT('',(19.2,16.2,-22.));
#8369 = DIRECTION('',(0.,0.,1.));
#8370 = DIRECTION('',(1.,0.,-0.));
#8371 = DEFINITIONAL_REPRESENTATION('',(#8372),#8376);
#8372 = LINE('',#8373,#8374);
#8373 = CARTESIAN_POINT('',(-1.570796326795,0.));
#8374 = VECTOR('',#8375,1.);
#8375 = DIRECTION('',(-0.,1.));
#8376 = ( GEOMETRIC_REPRESENTATION_CONTEXT(2) 
PARAMETRIC_REPRESENTATION_CONTEXT() REPRESENTATION_CONTEXT('2D SPACE',''
  ) );
#8377 = ORIENTED_EDGE('',*,*,#8378,.F.);
#8378 = EDGE_CURVE('',#8247,#8351,#8379,.T.);
#8379 = SURFACE_CURVE('',#8380,(#8384,#8391),.PCURVE_S1.);
#8380 = LINE('',#8381,#8382);
#8381 = CARTESIAN_POINT('',(16.1,15.2,-21.));
#8382 = VECTOR('',#8383,1.);
#8383 = DIRECTION('',(1.,0.,0.));
#8384 = PCURVE('',#8291,#8385);
#8385 = DEFINITIONAL_REPRESENTATION('',(#8386),#8390);
#8386 = LINE('',#8387,#8388);
#8387 = CARTESIAN_POINT('',(1.,0.));
#8388 = VECTOR('',#8389,1.);
#8389 = DIRECTION('',(0.,1.));
#8390 = ( GEOMETRIC_REPRESENTATION_CONTEXT(2) 
PARAMETRIC_REPRESENTATION_CONTEXT() REPRESENTATION_CONTEXT('2D SPACE',''
  ) );
#8391 = PCURVE('',#8392,#8397);
#8392 = PLANE('',#8393);
#8393 = AXIS2_PLACEMENT_3D('',#8394,#8395,#8396);
#8394 = CARTESIAN_POINT('',(16.1,-14.5,-21.));
#8395 = DIRECTION('',(0.,0.,1.));
#8396 = DIRECTION('',(1.,0.,0.));
#8397 = DEFINITIONAL_REPRESENTATION('',(#8398),#8402);
#8398 = LINE('',#8399,#8400);
#8399 = CARTESIAN_POINT('',(0.,29.7));
#8400 = VECTOR('',#8401,1.);
#8401 = DIRECTION('',(1.,0.));
#8402 = ( GEOMETRIC_REPRESENTATION_CONTEXT(2) 
PARAMETRIC_REPRESENTATION_CONTEXT() REPRESENTATION_CONTEXT('2D SPACE',''
  ) );
#8403 = ADVANCED_FACE('',(#8404),#8366,.T.);
#8404 = FACE_BOUND('',#8405,.F.);
#8405 = EDGE_LOOP('',(#8406,#8431,#8458,#8459));
#8406 = ORIENTED_EDGE('',*,*,#8407,.F.);
#8407 = EDGE_CURVE('',#8408,#8410,#8412,.T.);
#8408 = VERTEX_POINT('',#8409);
#8409 = CARTESIAN_POINT('',(20.2,16.2,-21.));
#8410 = VERTEX_POINT('',#8411);
#8411 = CARTESIAN_POINT('',(20.2,16.2,-5.));
#8412 = SURFACE_CURVE('',#8413,(#8417,#8424),.PCURVE_S1.);
#8413 = LINE('',#8414,#8415);
#8414 = CARTESIAN_POINT('',(20.2,16.2,-22.));
#8415 = VECTOR('',#8416,1.);
#8416 = DIRECTION('',(0.,0.,1.));
#8417 = PCURVE('',#8366,#8418);
#8418 = DEFINITIONAL_REPRESENTATION('',(#8419),#8423);
#8419 = LINE('',#8420,#8421);
#8420 = CARTESIAN_POINT('',(-0.,0.));
#8421 = VECTOR('',#8422,1.);
#8422 = DIRECTION('',(-0.,1.));
#8423 = ( GEOMETRIC_REPRESENTATION_CONTEXT(2) 
PARAMETRIC_REPRESENTATION_CONTEXT() REPRESENTATION_CONTEXT('2D SPACE',''
  ) );
#8424 = PCURVE('',#3449,#8425);
#8425 = DEFINITIONAL_REPRESENTATION('',(#8426),#8430);
#8426 = LINE('',#8427,#8428);
#8427 = CARTESIAN_POINT('',(0.,-1.));
#8428 = VECTOR('',#8429,1.);
#8429 = DIRECTION('',(1.,0.));
#8430 = ( GEOMETRIC_REPRESENTATION_CONTEXT(2) 
PARAMETRIC_REPRESENTATION_CONTEXT() REPRESENTATION_CONTEXT('2D SPACE',''
  ) );
#8431 = ORIENTED_EDGE('',*,*,#8432,.T.);
#8432 = EDGE_CURVE('',#8408,#8351,#8433,.T.);
#8433 = SURFACE_CURVE('',#8434,(#8439,#8446),.PCURVE_S1.);
#8434 = CIRCLE('',#8435,1.);
#8435 = AXIS2_PLACEMENT_3D('',#8436,#8437,#8438);
#8436 = CARTESIAN_POINT('',(19.2,16.2,-21.));
#8437 = DIRECTION('',(0.,-0.,-1.));
#8438 = DIRECTION('',(1.,0.,-0.));
#8439 = PCURVE('',#8366,#8440);
#8440 = DEFINITIONAL_REPRESENTATION('',(#8441),#8445);
#8441 = LINE('',#8442,#8443);
#8442 = CARTESIAN_POINT('',(-0.,1.));
#8443 = VECTOR('',#8444,1.);
#8444 = DIRECTION('',(-1.,0.));
#8445 = ( GEOMETRIC_REPRESENTATION_CONTEXT(2) 
PARAMETRIC_REPRESENTATION_CONTEXT() REPRESENTATION_CONTEXT('2D SPACE',''
  ) );
#8446 = PCURVE('',#8447,#8452);
#8447 = SPHERICAL_SURFACE('',#8448,1.);
#8448 = AXIS2_PLACEMENT_3D('',#8449,#8450,#8451);
#8449 = CARTESIAN_POINT('',(19.2,16.2,-21.));
#8450 = DIRECTION('',(0.,0.,1.));
#8451 = DIRECTION('',(1.,0.,-0.));
#8452 = DEFINITIONAL_REPRESENTATION('',(#8453),#8457);
#8453 = LINE('',#8454,#8455);
#8454 = CARTESIAN_POINT('',(-0.,0.));
#8455 = VECTOR('',#8456,1.);
#8456 = DIRECTION('',(-1.,0.));
#8457 = ( GEOMETRIC_REPRESENTATION_CONTEXT(2) 
PARAMETRIC_REPRESENTATION_CONTEXT() REPRESENTATION_CONTEXT('2D SPACE',''
  ) );
#8458 = ORIENTED_EDGE('',*,*,#8350,.T.);
#8459 = ORIENTED_EDGE('',*,*,#8460,.F.);
#8460 = EDGE_CURVE('',#8410,#3863,#8461,.T.);
#8461 = SURFACE_CURVE('',#8462,(#8467,#8474),.PCURVE_S1.);
#8462 = CIRCLE('',#8463,1.);
#8463 = AXIS2_PLACEMENT_3D('',#8464,#8465,#8466);
#8464 = CARTESIAN_POINT('',(19.2,16.2,-5.));
#8465 = DIRECTION('',(0.,0.,-1.));
#8466 = DIRECTION('',(1.,0.,0.));
#8467 = PCURVE('',#8366,#8468);
#8468 = DEFINITIONAL_REPRESENTATION('',(#8469),#8473);
#8469 = LINE('',#8470,#8471);
#8470 = CARTESIAN_POINT('',(-0.,17.));
#8471 = VECTOR('',#8472,1.);
#8472 = DIRECTION('',(-1.,0.));
#8473 = ( GEOMETRIC_REPRESENTATION_CONTEXT(2) 
PARAMETRIC_REPRESENTATION_CONTEXT() REPRESENTATION_CONTEXT('2D SPACE',''
  ) );
#8474 = PCURVE('',#3944,#8475);
#8475 = DEFINITIONAL_REPRESENTATION('',(#8476),#8480);
#8476 = LINE('',#8477,#8478);
#8477 = CARTESIAN_POINT('',(0.,0.));
#8478 = VECTOR('',#8479,1.);
#8479 = DIRECTION('',(1.,0.));
#8480 = ( GEOMETRIC_REPRESENTATION_CONTEXT(2) 
PARAMETRIC_REPRESENTATION_CONTEXT() REPRESENTATION_CONTEXT('2D SPACE',''
  ) );
#8481 = ADVANCED_FACE('',(#8482),#8447,.T.);
#8482 = FACE_BOUND('',#8483,.F.);
#8483 = EDGE_LOOP('',(#8484,#8511,#8589));
#8484 = ORIENTED_EDGE('',*,*,#8485,.F.);
#8485 = EDGE_CURVE('',#8486,#8408,#8488,.T.);
#8486 = VERTEX_POINT('',#8487);
#8487 = CARTESIAN_POINT('',(20.066025403784,16.2,-21.5));
#8488 = SURFACE_CURVE('',#8489,(#8494,#8500),.PCURVE_S1.);
#8489 = CIRCLE('',#8490,1.);
#8490 = AXIS2_PLACEMENT_3D('',#8491,#8492,#8493);
#8491 = CARTESIAN_POINT('',(19.2,16.2,-21.));
#8492 = DIRECTION('',(0.,-1.,0.));
#8493 = DIRECTION('',(1.,0.,0.));
#8494 = PCURVE('',#8447,#8495);
#8495 = DEFINITIONAL_REPRESENTATION('',(#8496),#8499);
#8496 = B_SPLINE_CURVE_WITH_KNOTS('',1,(#8497,#8498),.UNSPECIFIED.,.F.,
  .F.,(2,2),(4.712388980385,6.28318530718),.PIECEWISE_BEZIER_KNOTS.);
#8497 = CARTESIAN_POINT('',(0.,-1.570796326795));
#8498 = CARTESIAN_POINT('',(0.,0.));
#8499 = ( GEOMETRIC_REPRESENTATION_CONTEXT(2) 
PARAMETRIC_REPRESENTATION_CONTEXT() REPRESENTATION_CONTEXT('2D SPACE',''
  ) );
#8500 = PCURVE('',#8501,#8506);
#8501 = CYLINDRICAL_SURFACE('',#8502,1.);
#8502 = AXIS2_PLACEMENT_3D('',#8503,#8504,#8505);
#8503 = CARTESIAN_POINT('',(19.2,15.2,-21.));
#8504 = DIRECTION('',(0.,1.,0.));
#8505 = DIRECTION('',(1.,0.,-0.));
#8506 = DEFINITIONAL_REPRESENTATION('',(#8507),#8510);
#8507 = B_SPLINE_CURVE_WITH_KNOTS('',1,(#8508,#8509),.UNSPECIFIED.,.F.,
  .F.,(2,2),(4.712388980385,6.28318530718),.PIECEWISE_BEZIER_KNOTS.);
#8508 = CARTESIAN_POINT('',(1.570796326795,1.));
#8509 = CARTESIAN_POINT('',(0.,1.));
#8510 = ( GEOMETRIC_REPRESENTATION_CONTEXT(2) 
PARAMETRIC_REPRESENTATION_CONTEXT() REPRESENTATION_CONTEXT('2D SPACE',''
  ) );
#8511 = ORIENTED_EDGE('',*,*,#8512,.T.);
#8512 = EDGE_CURVE('',#8486,#8351,#8513,.T.);
#8513 = SURFACE_CURVE('',#8514,(#8537,#8563),.PCURVE_S1.);
#8514 = B_SPLINE_CURVE_WITH_KNOTS('',6,(#8515,#8516,#8517,#8518,#8519,
    #8520,#8521,#8522,#8523,#8524,#8525,#8526,#8527,#8528,#8529,#8530,
    #8531,#8532,#8533,#8534,#8535,#8536),.UNSPECIFIED.,.F.,.F.,(7,5,5,5,
    7),(0.,0.25968438181,0.465024301878,0.725070570504,1.),
  .UNSPECIFIED.);
#8515 = CARTESIAN_POINT('',(20.066025403784,16.2,-21.5));
#8516 = CARTESIAN_POINT('',(20.066025403784,16.132992231782,-21.5));
#8517 = CARTESIAN_POINT('',(20.062913961048,16.066172559023,
    -21.49460975116));
#8518 = CARTESIAN_POINT('',(20.056727092283,15.999976325674,
    -21.48389706004));
#8519 = CARTESIAN_POINT('',(20.047288533159,15.934784316054,
    -21.46812385978));
#8520 = CARTESIAN_POINT('',(20.034239273659,15.871114201063,
    -21.44781309162));
#8521 = CARTESIAN_POINT('',(20.003881329077,15.760841767141,
    -21.40475551737));
#8522 = CARTESIAN_POINT('',(19.988033164664,15.713447982627,
    -21.38340475442));
#8523 = CARTESIAN_POINT('',(19.969582471943,15.667587517707,
    -21.36009181666));
#8524 = CARTESIAN_POINT('',(19.948366006028,15.623489359167,
    -21.335270712));
#8525 = CARTESIAN_POINT('',(19.924260991651,15.581356876199,
    -21.30943991739));
#8526 = CARTESIAN_POINT('',(19.862878869371,15.490724237366,
    -21.24974631679));
#8527 = CARTESIAN_POINT('',(19.823818319182,15.443540031287,
    -21.21559179913));
#8528 = CARTESIAN_POINT('',(19.779810701642,15.400156627113,
    -21.18164990846));
#8529 = CARTESIAN_POINT('',(19.730832954108,15.360980178436,
    -21.14903060153));
#8530 = CARTESIAN_POINT('',(19.677125616148,15.326402018297,
    -21.11885175219));
#8531 = CARTESIAN_POINT('',(19.557953572635,15.265480898653,
    -21.06382711942));
#8532 = CARTESIAN_POINT('',(19.491955662754,15.239703077752,
    -21.03936807927));
#8533 = CARTESIAN_POINT('',(19.421941316053,15.219980060318,
    -21.01998083674));
#8534 = CARTESIAN_POINT('',(19.348996242708,15.206656203209,
    -21.00665604606));
#8535 = CARTESIAN_POINT('',(19.274472656232,15.2,-21.));
#8536 = CARTESIAN_POINT('',(19.2,15.2,-21.));
#8537 = PCURVE('',#8447,#8538);
#8538 = DEFINITIONAL_REPRESENTATION('',(#8539),#8562);
#8539 = B_SPLINE_CURVE_WITH_KNOTS('',6,(#8540,#8541,#8542,#8543,#8544,
    #8545,#8546,#8547,#8548,#8549,#8550,#8551,#8552,#8553,#8554,#8555,
    #8556,#8557,#8558,#8559,#8560,#8561),.UNSPECIFIED.,.F.,.F.,(7,5,5,5,
    7),(0.,0.25968438181,0.465024301878,0.725070570504,1.),
  .UNSPECIFIED.);
#8540 = CARTESIAN_POINT('',(0.,-0.523598775598));
#8541 = CARTESIAN_POINT('',(-7.73739060365E-02,-0.523598775598));
#8542 = CARTESIAN_POINT('',(-0.154529359594,-0.517377164366));
#8543 = CARTESIAN_POINT('',(-0.230554591452,-0.504999746213));
#8544 = CARTESIAN_POINT('',(-0.304577187721,-0.48696693839));
#8545 = CARTESIAN_POINT('',(-0.376283682842,-0.464147842626));
#8546 = CARTESIAN_POINT('',(-0.500583244405,-0.416610889493));
#8547 = CARTESIAN_POINT('',(-0.554045214859,-0.393286265071));
#8548 = CARTESIAN_POINT('',(-0.606144949195,-0.36812954605));
#8549 = CARTESIAN_POINT('',(-0.657115318309,-0.341688058669));
#8550 = CARTESIAN_POINT('',(-0.707275177265,-0.31448825296));
#8551 = CARTESIAN_POINT('',(-0.819918457864,-0.252248415537));
#8552 = CARTESIAN_POINT('',(-0.882097846324,-0.217065198646));
#8553 = CARTESIAN_POINT('',(-0.944248888959,-0.182476636331));
#8554 = CARTESIAN_POINT('',(-1.007041614845,-0.149484638478));
#8555 = CARTESIAN_POINT('',(-1.07097428565,-0.119096655392));
#8556 = CARTESIAN_POINT('',(-1.20528920292,-6.383713182716E-02));
#8557 = CARTESIAN_POINT('',(-1.2758719614,-3.936368984239E-02));
#8558 = CARTESIAN_POINT('',(-1.348108416099,-1.998276225753E-02));
#8559 = CARTESIAN_POINT('',(-1.421800748118,-6.655546691658E-03));
#8560 = CARTESIAN_POINT('',(-1.496323670563,0.));
#8561 = CARTESIAN_POINT('',(-1.570796326795,0.));
#8562 = ( GEOMETRIC_REPRESENTATION_CONTEXT(2) 
PARAMETRIC_REPRESENTATION_CONTEXT() REPRESENTATION_CONTEXT('2D SPACE',''
  ) );
#8563 = PCURVE('',#5439,#8564);
#8564 = DEFINITIONAL_REPRESENTATION('',(#8565),#8588);
#8565 = B_SPLINE_CURVE_WITH_KNOTS('',6,(#8566,#8567,#8568,#8569,#8570,
    #8571,#8572,#8573,#8574,#8575,#8576,#8577,#8578,#8579,#8580,#8581,
    #8582,#8583,#8584,#8585,#8586,#8587),.UNSPECIFIED.,.F.,.F.,(7,5,5,5,
    7),(0.,0.25968438181,0.465024301878,0.725070570504,1.),
  .UNSPECIFIED.);
#8566 = CARTESIAN_POINT('',(-0.523598775598,30.7));
#8567 = CARTESIAN_POINT('',(-0.523598775598,30.632992231782));
#8568 = CARTESIAN_POINT('',(-0.529821972131,30.566172559023));
#8569 = CARTESIAN_POINT('',(-0.542194630405,30.499976325674));
#8570 = CARTESIAN_POINT('',(-0.560571105907,30.434784316054));
#8571 = CARTESIAN_POINT('',(-0.584690134164,30.371114201063));
#8572 = CARTESIAN_POINT('',(-0.637373713195,30.260841767141));
#8573 = CARTESIAN_POINT('',(-0.663955619651,30.213447982627));
#8574 = CARTESIAN_POINT('',(-0.693663495951,30.167587517707));
#8575 = CARTESIAN_POINT('',(-0.726275301074,30.123489359167));
#8576 = CARTESIAN_POINT('',(-0.761564800799,30.081356876199));
#8577 = CARTESIAN_POINT('',(-0.847186590602,29.990724237366));
#8578 = CARTESIAN_POINT('',(-0.899000789509,29.943540031287));
#8579 = CARTESIAN_POINT('',(-0.954410504304,29.900156627113));
#8580 = CARTESIAN_POINT('',(-1.013018744868,29.860980178436));
#8581 = CARTESIAN_POINT('',(-1.074430248509,29.826402018297));
#8582 = CARTESIAN_POINT('',(-1.205692147648,29.765480898653));
#8583 = CARTESIAN_POINT('',(-1.275864193121,29.739703077752));
#8584 = CARTESIAN_POINT('',(-1.348110802606,29.719980060318));
#8585 = CARTESIAN_POINT('',(-1.421800235387,29.706656203209));
#8586 = CARTESIAN_POINT('',(-1.496323670563,29.7));
#8587 = CARTESIAN_POINT('',(-1.570796326795,29.7));
#8588 = ( GEOMETRIC_REPRESENTATION_CONTEXT(2) 
PARAMETRIC_REPRESENTATION_CONTEXT() REPRESENTATION_CONTEXT('2D SPACE',''
  ) );
#8589 = ORIENTED_EDGE('',*,*,#8432,.F.);
#8590 = ADVANCED_FACE('',(#8591),#8501,.T.);
#8591 = FACE_BOUND('',#8592,.T.);
#8592 = EDGE_LOOP('',(#8593,#8594,#8613,#8633));
#8593 = ORIENTED_EDGE('',*,*,#8485,.F.);
#8594 = ORIENTED_EDGE('',*,*,#8595,.T.);
#8595 = EDGE_CURVE('',#8486,#7101,#8596,.T.);
#8596 = SURFACE_CURVE('',#8597,(#8601,#8607),.PCURVE_S1.);
#8597 = LINE('',#8598,#8599);
#8598 = CARTESIAN_POINT('',(20.066025403784,-14.5,-21.5));
#8599 = VECTOR('',#8600,1.);
#8600 = DIRECTION('',(0.,1.,0.));
#8601 = PCURVE('',#8501,#8602);
#8602 = DEFINITIONAL_REPRESENTATION('',(#8603),#8606);
#8603 = B_SPLINE_CURVE_WITH_KNOTS('',1,(#8604,#8605),.UNSPECIFIED.,.F.,
  .F.,(2,2),(30.6999994,39.5000006),.PIECEWISE_BEZIER_KNOTS.);
#8604 = CARTESIAN_POINT('',(0.523598775598,0.9999994));
#8605 = CARTESIAN_POINT('',(0.523598775598,9.8000006));
#8606 = ( GEOMETRIC_REPRESENTATION_CONTEXT(2) 
PARAMETRIC_REPRESENTATION_CONTEXT() REPRESENTATION_CONTEXT('2D SPACE',''
  ) );
#8607 = PCURVE('',#5439,#8608);
#8608 = DEFINITIONAL_REPRESENTATION('',(#8609),#8612);
#8609 = B_SPLINE_CURVE_WITH_KNOTS('',1,(#8610,#8611),.UNSPECIFIED.,.F.,
  .F.,(2,2),(30.6999994,39.5000006),.PIECEWISE_BEZIER_KNOTS.);
#8610 = CARTESIAN_POINT('',(-0.523598775598,30.6999994));
#8611 = CARTESIAN_POINT('',(-0.523598775598,39.5000006));
#8612 = ( GEOMETRIC_REPRESENTATION_CONTEXT(2) 
PARAMETRIC_REPRESENTATION_CONTEXT() REPRESENTATION_CONTEXT('2D SPACE',''
  ) );
#8613 = ORIENTED_EDGE('',*,*,#8614,.T.);
#8614 = EDGE_CURVE('',#7101,#7594,#8615,.T.);
#8615 = SURFACE_CURVE('',#8616,(#8621,#8627),.PCURVE_S1.);
#8616 = CIRCLE('',#8617,1.);
#8617 = AXIS2_PLACEMENT_3D('',#8618,#8619,#8620);
#8618 = CARTESIAN_POINT('',(19.2,25.,-21.));
#8619 = DIRECTION('',(0.,-1.,0.));
#8620 = DIRECTION('',(1.,0.,0.));
#8621 = PCURVE('',#8501,#8622);
#8622 = DEFINITIONAL_REPRESENTATION('',(#8623),#8626);
#8623 = B_SPLINE_CURVE_WITH_KNOTS('',1,(#8624,#8625),.UNSPECIFIED.,.F.,
  .F.,(2,2),(4.712388980385,6.28318530718),.PIECEWISE_BEZIER_KNOTS.);
#8624 = CARTESIAN_POINT('',(1.570796326795,9.8));
#8625 = CARTESIAN_POINT('',(0.,9.8));
#8626 = ( GEOMETRIC_REPRESENTATION_CONTEXT(2) 
PARAMETRIC_REPRESENTATION_CONTEXT() REPRESENTATION_CONTEXT('2D SPACE',''
  ) );
#8627 = PCURVE('',#7137,#8628);
#8628 = DEFINITIONAL_REPRESENTATION('',(#8629),#8632);
#8629 = B_SPLINE_CURVE_WITH_KNOTS('',1,(#8630,#8631),.UNSPECIFIED.,.F.,
  .F.,(2,2),(4.712388980385,6.28318530718),.PIECEWISE_BEZIER_KNOTS.);
#8630 = CARTESIAN_POINT('',(0.,-1.570796326795));
#8631 = CARTESIAN_POINT('',(0.,0.));
#8632 = ( GEOMETRIC_REPRESENTATION_CONTEXT(2) 
PARAMETRIC_REPRESENTATION_CONTEXT() REPRESENTATION_CONTEXT('2D SPACE',''
  ) );
#8633 = ORIENTED_EDGE('',*,*,#8634,.F.);
#8634 = EDGE_CURVE('',#8408,#7594,#8635,.T.);
#8635 = SURFACE_CURVE('',#8636,(#8640,#8647),.PCURVE_S1.);
#8636 = LINE('',#8637,#8638);
#8637 = CARTESIAN_POINT('',(20.2,15.2,-21.));
#8638 = VECTOR('',#8639,1.);
#8639 = DIRECTION('',(0.,1.,0.));
#8640 = PCURVE('',#8501,#8641);
#8641 = DEFINITIONAL_REPRESENTATION('',(#8642),#8646);
#8642 = LINE('',#8643,#8644);
#8643 = CARTESIAN_POINT('',(0.,0.));
#8644 = VECTOR('',#8645,1.);
#8645 = DIRECTION('',(0.,1.));
#8646 = ( GEOMETRIC_REPRESENTATION_CONTEXT(2) 
PARAMETRIC_REPRESENTATION_CONTEXT() REPRESENTATION_CONTEXT('2D SPACE',''
  ) );
#8647 = PCURVE('',#3449,#8648);
#8648 = DEFINITIONAL_REPRESENTATION('',(#8649),#8653);
#8649 = LINE('',#8650,#8651);
#8650 = CARTESIAN_POINT('',(1.,0.));
#8651 = VECTOR('',#8652,1.);
#8652 = DIRECTION('',(0.,-1.));
#8653 = ( GEOMETRIC_REPRESENTATION_CONTEXT(2) 
PARAMETRIC_REPRESENTATION_CONTEXT() REPRESENTATION_CONTEXT('2D SPACE',''
  ) );
#8654 = ADVANCED_FACE('',(#8655),#8392,.T.);
#8655 = FACE_BOUND('',#8656,.T.);
#8656 = EDGE_LOOP('',(#8657,#8658,#8681,#8702));
#8657 = ORIENTED_EDGE('',*,*,#8378,.F.);
#8658 = ORIENTED_EDGE('',*,*,#8659,.F.);
#8659 = EDGE_CURVE('',#8660,#8247,#8662,.T.);
#8660 = VERTEX_POINT('',#8661);
#8661 = CARTESIAN_POINT('',(17.1,-12.5,-21.));
#8662 = SURFACE_CURVE('',#8663,(#8667,#8674),.PCURVE_S1.);
#8663 = LINE('',#8664,#8665);
#8664 = CARTESIAN_POINT('',(17.1,-14.5,-21.));
#8665 = VECTOR('',#8666,1.);
#8666 = DIRECTION('',(0.,1.,0.));
#8667 = PCURVE('',#8392,#8668);
#8668 = DEFINITIONAL_REPRESENTATION('',(#8669),#8673);
#8669 = LINE('',#8670,#8671);
#8670 = CARTESIAN_POINT('',(1.,0.));
#8671 = VECTOR('',#8672,1.);
#8672 = DIRECTION('',(0.,1.));
#8673 = ( GEOMETRIC_REPRESENTATION_CONTEXT(2) 
PARAMETRIC_REPRESENTATION_CONTEXT() REPRESENTATION_CONTEXT('2D SPACE',''
  ) );
#8674 = PCURVE('',#5218,#8675);
#8675 = DEFINITIONAL_REPRESENTATION('',(#8676),#8680);
#8676 = LINE('',#8677,#8678);
#8677 = CARTESIAN_POINT('',(1.570796326795,0.));
#8678 = VECTOR('',#8679,1.);
#8679 = DIRECTION('',(0.,1.));
#8680 = ( GEOMETRIC_REPRESENTATION_CONTEXT(2) 
PARAMETRIC_REPRESENTATION_CONTEXT() REPRESENTATION_CONTEXT('2D SPACE',''
  ) );
#8681 = ORIENTED_EDGE('',*,*,#8682,.F.);
#8682 = EDGE_CURVE('',#8683,#8660,#8685,.T.);
#8683 = VERTEX_POINT('',#8684);
#8684 = CARTESIAN_POINT('',(19.2,-12.5,-21.));
#8685 = SURFACE_CURVE('',#8686,(#8690,#8696),.PCURVE_S1.);
#8686 = LINE('',#8687,#8688);
#8687 = CARTESIAN_POINT('',(16.1,-12.5,-21.));
#8688 = VECTOR('',#8689,1.);
#8689 = DIRECTION('',(-1.,0.,0.));
#8690 = PCURVE('',#8392,#8691);
#8691 = DEFINITIONAL_REPRESENTATION('',(#8692),#8695);
#8692 = B_SPLINE_CURVE_WITH_KNOTS('',1,(#8693,#8694),.UNSPECIFIED.,.F.,
  .F.,(2,2),(-3.1,-1.),.PIECEWISE_BEZIER_KNOTS.);
#8693 = CARTESIAN_POINT('',(3.1,2.));
#8694 = CARTESIAN_POINT('',(1.,2.));
#8695 = ( GEOMETRIC_REPRESENTATION_CONTEXT(2) 
PARAMETRIC_REPRESENTATION_CONTEXT() REPRESENTATION_CONTEXT('2D SPACE',''
  ) );
#8696 = PCURVE('',#4837,#8697);
#8697 = DEFINITIONAL_REPRESENTATION('',(#8698),#8701);
#8698 = B_SPLINE_CURVE_WITH_KNOTS('',1,(#8699,#8700),.UNSPECIFIED.,.F.,
  .F.,(2,2),(-3.1,-1.),.PIECEWISE_BEZIER_KNOTS.);
#8699 = CARTESIAN_POINT('',(1.,3.1));
#8700 = CARTESIAN_POINT('',(1.,1.));
#8701 = ( GEOMETRIC_REPRESENTATION_CONTEXT(2) 
PARAMETRIC_REPRESENTATION_CONTEXT() REPRESENTATION_CONTEXT('2D SPACE',''
  ) );
#8702 = ORIENTED_EDGE('',*,*,#8703,.T.);
#8703 = EDGE_CURVE('',#8683,#8351,#8704,.T.);
#8704 = SURFACE_CURVE('',#8705,(#8709,#8716),.PCURVE_S1.);
#8705 = LINE('',#8706,#8707);
#8706 = CARTESIAN_POINT('',(19.2,-14.5,-21.));
#8707 = VECTOR('',#8708,1.);
#8708 = DIRECTION('',(0.,1.,0.));
#8709 = PCURVE('',#8392,#8710);
#8710 = DEFINITIONAL_REPRESENTATION('',(#8711),#8715);
#8711 = LINE('',#8712,#8713);
#8712 = CARTESIAN_POINT('',(3.1,0.));
#8713 = VECTOR('',#8714,1.);
#8714 = DIRECTION('',(0.,1.));
#8715 = ( GEOMETRIC_REPRESENTATION_CONTEXT(2) 
PARAMETRIC_REPRESENTATION_CONTEXT() REPRESENTATION_CONTEXT('2D SPACE',''
  ) );
#8716 = PCURVE('',#5439,#8717);
#8717 = DEFINITIONAL_REPRESENTATION('',(#8718),#8722);
#8718 = LINE('',#8719,#8720);
#8719 = CARTESIAN_POINT('',(-1.570796326795,0.));
#8720 = VECTOR('',#8721,1.);
#8721 = DIRECTION('',(-0.,1.));
#8722 = ( GEOMETRIC_REPRESENTATION_CONTEXT(2) 
PARAMETRIC_REPRESENTATION_CONTEXT() REPRESENTATION_CONTEXT('2D SPACE',''
  ) );
#8723 = ADVANCED_FACE('',(#8724),#8263,.T.);
#8724 = FACE_BOUND('',#8725,.T.);
#8725 = EDGE_LOOP('',(#8726,#8748,#8826));
#8726 = ORIENTED_EDGE('',*,*,#8727,.F.);
#8727 = EDGE_CURVE('',#8728,#8169,#8730,.T.);
#8728 = VERTEX_POINT('',#8729);
#8729 = CARTESIAN_POINT('',(16.233974596216,16.2,-21.5));
#8730 = SURFACE_CURVE('',#8731,(#8736,#8742),.PCURVE_S1.);
#8731 = CIRCLE('',#8732,1.);
#8732 = AXIS2_PLACEMENT_3D('',#8733,#8734,#8735);
#8733 = CARTESIAN_POINT('',(17.1,16.2,-21.));
#8734 = DIRECTION('',(0.,1.,-0.));
#8735 = DIRECTION('',(-1.,0.,0.));
#8736 = PCURVE('',#8263,#8737);
#8737 = DEFINITIONAL_REPRESENTATION('',(#8738),#8741);
#8738 = B_SPLINE_CURVE_WITH_KNOTS('',1,(#8739,#8740),.UNSPECIFIED.,.F.,
  .F.,(2,2),(4.712388980385,6.28318530718),.PIECEWISE_BEZIER_KNOTS.);
#8739 = CARTESIAN_POINT('',(0.,-1.570796326795));
#8740 = CARTESIAN_POINT('',(0.,0.));
#8741 = ( GEOMETRIC_REPRESENTATION_CONTEXT(2) 
PARAMETRIC_REPRESENTATION_CONTEXT() REPRESENTATION_CONTEXT('2D SPACE',''
  ) );
#8742 = PCURVE('',#7363,#8743);
#8743 = DEFINITIONAL_REPRESENTATION('',(#8744),#8747);
#8744 = B_SPLINE_CURVE_WITH_KNOTS('',1,(#8745,#8746),.UNSPECIFIED.,.F.,
  .F.,(2,2),(4.712388980385,6.28318530718),.PIECEWISE_BEZIER_KNOTS.);
#8745 = CARTESIAN_POINT('',(-1.570796326795,1.));
#8746 = CARTESIAN_POINT('',(0.,1.));
#8747 = ( GEOMETRIC_REPRESENTATION_CONTEXT(2) 
PARAMETRIC_REPRESENTATION_CONTEXT() REPRESENTATION_CONTEXT('2D SPACE',''
  ) );
#8748 = ORIENTED_EDGE('',*,*,#8749,.T.);
#8749 = EDGE_CURVE('',#8728,#8247,#8750,.T.);
#8750 = SURFACE_CURVE('',#8751,(#8774,#8800),.PCURVE_S1.);
#8751 = B_SPLINE_CURVE_WITH_KNOTS('',6,(#8752,#8753,#8754,#8755,#8756,
    #8757,#8758,#8759,#8760,#8761,#8762,#8763,#8764,#8765,#8766,#8767,
    #8768,#8769,#8770,#8771,#8772,#8773),.UNSPECIFIED.,.F.,.F.,(7,5,5,5,
    7),(0.,0.259684381811,0.465024301878,0.725070570503,1.),
  .UNSPECIFIED.);
#8752 = CARTESIAN_POINT('',(16.233974596216,16.2,-21.5));
#8753 = CARTESIAN_POINT('',(16.233974596216,16.132992231791,-21.5));
#8754 = CARTESIAN_POINT('',(16.237086038952,16.066172559016,
    -21.49460975116));
#8755 = CARTESIAN_POINT('',(16.243272907717,15.999976325677,
    -21.48389706005));
#8756 = CARTESIAN_POINT('',(16.252711466842,15.934784316053,
    -21.46812385978));
#8757 = CARTESIAN_POINT('',(16.265760726341,15.871114201063,
    -21.44781309162));
#8758 = CARTESIAN_POINT('',(16.296118670923,15.760841767141,
    -21.40475551737));
#8759 = CARTESIAN_POINT('',(16.311966835336,15.713447982627,
    -21.38340475442));
#8760 = CARTESIAN_POINT('',(16.330417528057,15.667587517707,
    -21.36009181666));
#8761 = CARTESIAN_POINT('',(16.351633993972,15.623489359167,
    -21.335270712));
#8762 = CARTESIAN_POINT('',(16.375739008349,15.5813568762,
    -21.30943991739));
#8763 = CARTESIAN_POINT('',(16.437121130629,15.490724237366,
    -21.24974631679));
#8764 = CARTESIAN_POINT('',(16.476181680818,15.443540031287,
    -21.21559179914));
#8765 = CARTESIAN_POINT('',(16.520189298359,15.400156627113,
    -21.18164990846));
#8766 = CARTESIAN_POINT('',(16.569167045892,15.360980178436,
    -21.14903060153));
#8767 = CARTESIAN_POINT('',(16.622874383852,15.326402018297,
    -21.11885175219));
#8768 = CARTESIAN_POINT('',(16.742046427365,15.265480898653,
    -21.06382711942));
#8769 = CARTESIAN_POINT('',(16.808044337246,15.239703077753,
    -21.03936807927));
#8770 = CARTESIAN_POINT('',(16.878058683947,15.219980060317,
    -21.01998083674));
#8771 = CARTESIAN_POINT('',(16.951003757292,15.206656203209,
    -21.00665604606));
#8772 = CARTESIAN_POINT('',(17.025527343768,15.2,-21.));
#8773 = CARTESIAN_POINT('',(17.1,15.2,-21.));
#8774 = PCURVE('',#8263,#8775);
#8775 = DEFINITIONAL_REPRESENTATION('',(#8776),#8799);
#8776 = B_SPLINE_CURVE_WITH_KNOTS('',6,(#8777,#8778,#8779,#8780,#8781,
    #8782,#8783,#8784,#8785,#8786,#8787,#8788,#8789,#8790,#8791,#8792,
    #8793,#8794,#8795,#8796,#8797,#8798),.UNSPECIFIED.,.F.,.F.,(7,5,5,5,
    7),(0.,0.259684381811,0.465024301878,0.725070570503,1.),
  .UNSPECIFIED.);
#8777 = CARTESIAN_POINT('',(0.,-0.523598775598));
#8778 = CARTESIAN_POINT('',(7.737390602706E-02,-0.523598775598));
#8779 = CARTESIAN_POINT('',(0.154529359601,-0.517377164365));
#8780 = CARTESIAN_POINT('',(0.230554591449,-0.504999746214));
#8781 = CARTESIAN_POINT('',(0.304577187722,-0.48696693839));
#8782 = CARTESIAN_POINT('',(0.376283682841,-0.464147842626));
#8783 = CARTESIAN_POINT('',(0.500583244405,-0.416610889493));
#8784 = CARTESIAN_POINT('',(0.554045214859,-0.393286265071));
#8785 = CARTESIAN_POINT('',(0.606144949195,-0.36812954605));
#8786 = CARTESIAN_POINT('',(0.657115318309,-0.341688058669));
#8787 = CARTESIAN_POINT('',(0.707275177265,-0.31448825296));
#8788 = CARTESIAN_POINT('',(0.819918457864,-0.252248415537));
#8789 = CARTESIAN_POINT('',(0.882097846324,-0.217065198646));
#8790 = CARTESIAN_POINT('',(0.944248888959,-0.182476636331));
#8791 = CARTESIAN_POINT('',(1.007041614845,-0.149484638478));
#8792 = CARTESIAN_POINT('',(1.07097428565,-0.119096655392));
#8793 = CARTESIAN_POINT('',(1.20528920292,-6.383713182712E-02));
#8794 = CARTESIAN_POINT('',(1.2758719614,-3.936368984243E-02));
#8795 = CARTESIAN_POINT('',(1.348108416099,-1.998276225748E-02));
#8796 = CARTESIAN_POINT('',(1.421800748118,-6.655546691677E-03));
#8797 = CARTESIAN_POINT('',(1.496323670563,0.));
#8798 = CARTESIAN_POINT('',(1.570796326795,0.));
#8799 = ( GEOMETRIC_REPRESENTATION_CONTEXT(2) 
PARAMETRIC_REPRESENTATION_CONTEXT() REPRESENTATION_CONTEXT('2D SPACE',''
  ) );
#8800 = PCURVE('',#5218,#8801);
#8801 = DEFINITIONAL_REPRESENTATION('',(#8802),#8825);
#8802 = B_SPLINE_CURVE_WITH_KNOTS('',6,(#8803,#8804,#8805,#8806,#8807,
    #8808,#8809,#8810,#8811,#8812,#8813,#8814,#8815,#8816,#8817,#8818,
    #8819,#8820,#8821,#8822,#8823,#8824),.UNSPECIFIED.,.F.,.F.,(7,5,5,5,
    7),(0.,0.259684381811,0.465024301878,0.725070570503,1.),
  .UNSPECIFIED.);
#8803 = CARTESIAN_POINT('',(0.523598775598,30.7));
#8804 = CARTESIAN_POINT('',(0.523598775598,30.632992231791));
#8805 = CARTESIAN_POINT('',(0.529821972131,30.566172559016));
#8806 = CARTESIAN_POINT('',(0.542194630405,30.499976325677));
#8807 = CARTESIAN_POINT('',(0.560571105908,30.434784316053));
#8808 = CARTESIAN_POINT('',(0.584690134164,30.371114201063));
#8809 = CARTESIAN_POINT('',(0.637373713195,30.260841767141));
#8810 = CARTESIAN_POINT('',(0.663955619652,30.213447982627));
#8811 = CARTESIAN_POINT('',(0.693663495952,30.167587517707));
#8812 = CARTESIAN_POINT('',(0.726275301074,30.123489359167));
#8813 = CARTESIAN_POINT('',(0.761564800799,30.0813568762));
#8814 = CARTESIAN_POINT('',(0.847186590602,29.990724237366));
#8815 = CARTESIAN_POINT('',(0.899000789509,29.943540031287));
#8816 = CARTESIAN_POINT('',(0.954410504304,29.900156627113));
#8817 = CARTESIAN_POINT('',(1.013018744868,29.860980178436));
#8818 = CARTESIAN_POINT('',(1.074430248509,29.826402018297));
#8819 = CARTESIAN_POINT('',(1.205692147648,29.765480898653));
#8820 = CARTESIAN_POINT('',(1.275864193121,29.739703077753));
#8821 = CARTESIAN_POINT('',(1.348110802606,29.719980060317));
#8822 = CARTESIAN_POINT('',(1.421800235386,29.706656203209));
#8823 = CARTESIAN_POINT('',(1.496323670563,29.7));
#8824 = CARTESIAN_POINT('',(1.570796326795,29.7));
#8825 = ( GEOMETRIC_REPRESENTATION_CONTEXT(2) 
PARAMETRIC_REPRESENTATION_CONTEXT() REPRESENTATION_CONTEXT('2D SPACE',''
  ) );
#8826 = ORIENTED_EDGE('',*,*,#8246,.F.);
#8827 = ADVANCED_FACE('',(#8828),#7363,.T.);
#8828 = FACE_BOUND('',#8829,.F.);
#8829 = EDGE_LOOP('',(#8830,#8831,#8850,#8851));
#8830 = ORIENTED_EDGE('',*,*,#8727,.F.);
#8831 = ORIENTED_EDGE('',*,*,#8832,.T.);
#8832 = EDGE_CURVE('',#8728,#7274,#8833,.T.);
#8833 = SURFACE_CURVE('',#8834,(#8838,#8844),.PCURVE_S1.);
#8834 = LINE('',#8835,#8836);
#8835 = CARTESIAN_POINT('',(16.233974596216,-14.5,-21.5));
#8836 = VECTOR('',#8837,1.);
#8837 = DIRECTION('',(0.,1.,0.));
#8838 = PCURVE('',#7363,#8839);
#8839 = DEFINITIONAL_REPRESENTATION('',(#8840),#8843);
#8840 = B_SPLINE_CURVE_WITH_KNOTS('',1,(#8841,#8842),.UNSPECIFIED.,.F.,
  .F.,(2,2),(30.6999994,39.5000006),.PIECEWISE_BEZIER_KNOTS.);
#8841 = CARTESIAN_POINT('',(-0.523598775598,0.9999994));
#8842 = CARTESIAN_POINT('',(-0.523598775598,9.8000006));
#8843 = ( GEOMETRIC_REPRESENTATION_CONTEXT(2) 
PARAMETRIC_REPRESENTATION_CONTEXT() REPRESENTATION_CONTEXT('2D SPACE',''
  ) );
#8844 = PCURVE('',#5218,#8845);
#8845 = DEFINITIONAL_REPRESENTATION('',(#8846),#8849);
#8846 = B_SPLINE_CURVE_WITH_KNOTS('',1,(#8847,#8848),.UNSPECIFIED.,.F.,
  .F.,(2,2),(30.6999994,39.5000006),.PIECEWISE_BEZIER_KNOTS.);
#8847 = CARTESIAN_POINT('',(0.523598775598,30.6999994));
#8848 = CARTESIAN_POINT('',(0.523598775598,39.5000006));
#8849 = ( GEOMETRIC_REPRESENTATION_CONTEXT(2) 
PARAMETRIC_REPRESENTATION_CONTEXT() REPRESENTATION_CONTEXT('2D SPACE',''
  ) );
#8850 = ORIENTED_EDGE('',*,*,#7347,.T.);
#8851 = ORIENTED_EDGE('',*,*,#8198,.F.);
#8852 = ADVANCED_FACE('',(#8853),#7237,.T.);
#8853 = FACE_BOUND('',#8854,.F.);
#8854 = EDGE_LOOP('',(#8855,#8856,#8857,#8877));
#8855 = ORIENTED_EDGE('',*,*,#7375,.F.);
#8856 = ORIENTED_EDGE('',*,*,#7224,.T.);
#8857 = ORIENTED_EDGE('',*,*,#8858,.T.);
#8858 = EDGE_CURVE('',#7074,#7542,#8859,.T.);
#8859 = SURFACE_CURVE('',#8860,(#8865,#8871),.PCURVE_S1.);
#8860 = CIRCLE('',#8861,1.);
#8861 = AXIS2_PLACEMENT_3D('',#8862,#8863,#8864);
#8862 = CARTESIAN_POINT('',(19.2,25.,-21.));
#8863 = DIRECTION('',(1.,-6.123233995737E-17,0.));
#8864 = DIRECTION('',(6.123233995737E-17,1.,0.));
#8865 = PCURVE('',#7237,#8866);
#8866 = DEFINITIONAL_REPRESENTATION('',(#8867),#8870);
#8867 = B_SPLINE_CURVE_WITH_KNOTS('',1,(#8868,#8869),.UNSPECIFIED.,.F.,
  .F.,(2,2),(4.712388980385,6.28318530718),.PIECEWISE_BEZIER_KNOTS.);
#8868 = CARTESIAN_POINT('',(-1.570796326795,3.1));
#8869 = CARTESIAN_POINT('',(0.,3.1));
#8870 = ( GEOMETRIC_REPRESENTATION_CONTEXT(2) 
PARAMETRIC_REPRESENTATION_CONTEXT() REPRESENTATION_CONTEXT('2D SPACE',''
  ) );
#8871 = PCURVE('',#7137,#8872);
#8872 = DEFINITIONAL_REPRESENTATION('',(#8873),#8876);
#8873 = B_SPLINE_CURVE_WITH_KNOTS('',1,(#8874,#8875),.UNSPECIFIED.,.F.,
  .F.,(2,2),(4.712388980385,6.28318530718),.PIECEWISE_BEZIER_KNOTS.);
#8874 = CARTESIAN_POINT('',(1.570796326795,-1.570796326795));
#8875 = CARTESIAN_POINT('',(1.570796326795,0.));
#8876 = ( GEOMETRIC_REPRESENTATION_CONTEXT(2) 
PARAMETRIC_REPRESENTATION_CONTEXT() REPRESENTATION_CONTEXT('2D SPACE',''
  ) );
#8877 = ORIENTED_EDGE('',*,*,#7569,.F.);
#8878 = ADVANCED_FACE('',(#8879),#7137,.T.);
#8879 = FACE_BOUND('',#8880,.T.);
#8880 = EDGE_LOOP('',(#8881,#8882,#8883,#8884));
#8881 = ORIENTED_EDGE('',*,*,#8614,.F.);
#8882 = ORIENTED_EDGE('',*,*,#7100,.T.);
#8883 = ORIENTED_EDGE('',*,*,#8858,.T.);
#8884 = ORIENTED_EDGE('',*,*,#7618,.F.);
#8885 = ADVANCED_FACE('',(#8886),#6960,.T.);
#8886 = FACE_BOUND('',#8887,.T.);
#8887 = EDGE_LOOP('',(#8888,#8889,#8910,#8911));
#8888 = ORIENTED_EDGE('',*,*,#6945,.F.);
#8889 = ORIENTED_EDGE('',*,*,#8890,.T.);
#8890 = EDGE_CURVE('',#6946,#7175,#8891,.T.);
#8891 = SURFACE_CURVE('',#8892,(#8896,#8903),.PCURVE_S1.);
#8892 = LINE('',#8893,#8894);
#8893 = CARTESIAN_POINT('',(17.1,26.,-37.4));
#8894 = VECTOR('',#8895,1.);
#8895 = DIRECTION('',(0.,0.,1.));
#8896 = PCURVE('',#6960,#8897);
#8897 = DEFINITIONAL_REPRESENTATION('',(#8898),#8902);
#8898 = LINE('',#8899,#8900);
#8899 = CARTESIAN_POINT('',(0.,1.));
#8900 = VECTOR('',#8901,1.);
#8901 = DIRECTION('',(1.,0.));
#8902 = ( GEOMETRIC_REPRESENTATION_CONTEXT(2) 
PARAMETRIC_REPRESENTATION_CONTEXT() REPRESENTATION_CONTEXT('2D SPACE',''
  ) );
#8903 = PCURVE('',#6755,#8904);
#8904 = DEFINITIONAL_REPRESENTATION('',(#8905),#8909);
#8905 = LINE('',#8906,#8907);
#8906 = CARTESIAN_POINT('',(-1.570796326795,0.));
#8907 = VECTOR('',#8908,1.);
#8908 = DIRECTION('',(-0.,1.));
#8909 = ( GEOMETRIC_REPRESENTATION_CONTEXT(2) 
PARAMETRIC_REPRESENTATION_CONTEXT() REPRESENTATION_CONTEXT('2D SPACE',''
  ) );
#8910 = ORIENTED_EDGE('',*,*,#7174,.T.);
#8911 = ORIENTED_EDGE('',*,*,#7021,.F.);
#8912 = ADVANCED_FACE('',(#8913),#6755,.T.);
#8913 = FACE_BOUND('',#8914,.F.);
#8914 = EDGE_LOOP('',(#8915,#8916,#8917,#8918));
#8915 = ORIENTED_EDGE('',*,*,#6739,.F.);
#8916 = ORIENTED_EDGE('',*,*,#6971,.F.);
#8917 = ORIENTED_EDGE('',*,*,#8890,.T.);
#8918 = ORIENTED_EDGE('',*,*,#7252,.T.);
#8919 = ADVANCED_FACE('',(#8920),#6467,.T.);
#8920 = FACE_BOUND('',#8921,.T.);
#8921 = EDGE_LOOP('',(#8922,#8923,#8942,#8943));
#8922 = ORIENTED_EDGE('',*,*,#6872,.F.);
#8923 = ORIENTED_EDGE('',*,*,#8924,.F.);
#8924 = EDGE_CURVE('',#6450,#6873,#8925,.T.);
#8925 = SURFACE_CURVE('',#8926,(#8930,#8936),.PCURVE_S1.);
#8926 = LINE('',#8927,#8928);
#8927 = CARTESIAN_POINT('',(20.2,3.6,-36.525));
#8928 = VECTOR('',#8929,1.);
#8929 = DIRECTION('',(0.,0.,1.));
#8930 = PCURVE('',#6467,#8931);
#8931 = DEFINITIONAL_REPRESENTATION('',(#8932),#8935);
#8932 = B_SPLINE_CURVE_WITH_KNOTS('',1,(#8933,#8934),.UNSPECIFIED.,.F.,
  .F.,(2,2),(0.875,13.575),.PIECEWISE_BEZIER_KNOTS.);
#8933 = CARTESIAN_POINT('',(0.,-12.5));
#8934 = CARTESIAN_POINT('',(12.7,-12.5));
#8935 = ( GEOMETRIC_REPRESENTATION_CONTEXT(2) 
PARAMETRIC_REPRESENTATION_CONTEXT() REPRESENTATION_CONTEXT('2D SPACE',''
  ) );
#8936 = PCURVE('',#5952,#8937);
#8937 = DEFINITIONAL_REPRESENTATION('',(#8938),#8941);
#8938 = B_SPLINE_CURVE_WITH_KNOTS('',1,(#8939,#8940),.UNSPECIFIED.,.F.,
  .F.,(2,2),(0.875,13.575),.PIECEWISE_BEZIER_KNOTS.);
#8939 = CARTESIAN_POINT('',(1.75,-18.1));
#8940 = CARTESIAN_POINT('',(14.45,-18.1));
#8941 = ( GEOMETRIC_REPRESENTATION_CONTEXT(2) 
PARAMETRIC_REPRESENTATION_CONTEXT() REPRESENTATION_CONTEXT('2D SPACE',''
  ) );
#8942 = ORIENTED_EDGE('',*,*,#6449,.T.);
#8943 = ORIENTED_EDGE('',*,*,#6692,.T.);
#8944 = ADVANCED_FACE('',(#8945),#6304,.T.);
#8945 = FACE_BOUND('',#8946,.T.);
#8946 = EDGE_LOOP('',(#8947,#8948,#8949,#8950));
#8947 = ORIENTED_EDGE('',*,*,#6290,.F.);
#8948 = ORIENTED_EDGE('',*,*,#6621,.T.);
#8949 = ORIENTED_EDGE('',*,*,#6499,.T.);
#8950 = ORIENTED_EDGE('',*,*,#6396,.F.);
#8951 = ADVANCED_FACE('',(#8952),#6251,.T.);
#8952 = FACE_BOUND('',#8953,.F.);
#8953 = EDGE_LOOP('',(#8954,#8974,#8975));
#8954 = ORIENTED_EDGE('',*,*,#8955,.F.);
#8955 = EDGE_CURVE('',#6155,#6577,#8956,.T.);
#8956 = SURFACE_CURVE('',#8957,(#8962,#8968),.PCURVE_S1.);
#8957 = CIRCLE('',#8958,1.);
#8958 = AXIS2_PLACEMENT_3D('',#8959,#8960,#8961);
#8959 = CARTESIAN_POINT('',(17.1,25.,-36.4));
#8960 = DIRECTION('',(0.,1.,-0.));
#8961 = DIRECTION('',(-1.,0.,0.));
#8962 = PCURVE('',#6251,#8963);
#8963 = DEFINITIONAL_REPRESENTATION('',(#8964),#8967);
#8964 = B_SPLINE_CURVE_WITH_KNOTS('',1,(#8965,#8966),.UNSPECIFIED.,.F.,
  .F.,(2,2),(4.712388980385,6.28318530718),.PIECEWISE_BEZIER_KNOTS.);
#8965 = CARTESIAN_POINT('',(0.,-1.570796326795));
#8966 = CARTESIAN_POINT('',(0.,0.));
#8967 = ( GEOMETRIC_REPRESENTATION_CONTEXT(2) 
PARAMETRIC_REPRESENTATION_CONTEXT() REPRESENTATION_CONTEXT('2D SPACE',''
  ) );
#8968 = PCURVE('',#6170,#8969);
#8969 = DEFINITIONAL_REPRESENTATION('',(#8970),#8973);
#8970 = B_SPLINE_CURVE_WITH_KNOTS('',1,(#8971,#8972),.UNSPECIFIED.,.F.,
  .F.,(2,2),(4.712388980385,6.28318530718),.PIECEWISE_BEZIER_KNOTS.);
#8971 = CARTESIAN_POINT('',(-1.570796326795,39.5));
#8972 = CARTESIAN_POINT('',(0.,39.5));
#8973 = ( GEOMETRIC_REPRESENTATION_CONTEXT(2) 
PARAMETRIC_REPRESENTATION_CONTEXT() REPRESENTATION_CONTEXT('2D SPACE',''
  ) );
#8974 = ORIENTED_EDGE('',*,*,#6235,.T.);
#8975 = ORIENTED_EDGE('',*,*,#6599,.F.);
#8976 = ADVANCED_FACE('',(#8977),#6170,.T.);
#8977 = FACE_BOUND('',#8978,.F.);
#8978 = EDGE_LOOP('',(#8979,#8999,#9000,#9001));
#8979 = ORIENTED_EDGE('',*,*,#8980,.F.);
#8980 = EDGE_CURVE('',#6075,#6647,#8981,.T.);
#8981 = SURFACE_CURVE('',#8982,(#8987,#8993),.PCURVE_S1.);
#8982 = CIRCLE('',#8983,1.);
#8983 = AXIS2_PLACEMENT_3D('',#8984,#8985,#8986);
#8984 = CARTESIAN_POINT('',(17.1,-13.5,-36.4));
#8985 = DIRECTION('',(0.,1.,-0.));
#8986 = DIRECTION('',(-1.,0.,0.));
#8987 = PCURVE('',#6170,#8988);
#8988 = DEFINITIONAL_REPRESENTATION('',(#8989),#8992);
#8989 = B_SPLINE_CURVE_WITH_KNOTS('',1,(#8990,#8991),.UNSPECIFIED.,.F.,
  .F.,(2,2),(4.712388980385,6.28318530718),.PIECEWISE_BEZIER_KNOTS.);
#8990 = CARTESIAN_POINT('',(-1.570796326795,1.));
#8991 = CARTESIAN_POINT('',(0.,1.));
#8992 = ( GEOMETRIC_REPRESENTATION_CONTEXT(2) 
PARAMETRIC_REPRESENTATION_CONTEXT() REPRESENTATION_CONTEXT('2D SPACE',''
  ) );
#8993 = PCURVE('',#6092,#8994);
#8994 = DEFINITIONAL_REPRESENTATION('',(#8995),#8998);
#8995 = B_SPLINE_CURVE_WITH_KNOTS('',1,(#8996,#8997),.UNSPECIFIED.,.F.,
  .F.,(2,2),(4.712388980385,6.28318530718),.PIECEWISE_BEZIER_KNOTS.);
#8996 = CARTESIAN_POINT('',(0.,-1.570796326795));
#8997 = CARTESIAN_POINT('',(0.,0.));
#8998 = ( GEOMETRIC_REPRESENTATION_CONTEXT(2) 
PARAMETRIC_REPRESENTATION_CONTEXT() REPRESENTATION_CONTEXT('2D SPACE',''
  ) );
#8999 = ORIENTED_EDGE('',*,*,#6154,.T.);
#9000 = ORIENTED_EDGE('',*,*,#8955,.T.);
#9001 = ORIENTED_EDGE('',*,*,#6669,.F.);
#9002 = ADVANCED_FACE('',(#9003),#6092,.T.);
#9003 = FACE_BOUND('',#9004,.T.);
#9004 = EDGE_LOOP('',(#9005,#9006,#9007));
#9005 = ORIENTED_EDGE('',*,*,#8980,.F.);
#9006 = ORIENTED_EDGE('',*,*,#6074,.T.);
#9007 = ORIENTED_EDGE('',*,*,#9008,.F.);
#9008 = EDGE_CURVE('',#6647,#6077,#9009,.T.);
#9009 = SURFACE_CURVE('',#9010,(#9015,#9022),.PCURVE_S1.);
#9010 = CIRCLE('',#9011,1.);
#9011 = AXIS2_PLACEMENT_3D('',#9012,#9013,#9014);
#9012 = CARTESIAN_POINT('',(17.1,-13.5,-36.4));
#9013 = DIRECTION('',(0.,0.,1.));
#9014 = DIRECTION('',(-1.,0.,0.));
#9015 = PCURVE('',#6092,#9016);
#9016 = DEFINITIONAL_REPRESENTATION('',(#9017),#9021);
#9017 = LINE('',#9018,#9019);
#9018 = CARTESIAN_POINT('',(0.,0.));
#9019 = VECTOR('',#9020,1.);
#9020 = DIRECTION('',(1.,0.));
#9021 = ( GEOMETRIC_REPRESENTATION_CONTEXT(2) 
PARAMETRIC_REPRESENTATION_CONTEXT() REPRESENTATION_CONTEXT('2D SPACE',''
  ) );
#9022 = PCURVE('',#5328,#9023);
#9023 = DEFINITIONAL_REPRESENTATION('',(#9024),#9028);
#9024 = LINE('',#9025,#9026);
#9025 = CARTESIAN_POINT('',(0.,1.));
#9026 = VECTOR('',#9027,1.);
#9027 = DIRECTION('',(1.,0.));
#9028 = ( GEOMETRIC_REPRESENTATION_CONTEXT(2) 
PARAMETRIC_REPRESENTATION_CONTEXT() REPRESENTATION_CONTEXT('2D SPACE',''
  ) );
#9029 = ADVANCED_FACE('',(#9030),#6034,.T.);
#9030 = FACE_BOUND('',#9031,.T.);
#9031 = EDGE_LOOP('',(#9032,#9033,#9034,#9035));
#9032 = ORIENTED_EDGE('',*,*,#6018,.F.);
#9033 = ORIENTED_EDGE('',*,*,#6183,.T.);
#9034 = ORIENTED_EDGE('',*,*,#6319,.T.);
#9035 = ORIENTED_EDGE('',*,*,#9036,.F.);
#9036 = EDGE_CURVE('',#5937,#6320,#9037,.T.);
#9037 = SURFACE_CURVE('',#9038,(#9042,#9049),.PCURVE_S1.);
#9038 = LINE('',#9039,#9040);
#9039 = CARTESIAN_POINT('',(20.2,-14.5,-36.4));
#9040 = VECTOR('',#9041,1.);
#9041 = DIRECTION('',(0.,1.,0.));
#9042 = PCURVE('',#6034,#9043);
#9043 = DEFINITIONAL_REPRESENTATION('',(#9044),#9048);
#9044 = LINE('',#9045,#9046);
#9045 = CARTESIAN_POINT('',(0.,0.));
#9046 = VECTOR('',#9047,1.);
#9047 = DIRECTION('',(0.,1.));
#9048 = ( GEOMETRIC_REPRESENTATION_CONTEXT(2) 
PARAMETRIC_REPRESENTATION_CONTEXT() REPRESENTATION_CONTEXT('2D SPACE',''
  ) );
#9049 = PCURVE('',#5952,#9050);
#9050 = DEFINITIONAL_REPRESENTATION('',(#9051),#9055);
#9051 = LINE('',#9052,#9053);
#9052 = CARTESIAN_POINT('',(1.,0.));
#9053 = VECTOR('',#9054,1.);
#9054 = DIRECTION('',(0.,-1.));
#9055 = ( GEOMETRIC_REPRESENTATION_CONTEXT(2) 
PARAMETRIC_REPRESENTATION_CONTEXT() REPRESENTATION_CONTEXT('2D SPACE',''
  ) );
#9056 = ADVANCED_FACE('',(#9057,#9087),#5952,.T.);
#9057 = FACE_BOUND('',#9058,.T.);
#9058 = EDGE_LOOP('',(#9059,#9060,#9061,#9062,#9063,#9064,#9065,#9066));
#9059 = ORIENTED_EDGE('',*,*,#5936,.F.);
#9060 = ORIENTED_EDGE('',*,*,#9036,.T.);
#9061 = ORIENTED_EDGE('',*,*,#6372,.T.);
#9062 = ORIENTED_EDGE('',*,*,#6479,.T.);
#9063 = ORIENTED_EDGE('',*,*,#8924,.T.);
#9064 = ORIENTED_EDGE('',*,*,#6895,.F.);
#9065 = ORIENTED_EDGE('',*,*,#6997,.T.);
#9066 = ORIENTED_EDGE('',*,*,#9067,.F.);
#9067 = EDGE_CURVE('',#5424,#6998,#9068,.T.);
#9068 = SURFACE_CURVE('',#9069,(#9073,#9080),.PCURVE_S1.);
#9069 = LINE('',#9070,#9071);
#9070 = CARTESIAN_POINT('',(20.2,-14.5,-22.));
#9071 = VECTOR('',#9072,1.);
#9072 = DIRECTION('',(0.,1.,0.));
#9073 = PCURVE('',#5952,#9074);
#9074 = DEFINITIONAL_REPRESENTATION('',(#9075),#9079);
#9075 = LINE('',#9076,#9077);
#9076 = CARTESIAN_POINT('',(15.4,0.));
#9077 = VECTOR('',#9078,1.);
#9078 = DIRECTION('',(0.,-1.));
#9079 = ( GEOMETRIC_REPRESENTATION_CONTEXT(2) 
PARAMETRIC_REPRESENTATION_CONTEXT() REPRESENTATION_CONTEXT('2D SPACE',''
  ) );
#9080 = PCURVE('',#5439,#9081);
#9081 = DEFINITIONAL_REPRESENTATION('',(#9082),#9086);
#9082 = LINE('',#9083,#9084);
#9083 = CARTESIAN_POINT('',(-0.,0.));
#9084 = VECTOR('',#9085,1.);
#9085 = DIRECTION('',(-0.,1.));
#9086 = ( GEOMETRIC_REPRESENTATION_CONTEXT(2) 
PARAMETRIC_REPRESENTATION_CONTEXT() REPRESENTATION_CONTEXT('2D SPACE',''
  ) );
#9087 = FACE_BOUND('',#9088,.T.);
#9088 = EDGE_LOOP('',(#9089));
#9089 = ORIENTED_EDGE('',*,*,#6822,.F.);
#9090 = ADVANCED_FACE('',(#9091),#5439,.T.);
#9091 = FACE_BOUND('',#9092,.F.);
#9092 = EDGE_LOOP('',(#9093,#9094,#9095,#9096,#9128,#9150,#9151,#9152,
    #9153,#9154));
#9093 = ORIENTED_EDGE('',*,*,#5421,.F.);
#9094 = ORIENTED_EDGE('',*,*,#5605,.T.);
#9095 = ORIENTED_EDGE('',*,*,#5683,.F.);
#9096 = ORIENTED_EDGE('',*,*,#9097,.T.);
#9097 = EDGE_CURVE('',#5684,#9098,#9100,.T.);
#9098 = VERTEX_POINT('',#9099);
#9099 = CARTESIAN_POINT('',(19.3,-12.5,-21.00501256289));
#9100 = SURFACE_CURVE('',#9101,(#9108,#9118),.PCURVE_S1.);
#9101 = B_SPLINE_CURVE_WITH_KNOTS('',5,(#9102,#9103,#9104,#9105,#9106,
    #9107),.UNSPECIFIED.,.F.,.F.,(6,6),(0.,1.),
  .PIECEWISE_BEZIER_KNOTS.);
#9102 = CARTESIAN_POINT('',(19.635891133197,-12.56502865519,-21.1000006)
  );
#9103 = CARTESIAN_POINT('',(19.575080750923,-12.54056593759,
    -21.07054868432));
#9104 = CARTESIAN_POINT('',(19.510057917229,-12.52084005539,
    -21.04539699507));
#9105 = CARTESIAN_POINT('',(19.441732853863,-12.50706005338,
    -21.02570793242));
#9106 = CARTESIAN_POINT('',(19.371298796013,-12.5,-21.01217836151));
#9107 = CARTESIAN_POINT('',(19.3,-12.5,-21.00501256289));
#9108 = PCURVE('',#5439,#9109);
#9109 = DEFINITIONAL_REPRESENTATION('',(#9110),#9117);
#9110 = B_SPLINE_CURVE_WITH_KNOTS('',5,(#9111,#9112,#9113,#9114,#9115,
    #9116),.UNSPECIFIED.,.F.,.F.,(6,6),(0.,1.),
  .PIECEWISE_BEZIER_KNOTS.);
#9111 = CARTESIAN_POINT('',(-1.119768138506,1.934971344802));
#9112 = CARTESIAN_POINT('',(-1.187335274966,1.959434062402));
#9113 = CARTESIAN_POINT('',(-1.256819083691,1.97915994461));
#9114 = CARTESIAN_POINT('',(-1.32753691546,1.992939946615));
#9115 = CARTESIAN_POINT('',(-1.398970919458,2.));
#9116 = CARTESIAN_POINT('',(-1.470628905633,2.));
#9117 = ( GEOMETRIC_REPRESENTATION_CONTEXT(2) 
PARAMETRIC_REPRESENTATION_CONTEXT() REPRESENTATION_CONTEXT('2D SPACE',''
  ) );
#9118 = PCURVE('',#4805,#9119);
#9119 = DEFINITIONAL_REPRESENTATION('',(#9120),#9127);
#9120 = B_SPLINE_CURVE_WITH_KNOTS('',5,(#9121,#9122,#9123,#9124,#9125,
    #9126),.UNSPECIFIED.,.F.,.F.,(6,6),(0.,1.),
  .PIECEWISE_BEZIER_KNOTS.);
#9121 = CARTESIAN_POINT('',(1.188327153571,0.8999994));
#9122 = CARTESIAN_POINT('',(1.261156458016,0.929451315678));
#9123 = CARTESIAN_POINT('',(1.336363522205,0.954603004922));
#9124 = CARTESIAN_POINT('',(1.413315194705,0.974292067575));
#9125 = CARTESIAN_POINT('',(1.491575442336,0.987821638489));
#9126 = CARTESIAN_POINT('',(1.570796326795,0.994987437107));
#9127 = ( GEOMETRIC_REPRESENTATION_CONTEXT(2) 
PARAMETRIC_REPRESENTATION_CONTEXT() REPRESENTATION_CONTEXT('2D SPACE',''
  ) );
#9128 = ORIENTED_EDGE('',*,*,#9129,.F.);
#9129 = EDGE_CURVE('',#8683,#9098,#9130,.T.);
#9130 = SURFACE_CURVE('',#9131,(#9136,#9143),.PCURVE_S1.);
#9131 = CIRCLE('',#9132,1.);
#9132 = AXIS2_PLACEMENT_3D('',#9133,#9134,#9135);
#9133 = CARTESIAN_POINT('',(19.2,-12.5,-22.));
#9134 = DIRECTION('',(0.,1.,0.));
#9135 = DIRECTION('',(1.,0.,-0.));
#9136 = PCURVE('',#5439,#9137);
#9137 = DEFINITIONAL_REPRESENTATION('',(#9138),#9142);
#9138 = LINE('',#9139,#9140);
#9139 = CARTESIAN_POINT('',(-6.28318530718,2.));
#9140 = VECTOR('',#9141,1.);
#9141 = DIRECTION('',(1.,-0.));
#9142 = ( GEOMETRIC_REPRESENTATION_CONTEXT(2) 
PARAMETRIC_REPRESENTATION_CONTEXT() REPRESENTATION_CONTEXT('2D SPACE',''
  ) );
#9143 = PCURVE('',#4837,#9144);
#9144 = DEFINITIONAL_REPRESENTATION('',(#9145),#9149);
#9145 = CIRCLE('',#9146,1.);
#9146 = AXIS2_PLACEMENT_2D('',#9147,#9148);
#9147 = CARTESIAN_POINT('',(0.,3.1));
#9148 = DIRECTION('',(0.,1.));
#9149 = ( GEOMETRIC_REPRESENTATION_CONTEXT(2) 
PARAMETRIC_REPRESENTATION_CONTEXT() REPRESENTATION_CONTEXT('2D SPACE',''
  ) );
#9150 = ORIENTED_EDGE('',*,*,#8703,.T.);
#9151 = ORIENTED_EDGE('',*,*,#8512,.F.);
#9152 = ORIENTED_EDGE('',*,*,#8595,.T.);
#9153 = ORIENTED_EDGE('',*,*,#7149,.F.);
#9154 = ORIENTED_EDGE('',*,*,#9067,.F.);
#9155 = ADVANCED_FACE('',(#9156),#5406,.F.);
#9156 = FACE_BOUND('',#9157,.F.);
#9157 = EDGE_LOOP('',(#9158,#9179,#9180,#9181));
#9158 = ORIENTED_EDGE('',*,*,#9159,.T.);
#9159 = EDGE_CURVE('',#6077,#5287,#9160,.T.);
#9160 = SURFACE_CURVE('',#9161,(#9165,#9172),.PCURVE_S1.);
#9161 = LINE('',#9162,#9163);
#9162 = CARTESIAN_POINT('',(17.1,-14.5,-37.4));
#9163 = VECTOR('',#9164,1.);
#9164 = DIRECTION('',(0.,0.,1.));
#9165 = PCURVE('',#5406,#9166);
#9166 = DEFINITIONAL_REPRESENTATION('',(#9167),#9171);
#9167 = LINE('',#9168,#9169);
#9168 = CARTESIAN_POINT('',(0.,1.));
#9169 = VECTOR('',#9170,1.);
#9170 = DIRECTION('',(1.,0.));
#9171 = ( GEOMETRIC_REPRESENTATION_CONTEXT(2) 
PARAMETRIC_REPRESENTATION_CONTEXT() REPRESENTATION_CONTEXT('2D SPACE',''
  ) );
#9172 = PCURVE('',#5328,#9173);
#9173 = DEFINITIONAL_REPRESENTATION('',(#9174),#9178);
#9174 = LINE('',#9175,#9176);
#9175 = CARTESIAN_POINT('',(1.570796326795,0.));
#9176 = VECTOR('',#9177,1.);
#9177 = DIRECTION('',(0.,1.));
#9178 = ( GEOMETRIC_REPRESENTATION_CONTEXT(2) 
PARAMETRIC_REPRESENTATION_CONTEXT() REPRESENTATION_CONTEXT('2D SPACE',''
  ) );
#9179 = ORIENTED_EDGE('',*,*,#5392,.T.);
#9180 = ORIENTED_EDGE('',*,*,#5993,.F.);
#9181 = ORIENTED_EDGE('',*,*,#6130,.F.);
#9182 = ADVANCED_FACE('',(#9183),#5328,.T.);
#9183 = FACE_BOUND('',#9184,.T.);
#9184 = EDGE_LOOP('',(#9185,#9186,#9187,#9188));
#9185 = ORIENTED_EDGE('',*,*,#6646,.F.);
#9186 = ORIENTED_EDGE('',*,*,#9008,.T.);
#9187 = ORIENTED_EDGE('',*,*,#9159,.T.);
#9188 = ORIENTED_EDGE('',*,*,#5313,.F.);
#9189 = ADVANCED_FACE('',(#9190),#5218,.T.);
#9190 = FACE_BOUND('',#9191,.T.);
#9191 = EDGE_LOOP('',(#9192,#9193,#9214,#9329,#9366,#9388,#9389,#9390,
    #9391,#9392));
#9192 = ORIENTED_EDGE('',*,*,#5200,.F.);
#9193 = ORIENTED_EDGE('',*,*,#9194,.T.);
#9194 = EDGE_CURVE('',#5201,#9195,#9197,.T.);
#9195 = VERTEX_POINT('',#9196);
#9196 = CARTESIAN_POINT('',(16.213434914532,-13.4,-21.5373961206));
#9197 = SURFACE_CURVE('',#9198,(#9202,#9208),.PCURVE_S1.);
#9198 = LINE('',#9199,#9200);
#9199 = CARTESIAN_POINT('',(16.213434914532,-14.5,-21.5373961206));
#9200 = VECTOR('',#9201,1.);
#9201 = DIRECTION('',(0.,1.,0.));
#9202 = PCURVE('',#5218,#9203);
#9203 = DEFINITIONAL_REPRESENTATION('',(#9204),#9207);
#9204 = B_SPLINE_CURVE_WITH_KNOTS('',1,(#9205,#9206),.UNSPECIFIED.,.F.,
  .F.,(2,2),(0.9999994,1.1000006),.PIECEWISE_BEZIER_KNOTS.);
#9205 = CARTESIAN_POINT('',(0.480929998182,0.9999994));
#9206 = CARTESIAN_POINT('',(0.480929998182,1.1000006));
#9207 = ( GEOMETRIC_REPRESENTATION_CONTEXT(2) 
PARAMETRIC_REPRESENTATION_CONTEXT() REPRESENTATION_CONTEXT('2D SPACE',''
  ) );
#9208 = PCURVE('',#5125,#9209);
#9209 = DEFINITIONAL_REPRESENTATION('',(#9210),#9213);
#9210 = B_SPLINE_CURVE_WITH_KNOTS('',1,(#9211,#9212),.UNSPECIFIED.,.F.,
  .F.,(2,2),(0.9999994,1.1000006),.PIECEWISE_BEZIER_KNOTS.);
#9211 = CARTESIAN_POINT('',(-0.507502090744,0.9999994));
#9212 = CARTESIAN_POINT('',(-0.507502090744,1.1000006));
#9213 = ( GEOMETRIC_REPRESENTATION_CONTEXT(2) 
PARAMETRIC_REPRESENTATION_CONTEXT() REPRESENTATION_CONTEXT('2D SPACE',''
  ) );
#9214 = ORIENTED_EDGE('',*,*,#9215,.F.);
#9215 = EDGE_CURVE('',#9216,#9195,#9218,.T.);
#9216 = VERTEX_POINT('',#9217);
#9217 = CARTESIAN_POINT('',(16.664110105646,-12.56502815684,-21.1));
#9218 = SURFACE_CURVE('',#9219,(#9252,#9288),.PCURVE_S1.);
#9219 = B_SPLINE_CURVE_WITH_KNOTS('',7,(#9220,#9221,#9222,#9223,#9224,
    #9225,#9226,#9227,#9228,#9229,#9230,#9231,#9232,#9233,#9234,#9235,
    #9236,#9237,#9238,#9239,#9240,#9241,#9242,#9243,#9244,#9245,#9246,
    #9247,#9248,#9249,#9250,#9251),.UNSPECIFIED.,.F.,.F.,(8,6,6,6,6,8),(
    0.,0.168971308425,0.350293144137,0.505669418251,0.652779324516,1.),
  .UNSPECIFIED.);
#9220 = CARTESIAN_POINT('',(16.664110105646,-12.56502815684,-21.1));
#9221 = CARTESIAN_POINT('',(16.640787460189,-12.57441031862,
    -21.11129567273));
#9222 = CARTESIAN_POINT('',(16.61807252432,-12.58460930841,
    -21.12316752862));
#9223 = CARTESIAN_POINT('',(16.596005265544,-12.59560906048,
    -21.13556044603));
#9224 = CARTESIAN_POINT('',(16.574619199215,-12.60739210183,
    -21.14841523908));
#9225 = CARTESIAN_POINT('',(16.553941512297,-12.61993992128,
    -21.16166964832));
#9226 = CARTESIAN_POINT('',(16.533993187123,-12.63323333856,
    -21.17525933157));
#9227 = CARTESIAN_POINT('',(16.494181391209,-12.6622971303,
    -21.20399140414));
#9228 = CARTESIAN_POINT('',(16.474431173684,-12.67817715736,
    -21.21917432174));
#9229 = CARTESIAN_POINT('',(16.455556245919,-12.69486943205,
    -21.23458723834));
#9230 = CARTESIAN_POINT('',(16.437567496448,-12.71234930957,
    -21.25014756603));
#9231 = CARTESIAN_POINT('',(16.42046927011,-12.7305913994,
    -21.26577163214));
#9232 = CARTESIAN_POINT('',(16.404259709155,-12.7495699419,
    -21.28137581332));
#9233 = CARTESIAN_POINT('',(16.375795869656,-12.78613107034,
    -21.31016134655));
#9234 = CARTESIAN_POINT('',(16.363308021657,-12.80352417438,
    -21.3233693725));
#9235 = CARTESIAN_POINT('',(16.35146279263,-12.82142227084,
    -21.33644985869));
#9236 = CARTESIAN_POINT('',(16.34025315428,-12.83980792682,
    -21.34935056481));
#9237 = CARTESIAN_POINT('',(16.329669950135,-12.85866262553,
    -21.36201954561));
#9238 = CARTESIAN_POINT('',(16.319702037932,-12.87796688917,
    -21.37440579729));
#9239 = CARTESIAN_POINT('',(16.301469097396,-12.91638404709,
    -21.39787270512));
#9240 = CARTESIAN_POINT('',(16.293141880452,-12.93545208002,
    -21.40898751989));
#9241 = CARTESIAN_POINT('',(16.285343986578,-12.95488699348,
    -21.41976224259));
#9242 = CARTESIAN_POINT('',(16.27806348652,-12.97466975003,
    -21.43015559002));
#9243 = CARTESIAN_POINT('',(16.271287599047,-12.99477995778,
    -21.44012774389));
#9244 = CARTESIAN_POINT('',(16.265002973649,-13.01519604634,
    -21.44964099307));
#9245 = CARTESIAN_POINT('',(16.245489822105,-13.08475182882,
    -21.47994865145));
#9246 = CARTESIAN_POINT('',(16.234437506353,-13.1352116146,
    -21.49849652168));
#9247 = CARTESIAN_POINT('',(16.225878275659,-13.18693570238,
    -21.5138192422));
#9248 = CARTESIAN_POINT('',(16.21961901342,-13.23958190049,
    -21.52554445756));
#9249 = CARTESIAN_POINT('',(16.215494496996,-13.29284619341,
    -21.53344898716));
#9250 = CARTESIAN_POINT('',(16.213434914532,-13.34644281491,
    -21.5373961206));
#9251 = CARTESIAN_POINT('',(16.213434914532,-13.4,-21.5373961206));
#9252 = PCURVE('',#5218,#9253);
#9253 = DEFINITIONAL_REPRESENTATION('',(#9254),#9287);
#9254 = B_SPLINE_CURVE_WITH_KNOTS('',7,(#9255,#9256,#9257,#9258,#9259,
    #9260,#9261,#9262,#9263,#9264,#9265,#9266,#9267,#9268,#9269,#9270,
    #9271,#9272,#9273,#9274,#9275,#9276,#9277,#9278,#9279,#9280,#9281,
    #9282,#9283,#9284,#9285,#9286),.UNSPECIFIED.,.F.,.F.,(8,6,6,6,6,8),(
    0.,0.168971308425,0.350293144137,0.505669418251,0.652779324516,1.),
  .UNSPECIFIED.);
#9255 = CARTESIAN_POINT('',(1.119769514999,1.93497184316));
#9256 = CARTESIAN_POINT('',(1.093855464491,1.925589681375));
#9257 = CARTESIAN_POINT('',(1.06823722204,1.915390691583));
#9258 = CARTESIAN_POINT('',(1.042946277582,1.904390939516));
#9259 = CARTESIAN_POINT('',(1.018013192731,1.892607898169));
#9260 = CARTESIAN_POINT('',(0.993467765057,1.880060078715));
#9261 = CARTESIAN_POINT('',(0.969339192373,1.866766661438));
#9262 = CARTESIAN_POINT('',(0.920242236376,1.837702869698));
#9263 = CARTESIAN_POINT('',(0.895341976324,1.821822842635));
#9264 = CARTESIAN_POINT('',(0.870989987173,1.805130567942));
#9265 = CARTESIAN_POINT('',(0.847221621872,1.787650690422));
#9266 = CARTESIAN_POINT('',(0.824072814027,1.7694086006));
#9267 = CARTESIAN_POINT('',(0.801579835922,1.7504300581));
#9268 = CARTESIAN_POINT('',(0.761097777152,1.713868929652));
#9269 = CARTESIAN_POINT('',(0.742925486339,1.69647582562));
#9270 = CARTESIAN_POINT('',(0.725285047031,1.678577729152));
#9271 = CARTESIAN_POINT('',(0.708200671981,1.660192073175));
#9272 = CARTESIAN_POINT('',(0.691697426688,1.641337374469));
#9273 = CARTESIAN_POINT('',(0.675800732318,1.622033110827));
#9274 = CARTESIAN_POINT('',(0.646083130069,1.583615952904));
#9275 = CARTESIAN_POINT('',(0.632197091303,1.564547919977));
#9276 = CARTESIAN_POINT('',(0.618899421032,1.545113006517));
#9277 = CARTESIAN_POINT('',(0.606212241862,1.525330249969));
#9278 = CARTESIAN_POINT('',(0.594157552856,1.505220042215));
#9279 = CARTESIAN_POINT('',(0.582756652092,1.484803953657));
#9280 = CARTESIAN_POINT('',(0.546710608763,1.415248171178));
#9281 = CARTESIAN_POINT('',(0.525132442509,1.364788385396));
#9282 = CARTESIAN_POINT('',(0.507588994119,1.313064297618));
#9283 = CARTESIAN_POINT('',(0.494297965093,1.260418099504));
#9284 = CARTESIAN_POINT('',(0.485382183583,1.20715380659));
#9285 = CARTESIAN_POINT('',(0.480929998182,1.153557185088));
#9286 = CARTESIAN_POINT('',(0.480929998182,1.1));
#9287 = ( GEOMETRIC_REPRESENTATION_CONTEXT(2) 
PARAMETRIC_REPRESENTATION_CONTEXT() REPRESENTATION_CONTEXT('2D SPACE',''
  ) );
#9288 = PCURVE('',#9289,#9294);
#9289 = SPHERICAL_SURFACE('',#9290,0.9);
#9290 = AXIS2_PLACEMENT_3D('',#9291,#9292,#9293);
#9291 = CARTESIAN_POINT('',(17.,-13.4,-21.1));
#9292 = DIRECTION('',(0.,0.,1.));
#9293 = DIRECTION('',(-1.,0.,0.));
#9294 = DEFINITIONAL_REPRESENTATION('',(#9295),#9328);
#9295 = B_SPLINE_CURVE_WITH_KNOTS('',7,(#9296,#9297,#9298,#9299,#9300,
    #9301,#9302,#9303,#9304,#9305,#9306,#9307,#9308,#9309,#9310,#9311,
    #9312,#9313,#9314,#9315,#9316,#9317,#9318,#9319,#9320,#9321,#9322,
    #9323,#9324,#9325,#9326,#9327),.UNSPECIFIED.,.F.,.F.,(8,6,6,6,6,8),(
    0.,0.168971308425,0.350293144137,0.505669418251,0.652779324516,1.),
  .UNSPECIFIED.);
#9296 = CARTESIAN_POINT('',(-1.188328637265,-3.153033389935E-14));
#9297 = CARTESIAN_POINT('',(-1.160396383444,-1.255074748676E-02));
#9298 = CARTESIAN_POINT('',(-1.132751861105,-2.574172278855E-02));
#9299 = CARTESIAN_POINT('',(-1.105385750119,-3.951481436047E-02));
#9300 = CARTESIAN_POINT('',(-1.078280077965,-5.380908988456E-02));
#9301 = CARTESIAN_POINT('',(-1.051409159774,-6.856156300979E-02));
#9302 = CARTESIAN_POINT('',(-1.024740538379,-8.370796009187E-02));
#9303 = CARTESIAN_POINT('',(-0.969794023098,-0.115790157981));
#9304 = CARTESIAN_POINT('',(-0.941541651027,-0.132775413976));
#9305 = CARTESIAN_POINT('',(-0.91343049106,-0.150059574688));
#9306 = CARTESIAN_POINT('',(-0.885405964266,-0.167561285522));
#9307 = CARTESIAN_POINT('',(-0.857408453484,-0.185197671968));
#9308 = CARTESIAN_POINT('',(-0.829374526944,-0.202884494062));
#9309 = CARTESIAN_POINT('',(-0.777127863454,-0.235662289144));
#9310 = CARTESIAN_POINT('',(-0.752943248248,-0.250761961879));
#9311 = CARTESIAN_POINT('',(-0.728642972971,-0.26578156014));
#9312 = CARTESIAN_POINT('',(-0.70418583917,-0.280665428165));
#9313 = CARTESIAN_POINT('',(-0.679531796596,-0.295356308803));
#9314 = CARTESIAN_POINT('',(-0.654642946558,-0.309795638979));
#9315 = CARTESIAN_POINT('',(-0.605664627629,-0.337300398965));
#9316 = CARTESIAN_POINT('',(-0.581603611975,-0.350397755395));
#9317 = CARTESIAN_POINT('',(-0.557272512437,-0.363165308952));
#9318 = CARTESIAN_POINT('',(-0.532646073354,-0.375551004354));
#9319 = CARTESIAN_POINT('',(-0.507703994253,-0.387502228122));
#9320 = CARTESIAN_POINT('',(-0.482432154828,-0.398966700159));
#9321 = CARTESIAN_POINT('',(-0.396381027929,-0.435683362422));
#9322 = CARTESIAN_POINT('',(-0.334032477247,-0.458490625432));
#9323 = CARTESIAN_POINT('',(-0.269744249269,-0.477615485809));
#9324 = CARTESIAN_POINT('',(-0.203666844537,-0.492434571905));
#9325 = CARTESIAN_POINT('',(-0.136229637637,-0.502483881467));
#9326 = CARTESIAN_POINT('',(-6.808995984833E-02,-0.507502090744));
#9327 = CARTESIAN_POINT('',(0.,-0.507502090744));
#9328 = ( GEOMETRIC_REPRESENTATION_CONTEXT(2) 
PARAMETRIC_REPRESENTATION_CONTEXT() REPRESENTATION_CONTEXT('2D SPACE',''
  ) );
#9329 = ORIENTED_EDGE('',*,*,#9330,.T.);
#9330 = EDGE_CURVE('',#9216,#9331,#9333,.T.);
#9331 = VERTEX_POINT('',#9332);
#9332 = CARTESIAN_POINT('',(17.,-12.5,-21.00501256289));
#9333 = SURFACE_CURVE('',#9334,(#9341,#9351),.PCURVE_S1.);
#9334 = B_SPLINE_CURVE_WITH_KNOTS('',5,(#9335,#9336,#9337,#9338,#9339,
    #9340),.UNSPECIFIED.,.F.,.F.,(6,6),(0.,1.),
  .PIECEWISE_BEZIER_KNOTS.);
#9335 = CARTESIAN_POINT('',(16.664108866803,-12.56502865519,-21.1000006)
  );
#9336 = CARTESIAN_POINT('',(16.724919249051,-12.5405659376,
    -21.07054868433));
#9337 = CARTESIAN_POINT('',(16.789942082792,-12.52084005537,
    -21.04539699506));
#9338 = CARTESIAN_POINT('',(16.858267146164,-12.50706005339,
    -21.02570793242));
#9339 = CARTESIAN_POINT('',(16.928701203953,-12.5,-21.01217836151));
#9340 = CARTESIAN_POINT('',(17.,-12.5,-21.00501256289));
#9341 = PCURVE('',#5218,#9342);
#9342 = DEFINITIONAL_REPRESENTATION('',(#9343),#9350);
#9343 = B_SPLINE_CURVE_WITH_KNOTS('',5,(#9344,#9345,#9346,#9347,#9348,
    #9349),.UNSPECIFIED.,.F.,.F.,(6,6),(0.,1.),
  .PIECEWISE_BEZIER_KNOTS.);
#9344 = CARTESIAN_POINT('',(1.119768138506,1.934971344802));
#9345 = CARTESIAN_POINT('',(1.187335274937,1.959434062391));
#9346 = CARTESIAN_POINT('',(1.256819083716,1.979159944625));
#9347 = CARTESIAN_POINT('',(1.327536915486,1.992939946609));
#9348 = CARTESIAN_POINT('',(1.398970919423,2.));
#9349 = CARTESIAN_POINT('',(1.470628905633,2.));
#9350 = ( GEOMETRIC_REPRESENTATION_CONTEXT(2) 
PARAMETRIC_REPRESENTATION_CONTEXT() REPRESENTATION_CONTEXT('2D SPACE',''
  ) );
#9351 = PCURVE('',#9352,#9357);
#9352 = CYLINDRICAL_SURFACE('',#9353,0.9);
#9353 = AXIS2_PLACEMENT_3D('',#9354,#9355,#9356);
#9354 = CARTESIAN_POINT('',(17.,-13.4,-22.));
#9355 = DIRECTION('',(0.,0.,1.));
#9356 = DIRECTION('',(-1.,-0.,0.));
#9357 = DEFINITIONAL_REPRESENTATION('',(#9358),#9365);
#9358 = B_SPLINE_CURVE_WITH_KNOTS('',5,(#9359,#9360,#9361,#9362,#9363,
    #9364),.UNSPECIFIED.,.F.,.F.,(6,6),(0.,1.),
  .PIECEWISE_BEZIER_KNOTS.);
#9359 = CARTESIAN_POINT('',(-1.188327153571,0.8999994));
#9360 = CARTESIAN_POINT('',(-1.261156457985,0.929451315666));
#9361 = CARTESIAN_POINT('',(-1.336363522231,0.954603004938));
#9362 = CARTESIAN_POINT('',(-1.413315194734,0.974292067572));
#9363 = CARTESIAN_POINT('',(-1.491575442298,0.987821638486));
#9364 = CARTESIAN_POINT('',(-1.570796326795,0.994987437107));
#9365 = ( GEOMETRIC_REPRESENTATION_CONTEXT(2) 
PARAMETRIC_REPRESENTATION_CONTEXT() REPRESENTATION_CONTEXT('2D SPACE',''
  ) );
#9366 = ORIENTED_EDGE('',*,*,#9367,.T.);
#9367 = EDGE_CURVE('',#9331,#8660,#9368,.T.);
#9368 = SURFACE_CURVE('',#9369,(#9374,#9381),.PCURVE_S1.);
#9369 = CIRCLE('',#9370,1.);
#9370 = AXIS2_PLACEMENT_3D('',#9371,#9372,#9373);
#9371 = CARTESIAN_POINT('',(17.1,-12.5,-22.));
#9372 = DIRECTION('',(0.,1.,0.));
#9373 = DIRECTION('',(-1.,0.,0.));
#9374 = PCURVE('',#5218,#9375);
#9375 = DEFINITIONAL_REPRESENTATION('',(#9376),#9380);
#9376 = LINE('',#9377,#9378);
#9377 = CARTESIAN_POINT('',(0.,2.));
#9378 = VECTOR('',#9379,1.);
#9379 = DIRECTION('',(1.,0.));
#9380 = ( GEOMETRIC_REPRESENTATION_CONTEXT(2) 
PARAMETRIC_REPRESENTATION_CONTEXT() REPRESENTATION_CONTEXT('2D SPACE',''
  ) );
#9381 = PCURVE('',#4837,#9382);
#9382 = DEFINITIONAL_REPRESENTATION('',(#9383),#9387);
#9383 = CIRCLE('',#9384,1.);
#9384 = AXIS2_PLACEMENT_2D('',#9385,#9386);
#9385 = CARTESIAN_POINT('',(0.,1.));
#9386 = DIRECTION('',(0.,-1.));
#9387 = ( GEOMETRIC_REPRESENTATION_CONTEXT(2) 
PARAMETRIC_REPRESENTATION_CONTEXT() REPRESENTATION_CONTEXT('2D SPACE',''
  ) );
#9388 = ORIENTED_EDGE('',*,*,#8659,.T.);
#9389 = ORIENTED_EDGE('',*,*,#8749,.F.);
#9390 = ORIENTED_EDGE('',*,*,#8832,.T.);
#9391 = ORIENTED_EDGE('',*,*,#7322,.F.);
#9392 = ORIENTED_EDGE('',*,*,#6767,.F.);
#9393 = ADVANCED_FACE('',(#9394),#9289,.T.);
#9394 = FACE_BOUND('',#9395,.F.);
#9395 = EDGE_LOOP('',(#9396,#9418,#9419));
#9396 = ORIENTED_EDGE('',*,*,#9397,.F.);
#9397 = EDGE_CURVE('',#9195,#9398,#9400,.T.);
#9398 = VERTEX_POINT('',#9399);
#9399 = CARTESIAN_POINT('',(16.1,-13.4,-21.1));
#9400 = SURFACE_CURVE('',#9401,(#9406,#9412),.PCURVE_S1.);
#9401 = CIRCLE('',#9402,0.9);
#9402 = AXIS2_PLACEMENT_3D('',#9403,#9404,#9405);
#9403 = CARTESIAN_POINT('',(17.,-13.4,-21.1));
#9404 = DIRECTION('',(0.,1.,-0.));
#9405 = DIRECTION('',(-1.,0.,0.));
#9406 = PCURVE('',#9289,#9407);
#9407 = DEFINITIONAL_REPRESENTATION('',(#9408),#9411);
#9408 = B_SPLINE_CURVE_WITH_KNOTS('',1,(#9409,#9410),.UNSPECIFIED.,.F.,
  .F.,(2,2),(4.712388980385,6.28318530718),.PIECEWISE_BEZIER_KNOTS.);
#9409 = CARTESIAN_POINT('',(0.,-1.570796326795));
#9410 = CARTESIAN_POINT('',(0.,0.));
#9411 = ( GEOMETRIC_REPRESENTATION_CONTEXT(2) 
PARAMETRIC_REPRESENTATION_CONTEXT() REPRESENTATION_CONTEXT('2D SPACE',''
  ) );
#9412 = PCURVE('',#5125,#9413);
#9413 = DEFINITIONAL_REPRESENTATION('',(#9414),#9417);
#9414 = B_SPLINE_CURVE_WITH_KNOTS('',1,(#9415,#9416),.UNSPECIFIED.,.F.,
  .F.,(2,2),(4.712388980385,6.28318530718),.PIECEWISE_BEZIER_KNOTS.);
#9415 = CARTESIAN_POINT('',(-1.570796326795,1.1));
#9416 = CARTESIAN_POINT('',(0.,1.1));
#9417 = ( GEOMETRIC_REPRESENTATION_CONTEXT(2) 
PARAMETRIC_REPRESENTATION_CONTEXT() REPRESENTATION_CONTEXT('2D SPACE',''
  ) );
#9418 = ORIENTED_EDGE('',*,*,#9215,.F.);
#9419 = ORIENTED_EDGE('',*,*,#9420,.F.);
#9420 = EDGE_CURVE('',#9398,#9216,#9421,.T.);
#9421 = SURFACE_CURVE('',#9422,(#9427,#9434),.PCURVE_S1.);
#9422 = CIRCLE('',#9423,0.9);
#9423 = AXIS2_PLACEMENT_3D('',#9424,#9425,#9426);
#9424 = CARTESIAN_POINT('',(17.,-13.4,-21.1));
#9425 = DIRECTION('',(-0.,0.,-1.));
#9426 = DIRECTION('',(-1.,0.,0.));
#9427 = PCURVE('',#9289,#9428);
#9428 = DEFINITIONAL_REPRESENTATION('',(#9429),#9433);
#9429 = LINE('',#9430,#9431);
#9430 = CARTESIAN_POINT('',(-0.,0.));
#9431 = VECTOR('',#9432,1.);
#9432 = DIRECTION('',(-1.,0.));
#9433 = ( GEOMETRIC_REPRESENTATION_CONTEXT(2) 
PARAMETRIC_REPRESENTATION_CONTEXT() REPRESENTATION_CONTEXT('2D SPACE',''
  ) );
#9434 = PCURVE('',#9352,#9435);
#9435 = DEFINITIONAL_REPRESENTATION('',(#9436),#9440);
#9436 = LINE('',#9437,#9438);
#9437 = CARTESIAN_POINT('',(-0.,0.9));
#9438 = VECTOR('',#9439,1.);
#9439 = DIRECTION('',(-1.,0.));
#9440 = ( GEOMETRIC_REPRESENTATION_CONTEXT(2) 
PARAMETRIC_REPRESENTATION_CONTEXT() REPRESENTATION_CONTEXT('2D SPACE',''
  ) );
#9441 = ADVANCED_FACE('',(#9442),#9352,.T.);
#9442 = FACE_BOUND('',#9443,.F.);
#9443 = EDGE_LOOP('',(#9444,#9467,#9468,#9469,#9492));
#9444 = ORIENTED_EDGE('',*,*,#9445,.F.);
#9445 = EDGE_CURVE('',#9398,#9446,#9448,.T.);
#9446 = VERTEX_POINT('',#9447);
#9447 = CARTESIAN_POINT('',(16.1,-13.4,-5.));
#9448 = SURFACE_CURVE('',#9449,(#9453,#9460),.PCURVE_S1.);
#9449 = LINE('',#9450,#9451);
#9450 = CARTESIAN_POINT('',(16.1,-13.4,-22.));
#9451 = VECTOR('',#9452,1.);
#9452 = DIRECTION('',(0.,0.,1.));
#9453 = PCURVE('',#9352,#9454);
#9454 = DEFINITIONAL_REPRESENTATION('',(#9455),#9459);
#9455 = LINE('',#9456,#9457);
#9456 = CARTESIAN_POINT('',(-0.,0.));
#9457 = VECTOR('',#9458,1.);
#9458 = DIRECTION('',(-0.,1.));
#9459 = ( GEOMETRIC_REPRESENTATION_CONTEXT(2) 
PARAMETRIC_REPRESENTATION_CONTEXT() REPRESENTATION_CONTEXT('2D SPACE',''
  ) );
#9460 = PCURVE('',#5044,#9461);
#9461 = DEFINITIONAL_REPRESENTATION('',(#9462),#9466);
#9462 = LINE('',#9463,#9464);
#9463 = CARTESIAN_POINT('',(0.,-1.1));
#9464 = VECTOR('',#9465,1.);
#9465 = DIRECTION('',(1.,0.));
#9466 = ( GEOMETRIC_REPRESENTATION_CONTEXT(2) 
PARAMETRIC_REPRESENTATION_CONTEXT() REPRESENTATION_CONTEXT('2D SPACE',''
  ) );
#9467 = ORIENTED_EDGE('',*,*,#9420,.T.);
#9468 = ORIENTED_EDGE('',*,*,#9330,.T.);
#9469 = ORIENTED_EDGE('',*,*,#9470,.T.);
#9470 = EDGE_CURVE('',#9331,#9471,#9473,.T.);
#9471 = VERTEX_POINT('',#9472);
#9472 = CARTESIAN_POINT('',(17.,-12.5,-5.));
#9473 = SURFACE_CURVE('',#9474,(#9478,#9485),.PCURVE_S1.);
#9474 = LINE('',#9475,#9476);
#9475 = CARTESIAN_POINT('',(17.,-12.5,-22.));
#9476 = VECTOR('',#9477,1.);
#9477 = DIRECTION('',(0.,0.,1.));
#9478 = PCURVE('',#9352,#9479);
#9479 = DEFINITIONAL_REPRESENTATION('',(#9480),#9484);
#9480 = LINE('',#9481,#9482);
#9481 = CARTESIAN_POINT('',(-1.570796326795,0.));
#9482 = VECTOR('',#9483,1.);
#9483 = DIRECTION('',(-0.,1.));
#9484 = ( GEOMETRIC_REPRESENTATION_CONTEXT(2) 
PARAMETRIC_REPRESENTATION_CONTEXT() REPRESENTATION_CONTEXT('2D SPACE',''
  ) );
#9485 = PCURVE('',#4837,#9486);
#9486 = DEFINITIONAL_REPRESENTATION('',(#9487),#9491);
#9487 = LINE('',#9488,#9489);
#9488 = CARTESIAN_POINT('',(0.,0.9));
#9489 = VECTOR('',#9490,1.);
#9490 = DIRECTION('',(1.,0.));
#9491 = ( GEOMETRIC_REPRESENTATION_CONTEXT(2) 
PARAMETRIC_REPRESENTATION_CONTEXT() REPRESENTATION_CONTEXT('2D SPACE',''
  ) );
#9492 = ORIENTED_EDGE('',*,*,#9493,.T.);
#9493 = EDGE_CURVE('',#9471,#9446,#9494,.T.);
#9494 = SURFACE_CURVE('',#9495,(#9500,#9507),.PCURVE_S1.);
#9495 = CIRCLE('',#9496,0.9);
#9496 = AXIS2_PLACEMENT_3D('',#9497,#9498,#9499);
#9497 = CARTESIAN_POINT('',(17.,-13.4,-5.));
#9498 = DIRECTION('',(0.,0.,1.));
#9499 = DIRECTION('',(-1.,-0.,0.));
#9500 = PCURVE('',#9352,#9501);
#9501 = DEFINITIONAL_REPRESENTATION('',(#9502),#9506);
#9502 = LINE('',#9503,#9504);
#9503 = CARTESIAN_POINT('',(-6.28318530718,17.));
#9504 = VECTOR('',#9505,1.);
#9505 = DIRECTION('',(1.,-0.));
#9506 = ( GEOMETRIC_REPRESENTATION_CONTEXT(2) 
PARAMETRIC_REPRESENTATION_CONTEXT() REPRESENTATION_CONTEXT('2D SPACE',''
  ) );
#9507 = PCURVE('',#4137,#9508);
#9508 = DEFINITIONAL_REPRESENTATION('',(#9509),#9513);
#9509 = CIRCLE('',#9510,0.9);
#9510 = AXIS2_PLACEMENT_2D('',#9511,#9512);
#9511 = CARTESIAN_POINT('',(2.4,15.6));
#9512 = DIRECTION('',(-1.,0.));
#9513 = ( GEOMETRIC_REPRESENTATION_CONTEXT(2) 
PARAMETRIC_REPRESENTATION_CONTEXT() REPRESENTATION_CONTEXT('2D SPACE',''
  ) );
#9514 = ADVANCED_FACE('',(#9515),#5125,.T.);
#9515 = FACE_BOUND('',#9516,.F.);
#9516 = EDGE_LOOP('',(#9517,#9518,#9519,#9520,#9521));
#9517 = ORIENTED_EDGE('',*,*,#5109,.F.);
#9518 = ORIENTED_EDGE('',*,*,#5229,.F.);
#9519 = ORIENTED_EDGE('',*,*,#9194,.T.);
#9520 = ORIENTED_EDGE('',*,*,#9397,.T.);
#9521 = ORIENTED_EDGE('',*,*,#9522,.F.);
#9522 = EDGE_CURVE('',#5027,#9398,#9523,.T.);
#9523 = SURFACE_CURVE('',#9524,(#9528,#9535),.PCURVE_S1.);
#9524 = LINE('',#9525,#9526);
#9525 = CARTESIAN_POINT('',(16.1,-14.5,-21.1));
#9526 = VECTOR('',#9527,1.);
#9527 = DIRECTION('',(0.,1.,0.));
#9528 = PCURVE('',#5125,#9529);
#9529 = DEFINITIONAL_REPRESENTATION('',(#9530),#9534);
#9530 = LINE('',#9531,#9532);
#9531 = CARTESIAN_POINT('',(-0.,0.));
#9532 = VECTOR('',#9533,1.);
#9533 = DIRECTION('',(-0.,1.));
#9534 = ( GEOMETRIC_REPRESENTATION_CONTEXT(2) 
PARAMETRIC_REPRESENTATION_CONTEXT() REPRESENTATION_CONTEXT('2D SPACE',''
  ) );
#9535 = PCURVE('',#5044,#9536);
#9536 = DEFINITIONAL_REPRESENTATION('',(#9537),#9541);
#9537 = LINE('',#9538,#9539);
#9538 = CARTESIAN_POINT('',(0.9,0.));
#9539 = VECTOR('',#9540,1.);
#9540 = DIRECTION('',(0.,-1.));
#9541 = ( GEOMETRIC_REPRESENTATION_CONTEXT(2) 
PARAMETRIC_REPRESENTATION_CONTEXT() REPRESENTATION_CONTEXT('2D SPACE',''
  ) );
#9542 = ADVANCED_FACE('',(#9543),#5044,.F.);
#9543 = FACE_BOUND('',#9544,.F.);
#9544 = EDGE_LOOP('',(#9545,#9546,#9547,#9548));
#9545 = ORIENTED_EDGE('',*,*,#5026,.F.);
#9546 = ORIENTED_EDGE('',*,*,#9522,.T.);
#9547 = ORIENTED_EDGE('',*,*,#9445,.T.);
#9548 = ORIENTED_EDGE('',*,*,#9549,.F.);
#9549 = EDGE_CURVE('',#5029,#9446,#9550,.T.);
#9550 = SURFACE_CURVE('',#9551,(#9555,#9561),.PCURVE_S1.);
#9551 = LINE('',#9552,#9553);
#9552 = CARTESIAN_POINT('',(16.1,-21.75,-5.));
#9553 = VECTOR('',#9554,1.);
#9554 = DIRECTION('',(0.,1.,0.));
#9555 = PCURVE('',#5044,#9556);
#9556 = DEFINITIONAL_REPRESENTATION('',(#9557),#9560);
#9557 = B_SPLINE_CURVE_WITH_KNOTS('',1,(#9558,#9559),.UNSPECIFIED.,.F.,
  .F.,(2,2),(8.15,8.35),.PIECEWISE_BEZIER_KNOTS.);
#9558 = CARTESIAN_POINT('',(17.,-0.9));
#9559 = CARTESIAN_POINT('',(17.,-1.1));
#9560 = ( GEOMETRIC_REPRESENTATION_CONTEXT(2) 
PARAMETRIC_REPRESENTATION_CONTEXT() REPRESENTATION_CONTEXT('2D SPACE',''
  ) );
#9561 = PCURVE('',#4137,#9562);
#9562 = DEFINITIONAL_REPRESENTATION('',(#9563),#9566);
#9563 = B_SPLINE_CURVE_WITH_KNOTS('',1,(#9564,#9565),.UNSPECIFIED.,.F.,
  .F.,(2,2),(8.15,8.35),.PIECEWISE_BEZIER_KNOTS.);
#9564 = CARTESIAN_POINT('',(1.5,15.4));
#9565 = CARTESIAN_POINT('',(1.5,15.6));
#9566 = ( GEOMETRIC_REPRESENTATION_CONTEXT(2) 
PARAMETRIC_REPRESENTATION_CONTEXT() REPRESENTATION_CONTEXT('2D SPACE',''
  ) );
#9567 = ADVANCED_FACE('',(#9568),#4942,.T.);
#9568 = FACE_BOUND('',#9569,.T.);
#9569 = EDGE_LOOP('',(#9570,#9571,#9572,#9573,#9574,#9575));
#9570 = ORIENTED_EDGE('',*,*,#5176,.F.);
#9571 = ORIENTED_EDGE('',*,*,#5257,.F.);
#9572 = ORIENTED_EDGE('',*,*,#5344,.T.);
#9573 = ORIENTED_EDGE('',*,*,#5524,.F.);
#9574 = ORIENTED_EDGE('',*,*,#5891,.T.);
#9575 = ORIENTED_EDGE('',*,*,#4924,.F.);
#9576 = ADVANCED_FACE('',(#9577),#4557,.T.);
#9577 = FACE_BOUND('',#9578,.F.);
#9578 = EDGE_LOOP('',(#9579,#9580,#9581,#9582,#9583));
#9579 = ORIENTED_EDGE('',*,*,#5818,.F.);
#9580 = ORIENTED_EDGE('',*,*,#5911,.T.);
#9581 = ORIENTED_EDGE('',*,*,#5002,.T.);
#9582 = ORIENTED_EDGE('',*,*,#4535,.F.);
#9583 = ORIENTED_EDGE('',*,*,#9584,.F.);
#9584 = EDGE_CURVE('',#5819,#4536,#9585,.T.);
#9585 = SURFACE_CURVE('',#9586,(#9591,#9598),.PCURVE_S1.);
#9586 = CIRCLE('',#9587,0.9);
#9587 = AXIS2_PLACEMENT_3D('',#9588,#9589,#9590);
#9588 = CARTESIAN_POINT('',(19.3,-13.6,-4.9));
#9589 = DIRECTION('',(0.,0.,-1.));
#9590 = DIRECTION('',(1.,0.,0.));
#9591 = PCURVE('',#4557,#9592);
#9592 = DEFINITIONAL_REPRESENTATION('',(#9593),#9597);
#9593 = LINE('',#9594,#9595);
#9594 = CARTESIAN_POINT('',(-0.,17.1));
#9595 = VECTOR('',#9596,1.);
#9596 = DIRECTION('',(-1.,0.));
#9597 = ( GEOMETRIC_REPRESENTATION_CONTEXT(2) 
PARAMETRIC_REPRESENTATION_CONTEXT() REPRESENTATION_CONTEXT('2D SPACE',''
  ) );
#9598 = PCURVE('',#4616,#9599);
#9599 = DEFINITIONAL_REPRESENTATION('',(#9600),#9604);
#9600 = LINE('',#9601,#9602);
#9601 = CARTESIAN_POINT('',(0.,0.));
#9602 = VECTOR('',#9603,1.);
#9603 = DIRECTION('',(1.,0.));
#9604 = ( GEOMETRIC_REPRESENTATION_CONTEXT(2) 
PARAMETRIC_REPRESENTATION_CONTEXT() REPRESENTATION_CONTEXT('2D SPACE',''
  ) );
#9605 = ADVANCED_FACE('',(#9606),#4616,.T.);
#9606 = FACE_BOUND('',#9607,.T.);
#9607 = EDGE_LOOP('',(#9608,#9628,#9629));
#9608 = ORIENTED_EDGE('',*,*,#9609,.F.);
#9609 = EDGE_CURVE('',#4573,#5819,#9610,.T.);
#9610 = SURFACE_CURVE('',#9611,(#9616,#9622),.PCURVE_S1.);
#9611 = CIRCLE('',#9612,0.9);
#9612 = AXIS2_PLACEMENT_3D('',#9613,#9614,#9615);
#9613 = CARTESIAN_POINT('',(19.3,-13.6,-4.9));
#9614 = DIRECTION('',(-0.,1.,0.));
#9615 = DIRECTION('',(1.,0.,0.));
#9616 = PCURVE('',#4616,#9617);
#9617 = DEFINITIONAL_REPRESENTATION('',(#9618),#9621);
#9618 = B_SPLINE_CURVE_WITH_KNOTS('',1,(#9619,#9620),.UNSPECIFIED.,.F.,
  .F.,(2,2),(4.712388980385,6.28318530718),.PIECEWISE_BEZIER_KNOTS.);
#9619 = CARTESIAN_POINT('',(0.,-1.570796326795));
#9620 = CARTESIAN_POINT('',(0.,0.));
#9621 = ( GEOMETRIC_REPRESENTATION_CONTEXT(2) 
PARAMETRIC_REPRESENTATION_CONTEXT() REPRESENTATION_CONTEXT('2D SPACE',''
  ) );
#9622 = PCURVE('',#4657,#9623);
#9623 = DEFINITIONAL_REPRESENTATION('',(#9624),#9627);
#9624 = B_SPLINE_CURVE_WITH_KNOTS('',1,(#9625,#9626),.UNSPECIFIED.,.F.,
  .F.,(2,2),(4.712388980385,6.28318530718),.PIECEWISE_BEZIER_KNOTS.);
#9625 = CARTESIAN_POINT('',(-1.570796326795,0.9));
#9626 = CARTESIAN_POINT('',(0.,0.9));
#9627 = ( GEOMETRIC_REPRESENTATION_CONTEXT(2) 
PARAMETRIC_REPRESENTATION_CONTEXT() REPRESENTATION_CONTEXT('2D SPACE',''
  ) );
#9628 = ORIENTED_EDGE('',*,*,#4572,.T.);
#9629 = ORIENTED_EDGE('',*,*,#9584,.F.);
#9630 = ADVANCED_FACE('',(#9631),#4657,.T.);
#9631 = FACE_BOUND('',#9632,.F.);
#9632 = EDGE_LOOP('',(#9633,#9634,#9635,#9657));
#9633 = ORIENTED_EDGE('',*,*,#9609,.F.);
#9634 = ORIENTED_EDGE('',*,*,#4642,.T.);
#9635 = ORIENTED_EDGE('',*,*,#9636,.F.);
#9636 = EDGE_CURVE('',#5843,#4643,#9637,.T.);
#9637 = SURFACE_CURVE('',#9638,(#9643,#9650),.PCURVE_S1.);
#9638 = CIRCLE('',#9639,0.9);
#9639 = AXIS2_PLACEMENT_3D('',#9640,#9641,#9642);
#9640 = CARTESIAN_POINT('',(19.3,-13.4,-4.9));
#9641 = DIRECTION('',(0.,-1.,-0.));
#9642 = DIRECTION('',(1.,0.,-1.973729821556E-15));
#9643 = PCURVE('',#4657,#9644);
#9644 = DEFINITIONAL_REPRESENTATION('',(#9645),#9649);
#9645 = LINE('',#9646,#9647);
#9646 = CARTESIAN_POINT('',(-0.,1.1));
#9647 = VECTOR('',#9648,1.);
#9648 = DIRECTION('',(-1.,0.));
#9649 = ( GEOMETRIC_REPRESENTATION_CONTEXT(2) 
PARAMETRIC_REPRESENTATION_CONTEXT() REPRESENTATION_CONTEXT('2D SPACE',''
  ) );
#9650 = PCURVE('',#4742,#9651);
#9651 = DEFINITIONAL_REPRESENTATION('',(#9652),#9656);
#9652 = LINE('',#9653,#9654);
#9653 = CARTESIAN_POINT('',(0.,0.));
#9654 = VECTOR('',#9655,1.);
#9655 = DIRECTION('',(1.,0.));
#9656 = ( GEOMETRIC_REPRESENTATION_CONTEXT(2) 
PARAMETRIC_REPRESENTATION_CONTEXT() REPRESENTATION_CONTEXT('2D SPACE',''
  ) );
#9657 = ORIENTED_EDGE('',*,*,#5865,.F.);
#9658 = ADVANCED_FACE('',(#9659),#4742,.T.);
#9659 = FACE_BOUND('',#9660,.T.);
#9660 = EDGE_LOOP('',(#9661,#9681,#9682));
#9661 = ORIENTED_EDGE('',*,*,#9662,.F.);
#9662 = EDGE_CURVE('',#4669,#5843,#9663,.T.);
#9663 = SURFACE_CURVE('',#9664,(#9669,#9675),.PCURVE_S1.);
#9664 = CIRCLE('',#9665,0.9);
#9665 = AXIS2_PLACEMENT_3D('',#9666,#9667,#9668);
#9666 = CARTESIAN_POINT('',(19.3,-13.4,-4.9));
#9667 = DIRECTION('',(-1.973729821556E-15,0.,-1.));
#9668 = DIRECTION('',(1.,0.,-1.973729821556E-15));
#9669 = PCURVE('',#4742,#9670);
#9670 = DEFINITIONAL_REPRESENTATION('',(#9671),#9674);
#9671 = B_SPLINE_CURVE_WITH_KNOTS('',1,(#9672,#9673),.UNSPECIFIED.,.F.,
  .F.,(2,2),(4.712388980385,6.28318530718),.PIECEWISE_BEZIER_KNOTS.);
#9672 = CARTESIAN_POINT('',(0.,-1.570796326795));
#9673 = CARTESIAN_POINT('',(0.,0.));
#9674 = ( GEOMETRIC_REPRESENTATION_CONTEXT(2) 
PARAMETRIC_REPRESENTATION_CONTEXT() REPRESENTATION_CONTEXT('2D SPACE',''
  ) );
#9675 = PCURVE('',#4805,#9676);
#9676 = DEFINITIONAL_REPRESENTATION('',(#9677),#9680);
#9677 = B_SPLINE_CURVE_WITH_KNOTS('',1,(#9678,#9679),.UNSPECIFIED.,.F.,
  .F.,(2,2),(4.712388980385,6.28318530718),.PIECEWISE_BEZIER_KNOTS.);
#9678 = CARTESIAN_POINT('',(1.570796326795,17.1));
#9679 = CARTESIAN_POINT('',(0.,17.1));
#9680 = ( GEOMETRIC_REPRESENTATION_CONTEXT(2) 
PARAMETRIC_REPRESENTATION_CONTEXT() REPRESENTATION_CONTEXT('2D SPACE',''
  ) );
#9681 = ORIENTED_EDGE('',*,*,#4668,.T.);
#9682 = ORIENTED_EDGE('',*,*,#9636,.F.);
#9683 = ADVANCED_FACE('',(#9684),#4805,.T.);
#9684 = FACE_BOUND('',#9685,.T.);
#9685 = EDGE_LOOP('',(#9686,#9687,#9688,#9689,#9710,#9711));
#9686 = ORIENTED_EDGE('',*,*,#5842,.F.);
#9687 = ORIENTED_EDGE('',*,*,#5793,.T.);
#9688 = ORIENTED_EDGE('',*,*,#9097,.T.);
#9689 = ORIENTED_EDGE('',*,*,#9690,.T.);
#9690 = EDGE_CURVE('',#9098,#4784,#9691,.T.);
#9691 = SURFACE_CURVE('',#9692,(#9696,#9703),.PCURVE_S1.);
#9692 = LINE('',#9693,#9694);
#9693 = CARTESIAN_POINT('',(19.3,-12.5,-22.));
#9694 = VECTOR('',#9695,1.);
#9695 = DIRECTION('',(0.,0.,1.));
#9696 = PCURVE('',#4805,#9697);
#9697 = DEFINITIONAL_REPRESENTATION('',(#9698),#9702);
#9698 = LINE('',#9699,#9700);
#9699 = CARTESIAN_POINT('',(1.570796326795,0.));
#9700 = VECTOR('',#9701,1.);
#9701 = DIRECTION('',(0.,1.));
#9702 = ( GEOMETRIC_REPRESENTATION_CONTEXT(2) 
PARAMETRIC_REPRESENTATION_CONTEXT() REPRESENTATION_CONTEXT('2D SPACE',''
  ) );
#9703 = PCURVE('',#4837,#9704);
#9704 = DEFINITIONAL_REPRESENTATION('',(#9705),#9709);
#9705 = LINE('',#9706,#9707);
#9706 = CARTESIAN_POINT('',(0.,3.2));
#9707 = VECTOR('',#9708,1.);
#9708 = DIRECTION('',(1.,0.));
#9709 = ( GEOMETRIC_REPRESENTATION_CONTEXT(2) 
PARAMETRIC_REPRESENTATION_CONTEXT() REPRESENTATION_CONTEXT('2D SPACE',''
  ) );
#9710 = ORIENTED_EDGE('',*,*,#4783,.F.);
#9711 = ORIENTED_EDGE('',*,*,#9662,.T.);
#9712 = ADVANCED_FACE('',(#9713),#4837,.T.);
#9713 = FACE_BOUND('',#9714,.T.);
#9714 = EDGE_LOOP('',(#9715,#9716,#9717,#9736,#9737,#9738,#9739));
#9715 = ORIENTED_EDGE('',*,*,#9367,.F.);
#9716 = ORIENTED_EDGE('',*,*,#9470,.T.);
#9717 = ORIENTED_EDGE('',*,*,#9718,.F.);
#9718 = EDGE_CURVE('',#4821,#9471,#9719,.T.);
#9719 = SURFACE_CURVE('',#9720,(#9724,#9730),.PCURVE_S1.);
#9720 = LINE('',#9721,#9722);
#9721 = CARTESIAN_POINT('',(15.35,-12.5,-5.));
#9722 = VECTOR('',#9723,1.);
#9723 = DIRECTION('',(-1.,0.,0.));
#9724 = PCURVE('',#4837,#9725);
#9725 = DEFINITIONAL_REPRESENTATION('',(#9726),#9729);
#9726 = B_SPLINE_CURVE_WITH_KNOTS('',1,(#9727,#9728),.UNSPECIFIED.,.F.,
  .F.,(2,2),(-3.85,-1.65),.PIECEWISE_BEZIER_KNOTS.);
#9727 = CARTESIAN_POINT('',(17.,3.1));
#9728 = CARTESIAN_POINT('',(17.,0.9));
#9729 = ( GEOMETRIC_REPRESENTATION_CONTEXT(2) 
PARAMETRIC_REPRESENTATION_CONTEXT() REPRESENTATION_CONTEXT('2D SPACE',''
  ) );
#9730 = PCURVE('',#4137,#9731);
#9731 = DEFINITIONAL_REPRESENTATION('',(#9732),#9735);
#9732 = B_SPLINE_CURVE_WITH_KNOTS('',1,(#9733,#9734),.UNSPECIFIED.,.F.,
  .F.,(2,2),(-3.85,-1.65),.PIECEWISE_BEZIER_KNOTS.);
#9733 = CARTESIAN_POINT('',(4.6,16.5));
#9734 = CARTESIAN_POINT('',(2.4,16.5));
#9735 = ( GEOMETRIC_REPRESENTATION_CONTEXT(2) 
PARAMETRIC_REPRESENTATION_CONTEXT() REPRESENTATION_CONTEXT('2D SPACE',''
  ) );
#9736 = ORIENTED_EDGE('',*,*,#4820,.F.);
#9737 = ORIENTED_EDGE('',*,*,#9690,.F.);
#9738 = ORIENTED_EDGE('',*,*,#9129,.F.);
#9739 = ORIENTED_EDGE('',*,*,#8682,.T.);
#9740 = ADVANCED_FACE('',(#9741,#9859),#4909,.T.);
#9741 = FACE_BOUND('',#9742,.T.);
#9742 = EDGE_LOOP('',(#9743,#9766,#9767,#9788,#9811,#9832));
#9743 = ORIENTED_EDGE('',*,*,#9744,.F.);
#9744 = EDGE_CURVE('',#4397,#9745,#9747,.T.);
#9745 = VERTEX_POINT('',#9746);
#9746 = CARTESIAN_POINT('',(74.933974596215,-17.3,-4.5));
#9747 = SURFACE_CURVE('',#9748,(#9752,#9759),.PCURVE_S1.);
#9748 = LINE('',#9749,#9750);
#9749 = CARTESIAN_POINT('',(14.6,-17.3,-4.5));
#9750 = VECTOR('',#9751,1.);
#9751 = DIRECTION('',(1.,0.,0.));
#9752 = PCURVE('',#4909,#9753);
#9753 = DEFINITIONAL_REPRESENTATION('',(#9754),#9758);
#9754 = LINE('',#9755,#9756);
#9755 = CARTESIAN_POINT('',(1.,0.));
#9756 = VECTOR('',#9757,1.);
#9757 = DIRECTION('',(0.,1.));
#9758 = ( GEOMETRIC_REPRESENTATION_CONTEXT(2) 
PARAMETRIC_REPRESENTATION_CONTEXT() REPRESENTATION_CONTEXT('2D SPACE',''
  ) );
#9759 = PCURVE('',#4452,#9760);
#9760 = DEFINITIONAL_REPRESENTATION('',(#9761),#9765);
#9761 = LINE('',#9762,#9763);
#9762 = CARTESIAN_POINT('',(-0.,0.));
#9763 = VECTOR('',#9764,1.);
#9764 = DIRECTION('',(-0.,1.));
#9765 = ( GEOMETRIC_REPRESENTATION_CONTEXT(2) 
PARAMETRIC_REPRESENTATION_CONTEXT() REPRESENTATION_CONTEXT('2D SPACE',''
  ) );
#9766 = ORIENTED_EDGE('',*,*,#4894,.F.);
#9767 = ORIENTED_EDGE('',*,*,#9768,.T.);
#9768 = EDGE_CURVE('',#4872,#9769,#9771,.T.);
#9769 = VERTEX_POINT('',#9770);
#9770 = CARTESIAN_POINT('',(20.2,-17.3,2.5));
#9771 = SURFACE_CURVE('',#9772,(#9776,#9782),.PCURVE_S1.);
#9772 = LINE('',#9773,#9774);
#9773 = CARTESIAN_POINT('',(20.2,-17.3,-2.75));
#9774 = VECTOR('',#9775,1.);
#9775 = DIRECTION('',(0.,0.,1.));
#9776 = PCURVE('',#4909,#9777);
#9777 = DEFINITIONAL_REPRESENTATION('',(#9778),#9781);
#9778 = B_SPLINE_CURVE_WITH_KNOTS('',1,(#9779,#9780),.UNSPECIFIED.,.F.,
  .F.,(2,2),(-1.75,5.25),.PIECEWISE_BEZIER_KNOTS.);
#9779 = CARTESIAN_POINT('',(1.,5.6));
#9780 = CARTESIAN_POINT('',(8.,5.6));
#9781 = ( GEOMETRIC_REPRESENTATION_CONTEXT(2) 
PARAMETRIC_REPRESENTATION_CONTEXT() REPRESENTATION_CONTEXT('2D SPACE',''
  ) );
#9782 = PCURVE('',#1681,#9783);
#9783 = DEFINITIONAL_REPRESENTATION('',(#9784),#9787);
#9784 = B_SPLINE_CURVE_WITH_KNOTS('',1,(#9785,#9786),.UNSPECIFIED.,.F.,
  .F.,(2,2),(-1.75,5.25),.PIECEWISE_BEZIER_KNOTS.);
#9785 = CARTESIAN_POINT('',(-4.5,17.3));
#9786 = CARTESIAN_POINT('',(2.5,17.3));
#9787 = ( GEOMETRIC_REPRESENTATION_CONTEXT(2) 
PARAMETRIC_REPRESENTATION_CONTEXT() REPRESENTATION_CONTEXT('2D SPACE',''
  ) );
#9788 = ORIENTED_EDGE('',*,*,#9789,.T.);
#9789 = EDGE_CURVE('',#9769,#9790,#9792,.T.);
#9790 = VERTEX_POINT('',#9791);
#9791 = CARTESIAN_POINT('',(74.8,-17.3,2.5));
#9792 = SURFACE_CURVE('',#9793,(#9797,#9804),.PCURVE_S1.);
#9793 = LINE('',#9794,#9795);
#9794 = CARTESIAN_POINT('',(14.6,-17.3,2.5));
#9795 = VECTOR('',#9796,1.);
#9796 = DIRECTION('',(1.,0.,0.));
#9797 = PCURVE('',#4909,#9798);
#9798 = DEFINITIONAL_REPRESENTATION('',(#9799),#9803);
#9799 = LINE('',#9800,#9801);
#9800 = CARTESIAN_POINT('',(8.,0.));
#9801 = VECTOR('',#9802,1.);
#9802 = DIRECTION('',(0.,1.));
#9803 = ( GEOMETRIC_REPRESENTATION_CONTEXT(2) 
PARAMETRIC_REPRESENTATION_CONTEXT() REPRESENTATION_CONTEXT('2D SPACE',''
  ) );
#9804 = PCURVE('',#1598,#9805);
#9805 = DEFINITIONAL_REPRESENTATION('',(#9806),#9810);
#9806 = LINE('',#9807,#9808);
#9807 = CARTESIAN_POINT('',(0.,0.));
#9808 = VECTOR('',#9809,1.);
#9809 = DIRECTION('',(0.,1.));
#9810 = ( GEOMETRIC_REPRESENTATION_CONTEXT(2) 
PARAMETRIC_REPRESENTATION_CONTEXT() REPRESENTATION_CONTEXT('2D SPACE',''
  ) );
#9811 = ORIENTED_EDGE('',*,*,#9812,.F.);
#9812 = EDGE_CURVE('',#9813,#9790,#9815,.T.);
#9813 = VERTEX_POINT('',#9814);
#9814 = CARTESIAN_POINT('',(74.8,-17.3,-4.));
#9815 = SURFACE_CURVE('',#9816,(#9820,#9826),.PCURVE_S1.);
#9816 = LINE('',#9817,#9818);
#9817 = CARTESIAN_POINT('',(74.8,-17.3,-5.25));
#9818 = VECTOR('',#9819,1.);
#9819 = DIRECTION('',(0.,0.,1.));
#9820 = PCURVE('',#4909,#9821);
#9821 = DEFINITIONAL_REPRESENTATION('',(#9822),#9825);
#9822 = B_SPLINE_CURVE_WITH_KNOTS('',1,(#9823,#9824),.UNSPECIFIED.,.F.,
  .F.,(2,2),(0.75,7.75),.PIECEWISE_BEZIER_KNOTS.);
#9823 = CARTESIAN_POINT('',(1.,60.2));
#9824 = CARTESIAN_POINT('',(8.,60.2));
#9825 = ( GEOMETRIC_REPRESENTATION_CONTEXT(2) 
PARAMETRIC_REPRESENTATION_CONTEXT() REPRESENTATION_CONTEXT('2D SPACE',''
  ) );
#9826 = PCURVE('',#1847,#9827);
#9827 = DEFINITIONAL_REPRESENTATION('',(#9828),#9831);
#9828 = B_SPLINE_CURVE_WITH_KNOTS('',1,(#9829,#9830),.UNSPECIFIED.,.F.,
  .F.,(2,2),(0.75,7.75),.PIECEWISE_BEZIER_KNOTS.);
#9829 = CARTESIAN_POINT('',(0.5,-11.7));
#9830 = CARTESIAN_POINT('',(7.5,-11.7));
#9831 = ( GEOMETRIC_REPRESENTATION_CONTEXT(2) 
PARAMETRIC_REPRESENTATION_CONTEXT() REPRESENTATION_CONTEXT('2D SPACE',''
  ) );
#9832 = ORIENTED_EDGE('',*,*,#9833,.F.);
#9833 = EDGE_CURVE('',#9745,#9813,#9834,.T.);
#9834 = SURFACE_CURVE('',#9835,(#9840,#9847),.PCURVE_S1.);
#9835 = CIRCLE('',#9836,1.);
#9836 = AXIS2_PLACEMENT_3D('',#9837,#9838,#9839);
#9837 = CARTESIAN_POINT('',(75.8,-17.3,-4.));
#9838 = DIRECTION('',(0.,1.,0.));
#9839 = DIRECTION('',(-1.,0.,0.));
#9840 = PCURVE('',#4909,#9841);
#9841 = DEFINITIONAL_REPRESENTATION('',(#9842),#9846);
#9842 = CIRCLE('',#9843,1.);
#9843 = AXIS2_PLACEMENT_2D('',#9844,#9845);
#9844 = CARTESIAN_POINT('',(1.5,61.2));
#9845 = DIRECTION('',(0.,-1.));
#9846 = ( GEOMETRIC_REPRESENTATION_CONTEXT(2) 
PARAMETRIC_REPRESENTATION_CONTEXT() REPRESENTATION_CONTEXT('2D SPACE',''
  ) );
#9847 = PCURVE('',#9848,#9853);
#9848 = CYLINDRICAL_SURFACE('',#9849,1.);
#9849 = AXIS2_PLACEMENT_3D('',#9850,#9851,#9852);
#9850 = CARTESIAN_POINT('',(75.8,-29.,-4.));
#9851 = DIRECTION('',(0.,1.,0.));
#9852 = DIRECTION('',(-1.,0.,0.));
#9853 = DEFINITIONAL_REPRESENTATION('',(#9854),#9858);
#9854 = LINE('',#9855,#9856);
#9855 = CARTESIAN_POINT('',(-6.28318530718,11.7));
#9856 = VECTOR('',#9857,1.);
#9857 = DIRECTION('',(1.,-0.));
#9858 = ( GEOMETRIC_REPRESENTATION_CONTEXT(2) 
PARAMETRIC_REPRESENTATION_CONTEXT() REPRESENTATION_CONTEXT('2D SPACE',''
  ) );
#9859 = FACE_BOUND('',#9860,.T.);
#9860 = EDGE_LOOP('',(#9861));
#9861 = ORIENTED_EDGE('',*,*,#9862,.F.);
#9862 = EDGE_CURVE('',#9863,#9863,#9865,.T.);
#9863 = VERTEX_POINT('',#9864);
#9864 = CARTESIAN_POINT('',(47.5,-17.3,1.85));
#9865 = SURFACE_CURVE('',#9866,(#9871,#9878),.PCURVE_S1.);
#9866 = CIRCLE('',#9867,1.85);
#9867 = AXIS2_PLACEMENT_3D('',#9868,#9869,#9870);
#9868 = CARTESIAN_POINT('',(47.5,-17.3,0.));
#9869 = DIRECTION('',(0.,1.,0.));
#9870 = DIRECTION('',(0.,-0.,1.));
#9871 = PCURVE('',#4909,#9872);
#9872 = DEFINITIONAL_REPRESENTATION('',(#9873),#9877);
#9873 = CIRCLE('',#9874,1.85);
#9874 = AXIS2_PLACEMENT_2D('',#9875,#9876);
#9875 = CARTESIAN_POINT('',(5.5,32.9));
#9876 = DIRECTION('',(1.,0.));
#9877 = ( GEOMETRIC_REPRESENTATION_CONTEXT(2) 
PARAMETRIC_REPRESENTATION_CONTEXT() REPRESENTATION_CONTEXT('2D SPACE',''
  ) );
#9878 = PCURVE('',#9879,#9884);
#9879 = CYLINDRICAL_SURFACE('',#9880,1.85);
#9880 = AXIS2_PLACEMENT_3D('',#9881,#9882,#9883);
#9881 = CARTESIAN_POINT('',(47.5,-23.5,0.));
#9882 = DIRECTION('',(0.,1.,0.));
#9883 = DIRECTION('',(0.,-0.,1.));
#9884 = DEFINITIONAL_REPRESENTATION('',(#9885),#9889);
#9885 = LINE('',#9886,#9887);
#9886 = CARTESIAN_POINT('',(0.,6.2));
#9887 = VECTOR('',#9888,1.);
#9888 = DIRECTION('',(1.,0.));
#9889 = ( GEOMETRIC_REPRESENTATION_CONTEXT(2) 
PARAMETRIC_REPRESENTATION_CONTEXT() REPRESENTATION_CONTEXT('2D SPACE',''
  ) );
#9890 = ADVANCED_FACE('',(#9891),#9879,.F.);
#9891 = FACE_BOUND('',#9892,.F.);
#9892 = EDGE_LOOP('',(#9893,#9922,#9943,#9944));
#9893 = ORIENTED_EDGE('',*,*,#9894,.T.);
#9894 = EDGE_CURVE('',#9895,#9895,#9897,.T.);
#9895 = VERTEX_POINT('',#9896);
#9896 = CARTESIAN_POINT('',(47.5,-20.85,1.85));
#9897 = SURFACE_CURVE('',#9898,(#9903,#9910),.PCURVE_S1.);
#9898 = CIRCLE('',#9899,1.85);
#9899 = AXIS2_PLACEMENT_3D('',#9900,#9901,#9902);
#9900 = CARTESIAN_POINT('',(47.5,-20.85,0.));
#9901 = DIRECTION('',(0.,1.,0.));
#9902 = DIRECTION('',(0.,-0.,1.));
#9903 = PCURVE('',#9879,#9904);
#9904 = DEFINITIONAL_REPRESENTATION('',(#9905),#9909);
#9905 = LINE('',#9906,#9907);
#9906 = CARTESIAN_POINT('',(0.,2.65));
#9907 = VECTOR('',#9908,1.);
#9908 = DIRECTION('',(1.,0.));
#9909 = ( GEOMETRIC_REPRESENTATION_CONTEXT(2) 
PARAMETRIC_REPRESENTATION_CONTEXT() REPRESENTATION_CONTEXT('2D SPACE',''
  ) );
#9910 = PCURVE('',#9911,#9916);
#9911 = CONICAL_SURFACE('',#9912,4.3,0.785398163397);
#9912 = AXIS2_PLACEMENT_3D('',#9913,#9914,#9915);
#9913 = CARTESIAN_POINT('',(47.5,-23.3,0.));
#9914 = DIRECTION('',(-0.,-1.,-0.));
#9915 = DIRECTION('',(0.,-0.,1.));
#9916 = DEFINITIONAL_REPRESENTATION('',(#9917),#9921);
#9917 = LINE('',#9918,#9919);
#9918 = CARTESIAN_POINT('',(-0.,-2.45));
#9919 = VECTOR('',#9920,1.);
#9920 = DIRECTION('',(-1.,-0.));
#9921 = ( GEOMETRIC_REPRESENTATION_CONTEXT(2) 
PARAMETRIC_REPRESENTATION_CONTEXT() REPRESENTATION_CONTEXT('2D SPACE',''
  ) );
#9922 = ORIENTED_EDGE('',*,*,#9923,.T.);
#9923 = EDGE_CURVE('',#9895,#9863,#9924,.T.);
#9924 = SEAM_CURVE('',#9925,(#9929,#9936),.PCURVE_S1.);
#9925 = LINE('',#9926,#9927);
#9926 = CARTESIAN_POINT('',(47.5,-23.5,1.85));
#9927 = VECTOR('',#9928,1.);
#9928 = DIRECTION('',(0.,1.,0.));
#9929 = PCURVE('',#9879,#9930);
#9930 = DEFINITIONAL_REPRESENTATION('',(#9931),#9935);
#9931 = LINE('',#9932,#9933);
#9932 = CARTESIAN_POINT('',(0.,-0.));
#9933 = VECTOR('',#9934,1.);
#9934 = DIRECTION('',(0.,1.));
#9935 = ( GEOMETRIC_REPRESENTATION_CONTEXT(2) 
PARAMETRIC_REPRESENTATION_CONTEXT() REPRESENTATION_CONTEXT('2D SPACE',''
  ) );
#9936 = PCURVE('',#9879,#9937);
#9937 = DEFINITIONAL_REPRESENTATION('',(#9938),#9942);
#9938 = LINE('',#9939,#9940);
#9939 = CARTESIAN_POINT('',(6.28318530718,-0.));
#9940 = VECTOR('',#9941,1.);
#9941 = DIRECTION('',(0.,1.));
#9942 = ( GEOMETRIC_REPRESENTATION_CONTEXT(2) 
PARAMETRIC_REPRESENTATION_CONTEXT() REPRESENTATION_CONTEXT('2D SPACE',''
  ) );
#9943 = ORIENTED_EDGE('',*,*,#9862,.F.);
#9944 = ORIENTED_EDGE('',*,*,#9923,.F.);
#9945 = ADVANCED_FACE('',(#9946),#9911,.F.);
#9946 = FACE_BOUND('',#9947,.F.);
#9947 = EDGE_LOOP('',(#9948,#9971,#9972,#9973,#10140,#10169));
#9948 = ORIENTED_EDGE('',*,*,#9949,.T.);
#9949 = EDGE_CURVE('',#9950,#9895,#9952,.T.);
#9950 = VERTEX_POINT('',#9951);
#9951 = CARTESIAN_POINT('',(47.5,-22.48309518948,3.483095189485));
#9952 = SEAM_CURVE('',#9953,(#9957,#9964),.PCURVE_S1.);
#9953 = LINE('',#9954,#9955);
#9954 = CARTESIAN_POINT('',(47.5,-23.3,4.3));
#9955 = VECTOR('',#9956,1.);
#9956 = DIRECTION('',(1.731912112471E-16,0.707106781187,-0.707106781187)
  );
#9957 = PCURVE('',#9911,#9958);
#9958 = DEFINITIONAL_REPRESENTATION('',(#9959),#9963);
#9959 = LINE('',#9960,#9961);
#9960 = CARTESIAN_POINT('',(-6.28318530718,0.));
#9961 = VECTOR('',#9962,1.);
#9962 = DIRECTION('',(-0.,-1.));
#9963 = ( GEOMETRIC_REPRESENTATION_CONTEXT(2) 
PARAMETRIC_REPRESENTATION_CONTEXT() REPRESENTATION_CONTEXT('2D SPACE',''
  ) );
#9964 = PCURVE('',#9911,#9965);
#9965 = DEFINITIONAL_REPRESENTATION('',(#9966),#9970);
#9966 = LINE('',#9967,#9968);
#9967 = CARTESIAN_POINT('',(0.,-0.));
#9968 = VECTOR('',#9969,1.);
#9969 = DIRECTION('',(-0.,-1.));
#9970 = ( GEOMETRIC_REPRESENTATION_CONTEXT(2) 
PARAMETRIC_REPRESENTATION_CONTEXT() REPRESENTATION_CONTEXT('2D SPACE',''
  ) );
#9971 = ORIENTED_EDGE('',*,*,#9894,.F.);
#9972 = ORIENTED_EDGE('',*,*,#9949,.F.);
#9973 = ORIENTED_EDGE('',*,*,#9974,.F.);
#9974 = EDGE_CURVE('',#9975,#9950,#9977,.T.);
#9975 = VERTEX_POINT('',#9976);
#9976 = CARTESIAN_POINT('',(50.998571136907,-23.3,2.5));
#9977 = SURFACE_CURVE('',#9978,(#10030,#10085),.PCURVE_S1.);
#9978 = B_SPLINE_CURVE_WITH_KNOTS('',8,(#9979,#9980,#9981,#9982,#9983,
    #9984,#9985,#9986,#9987,#9988,#9989,#9990,#9991,#9992,#9993,#9994,
    #9995,#9996,#9997,#9998,#9999,#10000,#10001,#10002,#10003,#10004,
    #10005,#10006,#10007,#10008,#10009,#10010,#10011,#10012,#10013,
    #10014,#10015,#10016,#10017,#10018,#10019,#10020,#10021,#10022,
    #10023,#10024,#10025,#10026,#10027,#10028,#10029),.UNSPECIFIED.,.F.,
  .F.,(9,7,7,7,7,7,7,9),(0.,8.157127146647E-02,0.180214794514,
    0.30077398049,0.399359888765,0.512708849532,0.670080506176,1.),
  .UNSPECIFIED.);
#9979 = CARTESIAN_POINT('',(50.998571136907,-23.3,2.5));
#9980 = CARTESIAN_POINT('',(50.975091869749,-23.3,2.532857554558));
#9981 = CARTESIAN_POINT('',(50.950265950023,-23.29876610894,
    2.564731806696));
#9982 = CARTESIAN_POINT('',(50.92428133949,-23.29642775623,2.59558344845
    ));
#9983 = CARTESIAN_POINT('',(50.897307691183,-23.2931081549,
    2.625399869631));
#9984 = CARTESIAN_POINT('',(50.869491940913,-23.28892004367,
    2.654189415852));
#9985 = CARTESIAN_POINT('',(50.840955085335,-23.28396288058,
    2.681976826391));
#9986 = CARTESIAN_POINT('',(50.811790146566,-23.27832148812,
    2.708799851873));
#9987 = CARTESIAN_POINT('',(50.746110481833,-23.26450161666,
    2.766036433109));
#9988 = CARTESIAN_POINT('',(50.709355252927,-23.25604351546,
    2.796008901335));
#9989 = CARTESIAN_POINT('',(50.671920705147,-23.24681955599,
    2.824703583619));
#9990 = CARTESIAN_POINT('',(50.633909682738,-23.23693527314,
    2.852190763769));
#9991 = CARTESIAN_POINT('',(50.595405294747,-23.22647877359,
    2.878535713759));
#9992 = CARTESIAN_POINT('',(50.556472482893,-23.21552404412,
    2.903801059499));
#9993 = CARTESIAN_POINT('',(50.517158668287,-23.20413282148,
    2.928047680859));
#9994 = CARTESIAN_POINT('',(50.429015857528,-23.17796054931,
    2.979794172383));
#9995 = CARTESIAN_POINT('',(50.380029479207,-23.16299351159,
    3.00681071524));
#9996 = CARTESIAN_POINT('',(50.330600813265,-23.14754930289,
    3.032485564444));
#9997 = CARTESIAN_POINT('',(50.280783706233,-23.13170667718,
    3.05690372993));
#9998 = CARTESIAN_POINT('',(50.230620962008,-23.11553196237,
    3.080138938374));
#9999 = CARTESIAN_POINT('',(50.180145354708,-23.09908206042,
    3.102257346836));
#10000 = CARTESIAN_POINT('',(50.129380072316,-23.0824062353,
    3.123319473312));
#10001 = CARTESIAN_POINT('',(50.036599998209,-23.05175998565,
    3.159784894045));
#10002 = CARTESIAN_POINT('',(49.994680130756,-23.03785159501,
    3.175518639529));
#10003 = CARTESIAN_POINT('',(49.952588835813,-23.02384543856,
    3.190610895229));
#10004 = CARTESIAN_POINT('',(49.910334380724,-23.00976345792,
    3.20508816844));
#10005 = CARTESIAN_POINT('',(49.867923491816,-22.99562591801,
    3.218974579824));
#10006 = CARTESIAN_POINT('',(49.825361393103,-22.98145171039,
    3.232292284066));
#10007 = CARTESIAN_POINT('',(49.782651844983,-22.9672586566,
    3.245061890533));
#10008 = CARTESIAN_POINT('',(49.69052511666,-22.93674331545,
    3.271376942841));
#10009 = CARTESIAN_POINT('',(49.641062163661,-22.92042075514,
    3.284751934647));
#10010 = CARTESIAN_POINT('',(49.591412128803,-22.90412202332,
    3.297457178404));
#10011 = CARTESIAN_POINT('',(49.541577700196,-22.8878720636,
    3.309519545934));
#10012 = CARTESIAN_POINT('',(49.491560421018,-22.87169517093,
    3.320963875239));
#10013 = CARTESIAN_POINT('',(49.441360661349,-22.85561529202,
    3.331813383919));
#10014 = CARTESIAN_POINT('',(49.390977589993,-22.8396563258,
    3.342090082588));
#10015 = CARTESIAN_POINT('',(49.270200829419,-22.80188668699,
    3.365317349974));
#10016 = CARTESIAN_POINT('',(49.19963774414,-22.78021143347,
    3.377755828818));
#10017 = CARTESIAN_POINT('',(49.128713275487,-22.75888058551,
    3.389187143433));
#10018 = CARTESIAN_POINT('',(49.057420243685,-22.73796051279,
    3.399664121746));
#10019 = CARTESIAN_POINT('',(48.985750743716,-22.71752067463,
    3.409236956899));
#10020 = CARTESIAN_POINT('',(48.913695984864,-22.69763426226,
    3.417954263143));
#10021 = CARTESIAN_POINT('',(48.841246130259,-22.67837884098,
    3.425864131736));
#10022 = CARTESIAN_POINT('',(48.615652260234,-22.62096520691,
    3.448006911079));
#10023 = CARTESIAN_POINT('',(48.461039933316,-22.58520655094,
    3.459671913584));
#10024 = CARTESIAN_POINT('',(48.304521491586,-22.55334359584,
    3.468440281099));
#10025 = CARTESIAN_POINT('',(48.146160633434,-22.5262747352,
    3.474741463073));
#10026 = CARTESIAN_POINT('',(47.98612574813,-22.50496432886,
    3.47902185436));
#10027 = CARTESIAN_POINT('',(47.824692904468,-22.49038802327,
    3.481736985016));
#10028 = CARTESIAN_POINT('',(47.662376309669,-22.48309518948,
    3.483095189485));
#10029 = CARTESIAN_POINT('',(47.5,-22.48309518948,3.483095189485));
#10030 = PCURVE('',#9911,#10031);
#10031 = DEFINITIONAL_REPRESENTATION('',(#10032),#10084);
#10032 = B_SPLINE_CURVE_WITH_KNOTS('',8,(#10033,#10034,#10035,#10036,
    #10037,#10038,#10039,#10040,#10041,#10042,#10043,#10044,#10045,
    #10046,#10047,#10048,#10049,#10050,#10051,#10052,#10053,#10054,
    #10055,#10056,#10057,#10058,#10059,#10060,#10061,#10062,#10063,
    #10064,#10065,#10066,#10067,#10068,#10069,#10070,#10071,#10072,
    #10073,#10074,#10075,#10076,#10077,#10078,#10079,#10080,#10081,
    #10082,#10083),.UNSPECIFIED.,.F.,.F.,(9,7,7,7,7,7,7,9),(0.,
    8.157127146647E-02,0.180214794514,0.30077398049,0.399359888765,
    0.512708849532,0.670080506176,1.),.UNSPECIFIED.);
#10033 = CARTESIAN_POINT('',(-0.950353698996,0.));
#10034 = CARTESIAN_POINT('',(-0.940961992133,2.949169624046E-18));
#10035 = CARTESIAN_POINT('',(-0.931574266208,-1.233891050498E-03));
#10036 = CARTESIAN_POINT('',(-0.922211308928,-3.572243763127E-03));
#10037 = CARTESIAN_POINT('',(-0.912888267452,-6.891845099076E-03));
#10038 = CARTESIAN_POINT('',(-0.90361511383,-1.107995632535E-02));
#10039 = CARTESIAN_POINT('',(-0.894396862985,-1.603711941316E-02));
#10040 = CARTESIAN_POINT('',(-0.88523354323,-2.167851187852E-02));
#10041 = CARTESIAN_POINT('',(-0.86509888273,-3.549838333098E-02));
#10042 = CARTESIAN_POINT('',(-0.854156724391,-4.395648453447E-02));
#10043 = CARTESIAN_POINT('',(-0.843287269048,-5.318044400141E-02));
#10044 = CARTESIAN_POINT('',(-0.832484926381,-6.306472685706E-02));
#10045 = CARTESIAN_POINT('',(-0.821743785337,-7.352122640594E-02));
#10046 = CARTESIAN_POINT('',(-0.811056913105,-8.447595587464E-02));
#10047 = CARTESIAN_POINT('',(-0.800415858731,-9.586717851728E-02));
#10048 = CARTESIAN_POINT('',(-0.776848637316,-0.122039450686));
#10049 = CARTESIAN_POINT('',(-0.763944293315,-0.137006488407));
#10050 = CARTESIAN_POINT('',(-0.75108165268,-0.152450697101));
#10051 = CARTESIAN_POINT('',(-0.73824754182,-0.168293322815));
#10052 = CARTESIAN_POINT('',(-0.725430121019,-0.184468037626));
#10053 = CARTESIAN_POINT('',(-0.712618015985,-0.200917939571));
#10054 = CARTESIAN_POINT('',(-0.699799750179,-0.217593764698));
#10055 = CARTESIAN_POINT('',(-0.676466761764,-0.248240014347));
#10056 = CARTESIAN_POINT('',(-0.665958847796,-0.262148404984));
#10057 = CARTESIAN_POINT('',(-0.655433872798,-0.276154561436));
#10058 = CARTESIAN_POINT('',(-0.644886383219,-0.290236542076));
#10059 = CARTESIAN_POINT('',(-0.634311236696,-0.304374081986));
#10060 = CARTESIAN_POINT('',(-0.623703503548,-0.318548289609));
#10061 = CARTESIAN_POINT('',(-0.613058368274,-0.332741343391));
#10062 = CARTESIAN_POINT('',(-0.590083285387,-0.363256684541));
#10063 = CARTESIAN_POINT('',(-0.577739989381,-0.379579244858));
#10064 = CARTESIAN_POINT('',(-0.565333973787,-0.395877976678));
#10065 = CARTESIAN_POINT('',(-0.552858461519,-0.412127936397));
#10066 = CARTESIAN_POINT('',(-0.540306990932,-0.428304829067));
#10067 = CARTESIAN_POINT('',(-0.527673339096,-0.444384707973));
#10068 = CARTESIAN_POINT('',(-0.514951445082,-0.460343674193));
#10069 = CARTESIAN_POINT('',(-0.484341674253,-0.498113313004));
#10070 = CARTESIAN_POINT('',(-0.46636702679,-0.519788566525));
#10071 = CARTESIAN_POINT('',(-0.448195306776,-0.541119414486));
#10072 = CARTESIAN_POINT('',(-0.42981168808,-0.562039487208));
#10073 = CARTESIAN_POINT('',(-0.411202716676,-0.582479325362));
#10074 = CARTESIAN_POINT('',(-0.392356424799,-0.602365737738));
#10075 = CARTESIAN_POINT('',(-0.373262445118,-0.62162115902));
#10076 = CARTESIAN_POINT('',(-0.313345430794,-0.679034793083));
#10077 = CARTESIAN_POINT('',(-0.271628555042,-0.714793449059));
#10078 = CARTESIAN_POINT('',(-0.228699628345,-0.746656404157));
#10079 = CARTESIAN_POINT('',(-0.184568591257,-0.773725264791));
#10080 = CARTESIAN_POINT('',(-0.139331644852,-0.795035671131));
#10081 = CARTESIAN_POINT('',(-9.321952630416E-02,-0.809611976722));
#10082 = CARTESIAN_POINT('',(-4.661839566115E-02,-0.816904810515));
#10083 = CARTESIAN_POINT('',(0.,-0.816904810515));
#10084 = ( GEOMETRIC_REPRESENTATION_CONTEXT(2) 
PARAMETRIC_REPRESENTATION_CONTEXT() REPRESENTATION_CONTEXT('2D SPACE',''
  ) );
#10085 = PCURVE('',#1449,#10086);
#10086 = DEFINITIONAL_REPRESENTATION('',(#10087),#10139);
#10087 = B_SPLINE_CURVE_WITH_KNOTS('',8,(#10088,#10089,#10090,#10091,
    #10092,#10093,#10094,#10095,#10096,#10097,#10098,#10099,#10100,
    #10101,#10102,#10103,#10104,#10105,#10106,#10107,#10108,#10109,
    #10110,#10111,#10112,#10113,#10114,#10115,#10116,#10117,#10118,
    #10119,#10120,#10121,#10122,#10123,#10124,#10125,#10126,#10127,
    #10128,#10129,#10130,#10131,#10132,#10133,#10134,#10135,#10136,
    #10137,#10138),.UNSPECIFIED.,.F.,.F.,(9,7,7,7,7,7,7,9),(0.,
    8.157127146647E-02,0.180214794514,0.30077398049,0.399359888765,
    0.512708849532,0.670080506176,1.),.UNSPECIFIED.);
#10088 = CARTESIAN_POINT('',(0.,36.398571136907));
#10089 = CARTESIAN_POINT('',(-3.285755455822E-02,36.375091869749));
#10090 = CARTESIAN_POINT('',(-6.473179061782E-02,36.350265950023));
#10091 = CARTESIAN_POINT('',(-9.563753402693E-02,36.32428133949));
#10092 = CARTESIAN_POINT('',(-0.125602487889,36.297307691183));
#10093 = CARTESIAN_POINT('',(-0.154664118318,36.269491940913));
#10094 = CARTESIAN_POINT('',(-0.182867697853,36.240955085335));
#10095 = CARTESIAN_POINT('',(-0.210265506523,36.211790146566));
#10096 = CARTESIAN_POINT('',(-0.269146870965,36.146110481833));
#10097 = CARTESIAN_POINT('',(-0.300267301119,36.109355252927));
#10098 = CARTESIAN_POINT('',(-0.330376281145,36.071920705147));
#10099 = CARTESIAN_POINT('',(-0.359553930699,36.033909682738));
#10100 = CARTESIAN_POINT('',(-0.387869573557,35.995405294747));
#10101 = CARTESIAN_POINT('',(-0.41538646224,35.956472482893));
#10102 = CARTESIAN_POINT('',(-0.442164342691,35.917158668287));
#10103 = CARTESIAN_POINT('',(-0.500153024479,35.829015857528));
#10104 = CARTESIAN_POINT('',(-0.531016540658,35.780029479207));
#10105 = CARTESIAN_POINT('',(-0.560947458874,35.730600813265));
#10106 = CARTESIAN_POINT('',(-0.59002243062,35.680783706233));
#10107 = CARTESIAN_POINT('',(-0.618304555797,35.630620962008));
#10108 = CARTESIAN_POINT('',(-0.6458480996,35.580145354708));
#10109 = CARTESIAN_POINT('',(-0.672701078051,35.529380072316));
#10110 = CARTESIAN_POINT('',(-0.720334254795,35.436599998209));
#10111 = CARTESIAN_POINT('',(-0.741327584079,35.394680130756));
#10112 = CARTESIAN_POINT('',(-0.761907653501,35.352588835813));
#10113 = CARTESIAN_POINT('',(-0.7820931558,35.310334380724));
#10114 = CARTESIAN_POINT('',(-0.801899951561,35.267923491816));
#10115 = CARTESIAN_POINT('',(-0.821341497799,35.225361393103));
#10116 = CARTESIAN_POINT('',(-0.840429276546,35.182651844983));
#10117 = CARTESIAN_POINT('',(-0.880724040765,35.09052511666));
#10118 = CARTESIAN_POINT('',(-0.901819911608,35.04106216366));
#10119 = CARTESIAN_POINT('',(-0.922475540928,34.991412128803));
#10120 = CARTESIAN_POINT('',(-0.942702210718,34.941577700196));
#10121 = CARTESIAN_POINT('',(-0.962508058647,34.891560421018));
#10122 = CARTESIAN_POINT('',(-0.981898356708,34.841360661349));
#10123 = CARTESIAN_POINT('',(-1.000875789865,34.790977589993));
#10124 = CARTESIAN_POINT('',(-1.045215969906,34.670200829419));
#10125 = CARTESIAN_POINT('',(-1.070195133103,34.59963774414));
#10126 = CARTESIAN_POINT('',(-1.094379299311,34.528713275487));
#10127 = CARTESIAN_POINT('',(-1.117759113147,34.457420243685));
#10128 = CARTESIAN_POINT('',(-1.140315154478,34.385750743716));
#10129 = CARTESIAN_POINT('',(-1.162018304084,34.313695984864));
#10130 = CARTESIAN_POINT('',(-1.182830109316,34.241246130259));
#10131 = CARTESIAN_POINT('',(-1.244365692951,34.015652260234));
#10132 = CARTESIAN_POINT('',(-1.281926537983,33.861039933316));
#10133 = CARTESIAN_POINT('',(-1.314920715834,33.704521491586));
#10134 = CARTESIAN_POINT('',(-1.342682511345,33.546160633434));
#10135 = CARTESIAN_POINT('',(-1.364417316496,33.38612574813));
#10136 = CARTESIAN_POINT('',(-1.379244119541,33.224692904468));
#10137 = CARTESIAN_POINT('',(-1.386662380077,33.062376309669));
#10138 = CARTESIAN_POINT('',(-1.386662380077,32.9));
#10139 = ( GEOMETRIC_REPRESENTATION_CONTEXT(2) 
PARAMETRIC_REPRESENTATION_CONTEXT() REPRESENTATION_CONTEXT('2D SPACE',''
  ) );
#10140 = ORIENTED_EDGE('',*,*,#10141,.T.);
#10141 = EDGE_CURVE('',#9975,#10142,#10144,.T.);
#10142 = VERTEX_POINT('',#10143);
#10143 = CARTESIAN_POINT('',(44.001428863093,-23.3,2.5));
#10144 = SURFACE_CURVE('',#10145,(#10150,#10157),.PCURVE_S1.);
#10145 = CIRCLE('',#10146,4.3);
#10146 = AXIS2_PLACEMENT_3D('',#10147,#10148,#10149);
#10147 = CARTESIAN_POINT('',(47.5,-23.3,0.));
#10148 = DIRECTION('',(0.,1.,0.));
#10149 = DIRECTION('',(0.,-0.,1.));
#10150 = PCURVE('',#9911,#10151);
#10151 = DEFINITIONAL_REPRESENTATION('',(#10152),#10156);
#10152 = LINE('',#10153,#10154);
#10153 = CARTESIAN_POINT('',(-0.,-0.));
#10154 = VECTOR('',#10155,1.);
#10155 = DIRECTION('',(-1.,-0.));
#10156 = ( GEOMETRIC_REPRESENTATION_CONTEXT(2) 
PARAMETRIC_REPRESENTATION_CONTEXT() REPRESENTATION_CONTEXT('2D SPACE',''
  ) );
#10157 = PCURVE('',#10158,#10163);
#10158 = PLANE('',#10159);
#10159 = AXIS2_PLACEMENT_3D('',#10160,#10161,#10162);
#10160 = CARTESIAN_POINT('',(14.6,-23.3,-5.5));
#10161 = DIRECTION('',(0.,1.,0.));
#10162 = DIRECTION('',(0.,0.,1.));
#10163 = DEFINITIONAL_REPRESENTATION('',(#10164),#10168);
#10164 = CIRCLE('',#10165,4.3);
#10165 = AXIS2_PLACEMENT_2D('',#10166,#10167);
#10166 = CARTESIAN_POINT('',(5.5,32.9));
#10167 = DIRECTION('',(1.,0.));
#10168 = ( GEOMETRIC_REPRESENTATION_CONTEXT(2) 
PARAMETRIC_REPRESENTATION_CONTEXT() REPRESENTATION_CONTEXT('2D SPACE',''
  ) );
#10169 = ORIENTED_EDGE('',*,*,#10170,.T.);
#10170 = EDGE_CURVE('',#10142,#9950,#10171,.T.);
#10171 = SURFACE_CURVE('',#10172,(#10224,#10279),.PCURVE_S1.);
#10172 = B_SPLINE_CURVE_WITH_KNOTS('',8,(#10173,#10174,#10175,#10176,
    #10177,#10178,#10179,#10180,#10181,#10182,#10183,#10184,#10185,
    #10186,#10187,#10188,#10189,#10190,#10191,#10192,#10193,#10194,
    #10195,#10196,#10197,#10198,#10199,#10200,#10201,#10202,#10203,
    #10204,#10205,#10206,#10207,#10208,#10209,#10210,#10211,#10212,
    #10213,#10214,#10215,#10216,#10217,#10218,#10219,#10220,#10221,
    #10222,#10223),.UNSPECIFIED.,.F.,.F.,(9,7,7,7,7,7,7,9),(0.,
    8.050585966718E-02,0.178570589171,0.298772855889,0.398443894296,
    0.512708622187,0.670080352252,1.),.UNSPECIFIED.);
#10173 = CARTESIAN_POINT('',(44.001428863093,-23.3,2.5));
#10174 = CARTESIAN_POINT('',(44.024601336802,-23.3,2.532428219076));
#10175 = CARTESIAN_POINT('',(44.049085873483,-23.29879814508,
    2.563899188756));
#10176 = CARTESIAN_POINT('',(44.074701526814,-23.29651878503,
    2.594374597034));
#10177 = CARTESIAN_POINT('',(44.101284743709,-23.29328049109,
    2.623841758751));
#10178 = CARTESIAN_POINT('',(44.128693597989,-23.28919196041,
    2.652308157372));
#10179 = CARTESIAN_POINT('',(44.156810890175,-23.28434930484,
    2.679797101954));
#10180 = CARTESIAN_POINT('',(44.185546113372,-23.27883472405,
    2.706344499323));
#10181 = CARTESIAN_POINT('',(44.250514840801,-23.26526398986,
    2.76324391023));
#10182 = CARTESIAN_POINT('',(44.286997187698,-23.25691993773,
    2.793145678023));
#10183 = CARTESIAN_POINT('',(44.324158653762,-23.24781116679,
    2.8217796249));
#10184 = CARTESIAN_POINT('',(44.361896618169,-23.23804255666,
    2.849214869345));
#10185 = CARTESIAN_POINT('',(44.400128072891,-23.22770174733,
    2.875515766746));
#10186 = CARTESIAN_POINT('',(44.438788086655,-23.21686237649,
    2.900744187434));
#10187 = CARTESIAN_POINT('',(44.47782917143,-23.2055859131,
    2.924960374288));
#10188 = CARTESIAN_POINT('',(44.565506530116,-23.17962522126,
    2.976735646747));
#10189 = CARTESIAN_POINT('',(44.61430322271,-23.16475121176,
    3.003805952573));
#10190 = CARTESIAN_POINT('',(44.663544465203,-23.14939587899,
    3.029535070778));
#10191 = CARTESIAN_POINT('',(44.713175841969,-23.13363829327,
    3.054008005157));
#10192 = CARTESIAN_POINT('',(44.763154084141,-23.11754501126,
    3.077298494406));
#10193 = CARTESIAN_POINT('',(44.813446043807,-23.10117309126,
    3.099472728239));
#10194 = CARTESIAN_POINT('',(44.864028244047,-23.0845718876,
    3.120591275114));
#10195 = CARTESIAN_POINT('',(44.957058801033,-23.05386289109,
    3.157390908758));
#10196 = CARTESIAN_POINT('',(44.999417187662,-23.039814758,
    3.173383290844));
#10197 = CARTESIAN_POINT('',(45.041951771363,-23.02566418001,
    3.188716953802));
#10198 = CARTESIAN_POINT('',(45.084653834207,-23.01143400319,
    3.20341951023));
#10199 = CARTESIAN_POINT('',(45.127516291257,-22.9971452889,
    3.217516048717));
#10200 = CARTESIAN_POINT('',(45.170533648155,-22.98281763823,
    3.231029583217));
#10201 = CARTESIAN_POINT('',(45.213701958701,-22.96846951645,
    3.243981502423));
#10202 = CARTESIAN_POINT('',(45.306677992956,-22.93766639471,
    3.27061966579));
#10203 = CARTESIAN_POINT('',(45.356531394852,-22.92121082988,
    3.284135459914));
#10204 = CARTESIAN_POINT('',(45.406575030426,-22.90477845427,
    3.296969538843));
#10205 = CARTESIAN_POINT('',(45.456806099592,-22.88839484565,
    3.309149497162));
#10206 = CARTESIAN_POINT('',(45.507222988927,-22.87208490185,
    3.320700818286));
#10207 = CARTESIAN_POINT('',(45.55782530072,-22.85587315432,
    3.331647306039));
#10208 = CARTESIAN_POINT('',(45.608613882023,-22.83978408179,
    3.342011516243));
#10209 = CARTESIAN_POINT('',(45.729799170581,-22.80188668699,
    3.365317349974));
#10210 = CARTESIAN_POINT('',(45.80036225586,-22.78021143347,
    3.377755828818));
#10211 = CARTESIAN_POINT('',(45.871286724513,-22.75888058551,
    3.389187143433));
#10212 = CARTESIAN_POINT('',(45.942579756315,-22.73796051279,
    3.399664121746));
#10213 = CARTESIAN_POINT('',(46.014249256284,-22.71752067463,
    3.409236956899));
#10214 = CARTESIAN_POINT('',(46.086304015136,-22.69763426226,
    3.417954263143));
#10215 = CARTESIAN_POINT('',(46.158753869741,-22.67837884098,
    3.425864131736));
#10216 = CARTESIAN_POINT('',(46.384347739766,-22.62096520691,
    3.448006911079));
#10217 = CARTESIAN_POINT('',(46.538960066686,-22.58520655094,
    3.459671913584));
#10218 = CARTESIAN_POINT('',(46.695478508409,-22.55334359584,
    3.468440281099));
#10219 = CARTESIAN_POINT('',(46.853839366574,-22.5262747352,
    3.474741463074));
#10220 = CARTESIAN_POINT('',(47.013874251863,-22.50496432887,
    3.479021854359));
#10221 = CARTESIAN_POINT('',(47.175307095535,-22.49038802327,
    3.481736985016));
#10222 = CARTESIAN_POINT('',(47.337623690331,-22.48309518948,
    3.483095189485));
#10223 = CARTESIAN_POINT('',(47.5,-22.48309518948,3.483095189485));
#10224 = PCURVE('',#9911,#10225);
#10225 = DEFINITIONAL_REPRESENTATION('',(#10226),#10278);
#10226 = B_SPLINE_CURVE_WITH_KNOTS('',8,(#10227,#10228,#10229,#10230,
    #10231,#10232,#10233,#10234,#10235,#10236,#10237,#10238,#10239,
    #10240,#10241,#10242,#10243,#10244,#10245,#10246,#10247,#10248,
    #10249,#10250,#10251,#10252,#10253,#10254,#10255,#10256,#10257,
    #10258,#10259,#10260,#10261,#10262,#10263,#10264,#10265,#10266,
    #10267,#10268,#10269,#10270,#10271,#10272,#10273,#10274,#10275,
    #10276,#10277),.UNSPECIFIED.,.F.,.F.,(9,7,7,7,7,7,7,9),(0.,
    8.050585966718E-02,0.178570589171,0.298772855889,0.398443894296,
    0.512708622187,0.670080352252,1.),.UNSPECIFIED.);
#10227 = CARTESIAN_POINT('',(-5.332831608183,0.));
#10228 = CARTESIAN_POINT('',(-5.342100597667,2.328507278107E-17));
#10229 = CARTESIAN_POINT('',(-5.351365859318,-1.201854915802E-03));
#10230 = CARTESIAN_POINT('',(-5.360607275085,-3.481214963084E-03));
#10231 = CARTESIAN_POINT('',(-5.369810140235,-6.71950890276E-03));
#10232 = CARTESIAN_POINT('',(-5.378964721903,-1.08080395844E-02));
#10233 = CARTESIAN_POINT('',(-5.388066050255,-1.565069515643E-02));
#10234 = CARTESIAN_POINT('',(-5.397113942242,-2.116527594303E-02));
#10235 = CARTESIAN_POINT('',(-5.417075385016,-3.473601013482E-02));
#10236 = CARTESIAN_POINT('',(-5.427959401938,-4.308006226531E-02));
#10237 = CARTESIAN_POINT('',(-5.438771207866,-5.218883320335E-02));
#10238 = CARTESIAN_POINT('',(-5.449516181533,-6.195744333957E-02));
#10239 = CARTESIAN_POINT('',(-5.460200061037,-7.229825266709E-02));
#10240 = CARTESIAN_POINT('',(-5.470829626522,-8.313762350231E-02));
#10241 = CARTESIAN_POINT('',(-5.481413185777,-9.44140868908E-02));
#10242 = CARTESIAN_POINT('',(-5.504889615898,-0.120374778735));
#10243 = CARTESIAN_POINT('',(-5.517760183641,-0.13524878824));
#10244 = CARTESIAN_POINT('',(-5.530588166694,-0.150604121006));
#10245 = CARTESIAN_POINT('',(-5.54338666966,-0.166361706723));
#10246 = CARTESIAN_POINT('',(-5.556167472139,-0.182454988736));
#10247 = CARTESIAN_POINT('',(-5.56894189851,-0.198826908738));
#10248 = CARTESIAN_POINT('',(-5.581721386366,-0.215428112399));
#10249 = CARTESIAN_POINT('',(-5.605128428838,-0.246137108901));
#10250 = CARTESIAN_POINT('',(-5.615749831109,-0.260185241996));
#10251 = CARTESIAN_POINT('',(-5.62638805412,-0.274335819985));
#10252 = CARTESIAN_POINT('',(-5.637048756964,-0.288565996803));
#10253 = CARTESIAN_POINT('',(-5.647737269503,-0.302854711093));
#10254 = CARTESIAN_POINT('',(-5.658458697721,-0.317182361765));
#10255 = CARTESIAN_POINT('',(-5.669218029081,-0.331530483547));
#10256 = CARTESIAN_POINT('',(-5.692404090505,-0.362333605289));
#10257 = CARTESIAN_POINT('',(-5.704844044914,-0.37878917012));
#10258 = CARTESIAN_POINT('',(-5.717347459672,-0.395221545725));
#10259 = CARTESIAN_POINT('',(-5.729921286068,-0.411605154342));
#10260 = CARTESIAN_POINT('',(-5.742572148383,-0.42791509815));
#10261 = CARTESIAN_POINT('',(-5.755306424146,-0.444126845677));
#10262 = CARTESIAN_POINT('',(-5.768130324398,-0.460215918205));
#10263 = CARTESIAN_POINT('',(-5.798843632927,-0.498113313004));
#10264 = CARTESIAN_POINT('',(-5.81681828039,-0.519788566525));
#10265 = CARTESIAN_POINT('',(-5.834990000404,-0.541119414486));
#10266 = CARTESIAN_POINT('',(-5.853373619099,-0.562039487208));
#10267 = CARTESIAN_POINT('',(-5.871982590504,-0.582479325362));
#10268 = CARTESIAN_POINT('',(-5.89082888238,-0.602365737738));
#10269 = CARTESIAN_POINT('',(-5.909922862062,-0.62162115902));
#10270 = CARTESIAN_POINT('',(-5.969839876385,-0.679034793082));
#10271 = CARTESIAN_POINT('',(-6.011556752139,-0.714793449059));
#10272 = CARTESIAN_POINT('',(-6.054485678832,-0.746656404155));
#10273 = CARTESIAN_POINT('',(-6.098616715925,-0.773725264793));
#10274 = CARTESIAN_POINT('',(-6.143853662325,-0.795035671129));
#10275 = CARTESIAN_POINT('',(-6.189965780876,-0.809611976723));
#10276 = CARTESIAN_POINT('',(-6.236566911518,-0.816904810515));
#10277 = CARTESIAN_POINT('',(-6.28318530718,-0.816904810515));
#10278 = ( GEOMETRIC_REPRESENTATION_CONTEXT(2) 
PARAMETRIC_REPRESENTATION_CONTEXT() REPRESENTATION_CONTEXT('2D SPACE',''
  ) );
#10279 = PCURVE('',#1449,#10280);
#10280 = DEFINITIONAL_REPRESENTATION('',(#10281),#10333);
#10281 = B_SPLINE_CURVE_WITH_KNOTS('',8,(#10282,#10283,#10284,#10285,
    #10286,#10287,#10288,#10289,#10290,#10291,#10292,#10293,#10294,
    #10295,#10296,#10297,#10298,#10299,#10300,#10301,#10302,#10303,
    #10304,#10305,#10306,#10307,#10308,#10309,#10310,#10311,#10312,
    #10313,#10314,#10315,#10316,#10317,#10318,#10319,#10320,#10321,
    #10322,#10323,#10324,#10325,#10326,#10327,#10328,#10329,#10330,
    #10331,#10332),.UNSPECIFIED.,.F.,.F.,(9,7,7,7,7,7,7,9),(0.,
    8.050585966718E-02,0.178570589171,0.298772855889,0.398443894296,
    0.512708622187,0.670080352252,1.),.UNSPECIFIED.);
#10282 = CARTESIAN_POINT('',(0.,29.401428863093));
#10283 = CARTESIAN_POINT('',(-3.24282190764E-02,29.424601336802));
#10284 = CARTESIAN_POINT('',(-6.389917344737E-02,29.449085873483));
#10285 = CARTESIAN_POINT('',(-9.442658968443E-02,29.474701526814));
#10286 = CARTESIAN_POINT('',(-0.124036715911,29.501284743709));
#10287 = CARTESIAN_POINT('',(-0.152765310123,29.528693597989));
#10288 = CARTESIAN_POINT('',(-0.180655737296,29.556810890175));
#10289 = CARTESIAN_POINT('',(-0.207758175282,29.585546113372));
#10290 = CARTESIAN_POINT('',(-0.266253540808,29.650514840801));
#10291 = CARTESIAN_POINT('',(-0.297275309969,29.686997187698));
#10292 = CARTESIAN_POINT('',(-0.327291652501,29.724158653762));
#10293 = CARTESIAN_POINT('',(-0.356381722383,29.761896618169));
#10294 = CARTESIAN_POINT('',(-0.384614135782,29.800128072891));
#10295 = CARTESIAN_POINT('',(-0.412051589523,29.838788086655));
#10296 = CARTESIAN_POINT('',(-0.438753374305,29.87782917143));
#10297 = CARTESIAN_POINT('',(-0.496672597014,29.965506530116));
#10298 = CARTESIAN_POINT('',(-0.5275382386,30.01430322271));
#10299 = CARTESIAN_POINT('',(-0.557470024878,30.063544465203));
#10300 = CARTESIAN_POINT('',(-0.586544833523,30.113175841969));
#10301 = CARTESIAN_POINT('',(-0.614825979762,30.163154084141));
#10302 = CARTESIAN_POINT('',(-0.642367952716,30.213446043807));
#10303 = CARTESIAN_POINT('',(-0.66921901075,30.264028244047));
#10304 = CARTESIAN_POINT('',(-0.717148704077,30.357058801033));
#10305 = CARTESIAN_POINT('',(-0.738428191193,30.399417187662));
#10306 = CARTESIAN_POINT('',(-0.759283121963,30.441951771363));
#10307 = CARTESIAN_POINT('',(-0.779733072006,30.484653834207));
#10308 = CARTESIAN_POINT('',(-0.799794627355,30.527516291257));
#10309 = CARTESIAN_POINT('',(-0.819481844036,30.570533648155));
#10310 = CARTESIAN_POINT('',(-0.838806707641,30.613701958701));
#10311 = CARTESIAN_POINT('',(-0.879530460619,30.706677992956));
#10312 = CARTESIAN_POINT('',(-0.900818277633,30.756531394852));
#10313 = CARTESIAN_POINT('',(-0.921658249493,30.806575030426));
#10314 = CARTESIAN_POINT('',(-0.942062035661,30.856806099592));
#10315 = CARTESIAN_POINT('',(-0.96203804121,30.907222988927));
#10316 = CARTESIAN_POINT('',(-0.981591708523,30.95782530072));
#10317 = CARTESIAN_POINT('',(-1.000725808989,31.008613882023));
#10318 = CARTESIAN_POINT('',(-1.045215969906,31.129799170581));
#10319 = CARTESIAN_POINT('',(-1.070195133103,31.20036225586));
#10320 = CARTESIAN_POINT('',(-1.094379299311,31.271286724513));
#10321 = CARTESIAN_POINT('',(-1.117759113147,31.342579756315));
#10322 = CARTESIAN_POINT('',(-1.140315154478,31.414249256284));
#10323 = CARTESIAN_POINT('',(-1.162018304084,31.486304015136));
#10324 = CARTESIAN_POINT('',(-1.182830109316,31.558753869741));
#10325 = CARTESIAN_POINT('',(-1.244365692951,31.784347739766));
#10326 = CARTESIAN_POINT('',(-1.281926537983,31.938960066686));
#10327 = CARTESIAN_POINT('',(-1.314920715835,32.095478508409));
#10328 = CARTESIAN_POINT('',(-1.342682511342,32.253839366574));
#10329 = CARTESIAN_POINT('',(-1.364417316499,32.413874251863));
#10330 = CARTESIAN_POINT('',(-1.379244119541,32.575307095535));
#10331 = CARTESIAN_POINT('',(-1.386662380077,32.737623690331));
#10332 = CARTESIAN_POINT('',(-1.386662380077,32.9));
#10333 = ( GEOMETRIC_REPRESENTATION_CONTEXT(2) 
PARAMETRIC_REPRESENTATION_CONTEXT() REPRESENTATION_CONTEXT('2D SPACE',''
  ) );
#10334 = ADVANCED_FACE('',(#10335),#10158,.F.);
#10335 = FACE_BOUND('',#10336,.F.);
#10336 = EDGE_LOOP('',(#10337,#10367,#10391,#10413,#10434,#10435,#10458,
    #10480));
#10337 = ORIENTED_EDGE('',*,*,#10338,.F.);
#10338 = EDGE_CURVE('',#10339,#10341,#10343,.T.);
#10339 = VERTEX_POINT('',#10340);
#10340 = CARTESIAN_POINT('',(20.066025403784,-23.3,-4.5));
#10341 = VERTEX_POINT('',#10342);
#10342 = CARTESIAN_POINT('',(74.933974596215,-23.3,-4.5));
#10343 = SURFACE_CURVE('',#10344,(#10348,#10355),.PCURVE_S1.);
#10344 = LINE('',#10345,#10346);
#10345 = CARTESIAN_POINT('',(14.6,-23.3,-4.5));
#10346 = VECTOR('',#10347,1.);
#10347 = DIRECTION('',(1.,0.,0.));
#10348 = PCURVE('',#10158,#10349);
#10349 = DEFINITIONAL_REPRESENTATION('',(#10350),#10354);
#10350 = LINE('',#10351,#10352);
#10351 = CARTESIAN_POINT('',(1.,0.));
#10352 = VECTOR('',#10353,1.);
#10353 = DIRECTION('',(0.,1.));
#10354 = ( GEOMETRIC_REPRESENTATION_CONTEXT(2) 
PARAMETRIC_REPRESENTATION_CONTEXT() REPRESENTATION_CONTEXT('2D SPACE',''
  ) );
#10355 = PCURVE('',#10356,#10361);
#10356 = CYLINDRICAL_SURFACE('',#10357,1.);
#10357 = AXIS2_PLACEMENT_3D('',#10358,#10359,#10360);
#10358 = CARTESIAN_POINT('',(14.6,-22.3,-4.5));
#10359 = DIRECTION('',(1.,0.,0.));
#10360 = DIRECTION('',(0.,-1.,0.));
#10361 = DEFINITIONAL_REPRESENTATION('',(#10362),#10366);
#10362 = LINE('',#10363,#10364);
#10363 = CARTESIAN_POINT('',(0.,0.));
#10364 = VECTOR('',#10365,1.);
#10365 = DIRECTION('',(0.,1.));
#10366 = ( GEOMETRIC_REPRESENTATION_CONTEXT(2) 
PARAMETRIC_REPRESENTATION_CONTEXT() REPRESENTATION_CONTEXT('2D SPACE',''
  ) );
#10367 = ORIENTED_EDGE('',*,*,#10368,.F.);
#10368 = EDGE_CURVE('',#10369,#10339,#10371,.T.);
#10369 = VERTEX_POINT('',#10370);
#10370 = CARTESIAN_POINT('',(20.2,-23.3,-4.));
#10371 = SURFACE_CURVE('',#10372,(#10377,#10384),.PCURVE_S1.);
#10372 = CIRCLE('',#10373,1.);
#10373 = AXIS2_PLACEMENT_3D('',#10374,#10375,#10376);
#10374 = CARTESIAN_POINT('',(19.2,-23.3,-4.));
#10375 = DIRECTION('',(0.,1.,0.));
#10376 = DIRECTION('',(1.,0.,-0.));
#10377 = PCURVE('',#10158,#10378);
#10378 = DEFINITIONAL_REPRESENTATION('',(#10379),#10383);
#10379 = CIRCLE('',#10380,1.);
#10380 = AXIS2_PLACEMENT_2D('',#10381,#10382);
#10381 = CARTESIAN_POINT('',(1.5,4.6));
#10382 = DIRECTION('',(0.,1.));
#10383 = ( GEOMETRIC_REPRESENTATION_CONTEXT(2) 
PARAMETRIC_REPRESENTATION_CONTEXT() REPRESENTATION_CONTEXT('2D SPACE',''
  ) );
#10384 = PCURVE('',#498,#10385);
#10385 = DEFINITIONAL_REPRESENTATION('',(#10386),#10390);
#10386 = LINE('',#10387,#10388);
#10387 = CARTESIAN_POINT('',(0.,5.7));
#10388 = VECTOR('',#10389,1.);
#10389 = DIRECTION('',(1.,0.));
#10390 = ( GEOMETRIC_REPRESENTATION_CONTEXT(2) 
PARAMETRIC_REPRESENTATION_CONTEXT() REPRESENTATION_CONTEXT('2D SPACE',''
  ) );
#10391 = ORIENTED_EDGE('',*,*,#10392,.T.);
#10392 = EDGE_CURVE('',#10369,#10393,#10395,.T.);
#10393 = VERTEX_POINT('',#10394);
#10394 = CARTESIAN_POINT('',(20.2,-23.3,2.5));
#10395 = SURFACE_CURVE('',#10396,(#10400,#10407),.PCURVE_S1.);
#10396 = LINE('',#10397,#10398);
#10397 = CARTESIAN_POINT('',(20.2,-23.3,-2.75));
#10398 = VECTOR('',#10399,1.);
#10399 = DIRECTION('',(0.,0.,1.));
#10400 = PCURVE('',#10158,#10401);
#10401 = DEFINITIONAL_REPRESENTATION('',(#10402),#10406);
#10402 = LINE('',#10403,#10404);
#10403 = CARTESIAN_POINT('',(2.75,5.6));
#10404 = VECTOR('',#10405,1.);
#10405 = DIRECTION('',(1.,0.));
#10406 = ( GEOMETRIC_REPRESENTATION_CONTEXT(2) 
PARAMETRIC_REPRESENTATION_CONTEXT() REPRESENTATION_CONTEXT('2D SPACE',''
  ) );
#10407 = PCURVE('',#525,#10408);
#10408 = DEFINITIONAL_REPRESENTATION('',(#10409),#10412);
#10409 = B_SPLINE_CURVE_WITH_KNOTS('',1,(#10410,#10411),.UNSPECIFIED.,
  .F.,.F.,(2,2),(-1.75,5.25),.PIECEWISE_BEZIER_KNOTS.);
#10410 = CARTESIAN_POINT('',(-4.5,23.3));
#10411 = CARTESIAN_POINT('',(2.5,23.3));
#10412 = ( GEOMETRIC_REPRESENTATION_CONTEXT(2) 
PARAMETRIC_REPRESENTATION_CONTEXT() REPRESENTATION_CONTEXT('2D SPACE',''
  ) );
#10413 = ORIENTED_EDGE('',*,*,#10414,.T.);
#10414 = EDGE_CURVE('',#10393,#10142,#10415,.T.);
#10415 = SURFACE_CURVE('',#10416,(#10420,#10427),.PCURVE_S1.);
#10416 = LINE('',#10417,#10418);
#10417 = CARTESIAN_POINT('',(20.2,-23.3,2.5));
#10418 = VECTOR('',#10419,1.);
#10419 = DIRECTION('',(1.,0.,-1.119485420151E-16));
#10420 = PCURVE('',#10158,#10421);
#10421 = DEFINITIONAL_REPRESENTATION('',(#10422),#10426);
#10422 = LINE('',#10423,#10424);
#10423 = CARTESIAN_POINT('',(8.,5.6));
#10424 = VECTOR('',#10425,1.);
#10425 = DIRECTION('',(-1.119485420151E-16,1.));
#10426 = ( GEOMETRIC_REPRESENTATION_CONTEXT(2) 
PARAMETRIC_REPRESENTATION_CONTEXT() REPRESENTATION_CONTEXT('2D SPACE',''
  ) );
#10427 = PCURVE('',#1449,#10428);
#10428 = DEFINITIONAL_REPRESENTATION('',(#10429),#10433);
#10429 = LINE('',#10430,#10431);
#10430 = CARTESIAN_POINT('',(-0.,5.6));
#10431 = VECTOR('',#10432,1.);
#10432 = DIRECTION('',(-0.,1.));
#10433 = ( GEOMETRIC_REPRESENTATION_CONTEXT(2) 
PARAMETRIC_REPRESENTATION_CONTEXT() REPRESENTATION_CONTEXT('2D SPACE',''
  ) );
#10434 = ORIENTED_EDGE('',*,*,#10141,.F.);
#10435 = ORIENTED_EDGE('',*,*,#10436,.T.);
#10436 = EDGE_CURVE('',#9975,#10437,#10439,.T.);
#10437 = VERTEX_POINT('',#10438);
#10438 = CARTESIAN_POINT('',(74.8,-23.3,2.5));
#10439 = SURFACE_CURVE('',#10440,(#10444,#10451),.PCURVE_S1.);
#10440 = LINE('',#10441,#10442);
#10441 = CARTESIAN_POINT('',(50.998571136907,-23.3,2.5));
#10442 = VECTOR('',#10443,1.);
#10443 = DIRECTION('',(1.,0.,1.865809033586E-16));
#10444 = PCURVE('',#10158,#10445);
#10445 = DEFINITIONAL_REPRESENTATION('',(#10446),#10450);
#10446 = LINE('',#10447,#10448);
#10447 = CARTESIAN_POINT('',(8.,36.398571136907));
#10448 = VECTOR('',#10449,1.);
#10449 = DIRECTION('',(1.865809033586E-16,1.));
#10450 = ( GEOMETRIC_REPRESENTATION_CONTEXT(2) 
PARAMETRIC_REPRESENTATION_CONTEXT() REPRESENTATION_CONTEXT('2D SPACE',''
  ) );
#10451 = PCURVE('',#1449,#10452);
#10452 = DEFINITIONAL_REPRESENTATION('',(#10453),#10457);
#10453 = LINE('',#10454,#10455);
#10454 = CARTESIAN_POINT('',(-0.,36.398571136907));
#10455 = VECTOR('',#10456,1.);
#10456 = DIRECTION('',(-0.,1.));
#10457 = ( GEOMETRIC_REPRESENTATION_CONTEXT(2) 
PARAMETRIC_REPRESENTATION_CONTEXT() REPRESENTATION_CONTEXT('2D SPACE',''
  ) );
#10458 = ORIENTED_EDGE('',*,*,#10459,.F.);
#10459 = EDGE_CURVE('',#10460,#10437,#10462,.T.);
#10460 = VERTEX_POINT('',#10461);
#10461 = CARTESIAN_POINT('',(74.8,-23.3,-4.));
#10462 = SURFACE_CURVE('',#10463,(#10467,#10474),.PCURVE_S1.);
#10463 = LINE('',#10464,#10465);
#10464 = CARTESIAN_POINT('',(74.8,-23.3,-5.25));
#10465 = VECTOR('',#10466,1.);
#10466 = DIRECTION('',(0.,0.,1.));
#10467 = PCURVE('',#10158,#10468);
#10468 = DEFINITIONAL_REPRESENTATION('',(#10469),#10473);
#10469 = LINE('',#10470,#10471);
#10470 = CARTESIAN_POINT('',(0.25,60.2));
#10471 = VECTOR('',#10472,1.);
#10472 = DIRECTION('',(1.,0.));
#10473 = ( GEOMETRIC_REPRESENTATION_CONTEXT(2) 
PARAMETRIC_REPRESENTATION_CONTEXT() REPRESENTATION_CONTEXT('2D SPACE',''
  ) );
#10474 = PCURVE('',#636,#10475);
#10475 = DEFINITIONAL_REPRESENTATION('',(#10476),#10479);
#10476 = B_SPLINE_CURVE_WITH_KNOTS('',1,(#10477,#10478),.UNSPECIFIED.,
  .F.,.F.,(2,2),(0.75,7.75),.PIECEWISE_BEZIER_KNOTS.);
#10477 = CARTESIAN_POINT('',(0.5,-5.7));
#10478 = CARTESIAN_POINT('',(7.5,-5.7));
#10479 = ( GEOMETRIC_REPRESENTATION_CONTEXT(2) 
PARAMETRIC_REPRESENTATION_CONTEXT() REPRESENTATION_CONTEXT('2D SPACE',''
  ) );
#10480 = ORIENTED_EDGE('',*,*,#10481,.F.);
#10481 = EDGE_CURVE('',#10341,#10460,#10482,.T.);
#10482 = SURFACE_CURVE('',#10483,(#10488,#10495),.PCURVE_S1.);
#10483 = CIRCLE('',#10484,1.);
#10484 = AXIS2_PLACEMENT_3D('',#10485,#10486,#10487);
#10485 = CARTESIAN_POINT('',(75.8,-23.3,-4.));
#10486 = DIRECTION('',(0.,1.,0.));
#10487 = DIRECTION('',(-1.,0.,0.));
#10488 = PCURVE('',#10158,#10489);
#10489 = DEFINITIONAL_REPRESENTATION('',(#10490),#10494);
#10490 = CIRCLE('',#10491,1.);
#10491 = AXIS2_PLACEMENT_2D('',#10492,#10493);
#10492 = CARTESIAN_POINT('',(1.5,61.2));
#10493 = DIRECTION('',(0.,-1.));
#10494 = ( GEOMETRIC_REPRESENTATION_CONTEXT(2) 
PARAMETRIC_REPRESENTATION_CONTEXT() REPRESENTATION_CONTEXT('2D SPACE',''
  ) );
#10495 = PCURVE('',#664,#10496);
#10496 = DEFINITIONAL_REPRESENTATION('',(#10497),#10501);
#10497 = LINE('',#10498,#10499);
#10498 = CARTESIAN_POINT('',(-6.28318530718,5.7));
#10499 = VECTOR('',#10500,1.);
#10500 = DIRECTION('',(1.,-0.));
#10501 = ( GEOMETRIC_REPRESENTATION_CONTEXT(2) 
PARAMETRIC_REPRESENTATION_CONTEXT() REPRESENTATION_CONTEXT('2D SPACE',''
  ) );
#10502 = ADVANCED_FACE('',(#10503),#10356,.T.);
#10503 = FACE_BOUND('',#10504,.T.);
#10504 = EDGE_LOOP('',(#10505,#10534,#10562,#10589,#10610,#10688,#10689,
    #10769));
#10505 = ORIENTED_EDGE('',*,*,#10506,.F.);
#10506 = EDGE_CURVE('',#10507,#10509,#10511,.T.);
#10507 = VERTEX_POINT('',#10508);
#10508 = CARTESIAN_POINT('',(15.6,-22.3,-5.5));
#10509 = VERTEX_POINT('',#10510);
#10510 = CARTESIAN_POINT('',(15.6,-23.16602540378,-5.));
#10511 = SURFACE_CURVE('',#10512,(#10517,#10523),.PCURVE_S1.);
#10512 = CIRCLE('',#10513,1.);
#10513 = AXIS2_PLACEMENT_3D('',#10514,#10515,#10516);
#10514 = CARTESIAN_POINT('',(15.6,-22.3,-4.5));
#10515 = DIRECTION('',(-1.,6.123233995737E-17,0.));
#10516 = DIRECTION('',(-6.123233995737E-17,-1.,0.));
#10517 = PCURVE('',#10356,#10518);
#10518 = DEFINITIONAL_REPRESENTATION('',(#10519),#10522);
#10519 = B_SPLINE_CURVE_WITH_KNOTS('',1,(#10520,#10521),.UNSPECIFIED.,
  .F.,.F.,(2,2),(4.712388980385,6.28318530718),
  .PIECEWISE_BEZIER_KNOTS.);
#10520 = CARTESIAN_POINT('',(1.570796326795,1.));
#10521 = CARTESIAN_POINT('',(0.,1.));
#10522 = ( GEOMETRIC_REPRESENTATION_CONTEXT(2) 
PARAMETRIC_REPRESENTATION_CONTEXT() REPRESENTATION_CONTEXT('2D SPACE',''
  ) );
#10523 = PCURVE('',#10524,#10529);
#10524 = SPHERICAL_SURFACE('',#10525,1.);
#10525 = AXIS2_PLACEMENT_3D('',#10526,#10527,#10528);
#10526 = CARTESIAN_POINT('',(15.6,-22.3,-4.5));
#10527 = DIRECTION('',(0.,0.,1.));
#10528 = DIRECTION('',(-1.,0.,0.));
#10529 = DEFINITIONAL_REPRESENTATION('',(#10530),#10533);
#10530 = B_SPLINE_CURVE_WITH_KNOTS('',1,(#10531,#10532),.UNSPECIFIED.,
  .F.,.F.,(2,2),(4.712388980385,6.28318530718),
  .PIECEWISE_BEZIER_KNOTS.);
#10531 = CARTESIAN_POINT('',(1.570796326795,-1.570796326795));
#10532 = CARTESIAN_POINT('',(1.570796326795,0.));
#10533 = ( GEOMETRIC_REPRESENTATION_CONTEXT(2) 
PARAMETRIC_REPRESENTATION_CONTEXT() REPRESENTATION_CONTEXT('2D SPACE',''
  ) );
#10534 = ORIENTED_EDGE('',*,*,#10535,.T.);
#10535 = EDGE_CURVE('',#10507,#10536,#10538,.T.);
#10536 = VERTEX_POINT('',#10537);
#10537 = CARTESIAN_POINT('',(79.4,-22.3,-5.5));
#10538 = SURFACE_CURVE('',#10539,(#10543,#10550),.PCURVE_S1.);
#10539 = LINE('',#10540,#10541);
#10540 = CARTESIAN_POINT('',(14.6,-22.3,-5.5));
#10541 = VECTOR('',#10542,1.);
#10542 = DIRECTION('',(1.,0.,0.));
#10543 = PCURVE('',#10356,#10544);
#10544 = DEFINITIONAL_REPRESENTATION('',(#10545),#10549);
#10545 = LINE('',#10546,#10547);
#10546 = CARTESIAN_POINT('',(1.570796326795,0.));
#10547 = VECTOR('',#10548,1.);
#10548 = DIRECTION('',(0.,1.));
#10549 = ( GEOMETRIC_REPRESENTATION_CONTEXT(2) 
PARAMETRIC_REPRESENTATION_CONTEXT() REPRESENTATION_CONTEXT('2D SPACE',''
  ) );
#10550 = PCURVE('',#10551,#10556);
#10551 = PLANE('',#10552);
#10552 = AXIS2_PLACEMENT_3D('',#10553,#10554,#10555);
#10553 = CARTESIAN_POINT('',(14.6,-23.3,-5.5));
#10554 = DIRECTION('',(0.,0.,1.));
#10555 = DIRECTION('',(1.,0.,0.));
#10556 = DEFINITIONAL_REPRESENTATION('',(#10557),#10561);
#10557 = LINE('',#10558,#10559);
#10558 = CARTESIAN_POINT('',(0.,1.));
#10559 = VECTOR('',#10560,1.);
#10560 = DIRECTION('',(1.,0.));
#10561 = ( GEOMETRIC_REPRESENTATION_CONTEXT(2) 
PARAMETRIC_REPRESENTATION_CONTEXT() REPRESENTATION_CONTEXT('2D SPACE',''
  ) );
#10562 = ORIENTED_EDGE('',*,*,#10563,.T.);
#10563 = EDGE_CURVE('',#10536,#10564,#10566,.T.);
#10564 = VERTEX_POINT('',#10565);
#10565 = CARTESIAN_POINT('',(79.4,-23.16602540378,-5.));
#10566 = SURFACE_CURVE('',#10567,(#10572,#10578),.PCURVE_S1.);
#10567 = CIRCLE('',#10568,1.);
#10568 = AXIS2_PLACEMENT_3D('',#10569,#10570,#10571);
#10569 = CARTESIAN_POINT('',(79.4,-22.3,-4.5));
#10570 = DIRECTION('',(-1.,-6.123233995737E-17,0.));
#10571 = DIRECTION('',(6.123233995737E-17,-1.,-0.));
#10572 = PCURVE('',#10356,#10573);
#10573 = DEFINITIONAL_REPRESENTATION('',(#10574),#10577);
#10574 = B_SPLINE_CURVE_WITH_KNOTS('',1,(#10575,#10576),.UNSPECIFIED.,
  .F.,.F.,(2,2),(4.712388980385,6.28318530718),
  .PIECEWISE_BEZIER_KNOTS.);
#10575 = CARTESIAN_POINT('',(1.570796326795,64.8));
#10576 = CARTESIAN_POINT('',(0.,64.8));
#10577 = ( GEOMETRIC_REPRESENTATION_CONTEXT(2) 
PARAMETRIC_REPRESENTATION_CONTEXT() REPRESENTATION_CONTEXT('2D SPACE',''
  ) );
#10578 = PCURVE('',#10579,#10584);
#10579 = SPHERICAL_SURFACE('',#10580,1.);
#10580 = AXIS2_PLACEMENT_3D('',#10581,#10582,#10583);
#10581 = CARTESIAN_POINT('',(79.4,-22.3,-4.5));
#10582 = DIRECTION('',(0.,0.,1.));
#10583 = DIRECTION('',(1.,0.,-0.));
#10584 = DEFINITIONAL_REPRESENTATION('',(#10585),#10588);
#10585 = B_SPLINE_CURVE_WITH_KNOTS('',1,(#10586,#10587),.UNSPECIFIED.,
  .F.,.F.,(2,2),(4.712388980385,6.28318530718),
  .PIECEWISE_BEZIER_KNOTS.);
#10586 = CARTESIAN_POINT('',(-1.570796326795,-1.570796326795));
#10587 = CARTESIAN_POINT('',(-1.570796326795,0.));
#10588 = ( GEOMETRIC_REPRESENTATION_CONTEXT(2) 
PARAMETRIC_REPRESENTATION_CONTEXT() REPRESENTATION_CONTEXT('2D SPACE',''
  ) );
#10589 = ORIENTED_EDGE('',*,*,#10590,.F.);
#10590 = EDGE_CURVE('',#10591,#10564,#10593,.T.);
#10591 = VERTEX_POINT('',#10592);
#10592 = CARTESIAN_POINT('',(75.8,-23.16602540378,-5.));
#10593 = SURFACE_CURVE('',#10594,(#10598,#10604),.PCURVE_S1.);
#10594 = LINE('',#10595,#10596);
#10595 = CARTESIAN_POINT('',(14.6,-23.16602540378,-5.));
#10596 = VECTOR('',#10597,1.);
#10597 = DIRECTION('',(1.,0.,0.));
#10598 = PCURVE('',#10356,#10599);
#10599 = DEFINITIONAL_REPRESENTATION('',(#10600),#10603);
#10600 = B_SPLINE_CURVE_WITH_KNOTS('',1,(#10601,#10602),.UNSPECIFIED.,
  .F.,.F.,(2,2),(60.84,64.8000006),.PIECEWISE_BEZIER_KNOTS.);
#10601 = CARTESIAN_POINT('',(0.523598775598,60.84));
#10602 = CARTESIAN_POINT('',(0.523598775598,64.8000006));
#10603 = ( GEOMETRIC_REPRESENTATION_CONTEXT(2) 
PARAMETRIC_REPRESENTATION_CONTEXT() REPRESENTATION_CONTEXT('2D SPACE',''
  ) );
#10604 = PCURVE('',#691,#10605);
#10605 = DEFINITIONAL_REPRESENTATION('',(#10606),#10609);
#10606 = B_SPLINE_CURVE_WITH_KNOTS('',1,(#10607,#10608),.UNSPECIFIED.,
  .F.,.F.,(2,2),(60.84,64.8000006),.PIECEWISE_BEZIER_KNOTS.);
#10607 = CARTESIAN_POINT('',(0.64,5.833974596216));
#10608 = CARTESIAN_POINT('',(4.6000006,5.833974596216));
#10609 = ( GEOMETRIC_REPRESENTATION_CONTEXT(2) 
PARAMETRIC_REPRESENTATION_CONTEXT() REPRESENTATION_CONTEXT('2D SPACE',''
  ) );
#10610 = ORIENTED_EDGE('',*,*,#10611,.F.);
#10611 = EDGE_CURVE('',#10341,#10591,#10612,.T.);
#10612 = SURFACE_CURVE('',#10613,(#10636,#10662),.PCURVE_S1.);
#10613 = B_SPLINE_CURVE_WITH_KNOTS('',6,(#10614,#10615,#10616,#10617,
    #10618,#10619,#10620,#10621,#10622,#10623,#10624,#10625,#10626,
    #10627,#10628,#10629,#10630,#10631,#10632,#10633,#10634,#10635),
  .UNSPECIFIED.,.F.,.F.,(7,5,5,5,7),(0.,0.15999578681,0.449933225053,
    0.733081520913,1.),.UNSPECIFIED.);
#10614 = CARTESIAN_POINT('',(74.933974596216,-23.3,-4.5));
#10615 = CARTESIAN_POINT('',(74.948077845339,-23.3,-4.524427544034));
#10616 = CARTESIAN_POINT('',(74.963003616407,-23.29928389787,
    -4.548370354483));
#10617 = CARTESIAN_POINT('',(74.978724693319,-23.29790513899,
    -4.571783268656));
#10618 = CARTESIAN_POINT('',(74.995209473643,-23.29592013936,
    -4.594623859613));
#10619 = CARTESIAN_POINT('',(75.012421968621,-23.29338828559,
    -4.616852436155));
#10620 = CARTESIAN_POINT('',(75.062759108395,-23.28490583486,
    -4.677537671819));
#10621 = CARTESIAN_POINT('',(75.097443602195,-23.27785039737,
    -4.714500315261));
#10622 = CARTESIAN_POINT('',(75.134209570272,-23.2695627978,
    -4.749197455398));
#10623 = CARTESIAN_POINT('',(75.172892867184,-23.26040235619,
    -4.78152148515));
#10624 = CARTESIAN_POINT('',(75.213330625505,-23.25072954794,
    -4.811375746343));
#10625 = CARTESIAN_POINT('',(75.296407126771,-23.23131053132,
    -4.865326257081));
#10626 = CARTESIAN_POINT('',(75.339026229775,-23.22155864954,
    -4.889575993971));
#10627 = CARTESIAN_POINT('',(75.383060308089,-23.21198551339,
    -4.911315548757));
#10628 = CARTESIAN_POINT('',(75.428364484015,-23.20292698053,
    -4.93046150334));
#10629 = CARTESIAN_POINT('',(75.474806483926,-23.19469894948,
    -4.946937095223));
#10630 = CARTESIAN_POINT('',(75.567005476837,-23.1808646092,
    -4.973592553516));
#10631 = CARTESIAN_POINT('',(75.612676541939,-23.17513075347,
    -4.984087128981));
#10632 = CARTESIAN_POINT('',(75.65902722392,-23.17063178987,
    -4.992021552625));
#10633 = CARTESIAN_POINT('',(75.705833089705,-23.16756299907,
    -4.997336793562));
#10634 = CARTESIAN_POINT('',(75.752890068936,-23.16602540378,-5.));
#10635 = CARTESIAN_POINT('',(75.8,-23.16602540378,-5.));
#10636 = PCURVE('',#10356,#10637);
#10637 = DEFINITIONAL_REPRESENTATION('',(#10638),#10661);
#10638 = B_SPLINE_CURVE_WITH_KNOTS('',6,(#10639,#10640,#10641,#10642,
    #10643,#10644,#10645,#10646,#10647,#10648,#10649,#10650,#10651,
    #10652,#10653,#10654,#10655,#10656,#10657,#10658,#10659,#10660),
  .UNSPECIFIED.,.F.,.F.,(7,5,5,5,7),(0.,0.15999578681,0.449933225053,
    0.733081520913,1.),.UNSPECIFIED.);
#10639 = CARTESIAN_POINT('',(0.,60.333974596216));
#10640 = CARTESIAN_POINT('',(2.442754403428E-02,60.348077845339));
#10641 = CARTESIAN_POINT('',(4.837034047582E-02,60.363003616407));
#10642 = CARTESIAN_POINT('',(7.180950986336E-02,60.378724693319));
#10643 = CARTESIAN_POINT('',(9.47236112302E-02,60.395209473643));
#10644 = CARTESIAN_POINT('',(0.117088642104,60.412421968621));
#10645 = CARTESIAN_POINT('',(0.178363839354,60.462759108395));
#10646 = CARTESIAN_POINT('',(0.215947276856,60.497443602195));
#10647 = CARTESIAN_POINT('',(0.251568465464,60.534209570272));
#10648 = CARTESIAN_POINT('',(0.285128567178,60.572892867184));
#10649 = CARTESIAN_POINT('',(0.316494493687,60.613330625505));
#10650 = CARTESIAN_POINT('',(0.373833449165,60.696407126771));
#10651 = CARTESIAN_POINT('',(0.399952668339,60.739026229775));
#10652 = CARTESIAN_POINT('',(0.423691035202,60.783060308089));
#10653 = CARTESIAN_POINT('',(0.444863784453,60.828364484015));
#10654 = CARTESIAN_POINT('',(0.463277578339,60.874806483926));
#10655 = CARTESIAN_POINT('',(0.493309268727,60.967005476837));
#10656 = CARTESIAN_POINT('',(0.505265337797,61.012676541939));
#10657 = CARTESIAN_POINT('',(0.514385955229,61.05902722392));
#10658 = CARTESIAN_POINT('',(0.520523597775,61.105833089705));
#10659 = CARTESIAN_POINT('',(0.523598775598,61.152890068936));
#10660 = CARTESIAN_POINT('',(0.523598775598,61.2));
#10661 = ( GEOMETRIC_REPRESENTATION_CONTEXT(2) 
PARAMETRIC_REPRESENTATION_CONTEXT() REPRESENTATION_CONTEXT('2D SPACE',''
  ) );
#10662 = PCURVE('',#664,#10663);
#10663 = DEFINITIONAL_REPRESENTATION('',(#10664),#10687);
#10664 = B_SPLINE_CURVE_WITH_KNOTS('',6,(#10665,#10666,#10667,#10668,
    #10669,#10670,#10671,#10672,#10673,#10674,#10675,#10676,#10677,
    #10678,#10679,#10680,#10681,#10682,#10683,#10684,#10685,#10686),
  .UNSPECIFIED.,.F.,.F.,(7,5,5,5,7),(0.,0.15999578681,0.449933225053,
    0.733081520913,1.),.UNSPECIFIED.);
#10665 = CARTESIAN_POINT('',(-0.523598775598,5.7));
#10666 = CARTESIAN_POINT('',(-0.551805273846,5.7));
#10667 = CARTESIAN_POINT('',(-0.580003079343,5.700716102127));
#10668 = CARTESIAN_POINT('',(-0.608180349612,5.702094861005));
#10669 = CARTESIAN_POINT('',(-0.636324499272,5.704079860638));
#10670 = CARTESIAN_POINT('',(-0.664422200039,5.706611714404));
#10671 = CARTESIAN_POINT('',(-0.743267145776,5.715094165134));
#10672 = CARTESIAN_POINT('',(-0.793860160855,5.722149602627));
#10673 = CARTESIAN_POINT('',(-0.844274500953,5.730437202196));
#10674 = CARTESIAN_POINT('',(-0.894548457631,5.73959764381));
#10675 = CARTESIAN_POINT('',(-0.944722239656,5.749270452057));
#10676 = CARTESIAN_POINT('',(-1.043779610263,5.768689468674));
#10677 = CARTESIAN_POINT('',(-1.092730182504,5.778441350459));
#10678 = CARTESIAN_POINT('',(-1.141711974213,5.788014486608));
#10679 = CARTESIAN_POINT('',(-1.190767794031,5.797073019467));
#10680 = CARTESIAN_POINT('',(-1.239958693457,5.805301050518));
#10681 = CARTESIAN_POINT('',(-1.335933522192,5.819135390792));
#10682 = CARTESIAN_POINT('',(-1.382722469654,5.824869246522));
#10683 = CARTESIAN_POINT('',(-1.429635240539,5.829368210124));
#10684 = CARTESIAN_POINT('',(-1.476629446221,5.832437000922));
#10685 = CARTESIAN_POINT('',(-1.523686395731,5.833974596216));
#10686 = CARTESIAN_POINT('',(-1.570796326795,5.833974596216));
#10687 = ( GEOMETRIC_REPRESENTATION_CONTEXT(2) 
PARAMETRIC_REPRESENTATION_CONTEXT() REPRESENTATION_CONTEXT('2D SPACE',''
  ) );
#10688 = ORIENTED_EDGE('',*,*,#10338,.F.);
#10689 = ORIENTED_EDGE('',*,*,#10690,.T.);
#10690 = EDGE_CURVE('',#10339,#10691,#10693,.T.);
#10691 = VERTEX_POINT('',#10692);
#10692 = CARTESIAN_POINT('',(19.2,-23.16602540378,-5.));
#10693 = SURFACE_CURVE('',#10694,(#10717,#10743),.PCURVE_S1.);
#10694 = B_SPLINE_CURVE_WITH_KNOTS('',6,(#10695,#10696,#10697,#10698,
    #10699,#10700,#10701,#10702,#10703,#10704,#10705,#10706,#10707,
    #10708,#10709,#10710,#10711,#10712,#10713,#10714,#10715,#10716),
  .UNSPECIFIED.,.F.,.F.,(7,5,5,5,7),(0.,0.159995786805,0.449933225045,
    0.73308152091,1.),.UNSPECIFIED.);
#10695 = CARTESIAN_POINT('',(20.066025403784,-23.3,-4.5));
#10696 = CARTESIAN_POINT('',(20.051922154661,-23.3,-4.524427544034));
#10697 = CARTESIAN_POINT('',(20.036996383593,-23.29928389787,
    -4.548370354483));
#10698 = CARTESIAN_POINT('',(20.021275306681,-23.29790513899,
    -4.571783268656));
#10699 = CARTESIAN_POINT('',(20.004790526357,-23.29592013936,
    -4.594623859613));
#10700 = CARTESIAN_POINT('',(19.987578031379,-23.29338828559,
    -4.616852436155));
#10701 = CARTESIAN_POINT('',(19.937240891605,-23.28490583486,
    -4.67753767182));
#10702 = CARTESIAN_POINT('',(19.902556397805,-23.27785039737,
    -4.714500315261));
#10703 = CARTESIAN_POINT('',(19.865790429729,-23.2695627978,
    -4.749197455398));
#10704 = CARTESIAN_POINT('',(19.827107132816,-23.26040235619,
    -4.78152148515));
#10705 = CARTESIAN_POINT('',(19.786669374494,-23.25072954794,
    -4.811375746343));
#10706 = CARTESIAN_POINT('',(19.703592873229,-23.23131053132,
    -4.865326257081));
#10707 = CARTESIAN_POINT('',(19.660973770225,-23.22155864954,
    -4.889575993971));
#10708 = CARTESIAN_POINT('',(19.616939691911,-23.21198551339,
    -4.911315548757));
#10709 = CARTESIAN_POINT('',(19.571635515985,-23.20292698053,
    -4.93046150334));
#10710 = CARTESIAN_POINT('',(19.525193516074,-23.19469894948,
    -4.946937095223));
#10711 = CARTESIAN_POINT('',(19.432994523163,-23.1808646092,
    -4.973592553515));
#10712 = CARTESIAN_POINT('',(19.38732345806,-23.17513075347,
    -4.984087128981));
#10713 = CARTESIAN_POINT('',(19.34097277608,-23.17063178987,
    -4.992021552625));
#10714 = CARTESIAN_POINT('',(19.294166910295,-23.16756299907,
    -4.997336793562));
#10715 = CARTESIAN_POINT('',(19.247109931064,-23.16602540378,-5.));
#10716 = CARTESIAN_POINT('',(19.2,-23.16602540378,-5.));
#10717 = PCURVE('',#10356,#10718);
#10718 = DEFINITIONAL_REPRESENTATION('',(#10719),#10742);
#10719 = B_SPLINE_CURVE_WITH_KNOTS('',6,(#10720,#10721,#10722,#10723,
    #10724,#10725,#10726,#10727,#10728,#10729,#10730,#10731,#10732,
    #10733,#10734,#10735,#10736,#10737,#10738,#10739,#10740,#10741),
  .UNSPECIFIED.,.F.,.F.,(7,5,5,5,7),(0.,0.159995786805,0.449933225045,
    0.73308152091,1.),.UNSPECIFIED.);
#10720 = CARTESIAN_POINT('',(0.,5.466025403784));
#10721 = CARTESIAN_POINT('',(2.442754403427E-02,5.451922154661));
#10722 = CARTESIAN_POINT('',(4.837034047581E-02,5.436996383593));
#10723 = CARTESIAN_POINT('',(7.180950986335E-02,5.421275306681));
#10724 = CARTESIAN_POINT('',(9.472361123021E-02,5.404790526357));
#10725 = CARTESIAN_POINT('',(0.117088642104,5.387578031379));
#10726 = CARTESIAN_POINT('',(0.178363839355,5.337240891605));
#10727 = CARTESIAN_POINT('',(0.215947276856,5.302556397805));
#10728 = CARTESIAN_POINT('',(0.251568465463,5.265790429729));
#10729 = CARTESIAN_POINT('',(0.285128567177,5.227107132816));
#10730 = CARTESIAN_POINT('',(0.316494493688,5.186669374494));
#10731 = CARTESIAN_POINT('',(0.373833449165,5.103592873229));
#10732 = CARTESIAN_POINT('',(0.399952668339,5.060973770225));
#10733 = CARTESIAN_POINT('',(0.423691035202,5.016939691911));
#10734 = CARTESIAN_POINT('',(0.444863784453,4.971635515985));
#10735 = CARTESIAN_POINT('',(0.463277578339,4.925193516074));
#10736 = CARTESIAN_POINT('',(0.493309268727,4.832994523163));
#10737 = CARTESIAN_POINT('',(0.505265337797,4.78732345806));
#10738 = CARTESIAN_POINT('',(0.514385955229,4.74097277608));
#10739 = CARTESIAN_POINT('',(0.520523597775,4.694166910295));
#10740 = CARTESIAN_POINT('',(0.523598775598,4.647109931064));
#10741 = CARTESIAN_POINT('',(0.523598775598,4.6));
#10742 = ( GEOMETRIC_REPRESENTATION_CONTEXT(2) 
PARAMETRIC_REPRESENTATION_CONTEXT() REPRESENTATION_CONTEXT('2D SPACE',''
  ) );
#10743 = PCURVE('',#498,#10744);
#10744 = DEFINITIONAL_REPRESENTATION('',(#10745),#10768);
#10745 = B_SPLINE_CURVE_WITH_KNOTS('',6,(#10746,#10747,#10748,#10749,
    #10750,#10751,#10752,#10753,#10754,#10755,#10756,#10757,#10758,
    #10759,#10760,#10761,#10762,#10763,#10764,#10765,#10766,#10767),
  .UNSPECIFIED.,.F.,.F.,(7,5,5,5,7),(0.,0.159995786805,0.449933225045,
    0.73308152091,1.),.UNSPECIFIED.);
#10746 = CARTESIAN_POINT('',(0.523598775598,5.7));
#10747 = CARTESIAN_POINT('',(0.551805273846,5.7));
#10748 = CARTESIAN_POINT('',(0.580003079343,5.700716102127));
#10749 = CARTESIAN_POINT('',(0.608180349612,5.702094861005));
#10750 = CARTESIAN_POINT('',(0.636324499272,5.704079860638));
#10751 = CARTESIAN_POINT('',(0.664422200039,5.706611714404));
#10752 = CARTESIAN_POINT('',(0.743267145777,5.715094165134));
#10753 = CARTESIAN_POINT('',(0.793860160855,5.722149602627));
#10754 = CARTESIAN_POINT('',(0.844274500952,5.730437202196));
#10755 = CARTESIAN_POINT('',(0.89454845763,5.73959764381));
#10756 = CARTESIAN_POINT('',(0.944722239657,5.749270452057));
#10757 = CARTESIAN_POINT('',(1.043779610263,5.768689468674));
#10758 = CARTESIAN_POINT('',(1.092730182504,5.778441350459));
#10759 = CARTESIAN_POINT('',(1.141711974213,5.788014486608));
#10760 = CARTESIAN_POINT('',(1.190767794031,5.797073019467));
#10761 = CARTESIAN_POINT('',(1.239958693457,5.805301050518));
#10762 = CARTESIAN_POINT('',(1.335933522191,5.819135390792));
#10763 = CARTESIAN_POINT('',(1.382722469654,5.824869246522));
#10764 = CARTESIAN_POINT('',(1.429635240539,5.829368210124));
#10765 = CARTESIAN_POINT('',(1.476629446221,5.832437000922));
#10766 = CARTESIAN_POINT('',(1.523686395731,5.833974596216));
#10767 = CARTESIAN_POINT('',(1.570796326795,5.833974596216));
#10768 = ( GEOMETRIC_REPRESENTATION_CONTEXT(2) 
PARAMETRIC_REPRESENTATION_CONTEXT() REPRESENTATION_CONTEXT('2D SPACE',''
  ) );
#10769 = ORIENTED_EDGE('',*,*,#10770,.F.);
#10770 = EDGE_CURVE('',#10509,#10691,#10771,.T.);
#10771 = SURFACE_CURVE('',#10772,(#10776,#10782),.PCURVE_S1.);
#10772 = LINE('',#10773,#10774);
#10773 = CARTESIAN_POINT('',(14.6,-23.16602540378,-5.));
#10774 = VECTOR('',#10775,1.);
#10775 = DIRECTION('',(1.,0.,0.));
#10776 = PCURVE('',#10356,#10777);
#10777 = DEFINITIONAL_REPRESENTATION('',(#10778),#10781);
#10778 = B_SPLINE_CURVE_WITH_KNOTS('',1,(#10779,#10780),.UNSPECIFIED.,
  .F.,.F.,(2,2),(0.9999994,4.96),.PIECEWISE_BEZIER_KNOTS.);
#10779 = CARTESIAN_POINT('',(0.523598775598,0.9999994));
#10780 = CARTESIAN_POINT('',(0.523598775598,4.96));
#10781 = ( GEOMETRIC_REPRESENTATION_CONTEXT(2) 
PARAMETRIC_REPRESENTATION_CONTEXT() REPRESENTATION_CONTEXT('2D SPACE',''
  ) );
#10782 = PCURVE('',#470,#10783);
#10783 = DEFINITIONAL_REPRESENTATION('',(#10784),#10787);
#10784 = B_SPLINE_CURVE_WITH_KNOTS('',1,(#10785,#10786),.UNSPECIFIED.,
  .F.,.F.,(2,2),(0.9999994,4.96),.PIECEWISE_BEZIER_KNOTS.);
#10785 = CARTESIAN_POINT('',(0.9999994,5.833974596216));
#10786 = CARTESIAN_POINT('',(4.96,5.833974596216));
#10787 = ( GEOMETRIC_REPRESENTATION_CONTEXT(2) 
PARAMETRIC_REPRESENTATION_CONTEXT() REPRESENTATION_CONTEXT('2D SPACE',''
  ) );
#10788 = ADVANCED_FACE('',(#10789),#10551,.F.);
#10789 = FACE_BOUND('',#10790,.F.);
#10790 = EDGE_LOOP('',(#10791,#10819,#10820,#10848));
#10791 = ORIENTED_EDGE('',*,*,#10792,.F.);
#10792 = EDGE_CURVE('',#10507,#10793,#10795,.T.);
#10793 = VERTEX_POINT('',#10794);
#10794 = CARTESIAN_POINT('',(15.6,-18.3,-5.5));
#10795 = SURFACE_CURVE('',#10796,(#10800,#10807),.PCURVE_S1.);
#10796 = LINE('',#10797,#10798);
#10797 = CARTESIAN_POINT('',(15.6,-23.3,-5.5));
#10798 = VECTOR('',#10799,1.);
#10799 = DIRECTION('',(0.,1.,0.));
#10800 = PCURVE('',#10551,#10801);
#10801 = DEFINITIONAL_REPRESENTATION('',(#10802),#10806);
#10802 = LINE('',#10803,#10804);
#10803 = CARTESIAN_POINT('',(1.,0.));
#10804 = VECTOR('',#10805,1.);
#10805 = DIRECTION('',(0.,1.));
#10806 = ( GEOMETRIC_REPRESENTATION_CONTEXT(2) 
PARAMETRIC_REPRESENTATION_CONTEXT() REPRESENTATION_CONTEXT('2D SPACE',''
  ) );
#10807 = PCURVE('',#10808,#10813);
#10808 = CYLINDRICAL_SURFACE('',#10809,1.);
#10809 = AXIS2_PLACEMENT_3D('',#10810,#10811,#10812);
#10810 = CARTESIAN_POINT('',(15.6,-23.3,-4.5));
#10811 = DIRECTION('',(0.,1.,0.));
#10812 = DIRECTION('',(-1.,0.,0.));
#10813 = DEFINITIONAL_REPRESENTATION('',(#10814),#10818);
#10814 = LINE('',#10815,#10816);
#10815 = CARTESIAN_POINT('',(-1.570796326795,0.));
#10816 = VECTOR('',#10817,1.);
#10817 = DIRECTION('',(-0.,1.));
#10818 = ( GEOMETRIC_REPRESENTATION_CONTEXT(2) 
PARAMETRIC_REPRESENTATION_CONTEXT() REPRESENTATION_CONTEXT('2D SPACE',''
  ) );
#10819 = ORIENTED_EDGE('',*,*,#10535,.T.);
#10820 = ORIENTED_EDGE('',*,*,#10821,.T.);
#10821 = EDGE_CURVE('',#10536,#10822,#10824,.T.);
#10822 = VERTEX_POINT('',#10823);
#10823 = CARTESIAN_POINT('',(79.4,-18.3,-5.5));
#10824 = SURFACE_CURVE('',#10825,(#10829,#10836),.PCURVE_S1.);
#10825 = LINE('',#10826,#10827);
#10826 = CARTESIAN_POINT('',(79.4,-23.3,-5.5));
#10827 = VECTOR('',#10828,1.);
#10828 = DIRECTION('',(0.,1.,0.));
#10829 = PCURVE('',#10551,#10830);
#10830 = DEFINITIONAL_REPRESENTATION('',(#10831),#10835);
#10831 = LINE('',#10832,#10833);
#10832 = CARTESIAN_POINT('',(64.8,0.));
#10833 = VECTOR('',#10834,1.);
#10834 = DIRECTION('',(0.,1.));
#10835 = ( GEOMETRIC_REPRESENTATION_CONTEXT(2) 
PARAMETRIC_REPRESENTATION_CONTEXT() REPRESENTATION_CONTEXT('2D SPACE',''
  ) );
#10836 = PCURVE('',#10837,#10842);
#10837 = CYLINDRICAL_SURFACE('',#10838,1.);
#10838 = AXIS2_PLACEMENT_3D('',#10839,#10840,#10841);
#10839 = CARTESIAN_POINT('',(79.4,-23.3,-4.5));
#10840 = DIRECTION('',(0.,1.,0.));
#10841 = DIRECTION('',(1.,0.,-0.));
#10842 = DEFINITIONAL_REPRESENTATION('',(#10843),#10847);
#10843 = LINE('',#10844,#10845);
#10844 = CARTESIAN_POINT('',(1.570796326795,0.));
#10845 = VECTOR('',#10846,1.);
#10846 = DIRECTION('',(0.,1.));
#10847 = ( GEOMETRIC_REPRESENTATION_CONTEXT(2) 
PARAMETRIC_REPRESENTATION_CONTEXT() REPRESENTATION_CONTEXT('2D SPACE',''
  ) );
#10848 = ORIENTED_EDGE('',*,*,#10849,.F.);
#10849 = EDGE_CURVE('',#10793,#10822,#10850,.T.);
#10850 = SURFACE_CURVE('',#10851,(#10855,#10862),.PCURVE_S1.);
#10851 = LINE('',#10852,#10853);
#10852 = CARTESIAN_POINT('',(14.6,-18.3,-5.5));
#10853 = VECTOR('',#10854,1.);
#10854 = DIRECTION('',(1.,0.,0.));
#10855 = PCURVE('',#10551,#10856);
#10856 = DEFINITIONAL_REPRESENTATION('',(#10857),#10861);
#10857 = LINE('',#10858,#10859);
#10858 = CARTESIAN_POINT('',(0.,5.));
#10859 = VECTOR('',#10860,1.);
#10860 = DIRECTION('',(1.,0.));
#10861 = ( GEOMETRIC_REPRESENTATION_CONTEXT(2) 
PARAMETRIC_REPRESENTATION_CONTEXT() REPRESENTATION_CONTEXT('2D SPACE',''
  ) );
#10862 = PCURVE('',#4452,#10863);
#10863 = DEFINITIONAL_REPRESENTATION('',(#10864),#10868);
#10864 = LINE('',#10865,#10866);
#10865 = CARTESIAN_POINT('',(-1.570796326795,0.));
#10866 = VECTOR('',#10867,1.);
#10867 = DIRECTION('',(-0.,1.));
#10868 = ( GEOMETRIC_REPRESENTATION_CONTEXT(2) 
PARAMETRIC_REPRESENTATION_CONTEXT() REPRESENTATION_CONTEXT('2D SPACE',''
  ) );
#10869 = ADVANCED_FACE('',(#10870),#10837,.T.);
#10870 = FACE_BOUND('',#10871,.T.);
#10871 = EDGE_LOOP('',(#10872,#10894,#10895,#10922));
#10872 = ORIENTED_EDGE('',*,*,#10873,.F.);
#10873 = EDGE_CURVE('',#10536,#10874,#10876,.T.);
#10874 = VERTEX_POINT('',#10875);
#10875 = CARTESIAN_POINT('',(80.4,-22.3,-4.5));
#10876 = SURFACE_CURVE('',#10877,(#10882,#10888),.PCURVE_S1.);
#10877 = CIRCLE('',#10878,1.);
#10878 = AXIS2_PLACEMENT_3D('',#10879,#10880,#10881);
#10879 = CARTESIAN_POINT('',(79.4,-22.3,-4.5));
#10880 = DIRECTION('',(0.,-1.,0.));
#10881 = DIRECTION('',(1.,0.,0.));
#10882 = PCURVE('',#10837,#10883);
#10883 = DEFINITIONAL_REPRESENTATION('',(#10884),#10887);
#10884 = B_SPLINE_CURVE_WITH_KNOTS('',1,(#10885,#10886),.UNSPECIFIED.,
  .F.,.F.,(2,2),(4.712388980385,6.28318530718),
  .PIECEWISE_BEZIER_KNOTS.);
#10885 = CARTESIAN_POINT('',(1.570796326795,1.));
#10886 = CARTESIAN_POINT('',(0.,1.));
#10887 = ( GEOMETRIC_REPRESENTATION_CONTEXT(2) 
PARAMETRIC_REPRESENTATION_CONTEXT() REPRESENTATION_CONTEXT('2D SPACE',''
  ) );
#10888 = PCURVE('',#10579,#10889);
#10889 = DEFINITIONAL_REPRESENTATION('',(#10890),#10893);
#10890 = B_SPLINE_CURVE_WITH_KNOTS('',1,(#10891,#10892),.UNSPECIFIED.,
  .F.,.F.,(2,2),(4.712388980385,6.28318530718),
  .PIECEWISE_BEZIER_KNOTS.);
#10891 = CARTESIAN_POINT('',(0.,-1.570796326795));
#10892 = CARTESIAN_POINT('',(0.,0.));
#10893 = ( GEOMETRIC_REPRESENTATION_CONTEXT(2) 
PARAMETRIC_REPRESENTATION_CONTEXT() REPRESENTATION_CONTEXT('2D SPACE',''
  ) );
#10894 = ORIENTED_EDGE('',*,*,#10821,.T.);
#10895 = ORIENTED_EDGE('',*,*,#10896,.T.);
#10896 = EDGE_CURVE('',#10822,#10897,#10899,.T.);
#10897 = VERTEX_POINT('',#10898);
#10898 = CARTESIAN_POINT('',(80.4,-18.3,-4.5));
#10899 = SURFACE_CURVE('',#10900,(#10905,#10911),.PCURVE_S1.);
#10900 = CIRCLE('',#10901,1.);
#10901 = AXIS2_PLACEMENT_3D('',#10902,#10903,#10904);
#10902 = CARTESIAN_POINT('',(79.4,-18.3,-4.5));
#10903 = DIRECTION('',(0.,-1.,0.));
#10904 = DIRECTION('',(1.,0.,0.));
#10905 = PCURVE('',#10837,#10906);
#10906 = DEFINITIONAL_REPRESENTATION('',(#10907),#10910);
#10907 = B_SPLINE_CURVE_WITH_KNOTS('',1,(#10908,#10909),.UNSPECIFIED.,
  .F.,.F.,(2,2),(4.712388980385,6.28318530718),
  .PIECEWISE_BEZIER_KNOTS.);
#10908 = CARTESIAN_POINT('',(1.570796326795,5.));
#10909 = CARTESIAN_POINT('',(0.,5.));
#10910 = ( GEOMETRIC_REPRESENTATION_CONTEXT(2) 
PARAMETRIC_REPRESENTATION_CONTEXT() REPRESENTATION_CONTEXT('2D SPACE',''
  ) );
#10911 = PCURVE('',#10912,#10917);
#10912 = SPHERICAL_SURFACE('',#10913,1.);
#10913 = AXIS2_PLACEMENT_3D('',#10914,#10915,#10916);
#10914 = CARTESIAN_POINT('',(79.4,-18.3,-4.5));
#10915 = DIRECTION('',(0.,0.,1.));
#10916 = DIRECTION('',(1.,0.,-0.));
#10917 = DEFINITIONAL_REPRESENTATION('',(#10918),#10921);
#10918 = B_SPLINE_CURVE_WITH_KNOTS('',1,(#10919,#10920),.UNSPECIFIED.,
  .F.,.F.,(2,2),(4.712388980385,6.28318530718),
  .PIECEWISE_BEZIER_KNOTS.);
#10919 = CARTESIAN_POINT('',(0.,-1.570796326795));
#10920 = CARTESIAN_POINT('',(0.,0.));
#10921 = ( GEOMETRIC_REPRESENTATION_CONTEXT(2) 
PARAMETRIC_REPRESENTATION_CONTEXT() REPRESENTATION_CONTEXT('2D SPACE',''
  ) );
#10922 = ORIENTED_EDGE('',*,*,#10923,.F.);
#10923 = EDGE_CURVE('',#10874,#10897,#10924,.T.);
#10924 = SURFACE_CURVE('',#10925,(#10929,#10936),.PCURVE_S1.);
#10925 = LINE('',#10926,#10927);
#10926 = CARTESIAN_POINT('',(80.4,-23.3,-4.5));
#10927 = VECTOR('',#10928,1.);
#10928 = DIRECTION('',(0.,1.,0.));
#10929 = PCURVE('',#10837,#10930);
#10930 = DEFINITIONAL_REPRESENTATION('',(#10931),#10935);
#10931 = LINE('',#10932,#10933);
#10932 = CARTESIAN_POINT('',(0.,0.));
#10933 = VECTOR('',#10934,1.);
#10934 = DIRECTION('',(0.,1.));
#10935 = ( GEOMETRIC_REPRESENTATION_CONTEXT(2) 
PARAMETRIC_REPRESENTATION_CONTEXT() REPRESENTATION_CONTEXT('2D SPACE',''
  ) );
#10936 = PCURVE('',#1107,#10937);
#10937 = DEFINITIONAL_REPRESENTATION('',(#10938),#10942);
#10938 = LINE('',#10939,#10940);
#10939 = CARTESIAN_POINT('',(-4.5,23.3));
#10940 = VECTOR('',#10941,1.);
#10941 = DIRECTION('',(0.,-1.));
#10942 = ( GEOMETRIC_REPRESENTATION_CONTEXT(2) 
PARAMETRIC_REPRESENTATION_CONTEXT() REPRESENTATION_CONTEXT('2D SPACE',''
  ) );
#10943 = ADVANCED_FACE('',(#10944),#10912,.T.);
#10944 = FACE_BOUND('',#10945,.T.);
#10945 = EDGE_LOOP('',(#10946,#10947,#10969,#11069));
#10946 = ORIENTED_EDGE('',*,*,#10896,.F.);
#10947 = ORIENTED_EDGE('',*,*,#10948,.T.);
#10948 = EDGE_CURVE('',#10822,#10949,#10951,.T.);
#10949 = VERTEX_POINT('',#10950);
#10950 = CARTESIAN_POINT('',(79.4,-17.43397459621,-5.));
#10951 = SURFACE_CURVE('',#10952,(#10957,#10963),.PCURVE_S1.);
#10952 = CIRCLE('',#10953,1.);
#10953 = AXIS2_PLACEMENT_3D('',#10954,#10955,#10956);
#10954 = CARTESIAN_POINT('',(79.4,-18.3,-4.5));
#10955 = DIRECTION('',(1.,-6.123233995737E-17,0.));
#10956 = DIRECTION('',(6.123233995737E-17,1.,0.));
#10957 = PCURVE('',#10912,#10958);
#10958 = DEFINITIONAL_REPRESENTATION('',(#10959),#10962);
#10959 = B_SPLINE_CURVE_WITH_KNOTS('',1,(#10960,#10961),.UNSPECIFIED.,
  .F.,.F.,(2,2),(4.712388980385,6.28318530718),
  .PIECEWISE_BEZIER_KNOTS.);
#10960 = CARTESIAN_POINT('',(1.570796326795,-1.570796326795));
#10961 = CARTESIAN_POINT('',(1.570796326795,0.));
#10962 = ( GEOMETRIC_REPRESENTATION_CONTEXT(2) 
PARAMETRIC_REPRESENTATION_CONTEXT() REPRESENTATION_CONTEXT('2D SPACE',''
  ) );
#10963 = PCURVE('',#4452,#10964);
#10964 = DEFINITIONAL_REPRESENTATION('',(#10965),#10968);
#10965 = B_SPLINE_CURVE_WITH_KNOTS('',1,(#10966,#10967),.UNSPECIFIED.,
  .F.,.F.,(2,2),(4.712388980385,6.28318530718),
  .PIECEWISE_BEZIER_KNOTS.);
#10966 = CARTESIAN_POINT('',(-1.570796326795,64.8));
#10967 = CARTESIAN_POINT('',(0.,64.8));
#10968 = ( GEOMETRIC_REPRESENTATION_CONTEXT(2) 
PARAMETRIC_REPRESENTATION_CONTEXT() REPRESENTATION_CONTEXT('2D SPACE',''
  ) );
#10969 = ORIENTED_EDGE('',*,*,#10970,.T.);
#10970 = EDGE_CURVE('',#10949,#10971,#10973,.T.);
#10971 = VERTEX_POINT('',#10972);
#10972 = CARTESIAN_POINT('',(80.266025403784,-17.8,-4.5));
#10973 = SURFACE_CURVE('',#10974,(#11002,#11033),.PCURVE_S1.);
#10974 = B_SPLINE_CURVE_WITH_KNOTS('',6,(#10975,#10976,#10977,#10978,
    #10979,#10980,#10981,#10982,#10983,#10984,#10985,#10986,#10987,
    #10988,#10989,#10990,#10991,#10992,#10993,#10994,#10995,#10996,
    #10997,#10998,#10999,#11000,#11001),.UNSPECIFIED.,.F.,.F.,(7,5,5,5,5
    ,7),(0.,0.153296368044,0.351334745855,0.551762276251,0.829047989979,
    1.),.UNSPECIFIED.);
#10975 = CARTESIAN_POINT('',(79.4,-17.43397459621,-5.));
#10976 = CARTESIAN_POINT('',(79.428033325743,-17.43397459621,-5.));
#10977 = CARTESIAN_POINT('',(79.456066713701,-17.434519074,
    -4.99905693197));
#10978 = CARTESIAN_POINT('',(79.484063083707,-17.43560797268,
    -4.997170918226));
#10979 = CARTESIAN_POINT('',(79.511985340817,-17.43724303111,
    -4.994343344581));
#10980 = CARTESIAN_POINT('',(79.539794761872,-17.43942737767,
    -4.990577743048));
#10981 = CARTESIAN_POINT('',(79.603175447774,-17.44570192552,
    -4.979812691088));
#10982 = CARTESIAN_POINT('',(79.638644275904,-17.45016242955,
    -4.97218997484));
#10983 = CARTESIAN_POINT('',(79.673764211019,-17.45555517721,
    -4.963027213312));
#10984 = CARTESIAN_POINT('',(79.708437303583,-17.46189140591,
    -4.952347899843));
#10985 = CARTESIAN_POINT('',(79.742559663815,-17.46918233305,
    -4.94018986543));
#10986 = CARTESIAN_POINT('',(79.809887657666,-17.48579012484,
    -4.912867936744));
#10987 = CARTESIAN_POINT('',(79.843079197603,-17.49513078096,
    -4.897668861658));
#10988 = CARTESIAN_POINT('',(79.875483598374,-17.50546741066,
    -4.881072930805));
#10989 = CARTESIAN_POINT('',(79.906990856045,-17.51680746721,
    -4.863157995471));
#10990 = CARTESIAN_POINT('',(79.937498358085,-17.5291568623,
    -4.844020570179));
#10991 = CARTESIAN_POINT('',(80.007613129372,-17.56100745345,
    -4.795768196949));
#10992 = CARTESIAN_POINT('',(80.046223309367,-17.58143502848,
    -4.765641601686));
#10993 = CARTESIAN_POINT('',(80.082513781006,-17.60381775071,
    -4.733695691137));
#10994 = CARTESIAN_POINT('',(80.116300150249,-17.62817221498,
    -4.700290791017));
#10995 = CARTESIAN_POINT('',(80.147465503393,-17.65452208896,
    -4.665834947573));
#10996 = CARTESIAN_POINT('',(80.193529878801,-17.70043767198,
    -4.60916832892));
#10997 = CARTESIAN_POINT('',(80.210082282702,-17.71872863461,
    -4.587330487129));
#10998 = CARTESIAN_POINT('',(80.225607890817,-17.73781305909,
    -4.565372441049));
#10999 = CARTESIAN_POINT('',(80.240102528906,-17.75770631774,
    -4.543410540718));
#11000 = CARTESIAN_POINT('',(80.253570336131,-17.77842719001,
    -4.521572809988));
#11001 = CARTESIAN_POINT('',(80.266025403784,-17.8,-4.5));
#11002 = PCURVE('',#10912,#11003);
#11003 = DEFINITIONAL_REPRESENTATION('',(#11004),#11032);
#11004 = B_SPLINE_CURVE_WITH_KNOTS('',6,(#11005,#11006,#11007,#11008,
    #11009,#11010,#11011,#11012,#11013,#11014,#11015,#11016,#11017,
    #11018,#11019,#11020,#11021,#11022,#11023,#11024,#11025,#11026,
    #11027,#11028,#11029,#11030,#11031),.UNSPECIFIED.,.F.,.F.,(7,5,5,5,5
    ,7),(0.,0.153296368044,0.351334745855,0.551762276251,0.829047989979,
    1.),.UNSPECIFIED.);
#11005 = CARTESIAN_POINT('',(1.570796326795,-0.523598775598));
#11006 = CARTESIAN_POINT('',(1.538426230466,-0.523598775598));
#11007 = CARTESIAN_POINT('',(1.506056038814,-0.522509839377));
#11008 = CARTESIAN_POINT('',(1.47375920084,-0.520331987941));
#11009 = CARTESIAN_POINT('',(1.441608902457,-0.51707219384));
#11010 = CARTESIAN_POINT('',(1.409674902208,-0.512744559173));
#11011 = CARTESIAN_POINT('',(1.33712694671,-0.500427920563));
#11012 = CARTESIAN_POINT('',(1.296698412909,-0.491738724102));
#11013 = CARTESIAN_POINT('',(1.256874043294,-0.481349222659));
#11014 = CARTESIAN_POINT('',(1.217768780923,-0.469326298132));
#11015 = CARTESIAN_POINT('',(1.179468551428,-0.455756000347));
#11016 = CARTESIAN_POINT('',(1.104130893684,-0.42554717434));
#11017 = CARTESIAN_POINT('',(1.067112294646,-0.408872723782));
#11018 = CARTESIAN_POINT('',(1.031025288882,-0.39082626127));
#11019 = CARTESIAN_POINT('',(0.995882613839,-0.371529798348));
#11020 = CARTESIAN_POINT('',(0.961660559505,-0.351114909482));
#11021 = CARTESIAN_POINT('',(0.882159233902,-0.300115384015));
#11022 = CARTESIAN_POINT('',(0.83767281334,-0.268633412391));
#11023 = CARTESIAN_POINT('',(0.794695938016,-0.235627583197));
#11024 = CARTESIAN_POINT('',(0.752964019381,-0.201466596307));
#11025 = CARTESIAN_POINT('',(0.712144462855,-0.166514325403));
#11026 = CARTESIAN_POINT('',(0.646976004877,-0.109356802659));
#11027 = CARTESIAN_POINT('',(0.62231568198,-8.740498288579E-02));
#11028 = CARTESIAN_POINT('',(0.597753449262,-6.539054232278E-02));
#11029 = CARTESIAN_POINT('',(0.57318760477,-4.341052294551E-02));
#11030 = CARTESIAN_POINT('',(0.548508910905,-2.157280998761E-02));
#11031 = CARTESIAN_POINT('',(0.523598775598,0.));
#11032 = ( GEOMETRIC_REPRESENTATION_CONTEXT(2) 
PARAMETRIC_REPRESENTATION_CONTEXT() REPRESENTATION_CONTEXT('2D SPACE',''
  ) );
#11033 = PCURVE('',#11034,#11039);
#11034 = CYLINDRICAL_SURFACE('',#11035,1.);
#11035 = AXIS2_PLACEMENT_3D('',#11036,#11037,#11038);
#11036 = CARTESIAN_POINT('',(79.4,-29.,-4.));
#11037 = DIRECTION('',(0.,1.,0.));
#11038 = DIRECTION('',(1.,0.,-0.));
#11039 = DEFINITIONAL_REPRESENTATION('',(#11040),#11068);
#11040 = B_SPLINE_CURVE_WITH_KNOTS('',6,(#11041,#11042,#11043,#11044,
    #11045,#11046,#11047,#11048,#11049,#11050,#11051,#11052,#11053,
    #11054,#11055,#11056,#11057,#11058,#11059,#11060,#11061,#11062,
    #11063,#11064,#11065,#11066,#11067),.UNSPECIFIED.,.F.,.F.,(7,5,5,5,5
    ,7),(0.,0.153296368044,0.351334745855,0.551762276251,0.829047989979,
    1.),.UNSPECIFIED.);
#11041 = CARTESIAN_POINT('',(1.570796326795,11.566025403785));
#11042 = CARTESIAN_POINT('',(1.542763001051,11.566025403785));
#11043 = CARTESIAN_POINT('',(1.514729606113,11.565480925999));
#11044 = CARTESIAN_POINT('',(1.486693598738,11.564392027317));
#11045 = CARTESIAN_POINT('',(1.458652366879,11.562756968881));
#11046 = CARTESIAN_POINT('',(1.430605052757,11.56057262233));
#11047 = CARTESIAN_POINT('',(1.366316658087,11.554298074476));
#11048 = CARTESIAN_POINT('',(1.330072150069,11.549837570443));
#11049 = CARTESIAN_POINT('',(1.293828283991,11.544444822785));
#11050 = CARTESIAN_POINT('',(1.257599249583,11.53810859409));
#11051 = CARTESIAN_POINT('',(1.221409465994,11.530817666946));
#11052 = CARTESIAN_POINT('',(1.14874897781,11.514209875154));
#11053 = CARTESIAN_POINT('',(1.112278134029,11.504869219036));
#11054 = CARTESIAN_POINT('',(1.075923618016,11.494532589332));
#11055 = CARTESIAN_POINT('',(1.039730408839,11.483192532784));
#11056 = CARTESIAN_POINT('',(1.00374978344,11.470843137692));
#11057 = CARTESIAN_POINT('',(0.918635902815,11.438992546549));
#11058 = CARTESIAN_POINT('',(0.86975052704,11.418564971514));
#11059 = CARTESIAN_POINT('',(0.821527655257,11.396182249288));
#11060 = CARTESIAN_POINT('',(0.774129054364,11.371827785011));
#11061 = CARTESIAN_POINT('',(0.727734146823,11.345477911037));
#11062 = CARTESIAN_POINT('',(0.654706533201,11.299562328011));
#11063 = CARTESIAN_POINT('',(0.62732027381,11.281271365389));
#11064 = CARTESIAN_POINT('',(0.600449555645,11.262186940901));
#11065 = CARTESIAN_POINT('',(0.574154838941,11.242293682257));
#11066 = CARTESIAN_POINT('',(0.548508910905,11.221572809988));
#11067 = CARTESIAN_POINT('',(0.523598775598,11.2));
#11068 = ( GEOMETRIC_REPRESENTATION_CONTEXT(2) 
PARAMETRIC_REPRESENTATION_CONTEXT() REPRESENTATION_CONTEXT('2D SPACE',''
  ) );
#11069 = ORIENTED_EDGE('',*,*,#11070,.F.);
#11070 = EDGE_CURVE('',#10897,#10971,#11071,.T.);
#11071 = SURFACE_CURVE('',#11072,(#11077,#11084),.PCURVE_S1.);
#11072 = CIRCLE('',#11073,1.);
#11073 = AXIS2_PLACEMENT_3D('',#11074,#11075,#11076);
#11074 = CARTESIAN_POINT('',(79.4,-18.3,-4.5));
#11075 = DIRECTION('',(0.,0.,1.));
#11076 = DIRECTION('',(1.,0.,-0.));
#11077 = PCURVE('',#10912,#11078);
#11078 = DEFINITIONAL_REPRESENTATION('',(#11079),#11083);
#11079 = LINE('',#11080,#11081);
#11080 = CARTESIAN_POINT('',(0.,0.));
#11081 = VECTOR('',#11082,1.);
#11082 = DIRECTION('',(1.,0.));
#11083 = ( GEOMETRIC_REPRESENTATION_CONTEXT(2) 
PARAMETRIC_REPRESENTATION_CONTEXT() REPRESENTATION_CONTEXT('2D SPACE',''
  ) );
#11084 = PCURVE('',#11085,#11090);
#11085 = CYLINDRICAL_SURFACE('',#11086,1.);
#11086 = AXIS2_PLACEMENT_3D('',#11087,#11088,#11089);
#11087 = CARTESIAN_POINT('',(79.4,-18.3,-5.5));
#11088 = DIRECTION('',(0.,0.,1.));
#11089 = DIRECTION('',(1.,0.,-0.));
#11090 = DEFINITIONAL_REPRESENTATION('',(#11091),#11095);
#11091 = LINE('',#11092,#11093);
#11092 = CARTESIAN_POINT('',(0.,1.));
#11093 = VECTOR('',#11094,1.);
#11094 = DIRECTION('',(1.,0.));
#11095 = ( GEOMETRIC_REPRESENTATION_CONTEXT(2) 
PARAMETRIC_REPRESENTATION_CONTEXT() REPRESENTATION_CONTEXT('2D SPACE',''
  ) );
#11096 = ADVANCED_FACE('',(#11097),#11034,.T.);
#11097 = FACE_BOUND('',#11098,.T.);
#11098 = EDGE_LOOP('',(#11099,#11100,#11128,#11223,#11246));
#11099 = ORIENTED_EDGE('',*,*,#10970,.F.);
#11100 = ORIENTED_EDGE('',*,*,#11101,.T.);
#11101 = EDGE_CURVE('',#10949,#11102,#11104,.T.);
#11102 = VERTEX_POINT('',#11103);
#11103 = CARTESIAN_POINT('',(79.4,-4.153311931459,-5.));
#11104 = SURFACE_CURVE('',#11105,(#11109,#11116),.PCURVE_S1.);
#11105 = LINE('',#11106,#11107);
#11106 = CARTESIAN_POINT('',(79.4,-29.,-5.));
#11107 = VECTOR('',#11108,1.);
#11108 = DIRECTION('',(0.,1.,0.));
#11109 = PCURVE('',#11034,#11110);
#11110 = DEFINITIONAL_REPRESENTATION('',(#11111),#11115);
#11111 = LINE('',#11112,#11113);
#11112 = CARTESIAN_POINT('',(1.570796326795,0.));
#11113 = VECTOR('',#11114,1.);
#11114 = DIRECTION('',(0.,1.));
#11115 = ( GEOMETRIC_REPRESENTATION_CONTEXT(2) 
PARAMETRIC_REPRESENTATION_CONTEXT() REPRESENTATION_CONTEXT('2D SPACE',''
  ) );
#11116 = PCURVE('',#11117,#11122);
#11117 = PLANE('',#11118);
#11118 = AXIS2_PLACEMENT_3D('',#11119,#11120,#11121);
#11119 = CARTESIAN_POINT('',(74.8,-29.,-5.));
#11120 = DIRECTION('',(0.,0.,1.));
#11121 = DIRECTION('',(1.,0.,0.));
#11122 = DEFINITIONAL_REPRESENTATION('',(#11123),#11127);
#11123 = LINE('',#11124,#11125);
#11124 = CARTESIAN_POINT('',(4.6,0.));
#11125 = VECTOR('',#11126,1.);
#11126 = DIRECTION('',(0.,1.));
#11127 = ( GEOMETRIC_REPRESENTATION_CONTEXT(2) 
PARAMETRIC_REPRESENTATION_CONTEXT() REPRESENTATION_CONTEXT('2D SPACE',''
  ) );
#11128 = ORIENTED_EDGE('',*,*,#11129,.F.);
#11129 = EDGE_CURVE('',#11130,#11102,#11132,.T.);
#11130 = VERTEX_POINT('',#11131);
#11131 = CARTESIAN_POINT('',(80.4,-5.12347538298,-4.));
#11132 = SURFACE_CURVE('',#11133,(#11161,#11192),.PCURVE_S1.);
#11133 = B_SPLINE_CURVE_WITH_KNOTS('',6,(#11134,#11135,#11136,#11137,
    #11138,#11139,#11140,#11141,#11142,#11143,#11144,#11145,#11146,
    #11147,#11148,#11149,#11150,#11151,#11152,#11153,#11154,#11155,
    #11156,#11157,#11158,#11159,#11160),.UNSPECIFIED.,.F.,.F.,(7,5,5,5,5
    ,7),(0.,0.119012552419,0.352263525475,0.623108212113,0.733073149418,
    1.),.UNSPECIFIED.);
#11134 = CARTESIAN_POINT('',(80.4,-5.12347538298,-4.));
#11135 = CARTESIAN_POINT('',(80.4,-5.098596793068,-4.031866210744));
#11136 = CARTESIAN_POINT('',(80.398781455619,-5.073484116478,
    -4.063541902834));
#11137 = CARTESIAN_POINT('',(80.396371677317,-5.048176417082,
    -4.094977414396));
#11138 = CARTESIAN_POINT('',(80.392799256036,-5.02271467485,
    -4.126125421383));
#11139 = CARTESIAN_POINT('',(80.388094063203,-4.997141785846,
    -4.156940937576));
#11140 = CARTESIAN_POINT('',(80.370906563294,-4.921252620226,
    -4.247040967399));
#11141 = CARTESIAN_POINT('',(80.355298679689,-4.870765833619,
    -4.305238198325));
#11142 = CARTESIAN_POINT('',(80.335685058419,-4.820300981483,
    -4.361746741793));
#11143 = CARTESIAN_POINT('',(80.312263983225,-4.770138640452,
    -4.416361118101));
#11144 = CARTESIAN_POINT('',(80.285212013012,-4.720584296844,
    -4.468889442529));
#11145 = CARTESIAN_POINT('',(80.219238795789,-4.615523553273,
    -4.577503054468));
#11146 = CARTESIAN_POINT('',(80.179091209744,-4.560320061302,
    -4.632823329809));
#11147 = CARTESIAN_POINT('',(80.134447938417,-4.506837300538,
    -4.684859511387));
#11148 = CARTESIAN_POINT('',(80.085464888707,-4.455640670469,
    -4.733331229081));
#11149 = CARTESIAN_POINT('',(80.03227343625,-4.407409438935,
    -4.777900963447));
#11150 = CARTESIAN_POINT('',(79.951753947526,-4.344915349754,
    -4.834491007936));
#11151 = CARTESIAN_POINT('',(79.927830734639,-4.327492819602,
    -4.850119815708));
#11152 = CARTESIAN_POINT('',(79.903253075898,-4.310755424656,
    -4.865002245972));
#11153 = CARTESIAN_POINT('',(79.878039183275,-4.294765844442,
    -4.879104052521));
#11154 = CARTESIAN_POINT('',(79.852208018201,-4.279587951548,
    -4.892390637713));
#11155 = CARTESIAN_POINT('',(79.761626690392,-4.230572489642,
    -4.935014975125));
#11156 = CARTESIAN_POINT('',(79.69358929059,-4.200827208326,
    -4.960364136514));
#11157 = CARTESIAN_POINT('',(79.622506944639,-4.17742955135,
    -4.979966871255));
#11158 = CARTESIAN_POINT('',(79.549280422577,-4.161396991922,
    -4.993283916898));
#11159 = CARTESIAN_POINT('',(79.474811551678,-4.153311931459,-5.));
#11160 = CARTESIAN_POINT('',(79.4,-4.153311931459,-5.));
#11161 = PCURVE('',#11034,#11162);
#11162 = DEFINITIONAL_REPRESENTATION('',(#11163),#11191);
#11163 = B_SPLINE_CURVE_WITH_KNOTS('',6,(#11164,#11165,#11166,#11167,
    #11168,#11169,#11170,#11171,#11172,#11173,#11174,#11175,#11176,
    #11177,#11178,#11179,#11180,#11181,#11182,#11183,#11184,#11185,
    #11186,#11187,#11188,#11189,#11190),.UNSPECIFIED.,.F.,.F.,(7,5,5,5,5
    ,7),(0.,0.119012552419,0.352263525475,0.623108212113,0.733073149418,
    1.),.UNSPECIFIED.);
#11164 = CARTESIAN_POINT('',(0.,23.87652461702));
#11165 = CARTESIAN_POINT('',(3.18662107437E-02,23.901403206932));
#11166 = CARTESIAN_POINT('',(6.354194498642E-02,23.926515883522));
#11167 = CARTESIAN_POINT('',(9.503565493369E-02,23.951823582918));
#11168 = CARTESIAN_POINT('',(0.126354886002,23.97728532515));
#11169 = CARTESIAN_POINT('',(0.157506276816,24.002858214154));
#11170 = CARTESIAN_POINT('',(0.249231003729,24.078747379774));
#11171 = CARTESIAN_POINT('',(0.309322099718,24.129234166381));
#11172 = CARTESIAN_POINT('',(0.368907957787,24.179699018517));
#11173 = CARTESIAN_POINT('',(0.428111179689,24.229861359548));
#11174 = CARTESIAN_POINT('',(0.487050215963,24.279415703156));
#11175 = CARTESIAN_POINT('',(0.614130435074,24.384476446727));
#11176 = CARTESIAN_POINT('',(0.682254223189,24.439679938698));
#11177 = CARTESIAN_POINT('',(0.750478331371,24.493162699462));
#11178 = CARTESIAN_POINT('',(0.819041986752,24.544359329531));
#11179 = CARTESIAN_POINT('',(0.888188565693,24.592590561065));
#11180 = CARTESIAN_POINT('',(0.986605135435,24.655084650246));
#11181 = CARTESIAN_POINT('',(1.015164622735,24.672507180398));
#11182 = CARTESIAN_POINT('',(1.043871556733,24.689244575344));
#11183 = CARTESIAN_POINT('',(1.072734803683,24.705234155558));
#11184 = CARTESIAN_POINT('',(1.101764760606,24.720412048452));
#11185 = CARTESIAN_POINT('',(1.201873756643,24.769427510358));
#11186 = CARTESIAN_POINT('',(1.27422879659,24.799172791674));
#11187 = CARTESIAN_POINT('',(1.347534918392,24.82257044865));
#11188 = CARTESIAN_POINT('',(1.421516110089,24.838603008078));
#11189 = CARTESIAN_POINT('',(1.495984775117,24.846688068541));
#11190 = CARTESIAN_POINT('',(1.570796326795,24.846688068541));
#11191 = ( GEOMETRIC_REPRESENTATION_CONTEXT(2) 
PARAMETRIC_REPRESENTATION_CONTEXT() REPRESENTATION_CONTEXT('2D SPACE',''
  ) );
#11192 = PCURVE('',#3293,#11193);
#11193 = DEFINITIONAL_REPRESENTATION('',(#11194),#11222);
#11194 = B_SPLINE_CURVE_WITH_KNOTS('',6,(#11195,#11196,#11197,#11198,
    #11199,#11200,#11201,#11202,#11203,#11204,#11205,#11206,#11207,
    #11208,#11209,#11210,#11211,#11212,#11213,#11214,#11215,#11216,
    #11217,#11218,#11219,#11220,#11221),.UNSPECIFIED.,.F.,.F.,(7,5,5,5,5
    ,7),(0.,0.119012552419,0.352263525475,0.623108212113,0.733073149418,
    1.),.UNSPECIFIED.);
#11195 = CARTESIAN_POINT('',(2.233670150445,5.6));
#11196 = CARTESIAN_POINT('',(2.239889797923,5.6));
#11197 = CARTESIAN_POINT('',(2.246108499931,5.598781455619));
#11198 = CARTESIAN_POINT('',(2.252316981432,5.596371677317));
#11199 = CARTESIAN_POINT('',(2.258506047734,5.592799256036));
#11200 = CARTESIAN_POINT('',(2.264666584492,5.588094063203));
#11201 = CARTESIAN_POINT('',(2.282789883976,5.570906563294));
#11202 = CARTESIAN_POINT('',(2.294641599639,5.555298679689));
#11203 = CARTESIAN_POINT('',(2.306295557246,5.535685058419));
#11204 = CARTESIAN_POINT('',(2.317702469804,5.512263983225));
#11205 = CARTESIAN_POINT('',(2.328811447018,5.485212013012));
#11206 = CARTESIAN_POINT('',(2.352059365568,5.419238795789));
#11207 = CARTESIAN_POINT('',(2.364081307936,5.379091209744));
#11208 = CARTESIAN_POINT('',(2.375559580696,5.334447938417));
#11209 = CARTESIAN_POINT('',(2.386404836016,5.285464888707));
#11210 = CARTESIAN_POINT('',(2.39650759659,5.23227343625));
#11211 = CARTESIAN_POINT('',(2.409478154344,5.151753947526));
#11212 = CARTESIAN_POINT('',(2.413078918233,5.127830734639));
#11213 = CARTESIAN_POINT('',(2.416524568456,5.103253075898));
#11214 = CARTESIAN_POINT('',(2.41980447916,5.078039183275));
#11215 = CARTESIAN_POINT('',(2.42290781788,5.052208018201));
#11216 = CARTESIAN_POINT('',(2.432901128833,4.961626690392));
#11217 = CARTESIAN_POINT('',(2.438913355729,4.89358929059));
#11218 = CARTESIAN_POINT('',(2.443609243987,4.822506944639));
#11219 = CARTESIAN_POINT('',(2.446815727872,4.749280422577));
#11220 = CARTESIAN_POINT('',(2.448432746013,4.674811551678));
#11221 = CARTESIAN_POINT('',(2.448432746013,4.6));
#11222 = ( GEOMETRIC_REPRESENTATION_CONTEXT(2) 
PARAMETRIC_REPRESENTATION_CONTEXT() REPRESENTATION_CONTEXT('2D SPACE',''
  ) );
#11223 = ORIENTED_EDGE('',*,*,#11224,.F.);
#11224 = EDGE_CURVE('',#11225,#11130,#11227,.T.);
#11225 = VERTEX_POINT('',#11226);
#11226 = CARTESIAN_POINT('',(80.4,-18.3,-4.));
#11227 = SURFACE_CURVE('',#11228,(#11232,#11239),.PCURVE_S1.);
#11228 = LINE('',#11229,#11230);
#11229 = CARTESIAN_POINT('',(80.4,-29.,-4.));
#11230 = VECTOR('',#11231,1.);
#11231 = DIRECTION('',(0.,1.,0.));
#11232 = PCURVE('',#11034,#11233);
#11233 = DEFINITIONAL_REPRESENTATION('',(#11234),#11238);
#11234 = LINE('',#11235,#11236);
#11235 = CARTESIAN_POINT('',(0.,0.));
#11236 = VECTOR('',#11237,1.);
#11237 = DIRECTION('',(0.,1.));
#11238 = ( GEOMETRIC_REPRESENTATION_CONTEXT(2) 
PARAMETRIC_REPRESENTATION_CONTEXT() REPRESENTATION_CONTEXT('2D SPACE',''
  ) );
#11239 = PCURVE('',#1107,#11240);
#11240 = DEFINITIONAL_REPRESENTATION('',(#11241),#11245);
#11241 = LINE('',#11242,#11243);
#11242 = CARTESIAN_POINT('',(-4.,29.));
#11243 = VECTOR('',#11244,1.);
#11244 = DIRECTION('',(0.,-1.));
#11245 = ( GEOMETRIC_REPRESENTATION_CONTEXT(2) 
PARAMETRIC_REPRESENTATION_CONTEXT() REPRESENTATION_CONTEXT('2D SPACE',''
  ) );
#11246 = ORIENTED_EDGE('',*,*,#11247,.T.);
#11247 = EDGE_CURVE('',#11225,#10971,#11248,.T.);
#11248 = SURFACE_CURVE('',#11249,(#11254,#11264),.PCURVE_S1.);
#11249 = ELLIPSE('',#11250,1.414213562373,1.);
#11250 = AXIS2_PLACEMENT_3D('',#11251,#11252,#11253);
#11251 = CARTESIAN_POINT('',(79.4,-18.3,-4.));
#11252 = DIRECTION('',(0.,0.707106781187,0.707106781187));
#11253 = DIRECTION('',(0.,0.707106781187,-0.707106781187));
#11254 = PCURVE('',#11034,#11255);
#11255 = DEFINITIONAL_REPRESENTATION('',(#11256),#11263);
#11256 = B_SPLINE_CURVE_WITH_KNOTS('',5,(#11257,#11258,#11259,#11260,
    #11261,#11262),.UNSPECIFIED.,.F.,.F.,(6,6),(4.712388980385,
    5.235988448804),.PIECEWISE_BEZIER_KNOTS.);
#11257 = CARTESIAN_POINT('',(0.,10.7));
#11258 = CARTESIAN_POINT('',(0.104719893684,10.804719893684));
#11259 = CARTESIAN_POINT('',(0.209439787368,10.909439931149));
#11260 = CARTESIAN_POINT('',(0.314159681051,11.011766757118));
#11261 = CARTESIAN_POINT('',(0.418879574735,11.109310548065));
#11262 = CARTESIAN_POINT('',(0.523599468419,11.2000006));
#11263 = ( GEOMETRIC_REPRESENTATION_CONTEXT(2) 
PARAMETRIC_REPRESENTATION_CONTEXT() REPRESENTATION_CONTEXT('2D SPACE',''
  ) );
#11264 = PCURVE('',#11085,#11265);
#11265 = DEFINITIONAL_REPRESENTATION('',(#11266),#11273);
#11266 = B_SPLINE_CURVE_WITH_KNOTS('',5,(#11267,#11268,#11269,#11270,
    #11271,#11272),.UNSPECIFIED.,.F.,.F.,(6,6),(4.712388980385,
    5.235988448804),.PIECEWISE_BEZIER_KNOTS.);
#11267 = CARTESIAN_POINT('',(0.,1.5));
#11268 = CARTESIAN_POINT('',(0.104719893684,1.395280106316));
#11269 = CARTESIAN_POINT('',(0.209439787368,1.290560068851));
#11270 = CARTESIAN_POINT('',(0.314159681051,1.188233242882));
#11271 = CARTESIAN_POINT('',(0.418879574735,1.090689451935));
#11272 = CARTESIAN_POINT('',(0.523599468419,0.9999994));
#11273 = ( GEOMETRIC_REPRESENTATION_CONTEXT(2) 
PARAMETRIC_REPRESENTATION_CONTEXT() REPRESENTATION_CONTEXT('2D SPACE',''
  ) );
#11274 = ADVANCED_FACE('',(#11275),#11117,.F.);
#11275 = FACE_BOUND('',#11276,.F.);
#11276 = EDGE_LOOP('',(#11277,#11302,#11321,#11322));
#11277 = ORIENTED_EDGE('',*,*,#11278,.F.);
#11278 = EDGE_CURVE('',#11279,#11281,#11283,.T.);
#11279 = VERTEX_POINT('',#11280);
#11280 = CARTESIAN_POINT('',(75.8,-17.43397459621,-5.));
#11281 = VERTEX_POINT('',#11282);
#11282 = CARTESIAN_POINT('',(75.8,-4.153311931459,-5.));
#11283 = SURFACE_CURVE('',#11284,(#11288,#11295),.PCURVE_S1.);
#11284 = LINE('',#11285,#11286);
#11285 = CARTESIAN_POINT('',(75.8,-29.,-5.));
#11286 = VECTOR('',#11287,1.);
#11287 = DIRECTION('',(0.,1.,0.));
#11288 = PCURVE('',#11117,#11289);
#11289 = DEFINITIONAL_REPRESENTATION('',(#11290),#11294);
#11290 = LINE('',#11291,#11292);
#11291 = CARTESIAN_POINT('',(1.,0.));
#11292 = VECTOR('',#11293,1.);
#11293 = DIRECTION('',(0.,1.));
#11294 = ( GEOMETRIC_REPRESENTATION_CONTEXT(2) 
PARAMETRIC_REPRESENTATION_CONTEXT() REPRESENTATION_CONTEXT('2D SPACE',''
  ) );
#11295 = PCURVE('',#9848,#11296);
#11296 = DEFINITIONAL_REPRESENTATION('',(#11297),#11301);
#11297 = LINE('',#11298,#11299);
#11298 = CARTESIAN_POINT('',(-1.570796326795,0.));
#11299 = VECTOR('',#11300,1.);
#11300 = DIRECTION('',(-0.,1.));
#11301 = ( GEOMETRIC_REPRESENTATION_CONTEXT(2) 
PARAMETRIC_REPRESENTATION_CONTEXT() REPRESENTATION_CONTEXT('2D SPACE',''
  ) );
#11302 = ORIENTED_EDGE('',*,*,#11303,.T.);
#11303 = EDGE_CURVE('',#11279,#10949,#11304,.T.);
#11304 = SURFACE_CURVE('',#11305,(#11309,#11315),.PCURVE_S1.);
#11305 = LINE('',#11306,#11307);
#11306 = CARTESIAN_POINT('',(14.6,-17.43397459621,-5.));
#11307 = VECTOR('',#11308,1.);
#11308 = DIRECTION('',(1.,0.,0.));
#11309 = PCURVE('',#11117,#11310);
#11310 = DEFINITIONAL_REPRESENTATION('',(#11311),#11314);
#11311 = B_SPLINE_CURVE_WITH_KNOTS('',1,(#11312,#11313),.UNSPECIFIED.,
  .F.,.F.,(2,2),(60.84,64.8000006),.PIECEWISE_BEZIER_KNOTS.);
#11312 = CARTESIAN_POINT('',(0.64,11.566025403784));
#11313 = CARTESIAN_POINT('',(4.6000006,11.566025403784));
#11314 = ( GEOMETRIC_REPRESENTATION_CONTEXT(2) 
PARAMETRIC_REPRESENTATION_CONTEXT() REPRESENTATION_CONTEXT('2D SPACE',''
  ) );
#11315 = PCURVE('',#4452,#11316);
#11316 = DEFINITIONAL_REPRESENTATION('',(#11317),#11320);
#11317 = B_SPLINE_CURVE_WITH_KNOTS('',1,(#11318,#11319),.UNSPECIFIED.,
  .F.,.F.,(2,2),(60.84,64.8000006),.PIECEWISE_BEZIER_KNOTS.);
#11318 = CARTESIAN_POINT('',(-0.523598775598,60.84));
#11319 = CARTESIAN_POINT('',(-0.523598775598,64.8000006));
#11320 = ( GEOMETRIC_REPRESENTATION_CONTEXT(2) 
PARAMETRIC_REPRESENTATION_CONTEXT() REPRESENTATION_CONTEXT('2D SPACE',''
  ) );
#11321 = ORIENTED_EDGE('',*,*,#11101,.T.);
#11322 = ORIENTED_EDGE('',*,*,#11323,.F.);
#11323 = EDGE_CURVE('',#11281,#11102,#11324,.T.);
#11324 = SURFACE_CURVE('',#11325,(#11329,#11335),.PCURVE_S1.);
#11325 = LINE('',#11326,#11327);
#11326 = CARTESIAN_POINT('',(74.8,-4.153311931459,-5.));
#11327 = VECTOR('',#11328,1.);
#11328 = DIRECTION('',(1.,0.,0.));
#11329 = PCURVE('',#11117,#11330);
#11330 = DEFINITIONAL_REPRESENTATION('',(#11331),#11334);
#11331 = B_SPLINE_CURVE_WITH_KNOTS('',1,(#11332,#11333),.UNSPECIFIED.,
  .F.,.F.,(2,2),(0.64,4.96),.PIECEWISE_BEZIER_KNOTS.);
#11332 = CARTESIAN_POINT('',(0.64,24.846688068541));
#11333 = CARTESIAN_POINT('',(4.96,24.846688068541));
#11334 = ( GEOMETRIC_REPRESENTATION_CONTEXT(2) 
PARAMETRIC_REPRESENTATION_CONTEXT() REPRESENTATION_CONTEXT('2D SPACE',''
  ) );
#11335 = PCURVE('',#3293,#11336);
#11336 = DEFINITIONAL_REPRESENTATION('',(#11337),#11340);
#11337 = B_SPLINE_CURVE_WITH_KNOTS('',1,(#11338,#11339),.UNSPECIFIED.,
  .F.,.F.,(2,2),(0.64,4.96),.PIECEWISE_BEZIER_KNOTS.);
#11338 = CARTESIAN_POINT('',(2.448432746013,0.64));
#11339 = CARTESIAN_POINT('',(2.448432746013,4.96));
#11340 = ( GEOMETRIC_REPRESENTATION_CONTEXT(2) 
PARAMETRIC_REPRESENTATION_CONTEXT() REPRESENTATION_CONTEXT('2D SPACE',''
  ) );
#11341 = ADVANCED_FACE('',(#11342),#11085,.T.);
#11342 = FACE_BOUND('',#11343,.T.);
#11343 = EDGE_LOOP('',(#11344,#11365,#11366));
#11344 = ORIENTED_EDGE('',*,*,#11345,.F.);
#11345 = EDGE_CURVE('',#10897,#11225,#11346,.T.);
#11346 = SURFACE_CURVE('',#11347,(#11351,#11358),.PCURVE_S1.);
#11347 = LINE('',#11348,#11349);
#11348 = CARTESIAN_POINT('',(80.4,-18.3,-5.5));
#11349 = VECTOR('',#11350,1.);
#11350 = DIRECTION('',(0.,0.,1.));
#11351 = PCURVE('',#11085,#11352);
#11352 = DEFINITIONAL_REPRESENTATION('',(#11353),#11357);
#11353 = LINE('',#11354,#11355);
#11354 = CARTESIAN_POINT('',(0.,0.));
#11355 = VECTOR('',#11356,1.);
#11356 = DIRECTION('',(0.,1.));
#11357 = ( GEOMETRIC_REPRESENTATION_CONTEXT(2) 
PARAMETRIC_REPRESENTATION_CONTEXT() REPRESENTATION_CONTEXT('2D SPACE',''
  ) );
#11358 = PCURVE('',#1107,#11359);
#11359 = DEFINITIONAL_REPRESENTATION('',(#11360),#11364);
#11360 = LINE('',#11361,#11362);
#11361 = CARTESIAN_POINT('',(-5.5,18.3));
#11362 = VECTOR('',#11363,1.);
#11363 = DIRECTION('',(1.,0.));
#11364 = ( GEOMETRIC_REPRESENTATION_CONTEXT(2) 
PARAMETRIC_REPRESENTATION_CONTEXT() REPRESENTATION_CONTEXT('2D SPACE',''
  ) );
#11365 = ORIENTED_EDGE('',*,*,#11070,.T.);
#11366 = ORIENTED_EDGE('',*,*,#11247,.F.);
#11367 = ADVANCED_FACE('',(#11368),#10808,.T.);
#11368 = FACE_BOUND('',#11369,.F.);
#11369 = EDGE_LOOP('',(#11370,#11392,#11393,#11420));
#11370 = ORIENTED_EDGE('',*,*,#11371,.F.);
#11371 = EDGE_CURVE('',#10507,#11372,#11374,.T.);
#11372 = VERTEX_POINT('',#11373);
#11373 = CARTESIAN_POINT('',(14.6,-22.3,-4.5));
#11374 = SURFACE_CURVE('',#11375,(#11380,#11386),.PCURVE_S1.);
#11375 = CIRCLE('',#11376,1.);
#11376 = AXIS2_PLACEMENT_3D('',#11377,#11378,#11379);
#11377 = CARTESIAN_POINT('',(15.6,-22.3,-4.5));
#11378 = DIRECTION('',(0.,1.,-0.));
#11379 = DIRECTION('',(-1.,0.,0.));
#11380 = PCURVE('',#10808,#11381);
#11381 = DEFINITIONAL_REPRESENTATION('',(#11382),#11385);
#11382 = B_SPLINE_CURVE_WITH_KNOTS('',1,(#11383,#11384),.UNSPECIFIED.,
  .F.,.F.,(2,2),(4.712388980385,6.28318530718),
  .PIECEWISE_BEZIER_KNOTS.);
#11383 = CARTESIAN_POINT('',(-1.570796326795,1.));
#11384 = CARTESIAN_POINT('',(0.,1.));
#11385 = ( GEOMETRIC_REPRESENTATION_CONTEXT(2) 
PARAMETRIC_REPRESENTATION_CONTEXT() REPRESENTATION_CONTEXT('2D SPACE',''
  ) );
#11386 = PCURVE('',#10524,#11387);
#11387 = DEFINITIONAL_REPRESENTATION('',(#11388),#11391);
#11388 = B_SPLINE_CURVE_WITH_KNOTS('',1,(#11389,#11390),.UNSPECIFIED.,
  .F.,.F.,(2,2),(4.712388980385,6.28318530718),
  .PIECEWISE_BEZIER_KNOTS.);
#11389 = CARTESIAN_POINT('',(0.,-1.570796326795));
#11390 = CARTESIAN_POINT('',(0.,0.));
#11391 = ( GEOMETRIC_REPRESENTATION_CONTEXT(2) 
PARAMETRIC_REPRESENTATION_CONTEXT() REPRESENTATION_CONTEXT('2D SPACE',''
  ) );
#11392 = ORIENTED_EDGE('',*,*,#10792,.T.);
#11393 = ORIENTED_EDGE('',*,*,#11394,.T.);
#11394 = EDGE_CURVE('',#10793,#11395,#11397,.T.);
#11395 = VERTEX_POINT('',#11396);
#11396 = CARTESIAN_POINT('',(14.6,-18.3,-4.5));
#11397 = SURFACE_CURVE('',#11398,(#11403,#11409),.PCURVE_S1.);
#11398 = CIRCLE('',#11399,1.);
#11399 = AXIS2_PLACEMENT_3D('',#11400,#11401,#11402);
#11400 = CARTESIAN_POINT('',(15.6,-18.3,-4.5));
#11401 = DIRECTION('',(0.,1.,-0.));
#11402 = DIRECTION('',(-1.,0.,0.));
#11403 = PCURVE('',#10808,#11404);
#11404 = DEFINITIONAL_REPRESENTATION('',(#11405),#11408);
#11405 = B_SPLINE_CURVE_WITH_KNOTS('',1,(#11406,#11407),.UNSPECIFIED.,
  .F.,.F.,(2,2),(4.712388980385,6.28318530718),
  .PIECEWISE_BEZIER_KNOTS.);
#11406 = CARTESIAN_POINT('',(-1.570796326795,5.));
#11407 = CARTESIAN_POINT('',(0.,5.));
#11408 = ( GEOMETRIC_REPRESENTATION_CONTEXT(2) 
PARAMETRIC_REPRESENTATION_CONTEXT() REPRESENTATION_CONTEXT('2D SPACE',''
  ) );
#11409 = PCURVE('',#11410,#11415);
#11410 = SPHERICAL_SURFACE('',#11411,1.);
#11411 = AXIS2_PLACEMENT_3D('',#11412,#11413,#11414);
#11412 = CARTESIAN_POINT('',(15.6,-18.3,-4.5));
#11413 = DIRECTION('',(0.,0.,1.));
#11414 = DIRECTION('',(-1.,0.,0.));
#11415 = DEFINITIONAL_REPRESENTATION('',(#11416),#11419);
#11416 = B_SPLINE_CURVE_WITH_KNOTS('',1,(#11417,#11418),.UNSPECIFIED.,
  .F.,.F.,(2,2),(4.712388980385,6.28318530718),
  .PIECEWISE_BEZIER_KNOTS.);
#11417 = CARTESIAN_POINT('',(0.,-1.570796326795));
#11418 = CARTESIAN_POINT('',(0.,0.));
#11419 = ( GEOMETRIC_REPRESENTATION_CONTEXT(2) 
PARAMETRIC_REPRESENTATION_CONTEXT() REPRESENTATION_CONTEXT('2D SPACE',''
  ) );
#11420 = ORIENTED_EDGE('',*,*,#11421,.F.);
#11421 = EDGE_CURVE('',#11372,#11395,#11422,.T.);
#11422 = SURFACE_CURVE('',#11423,(#11427,#11434),.PCURVE_S1.);
#11423 = LINE('',#11424,#11425);
#11424 = CARTESIAN_POINT('',(14.6,-23.3,-4.5));
#11425 = VECTOR('',#11426,1.);
#11426 = DIRECTION('',(0.,1.,0.));
#11427 = PCURVE('',#10808,#11428);
#11428 = DEFINITIONAL_REPRESENTATION('',(#11429),#11433);
#11429 = LINE('',#11430,#11431);
#11430 = CARTESIAN_POINT('',(-0.,0.));
#11431 = VECTOR('',#11432,1.);
#11432 = DIRECTION('',(-0.,1.));
#11433 = ( GEOMETRIC_REPRESENTATION_CONTEXT(2) 
PARAMETRIC_REPRESENTATION_CONTEXT() REPRESENTATION_CONTEXT('2D SPACE',''
  ) );
#11434 = PCURVE('',#414,#11435);
#11435 = DEFINITIONAL_REPRESENTATION('',(#11436),#11440);
#11436 = LINE('',#11437,#11438);
#11437 = CARTESIAN_POINT('',(0.5,-5.7));
#11438 = VECTOR('',#11439,1.);
#11439 = DIRECTION('',(0.,-1.));
#11440 = ( GEOMETRIC_REPRESENTATION_CONTEXT(2) 
PARAMETRIC_REPRESENTATION_CONTEXT() REPRESENTATION_CONTEXT('2D SPACE',''
  ) );
#11441 = ADVANCED_FACE('',(#11442),#11410,.T.);
#11442 = FACE_BOUND('',#11443,.F.);
#11443 = EDGE_LOOP('',(#11444,#11445,#11467,#11562));
#11444 = ORIENTED_EDGE('',*,*,#11394,.F.);
#11445 = ORIENTED_EDGE('',*,*,#11446,.T.);
#11446 = EDGE_CURVE('',#10793,#11447,#11449,.T.);
#11447 = VERTEX_POINT('',#11448);
#11448 = CARTESIAN_POINT('',(15.6,-17.43397459621,-5.));
#11449 = SURFACE_CURVE('',#11450,(#11455,#11461),.PCURVE_S1.);
#11450 = CIRCLE('',#11451,1.);
#11451 = AXIS2_PLACEMENT_3D('',#11452,#11453,#11454);
#11452 = CARTESIAN_POINT('',(15.6,-18.3,-4.5));
#11453 = DIRECTION('',(1.,6.123233995737E-17,-0.));
#11454 = DIRECTION('',(-6.123233995737E-17,1.,0.));
#11455 = PCURVE('',#11410,#11456);
#11456 = DEFINITIONAL_REPRESENTATION('',(#11457),#11460);
#11457 = B_SPLINE_CURVE_WITH_KNOTS('',1,(#11458,#11459),.UNSPECIFIED.,
  .F.,.F.,(2,2),(4.712388980385,6.28318530718),
  .PIECEWISE_BEZIER_KNOTS.);
#11458 = CARTESIAN_POINT('',(-1.570796326795,-1.570796326795));
#11459 = CARTESIAN_POINT('',(-1.570796326795,0.));
#11460 = ( GEOMETRIC_REPRESENTATION_CONTEXT(2) 
PARAMETRIC_REPRESENTATION_CONTEXT() REPRESENTATION_CONTEXT('2D SPACE',''
  ) );
#11461 = PCURVE('',#4452,#11462);
#11462 = DEFINITIONAL_REPRESENTATION('',(#11463),#11466);
#11463 = B_SPLINE_CURVE_WITH_KNOTS('',1,(#11464,#11465),.UNSPECIFIED.,
  .F.,.F.,(2,2),(4.712388980385,6.28318530718),
  .PIECEWISE_BEZIER_KNOTS.);
#11464 = CARTESIAN_POINT('',(-1.570796326795,1.));
#11465 = CARTESIAN_POINT('',(0.,1.));
#11466 = ( GEOMETRIC_REPRESENTATION_CONTEXT(2) 
PARAMETRIC_REPRESENTATION_CONTEXT() REPRESENTATION_CONTEXT('2D SPACE',''
  ) );
#11467 = ORIENTED_EDGE('',*,*,#11468,.T.);
#11468 = EDGE_CURVE('',#11447,#11469,#11471,.T.);
#11469 = VERTEX_POINT('',#11470);
#11470 = CARTESIAN_POINT('',(14.733974596216,-17.8,-4.5));
#11471 = SURFACE_CURVE('',#11472,(#11500,#11531),.PCURVE_S1.);
#11472 = B_SPLINE_CURVE_WITH_KNOTS('',6,(#11473,#11474,#11475,#11476,
    #11477,#11478,#11479,#11480,#11481,#11482,#11483,#11484,#11485,
    #11486,#11487,#11488,#11489,#11490,#11491,#11492,#11493,#11494,
    #11495,#11496,#11497,#11498,#11499),.UNSPECIFIED.,.F.,.F.,(7,5,5,5,5
    ,7),(0.,0.153296368044,0.351334745855,0.551762276251,0.82904798998,
    1.),.UNSPECIFIED.);
#11473 = CARTESIAN_POINT('',(15.6,-17.43397459621,-5.));
#11474 = CARTESIAN_POINT('',(15.571966674257,-17.43397459621,-5.));
#11475 = CARTESIAN_POINT('',(15.543933286299,-17.434519074,
    -4.99905693197));
#11476 = CARTESIAN_POINT('',(15.515936916293,-17.43560797268,
    -4.997170918226));
#11477 = CARTESIAN_POINT('',(15.488014659183,-17.43724303112,
    -4.994343344581));
#11478 = CARTESIAN_POINT('',(15.460205238128,-17.43942737767,
    -4.990577743048));
#11479 = CARTESIAN_POINT('',(15.396824552226,-17.44570192552,
    -4.979812691088));
#11480 = CARTESIAN_POINT('',(15.361355724096,-17.45016242955,
    -4.97218997484));
#11481 = CARTESIAN_POINT('',(15.326235788981,-17.45555517721,
    -4.963027213312));
#11482 = CARTESIAN_POINT('',(15.291562696417,-17.46189140591,
    -4.952347899843));
#11483 = CARTESIAN_POINT('',(15.257440336185,-17.46918233305,
    -4.94018986543));
#11484 = CARTESIAN_POINT('',(15.190112342334,-17.48579012484,
    -4.912867936744));
#11485 = CARTESIAN_POINT('',(15.156920802397,-17.49513078096,
    -4.897668861658));
#11486 = CARTESIAN_POINT('',(15.124516401626,-17.50546741066,
    -4.881072930805));
#11487 = CARTESIAN_POINT('',(15.093009143955,-17.51680746721,
    -4.863157995471));
#11488 = CARTESIAN_POINT('',(15.062501641915,-17.5291568623,
    -4.844020570179));
#11489 = CARTESIAN_POINT('',(14.992386870628,-17.56100745345,
    -4.795768196949));
#11490 = CARTESIAN_POINT('',(14.953776690633,-17.58143502848,
    -4.765641601686));
#11491 = CARTESIAN_POINT('',(14.917486218994,-17.60381775071,
    -4.733695691137));
#11492 = CARTESIAN_POINT('',(14.883699849751,-17.62817221498,
    -4.700290791017));
#11493 = CARTESIAN_POINT('',(14.852534496607,-17.65452208896,
    -4.665834947573));
#11494 = CARTESIAN_POINT('',(14.806470121199,-17.70043767198,
    -4.60916832892));
#11495 = CARTESIAN_POINT('',(14.789917717298,-17.71872863461,
    -4.587330487129));
#11496 = CARTESIAN_POINT('',(14.774392109183,-17.73781305909,
    -4.565372441049));
#11497 = CARTESIAN_POINT('',(14.759897471094,-17.75770631774,
    -4.543410540718));
#11498 = CARTESIAN_POINT('',(14.746429663869,-17.77842719001,
    -4.521572809988));
#11499 = CARTESIAN_POINT('',(14.733974596216,-17.8,-4.5));
#11500 = PCURVE('',#11410,#11501);
#11501 = DEFINITIONAL_REPRESENTATION('',(#11502),#11530);
#11502 = B_SPLINE_CURVE_WITH_KNOTS('',6,(#11503,#11504,#11505,#11506,
    #11507,#11508,#11509,#11510,#11511,#11512,#11513,#11514,#11515,
    #11516,#11517,#11518,#11519,#11520,#11521,#11522,#11523,#11524,
    #11525,#11526,#11527,#11528,#11529),.UNSPECIFIED.,.F.,.F.,(7,5,5,5,5
    ,7),(0.,0.153296368044,0.351334745855,0.551762276251,0.82904798998,
    1.),.UNSPECIFIED.);
#11503 = CARTESIAN_POINT('',(-1.570796326795,-0.523598775598));
#11504 = CARTESIAN_POINT('',(-1.538426230466,-0.523598775598));
#11505 = CARTESIAN_POINT('',(-1.506056038814,-0.522509839377));
#11506 = CARTESIAN_POINT('',(-1.47375920084,-0.520331987941));
#11507 = CARTESIAN_POINT('',(-1.441608902457,-0.51707219384));
#11508 = CARTESIAN_POINT('',(-1.409674902208,-0.512744559174));
#11509 = CARTESIAN_POINT('',(-1.33712694671,-0.500427920563));
#11510 = CARTESIAN_POINT('',(-1.296698412909,-0.491738724102));
#11511 = CARTESIAN_POINT('',(-1.256874043293,-0.481349222659));
#11512 = CARTESIAN_POINT('',(-1.217768780923,-0.469326298132));
#11513 = CARTESIAN_POINT('',(-1.179468551428,-0.455756000347));
#11514 = CARTESIAN_POINT('',(-1.104130893684,-0.42554717434));
#11515 = CARTESIAN_POINT('',(-1.067112294646,-0.408872723782));
#11516 = CARTESIAN_POINT('',(-1.031025288882,-0.39082626127));
#11517 = CARTESIAN_POINT('',(-0.995882613839,-0.371529798348));
#11518 = CARTESIAN_POINT('',(-0.961660559505,-0.351114909482));
#11519 = CARTESIAN_POINT('',(-0.882159233902,-0.300115384015));
#11520 = CARTESIAN_POINT('',(-0.83767281334,-0.268633412391));
#11521 = CARTESIAN_POINT('',(-0.794695938016,-0.235627583197));
#11522 = CARTESIAN_POINT('',(-0.752964019381,-0.201466596307));
#11523 = CARTESIAN_POINT('',(-0.712144462855,-0.166514325403));
#11524 = CARTESIAN_POINT('',(-0.646976004877,-0.109356802659));
#11525 = CARTESIAN_POINT('',(-0.62231568198,-8.740498288572E-02));
#11526 = CARTESIAN_POINT('',(-0.597753449262,-6.539054232289E-02));
#11527 = CARTESIAN_POINT('',(-0.57318760477,-4.341052294574E-02));
#11528 = CARTESIAN_POINT('',(-0.548508910905,-2.157280998757E-02));
#11529 = CARTESIAN_POINT('',(-0.523598775598,0.));
#11530 = ( GEOMETRIC_REPRESENTATION_CONTEXT(2) 
PARAMETRIC_REPRESENTATION_CONTEXT() REPRESENTATION_CONTEXT('2D SPACE',''
  ) );
#11531 = PCURVE('',#4212,#11532);
#11532 = DEFINITIONAL_REPRESENTATION('',(#11533),#11561);
#11533 = B_SPLINE_CURVE_WITH_KNOTS('',6,(#11534,#11535,#11536,#11537,
    #11538,#11539,#11540,#11541,#11542,#11543,#11544,#11545,#11546,
    #11547,#11548,#11549,#11550,#11551,#11552,#11553,#11554,#11555,
    #11556,#11557,#11558,#11559,#11560),.UNSPECIFIED.,.F.,.F.,(7,5,5,5,5
    ,7),(0.,0.153296368044,0.351334745855,0.551762276251,0.82904798998,
    1.),.UNSPECIFIED.);
#11534 = CARTESIAN_POINT('',(-1.570796326795,11.566025403784));
#11535 = CARTESIAN_POINT('',(-1.542763001051,11.566025403784));
#11536 = CARTESIAN_POINT('',(-1.514729606113,11.565480925999));
#11537 = CARTESIAN_POINT('',(-1.486693598738,11.564392027316));
#11538 = CARTESIAN_POINT('',(-1.458652366879,11.56275696888));
#11539 = CARTESIAN_POINT('',(-1.430605052757,11.56057262233));
#11540 = CARTESIAN_POINT('',(-1.366316658087,11.554298074476));
#11541 = CARTESIAN_POINT('',(-1.330072150069,11.549837570443));
#11542 = CARTESIAN_POINT('',(-1.293828283991,11.544444822785));
#11543 = CARTESIAN_POINT('',(-1.257599249583,11.53810859409));
#11544 = CARTESIAN_POINT('',(-1.221409465994,11.530817666945));
#11545 = CARTESIAN_POINT('',(-1.14874897781,11.514209875154));
#11546 = CARTESIAN_POINT('',(-1.112278134029,11.504869219036));
#11547 = CARTESIAN_POINT('',(-1.075923618016,11.494532589332));
#11548 = CARTESIAN_POINT('',(-1.039730408839,11.483192532783));
#11549 = CARTESIAN_POINT('',(-1.00374978344,11.470843137692));
#11550 = CARTESIAN_POINT('',(-0.918635902815,11.438992546548));
#11551 = CARTESIAN_POINT('',(-0.86975052704,11.418564971514));
#11552 = CARTESIAN_POINT('',(-0.821527655257,11.396182249288));
#11553 = CARTESIAN_POINT('',(-0.774129054364,11.371827785011));
#11554 = CARTESIAN_POINT('',(-0.727734146823,11.345477911036));
#11555 = CARTESIAN_POINT('',(-0.654706533201,11.299562328011));
#11556 = CARTESIAN_POINT('',(-0.62732027381,11.281271365389));
#11557 = CARTESIAN_POINT('',(-0.600449555645,11.262186940901));
#11558 = CARTESIAN_POINT('',(-0.574154838942,11.242293682257));
#11559 = CARTESIAN_POINT('',(-0.548508910905,11.221572809988));
#11560 = CARTESIAN_POINT('',(-0.523598775598,11.2));
#11561 = ( GEOMETRIC_REPRESENTATION_CONTEXT(2) 
PARAMETRIC_REPRESENTATION_CONTEXT() REPRESENTATION_CONTEXT('2D SPACE',''
  ) );
#11562 = ORIENTED_EDGE('',*,*,#11563,.F.);
#11563 = EDGE_CURVE('',#11395,#11469,#11564,.T.);
#11564 = SURFACE_CURVE('',#11565,(#11570,#11577),.PCURVE_S1.);
#11565 = CIRCLE('',#11566,1.);
#11566 = AXIS2_PLACEMENT_3D('',#11567,#11568,#11569);
#11567 = CARTESIAN_POINT('',(15.6,-18.3,-4.5));
#11568 = DIRECTION('',(-0.,0.,-1.));
#11569 = DIRECTION('',(-1.,0.,0.));
#11570 = PCURVE('',#11410,#11571);
#11571 = DEFINITIONAL_REPRESENTATION('',(#11572),#11576);
#11572 = LINE('',#11573,#11574);
#11573 = CARTESIAN_POINT('',(-0.,0.));
#11574 = VECTOR('',#11575,1.);
#11575 = DIRECTION('',(-1.,0.));
#11576 = ( GEOMETRIC_REPRESENTATION_CONTEXT(2) 
PARAMETRIC_REPRESENTATION_CONTEXT() REPRESENTATION_CONTEXT('2D SPACE',''
  ) );
#11577 = PCURVE('',#11578,#11583);
#11578 = CYLINDRICAL_SURFACE('',#11579,1.);
#11579 = AXIS2_PLACEMENT_3D('',#11580,#11581,#11582);
#11580 = CARTESIAN_POINT('',(15.6,-18.3,-5.5));
#11581 = DIRECTION('',(0.,0.,1.));
#11582 = DIRECTION('',(-1.,-0.,0.));
#11583 = DEFINITIONAL_REPRESENTATION('',(#11584),#11588);
#11584 = LINE('',#11585,#11586);
#11585 = CARTESIAN_POINT('',(-0.,1.));
#11586 = VECTOR('',#11587,1.);
#11587 = DIRECTION('',(-1.,0.));
#11588 = ( GEOMETRIC_REPRESENTATION_CONTEXT(2) 
PARAMETRIC_REPRESENTATION_CONTEXT() REPRESENTATION_CONTEXT('2D SPACE',''
  ) );
#11589 = ADVANCED_FACE('',(#11590),#11578,.T.);
#11590 = FACE_BOUND('',#11591,.F.);
#11591 = EDGE_LOOP('',(#11592,#11615,#11616));
#11592 = ORIENTED_EDGE('',*,*,#11593,.F.);
#11593 = EDGE_CURVE('',#11395,#11594,#11596,.T.);
#11594 = VERTEX_POINT('',#11595);
#11595 = CARTESIAN_POINT('',(14.6,-18.3,-4.));
#11596 = SURFACE_CURVE('',#11597,(#11601,#11608),.PCURVE_S1.);
#11597 = LINE('',#11598,#11599);
#11598 = CARTESIAN_POINT('',(14.6,-18.3,-5.5));
#11599 = VECTOR('',#11600,1.);
#11600 = DIRECTION('',(0.,0.,1.));
#11601 = PCURVE('',#11578,#11602);
#11602 = DEFINITIONAL_REPRESENTATION('',(#11603),#11607);
#11603 = LINE('',#11604,#11605);
#11604 = CARTESIAN_POINT('',(-0.,0.));
#11605 = VECTOR('',#11606,1.);
#11606 = DIRECTION('',(-0.,1.));
#11607 = ( GEOMETRIC_REPRESENTATION_CONTEXT(2) 
PARAMETRIC_REPRESENTATION_CONTEXT() REPRESENTATION_CONTEXT('2D SPACE',''
  ) );
#11608 = PCURVE('',#414,#11609);
#11609 = DEFINITIONAL_REPRESENTATION('',(#11610),#11614);
#11610 = LINE('',#11611,#11612);
#11611 = CARTESIAN_POINT('',(-0.5,-10.7));
#11612 = VECTOR('',#11613,1.);
#11613 = DIRECTION('',(1.,0.));
#11614 = ( GEOMETRIC_REPRESENTATION_CONTEXT(2) 
PARAMETRIC_REPRESENTATION_CONTEXT() REPRESENTATION_CONTEXT('2D SPACE',''
  ) );
#11615 = ORIENTED_EDGE('',*,*,#11563,.T.);
#11616 = ORIENTED_EDGE('',*,*,#11617,.T.);
#11617 = EDGE_CURVE('',#11469,#11594,#11618,.T.);
#11618 = SURFACE_CURVE('',#11619,(#11624,#11634),.PCURVE_S1.);
#11619 = ELLIPSE('',#11620,1.414213562373,1.);
#11620 = AXIS2_PLACEMENT_3D('',#11621,#11622,#11623);
#11621 = CARTESIAN_POINT('',(15.6,-18.3,-4.));
#11622 = DIRECTION('',(0.,0.707106781187,0.707106781187));
#11623 = DIRECTION('',(0.,0.707106781187,-0.707106781187));
#11624 = PCURVE('',#11578,#11625);
#11625 = DEFINITIONAL_REPRESENTATION('',(#11626),#11633);
#11626 = B_SPLINE_CURVE_WITH_KNOTS('',5,(#11627,#11628,#11629,#11630,
    #11631,#11632),.UNSPECIFIED.,.F.,.F.,(6,6),(1.047196858376,
    1.570796326795),.PIECEWISE_BEZIER_KNOTS.);
#11627 = CARTESIAN_POINT('',(-0.523599468419,0.9999994));
#11628 = CARTESIAN_POINT('',(-0.418879574735,1.090689451936));
#11629 = CARTESIAN_POINT('',(-0.314159681051,1.188233242883));
#11630 = CARTESIAN_POINT('',(-0.209439787367,1.290560068851));
#11631 = CARTESIAN_POINT('',(-0.104719893684,1.395280106316));
#11632 = CARTESIAN_POINT('',(0.,1.5));
#11633 = ( GEOMETRIC_REPRESENTATION_CONTEXT(2) 
PARAMETRIC_REPRESENTATION_CONTEXT() REPRESENTATION_CONTEXT('2D SPACE',''
  ) );
#11634 = PCURVE('',#4212,#11635);
#11635 = DEFINITIONAL_REPRESENTATION('',(#11636),#11643);
#11636 = B_SPLINE_CURVE_WITH_KNOTS('',5,(#11637,#11638,#11639,#11640,
    #11641,#11642),.UNSPECIFIED.,.F.,.F.,(6,6),(1.047196858376,
    1.570796326795),.PIECEWISE_BEZIER_KNOTS.);
#11637 = CARTESIAN_POINT('',(-0.523599468419,11.2000006));
#11638 = CARTESIAN_POINT('',(-0.418879574735,11.109310548064));
#11639 = CARTESIAN_POINT('',(-0.314159681051,11.011766757117));
#11640 = CARTESIAN_POINT('',(-0.209439787367,10.909439931149));
#11641 = CARTESIAN_POINT('',(-0.104719893684,10.804719893684));
#11642 = CARTESIAN_POINT('',(0.,10.7));
#11643 = ( GEOMETRIC_REPRESENTATION_CONTEXT(2) 
PARAMETRIC_REPRESENTATION_CONTEXT() REPRESENTATION_CONTEXT('2D SPACE',''
  ) );
#11644 = ADVANCED_FACE('',(#11645),#10579,.T.);
#11645 = FACE_BOUND('',#11646,.F.);
#11646 = EDGE_LOOP('',(#11647,#11648,#11649,#11734));
#11647 = ORIENTED_EDGE('',*,*,#10873,.F.);
#11648 = ORIENTED_EDGE('',*,*,#10563,.T.);
#11649 = ORIENTED_EDGE('',*,*,#11650,.F.);
#11650 = EDGE_CURVE('',#11651,#10564,#11653,.T.);
#11651 = VERTEX_POINT('',#11652);
#11652 = CARTESIAN_POINT('',(80.266025403784,-22.8,-4.5));
#11653 = SURFACE_CURVE('',#11654,(#11677,#11703),.PCURVE_S1.);
#11654 = B_SPLINE_CURVE_WITH_KNOTS('',6,(#11655,#11656,#11657,#11658,
    #11659,#11660,#11661,#11662,#11663,#11664,#11665,#11666,#11667,
    #11668,#11669,#11670,#11671,#11672,#11673,#11674,#11675,#11676),
  .UNSPECIFIED.,.F.,.F.,(7,5,5,5,7),(0.,0.170325980559,0.44865047649,
    0.847342088452,1.),.UNSPECIFIED.);
#11655 = CARTESIAN_POINT('',(80.266025403784,-22.79999999999,-4.5));
#11656 = CARTESIAN_POINT('',(80.253616490745,-22.82149286785,
    -4.521492867851));
#11657 = CARTESIAN_POINT('',(80.240202324722,-22.84214010809,
    -4.543248705407));
#11658 = CARTESIAN_POINT('',(80.22576897817,-22.86196576333,
    -4.565128306346));
#11659 = CARTESIAN_POINT('',(80.210312324218,-22.88098842233,
    -4.587005015922));
#11660 = CARTESIAN_POINT('',(80.193836425246,-22.89922331872,
    -4.608763695301));
#11661 = CARTESIAN_POINT('',(80.147781026499,-22.94521709932,
    -4.665490992032));
#11662 = CARTESIAN_POINT('',(80.116520541879,-22.97167990652,
    -4.700083180123));
#11663 = CARTESIAN_POINT('',(80.082618857083,-22.99613242231,
    -4.733618798163));
#11664 = CARTESIAN_POINT('',(80.046193988966,-23.01859855298,
    -4.765685088176));
#11665 = CARTESIAN_POINT('',(80.007432471878,-23.03909506794,
    -4.79591770929));
#11666 = CARTESIAN_POINT('',(79.908033970655,-23.08419822427,
    -4.86426136626));
#11667 = CARTESIAN_POINT('',(79.845162957795,-23.10675997936,
    -4.90014201258));
#11668 = CARTESIAN_POINT('',(79.778706018277,-23.12532827048,
    -4.930707309457));
#11669 = CARTESIAN_POINT('',(79.70959802777,-23.13997934031,
    -4.95536438821));
#11670 = CARTESIAN_POINT('',(79.63867324108,-23.15081505329,
    -4.97383599692));
#11671 = CARTESIAN_POINT('',(79.539205476393,-23.16061880896,
    -4.990657366008));
#11672 = CARTESIAN_POINT('',(79.511512006748,-23.16278462657,
    -4.99439117438));
#11673 = CARTESIAN_POINT('',(79.483707144484,-23.16440584178,
    -4.997194845374));
#11674 = CARTESIAN_POINT('',(79.455829108847,-23.16548553129,
    -4.999064908685));
#11675 = CARTESIAN_POINT('',(79.427914523843,-23.16602540378,-5.));
#11676 = CARTESIAN_POINT('',(79.4,-23.16602540378,-5.));
#11677 = PCURVE('',#10579,#11678);
#11678 = DEFINITIONAL_REPRESENTATION('',(#11679),#11702);
#11679 = B_SPLINE_CURVE_WITH_KNOTS('',6,(#11680,#11681,#11682,#11683,
    #11684,#11685,#11686,#11687,#11688,#11689,#11690,#11691,#11692,
    #11693,#11694,#11695,#11696,#11697,#11698,#11699,#11700,#11701),
  .UNSPECIFIED.,.F.,.F.,(7,5,5,5,7),(0.,0.170325980559,0.44865047649,
    0.847342088452,1.),.UNSPECIFIED.);
#11680 = CARTESIAN_POINT('',(-0.523598775597,-1.7763568394E-15));
#11681 = CARTESIAN_POINT('',(-0.548416601676,-2.149286785124E-02));
#11682 = CARTESIAN_POINT('',(-0.573004707862,-4.324868802599E-02));
#11683 = CARTESIAN_POINT('',(-0.597480358387,-6.514620680872E-02));
#11684 = CARTESIAN_POINT('',(-0.621951611043,-8.707867859735E-02));
#11685 = CARTESIAN_POINT('',(-0.64651910477,-0.108950065426));
#11686 = CARTESIAN_POINT('',(-0.711735354044,-0.166165140401));
#11687 = CARTESIAN_POINT('',(-0.75269838638,-0.201253485647));
#11688 = CARTESIAN_POINT('',(-0.794578835894,-0.235546638562));
#11689 = CARTESIAN_POINT('',(-0.837713197613,-0.268676712921));
#11690 = CARTESIAN_POINT('',(-0.882369077988,-0.30027086054));
#11691 = CARTESIAN_POINT('',(-0.995062250404,-0.372511751062));
#11692 = CARTESIAN_POINT('',(-1.064887233485,-0.411181454672));
#11693 = CARTESIAN_POINT('',(-1.138538180721,-0.4448659684));
#11694 = CARTESIAN_POINT('',(-1.215989236031,-0.472583437419));
#11695 = CARTESIAN_POINT('',(-1.296489213001,-0.493588744463));
#11696 = CARTESIAN_POINT('',(-1.410351604253,-0.512836067549));
#11697 = CARTESIAN_POINT('',(-1.442153915626,-0.517127335769));
#11698 = CARTESIAN_POINT('',(-1.474169816551,-0.520359617761));
#11699 = CARTESIAN_POINT('',(-1.506330401951,-0.522519049477));
#11700 = CARTESIAN_POINT('',(-1.538563411085,-0.523598775598));
#11701 = CARTESIAN_POINT('',(-1.570796326795,-0.523598775598));
#11702 = ( GEOMETRIC_REPRESENTATION_CONTEXT(2) 
PARAMETRIC_REPRESENTATION_CONTEXT() REPRESENTATION_CONTEXT('2D SPACE',''
  ) );
#11703 = PCURVE('',#11704,#11709);
#11704 = CYLINDRICAL_SURFACE('',#11705,1.);
#11705 = AXIS2_PLACEMENT_3D('',#11706,#11707,#11708);
#11706 = CARTESIAN_POINT('',(79.4,-29.,-4.));
#11707 = DIRECTION('',(0.,1.,0.));
#11708 = DIRECTION('',(1.,0.,-0.));
#11709 = DEFINITIONAL_REPRESENTATION('',(#11710),#11733);
#11710 = B_SPLINE_CURVE_WITH_KNOTS('',6,(#11711,#11712,#11713,#11714,
    #11715,#11716,#11717,#11718,#11719,#11720,#11721,#11722,#11723,
    #11724,#11725,#11726,#11727,#11728,#11729,#11730,#11731,#11732),
  .UNSPECIFIED.,.F.,.F.,(7,5,5,5,7),(0.,0.170325980559,0.44865047649,
    0.847342088452,1.),.UNSPECIFIED.);
#11711 = CARTESIAN_POINT('',(0.523598775598,6.200000000001));
#11712 = CARTESIAN_POINT('',(0.548416601677,6.17850713215));
#11713 = CARTESIAN_POINT('',(0.573964787652,6.157859891909));
#11714 = CARTESIAN_POINT('',(0.600157276827,6.138034236662));
#11715 = CARTESIAN_POINT('',(0.626922032848,6.119011577661));
#11716 = CARTESIAN_POINT('',(0.654199184284,6.10077668128));
#11717 = CARTESIAN_POINT('',(0.727268233465,6.054782900673));
#11718 = CARTESIAN_POINT('',(0.773827428842,6.028320093472));
#11719 = CARTESIAN_POINT('',(0.821398694336,6.003867577686));
#11720 = CARTESIAN_POINT('',(0.869800564713,5.981401447012));
#11721 = CARTESIAN_POINT('',(0.918869480612,5.960904932051));
#11722 = CARTESIAN_POINT('',(1.039496664502,5.915801775721));
#11723 = CARTESIAN_POINT('',(1.111631966384,5.893240020633));
#11724 = CARTESIAN_POINT('',(1.184356680474,5.87467172952));
#11725 = CARTESIAN_POINT('',(1.257307313135,5.86002065969));
#11726 = CARTESIAN_POINT('',(1.330319257438,5.849184946705));
#11727 = CARTESIAN_POINT('',(1.431199357903,5.839381191035));
#11728 = CARTESIAN_POINT('',(1.459127709035,5.83721537343));
#11729 = CARTESIAN_POINT('',(1.487050039682,5.835594158213));
#11730 = CARTESIAN_POINT('',(1.514967211168,5.834514468709));
#11731 = CARTESIAN_POINT('',(1.542881802952,5.833974596216));
#11732 = CARTESIAN_POINT('',(1.570796326795,5.833974596216));
#11733 = ( GEOMETRIC_REPRESENTATION_CONTEXT(2) 
PARAMETRIC_REPRESENTATION_CONTEXT() REPRESENTATION_CONTEXT('2D SPACE',''
  ) );
#11734 = ORIENTED_EDGE('',*,*,#11735,.F.);
#11735 = EDGE_CURVE('',#10874,#11651,#11736,.T.);
#11736 = SURFACE_CURVE('',#11737,(#11742,#11749),.PCURVE_S1.);
#11737 = CIRCLE('',#11738,1.);
#11738 = AXIS2_PLACEMENT_3D('',#11739,#11740,#11741);
#11739 = CARTESIAN_POINT('',(79.4,-22.3,-4.5));
#11740 = DIRECTION('',(0.,-0.,-1.));
#11741 = DIRECTION('',(1.,0.,-0.));
#11742 = PCURVE('',#10579,#11743);
#11743 = DEFINITIONAL_REPRESENTATION('',(#11744),#11748);
#11744 = LINE('',#11745,#11746);
#11745 = CARTESIAN_POINT('',(-0.,0.));
#11746 = VECTOR('',#11747,1.);
#11747 = DIRECTION('',(-1.,0.));
#11748 = ( GEOMETRIC_REPRESENTATION_CONTEXT(2) 
PARAMETRIC_REPRESENTATION_CONTEXT() REPRESENTATION_CONTEXT('2D SPACE',''
  ) );
#11749 = PCURVE('',#11750,#11755);
#11750 = CYLINDRICAL_SURFACE('',#11751,1.);
#11751 = AXIS2_PLACEMENT_3D('',#11752,#11753,#11754);
#11752 = CARTESIAN_POINT('',(79.4,-22.3,-5.5));
#11753 = DIRECTION('',(0.,0.,1.));
#11754 = DIRECTION('',(1.,0.,-0.));
#11755 = DEFINITIONAL_REPRESENTATION('',(#11756),#11760);
#11756 = LINE('',#11757,#11758);
#11757 = CARTESIAN_POINT('',(-0.,1.));
#11758 = VECTOR('',#11759,1.);
#11759 = DIRECTION('',(-1.,0.));
#11760 = ( GEOMETRIC_REPRESENTATION_CONTEXT(2) 
PARAMETRIC_REPRESENTATION_CONTEXT() REPRESENTATION_CONTEXT('2D SPACE',''
  ) );
#11761 = ADVANCED_FACE('',(#11762),#11704,.T.);
#11762 = FACE_BOUND('',#11763,.T.);
#11763 = EDGE_LOOP('',(#11764,#11798,#11819,#11820,#11850));
#11764 = ORIENTED_EDGE('',*,*,#11765,.T.);
#11765 = EDGE_CURVE('',#11766,#677,#11768,.T.);
#11766 = VERTEX_POINT('',#11767);
#11767 = CARTESIAN_POINT('',(80.4,-25.4,-4.));
#11768 = SURFACE_CURVE('',#11769,(#11774,#11786),.PCURVE_S1.);
#11769 = ELLIPSE('',#11770,1.414213562373,1.);
#11770 = AXIS2_PLACEMENT_3D('',#11771,#11772,#11773);
#11771 = CARTESIAN_POINT('',(79.4,-25.4,-4.));
#11772 = DIRECTION('',(0.,0.707106781187,0.707106781187));
#11773 = DIRECTION('',(0.,0.707106781187,-0.707106781187));
#11774 = PCURVE('',#11704,#11775);
#11775 = DEFINITIONAL_REPRESENTATION('',(#11776),#11785);
#11776 = B_SPLINE_CURVE_WITH_KNOTS('',7,(#11777,#11778,#11779,#11780,
    #11781,#11782,#11783,#11784),.UNSPECIFIED.,.F.,.F.,(8,8),(
    4.712388980385,6.28318530718),.PIECEWISE_BEZIER_KNOTS.);
#11777 = CARTESIAN_POINT('',(0.,3.6));
#11778 = CARTESIAN_POINT('',(0.224399475256,3.824399475256));
#11779 = CARTESIAN_POINT('',(0.448798950513,4.048798039318));
#11780 = CARTESIAN_POINT('',(0.673198425769,4.254746825776));
#11781 = CARTESIAN_POINT('',(0.897597901026,4.423762504623));
#11782 = CARTESIAN_POINT('',(1.121997376282,4.541251327391));
#11783 = CARTESIAN_POINT('',(1.346396851538,4.6));
#11784 = CARTESIAN_POINT('',(1.570796326795,4.6));
#11785 = ( GEOMETRIC_REPRESENTATION_CONTEXT(2) 
PARAMETRIC_REPRESENTATION_CONTEXT() REPRESENTATION_CONTEXT('2D SPACE',''
  ) );
#11786 = PCURVE('',#716,#11787);
#11787 = DEFINITIONAL_REPRESENTATION('',(#11788),#11797);
#11788 = B_SPLINE_CURVE_WITH_KNOTS('',7,(#11789,#11790,#11791,#11792,
    #11793,#11794,#11795,#11796),.UNSPECIFIED.,.F.,.F.,(8,8),(
    4.712388980385,6.28318530718),.PIECEWISE_BEZIER_KNOTS.);
#11789 = CARTESIAN_POINT('',(0.,70.));
#11790 = CARTESIAN_POINT('',(0.224399475256,69.775600524744));
#11791 = CARTESIAN_POINT('',(0.448798950513,69.551201960676));
#11792 = CARTESIAN_POINT('',(0.673198425769,69.345253174244));
#11793 = CARTESIAN_POINT('',(0.897597901026,69.176237495347));
#11794 = CARTESIAN_POINT('',(1.121997376282,69.058748672618));
#11795 = CARTESIAN_POINT('',(1.346396851538,69.));
#11796 = CARTESIAN_POINT('',(1.570796326795,69.));
#11797 = ( GEOMETRIC_REPRESENTATION_CONTEXT(2) 
PARAMETRIC_REPRESENTATION_CONTEXT() REPRESENTATION_CONTEXT('2D SPACE',''
  ) );
#11798 = ORIENTED_EDGE('',*,*,#11799,.T.);
#11799 = EDGE_CURVE('',#677,#10564,#11800,.T.);
#11800 = SURFACE_CURVE('',#11801,(#11805,#11812),.PCURVE_S1.);
#11801 = LINE('',#11802,#11803);
#11802 = CARTESIAN_POINT('',(79.4,-29.,-5.));
#11803 = VECTOR('',#11804,1.);
#11804 = DIRECTION('',(0.,1.,0.));
#11805 = PCURVE('',#11704,#11806);
#11806 = DEFINITIONAL_REPRESENTATION('',(#11807),#11811);
#11807 = LINE('',#11808,#11809);
#11808 = CARTESIAN_POINT('',(1.570796326795,0.));
#11809 = VECTOR('',#11810,1.);
#11810 = DIRECTION('',(0.,1.));
#11811 = ( GEOMETRIC_REPRESENTATION_CONTEXT(2) 
PARAMETRIC_REPRESENTATION_CONTEXT() REPRESENTATION_CONTEXT('2D SPACE',''
  ) );
#11812 = PCURVE('',#691,#11813);
#11813 = DEFINITIONAL_REPRESENTATION('',(#11814),#11818);
#11814 = LINE('',#11815,#11816);
#11815 = CARTESIAN_POINT('',(4.6,0.));
#11816 = VECTOR('',#11817,1.);
#11817 = DIRECTION('',(0.,1.));
#11818 = ( GEOMETRIC_REPRESENTATION_CONTEXT(2) 
PARAMETRIC_REPRESENTATION_CONTEXT() REPRESENTATION_CONTEXT('2D SPACE',''
  ) );
#11819 = ORIENTED_EDGE('',*,*,#11650,.F.);
#11820 = ORIENTED_EDGE('',*,*,#11821,.F.);
#11821 = EDGE_CURVE('',#11822,#11651,#11824,.T.);
#11822 = VERTEX_POINT('',#11823);
#11823 = CARTESIAN_POINT('',(80.4,-22.3,-4.));
#11824 = SURFACE_CURVE('',#11825,(#11830,#11840),.PCURVE_S1.);
#11825 = ELLIPSE('',#11826,1.414213562373,1.);
#11826 = AXIS2_PLACEMENT_3D('',#11827,#11828,#11829);
#11827 = CARTESIAN_POINT('',(79.4,-22.3,-4.));
#11828 = DIRECTION('',(0.,0.707106781187,-0.707106781187));
#11829 = DIRECTION('',(0.,0.707106781187,0.707106781187));
#11830 = PCURVE('',#11704,#11831);
#11831 = DEFINITIONAL_REPRESENTATION('',(#11832),#11839);
#11832 = B_SPLINE_CURVE_WITH_KNOTS('',5,(#11833,#11834,#11835,#11836,
    #11837,#11838),.UNSPECIFIED.,.F.,.F.,(6,6),(1.570796326795,
    2.094395795214),.PIECEWISE_BEZIER_KNOTS.);
#11833 = CARTESIAN_POINT('',(0.,6.7));
#11834 = CARTESIAN_POINT('',(0.104719893684,6.595280106316));
#11835 = CARTESIAN_POINT('',(0.209439787368,6.490560068851));
#11836 = CARTESIAN_POINT('',(0.314159681051,6.388233242882));
#11837 = CARTESIAN_POINT('',(0.418879574735,6.290689451935));
#11838 = CARTESIAN_POINT('',(0.523599468419,6.1999994));
#11839 = ( GEOMETRIC_REPRESENTATION_CONTEXT(2) 
PARAMETRIC_REPRESENTATION_CONTEXT() REPRESENTATION_CONTEXT('2D SPACE',''
  ) );
#11840 = PCURVE('',#11750,#11841);
#11841 = DEFINITIONAL_REPRESENTATION('',(#11842),#11849);
#11842 = B_SPLINE_CURVE_WITH_KNOTS('',5,(#11843,#11844,#11845,#11846,
    #11847,#11848),.UNSPECIFIED.,.F.,.F.,(6,6),(1.570796326795,
    2.094395795214),.PIECEWISE_BEZIER_KNOTS.);
#11843 = CARTESIAN_POINT('',(0.,1.5));
#11844 = CARTESIAN_POINT('',(-0.104719893684,1.395280106316));
#11845 = CARTESIAN_POINT('',(-0.209439787368,1.290560068851));
#11846 = CARTESIAN_POINT('',(-0.314159681051,1.188233242882));
#11847 = CARTESIAN_POINT('',(-0.418879574735,1.090689451935));
#11848 = CARTESIAN_POINT('',(-0.523599468419,0.9999994));
#11849 = ( GEOMETRIC_REPRESENTATION_CONTEXT(2) 
PARAMETRIC_REPRESENTATION_CONTEXT() REPRESENTATION_CONTEXT('2D SPACE',''
  ) );
#11850 = ORIENTED_EDGE('',*,*,#11851,.F.);
#11851 = EDGE_CURVE('',#11766,#11822,#11852,.T.);
#11852 = SURFACE_CURVE('',#11853,(#11857,#11864),.PCURVE_S1.);
#11853 = LINE('',#11854,#11855);
#11854 = CARTESIAN_POINT('',(80.4,-29.,-4.));
#11855 = VECTOR('',#11856,1.);
#11856 = DIRECTION('',(0.,1.,0.));
#11857 = PCURVE('',#11704,#11858);
#11858 = DEFINITIONAL_REPRESENTATION('',(#11859),#11863);
#11859 = LINE('',#11860,#11861);
#11860 = CARTESIAN_POINT('',(0.,0.));
#11861 = VECTOR('',#11862,1.);
#11862 = DIRECTION('',(0.,1.));
#11863 = ( GEOMETRIC_REPRESENTATION_CONTEXT(2) 
PARAMETRIC_REPRESENTATION_CONTEXT() REPRESENTATION_CONTEXT('2D SPACE',''
  ) );
#11864 = PCURVE('',#1107,#11865);
#11865 = DEFINITIONAL_REPRESENTATION('',(#11866),#11870);
#11866 = LINE('',#11867,#11868);
#11867 = CARTESIAN_POINT('',(-4.,29.));
#11868 = VECTOR('',#11869,1.);
#11869 = DIRECTION('',(0.,-1.));
#11870 = ( GEOMETRIC_REPRESENTATION_CONTEXT(2) 
PARAMETRIC_REPRESENTATION_CONTEXT() REPRESENTATION_CONTEXT('2D SPACE',''
  ) );
#11871 = ADVANCED_FACE('',(#11872),#11750,.T.);
#11872 = FACE_BOUND('',#11873,.F.);
#11873 = EDGE_LOOP('',(#11874,#11895,#11896));
#11874 = ORIENTED_EDGE('',*,*,#11875,.F.);
#11875 = EDGE_CURVE('',#10874,#11822,#11876,.T.);
#11876 = SURFACE_CURVE('',#11877,(#11881,#11888),.PCURVE_S1.);
#11877 = LINE('',#11878,#11879);
#11878 = CARTESIAN_POINT('',(80.4,-22.3,-5.5));
#11879 = VECTOR('',#11880,1.);
#11880 = DIRECTION('',(0.,0.,1.));
#11881 = PCURVE('',#11750,#11882);
#11882 = DEFINITIONAL_REPRESENTATION('',(#11883),#11887);
#11883 = LINE('',#11884,#11885);
#11884 = CARTESIAN_POINT('',(-0.,0.));
#11885 = VECTOR('',#11886,1.);
#11886 = DIRECTION('',(-0.,1.));
#11887 = ( GEOMETRIC_REPRESENTATION_CONTEXT(2) 
PARAMETRIC_REPRESENTATION_CONTEXT() REPRESENTATION_CONTEXT('2D SPACE',''
  ) );
#11888 = PCURVE('',#1107,#11889);
#11889 = DEFINITIONAL_REPRESENTATION('',(#11890),#11894);
#11890 = LINE('',#11891,#11892);
#11891 = CARTESIAN_POINT('',(-5.5,22.3));
#11892 = VECTOR('',#11893,1.);
#11893 = DIRECTION('',(1.,0.));
#11894 = ( GEOMETRIC_REPRESENTATION_CONTEXT(2) 
PARAMETRIC_REPRESENTATION_CONTEXT() REPRESENTATION_CONTEXT('2D SPACE',''
  ) );
#11895 = ORIENTED_EDGE('',*,*,#11735,.T.);
#11896 = ORIENTED_EDGE('',*,*,#11821,.F.);
#11897 = ADVANCED_FACE('',(#11898),#10524,.T.);
#11898 = FACE_BOUND('',#11899,.T.);
#11899 = EDGE_LOOP('',(#11900,#11901,#11902,#11982));
#11900 = ORIENTED_EDGE('',*,*,#11371,.F.);
#11901 = ORIENTED_EDGE('',*,*,#10506,.T.);
#11902 = ORIENTED_EDGE('',*,*,#11903,.F.);
#11903 = EDGE_CURVE('',#11904,#10509,#11906,.T.);
#11904 = VERTEX_POINT('',#11905);
#11905 = CARTESIAN_POINT('',(14.733974596216,-22.8,-4.5));
#11906 = SURFACE_CURVE('',#11907,(#11930,#11956),.PCURVE_S1.);
#11907 = B_SPLINE_CURVE_WITH_KNOTS('',6,(#11908,#11909,#11910,#11911,
    #11912,#11913,#11914,#11915,#11916,#11917,#11918,#11919,#11920,
    #11921,#11922,#11923,#11924,#11925,#11926,#11927,#11928,#11929),
  .UNSPECIFIED.,.F.,.F.,(7,5,5,5,7),(0.,0.170325980559,0.44865047649,
    0.847342088453,1.),.UNSPECIFIED.);
#11908 = CARTESIAN_POINT('',(14.733974596216,-22.8,-4.5));
#11909 = CARTESIAN_POINT('',(14.746383509255,-22.82149286785,
    -4.521492867851));
#11910 = CARTESIAN_POINT('',(14.759797675278,-22.84214010809,
    -4.543248705407));
#11911 = CARTESIAN_POINT('',(14.77423102183,-22.86196576333,
    -4.565128306346));
#11912 = CARTESIAN_POINT('',(14.789687675782,-22.88098842234,
    -4.587005015922));
#11913 = CARTESIAN_POINT('',(14.806163574754,-22.89922331872,
    -4.608763695301));
#11914 = CARTESIAN_POINT('',(14.852218973501,-22.94521709932,
    -4.665490992032));
#11915 = CARTESIAN_POINT('',(14.883479458122,-22.97167990652,
    -4.700083180123));
#11916 = CARTESIAN_POINT('',(14.917381142917,-22.99613242231,
    -4.733618798163));
#11917 = CARTESIAN_POINT('',(14.953806011035,-23.01859855298,
    -4.765685088176));
#11918 = CARTESIAN_POINT('',(14.992567528123,-23.03909506795,
    -4.795917709291));
#11919 = CARTESIAN_POINT('',(15.091966029345,-23.08419822427,
    -4.86426136626));
#11920 = CARTESIAN_POINT('',(15.154837042206,-23.10675997936,
    -4.90014201258));
#11921 = CARTESIAN_POINT('',(15.221293981723,-23.12532827048,
    -4.930707309457));
#11922 = CARTESIAN_POINT('',(15.290401972231,-23.13997934031,
    -4.95536438821));
#11923 = CARTESIAN_POINT('',(15.36132675892,-23.15081505329,
    -4.97383599692));
#11924 = CARTESIAN_POINT('',(15.460794523608,-23.16061880896,
    -4.990657366008));
#11925 = CARTESIAN_POINT('',(15.488487993253,-23.16278462657,
    -4.99439117438));
#11926 = CARTESIAN_POINT('',(15.516292855516,-23.16440584178,
    -4.997194845374));
#11927 = CARTESIAN_POINT('',(15.544170891153,-23.16548553129,
    -4.999064908685));
#11928 = CARTESIAN_POINT('',(15.572085476157,-23.16602540378,-5.));
#11929 = CARTESIAN_POINT('',(15.6,-23.16602540378,-5.));
#11930 = PCURVE('',#10524,#11931);
#11931 = DEFINITIONAL_REPRESENTATION('',(#11932),#11955);
#11932 = B_SPLINE_CURVE_WITH_KNOTS('',6,(#11933,#11934,#11935,#11936,
    #11937,#11938,#11939,#11940,#11941,#11942,#11943,#11944,#11945,
    #11946,#11947,#11948,#11949,#11950,#11951,#11952,#11953,#11954),
  .UNSPECIFIED.,.F.,.F.,(7,5,5,5,7),(0.,0.170325980559,0.44865047649,
    0.847342088453,1.),.UNSPECIFIED.);
#11933 = CARTESIAN_POINT('',(0.523598775598,0.));
#11934 = CARTESIAN_POINT('',(0.548416601677,-2.149286785125E-02));
#11935 = CARTESIAN_POINT('',(0.573004707863,-4.324868802599E-02));
#11936 = CARTESIAN_POINT('',(0.597480358388,-6.514620680874E-02));
#11937 = CARTESIAN_POINT('',(0.621951611044,-8.707867859738E-02));
#11938 = CARTESIAN_POINT('',(0.646519104771,-0.108950065426));
#11939 = CARTESIAN_POINT('',(0.711735354045,-0.166165140401));
#11940 = CARTESIAN_POINT('',(0.752698386381,-0.201253485648));
#11941 = CARTESIAN_POINT('',(0.794578835895,-0.235546638562));
#11942 = CARTESIAN_POINT('',(0.837713197614,-0.268676712921));
#11943 = CARTESIAN_POINT('',(0.882369077989,-0.30027086054));
#11944 = CARTESIAN_POINT('',(0.995062250405,-0.372511751062));
#11945 = CARTESIAN_POINT('',(1.064887233485,-0.411181454672));
#11946 = CARTESIAN_POINT('',(1.138538180722,-0.4448659684));
#11947 = CARTESIAN_POINT('',(1.215989236032,-0.472583437419));
#11948 = CARTESIAN_POINT('',(1.296489213002,-0.493588744463));
#11949 = CARTESIAN_POINT('',(1.410351604253,-0.512836067549));
#11950 = CARTESIAN_POINT('',(1.442153915626,-0.517127335769));
#11951 = CARTESIAN_POINT('',(1.474169816552,-0.52035961776));
#11952 = CARTESIAN_POINT('',(1.506330401951,-0.522519049476));
#11953 = CARTESIAN_POINT('',(1.538563411085,-0.523598775598));
#11954 = CARTESIAN_POINT('',(1.570796326795,-0.523598775598));
#11955 = ( GEOMETRIC_REPRESENTATION_CONTEXT(2) 
PARAMETRIC_REPRESENTATION_CONTEXT() REPRESENTATION_CONTEXT('2D SPACE',''
  ) );
#11956 = PCURVE('',#443,#11957);
#11957 = DEFINITIONAL_REPRESENTATION('',(#11958),#11981);
#11958 = B_SPLINE_CURVE_WITH_KNOTS('',6,(#11959,#11960,#11961,#11962,
    #11963,#11964,#11965,#11966,#11967,#11968,#11969,#11970,#11971,
    #11972,#11973,#11974,#11975,#11976,#11977,#11978,#11979,#11980),
  .UNSPECIFIED.,.F.,.F.,(7,5,5,5,7),(0.,0.170325980559,0.44865047649,
    0.847342088453,1.),.UNSPECIFIED.);
#11959 = CARTESIAN_POINT('',(-0.523598775598,6.2));
#11960 = CARTESIAN_POINT('',(-0.548416601677,6.178507132149));
#11961 = CARTESIAN_POINT('',(-0.573964787652,6.157859891908));
#11962 = CARTESIAN_POINT('',(-0.600157276827,6.138034236661));
#11963 = CARTESIAN_POINT('',(-0.626922032848,6.11901157766));
#11964 = CARTESIAN_POINT('',(-0.654199184285,6.100776681279));
#11965 = CARTESIAN_POINT('',(-0.727268233465,6.054782900672));
#11966 = CARTESIAN_POINT('',(-0.773827428842,6.028320093471));
#11967 = CARTESIAN_POINT('',(-0.821398694336,6.003867577685));
#11968 = CARTESIAN_POINT('',(-0.869800564714,5.981401447011));
#11969 = CARTESIAN_POINT('',(-0.918869480612,5.96090493205));
#11970 = CARTESIAN_POINT('',(-1.039496664503,5.915801775721));
#11971 = CARTESIAN_POINT('',(-1.111631966384,5.893240020632));
#11972 = CARTESIAN_POINT('',(-1.184356680475,5.87467172952));
#11973 = CARTESIAN_POINT('',(-1.257307313135,5.86002065969));
#11974 = CARTESIAN_POINT('',(-1.330319257438,5.849184946705));
#11975 = CARTESIAN_POINT('',(-1.431199357904,5.839381191034));
#11976 = CARTESIAN_POINT('',(-1.459127709035,5.83721537343));
#11977 = CARTESIAN_POINT('',(-1.487050039682,5.835594158212));
#11978 = CARTESIAN_POINT('',(-1.514967211168,5.834514468708));
#11979 = CARTESIAN_POINT('',(-1.542881802952,5.833974596216));
#11980 = CARTESIAN_POINT('',(-1.570796326795,5.833974596216));
#11981 = ( GEOMETRIC_REPRESENTATION_CONTEXT(2) 
PARAMETRIC_REPRESENTATION_CONTEXT() REPRESENTATION_CONTEXT('2D SPACE',''
  ) );
#11982 = ORIENTED_EDGE('',*,*,#11983,.F.);
#11983 = EDGE_CURVE('',#11372,#11904,#11984,.T.);
#11984 = SURFACE_CURVE('',#11985,(#11990,#11997),.PCURVE_S1.);
#11985 = CIRCLE('',#11986,1.);
#11986 = AXIS2_PLACEMENT_3D('',#11987,#11988,#11989);
#11987 = CARTESIAN_POINT('',(15.6,-22.3,-4.5));
#11988 = DIRECTION('',(0.,0.,1.));
#11989 = DIRECTION('',(-1.,0.,0.));
#11990 = PCURVE('',#10524,#11991);
#11991 = DEFINITIONAL_REPRESENTATION('',(#11992),#11996);
#11992 = LINE('',#11993,#11994);
#11993 = CARTESIAN_POINT('',(0.,0.));
#11994 = VECTOR('',#11995,1.);
#11995 = DIRECTION('',(1.,0.));
#11996 = ( GEOMETRIC_REPRESENTATION_CONTEXT(2) 
PARAMETRIC_REPRESENTATION_CONTEXT() REPRESENTATION_CONTEXT('2D SPACE',''
  ) );
#11997 = PCURVE('',#11998,#12003);
#11998 = CYLINDRICAL_SURFACE('',#11999,1.);
#11999 = AXIS2_PLACEMENT_3D('',#12000,#12001,#12002);
#12000 = CARTESIAN_POINT('',(15.6,-22.3,-5.5));
#12001 = DIRECTION('',(0.,0.,1.));
#12002 = DIRECTION('',(-1.,-0.,0.));
#12003 = DEFINITIONAL_REPRESENTATION('',(#12004),#12008);
#12004 = LINE('',#12005,#12006);
#12005 = CARTESIAN_POINT('',(0.,1.));
#12006 = VECTOR('',#12007,1.);
#12007 = DIRECTION('',(1.,0.));
#12008 = ( GEOMETRIC_REPRESENTATION_CONTEXT(2) 
PARAMETRIC_REPRESENTATION_CONTEXT() REPRESENTATION_CONTEXT('2D SPACE',''
  ) );
#12009 = ADVANCED_FACE('',(#12010),#11998,.T.);
#12010 = FACE_BOUND('',#12011,.T.);
#12011 = EDGE_LOOP('',(#12012,#12035,#12036));
#12012 = ORIENTED_EDGE('',*,*,#12013,.F.);
#12013 = EDGE_CURVE('',#11372,#12014,#12016,.T.);
#12014 = VERTEX_POINT('',#12015);
#12015 = CARTESIAN_POINT('',(14.6,-22.3,-4.));
#12016 = SURFACE_CURVE('',#12017,(#12021,#12028),.PCURVE_S1.);
#12017 = LINE('',#12018,#12019);
#12018 = CARTESIAN_POINT('',(14.6,-22.3,-5.5));
#12019 = VECTOR('',#12020,1.);
#12020 = DIRECTION('',(0.,0.,1.));
#12021 = PCURVE('',#11998,#12022);
#12022 = DEFINITIONAL_REPRESENTATION('',(#12023),#12027);
#12023 = LINE('',#12024,#12025);
#12024 = CARTESIAN_POINT('',(0.,0.));
#12025 = VECTOR('',#12026,1.);
#12026 = DIRECTION('',(0.,1.));
#12027 = ( GEOMETRIC_REPRESENTATION_CONTEXT(2) 
PARAMETRIC_REPRESENTATION_CONTEXT() REPRESENTATION_CONTEXT('2D SPACE',''
  ) );
#12028 = PCURVE('',#414,#12029);
#12029 = DEFINITIONAL_REPRESENTATION('',(#12030),#12034);
#12030 = LINE('',#12031,#12032);
#12031 = CARTESIAN_POINT('',(-0.5,-6.7));
#12032 = VECTOR('',#12033,1.);
#12033 = DIRECTION('',(1.,0.));
#12034 = ( GEOMETRIC_REPRESENTATION_CONTEXT(2) 
PARAMETRIC_REPRESENTATION_CONTEXT() REPRESENTATION_CONTEXT('2D SPACE',''
  ) );
#12035 = ORIENTED_EDGE('',*,*,#11983,.T.);
#12036 = ORIENTED_EDGE('',*,*,#12037,.T.);
#12037 = EDGE_CURVE('',#11904,#12014,#12038,.T.);
#12038 = SURFACE_CURVE('',#12039,(#12044,#12054),.PCURVE_S1.);
#12039 = ELLIPSE('',#12040,1.414213562373,1.);
#12040 = AXIS2_PLACEMENT_3D('',#12041,#12042,#12043);
#12041 = CARTESIAN_POINT('',(15.6,-22.3,-4.));
#12042 = DIRECTION('',(0.,0.707106781187,-0.707106781187));
#12043 = DIRECTION('',(0.,0.707106781187,0.707106781187));
#12044 = PCURVE('',#11998,#12045);
#12045 = DEFINITIONAL_REPRESENTATION('',(#12046),#12053);
#12046 = B_SPLINE_CURVE_WITH_KNOTS('',5,(#12047,#12048,#12049,#12050,
    #12051,#12052),.UNSPECIFIED.,.F.,.F.,(6,6),(4.188789511966,
    4.712388980385),.PIECEWISE_BEZIER_KNOTS.);
#12047 = CARTESIAN_POINT('',(0.523599468419,0.9999994));
#12048 = CARTESIAN_POINT('',(0.418879574735,1.090689451936));
#12049 = CARTESIAN_POINT('',(0.314159681051,1.188233242883));
#12050 = CARTESIAN_POINT('',(0.209439787367,1.290560068851));
#12051 = CARTESIAN_POINT('',(0.104719893684,1.395280106316));
#12052 = CARTESIAN_POINT('',(0.,1.5));
#12053 = ( GEOMETRIC_REPRESENTATION_CONTEXT(2) 
PARAMETRIC_REPRESENTATION_CONTEXT() REPRESENTATION_CONTEXT('2D SPACE',''
  ) );
#12054 = PCURVE('',#443,#12055);
#12055 = DEFINITIONAL_REPRESENTATION('',(#12056),#12063);
#12056 = B_SPLINE_CURVE_WITH_KNOTS('',5,(#12057,#12058,#12059,#12060,
    #12061,#12062),.UNSPECIFIED.,.F.,.F.,(6,6),(4.188789511966,
    4.712388980385),.PIECEWISE_BEZIER_KNOTS.);
#12057 = CARTESIAN_POINT('',(-0.523599468419,6.1999994));
#12058 = CARTESIAN_POINT('',(-0.418879574735,6.290689451936));
#12059 = CARTESIAN_POINT('',(-0.314159681051,6.388233242883));
#12060 = CARTESIAN_POINT('',(-0.209439787367,6.490560068851));
#12061 = CARTESIAN_POINT('',(-0.104719893684,6.595280106316));
#12062 = CARTESIAN_POINT('',(0.,6.7));
#12063 = ( GEOMETRIC_REPRESENTATION_CONTEXT(2) 
PARAMETRIC_REPRESENTATION_CONTEXT() REPRESENTATION_CONTEXT('2D SPACE',''
  ) );
#12064 = ADVANCED_FACE('',(#12065),#9848,.T.);
#12065 = FACE_BOUND('',#12066,.F.);
#12066 = EDGE_LOOP('',(#12067,#12145,#12146,#12241,#12262));
#12067 = ORIENTED_EDGE('',*,*,#12068,.T.);
#12068 = EDGE_CURVE('',#9745,#11279,#12069,.T.);
#12069 = SURFACE_CURVE('',#12070,(#12093,#12119),.PCURVE_S1.);
#12070 = B_SPLINE_CURVE_WITH_KNOTS('',6,(#12071,#12072,#12073,#12074,
    #12075,#12076,#12077,#12078,#12079,#12080,#12081,#12082,#12083,
    #12084,#12085,#12086,#12087,#12088,#12089,#12090,#12091,#12092),
  .UNSPECIFIED.,.F.,.F.,(7,5,5,5,7),(0.,0.15999578681,0.449933225053,
    0.733081520913,1.),.UNSPECIFIED.);
#12071 = CARTESIAN_POINT('',(74.933974596216,-17.3,-4.5));
#12072 = CARTESIAN_POINT('',(74.948077845339,-17.3,-4.524427544034));
#12073 = CARTESIAN_POINT('',(74.963003616407,-17.30071610212,
    -4.548370354483));
#12074 = CARTESIAN_POINT('',(74.978724693319,-17.302094861,
    -4.571783268656));
#12075 = CARTESIAN_POINT('',(74.995209473643,-17.30407986063,
    -4.594623859613));
#12076 = CARTESIAN_POINT('',(75.012421968621,-17.3066117144,
    -4.616852436155));
#12077 = CARTESIAN_POINT('',(75.062759108395,-17.31509416513,
    -4.677537671819));
#12078 = CARTESIAN_POINT('',(75.097443602195,-17.32214960262,
    -4.714500315261));
#12079 = CARTESIAN_POINT('',(75.134209570272,-17.33043720219,
    -4.749197455398));
#12080 = CARTESIAN_POINT('',(75.172892867184,-17.33959764381,
    -4.78152148515));
#12081 = CARTESIAN_POINT('',(75.213330625505,-17.34927045205,
    -4.811375746343));
#12082 = CARTESIAN_POINT('',(75.296407126771,-17.36868946867,
    -4.865326257081));
#12083 = CARTESIAN_POINT('',(75.339026229775,-17.37844135045,
    -4.889575993971));
#12084 = CARTESIAN_POINT('',(75.383060308089,-17.3880144866,
    -4.911315548757));
#12085 = CARTESIAN_POINT('',(75.428364484015,-17.39707301946,
    -4.93046150334));
#12086 = CARTESIAN_POINT('',(75.474806483926,-17.40530105051,
    -4.946937095223));
#12087 = CARTESIAN_POINT('',(75.567005476837,-17.41913539079,
    -4.973592553515));
#12088 = CARTESIAN_POINT('',(75.612676541939,-17.42486924652,
    -4.984087128981));
#12089 = CARTESIAN_POINT('',(75.65902722392,-17.42936821012,
    -4.992021552625));
#12090 = CARTESIAN_POINT('',(75.705833089705,-17.43243700092,
    -4.997336793562));
#12091 = CARTESIAN_POINT('',(75.752890068936,-17.43397459621,-5.));
#12092 = CARTESIAN_POINT('',(75.8,-17.43397459621,-5.));
#12093 = PCURVE('',#9848,#12094);
#12094 = DEFINITIONAL_REPRESENTATION('',(#12095),#12118);
#12095 = B_SPLINE_CURVE_WITH_KNOTS('',6,(#12096,#12097,#12098,#12099,
    #12100,#12101,#12102,#12103,#12104,#12105,#12106,#12107,#12108,
    #12109,#12110,#12111,#12112,#12113,#12114,#12115,#12116,#12117),
  .UNSPECIFIED.,.F.,.F.,(7,5,5,5,7),(0.,0.15999578681,0.449933225053,
    0.733081520913,1.),.UNSPECIFIED.);
#12096 = CARTESIAN_POINT('',(-0.523598775598,11.7));
#12097 = CARTESIAN_POINT('',(-0.551805273846,11.7));
#12098 = CARTESIAN_POINT('',(-0.580003079343,11.699283897873));
#12099 = CARTESIAN_POINT('',(-0.608180349612,11.697905138995));
#12100 = CARTESIAN_POINT('',(-0.636324499272,11.695920139362));
#12101 = CARTESIAN_POINT('',(-0.664422200039,11.693388285596));
#12102 = CARTESIAN_POINT('',(-0.743267145776,11.684905834866));
#12103 = CARTESIAN_POINT('',(-0.793860160855,11.677850397373));
#12104 = CARTESIAN_POINT('',(-0.844274500953,11.669562797804));
#12105 = CARTESIAN_POINT('',(-0.894548457631,11.66040235619));
#12106 = CARTESIAN_POINT('',(-0.944722239656,11.650729547943));
#12107 = CARTESIAN_POINT('',(-1.043779610263,11.631310531326));
#12108 = CARTESIAN_POINT('',(-1.092730182504,11.621558649541));
#12109 = CARTESIAN_POINT('',(-1.141711974213,11.611985513392));
#12110 = CARTESIAN_POINT('',(-1.190767794031,11.602926980533));
#12111 = CARTESIAN_POINT('',(-1.239958693457,11.594698949482));
#12112 = CARTESIAN_POINT('',(-1.335933522191,11.580864609208));
#12113 = CARTESIAN_POINT('',(-1.382722469654,11.575130753478));
#12114 = CARTESIAN_POINT('',(-1.429635240539,11.570631789876));
#12115 = CARTESIAN_POINT('',(-1.476629446221,11.567562999078));
#12116 = CARTESIAN_POINT('',(-1.523686395731,11.566025403784));
#12117 = CARTESIAN_POINT('',(-1.570796326795,11.566025403784));
#12118 = ( GEOMETRIC_REPRESENTATION_CONTEXT(2) 
PARAMETRIC_REPRESENTATION_CONTEXT() REPRESENTATION_CONTEXT('2D SPACE',''
  ) );
#12119 = PCURVE('',#4452,#12120);
#12120 = DEFINITIONAL_REPRESENTATION('',(#12121),#12144);
#12121 = B_SPLINE_CURVE_WITH_KNOTS('',6,(#12122,#12123,#12124,#12125,
    #12126,#12127,#12128,#12129,#12130,#12131,#12132,#12133,#12134,
    #12135,#12136,#12137,#12138,#12139,#12140,#12141,#12142,#12143),
  .UNSPECIFIED.,.F.,.F.,(7,5,5,5,7),(0.,0.15999578681,0.449933225053,
    0.733081520913,1.),.UNSPECIFIED.);
#12122 = CARTESIAN_POINT('',(0.,60.333974596216));
#12123 = CARTESIAN_POINT('',(-2.442754403428E-02,60.348077845339));
#12124 = CARTESIAN_POINT('',(-4.837034047582E-02,60.363003616407));
#12125 = CARTESIAN_POINT('',(-7.180950986336E-02,60.378724693319));
#12126 = CARTESIAN_POINT('',(-9.47236112302E-02,60.395209473643));
#12127 = CARTESIAN_POINT('',(-0.117088642104,60.412421968621));
#12128 = CARTESIAN_POINT('',(-0.178363839354,60.462759108395));
#12129 = CARTESIAN_POINT('',(-0.215947276856,60.497443602195));
#12130 = CARTESIAN_POINT('',(-0.251568465464,60.534209570272));
#12131 = CARTESIAN_POINT('',(-0.285128567178,60.572892867184));
#12132 = CARTESIAN_POINT('',(-0.316494493687,60.613330625505));
#12133 = CARTESIAN_POINT('',(-0.373833449165,60.696407126771));
#12134 = CARTESIAN_POINT('',(-0.399952668339,60.739026229775));
#12135 = CARTESIAN_POINT('',(-0.423691035202,60.783060308089));
#12136 = CARTESIAN_POINT('',(-0.444863784453,60.828364484015));
#12137 = CARTESIAN_POINT('',(-0.463277578339,60.874806483926));
#12138 = CARTESIAN_POINT('',(-0.493309268727,60.967005476837));
#12139 = CARTESIAN_POINT('',(-0.505265337797,61.01267654194));
#12140 = CARTESIAN_POINT('',(-0.514385955229,61.05902722392));
#12141 = CARTESIAN_POINT('',(-0.520523597775,61.105833089705));
#12142 = CARTESIAN_POINT('',(-0.523598775598,61.152890068936));
#12143 = CARTESIAN_POINT('',(-0.523598775598,61.2));
#12144 = ( GEOMETRIC_REPRESENTATION_CONTEXT(2) 
PARAMETRIC_REPRESENTATION_CONTEXT() REPRESENTATION_CONTEXT('2D SPACE',''
  ) );
#12145 = ORIENTED_EDGE('',*,*,#11278,.T.);
#12146 = ORIENTED_EDGE('',*,*,#12147,.F.);
#12147 = EDGE_CURVE('',#12148,#11281,#12150,.T.);
#12148 = VERTEX_POINT('',#12149);
#12149 = CARTESIAN_POINT('',(74.8,-5.12347538298,-4.));
#12150 = SURFACE_CURVE('',#12151,(#12179,#12210),.PCURVE_S1.);
#12151 = B_SPLINE_CURVE_WITH_KNOTS('',6,(#12152,#12153,#12154,#12155,
    #12156,#12157,#12158,#12159,#12160,#12161,#12162,#12163,#12164,
    #12165,#12166,#12167,#12168,#12169,#12170,#12171,#12172,#12173,
    #12174,#12175,#12176,#12177,#12178),.UNSPECIFIED.,.F.,.F.,(7,5,5,5,5
    ,7),(0.,0.119012540143,0.352263514325,0.623108202271,0.733073141493,
    1.),.UNSPECIFIED.);
#12152 = CARTESIAN_POINT('',(74.8,-5.12347538298,-4.));
#12153 = CARTESIAN_POINT('',(74.8,-5.098596790371,-4.031866214199));
#12154 = CARTESIAN_POINT('',(74.801218544046,-5.073484117239,
    -4.063541901997));
#12155 = CARTESIAN_POINT('',(74.803628322369,-5.048176419821,
    -4.094977411018));
#12156 = CARTESIAN_POINT('',(74.807200744131,-5.022714675554,
    -4.126125420412));
#12157 = CARTESIAN_POINT('',(74.811905937424,-4.997141783077,
    -4.156940940863));
#12158 = CARTESIAN_POINT('',(74.829093436706,-4.921252620226,
    -4.247040967399));
#12159 = CARTESIAN_POINT('',(74.844701320311,-4.870765833619,
    -4.305238198325));
#12160 = CARTESIAN_POINT('',(74.864314941581,-4.820300981483,
    -4.361746741793));
#12161 = CARTESIAN_POINT('',(74.887736016775,-4.770138640452,
    -4.416361118101));
#12162 = CARTESIAN_POINT('',(74.914787986988,-4.720584296844,
    -4.468889442529));
#12163 = CARTESIAN_POINT('',(74.980761204211,-4.615523553273,
    -4.577503054468));
#12164 = CARTESIAN_POINT('',(75.020908790256,-4.560320061302,
    -4.632823329809));
#12165 = CARTESIAN_POINT('',(75.065552061583,-4.506837300538,
    -4.684859511387));
#12166 = CARTESIAN_POINT('',(75.114535111293,-4.455640670469,
    -4.733331229081));
#12167 = CARTESIAN_POINT('',(75.16772656375,-4.407409438935,
    -4.777900963447));
#12168 = CARTESIAN_POINT('',(75.248246052767,-4.344915349527,
    -4.834491008142));
#12169 = CARTESIAN_POINT('',(75.272169265259,-4.327492819639,
    -4.850119815678));
#12170 = CARTESIAN_POINT('',(75.296746923786,-4.310755424862,
    -4.865002245789));
#12171 = CARTESIAN_POINT('',(75.321960816658,-4.294765844515,
    -4.879104052453));
#12172 = CARTESIAN_POINT('',(75.347791982136,-4.279587951365,
    -4.892390637872));
#12173 = CARTESIAN_POINT('',(75.438373309576,-4.23057248966,
    -4.93501497511));
#12174 = CARTESIAN_POINT('',(75.506410709419,-4.200827208314,
    -4.960364136525));
#12175 = CARTESIAN_POINT('',(75.577493055396,-4.177429551341,
    -4.979966871263));
#12176 = CARTESIAN_POINT('',(75.650719577431,-4.16139699193,
    -4.993283916891));
#12177 = CARTESIAN_POINT('',(75.725188448287,-4.153311931459,-5.));
#12178 = CARTESIAN_POINT('',(75.8,-4.153311931459,-5.));
#12179 = PCURVE('',#9848,#12180);
#12180 = DEFINITIONAL_REPRESENTATION('',(#12181),#12209);
#12181 = B_SPLINE_CURVE_WITH_KNOTS('',6,(#12182,#12183,#12184,#12185,
    #12186,#12187,#12188,#12189,#12190,#12191,#12192,#12193,#12194,
    #12195,#12196,#12197,#12198,#12199,#12200,#12201,#12202,#12203,
    #12204,#12205,#12206,#12207,#12208),.UNSPECIFIED.,.F.,.F.,(7,5,5,5,5
    ,7),(0.,0.119012540143,0.352263514325,0.623108202271,0.733073141493,
    1.),.UNSPECIFIED.);
#12182 = CARTESIAN_POINT('',(0.,23.87652461702));
#12183 = CARTESIAN_POINT('',(-3.186621419857E-02,23.901403209629));
#12184 = CARTESIAN_POINT('',(-6.354194411938E-02,23.926515882761));
#12185 = CARTESIAN_POINT('',(-9.503565152763E-02,23.951823580179));
#12186 = CARTESIAN_POINT('',(-0.126354885048,23.977285324446));
#12187 = CARTESIAN_POINT('',(-0.157506280163,24.002858216923));
#12188 = CARTESIAN_POINT('',(-0.249231003729,24.078747379774));
#12189 = CARTESIAN_POINT('',(-0.309322099718,24.129234166381));
#12190 = CARTESIAN_POINT('',(-0.368907957787,24.179699018517));
#12191 = CARTESIAN_POINT('',(-0.428111179689,24.229861359548));
#12192 = CARTESIAN_POINT('',(-0.487050215963,24.279415703156));
#12193 = CARTESIAN_POINT('',(-0.614130435074,24.384476446727));
#12194 = CARTESIAN_POINT('',(-0.682254223189,24.439679938698));
#12195 = CARTESIAN_POINT('',(-0.750478331371,24.493162699462));
#12196 = CARTESIAN_POINT('',(-0.819041986752,24.544359329531));
#12197 = CARTESIAN_POINT('',(-0.888188565693,24.592590561065));
#12198 = CARTESIAN_POINT('',(-0.986605135793,24.655084650473));
#12199 = CARTESIAN_POINT('',(-1.015164622631,24.672507180361));
#12200 = CARTESIAN_POINT('',(-1.043871556367,24.689244575138));
#12201 = CARTESIAN_POINT('',(-1.072734803591,24.705234155485));
#12202 = CARTESIAN_POINT('',(-1.101764760979,24.720412048635));
#12203 = CARTESIAN_POINT('',(-1.201873756607,24.76942751034));
#12204 = CARTESIAN_POINT('',(-1.274228796602,24.799172791686));
#12205 = CARTESIAN_POINT('',(-1.347534918426,24.822570448659));
#12206 = CARTESIAN_POINT('',(-1.421516110098,24.83860300807));
#12207 = CARTESIAN_POINT('',(-1.495984775082,24.846688068541));
#12208 = CARTESIAN_POINT('',(-1.570796326795,24.846688068541));
#12209 = ( GEOMETRIC_REPRESENTATION_CONTEXT(2) 
PARAMETRIC_REPRESENTATION_CONTEXT() REPRESENTATION_CONTEXT('2D SPACE',''
  ) );
#12210 = PCURVE('',#3293,#12211);
#12211 = DEFINITIONAL_REPRESENTATION('',(#12212),#12240);
#12212 = B_SPLINE_CURVE_WITH_KNOTS('',6,(#12213,#12214,#12215,#12216,
    #12217,#12218,#12219,#12220,#12221,#12222,#12223,#12224,#12225,
    #12226,#12227,#12228,#12229,#12230,#12231,#12232,#12233,#12234,
    #12235,#12236,#12237,#12238,#12239),.UNSPECIFIED.,.F.,.F.,(7,5,5,5,5
    ,7),(0.,0.119012540143,0.352263514325,0.623108202271,0.733073141493,
    1.),.UNSPECIFIED.);
#12213 = CARTESIAN_POINT('',(2.233670150445,0.));
#12214 = CARTESIAN_POINT('',(2.239889798597,-2.762078633454E-18));
#12215 = CARTESIAN_POINT('',(2.246108499757,1.218544045618E-03));
#12216 = CARTESIAN_POINT('',(2.252316980762,3.628322368602E-03));
#12217 = CARTESIAN_POINT('',(2.25850604755,7.20074413084E-03));
#12218 = CARTESIAN_POINT('',(2.264666585153,1.190593742436E-02));
#12219 = CARTESIAN_POINT('',(2.282789883976,2.909343670617E-02));
#12220 = CARTESIAN_POINT('',(2.294641599639,4.470132031071E-02));
#12221 = CARTESIAN_POINT('',(2.306295557246,6.431494158106E-02));
#12222 = CARTESIAN_POINT('',(2.317702469804,8.773601677454E-02));
#12223 = CARTESIAN_POINT('',(2.328811447018,0.114787986988));
#12224 = CARTESIAN_POINT('',(2.352059365568,0.180761204211));
#12225 = CARTESIAN_POINT('',(2.364081307936,0.220908790256));
#12226 = CARTESIAN_POINT('',(2.375559580696,0.265552061583));
#12227 = CARTESIAN_POINT('',(2.386404836016,0.314535111293));
#12228 = CARTESIAN_POINT('',(2.39650759659,0.36772656375));
#12229 = CARTESIAN_POINT('',(2.409478154392,0.448246052767));
#12230 = CARTESIAN_POINT('',(2.413078918226,0.472169265259));
#12231 = CARTESIAN_POINT('',(2.416524568414,0.496746923786));
#12232 = CARTESIAN_POINT('',(2.419804479145,0.521960816658));
#12233 = CARTESIAN_POINT('',(2.422907817918,0.547791982136));
#12234 = CARTESIAN_POINT('',(2.43290112883,0.638373309576));
#12235 = CARTESIAN_POINT('',(2.438913355731,0.706410709419));
#12236 = CARTESIAN_POINT('',(2.443609243988,0.777493055396));
#12237 = CARTESIAN_POINT('',(2.44681572787,0.850719577431));
#12238 = CARTESIAN_POINT('',(2.448432746013,0.925188448287));
#12239 = CARTESIAN_POINT('',(2.448432746013,1.));
#12240 = ( GEOMETRIC_REPRESENTATION_CONTEXT(2) 
PARAMETRIC_REPRESENTATION_CONTEXT() REPRESENTATION_CONTEXT('2D SPACE',''
  ) );
#12241 = ORIENTED_EDGE('',*,*,#12242,.F.);
#12242 = EDGE_CURVE('',#9813,#12148,#12243,.T.);
#12243 = SURFACE_CURVE('',#12244,(#12248,#12255),.PCURVE_S1.);
#12244 = LINE('',#12245,#12246);
#12245 = CARTESIAN_POINT('',(74.8,-29.,-4.));
#12246 = VECTOR('',#12247,1.);
#12247 = DIRECTION('',(0.,1.,0.));
#12248 = PCURVE('',#9848,#12249);
#12249 = DEFINITIONAL_REPRESENTATION('',(#12250),#12254);
#12250 = LINE('',#12251,#12252);
#12251 = CARTESIAN_POINT('',(-0.,0.));
#12252 = VECTOR('',#12253,1.);
#12253 = DIRECTION('',(-0.,1.));
#12254 = ( GEOMETRIC_REPRESENTATION_CONTEXT(2) 
PARAMETRIC_REPRESENTATION_CONTEXT() REPRESENTATION_CONTEXT('2D SPACE',''
  ) );
#12255 = PCURVE('',#1847,#12256);
#12256 = DEFINITIONAL_REPRESENTATION('',(#12257),#12261);
#12257 = LINE('',#12258,#12259);
#12258 = CARTESIAN_POINT('',(1.,0.));
#12259 = VECTOR('',#12260,1.);
#12260 = DIRECTION('',(0.,-1.));
#12261 = ( GEOMETRIC_REPRESENTATION_CONTEXT(2) 
PARAMETRIC_REPRESENTATION_CONTEXT() REPRESENTATION_CONTEXT('2D SPACE',''
  ) );
#12262 = ORIENTED_EDGE('',*,*,#9833,.F.);
#12263 = ADVANCED_FACE('',(#12264),#4452,.T.);
#12264 = FACE_BOUND('',#12265,.F.);
#12265 = EDGE_LOOP('',(#12266,#12267,#12268,#12269,#12270,#12271,#12272,
    #12273));
#12266 = ORIENTED_EDGE('',*,*,#11446,.F.);
#12267 = ORIENTED_EDGE('',*,*,#10849,.T.);
#12268 = ORIENTED_EDGE('',*,*,#10948,.T.);
#12269 = ORIENTED_EDGE('',*,*,#11303,.F.);
#12270 = ORIENTED_EDGE('',*,*,#12068,.F.);
#12271 = ORIENTED_EDGE('',*,*,#9744,.F.);
#12272 = ORIENTED_EDGE('',*,*,#4396,.T.);
#12273 = ORIENTED_EDGE('',*,*,#12274,.F.);
#12274 = EDGE_CURVE('',#11447,#4399,#12275,.T.);
#12275 = SURFACE_CURVE('',#12276,(#12280,#12286),.PCURVE_S1.);
#12276 = LINE('',#12277,#12278);
#12277 = CARTESIAN_POINT('',(14.6,-17.43397459621,-5.));
#12278 = VECTOR('',#12279,1.);
#12279 = DIRECTION('',(1.,0.,0.));
#12280 = PCURVE('',#4452,#12281);
#12281 = DEFINITIONAL_REPRESENTATION('',(#12282),#12285);
#12282 = B_SPLINE_CURVE_WITH_KNOTS('',1,(#12283,#12284),.UNSPECIFIED.,
  .F.,.F.,(2,2),(0.9999994,4.96),.PIECEWISE_BEZIER_KNOTS.);
#12283 = CARTESIAN_POINT('',(-0.523598775598,0.9999994));
#12284 = CARTESIAN_POINT('',(-0.523598775598,4.96));
#12285 = ( GEOMETRIC_REPRESENTATION_CONTEXT(2) 
PARAMETRIC_REPRESENTATION_CONTEXT() REPRESENTATION_CONTEXT('2D SPACE',''
  ) );
#12286 = PCURVE('',#4137,#12287);
#12287 = DEFINITIONAL_REPRESENTATION('',(#12288),#12291);
#12288 = B_SPLINE_CURVE_WITH_KNOTS('',1,(#12289,#12290),.UNSPECIFIED.,
  .F.,.F.,(2,2),(0.9999994,4.96),.PIECEWISE_BEZIER_KNOTS.);
#12289 = CARTESIAN_POINT('',(0.9999994,11.566025403784));
#12290 = CARTESIAN_POINT('',(4.96,11.566025403784));
#12291 = ( GEOMETRIC_REPRESENTATION_CONTEXT(2) 
PARAMETRIC_REPRESENTATION_CONTEXT() REPRESENTATION_CONTEXT('2D SPACE',''
  ) );
#12292 = ADVANCED_FACE('',(#12293),#4137,.F.);
#12293 = FACE_BOUND('',#12294,.F.);
#12294 = EDGE_LOOP('',(#12295,#12316,#12317,#12318,#12319,#12320,#12321,
    #12322,#12323,#12324));
#12295 = ORIENTED_EDGE('',*,*,#12296,.F.);
#12296 = EDGE_CURVE('',#11447,#4123,#12297,.T.);
#12297 = SURFACE_CURVE('',#12298,(#12302,#12309),.PCURVE_S1.);
#12298 = LINE('',#12299,#12300);
#12299 = CARTESIAN_POINT('',(15.6,-29.,-5.));
#12300 = VECTOR('',#12301,1.);
#12301 = DIRECTION('',(0.,1.,0.));
#12302 = PCURVE('',#4137,#12303);
#12303 = DEFINITIONAL_REPRESENTATION('',(#12304),#12308);
#12304 = LINE('',#12305,#12306);
#12305 = CARTESIAN_POINT('',(1.,0.));
#12306 = VECTOR('',#12307,1.);
#12307 = DIRECTION('',(0.,1.));
#12308 = ( GEOMETRIC_REPRESENTATION_CONTEXT(2) 
PARAMETRIC_REPRESENTATION_CONTEXT() REPRESENTATION_CONTEXT('2D SPACE',''
  ) );
#12309 = PCURVE('',#4212,#12310);
#12310 = DEFINITIONAL_REPRESENTATION('',(#12311),#12315);
#12311 = LINE('',#12312,#12313);
#12312 = CARTESIAN_POINT('',(-1.570796326795,0.));
#12313 = VECTOR('',#12314,1.);
#12314 = DIRECTION('',(-0.,1.));
#12315 = ( GEOMETRIC_REPRESENTATION_CONTEXT(2) 
PARAMETRIC_REPRESENTATION_CONTEXT() REPRESENTATION_CONTEXT('2D SPACE',''
  ) );
#12316 = ORIENTED_EDGE('',*,*,#12274,.T.);
#12317 = ORIENTED_EDGE('',*,*,#4483,.T.);
#12318 = ORIENTED_EDGE('',*,*,#4982,.T.);
#12319 = ORIENTED_EDGE('',*,*,#5084,.F.);
#12320 = ORIENTED_EDGE('',*,*,#9549,.T.);
#12321 = ORIENTED_EDGE('',*,*,#9493,.F.);
#12322 = ORIENTED_EDGE('',*,*,#9718,.F.);
#12323 = ORIENTED_EDGE('',*,*,#4849,.T.);
#12324 = ORIENTED_EDGE('',*,*,#4122,.F.);
#12325 = ADVANCED_FACE('',(#12326),#4212,.T.);
#12326 = FACE_BOUND('',#12327,.F.);
#12327 = EDGE_LOOP('',(#12328,#12329,#12330,#12331,#12352));
#12328 = ORIENTED_EDGE('',*,*,#11468,.F.);
#12329 = ORIENTED_EDGE('',*,*,#12296,.T.);
#12330 = ORIENTED_EDGE('',*,*,#4148,.F.);
#12331 = ORIENTED_EDGE('',*,*,#12332,.F.);
#12332 = EDGE_CURVE('',#11594,#4149,#12333,.T.);
#12333 = SURFACE_CURVE('',#12334,(#12338,#12345),.PCURVE_S1.);
#12334 = LINE('',#12335,#12336);
#12335 = CARTESIAN_POINT('',(14.6,-29.,-4.));
#12336 = VECTOR('',#12337,1.);
#12337 = DIRECTION('',(0.,1.,0.));
#12338 = PCURVE('',#4212,#12339);
#12339 = DEFINITIONAL_REPRESENTATION('',(#12340),#12344);
#12340 = LINE('',#12341,#12342);
#12341 = CARTESIAN_POINT('',(-0.,0.));
#12342 = VECTOR('',#12343,1.);
#12343 = DIRECTION('',(-0.,1.));
#12344 = ( GEOMETRIC_REPRESENTATION_CONTEXT(2) 
PARAMETRIC_REPRESENTATION_CONTEXT() REPRESENTATION_CONTEXT('2D SPACE',''
  ) );
#12345 = PCURVE('',#414,#12346);
#12346 = DEFINITIONAL_REPRESENTATION('',(#12347),#12351);
#12347 = LINE('',#12348,#12349);
#12348 = CARTESIAN_POINT('',(1.,0.));
#12349 = VECTOR('',#12350,1.);
#12350 = DIRECTION('',(0.,-1.));
#12351 = ( GEOMETRIC_REPRESENTATION_CONTEXT(2) 
PARAMETRIC_REPRESENTATION_CONTEXT() REPRESENTATION_CONTEXT('2D SPACE',''
  ) );
#12352 = ORIENTED_EDGE('',*,*,#11617,.F.);
#12353 = ADVANCED_FACE('',(#12354),#4336,.T.);
#12354 = FACE_BOUND('',#12355,.F.);
#12355 = EDGE_LOOP('',(#12356,#12357,#12380,#12407));
#12356 = ORIENTED_EDGE('',*,*,#4272,.T.);
#12357 = ORIENTED_EDGE('',*,*,#12358,.F.);
#12358 = EDGE_CURVE('',#12359,#4273,#12361,.T.);
#12359 = VERTEX_POINT('',#12360);
#12360 = CARTESIAN_POINT('',(15.6,24.7,-5.));
#12361 = SURFACE_CURVE('',#12362,(#12366,#12373),.PCURVE_S1.);
#12362 = LINE('',#12363,#12364);
#12363 = CARTESIAN_POINT('',(15.6,24.7,-5.));
#12364 = VECTOR('',#12365,1.);
#12365 = DIRECTION('',(0.,-1.,0.));
#12366 = PCURVE('',#4336,#12367);
#12367 = DEFINITIONAL_REPRESENTATION('',(#12368),#12372);
#12368 = LINE('',#12369,#12370);
#12369 = CARTESIAN_POINT('',(-1.570796326795,53.7));
#12370 = VECTOR('',#12371,1.);
#12371 = DIRECTION('',(-0.,-1.));
#12372 = ( GEOMETRIC_REPRESENTATION_CONTEXT(2) 
PARAMETRIC_REPRESENTATION_CONTEXT() REPRESENTATION_CONTEXT('2D SPACE',''
  ) );
#12373 = PCURVE('',#3878,#12374);
#12374 = DEFINITIONAL_REPRESENTATION('',(#12375),#12379);
#12375 = LINE('',#12376,#12377);
#12376 = CARTESIAN_POINT('',(1.,53.7));
#12377 = VECTOR('',#12378,1.);
#12378 = DIRECTION('',(0.,-1.));
#12379 = ( GEOMETRIC_REPRESENTATION_CONTEXT(2) 
PARAMETRIC_REPRESENTATION_CONTEXT() REPRESENTATION_CONTEXT('2D SPACE',''
  ) );
#12380 = ORIENTED_EDGE('',*,*,#12381,.T.);
#12381 = EDGE_CURVE('',#12359,#12382,#12384,.T.);
#12382 = VERTEX_POINT('',#12383);
#12383 = CARTESIAN_POINT('',(14.6,24.7,-4.));
#12384 = SURFACE_CURVE('',#12385,(#12390,#12396),.PCURVE_S1.);
#12385 = CIRCLE('',#12386,1.);
#12386 = AXIS2_PLACEMENT_3D('',#12387,#12388,#12389);
#12387 = CARTESIAN_POINT('',(15.6,24.7,-4.));
#12388 = DIRECTION('',(0.,1.,-0.));
#12389 = DIRECTION('',(-1.,0.,0.));
#12390 = PCURVE('',#4336,#12391);
#12391 = DEFINITIONAL_REPRESENTATION('',(#12392),#12395);
#12392 = B_SPLINE_CURVE_WITH_KNOTS('',1,(#12393,#12394),.UNSPECIFIED.,
  .F.,.F.,(2,2),(4.712388980385,6.28318530718),
  .PIECEWISE_BEZIER_KNOTS.);
#12393 = CARTESIAN_POINT('',(-1.570796326795,53.7));
#12394 = CARTESIAN_POINT('',(0.,53.7));
#12395 = ( GEOMETRIC_REPRESENTATION_CONTEXT(2) 
PARAMETRIC_REPRESENTATION_CONTEXT() REPRESENTATION_CONTEXT('2D SPACE',''
  ) );
#12396 = PCURVE('',#12397,#12402);
#12397 = SPHERICAL_SURFACE('',#12398,1.);
#12398 = AXIS2_PLACEMENT_3D('',#12399,#12400,#12401);
#12399 = CARTESIAN_POINT('',(15.6,24.7,-4.));
#12400 = DIRECTION('',(0.,0.,1.));
#12401 = DIRECTION('',(-1.,0.,0.));
#12402 = DEFINITIONAL_REPRESENTATION('',(#12403),#12406);
#12403 = B_SPLINE_CURVE_WITH_KNOTS('',1,(#12404,#12405),.UNSPECIFIED.,
  .F.,.F.,(2,2),(4.712388980385,6.28318530718),
  .PIECEWISE_BEZIER_KNOTS.);
#12404 = CARTESIAN_POINT('',(0.,-1.570796326795));
#12405 = CARTESIAN_POINT('',(0.,0.));
#12406 = ( GEOMETRIC_REPRESENTATION_CONTEXT(2) 
PARAMETRIC_REPRESENTATION_CONTEXT() REPRESENTATION_CONTEXT('2D SPACE',''
  ) );
#12407 = ORIENTED_EDGE('',*,*,#12408,.T.);
#12408 = EDGE_CURVE('',#12382,#4249,#12409,.T.);
#12409 = SURFACE_CURVE('',#12410,(#12414,#12421),.PCURVE_S1.);
#12410 = LINE('',#12411,#12412);
#12411 = CARTESIAN_POINT('',(14.6,24.7,-4.));
#12412 = VECTOR('',#12413,1.);
#12413 = DIRECTION('',(0.,-1.,-2.132369587685E-15));
#12414 = PCURVE('',#4336,#12415);
#12415 = DEFINITIONAL_REPRESENTATION('',(#12416),#12420);
#12416 = LINE('',#12417,#12418);
#12417 = CARTESIAN_POINT('',(-0.,53.7));
#12418 = VECTOR('',#12419,1.);
#12419 = DIRECTION('',(-0.,-1.));
#12420 = ( GEOMETRIC_REPRESENTATION_CONTEXT(2) 
PARAMETRIC_REPRESENTATION_CONTEXT() REPRESENTATION_CONTEXT('2D SPACE',''
  ) );
#12421 = PCURVE('',#414,#12422);
#12422 = DEFINITIONAL_REPRESENTATION('',(#12423),#12427);
#12423 = LINE('',#12424,#12425);
#12424 = CARTESIAN_POINT('',(1.,-53.7));
#12425 = VECTOR('',#12426,1.);
#12426 = DIRECTION('',(-2.132369587685E-15,1.));
#12427 = ( GEOMETRIC_REPRESENTATION_CONTEXT(2) 
PARAMETRIC_REPRESENTATION_CONTEXT() REPRESENTATION_CONTEXT('2D SPACE',''
  ) );
#12428 = ADVANCED_FACE('',(#12429),#12397,.T.);
#12429 = FACE_BOUND('',#12430,.F.);
#12430 = EDGE_LOOP('',(#12431,#12432,#12454));
#12431 = ORIENTED_EDGE('',*,*,#12381,.F.);
#12432 = ORIENTED_EDGE('',*,*,#12433,.T.);
#12433 = EDGE_CURVE('',#12359,#12434,#12436,.T.);
#12434 = VERTEX_POINT('',#12435);
#12435 = CARTESIAN_POINT('',(15.6,25.7,-4.));
#12436 = SURFACE_CURVE('',#12437,(#12442,#12448),.PCURVE_S1.);
#12437 = CIRCLE('',#12438,1.);
#12438 = AXIS2_PLACEMENT_3D('',#12439,#12440,#12441);
#12439 = CARTESIAN_POINT('',(15.6,24.7,-4.));
#12440 = DIRECTION('',(1.,6.123233995737E-17,-0.));
#12441 = DIRECTION('',(-6.123233995737E-17,1.,0.));
#12442 = PCURVE('',#12397,#12443);
#12443 = DEFINITIONAL_REPRESENTATION('',(#12444),#12447);
#12444 = B_SPLINE_CURVE_WITH_KNOTS('',1,(#12445,#12446),.UNSPECIFIED.,
  .F.,.F.,(2,2),(4.712388980385,6.28318530718),
  .PIECEWISE_BEZIER_KNOTS.);
#12445 = CARTESIAN_POINT('',(-1.570796326795,-1.570796326795));
#12446 = CARTESIAN_POINT('',(-1.570796326795,0.));
#12447 = ( GEOMETRIC_REPRESENTATION_CONTEXT(2) 
PARAMETRIC_REPRESENTATION_CONTEXT() REPRESENTATION_CONTEXT('2D SPACE',''
  ) );
#12448 = PCURVE('',#2516,#12449);
#12449 = DEFINITIONAL_REPRESENTATION('',(#12450),#12453);
#12450 = B_SPLINE_CURVE_WITH_KNOTS('',1,(#12451,#12452),.UNSPECIFIED.,
  .F.,.F.,(2,2),(4.712388980385,6.28318530718),
  .PIECEWISE_BEZIER_KNOTS.);
#12451 = CARTESIAN_POINT('',(-1.570796326795,-59.2));
#12452 = CARTESIAN_POINT('',(0.,-59.2));
#12453 = ( GEOMETRIC_REPRESENTATION_CONTEXT(2) 
PARAMETRIC_REPRESENTATION_CONTEXT() REPRESENTATION_CONTEXT('2D SPACE',''
  ) );
#12454 = ORIENTED_EDGE('',*,*,#12455,.F.);
#12455 = EDGE_CURVE('',#12382,#12434,#12456,.T.);
#12456 = SURFACE_CURVE('',#12457,(#12462,#12469),.PCURVE_S1.);
#12457 = CIRCLE('',#12458,1.);
#12458 = AXIS2_PLACEMENT_3D('',#12459,#12460,#12461);
#12459 = CARTESIAN_POINT('',(15.6,24.7,-4.));
#12460 = DIRECTION('',(-0.,0.,-1.));
#12461 = DIRECTION('',(-1.,0.,0.));
#12462 = PCURVE('',#12397,#12463);
#12463 = DEFINITIONAL_REPRESENTATION('',(#12464),#12468);
#12464 = LINE('',#12465,#12466);
#12465 = CARTESIAN_POINT('',(-0.,0.));
#12466 = VECTOR('',#12467,1.);
#12467 = DIRECTION('',(-1.,0.));
#12468 = ( GEOMETRIC_REPRESENTATION_CONTEXT(2) 
PARAMETRIC_REPRESENTATION_CONTEXT() REPRESENTATION_CONTEXT('2D SPACE',''
  ) );
#12469 = PCURVE('',#12470,#12475);
#12470 = CYLINDRICAL_SURFACE('',#12471,1.);
#12471 = AXIS2_PLACEMENT_3D('',#12472,#12473,#12474);
#12472 = CARTESIAN_POINT('',(15.6,24.7,-5.));
#12473 = DIRECTION('',(0.,0.,1.));
#12474 = DIRECTION('',(-1.,-0.,0.));
#12475 = DEFINITIONAL_REPRESENTATION('',(#12476),#12480);
#12476 = LINE('',#12477,#12478);
#12477 = CARTESIAN_POINT('',(-0.,1.));
#12478 = VECTOR('',#12479,1.);
#12479 = DIRECTION('',(-1.,0.));
#12480 = ( GEOMETRIC_REPRESENTATION_CONTEXT(2) 
PARAMETRIC_REPRESENTATION_CONTEXT() REPRESENTATION_CONTEXT('2D SPACE',''
  ) );
#12481 = ADVANCED_FACE('',(#12482),#12470,.T.);
#12482 = FACE_BOUND('',#12483,.F.);
#12483 = EDGE_LOOP('',(#12484,#12507,#12508,#12531));
#12484 = ORIENTED_EDGE('',*,*,#12485,.F.);
#12485 = EDGE_CURVE('',#12382,#12486,#12488,.T.);
#12486 = VERTEX_POINT('',#12487);
#12487 = CARTESIAN_POINT('',(14.6,24.7,2.5));
#12488 = SURFACE_CURVE('',#12489,(#12493,#12500),.PCURVE_S1.);
#12489 = LINE('',#12490,#12491);
#12490 = CARTESIAN_POINT('',(14.6,24.7,-5.));
#12491 = VECTOR('',#12492,1.);
#12492 = DIRECTION('',(0.,0.,1.));
#12493 = PCURVE('',#12470,#12494);
#12494 = DEFINITIONAL_REPRESENTATION('',(#12495),#12499);
#12495 = LINE('',#12496,#12497);
#12496 = CARTESIAN_POINT('',(-0.,0.));
#12497 = VECTOR('',#12498,1.);
#12498 = DIRECTION('',(-0.,1.));
#12499 = ( GEOMETRIC_REPRESENTATION_CONTEXT(2) 
PARAMETRIC_REPRESENTATION_CONTEXT() REPRESENTATION_CONTEXT('2D SPACE',''
  ) );
#12500 = PCURVE('',#414,#12501);
#12501 = DEFINITIONAL_REPRESENTATION('',(#12502),#12506);
#12502 = LINE('',#12503,#12504);
#12503 = CARTESIAN_POINT('',(0.,-53.7));
#12504 = VECTOR('',#12505,1.);
#12505 = DIRECTION('',(1.,0.));
#12506 = ( GEOMETRIC_REPRESENTATION_CONTEXT(2) 
PARAMETRIC_REPRESENTATION_CONTEXT() REPRESENTATION_CONTEXT('2D SPACE',''
  ) );
#12507 = ORIENTED_EDGE('',*,*,#12455,.T.);
#12508 = ORIENTED_EDGE('',*,*,#12509,.T.);
#12509 = EDGE_CURVE('',#12434,#12510,#12512,.T.);
#12510 = VERTEX_POINT('',#12511);
#12511 = CARTESIAN_POINT('',(15.6,25.7,2.5));
#12512 = SURFACE_CURVE('',#12513,(#12517,#12524),.PCURVE_S1.);
#12513 = LINE('',#12514,#12515);
#12514 = CARTESIAN_POINT('',(15.6,25.7,-5.));
#12515 = VECTOR('',#12516,1.);
#12516 = DIRECTION('',(0.,0.,1.));
#12517 = PCURVE('',#12470,#12518);
#12518 = DEFINITIONAL_REPRESENTATION('',(#12519),#12523);
#12519 = LINE('',#12520,#12521);
#12520 = CARTESIAN_POINT('',(-1.570796326795,0.));
#12521 = VECTOR('',#12522,1.);
#12522 = DIRECTION('',(-0.,1.));
#12523 = ( GEOMETRIC_REPRESENTATION_CONTEXT(2) 
PARAMETRIC_REPRESENTATION_CONTEXT() REPRESENTATION_CONTEXT('2D SPACE',''
  ) );
#12524 = PCURVE('',#2879,#12525);
#12525 = DEFINITIONAL_REPRESENTATION('',(#12526),#12530);
#12526 = LINE('',#12527,#12528);
#12527 = CARTESIAN_POINT('',(0.,-59.2));
#12528 = VECTOR('',#12529,1.);
#12529 = DIRECTION('',(1.,0.));
#12530 = ( GEOMETRIC_REPRESENTATION_CONTEXT(2) 
PARAMETRIC_REPRESENTATION_CONTEXT() REPRESENTATION_CONTEXT('2D SPACE',''
  ) );
#12531 = ORIENTED_EDGE('',*,*,#12532,.T.);
#12532 = EDGE_CURVE('',#12510,#12486,#12533,.T.);
#12533 = SURFACE_CURVE('',#12534,(#12539,#12545),.PCURVE_S1.);
#12534 = CIRCLE('',#12535,1.);
#12535 = AXIS2_PLACEMENT_3D('',#12536,#12537,#12538);
#12536 = CARTESIAN_POINT('',(15.6,24.7,2.5));
#12537 = DIRECTION('',(0.,0.,1.));
#12538 = DIRECTION('',(-1.,0.,0.));
#12539 = PCURVE('',#12470,#12540);
#12540 = DEFINITIONAL_REPRESENTATION('',(#12541),#12544);
#12541 = B_SPLINE_CURVE_WITH_KNOTS('',1,(#12542,#12543),.UNSPECIFIED.,
  .F.,.F.,(2,2),(4.712388980385,6.28318530718),
  .PIECEWISE_BEZIER_KNOTS.);
#12542 = CARTESIAN_POINT('',(-1.570796326795,7.5));
#12543 = CARTESIAN_POINT('',(0.,7.5));
#12544 = ( GEOMETRIC_REPRESENTATION_CONTEXT(2) 
PARAMETRIC_REPRESENTATION_CONTEXT() REPRESENTATION_CONTEXT('2D SPACE',''
  ) );
#12545 = PCURVE('',#12546,#12551);
#12546 = SPHERICAL_SURFACE('',#12547,1.);
#12547 = AXIS2_PLACEMENT_3D('',#12548,#12549,#12550);
#12548 = CARTESIAN_POINT('',(15.6,24.7,2.5));
#12549 = DIRECTION('',(-0.,-1.,-0.));
#12550 = DIRECTION('',(-1.,0.,0.));
#12551 = DEFINITIONAL_REPRESENTATION('',(#12552),#12555);
#12552 = B_SPLINE_CURVE_WITH_KNOTS('',1,(#12553,#12554),.UNSPECIFIED.,
  .F.,.F.,(2,2),(4.712388980385,6.28318530718),
  .PIECEWISE_BEZIER_KNOTS.);
#12553 = CARTESIAN_POINT('',(0.,-1.570796326795));
#12554 = CARTESIAN_POINT('',(0.,0.));
#12555 = ( GEOMETRIC_REPRESENTATION_CONTEXT(2) 
PARAMETRIC_REPRESENTATION_CONTEXT() REPRESENTATION_CONTEXT('2D SPACE',''
  ) );
#12556 = ADVANCED_FACE('',(#12557),#12546,.T.);
#12557 = FACE_BOUND('',#12558,.F.);
#12558 = EDGE_LOOP('',(#12559,#12560,#12580));
#12559 = ORIENTED_EDGE('',*,*,#12532,.F.);
#12560 = ORIENTED_EDGE('',*,*,#12561,.T.);
#12561 = EDGE_CURVE('',#12510,#1175,#12562,.T.);
#12562 = SURFACE_CURVE('',#12563,(#12568,#12574),.PCURVE_S1.);
#12563 = CIRCLE('',#12564,1.);
#12564 = AXIS2_PLACEMENT_3D('',#12565,#12566,#12567);
#12565 = CARTESIAN_POINT('',(15.6,24.7,2.5));
#12566 = DIRECTION('',(1.,0.,6.123233995737E-17));
#12567 = DIRECTION('',(-6.123233995737E-17,0.,1.));
#12568 = PCURVE('',#12546,#12569);
#12569 = DEFINITIONAL_REPRESENTATION('',(#12570),#12573);
#12570 = B_SPLINE_CURVE_WITH_KNOTS('',1,(#12571,#12572),.UNSPECIFIED.,
  .F.,.F.,(2,2),(4.712388980385,6.28318530718),
  .PIECEWISE_BEZIER_KNOTS.);
#12571 = CARTESIAN_POINT('',(-1.570796326795,-1.570796326795));
#12572 = CARTESIAN_POINT('',(-1.570796326795,0.));
#12573 = ( GEOMETRIC_REPRESENTATION_CONTEXT(2) 
PARAMETRIC_REPRESENTATION_CONTEXT() REPRESENTATION_CONTEXT('2D SPACE',''
  ) );
#12574 = PCURVE('',#1190,#12575);
#12575 = DEFINITIONAL_REPRESENTATION('',(#12576),#12579);
#12576 = B_SPLINE_CURVE_WITH_KNOTS('',1,(#12577,#12578),.UNSPECIFIED.,
  .F.,.F.,(2,2),(4.712388980385,6.28318530718),
  .PIECEWISE_BEZIER_KNOTS.);
#12577 = CARTESIAN_POINT('',(0.,-59.2));
#12578 = CARTESIAN_POINT('',(1.570796326795,-59.2));
#12579 = ( GEOMETRIC_REPRESENTATION_CONTEXT(2) 
PARAMETRIC_REPRESENTATION_CONTEXT() REPRESENTATION_CONTEXT('2D SPACE',''
  ) );
#12580 = ORIENTED_EDGE('',*,*,#12581,.F.);
#12581 = EDGE_CURVE('',#12486,#1175,#12582,.T.);
#12582 = SURFACE_CURVE('',#12583,(#12588,#12595),.PCURVE_S1.);
#12583 = CIRCLE('',#12584,1.);
#12584 = AXIS2_PLACEMENT_3D('',#12585,#12586,#12587);
#12585 = CARTESIAN_POINT('',(15.6,24.7,2.5));
#12586 = DIRECTION('',(0.,1.,0.));
#12587 = DIRECTION('',(-1.,0.,0.));
#12588 = PCURVE('',#12546,#12589);
#12589 = DEFINITIONAL_REPRESENTATION('',(#12590),#12594);
#12590 = LINE('',#12591,#12592);
#12591 = CARTESIAN_POINT('',(-0.,0.));
#12592 = VECTOR('',#12593,1.);
#12593 = DIRECTION('',(-1.,0.));
#12594 = ( GEOMETRIC_REPRESENTATION_CONTEXT(2) 
PARAMETRIC_REPRESENTATION_CONTEXT() REPRESENTATION_CONTEXT('2D SPACE',''
  ) );
#12595 = PCURVE('',#1218,#12596);
#12596 = DEFINITIONAL_REPRESENTATION('',(#12597),#12601);
#12597 = LINE('',#12598,#12599);
#12598 = CARTESIAN_POINT('',(0.,53.7));
#12599 = VECTOR('',#12600,1.);
#12600 = DIRECTION('',(1.,0.));
#12601 = ( GEOMETRIC_REPRESENTATION_CONTEXT(2) 
PARAMETRIC_REPRESENTATION_CONTEXT() REPRESENTATION_CONTEXT('2D SPACE',''
  ) );
#12602 = ADVANCED_FACE('',(#12603),#3878,.F.);
#12603 = FACE_BOUND('',#12604,.F.);
#12604 = EDGE_LOOP('',(#12605,#12606,#12607,#12608,#12609,#12610,#12631)
  );
#12605 = ORIENTED_EDGE('',*,*,#4372,.T.);
#12606 = ORIENTED_EDGE('',*,*,#3862,.T.);
#12607 = ORIENTED_EDGE('',*,*,#8329,.F.);
#12608 = ORIENTED_EDGE('',*,*,#8303,.F.);
#12609 = ORIENTED_EDGE('',*,*,#8221,.F.);
#12610 = ORIENTED_EDGE('',*,*,#12611,.F.);
#12611 = EDGE_CURVE('',#12359,#8112,#12612,.T.);
#12612 = SURFACE_CURVE('',#12613,(#12617,#12624),.PCURVE_S1.);
#12613 = LINE('',#12614,#12615);
#12614 = CARTESIAN_POINT('',(14.6,24.7,-5.));
#12615 = VECTOR('',#12616,1.);
#12616 = DIRECTION('',(1.,0.,0.));
#12617 = PCURVE('',#3878,#12618);
#12618 = DEFINITIONAL_REPRESENTATION('',(#12619),#12623);
#12619 = LINE('',#12620,#12621);
#12620 = CARTESIAN_POINT('',(0.,53.7));
#12621 = VECTOR('',#12622,1.);
#12622 = DIRECTION('',(1.,0.));
#12623 = ( GEOMETRIC_REPRESENTATION_CONTEXT(2) 
PARAMETRIC_REPRESENTATION_CONTEXT() REPRESENTATION_CONTEXT('2D SPACE',''
  ) );
#12624 = PCURVE('',#2516,#12625);
#12625 = DEFINITIONAL_REPRESENTATION('',(#12626),#12630);
#12626 = LINE('',#12627,#12628);
#12627 = CARTESIAN_POINT('',(-1.570796326795,-60.2));
#12628 = VECTOR('',#12629,1.);
#12629 = DIRECTION('',(-0.,1.));
#12630 = ( GEOMETRIC_REPRESENTATION_CONTEXT(2) 
PARAMETRIC_REPRESENTATION_CONTEXT() REPRESENTATION_CONTEXT('2D SPACE',''
  ) );
#12631 = ORIENTED_EDGE('',*,*,#12358,.T.);
#12632 = ADVANCED_FACE('',(#12633),#3944,.T.);
#12633 = FACE_BOUND('',#12634,.T.);
#12634 = EDGE_LOOP('',(#12635,#12655,#12656));
#12635 = ORIENTED_EDGE('',*,*,#12636,.F.);
#12636 = EDGE_CURVE('',#3891,#8410,#12637,.T.);
#12637 = SURFACE_CURVE('',#12638,(#12643,#12649),.PCURVE_S1.);
#12638 = CIRCLE('',#12639,1.);
#12639 = AXIS2_PLACEMENT_3D('',#12640,#12641,#12642);
#12640 = CARTESIAN_POINT('',(19.2,16.2,-5.));
#12641 = DIRECTION('',(-0.,1.,0.));
#12642 = DIRECTION('',(1.,0.,0.));
#12643 = PCURVE('',#3944,#12644);
#12644 = DEFINITIONAL_REPRESENTATION('',(#12645),#12648);
#12645 = B_SPLINE_CURVE_WITH_KNOTS('',1,(#12646,#12647),.UNSPECIFIED.,
  .F.,.F.,(2,2),(4.712388980385,6.28318530718),
  .PIECEWISE_BEZIER_KNOTS.);
#12646 = CARTESIAN_POINT('',(0.,-1.570796326795));
#12647 = CARTESIAN_POINT('',(0.,0.));
#12648 = ( GEOMETRIC_REPRESENTATION_CONTEXT(2) 
PARAMETRIC_REPRESENTATION_CONTEXT() REPRESENTATION_CONTEXT('2D SPACE',''
  ) );
#12649 = PCURVE('',#3588,#12650);
#12650 = DEFINITIONAL_REPRESENTATION('',(#12651),#12654);
#12651 = B_SPLINE_CURVE_WITH_KNOTS('',1,(#12652,#12653),.UNSPECIFIED.,
  .F.,.F.,(2,2),(4.712388980385,6.28318530718),
  .PIECEWISE_BEZIER_KNOTS.);
#12652 = CARTESIAN_POINT('',(-1.570796326795,1.));
#12653 = CARTESIAN_POINT('',(0.,1.));
#12654 = ( GEOMETRIC_REPRESENTATION_CONTEXT(2) 
PARAMETRIC_REPRESENTATION_CONTEXT() REPRESENTATION_CONTEXT('2D SPACE',''
  ) );
#12655 = ORIENTED_EDGE('',*,*,#3890,.T.);
#12656 = ORIENTED_EDGE('',*,*,#8460,.F.);
#12657 = ADVANCED_FACE('',(#12658),#3588,.T.);
#12658 = FACE_BOUND('',#12659,.F.);
#12659 = EDGE_LOOP('',(#12660,#12661,#12662,#12663));
#12660 = ORIENTED_EDGE('',*,*,#12636,.F.);
#12661 = ORIENTED_EDGE('',*,*,#3975,.T.);
#12662 = ORIENTED_EDGE('',*,*,#3490,.T.);
#12663 = ORIENTED_EDGE('',*,*,#12664,.F.);
#12664 = EDGE_CURVE('',#8410,#3434,#12665,.T.);
#12665 = SURFACE_CURVE('',#12666,(#12670,#12677),.PCURVE_S1.);
#12666 = LINE('',#12667,#12668);
#12667 = CARTESIAN_POINT('',(20.2,15.2,-5.));
#12668 = VECTOR('',#12669,1.);
#12669 = DIRECTION('',(0.,1.,0.));
#12670 = PCURVE('',#3588,#12671);
#12671 = DEFINITIONAL_REPRESENTATION('',(#12672),#12676);
#12672 = LINE('',#12673,#12674);
#12673 = CARTESIAN_POINT('',(-0.,0.));
#12674 = VECTOR('',#12675,1.);
#12675 = DIRECTION('',(-0.,1.));
#12676 = ( GEOMETRIC_REPRESENTATION_CONTEXT(2) 
PARAMETRIC_REPRESENTATION_CONTEXT() REPRESENTATION_CONTEXT('2D SPACE',''
  ) );
#12677 = PCURVE('',#3449,#12678);
#12678 = DEFINITIONAL_REPRESENTATION('',(#12679),#12683);
#12679 = LINE('',#12680,#12681);
#12680 = CARTESIAN_POINT('',(17.,0.));
#12681 = VECTOR('',#12682,1.);
#12682 = DIRECTION('',(0.,-1.));
#12683 = ( GEOMETRIC_REPRESENTATION_CONTEXT(2) 
PARAMETRIC_REPRESENTATION_CONTEXT() REPRESENTATION_CONTEXT('2D SPACE',''
  ) );
#12684 = ADVANCED_FACE('',(#12685),#3449,.T.);
#12685 = FACE_BOUND('',#12686,.T.);
#12686 = EDGE_LOOP('',(#12687,#12688,#12689,#12690,#12691,#12692));
#12687 = ORIENTED_EDGE('',*,*,#8407,.F.);
#12688 = ORIENTED_EDGE('',*,*,#8634,.T.);
#12689 = ORIENTED_EDGE('',*,*,#7593,.T.);
#12690 = ORIENTED_EDGE('',*,*,#7847,.F.);
#12691 = ORIENTED_EDGE('',*,*,#3433,.F.);
#12692 = ORIENTED_EDGE('',*,*,#12664,.F.);
#12693 = ADVANCED_FACE('',(#12694),#3377,.T.);
#12694 = FACE_BOUND('',#12695,.F.);
#12695 = EDGE_LOOP('',(#12696,#12719,#12812,#12813));
#12696 = ORIENTED_EDGE('',*,*,#12697,.F.);
#12697 = EDGE_CURVE('',#12698,#3643,#12700,.T.);
#12698 = VERTEX_POINT('',#12699);
#12699 = CARTESIAN_POINT('',(74.8,5.12347538298,-4.));
#12700 = SURFACE_CURVE('',#12701,(#12705,#12712),.PCURVE_S1.);
#12701 = LINE('',#12702,#12703);
#12702 = CARTESIAN_POINT('',(74.8,-29.,-4.));
#12703 = VECTOR('',#12704,1.);
#12704 = DIRECTION('',(0.,1.,0.));
#12705 = PCURVE('',#3377,#12706);
#12706 = DEFINITIONAL_REPRESENTATION('',(#12707),#12711);
#12707 = LINE('',#12708,#12709);
#12708 = CARTESIAN_POINT('',(-0.,0.));
#12709 = VECTOR('',#12710,1.);
#12710 = DIRECTION('',(-0.,1.));
#12711 = ( GEOMETRIC_REPRESENTATION_CONTEXT(2) 
PARAMETRIC_REPRESENTATION_CONTEXT() REPRESENTATION_CONTEXT('2D SPACE',''
  ) );
#12712 = PCURVE('',#1847,#12713);
#12713 = DEFINITIONAL_REPRESENTATION('',(#12714),#12718);
#12714 = LINE('',#12715,#12716);
#12715 = CARTESIAN_POINT('',(1.,0.));
#12716 = VECTOR('',#12717,1.);
#12717 = DIRECTION('',(0.,-1.));
#12718 = ( GEOMETRIC_REPRESENTATION_CONTEXT(2) 
PARAMETRIC_REPRESENTATION_CONTEXT() REPRESENTATION_CONTEXT('2D SPACE',''
  ) );
#12719 = ORIENTED_EDGE('',*,*,#12720,.T.);
#12720 = EDGE_CURVE('',#12698,#3360,#12721,.T.);
#12721 = SURFACE_CURVE('',#12722,(#12750,#12781),.PCURVE_S1.);
#12722 = B_SPLINE_CURVE_WITH_KNOTS('',6,(#12723,#12724,#12725,#12726,
    #12727,#12728,#12729,#12730,#12731,#12732,#12733,#12734,#12735,
    #12736,#12737,#12738,#12739,#12740,#12741,#12742,#12743,#12744,
    #12745,#12746,#12747,#12748,#12749),.UNSPECIFIED.,.F.,.F.,(7,5,5,5,5
    ,7),(0.,0.119012554426,0.352263541817,0.623108245099,0.733073179644,
    1.),.UNSPECIFIED.);
#12723 = CARTESIAN_POINT('',(74.8,5.12347538298,-4.));
#12724 = CARTESIAN_POINT('',(74.8,5.098596791954,-4.03186621217));
#12725 = CARTESIAN_POINT('',(74.801218544242,5.073484116793,
    -4.063541902489));
#12726 = CARTESIAN_POINT('',(74.803628322553,5.048176418213,
    -4.094977413001));
#12727 = CARTESIAN_POINT('',(74.807200744033,5.022714675141,
    -4.126125420982));
#12728 = CARTESIAN_POINT('',(74.811905937056,4.997141784702,
    -4.156940938933));
#12729 = CARTESIAN_POINT('',(74.829093436706,4.921252620226,
    -4.247040967399));
#12730 = CARTESIAN_POINT('',(74.844701320311,4.870765833619,
    -4.305238198325));
#12731 = CARTESIAN_POINT('',(74.864314941581,4.820300981483,
    -4.361746741793));
#12732 = CARTESIAN_POINT('',(74.887736016775,4.770138640452,
    -4.416361118101));
#12733 = CARTESIAN_POINT('',(74.914787986988,4.720584296844,
    -4.468889442529));
#12734 = CARTESIAN_POINT('',(74.980761204211,4.615523553273,
    -4.577503054468));
#12735 = CARTESIAN_POINT('',(75.020908790256,4.560320061302,
    -4.632823329809));
#12736 = CARTESIAN_POINT('',(75.065552061583,4.506837300538,
    -4.684859511387));
#12737 = CARTESIAN_POINT('',(75.114535111293,4.455640670469,
    -4.733331229081));
#12738 = CARTESIAN_POINT('',(75.16772656375,4.407409438935,
    -4.777900963447));
#12739 = CARTESIAN_POINT('',(75.248246050461,4.344915351316,
    -4.834491006522));
#12740 = CARTESIAN_POINT('',(75.272169266062,4.327492819347,
    -4.850119815914));
#12741 = CARTESIAN_POINT('',(75.296746926271,4.310755423244,
    -4.865002247227));
#12742 = CARTESIAN_POINT('',(75.321960817184,4.294765843941,
    -4.879104052987));
#12743 = CARTESIAN_POINT('',(75.347791979483,4.279587952801,
    -4.892390636623));
#12744 = CARTESIAN_POINT('',(75.438373309576,4.23057248966,
    -4.93501497511));
#12745 = CARTESIAN_POINT('',(75.506410709419,4.200827208314,
    -4.960364136525));
#12746 = CARTESIAN_POINT('',(75.577493055396,4.177429551341,
    -4.979966871263));
#12747 = CARTESIAN_POINT('',(75.650719577431,4.16139699193,
    -4.993283916891));
#12748 = CARTESIAN_POINT('',(75.725188448287,4.153311931459,-5.));
#12749 = CARTESIAN_POINT('',(75.8,4.153311931459,-5.));
#12750 = PCURVE('',#3377,#12751);
#12751 = DEFINITIONAL_REPRESENTATION('',(#12752),#12780);
#12752 = B_SPLINE_CURVE_WITH_KNOTS('',6,(#12753,#12754,#12755,#12756,
    #12757,#12758,#12759,#12760,#12761,#12762,#12763,#12764,#12765,
    #12766,#12767,#12768,#12769,#12770,#12771,#12772,#12773,#12774,
    #12775,#12776,#12777,#12778,#12779),.UNSPECIFIED.,.F.,.F.,(7,5,5,5,5
    ,7),(0.,0.119012554426,0.352263541817,0.623108245099,0.733073179644,
    1.),.UNSPECIFIED.);
#12753 = CARTESIAN_POINT('',(0.,34.12347538298));
#12754 = CARTESIAN_POINT('',(-3.186621217048E-02,34.098596791954));
#12755 = CARTESIAN_POINT('',(-6.354194462835E-02,34.073484116793));
#12756 = CARTESIAN_POINT('',(-9.503565352707E-02,34.048176418213));
#12757 = CARTESIAN_POINT('',(-0.126354885608,34.022714675141));
#12758 = CARTESIAN_POINT('',(-0.157506278198,33.997141784702));
#12759 = CARTESIAN_POINT('',(-0.249231003729,33.921252620226));
#12760 = CARTESIAN_POINT('',(-0.309322099718,33.870765833619));
#12761 = CARTESIAN_POINT('',(-0.368907957787,33.820300981483));
#12762 = CARTESIAN_POINT('',(-0.428111179689,33.770138640452));
#12763 = CARTESIAN_POINT('',(-0.487050215963,33.720584296844));
#12764 = CARTESIAN_POINT('',(-0.614130435074,33.615523553273));
#12765 = CARTESIAN_POINT('',(-0.682254223189,33.560320061302));
#12766 = CARTESIAN_POINT('',(-0.750478331371,33.506837300538));
#12767 = CARTESIAN_POINT('',(-0.819041986752,33.455640670469));
#12768 = CARTESIAN_POINT('',(-0.888188565693,33.407409438935));
#12769 = CARTESIAN_POINT('',(-0.986605132975,33.344915351316));
#12770 = CARTESIAN_POINT('',(-1.015164623447,33.327492819347));
#12771 = CARTESIAN_POINT('',(-1.043871559247,33.310755423244));
#12772 = CARTESIAN_POINT('',(-1.072734804315,33.294765843941));
#12773 = CARTESIAN_POINT('',(-1.101764758047,33.279587952801));
#12774 = CARTESIAN_POINT('',(-1.201873756607,33.23057248966));
#12775 = CARTESIAN_POINT('',(-1.274228796602,33.200827208314));
#12776 = CARTESIAN_POINT('',(-1.347534918426,33.177429551341));
#12777 = CARTESIAN_POINT('',(-1.421516110098,33.16139699193));
#12778 = CARTESIAN_POINT('',(-1.495984775082,33.153311931459));
#12779 = CARTESIAN_POINT('',(-1.570796326795,33.153311931459));
#12780 = ( GEOMETRIC_REPRESENTATION_CONTEXT(2) 
PARAMETRIC_REPRESENTATION_CONTEXT() REPRESENTATION_CONTEXT('2D SPACE',''
  ) );
#12781 = PCURVE('',#3293,#12782);
#12782 = DEFINITIONAL_REPRESENTATION('',(#12783),#12811);
#12783 = B_SPLINE_CURVE_WITH_KNOTS('',6,(#12784,#12785,#12786,#12787,
    #12788,#12789,#12790,#12791,#12792,#12793,#12794,#12795,#12796,
    #12797,#12798,#12799,#12800,#12801,#12802,#12803,#12804,#12805,
    #12806,#12807,#12808,#12809,#12810),.UNSPECIFIED.,.F.,.F.,(7,5,5,5,5
    ,7),(0.,0.119012554426,0.352263541817,0.623108245099,0.733073179644,
    1.),.UNSPECIFIED.);
#12784 = CARTESIAN_POINT('',(4.049515156735,0.));
#12785 = CARTESIAN_POINT('',(4.043295508978,2.830288196741E-17));
#12786 = CARTESIAN_POINT('',(4.037076807321,1.218544242252E-03));
#12787 = CARTESIAN_POINT('',(4.030868326024,3.62832255313E-03));
#12788 = CARTESIAN_POINT('',(4.024679259521,7.200744033011E-03));
#12789 = CARTESIAN_POINT('',(4.018518722415,1.190593705628E-02));
#12790 = CARTESIAN_POINT('',(4.000395423203,2.909343670617E-02));
#12791 = CARTESIAN_POINT('',(3.98854370754,4.470132031071E-02));
#12792 = CARTESIAN_POINT('',(3.976889749933,6.431494158106E-02));
#12793 = CARTESIAN_POINT('',(3.965482837376,8.773601677455E-02));
#12794 = CARTESIAN_POINT('',(3.954373860161,0.114787986988));
#12795 = CARTESIAN_POINT('',(3.931125941612,0.180761204211));
#12796 = CARTESIAN_POINT('',(3.919103999244,0.220908790256));
#12797 = CARTESIAN_POINT('',(3.907625726483,0.265552061583));
#12798 = CARTESIAN_POINT('',(3.896780471163,0.314535111293));
#12799 = CARTESIAN_POINT('',(3.88667771059,0.36772656375));
#12800 = CARTESIAN_POINT('',(3.873707153159,0.448246050461));
#12801 = CARTESIAN_POINT('',(3.870106388896,0.472169266062));
#12802 = CARTESIAN_POINT('',(3.866660738433,0.496746926271));
#12803 = CARTESIAN_POINT('',(3.863380827914,0.521960817184));
#12804 = CARTESIAN_POINT('',(3.860277489555,0.547791979483));
#12805 = CARTESIAN_POINT('',(3.85028417835,0.638373309576));
#12806 = CARTESIAN_POINT('',(3.844271951449,0.706410709419));
#12807 = CARTESIAN_POINT('',(3.839576063191,0.777493055396));
#12808 = CARTESIAN_POINT('',(3.83636957931,0.850719577431));
#12809 = CARTESIAN_POINT('',(3.834752561167,0.925188448287));
#12810 = CARTESIAN_POINT('',(3.834752561167,1.));
#12811 = ( GEOMETRIC_REPRESENTATION_CONTEXT(2) 
PARAMETRIC_REPRESENTATION_CONTEXT() REPRESENTATION_CONTEXT('2D SPACE',''
  ) );
#12812 = ORIENTED_EDGE('',*,*,#3359,.T.);
#12813 = ORIENTED_EDGE('',*,*,#3642,.T.);
#12814 = ADVANCED_FACE('',(#12815),#3293,.T.);
#12815 = FACE_BOUND('',#12816,.T.);
#12816 = EDGE_LOOP('',(#12817,#12839,#12840,#12841,#12842,#12864,#12865,
    #12866));
#12817 = ORIENTED_EDGE('',*,*,#12818,.F.);
#12818 = EDGE_CURVE('',#11130,#3207,#12819,.T.);
#12819 = SURFACE_CURVE('',#12820,(#12825,#12832),.PCURVE_S1.);
#12820 = CIRCLE('',#12821,6.5);
#12821 = AXIS2_PLACEMENT_3D('',#12822,#12823,#12824);
#12822 = CARTESIAN_POINT('',(80.4,0.,0.));
#12823 = DIRECTION('',(1.,0.,0.));
#12824 = DIRECTION('',(-0.,0.,1.));
#12825 = PCURVE('',#3293,#12826);
#12826 = DEFINITIONAL_REPRESENTATION('',(#12827),#12831);
#12827 = LINE('',#12828,#12829);
#12828 = CARTESIAN_POINT('',(0.,5.6));
#12829 = VECTOR('',#12830,1.);
#12830 = DIRECTION('',(1.,0.));
#12831 = ( GEOMETRIC_REPRESENTATION_CONTEXT(2) 
PARAMETRIC_REPRESENTATION_CONTEXT() REPRESENTATION_CONTEXT('2D SPACE',''
  ) );
#12832 = PCURVE('',#1107,#12833);
#12833 = DEFINITIONAL_REPRESENTATION('',(#12834),#12838);
#12834 = CIRCLE('',#12835,6.5);
#12835 = AXIS2_PLACEMENT_2D('',#12836,#12837);
#12836 = CARTESIAN_POINT('',(0.,0.));
#12837 = DIRECTION('',(1.,0.));
#12838 = ( GEOMETRIC_REPRESENTATION_CONTEXT(2) 
PARAMETRIC_REPRESENTATION_CONTEXT() REPRESENTATION_CONTEXT('2D SPACE',''
  ) );
#12839 = ORIENTED_EDGE('',*,*,#11129,.T.);
#12840 = ORIENTED_EDGE('',*,*,#11323,.F.);
#12841 = ORIENTED_EDGE('',*,*,#12147,.F.);
#12842 = ORIENTED_EDGE('',*,*,#12843,.T.);
#12843 = EDGE_CURVE('',#12148,#12698,#12844,.T.);
#12844 = SURFACE_CURVE('',#12845,(#12850,#12857),.PCURVE_S1.);
#12845 = CIRCLE('',#12846,6.5);
#12846 = AXIS2_PLACEMENT_3D('',#12847,#12848,#12849);
#12847 = CARTESIAN_POINT('',(74.8,0.,0.));
#12848 = DIRECTION('',(1.,0.,0.));
#12849 = DIRECTION('',(-0.,0.,1.));
#12850 = PCURVE('',#3293,#12851);
#12851 = DEFINITIONAL_REPRESENTATION('',(#12852),#12856);
#12852 = LINE('',#12853,#12854);
#12853 = CARTESIAN_POINT('',(0.,0.));
#12854 = VECTOR('',#12855,1.);
#12855 = DIRECTION('',(1.,0.));
#12856 = ( GEOMETRIC_REPRESENTATION_CONTEXT(2) 
PARAMETRIC_REPRESENTATION_CONTEXT() REPRESENTATION_CONTEXT('2D SPACE',''
  ) );
#12857 = PCURVE('',#1847,#12858);
#12858 = DEFINITIONAL_REPRESENTATION('',(#12859),#12863);
#12859 = CIRCLE('',#12860,6.5);
#12860 = AXIS2_PLACEMENT_2D('',#12861,#12862);
#12861 = CARTESIAN_POINT('',(5.,-29.));
#12862 = DIRECTION('',(1.,0.));
#12863 = ( GEOMETRIC_REPRESENTATION_CONTEXT(2) 
PARAMETRIC_REPRESENTATION_CONTEXT() REPRESENTATION_CONTEXT('2D SPACE',''
  ) );
#12864 = ORIENTED_EDGE('',*,*,#12720,.T.);
#12865 = ORIENTED_EDGE('',*,*,#3389,.T.);
#12866 = ORIENTED_EDGE('',*,*,#3229,.F.);
#12867 = ADVANCED_FACE('',(#12868),#2879,.T.);
#12868 = FACE_BOUND('',#12869,.T.);
#12869 = EDGE_LOOP('',(#12870,#12891,#12892,#12913));
#12870 = ORIENTED_EDGE('',*,*,#12871,.F.);
#12871 = EDGE_CURVE('',#2573,#12510,#12872,.T.);
#12872 = SURFACE_CURVE('',#12873,(#12877,#12884),.PCURVE_S1.);
#12873 = LINE('',#12874,#12875);
#12874 = CARTESIAN_POINT('',(44.001428863093,25.7,2.5));
#12875 = VECTOR('',#12876,1.);
#12876 = DIRECTION('',(-1.,0.,1.344709529623E-15));
#12877 = PCURVE('',#2879,#12878);
#12878 = DEFINITIONAL_REPRESENTATION('',(#12879),#12883);
#12879 = LINE('',#12880,#12881);
#12880 = CARTESIAN_POINT('',(7.5,-30.7985711369));
#12881 = VECTOR('',#12882,1.);
#12882 = DIRECTION('',(1.344709529623E-15,-1.));
#12883 = ( GEOMETRIC_REPRESENTATION_CONTEXT(2) 
PARAMETRIC_REPRESENTATION_CONTEXT() REPRESENTATION_CONTEXT('2D SPACE',''
  ) );
#12884 = PCURVE('',#1190,#12885);
#12885 = DEFINITIONAL_REPRESENTATION('',(#12886),#12890);
#12886 = LINE('',#12887,#12888);
#12887 = CARTESIAN_POINT('',(0.,-30.7985711369));
#12888 = VECTOR('',#12889,1.);
#12889 = DIRECTION('',(-0.,-1.));
#12890 = ( GEOMETRIC_REPRESENTATION_CONTEXT(2) 
PARAMETRIC_REPRESENTATION_CONTEXT() REPRESENTATION_CONTEXT('2D SPACE',''
  ) );
#12891 = ORIENTED_EDGE('',*,*,#2862,.T.);
#12892 = ORIENTED_EDGE('',*,*,#12893,.T.);
#12893 = EDGE_CURVE('',#2863,#12434,#12894,.T.);
#12894 = SURFACE_CURVE('',#12895,(#12899,#12906),.PCURVE_S1.);
#12895 = LINE('',#12896,#12897);
#12896 = CARTESIAN_POINT('',(45.922026616194,25.7,-4.));
#12897 = VECTOR('',#12898,1.);
#12898 = DIRECTION('',(-1.,0.,2.343322050185E-16));
#12899 = PCURVE('',#2879,#12900);
#12900 = DEFINITIONAL_REPRESENTATION('',(#12901),#12905);
#12901 = LINE('',#12902,#12903);
#12902 = CARTESIAN_POINT('',(1.,-28.8779733838));
#12903 = VECTOR('',#12904,1.);
#12904 = DIRECTION('',(2.343322050185E-16,-1.));
#12905 = ( GEOMETRIC_REPRESENTATION_CONTEXT(2) 
PARAMETRIC_REPRESENTATION_CONTEXT() REPRESENTATION_CONTEXT('2D SPACE',''
  ) );
#12906 = PCURVE('',#2516,#12907);
#12907 = DEFINITIONAL_REPRESENTATION('',(#12908),#12912);
#12908 = LINE('',#12909,#12910);
#12909 = CARTESIAN_POINT('',(-0.,-28.8779733838));
#12910 = VECTOR('',#12911,1.);
#12911 = DIRECTION('',(-0.,-1.));
#12912 = ( GEOMETRIC_REPRESENTATION_CONTEXT(2) 
PARAMETRIC_REPRESENTATION_CONTEXT() REPRESENTATION_CONTEXT('2D SPACE',''
  ) );
#12913 = ORIENTED_EDGE('',*,*,#12509,.T.);
#12914 = ADVANCED_FACE('',(#12915),#2516,.T.);
#12915 = FACE_BOUND('',#12916,.F.);
#12916 = EDGE_LOOP('',(#12917,#12918,#12919,#12920,#12921,#12922,#12923,
    #12924,#12925,#12926,#12927,#12928,#12929));
#12917 = ORIENTED_EDGE('',*,*,#3410,.T.);
#12918 = ORIENTED_EDGE('',*,*,#3182,.T.);
#12919 = ORIENTED_EDGE('',*,*,#3003,.T.);
#12920 = ORIENTED_EDGE('',*,*,#2478,.T.);
#12921 = ORIENTED_EDGE('',*,*,#2895,.F.);
#12922 = ORIENTED_EDGE('',*,*,#12893,.T.);
#12923 = ORIENTED_EDGE('',*,*,#12433,.F.);
#12924 = ORIENTED_EDGE('',*,*,#12611,.T.);
#12925 = ORIENTED_EDGE('',*,*,#8134,.F.);
#12926 = ORIENTED_EDGE('',*,*,#7951,.F.);
#12927 = ORIENTED_EDGE('',*,*,#7925,.T.);
#12928 = ORIENTED_EDGE('',*,*,#7692,.F.);
#12929 = ORIENTED_EDGE('',*,*,#7868,.T.);
#12930 = ADVANCED_FACE('',(#12931),#2054,.T.);
#12931 = FACE_BOUND('',#12932,.T.);
#12932 = EDGE_LOOP('',(#12933,#12934,#12935,#12936,#12937,#12938,#12939,
    #12961));
#12933 = ORIENTED_EDGE('',*,*,#2241,.F.);
#12934 = ORIENTED_EDGE('',*,*,#2314,.F.);
#12935 = ORIENTED_EDGE('',*,*,#2338,.T.);
#12936 = ORIENTED_EDGE('',*,*,#2267,.T.);
#12937 = ORIENTED_EDGE('',*,*,#2191,.F.);
#12938 = ORIENTED_EDGE('',*,*,#2105,.F.);
#12939 = ORIENTED_EDGE('',*,*,#12940,.F.);
#12940 = EDGE_CURVE('',#1985,#2106,#12941,.T.);
#12941 = SURFACE_CURVE('',#12942,(#12947,#12954),.PCURVE_S1.);
#12942 = CIRCLE('',#12943,3.6);
#12943 = AXIS2_PLACEMENT_3D('',#12944,#12945,#12946);
#12944 = CARTESIAN_POINT('',(47.5,21.2,0.));
#12945 = DIRECTION('',(0.,1.,0.));
#12946 = DIRECTION('',(0.,-0.,1.));
#12947 = PCURVE('',#2054,#12948);
#12948 = DEFINITIONAL_REPRESENTATION('',(#12949),#12953);
#12949 = LINE('',#12950,#12951);
#12950 = CARTESIAN_POINT('',(0.,4.8));
#12951 = VECTOR('',#12952,1.);
#12952 = DIRECTION('',(1.,0.));
#12953 = ( GEOMETRIC_REPRESENTATION_CONTEXT(2) 
PARAMETRIC_REPRESENTATION_CONTEXT() REPRESENTATION_CONTEXT('2D SPACE',''
  ) );
#12954 = PCURVE('',#2000,#12955);
#12955 = DEFINITIONAL_REPRESENTATION('',(#12956),#12960);
#12956 = CIRCLE('',#12957,3.6);
#12957 = AXIS2_PLACEMENT_2D('',#12958,#12959);
#12958 = CARTESIAN_POINT('',(5.,32.9));
#12959 = DIRECTION('',(1.,0.));
#12960 = ( GEOMETRIC_REPRESENTATION_CONTEXT(2) 
PARAMETRIC_REPRESENTATION_CONTEXT() REPRESENTATION_CONTEXT('2D SPACE',''
  ) );
#12961 = ORIENTED_EDGE('',*,*,#2012,.F.);
#12962 = ADVANCED_FACE('',(#12963),#2000,.F.);
#12963 = FACE_BOUND('',#12964,.F.);
#12964 = EDGE_LOOP('',(#12965,#12984,#12985,#12986,#12987,#13006));
#12965 = ORIENTED_EDGE('',*,*,#12966,.T.);
#12966 = EDGE_CURVE('',#3677,#1916,#12967,.T.);
#12967 = SURFACE_CURVE('',#12968,(#12972,#12978),.PCURVE_S1.);
#12968 = LINE('',#12969,#12970);
#12969 = CARTESIAN_POINT('',(20.2,21.2,-2.5));
#12970 = VECTOR('',#12971,1.);
#12971 = DIRECTION('',(0.,0.,1.));
#12972 = PCURVE('',#2000,#12973);
#12973 = DEFINITIONAL_REPRESENTATION('',(#12974),#12977);
#12974 = B_SPLINE_CURVE_WITH_KNOTS('',1,(#12975,#12976),.UNSPECIFIED.,
  .F.,.F.,(2,2),(-1.5,5.),.PIECEWISE_BEZIER_KNOTS.);
#12975 = CARTESIAN_POINT('',(1.,5.6));
#12976 = CARTESIAN_POINT('',(7.5,5.6));
#12977 = ( GEOMETRIC_REPRESENTATION_CONTEXT(2) 
PARAMETRIC_REPRESENTATION_CONTEXT() REPRESENTATION_CONTEXT('2D SPACE',''
  ) );
#12978 = PCURVE('',#1681,#12979);
#12979 = DEFINITIONAL_REPRESENTATION('',(#12980),#12983);
#12980 = B_SPLINE_CURVE_WITH_KNOTS('',1,(#12981,#12982),.UNSPECIFIED.,
  .F.,.F.,(2,2),(-1.5,5.),.PIECEWISE_BEZIER_KNOTS.);
#12981 = CARTESIAN_POINT('',(-4.,-21.2));
#12982 = CARTESIAN_POINT('',(2.5,-21.2));
#12983 = ( GEOMETRIC_REPRESENTATION_CONTEXT(2) 
PARAMETRIC_REPRESENTATION_CONTEXT() REPRESENTATION_CONTEXT('2D SPACE',''
  ) );
#12984 = ORIENTED_EDGE('',*,*,#2167,.T.);
#12985 = ORIENTED_EDGE('',*,*,#12940,.F.);
#12986 = ORIENTED_EDGE('',*,*,#1984,.T.);
#12987 = ORIENTED_EDGE('',*,*,#12988,.F.);
#12988 = EDGE_CURVE('',#3643,#1951,#12989,.T.);
#12989 = SURFACE_CURVE('',#12990,(#12994,#13000),.PCURVE_S1.);
#12990 = LINE('',#12991,#12992);
#12991 = CARTESIAN_POINT('',(74.8,21.2,-5.));
#12992 = VECTOR('',#12993,1.);
#12993 = DIRECTION('',(0.,0.,1.));
#12994 = PCURVE('',#2000,#12995);
#12995 = DEFINITIONAL_REPRESENTATION('',(#12996),#12999);
#12996 = B_SPLINE_CURVE_WITH_KNOTS('',1,(#12997,#12998),.UNSPECIFIED.,
  .F.,.F.,(2,2),(1.,7.5),.PIECEWISE_BEZIER_KNOTS.);
#12997 = CARTESIAN_POINT('',(1.,60.2));
#12998 = CARTESIAN_POINT('',(7.5,60.2));
#12999 = ( GEOMETRIC_REPRESENTATION_CONTEXT(2) 
PARAMETRIC_REPRESENTATION_CONTEXT() REPRESENTATION_CONTEXT('2D SPACE',''
  ) );
#13000 = PCURVE('',#1847,#13001);
#13001 = DEFINITIONAL_REPRESENTATION('',(#13002),#13005);
#13002 = B_SPLINE_CURVE_WITH_KNOTS('',1,(#13003,#13004),.UNSPECIFIED.,
  .F.,.F.,(2,2),(1.,7.5),.PIECEWISE_BEZIER_KNOTS.);
#13003 = CARTESIAN_POINT('',(1.,-50.2));
#13004 = CARTESIAN_POINT('',(7.5,-50.2));
#13005 = ( GEOMETRIC_REPRESENTATION_CONTEXT(2) 
PARAMETRIC_REPRESENTATION_CONTEXT() REPRESENTATION_CONTEXT('2D SPACE',''
  ) );
#13006 = ORIENTED_EDGE('',*,*,#3676,.F.);
#13007 = ADVANCED_FACE('',(#13008),#1792,.T.);
#13008 = FACE_BOUND('',#13009,.T.);
#13009 = EDGE_LOOP('',(#13010,#13033,#13111,#13112));
#13010 = ORIENTED_EDGE('',*,*,#13011,.F.);
#13011 = EDGE_CURVE('',#13012,#1951,#13014,.T.);
#13012 = VERTEX_POINT('',#13013);
#13013 = CARTESIAN_POINT('',(74.8,6.,2.5));
#13014 = SURFACE_CURVE('',#13015,(#13019,#13026),.PCURVE_S1.);
#13015 = LINE('',#13016,#13017);
#13016 = CARTESIAN_POINT('',(74.8,-29.,2.5));
#13017 = VECTOR('',#13018,1.);
#13018 = DIRECTION('',(0.,1.,0.));
#13019 = PCURVE('',#1792,#13020);
#13020 = DEFINITIONAL_REPRESENTATION('',(#13021),#13025);
#13021 = LINE('',#13022,#13023);
#13022 = CARTESIAN_POINT('',(0.,0.));
#13023 = VECTOR('',#13024,1.);
#13024 = DIRECTION('',(0.,1.));
#13025 = ( GEOMETRIC_REPRESENTATION_CONTEXT(2) 
PARAMETRIC_REPRESENTATION_CONTEXT() REPRESENTATION_CONTEXT('2D SPACE',''
  ) );
#13026 = PCURVE('',#1847,#13027);
#13027 = DEFINITIONAL_REPRESENTATION('',(#13028),#13032);
#13028 = LINE('',#13029,#13030);
#13029 = CARTESIAN_POINT('',(7.5,0.));
#13030 = VECTOR('',#13031,1.);
#13031 = DIRECTION('',(0.,-1.));
#13032 = ( GEOMETRIC_REPRESENTATION_CONTEXT(2) 
PARAMETRIC_REPRESENTATION_CONTEXT() REPRESENTATION_CONTEXT('2D SPACE',''
  ) );
#13033 = ORIENTED_EDGE('',*,*,#13034,.T.);
#13034 = EDGE_CURVE('',#13012,#1777,#13035,.T.);
#13035 = SURFACE_CURVE('',#13036,(#13059,#13085),.PCURVE_S1.);
#13036 = B_SPLINE_CURVE_WITH_KNOTS('',6,(#13037,#13038,#13039,#13040,
    #13041,#13042,#13043,#13044,#13045,#13046,#13047,#13048,#13049,
    #13050,#13051,#13052,#13053,#13054,#13055,#13056,#13057,#13058),
  .UNSPECIFIED.,.F.,.F.,(7,5,5,5,7),(0.,0.226278430923,0.483667517898,
    0.647250676975,1.),.UNSPECIFIED.);
#13037 = CARTESIAN_POINT('',(74.8,6.,2.5));
#13038 = CARTESIAN_POINT('',(74.8,5.973310170323,2.564055591226));
#13039 = CARTESIAN_POINT('',(74.804924053024,5.945832238566,
    2.627691659776));
#13040 = CARTESIAN_POINT('',(74.81464975284,5.917786388753,
    2.690388069457));
#13041 = CARTESIAN_POINT('',(74.828975622434,5.889434541448,
    2.751654140642));
#13042 = CARTESIAN_POINT('',(74.847620598198,5.861068425042,
    2.811036103745));
#13043 = CARTESIAN_POINT('',(74.895934068433,5.801067463086,
    2.933062000276));
#13044 = CARTESIAN_POINT('',(74.926785124618,5.769494793487,
    2.995081439732));
#13045 = CARTESIAN_POINT('',(74.96234374311,5.738626461749,
    3.053792956306));
#13046 = CARTESIAN_POINT('',(75.002174579197,5.708815262522,
    3.108872839301));
#13047 = CARTESIAN_POINT('',(75.045838836226,5.680404511255,
    3.160052398599));
#13048 = CARTESIAN_POINT('',(75.122798544803,5.636748595048,
    3.237012107176));
#13049 = CARTESIAN_POINT('',(75.154085025537,5.620472105239,
    3.265263126685));
#13050 = CARTESIAN_POINT('',(75.18664696744,5.604962251603,
    3.291806178091));
#13051 = CARTESIAN_POINT('',(75.220380738895,5.590294263788,
    3.316594175819));
#13052 = CARTESIAN_POINT('',(75.255184608652,5.576538403448,
    3.339585356812));
#13053 = CARTESIAN_POINT('',(75.368101278798,5.536201268546,
    3.406364089382));
#13054 = CARTESIAN_POINT('',(75.44983163695,5.513156431903,
    3.443500858309));
#13055 = CARTESIAN_POINT('',(75.535017063548,5.495337011706,
    3.471657138511));
#13056 = CARTESIAN_POINT('',(75.622521941261,5.483268983973,
    3.490542506862));
#13057 = CARTESIAN_POINT('',(75.711223237402,5.477225578433,
    3.499999994708));
#13058 = CARTESIAN_POINT('',(75.799999940395,5.477225575052,3.5));
#13059 = PCURVE('',#1792,#13060);
#13060 = DEFINITIONAL_REPRESENTATION('',(#13061),#13084);
#13061 = B_SPLINE_CURVE_WITH_KNOTS('',6,(#13062,#13063,#13064,#13065,
    #13066,#13067,#13068,#13069,#13070,#13071,#13072,#13073,#13074,
    #13075,#13076,#13077,#13078,#13079,#13080,#13081,#13082,#13083),
  .UNSPECIFIED.,.F.,.F.,(7,5,5,5,7),(0.,0.226278430923,0.483667517898,
    0.647250676975,1.),.UNSPECIFIED.);
#13062 = CARTESIAN_POINT('',(0.,35.));
#13063 = CARTESIAN_POINT('',(6.405559122575E-02,34.973310170323));
#13064 = CARTESIAN_POINT('',(0.127691794233,34.945832238566));
#13065 = CARTESIAN_POINT('',(0.190860983467,34.917786388753));
#13066 = CARTESIAN_POINT('',(0.25351538539,34.889434541448));
#13067 = CARTESIAN_POINT('',(0.315590932681,34.861068425042));
#13068 = CARTESIAN_POINT('',(0.446833116564,34.801067463087));
#13069 = CARTESIAN_POINT('',(0.515854525957,34.769494793487));
#13070 = CARTESIAN_POINT('',(0.584145906114,34.738626461749));
#13071 = CARTESIAN_POINT('',(0.651788596981,34.708815262522));
#13072 = CARTESIAN_POINT('',(0.718853217373,34.680404511255));
#13073 = CARTESIAN_POINT('',(0.827690680999,34.636748595048));
#13074 = CARTESIAN_POINT('',(0.869790049384,34.620472105239));
#13075 = CARTESIAN_POINT('',(0.91171976002,34.604962251603));
#13076 = CARTESIAN_POINT('',(0.953503169798,34.590294263788));
#13077 = CARTESIAN_POINT('',(0.995163790068,34.576538403448));
#13078 = CARTESIAN_POINT('',(1.126349054182,34.536201268546));
#13079 = CARTESIAN_POINT('',(1.215601869318,34.513156431903));
#13080 = CARTESIAN_POINT('',(1.304553547063,34.495337011706));
#13081 = CARTESIAN_POINT('',(1.393318384917,34.483268983973));
#13082 = CARTESIAN_POINT('',(1.482019564197,34.477225578433));
#13083 = CARTESIAN_POINT('',(1.57079626719,34.477225575052));
#13084 = ( GEOMETRIC_REPRESENTATION_CONTEXT(2) 
PARAMETRIC_REPRESENTATION_CONTEXT() REPRESENTATION_CONTEXT('2D SPACE',''
  ) );
#13085 = PCURVE('',#1820,#13086);
#13086 = DEFINITIONAL_REPRESENTATION('',(#13087),#13110);
#13087 = B_SPLINE_CURVE_WITH_KNOTS('',6,(#13088,#13089,#13090,#13091,
    #13092,#13093,#13094,#13095,#13096,#13097,#13098,#13099,#13100,
    #13101,#13102,#13103,#13104,#13105,#13106,#13107,#13108,#13109),
  .UNSPECIFIED.,.F.,.F.,(7,5,5,5,7),(0.,0.226278430923,0.483667517898,
    0.647250676975,1.),.UNSPECIFIED.);
#13088 = CARTESIAN_POINT('',(5.107180100084,0.));
#13089 = CARTESIAN_POINT('',(5.117856031955,0.));
#13090 = CARTESIAN_POINT('',(5.128519014282,4.924053024368E-03));
#13091 = CARTESIAN_POINT('',(5.139084368955,1.464975284024E-02));
#13092 = CARTESIAN_POINT('',(5.149469034718,2.897562243432E-02));
#13093 = CARTESIAN_POINT('',(5.15959288374,4.762059819788E-02));
#13094 = CARTESIAN_POINT('',(5.180512812722,9.593406843317E-02));
#13095 = CARTESIAN_POINT('',(5.191218448681,0.126785124618));
#13096 = CARTESIAN_POINT('',(5.201422109029,0.16234374311));
#13097 = CARTESIAN_POINT('',(5.211056573609,0.202174579197));
#13098 = CARTESIAN_POINT('',(5.220061811219,0.245838836226));
#13099 = CARTESIAN_POINT('',(5.233674054024,0.322798544803));
#13100 = CARTESIAN_POINT('',(5.238689996585,0.354085025537));
#13101 = CARTESIAN_POINT('',(5.243419460079,0.38664696744));
#13102 = CARTESIAN_POINT('',(5.247850558714,0.420380738895));
#13103 = CARTESIAN_POINT('',(5.251972388233,0.455184608652));
#13104 = CARTESIAN_POINT('',(5.263974837269,0.568101278798));
#13105 = CARTESIAN_POINT('',(5.27069832997,0.64983163695));
#13106 = CARTESIAN_POINT('',(5.275824584054,0.735017063548));
#13107 = CARTESIAN_POINT('',(5.279272592472,0.822521941261));
#13108 = CARTESIAN_POINT('',(5.280999279683,0.911223237402));
#13109 = CARTESIAN_POINT('',(5.280999280649,0.999999940395));
#13110 = ( GEOMETRIC_REPRESENTATION_CONTEXT(2) 
PARAMETRIC_REPRESENTATION_CONTEXT() REPRESENTATION_CONTEXT('2D SPACE',''
  ) );
#13111 = ORIENTED_EDGE('',*,*,#1776,.T.);
#13112 = ORIENTED_EDGE('',*,*,#1950,.F.);
#13113 = ADVANCED_FACE('',(#13114),#1736,.T.);
#13114 = FACE_BOUND('',#13115,.F.);
#13115 = EDGE_LOOP('',(#13116,#13139,#13217,#13218));
#13116 = ORIENTED_EDGE('',*,*,#13117,.F.);
#13117 = EDGE_CURVE('',#13118,#1916,#13120,.T.);
#13118 = VERTEX_POINT('',#13119);
#13119 = CARTESIAN_POINT('',(20.2,6.,2.5));
#13120 = SURFACE_CURVE('',#13121,(#13125,#13132),.PCURVE_S1.);
#13121 = LINE('',#13122,#13123);
#13122 = CARTESIAN_POINT('',(20.2,-29.,2.5));
#13123 = VECTOR('',#13124,1.);
#13124 = DIRECTION('',(0.,1.,0.));
#13125 = PCURVE('',#1736,#13126);
#13126 = DEFINITIONAL_REPRESENTATION('',(#13127),#13131);
#13127 = LINE('',#13128,#13129);
#13128 = CARTESIAN_POINT('',(-0.,0.));
#13129 = VECTOR('',#13130,1.);
#13130 = DIRECTION('',(-0.,1.));
#13131 = ( GEOMETRIC_REPRESENTATION_CONTEXT(2) 
PARAMETRIC_REPRESENTATION_CONTEXT() REPRESENTATION_CONTEXT('2D SPACE',''
  ) );
#13132 = PCURVE('',#1681,#13133);
#13133 = DEFINITIONAL_REPRESENTATION('',(#13134),#13138);
#13134 = LINE('',#13135,#13136);
#13135 = CARTESIAN_POINT('',(2.5,29.));
#13136 = VECTOR('',#13137,1.);
#13137 = DIRECTION('',(0.,-1.));
#13138 = ( GEOMETRIC_REPRESENTATION_CONTEXT(2) 
PARAMETRIC_REPRESENTATION_CONTEXT() REPRESENTATION_CONTEXT('2D SPACE',''
  ) );
#13139 = ORIENTED_EDGE('',*,*,#13140,.T.);
#13140 = EDGE_CURVE('',#13118,#1694,#13141,.T.);
#13141 = SURFACE_CURVE('',#13142,(#13165,#13191),.PCURVE_S1.);
#13142 = B_SPLINE_CURVE_WITH_KNOTS('',6,(#13143,#13144,#13145,#13146,
    #13147,#13148,#13149,#13150,#13151,#13152,#13153,#13154,#13155,
    #13156,#13157,#13158,#13159,#13160,#13161,#13162,#13163,#13164),
  .UNSPECIFIED.,.F.,.F.,(7,5,5,5,7),(0.,0.22627843966,0.483667536573,
    0.647250694726,1.),.UNSPECIFIED.);
#13143 = CARTESIAN_POINT('',(20.2,6.,2.5));
#13144 = CARTESIAN_POINT('',(20.2,5.973310170323,2.564055591226));
#13145 = CARTESIAN_POINT('',(20.195075946976,5.945832238566,
    2.627691659776));
#13146 = CARTESIAN_POINT('',(20.18535024716,5.917786388753,
    2.690388069456));
#13147 = CARTESIAN_POINT('',(20.171024377566,5.889434541448,
    2.751654140642));
#13148 = CARTESIAN_POINT('',(20.152379401802,5.861068425042,
    2.811036103745));
#13149 = CARTESIAN_POINT('',(20.104065931567,5.801067463087,
    2.933062000276));
#13150 = CARTESIAN_POINT('',(20.073214875382,5.769494793487,
    2.995081439732));
#13151 = CARTESIAN_POINT('',(20.03765625689,5.738626461749,
    3.053792956306));
#13152 = CARTESIAN_POINT('',(19.997825420803,5.708815262522,
    3.108872839301));
#13153 = CARTESIAN_POINT('',(19.954161163774,5.680404511255,
    3.160052398599));
#13154 = CARTESIAN_POINT('',(19.877201456521,5.636748595799,
    3.237012105853));
#13155 = CARTESIAN_POINT('',(19.845914974209,5.620472104961,
    3.265263127199));
#13156 = CARTESIAN_POINT('',(19.813353031098,5.604962250941,
    3.291806179227));
#13157 = CARTESIAN_POINT('',(19.779619260579,5.590294263712,
    3.316594175912));
#13158 = CARTESIAN_POINT('',(19.744815392946,5.576538404018,
    3.339585355867));
#13159 = CARTESIAN_POINT('',(19.631898721202,5.536201268546,
    3.406364089382));
#13160 = CARTESIAN_POINT('',(19.55016836305,5.513156431903,
    3.443500858309));
#13161 = CARTESIAN_POINT('',(19.464982936452,5.495337011706,
    3.471657138511));
#13162 = CARTESIAN_POINT('',(19.377478058739,5.483268983973,
    3.490542506862));
#13163 = CARTESIAN_POINT('',(19.288776762598,5.477225578433,
    3.499999994708));
#13164 = CARTESIAN_POINT('',(19.200000059605,5.477225575052,3.5));
#13165 = PCURVE('',#1736,#13166);
#13166 = DEFINITIONAL_REPRESENTATION('',(#13167),#13190);
#13167 = B_SPLINE_CURVE_WITH_KNOTS('',6,(#13168,#13169,#13170,#13171,
    #13172,#13173,#13174,#13175,#13176,#13177,#13178,#13179,#13180,
    #13181,#13182,#13183,#13184,#13185,#13186,#13187,#13188,#13189),
  .UNSPECIFIED.,.F.,.F.,(7,5,5,5,7),(0.,0.22627843966,0.483667536573,
    0.647250694726,1.),.UNSPECIFIED.);
#13168 = CARTESIAN_POINT('',(0.,35.));
#13169 = CARTESIAN_POINT('',(-6.405559122576E-02,34.973310170323));
#13170 = CARTESIAN_POINT('',(-0.127691794233,34.945832238566));
#13171 = CARTESIAN_POINT('',(-0.190860983467,34.917786388753));
#13172 = CARTESIAN_POINT('',(-0.25351538539,34.889434541448));
#13173 = CARTESIAN_POINT('',(-0.315590932681,34.861068425042));
#13174 = CARTESIAN_POINT('',(-0.446833116564,34.801067463087));
#13175 = CARTESIAN_POINT('',(-0.515854525957,34.769494793487));
#13176 = CARTESIAN_POINT('',(-0.584145906114,34.738626461749));
#13177 = CARTESIAN_POINT('',(-0.651788596981,34.708815262522));
#13178 = CARTESIAN_POINT('',(-0.718853217373,34.680404511255));
#13179 = CARTESIAN_POINT('',(-0.827690679127,34.636748595799));
#13180 = CARTESIAN_POINT('',(-0.869790049902,34.620472104961));
#13181 = CARTESIAN_POINT('',(-0.911719761884,34.604962250941));
#13182 = CARTESIAN_POINT('',(-0.953503170272,34.590294263712));
#13183 = CARTESIAN_POINT('',(-0.995163788211,34.576538404018));
#13184 = CARTESIAN_POINT('',(-1.126349054182,34.536201268546));
#13185 = CARTESIAN_POINT('',(-1.215601869318,34.513156431903));
#13186 = CARTESIAN_POINT('',(-1.304553547063,34.495337011706));
#13187 = CARTESIAN_POINT('',(-1.393318384917,34.483268983973));
#13188 = CARTESIAN_POINT('',(-1.482019564197,34.477225578433));
#13189 = CARTESIAN_POINT('',(-1.57079626719,34.477225575052));
#13190 = ( GEOMETRIC_REPRESENTATION_CONTEXT(2) 
PARAMETRIC_REPRESENTATION_CONTEXT() REPRESENTATION_CONTEXT('2D SPACE',''
  ) );
#13191 = PCURVE('',#1709,#13192);
#13192 = DEFINITIONAL_REPRESENTATION('',(#13193),#13216);
#13193 = B_SPLINE_CURVE_WITH_KNOTS('',6,(#13194,#13195,#13196,#13197,
    #13198,#13199,#13200,#13201,#13202,#13203,#13204,#13205,#13206,
    #13207,#13208,#13209,#13210,#13211,#13212,#13213,#13214,#13215),
  .UNSPECIFIED.,.F.,.F.,(7,5,5,5,7),(0.,0.22627843966,0.483667536573,
    0.647250694726,1.),.UNSPECIFIED.);
#13194 = CARTESIAN_POINT('',(5.107180100084,5.6));
#13195 = CARTESIAN_POINT('',(5.117856031955,5.6));
#13196 = CARTESIAN_POINT('',(5.128519014282,5.595075946976));
#13197 = CARTESIAN_POINT('',(5.139084368955,5.58535024716));
#13198 = CARTESIAN_POINT('',(5.149469034718,5.571024377566));
#13199 = CARTESIAN_POINT('',(5.15959288374,5.552379401802));
#13200 = CARTESIAN_POINT('',(5.180512812722,5.504065931567));
#13201 = CARTESIAN_POINT('',(5.191218448681,5.473214875382));
#13202 = CARTESIAN_POINT('',(5.201422109029,5.43765625689));
#13203 = CARTESIAN_POINT('',(5.211056573609,5.397825420803));
#13204 = CARTESIAN_POINT('',(5.220061811219,5.354161163774));
#13205 = CARTESIAN_POINT('',(5.23367405379,5.277201456521));
#13206 = CARTESIAN_POINT('',(5.238689996674,5.245914974209));
#13207 = CARTESIAN_POINT('',(5.243419460281,5.213353031098));
#13208 = CARTESIAN_POINT('',(5.247850558732,5.179619260579));
#13209 = CARTESIAN_POINT('',(5.251972388063,5.144815392946));
#13210 = CARTESIAN_POINT('',(5.263974837269,5.031898721202));
#13211 = CARTESIAN_POINT('',(5.27069832997,4.95016836305));
#13212 = CARTESIAN_POINT('',(5.275824584054,4.864982936452));
#13213 = CARTESIAN_POINT('',(5.279272592472,4.777478058739));
#13214 = CARTESIAN_POINT('',(5.280999279683,4.688776762598));
#13215 = CARTESIAN_POINT('',(5.280999280649,4.600000059605));
#13216 = ( GEOMETRIC_REPRESENTATION_CONTEXT(2) 
PARAMETRIC_REPRESENTATION_CONTEXT() REPRESENTATION_CONTEXT('2D SPACE',''
  ) );
#13217 = ORIENTED_EDGE('',*,*,#1720,.T.);
#13218 = ORIENTED_EDGE('',*,*,#1915,.T.);
#13219 = ADVANCED_FACE('',(#13220),#1820,.T.);
#13220 = FACE_BOUND('',#13221,.T.);
#13221 = EDGE_LOOP('',(#13222,#13223,#13224));
#13222 = ORIENTED_EDGE('',*,*,#1804,.T.);
#13223 = ORIENTED_EDGE('',*,*,#13034,.F.);
#13224 = ORIENTED_EDGE('',*,*,#13225,.T.);
#13225 = EDGE_CURVE('',#13012,#1805,#13226,.T.);
#13226 = SURFACE_CURVE('',#13227,(#13232,#13239),.PCURVE_S1.);
#13227 = CIRCLE('',#13228,6.5);
#13228 = AXIS2_PLACEMENT_3D('',#13229,#13230,#13231);
#13229 = CARTESIAN_POINT('',(74.8,0.,0.));
#13230 = DIRECTION('',(1.,0.,0.));
#13231 = DIRECTION('',(-0.,0.,1.));
#13232 = PCURVE('',#1820,#13233);
#13233 = DEFINITIONAL_REPRESENTATION('',(#13234),#13238);
#13234 = LINE('',#13235,#13236);
#13235 = CARTESIAN_POINT('',(0.,0.));
#13236 = VECTOR('',#13237,1.);
#13237 = DIRECTION('',(1.,0.));
#13238 = ( GEOMETRIC_REPRESENTATION_CONTEXT(2) 
PARAMETRIC_REPRESENTATION_CONTEXT() REPRESENTATION_CONTEXT('2D SPACE',''
  ) );
#13239 = PCURVE('',#1847,#13240);
#13240 = DEFINITIONAL_REPRESENTATION('',(#13241),#13245);
#13241 = CIRCLE('',#13242,6.5);
#13242 = AXIS2_PLACEMENT_2D('',#13243,#13244);
#13243 = CARTESIAN_POINT('',(5.,-29.));
#13244 = DIRECTION('',(1.,0.));
#13245 = ( GEOMETRIC_REPRESENTATION_CONTEXT(2) 
PARAMETRIC_REPRESENTATION_CONTEXT() REPRESENTATION_CONTEXT('2D SPACE',''
  ) );
#13246 = ADVANCED_FACE('',(#13247),#1709,.T.);
#13247 = FACE_BOUND('',#13248,.T.);
#13248 = EDGE_LOOP('',(#13249,#13271,#13272));
#13249 = ORIENTED_EDGE('',*,*,#13250,.F.);
#13250 = EDGE_CURVE('',#13118,#1666,#13251,.T.);
#13251 = SURFACE_CURVE('',#13252,(#13257,#13264),.PCURVE_S1.);
#13252 = CIRCLE('',#13253,6.5);
#13253 = AXIS2_PLACEMENT_3D('',#13254,#13255,#13256);
#13254 = CARTESIAN_POINT('',(20.2,0.,0.));
#13255 = DIRECTION('',(1.,0.,0.));
#13256 = DIRECTION('',(-0.,0.,1.));
#13257 = PCURVE('',#1709,#13258);
#13258 = DEFINITIONAL_REPRESENTATION('',(#13259),#13263);
#13259 = LINE('',#13260,#13261);
#13260 = CARTESIAN_POINT('',(0.,5.6));
#13261 = VECTOR('',#13262,1.);
#13262 = DIRECTION('',(1.,0.));
#13263 = ( GEOMETRIC_REPRESENTATION_CONTEXT(2) 
PARAMETRIC_REPRESENTATION_CONTEXT() REPRESENTATION_CONTEXT('2D SPACE',''
  ) );
#13264 = PCURVE('',#1681,#13265);
#13265 = DEFINITIONAL_REPRESENTATION('',(#13266),#13270);
#13266 = CIRCLE('',#13267,6.5);
#13267 = AXIS2_PLACEMENT_2D('',#13268,#13269);
#13268 = CARTESIAN_POINT('',(0.,0.));
#13269 = DIRECTION('',(1.,0.));
#13270 = ( GEOMETRIC_REPRESENTATION_CONTEXT(2) 
PARAMETRIC_REPRESENTATION_CONTEXT() REPRESENTATION_CONTEXT('2D SPACE',''
  ) );
#13271 = ORIENTED_EDGE('',*,*,#13140,.T.);
#13272 = ORIENTED_EDGE('',*,*,#1693,.T.);
#13273 = ADVANCED_FACE('',(#13274,#13329),#1847,.F.);
#13274 = FACE_BOUND('',#13275,.F.);
#13275 = EDGE_LOOP('',(#13276,#13277,#13278,#13279,#13280,#13281,#13282,
    #13283,#13284,#13308));
#13276 = ORIENTED_EDGE('',*,*,#9812,.F.);
#13277 = ORIENTED_EDGE('',*,*,#12242,.T.);
#13278 = ORIENTED_EDGE('',*,*,#12843,.T.);
#13279 = ORIENTED_EDGE('',*,*,#12697,.T.);
#13280 = ORIENTED_EDGE('',*,*,#12988,.T.);
#13281 = ORIENTED_EDGE('',*,*,#13011,.F.);
#13282 = ORIENTED_EDGE('',*,*,#13225,.T.);
#13283 = ORIENTED_EDGE('',*,*,#1831,.F.);
#13284 = ORIENTED_EDGE('',*,*,#13285,.T.);
#13285 = EDGE_CURVE('',#1832,#13286,#13288,.T.);
#13286 = VERTEX_POINT('',#13287);
#13287 = CARTESIAN_POINT('',(74.8,-6.,2.5));
#13288 = SURFACE_CURVE('',#13289,(#13294,#13301),.PCURVE_S1.);
#13289 = CIRCLE('',#13290,6.5);
#13290 = AXIS2_PLACEMENT_3D('',#13291,#13292,#13293);
#13291 = CARTESIAN_POINT('',(74.8,0.,0.));
#13292 = DIRECTION('',(1.,0.,0.));
#13293 = DIRECTION('',(-0.,0.,1.));
#13294 = PCURVE('',#1847,#13295);
#13295 = DEFINITIONAL_REPRESENTATION('',(#13296),#13300);
#13296 = CIRCLE('',#13297,6.5);
#13297 = AXIS2_PLACEMENT_2D('',#13298,#13299);
#13298 = CARTESIAN_POINT('',(5.,-29.));
#13299 = DIRECTION('',(1.,0.));
#13300 = ( GEOMETRIC_REPRESENTATION_CONTEXT(2) 
PARAMETRIC_REPRESENTATION_CONTEXT() REPRESENTATION_CONTEXT('2D SPACE',''
  ) );
#13301 = PCURVE('',#1875,#13302);
#13302 = DEFINITIONAL_REPRESENTATION('',(#13303),#13307);
#13303 = LINE('',#13304,#13305);
#13304 = CARTESIAN_POINT('',(0.,0.));
#13305 = VECTOR('',#13306,1.);
#13306 = DIRECTION('',(1.,0.));
#13307 = ( GEOMETRIC_REPRESENTATION_CONTEXT(2) 
PARAMETRIC_REPRESENTATION_CONTEXT() REPRESENTATION_CONTEXT('2D SPACE',''
  ) );
#13308 = ORIENTED_EDGE('',*,*,#13309,.F.);
#13309 = EDGE_CURVE('',#9790,#13286,#13310,.T.);
#13310 = SURFACE_CURVE('',#13311,(#13315,#13322),.PCURVE_S1.);
#13311 = LINE('',#13312,#13313);
#13312 = CARTESIAN_POINT('',(74.8,-29.,2.5));
#13313 = VECTOR('',#13314,1.);
#13314 = DIRECTION('',(0.,1.,0.));
#13315 = PCURVE('',#1847,#13316);
#13316 = DEFINITIONAL_REPRESENTATION('',(#13317),#13321);
#13317 = LINE('',#13318,#13319);
#13318 = CARTESIAN_POINT('',(7.5,0.));
#13319 = VECTOR('',#13320,1.);
#13320 = DIRECTION('',(0.,-1.));
#13321 = ( GEOMETRIC_REPRESENTATION_CONTEXT(2) 
PARAMETRIC_REPRESENTATION_CONTEXT() REPRESENTATION_CONTEXT('2D SPACE',''
  ) );
#13322 = PCURVE('',#1900,#13323);
#13323 = DEFINITIONAL_REPRESENTATION('',(#13324),#13328);
#13324 = LINE('',#13325,#13326);
#13325 = CARTESIAN_POINT('',(0.,0.));
#13326 = VECTOR('',#13327,1.);
#13327 = DIRECTION('',(0.,1.));
#13328 = ( GEOMETRIC_REPRESENTATION_CONTEXT(2) 
PARAMETRIC_REPRESENTATION_CONTEXT() REPRESENTATION_CONTEXT('2D SPACE',''
  ) );
#13329 = FACE_BOUND('',#13330,.F.);
#13330 = EDGE_LOOP('',(#13331));
#13331 = ORIENTED_EDGE('',*,*,#13332,.F.);
#13332 = EDGE_CURVE('',#13333,#13333,#13335,.T.);
#13333 = VERTEX_POINT('',#13334);
#13334 = CARTESIAN_POINT('',(74.8,4.531193156845E-16,1.85));
#13335 = SURFACE_CURVE('',#13336,(#13341,#13348),.PCURVE_S1.);
#13336 = CIRCLE('',#13337,1.85);
#13337 = AXIS2_PLACEMENT_3D('',#13338,#13339,#13340);
#13338 = CARTESIAN_POINT('',(74.8,0.,0.));
#13339 = DIRECTION('',(1.,0.,0.));
#13340 = DIRECTION('',(-0.,0.,1.));
#13341 = PCURVE('',#1847,#13342);
#13342 = DEFINITIONAL_REPRESENTATION('',(#13343),#13347);
#13343 = CIRCLE('',#13344,1.85);
#13344 = AXIS2_PLACEMENT_2D('',#13345,#13346);
#13345 = CARTESIAN_POINT('',(5.,-29.));
#13346 = DIRECTION('',(1.,0.));
#13347 = ( GEOMETRIC_REPRESENTATION_CONTEXT(2) 
PARAMETRIC_REPRESENTATION_CONTEXT() REPRESENTATION_CONTEXT('2D SPACE',''
  ) );
#13348 = PCURVE('',#13349,#13354);
#13349 = CYLINDRICAL_SURFACE('',#13350,1.85);
#13350 = AXIS2_PLACEMENT_3D('',#13351,#13352,#13353);
#13351 = CARTESIAN_POINT('',(74.6,0.,0.));
#13352 = DIRECTION('',(1.,0.,0.));
#13353 = DIRECTION('',(-0.,0.,1.));
#13354 = DEFINITIONAL_REPRESENTATION('',(#13355),#13359);
#13355 = LINE('',#13356,#13357);
#13356 = CARTESIAN_POINT('',(0.,0.2));
#13357 = VECTOR('',#13358,1.);
#13358 = DIRECTION('',(1.,0.));
#13359 = ( GEOMETRIC_REPRESENTATION_CONTEXT(2) 
PARAMETRIC_REPRESENTATION_CONTEXT() REPRESENTATION_CONTEXT('2D SPACE',''
  ) );
#13360 = ADVANCED_FACE('',(#13361),#13349,.F.);
#13361 = FACE_BOUND('',#13362,.F.);
#13362 = EDGE_LOOP('',(#13363,#13387,#13408,#13409));
#13363 = ORIENTED_EDGE('',*,*,#13364,.F.);
#13364 = EDGE_CURVE('',#13365,#13365,#13367,.T.);
#13365 = VERTEX_POINT('',#13366);
#13366 = CARTESIAN_POINT('',(80.4,4.531193156845E-16,1.85));
#13367 = SURFACE_CURVE('',#13368,(#13373,#13380),.PCURVE_S1.);
#13368 = CIRCLE('',#13369,1.85);
#13369 = AXIS2_PLACEMENT_3D('',#13370,#13371,#13372);
#13370 = CARTESIAN_POINT('',(80.4,0.,0.));
#13371 = DIRECTION('',(1.,0.,0.));
#13372 = DIRECTION('',(-0.,0.,1.));
#13373 = PCURVE('',#13349,#13374);
#13374 = DEFINITIONAL_REPRESENTATION('',(#13375),#13379);
#13375 = LINE('',#13376,#13377);
#13376 = CARTESIAN_POINT('',(0.,5.8));
#13377 = VECTOR('',#13378,1.);
#13378 = DIRECTION('',(1.,0.));
#13379 = ( GEOMETRIC_REPRESENTATION_CONTEXT(2) 
PARAMETRIC_REPRESENTATION_CONTEXT() REPRESENTATION_CONTEXT('2D SPACE',''
  ) );
#13380 = PCURVE('',#1107,#13381);
#13381 = DEFINITIONAL_REPRESENTATION('',(#13382),#13386);
#13382 = CIRCLE('',#13383,1.85);
#13383 = AXIS2_PLACEMENT_2D('',#13384,#13385);
#13384 = CARTESIAN_POINT('',(0.,0.));
#13385 = DIRECTION('',(1.,0.));
#13386 = ( GEOMETRIC_REPRESENTATION_CONTEXT(2) 
PARAMETRIC_REPRESENTATION_CONTEXT() REPRESENTATION_CONTEXT('2D SPACE',''
  ) );
#13387 = ORIENTED_EDGE('',*,*,#13388,.F.);
#13388 = EDGE_CURVE('',#13333,#13365,#13389,.T.);
#13389 = SEAM_CURVE('',#13390,(#13394,#13401),.PCURVE_S1.);
#13390 = LINE('',#13391,#13392);
#13391 = CARTESIAN_POINT('',(74.6,4.531193156845E-16,1.85));
#13392 = VECTOR('',#13393,1.);
#13393 = DIRECTION('',(1.,0.,0.));
#13394 = PCURVE('',#13349,#13395);
#13395 = DEFINITIONAL_REPRESENTATION('',(#13396),#13400);
#13396 = LINE('',#13397,#13398);
#13397 = CARTESIAN_POINT('',(6.28318530718,-0.));
#13398 = VECTOR('',#13399,1.);
#13399 = DIRECTION('',(0.,1.));
#13400 = ( GEOMETRIC_REPRESENTATION_CONTEXT(2) 
PARAMETRIC_REPRESENTATION_CONTEXT() REPRESENTATION_CONTEXT('2D SPACE',''
  ) );
#13401 = PCURVE('',#13349,#13402);
#13402 = DEFINITIONAL_REPRESENTATION('',(#13403),#13407);
#13403 = LINE('',#13404,#13405);
#13404 = CARTESIAN_POINT('',(0.,-0.));
#13405 = VECTOR('',#13406,1.);
#13406 = DIRECTION('',(0.,1.));
#13407 = ( GEOMETRIC_REPRESENTATION_CONTEXT(2) 
PARAMETRIC_REPRESENTATION_CONTEXT() REPRESENTATION_CONTEXT('2D SPACE',''
  ) );
#13408 = ORIENTED_EDGE('',*,*,#13332,.T.);
#13409 = ORIENTED_EDGE('',*,*,#13388,.T.);
#13410 = ADVANCED_FACE('',(#13411,#13466),#1681,.T.);
#13411 = FACE_BOUND('',#13412,.T.);
#13412 = EDGE_LOOP('',(#13413,#13414,#13415,#13416,#13417,#13418,#13419,
    #13420,#13444,#13465));
#13413 = ORIENTED_EDGE('',*,*,#4871,.T.);
#13414 = ORIENTED_EDGE('',*,*,#3998,.T.);
#13415 = ORIENTED_EDGE('',*,*,#3739,.T.);
#13416 = ORIENTED_EDGE('',*,*,#12966,.T.);
#13417 = ORIENTED_EDGE('',*,*,#13117,.F.);
#13418 = ORIENTED_EDGE('',*,*,#13250,.T.);
#13419 = ORIENTED_EDGE('',*,*,#1665,.F.);
#13420 = ORIENTED_EDGE('',*,*,#13421,.T.);
#13421 = EDGE_CURVE('',#1639,#13422,#13424,.T.);
#13422 = VERTEX_POINT('',#13423);
#13423 = CARTESIAN_POINT('',(20.2,-6.,2.5));
#13424 = SURFACE_CURVE('',#13425,(#13430,#13437),.PCURVE_S1.);
#13425 = CIRCLE('',#13426,6.5);
#13426 = AXIS2_PLACEMENT_3D('',#13427,#13428,#13429);
#13427 = CARTESIAN_POINT('',(20.2,0.,0.));
#13428 = DIRECTION('',(1.,0.,0.));
#13429 = DIRECTION('',(-0.,0.,1.));
#13430 = PCURVE('',#1681,#13431);
#13431 = DEFINITIONAL_REPRESENTATION('',(#13432),#13436);
#13432 = CIRCLE('',#13433,6.5);
#13433 = AXIS2_PLACEMENT_2D('',#13434,#13435);
#13434 = CARTESIAN_POINT('',(0.,0.));
#13435 = DIRECTION('',(1.,0.));
#13436 = ( GEOMETRIC_REPRESENTATION_CONTEXT(2) 
PARAMETRIC_REPRESENTATION_CONTEXT() REPRESENTATION_CONTEXT('2D SPACE',''
  ) );
#13437 = PCURVE('',#1654,#13438);
#13438 = DEFINITIONAL_REPRESENTATION('',(#13439),#13443);
#13439 = LINE('',#13440,#13441);
#13440 = CARTESIAN_POINT('',(0.,5.6));
#13441 = VECTOR('',#13442,1.);
#13442 = DIRECTION('',(1.,0.));
#13443 = ( GEOMETRIC_REPRESENTATION_CONTEXT(2) 
PARAMETRIC_REPRESENTATION_CONTEXT() REPRESENTATION_CONTEXT('2D SPACE',''
  ) );
#13444 = ORIENTED_EDGE('',*,*,#13445,.F.);
#13445 = EDGE_CURVE('',#9769,#13422,#13446,.T.);
#13446 = SURFACE_CURVE('',#13447,(#13451,#13458),.PCURVE_S1.);
#13447 = LINE('',#13448,#13449);
#13448 = CARTESIAN_POINT('',(20.2,-29.,2.5));
#13449 = VECTOR('',#13450,1.);
#13450 = DIRECTION('',(0.,1.,0.));
#13451 = PCURVE('',#1681,#13452);
#13452 = DEFINITIONAL_REPRESENTATION('',(#13453),#13457);
#13453 = LINE('',#13454,#13455);
#13454 = CARTESIAN_POINT('',(2.5,29.));
#13455 = VECTOR('',#13456,1.);
#13456 = DIRECTION('',(0.,-1.));
#13457 = ( GEOMETRIC_REPRESENTATION_CONTEXT(2) 
PARAMETRIC_REPRESENTATION_CONTEXT() REPRESENTATION_CONTEXT('2D SPACE',''
  ) );
#13458 = PCURVE('',#1626,#13459);
#13459 = DEFINITIONAL_REPRESENTATION('',(#13460),#13464);
#13460 = LINE('',#13461,#13462);
#13461 = CARTESIAN_POINT('',(-0.,0.));
#13462 = VECTOR('',#13463,1.);
#13463 = DIRECTION('',(-0.,1.));
#13464 = ( GEOMETRIC_REPRESENTATION_CONTEXT(2) 
PARAMETRIC_REPRESENTATION_CONTEXT() REPRESENTATION_CONTEXT('2D SPACE',''
  ) );
#13465 = ORIENTED_EDGE('',*,*,#9768,.F.);
#13466 = FACE_BOUND('',#13467,.T.);
#13467 = EDGE_LOOP('',(#13468));
#13468 = ORIENTED_EDGE('',*,*,#13469,.T.);
#13469 = EDGE_CURVE('',#13470,#13470,#13472,.T.);
#13470 = VERTEX_POINT('',#13471);
#13471 = CARTESIAN_POINT('',(20.2,4.531193156845E-16,-1.85));
#13472 = SURFACE_CURVE('',#13473,(#13478,#13489),.PCURVE_S1.);
#13473 = CIRCLE('',#13474,1.85);
#13474 = AXIS2_PLACEMENT_3D('',#13475,#13476,#13477);
#13475 = CARTESIAN_POINT('',(20.2,0.,0.));
#13476 = DIRECTION('',(-1.,0.,0.));
#13477 = DIRECTION('',(0.,0.,-1.));
#13478 = PCURVE('',#1681,#13479);
#13479 = DEFINITIONAL_REPRESENTATION('',(#13480),#13488);
#13480 = ( BOUNDED_CURVE() B_SPLINE_CURVE(2,(#13481,#13482,#13483,#13484
    ,#13485,#13486,#13487),.UNSPECIFIED.,.T.,.F.) 
B_SPLINE_CURVE_WITH_KNOTS((1,2,2,2,2,1),(-2.094395102393,0.,
    2.094395102393,4.188790204786,6.28318530718,8.377580409573),
.UNSPECIFIED.) CURVE() GEOMETRIC_REPRESENTATION_ITEM() 
RATIONAL_B_SPLINE_CURVE((1.,0.5,1.,0.5,1.,0.5,1.)) REPRESENTATION_ITEM(
  '') );
#13481 = CARTESIAN_POINT('',(-1.85,0.));
#13482 = CARTESIAN_POINT('',(-1.85,3.204293994002));
#13483 = CARTESIAN_POINT('',(0.925,1.602146997001));
#13484 = CARTESIAN_POINT('',(3.7,4.531193156845E-16));
#13485 = CARTESIAN_POINT('',(0.925,-1.602146997001));
#13486 = CARTESIAN_POINT('',(-1.85,-3.204293994002));
#13487 = CARTESIAN_POINT('',(-1.85,0.));
#13488 = ( GEOMETRIC_REPRESENTATION_CONTEXT(2) 
PARAMETRIC_REPRESENTATION_CONTEXT() REPRESENTATION_CONTEXT('2D SPACE',''
  ) );
#13489 = PCURVE('',#13490,#13495);
#13490 = CYLINDRICAL_SURFACE('',#13491,1.85);
#13491 = AXIS2_PLACEMENT_3D('',#13492,#13493,#13494);
#13492 = CARTESIAN_POINT('',(20.4,0.,0.));
#13493 = DIRECTION('',(-1.,0.,0.));
#13494 = DIRECTION('',(0.,0.,-1.));
#13495 = DEFINITIONAL_REPRESENTATION('',(#13496),#13500);
#13496 = LINE('',#13497,#13498);
#13497 = CARTESIAN_POINT('',(0.,0.2));
#13498 = VECTOR('',#13499,1.);
#13499 = DIRECTION('',(1.,0.));
#13500 = ( GEOMETRIC_REPRESENTATION_CONTEXT(2) 
PARAMETRIC_REPRESENTATION_CONTEXT() REPRESENTATION_CONTEXT('2D SPACE',''
  ) );
#13501 = ADVANCED_FACE('',(#13502),#13490,.F.);
#13502 = FACE_BOUND('',#13503,.F.);
#13503 = EDGE_LOOP('',(#13504,#13532,#13553,#13554));
#13504 = ORIENTED_EDGE('',*,*,#13505,.F.);
#13505 = EDGE_CURVE('',#13506,#13506,#13508,.T.);
#13506 = VERTEX_POINT('',#13507);
#13507 = CARTESIAN_POINT('',(14.6,4.531193156845E-16,-1.85));
#13508 = SURFACE_CURVE('',#13509,(#13514,#13521),.PCURVE_S1.);
#13509 = CIRCLE('',#13510,1.85);
#13510 = AXIS2_PLACEMENT_3D('',#13511,#13512,#13513);
#13511 = CARTESIAN_POINT('',(14.6,0.,0.));
#13512 = DIRECTION('',(-1.,0.,0.));
#13513 = DIRECTION('',(0.,0.,-1.));
#13514 = PCURVE('',#13490,#13515);
#13515 = DEFINITIONAL_REPRESENTATION('',(#13516),#13520);
#13516 = LINE('',#13517,#13518);
#13517 = CARTESIAN_POINT('',(0.,5.8));
#13518 = VECTOR('',#13519,1.);
#13519 = DIRECTION('',(1.,0.));
#13520 = ( GEOMETRIC_REPRESENTATION_CONTEXT(2) 
PARAMETRIC_REPRESENTATION_CONTEXT() REPRESENTATION_CONTEXT('2D SPACE',''
  ) );
#13521 = PCURVE('',#414,#13522);
#13522 = DEFINITIONAL_REPRESENTATION('',(#13523),#13531);
#13523 = ( BOUNDED_CURVE() B_SPLINE_CURVE(2,(#13524,#13525,#13526,#13527
    ,#13528,#13529,#13530),.UNSPECIFIED.,.T.,.F.) 
B_SPLINE_CURVE_WITH_KNOTS((1,2,2,2,2,1),(-2.094395102393,0.,
    2.094395102393,4.188790204786,6.28318530718,8.377580409573),
.UNSPECIFIED.) CURVE() GEOMETRIC_REPRESENTATION_ITEM() 
RATIONAL_B_SPLINE_CURVE((1.,0.5,1.,0.5,1.,0.5,1.)) REPRESENTATION_ITEM(
  '') );
#13524 = CARTESIAN_POINT('',(3.15,-29.));
#13525 = CARTESIAN_POINT('',(3.15,-25.79570600599));
#13526 = CARTESIAN_POINT('',(5.925,-27.39785300299));
#13527 = CARTESIAN_POINT('',(8.7,-29.));
#13528 = CARTESIAN_POINT('',(5.925,-30.602146997));
#13529 = CARTESIAN_POINT('',(3.15,-32.204293994));
#13530 = CARTESIAN_POINT('',(3.15,-29.));
#13531 = ( GEOMETRIC_REPRESENTATION_CONTEXT(2) 
PARAMETRIC_REPRESENTATION_CONTEXT() REPRESENTATION_CONTEXT('2D SPACE',''
  ) );
#13532 = ORIENTED_EDGE('',*,*,#13533,.F.);
#13533 = EDGE_CURVE('',#13470,#13506,#13534,.T.);
#13534 = SEAM_CURVE('',#13535,(#13539,#13546),.PCURVE_S1.);
#13535 = LINE('',#13536,#13537);
#13536 = CARTESIAN_POINT('',(20.4,4.531193156845E-16,-1.85));
#13537 = VECTOR('',#13538,1.);
#13538 = DIRECTION('',(-1.,0.,0.));
#13539 = PCURVE('',#13490,#13540);
#13540 = DEFINITIONAL_REPRESENTATION('',(#13541),#13545);
#13541 = LINE('',#13542,#13543);
#13542 = CARTESIAN_POINT('',(6.28318530718,-0.));
#13543 = VECTOR('',#13544,1.);
#13544 = DIRECTION('',(0.,1.));
#13545 = ( GEOMETRIC_REPRESENTATION_CONTEXT(2) 
PARAMETRIC_REPRESENTATION_CONTEXT() REPRESENTATION_CONTEXT('2D SPACE',''
  ) );
#13546 = PCURVE('',#13490,#13547);
#13547 = DEFINITIONAL_REPRESENTATION('',(#13548),#13552);
#13548 = LINE('',#13549,#13550);
#13549 = CARTESIAN_POINT('',(0.,-0.));
#13550 = VECTOR('',#13551,1.);
#13551 = DIRECTION('',(0.,1.));
#13552 = ( GEOMETRIC_REPRESENTATION_CONTEXT(2) 
PARAMETRIC_REPRESENTATION_CONTEXT() REPRESENTATION_CONTEXT('2D SPACE',''
  ) );
#13553 = ORIENTED_EDGE('',*,*,#13469,.T.);
#13554 = ORIENTED_EDGE('',*,*,#13533,.T.);
#13555 = ADVANCED_FACE('',(#13556),#1875,.T.);
#13556 = FACE_BOUND('',#13557,.T.);
#13557 = EDGE_LOOP('',(#13558,#13636,#13637));
#13558 = ORIENTED_EDGE('',*,*,#13559,.T.);
#13559 = EDGE_CURVE('',#13286,#1860,#13560,.T.);
#13560 = SURFACE_CURVE('',#13561,(#13584,#13610),.PCURVE_S1.);
#13561 = B_SPLINE_CURVE_WITH_KNOTS('',6,(#13562,#13563,#13564,#13565,
    #13566,#13567,#13568,#13569,#13570,#13571,#13572,#13573,#13574,
    #13575,#13576,#13577,#13578,#13579,#13580,#13581,#13582,#13583),
  .UNSPECIFIED.,.F.,.F.,(7,5,5,5,7),(0.,0.22627843966,0.483667536573,
    0.647250694726,1.),.UNSPECIFIED.);
#13562 = CARTESIAN_POINT('',(74.8,-6.,2.5));
#13563 = CARTESIAN_POINT('',(74.8,-5.973310170323,2.564055591226));
#13564 = CARTESIAN_POINT('',(74.804924053024,-5.945832238566,
    2.627691659776));
#13565 = CARTESIAN_POINT('',(74.81464975284,-5.917786388753,
    2.690388069457));
#13566 = CARTESIAN_POINT('',(74.828975622434,-5.889434541448,
    2.751654140642));
#13567 = CARTESIAN_POINT('',(74.847620598198,-5.861068425042,
    2.811036103745));
#13568 = CARTESIAN_POINT('',(74.895934068433,-5.801067463086,
    2.933062000276));
#13569 = CARTESIAN_POINT('',(74.926785124618,-5.769494793487,
    2.995081439732));
#13570 = CARTESIAN_POINT('',(74.96234374311,-5.738626461749,
    3.053792956306));
#13571 = CARTESIAN_POINT('',(75.002174579197,-5.708815262522,
    3.108872839301));
#13572 = CARTESIAN_POINT('',(75.045838836226,-5.680404511255,
    3.160052398599));
#13573 = CARTESIAN_POINT('',(75.122798543479,-5.636748595799,
    3.237012105853));
#13574 = CARTESIAN_POINT('',(75.154085025791,-5.620472104961,
    3.265263127199));
#13575 = CARTESIAN_POINT('',(75.186646968902,-5.604962250941,
    3.291806179227));
#13576 = CARTESIAN_POINT('',(75.220380739421,-5.590294263712,
    3.316594175912));
#13577 = CARTESIAN_POINT('',(75.255184607054,-5.576538404018,
    3.339585355867));
#13578 = CARTESIAN_POINT('',(75.368101278798,-5.536201268546,
    3.406364089382));
#13579 = CARTESIAN_POINT('',(75.44983163695,-5.513156431903,
    3.443500858309));
#13580 = CARTESIAN_POINT('',(75.535017063548,-5.495337011706,
    3.471657138511));
#13581 = CARTESIAN_POINT('',(75.622521941261,-5.483268983973,
    3.490542506862));
#13582 = CARTESIAN_POINT('',(75.711223237402,-5.477225578433,
    3.499999994708));
#13583 = CARTESIAN_POINT('',(75.799999940395,-5.477225575052,3.5));
#13584 = PCURVE('',#1875,#13585);
#13585 = DEFINITIONAL_REPRESENTATION('',(#13586),#13609);
#13586 = B_SPLINE_CURVE_WITH_KNOTS('',6,(#13587,#13588,#13589,#13590,
    #13591,#13592,#13593,#13594,#13595,#13596,#13597,#13598,#13599,
    #13600,#13601,#13602,#13603,#13604,#13605,#13606,#13607,#13608),
  .UNSPECIFIED.,.F.,.F.,(7,5,5,5,7),(0.,0.22627843966,0.483667536573,
    0.647250694726,1.),.UNSPECIFIED.);
#13587 = CARTESIAN_POINT('',(1.176005207095,0.));
#13588 = CARTESIAN_POINT('',(1.165329275224,0.));
#13589 = CARTESIAN_POINT('',(1.154666292898,4.924053024368E-03));
#13590 = CARTESIAN_POINT('',(1.144100938224,1.464975284024E-02));
#13591 = CARTESIAN_POINT('',(1.133716272462,2.897562243432E-02));
#13592 = CARTESIAN_POINT('',(1.12359242344,4.762059819788E-02));
#13593 = CARTESIAN_POINT('',(1.102672494457,9.593406843317E-02));
#13594 = CARTESIAN_POINT('',(1.091966858499,0.126785124618));
#13595 = CARTESIAN_POINT('',(1.08176319815,0.16234374311));
#13596 = CARTESIAN_POINT('',(1.07212873357,0.202174579197));
#13597 = CARTESIAN_POINT('',(1.06312349596,0.245838836226));
#13598 = CARTESIAN_POINT('',(1.049511253389,0.322798543479));
#13599 = CARTESIAN_POINT('',(1.044495310505,0.354085025791));
#13600 = CARTESIAN_POINT('',(1.039765846898,0.386646968902));
#13601 = CARTESIAN_POINT('',(1.035334748448,0.420380739421));
#13602 = CARTESIAN_POINT('',(1.031212919117,0.455184607054));
#13603 = CARTESIAN_POINT('',(1.019210469911,0.568101278798));
#13604 = CARTESIAN_POINT('',(1.01248697721,0.64983163695));
#13605 = CARTESIAN_POINT('',(1.007360723126,0.735017063548));
#13606 = CARTESIAN_POINT('',(1.003912714707,0.822521941261));
#13607 = CARTESIAN_POINT('',(1.002186027497,0.911223237402));
#13608 = CARTESIAN_POINT('',(1.002186026531,0.999999940395));
#13609 = ( GEOMETRIC_REPRESENTATION_CONTEXT(2) 
PARAMETRIC_REPRESENTATION_CONTEXT() REPRESENTATION_CONTEXT('2D SPACE',''
  ) );
#13610 = PCURVE('',#1900,#13611);
#13611 = DEFINITIONAL_REPRESENTATION('',(#13612),#13635);
#13612 = B_SPLINE_CURVE_WITH_KNOTS('',6,(#13613,#13614,#13615,#13616,
    #13617,#13618,#13619,#13620,#13621,#13622,#13623,#13624,#13625,
    #13626,#13627,#13628,#13629,#13630,#13631,#13632,#13633,#13634),
  .UNSPECIFIED.,.F.,.F.,(7,5,5,5,7),(0.,0.22627843966,0.483667536573,
    0.647250694726,1.),.UNSPECIFIED.);
#13613 = CARTESIAN_POINT('',(0.,23.));
#13614 = CARTESIAN_POINT('',(6.405559122576E-02,23.026689829677));
#13615 = CARTESIAN_POINT('',(0.127691794233,23.054167761434));
#13616 = CARTESIAN_POINT('',(0.190860983467,23.082213611247));
#13617 = CARTESIAN_POINT('',(0.25351538539,23.110565458552));
#13618 = CARTESIAN_POINT('',(0.315590932681,23.138931574958));
#13619 = CARTESIAN_POINT('',(0.446833116564,23.198932536914));
#13620 = CARTESIAN_POINT('',(0.515854525957,23.230505206513));
#13621 = CARTESIAN_POINT('',(0.584145906114,23.261373538251));
#13622 = CARTESIAN_POINT('',(0.651788596981,23.291184737478));
#13623 = CARTESIAN_POINT('',(0.718853217373,23.319595488745));
#13624 = CARTESIAN_POINT('',(0.827690679127,23.363251404201));
#13625 = CARTESIAN_POINT('',(0.869790049902,23.379527895039));
#13626 = CARTESIAN_POINT('',(0.911719761884,23.395037749059));
#13627 = CARTESIAN_POINT('',(0.953503170272,23.409705736288));
#13628 = CARTESIAN_POINT('',(0.995163788211,23.423461595982));
#13629 = CARTESIAN_POINT('',(1.126349054182,23.463798731454));
#13630 = CARTESIAN_POINT('',(1.215601869318,23.486843568097));
#13631 = CARTESIAN_POINT('',(1.304553547063,23.504662988294));
#13632 = CARTESIAN_POINT('',(1.393318384917,23.516731016027));
#13633 = CARTESIAN_POINT('',(1.482019564197,23.522774421567));
#13634 = CARTESIAN_POINT('',(1.57079626719,23.522774424948));
#13635 = ( GEOMETRIC_REPRESENTATION_CONTEXT(2) 
PARAMETRIC_REPRESENTATION_CONTEXT() REPRESENTATION_CONTEXT('2D SPACE',''
  ) );
#13636 = ORIENTED_EDGE('',*,*,#1859,.F.);
#13637 = ORIENTED_EDGE('',*,*,#13285,.T.);
#13638 = ADVANCED_FACE('',(#13639),#1654,.T.);
#13639 = FACE_BOUND('',#13640,.T.);
#13640 = EDGE_LOOP('',(#13641,#13642,#13643));
#13641 = ORIENTED_EDGE('',*,*,#13421,.F.);
#13642 = ORIENTED_EDGE('',*,*,#1638,.F.);
#13643 = ORIENTED_EDGE('',*,*,#13644,.F.);
#13644 = EDGE_CURVE('',#13422,#1611,#13645,.T.);
#13645 = SURFACE_CURVE('',#13646,(#13669,#13695),.PCURVE_S1.);
#13646 = B_SPLINE_CURVE_WITH_KNOTS('',6,(#13647,#13648,#13649,#13650,
    #13651,#13652,#13653,#13654,#13655,#13656,#13657,#13658,#13659,
    #13660,#13661,#13662,#13663,#13664,#13665,#13666,#13667,#13668),
  .UNSPECIFIED.,.F.,.F.,(7,5,5,5,7),(0.,0.226278430924,0.483667517898,
    0.647250676975,1.),.UNSPECIFIED.);
#13647 = CARTESIAN_POINT('',(20.2,-6.,2.5));
#13648 = CARTESIAN_POINT('',(20.2,-5.973310170323,2.564055591226));
#13649 = CARTESIAN_POINT('',(20.195075946976,-5.945832238566,
    2.627691659776));
#13650 = CARTESIAN_POINT('',(20.18535024716,-5.917786388753,
    2.690388069457));
#13651 = CARTESIAN_POINT('',(20.171024377566,-5.889434541448,
    2.751654140642));
#13652 = CARTESIAN_POINT('',(20.152379401802,-5.861068425042,
    2.811036103745));
#13653 = CARTESIAN_POINT('',(20.104065931567,-5.801067463087,
    2.933062000276));
#13654 = CARTESIAN_POINT('',(20.073214875382,-5.769494793487,
    2.995081439732));
#13655 = CARTESIAN_POINT('',(20.03765625689,-5.738626461749,
    3.053792956306));
#13656 = CARTESIAN_POINT('',(19.997825420803,-5.708815262522,
    3.108872839301));
#13657 = CARTESIAN_POINT('',(19.954161163774,-5.680404511255,
    3.160052398599));
#13658 = CARTESIAN_POINT('',(19.877201455197,-5.636748595048,
    3.237012107176));
#13659 = CARTESIAN_POINT('',(19.845914974463,-5.620472105239,
    3.265263126685));
#13660 = CARTESIAN_POINT('',(19.81335303256,-5.604962251603,
    3.291806178091));
#13661 = CARTESIAN_POINT('',(19.779619261105,-5.590294263788,
    3.316594175819));
#13662 = CARTESIAN_POINT('',(19.744815391348,-5.576538403448,
    3.339585356812));
#13663 = CARTESIAN_POINT('',(19.631898721202,-5.536201268546,
    3.406364089382));
#13664 = CARTESIAN_POINT('',(19.55016836305,-5.513156431903,
    3.443500858309));
#13665 = CARTESIAN_POINT('',(19.464982936452,-5.495337011706,
    3.471657138511));
#13666 = CARTESIAN_POINT('',(19.377478058739,-5.483268983973,
    3.490542506862));
#13667 = CARTESIAN_POINT('',(19.288776762598,-5.477225578433,
    3.499999994708));
#13668 = CARTESIAN_POINT('',(19.200000059605,-5.477225575052,3.5));
#13669 = PCURVE('',#1654,#13670);
#13670 = DEFINITIONAL_REPRESENTATION('',(#13671),#13694);
#13671 = B_SPLINE_CURVE_WITH_KNOTS('',6,(#13672,#13673,#13674,#13675,
    #13676,#13677,#13678,#13679,#13680,#13681,#13682,#13683,#13684,
    #13685,#13686,#13687,#13688,#13689,#13690,#13691,#13692,#13693),
  .UNSPECIFIED.,.F.,.F.,(7,5,5,5,7),(0.,0.226278430924,0.483667517898,
    0.647250676975,1.),.UNSPECIFIED.);
#13672 = CARTESIAN_POINT('',(1.176005207095,5.6));
#13673 = CARTESIAN_POINT('',(1.165329275224,5.6));
#13674 = CARTESIAN_POINT('',(1.154666292898,5.595075946976));
#13675 = CARTESIAN_POINT('',(1.144100938224,5.58535024716));
#13676 = CARTESIAN_POINT('',(1.133716272462,5.571024377566));
#13677 = CARTESIAN_POINT('',(1.12359242344,5.552379401802));
#13678 = CARTESIAN_POINT('',(1.102672494457,5.504065931567));
#13679 = CARTESIAN_POINT('',(1.091966858499,5.473214875382));
#13680 = CARTESIAN_POINT('',(1.08176319815,5.43765625689));
#13681 = CARTESIAN_POINT('',(1.07212873357,5.397825420803));
#13682 = CARTESIAN_POINT('',(1.06312349596,5.354161163774));
#13683 = CARTESIAN_POINT('',(1.049511253155,5.277201455197));
#13684 = CARTESIAN_POINT('',(1.044495310595,5.245914974463));
#13685 = CARTESIAN_POINT('',(1.0397658471,5.21335303256));
#13686 = CARTESIAN_POINT('',(1.035334748466,5.179619261105));
#13687 = CARTESIAN_POINT('',(1.031212918947,5.144815391348));
#13688 = CARTESIAN_POINT('',(1.019210469911,5.031898721202));
#13689 = CARTESIAN_POINT('',(1.01248697721,4.95016836305));
#13690 = CARTESIAN_POINT('',(1.007360723126,4.864982936452));
#13691 = CARTESIAN_POINT('',(1.003912714707,4.777478058739));
#13692 = CARTESIAN_POINT('',(1.002186027497,4.688776762598));
#13693 = CARTESIAN_POINT('',(1.002186026531,4.600000059605));
#13694 = ( GEOMETRIC_REPRESENTATION_CONTEXT(2) 
PARAMETRIC_REPRESENTATION_CONTEXT() REPRESENTATION_CONTEXT('2D SPACE',''
  ) );
#13695 = PCURVE('',#1626,#13696);
#13696 = DEFINITIONAL_REPRESENTATION('',(#13697),#13720);
#13697 = B_SPLINE_CURVE_WITH_KNOTS('',6,(#13698,#13699,#13700,#13701,
    #13702,#13703,#13704,#13705,#13706,#13707,#13708,#13709,#13710,
    #13711,#13712,#13713,#13714,#13715,#13716,#13717,#13718,#13719),
  .UNSPECIFIED.,.F.,.F.,(7,5,5,5,7),(0.,0.226278430924,0.483667517898,
    0.647250676975,1.),.UNSPECIFIED.);
#13698 = CARTESIAN_POINT('',(0.,23.));
#13699 = CARTESIAN_POINT('',(-6.405559122575E-02,23.026689829677));
#13700 = CARTESIAN_POINT('',(-0.127691794233,23.054167761434));
#13701 = CARTESIAN_POINT('',(-0.190860983467,23.082213611247));
#13702 = CARTESIAN_POINT('',(-0.25351538539,23.110565458552));
#13703 = CARTESIAN_POINT('',(-0.315590932681,23.138931574958));
#13704 = CARTESIAN_POINT('',(-0.446833116564,23.198932536913));
#13705 = CARTESIAN_POINT('',(-0.515854525957,23.230505206513));
#13706 = CARTESIAN_POINT('',(-0.584145906114,23.261373538251));
#13707 = CARTESIAN_POINT('',(-0.651788596981,23.291184737478));
#13708 = CARTESIAN_POINT('',(-0.718853217373,23.319595488745));
#13709 = CARTESIAN_POINT('',(-0.827690680999,23.363251404952));
#13710 = CARTESIAN_POINT('',(-0.869790049384,23.379527894761));
#13711 = CARTESIAN_POINT('',(-0.91171976002,23.395037748397));
#13712 = CARTESIAN_POINT('',(-0.953503169798,23.409705736212));
#13713 = CARTESIAN_POINT('',(-0.995163790068,23.423461596552));
#13714 = CARTESIAN_POINT('',(-1.126349054182,23.463798731454));
#13715 = CARTESIAN_POINT('',(-1.215601869318,23.486843568097));
#13716 = CARTESIAN_POINT('',(-1.304553547063,23.504662988294));
#13717 = CARTESIAN_POINT('',(-1.393318384917,23.516731016027));
#13718 = CARTESIAN_POINT('',(-1.482019564197,23.522774421567));
#13719 = CARTESIAN_POINT('',(-1.57079626719,23.522774424948));
#13720 = ( GEOMETRIC_REPRESENTATION_CONTEXT(2) 
PARAMETRIC_REPRESENTATION_CONTEXT() REPRESENTATION_CONTEXT('2D SPACE',''
  ) );
#13721 = ADVANCED_FACE('',(#13722),#1900,.T.);
#13722 = FACE_BOUND('',#13723,.T.);
#13723 = EDGE_LOOP('',(#13724,#13756,#13757,#13758));
#13724 = ORIENTED_EDGE('',*,*,#13725,.T.);
#13725 = EDGE_CURVE('',#9790,#1583,#13726,.T.);
#13726 = SURFACE_CURVE('',#13727,(#13732,#13744),.PCURVE_S1.);
#13727 = ELLIPSE('',#13728,1.414213562373,1.);
#13728 = AXIS2_PLACEMENT_3D('',#13729,#13730,#13731);
#13729 = CARTESIAN_POINT('',(75.8,-18.3,2.5));
#13730 = DIRECTION('',(0.707106781187,0.707106781187,0.));
#13731 = DIRECTION('',(-0.707106781187,0.707106781187,0.));
#13732 = PCURVE('',#1900,#13733);
#13733 = DEFINITIONAL_REPRESENTATION('',(#13734),#13743);
#13734 = B_SPLINE_CURVE_WITH_KNOTS('',7,(#13735,#13736,#13737,#13738,
    #13739,#13740,#13741,#13742),.UNSPECIFIED.,.F.,.F.,(8,8),(0.,
    1.570796326795),.PIECEWISE_BEZIER_KNOTS.);
#13735 = CARTESIAN_POINT('',(0.,11.7));
#13736 = CARTESIAN_POINT('',(0.224399475256,11.7));
#13737 = CARTESIAN_POINT('',(0.448798950513,11.64125132739));
#13738 = CARTESIAN_POINT('',(0.67319842577,11.523762504631));
#13739 = CARTESIAN_POINT('',(0.897597901026,11.354746825771));
#13740 = CARTESIAN_POINT('',(1.121997376282,11.14879803932));
#13741 = CARTESIAN_POINT('',(1.346396851538,10.924399475256));
#13742 = CARTESIAN_POINT('',(1.570796326795,10.7));
#13743 = ( GEOMETRIC_REPRESENTATION_CONTEXT(2) 
PARAMETRIC_REPRESENTATION_CONTEXT() REPRESENTATION_CONTEXT('2D SPACE',''
  ) );
#13744 = PCURVE('',#1598,#13745);
#13745 = DEFINITIONAL_REPRESENTATION('',(#13746),#13755);
#13746 = B_SPLINE_CURVE_WITH_KNOTS('',7,(#13747,#13748,#13749,#13750,
    #13751,#13752,#13753,#13754),.UNSPECIFIED.,.F.,.F.,(8,8),(0.,
    1.570796326795),.PIECEWISE_BEZIER_KNOTS.);
#13747 = CARTESIAN_POINT('',(0.,60.2));
#13748 = CARTESIAN_POINT('',(0.224399475256,60.2));
#13749 = CARTESIAN_POINT('',(0.448798950513,60.258748672595));
#13750 = CARTESIAN_POINT('',(0.67319842577,60.376237495424));
#13751 = CARTESIAN_POINT('',(0.897597901026,60.545253174183));
#13752 = CARTESIAN_POINT('',(1.121997376282,60.751201960698));
#13753 = CARTESIAN_POINT('',(1.346396851538,60.975600524744));
#13754 = CARTESIAN_POINT('',(1.570796326795,61.2));
#13755 = ( GEOMETRIC_REPRESENTATION_CONTEXT(2) 
PARAMETRIC_REPRESENTATION_CONTEXT() REPRESENTATION_CONTEXT('2D SPACE',''
  ) );
#13756 = ORIENTED_EDGE('',*,*,#1886,.T.);
#13757 = ORIENTED_EDGE('',*,*,#13559,.F.);
#13758 = ORIENTED_EDGE('',*,*,#13309,.F.);
#13759 = ADVANCED_FACE('',(#13760),#1626,.T.);
#13760 = FACE_BOUND('',#13761,.F.);
#13761 = EDGE_LOOP('',(#13762,#13794,#13795,#13796));
#13762 = ORIENTED_EDGE('',*,*,#13763,.F.);
#13763 = EDGE_CURVE('',#1581,#9769,#13764,.T.);
#13764 = SURFACE_CURVE('',#13765,(#13770,#13782),.PCURVE_S1.);
#13765 = ELLIPSE('',#13766,1.414213562373,1.);
#13766 = AXIS2_PLACEMENT_3D('',#13767,#13768,#13769);
#13767 = CARTESIAN_POINT('',(19.2,-18.3,2.5));
#13768 = DIRECTION('',(-0.707106781187,0.707106781187,0.));
#13769 = DIRECTION('',(0.707106781187,0.707106781187,0.));
#13770 = PCURVE('',#1626,#13771);
#13771 = DEFINITIONAL_REPRESENTATION('',(#13772),#13781);
#13772 = B_SPLINE_CURVE_WITH_KNOTS('',7,(#13773,#13774,#13775,#13776,
    #13777,#13778,#13779,#13780),.UNSPECIFIED.,.F.,.F.,(8,8),(
    4.712388980385,6.28318530718),.PIECEWISE_BEZIER_KNOTS.);
#13773 = CARTESIAN_POINT('',(-1.570796326795,10.7));
#13774 = CARTESIAN_POINT('',(-1.346396851538,10.924399475256));
#13775 = CARTESIAN_POINT('',(-1.121997376282,11.148798039319));
#13776 = CARTESIAN_POINT('',(-0.897597901026,11.35474682578));
#13777 = CARTESIAN_POINT('',(-0.673198425769,11.523762504617));
#13778 = CARTESIAN_POINT('',(-0.448798950513,11.641251327392));
#13779 = CARTESIAN_POINT('',(-0.224399475256,11.7));
#13780 = CARTESIAN_POINT('',(-4.440892098501E-16,11.7));
#13781 = ( GEOMETRIC_REPRESENTATION_CONTEXT(2) 
PARAMETRIC_REPRESENTATION_CONTEXT() REPRESENTATION_CONTEXT('2D SPACE',''
  ) );
#13782 = PCURVE('',#1598,#13783);
#13783 = DEFINITIONAL_REPRESENTATION('',(#13784),#13793);
#13784 = B_SPLINE_CURVE_WITH_KNOTS('',7,(#13785,#13786,#13787,#13788,
    #13789,#13790,#13791,#13792),.UNSPECIFIED.,.F.,.F.,(8,8),(
    4.712388980385,6.28318530718),.PIECEWISE_BEZIER_KNOTS.);
#13785 = CARTESIAN_POINT('',(1.570796326795,4.6));
#13786 = CARTESIAN_POINT('',(1.346396851538,4.824399475256));
#13787 = CARTESIAN_POINT('',(1.121997376282,5.048798039319));
#13788 = CARTESIAN_POINT('',(0.897597901026,5.254746825776));
#13789 = CARTESIAN_POINT('',(0.673198425769,5.423762504623));
#13790 = CARTESIAN_POINT('',(0.448798950513,5.541251327391));
#13791 = CARTESIAN_POINT('',(0.224399475256,5.6));
#13792 = CARTESIAN_POINT('',(4.440892098501E-16,5.6));
#13793 = ( GEOMETRIC_REPRESENTATION_CONTEXT(2) 
PARAMETRIC_REPRESENTATION_CONTEXT() REPRESENTATION_CONTEXT('2D SPACE',''
  ) );
#13794 = ORIENTED_EDGE('',*,*,#1610,.T.);
#13795 = ORIENTED_EDGE('',*,*,#13644,.F.);
#13796 = ORIENTED_EDGE('',*,*,#13445,.F.);
#13797 = ADVANCED_FACE('',(#13798),#1598,.T.);
#13798 = FACE_BOUND('',#13799,.T.);
#13799 = EDGE_LOOP('',(#13800,#13801,#13802,#13803));
#13800 = ORIENTED_EDGE('',*,*,#9789,.F.);
#13801 = ORIENTED_EDGE('',*,*,#13763,.F.);
#13802 = ORIENTED_EDGE('',*,*,#1580,.T.);
#13803 = ORIENTED_EDGE('',*,*,#13725,.F.);
#13804 = ADVANCED_FACE('',(#13805),#1421,.T.);
#13805 = FACE_BOUND('',#13806,.F.);
#13806 = EDGE_LOOP('',(#13807,#13839,#13840,#13872));
#13807 = ORIENTED_EDGE('',*,*,#13808,.F.);
#13808 = EDGE_CURVE('',#1381,#511,#13809,.T.);
#13809 = SURFACE_CURVE('',#13810,(#13815,#13827),.PCURVE_S1.);
#13810 = ELLIPSE('',#13811,1.414213562373,1.);
#13811 = AXIS2_PLACEMENT_3D('',#13812,#13813,#13814);
#13812 = CARTESIAN_POINT('',(19.2,-25.4,2.5));
#13813 = DIRECTION('',(-0.707106781187,0.707106781187,0.));
#13814 = DIRECTION('',(0.707106781187,0.707106781187,0.));
#13815 = PCURVE('',#1421,#13816);
#13816 = DEFINITIONAL_REPRESENTATION('',(#13817),#13826);
#13817 = B_SPLINE_CURVE_WITH_KNOTS('',7,(#13818,#13819,#13820,#13821,
    #13822,#13823,#13824,#13825),.UNSPECIFIED.,.F.,.F.,(8,8),(
    4.712388980385,6.28318530718),.PIECEWISE_BEZIER_KNOTS.);
#13818 = CARTESIAN_POINT('',(-1.570796326795,3.6));
#13819 = CARTESIAN_POINT('',(-1.346396851538,3.824399475256));
#13820 = CARTESIAN_POINT('',(-1.121997376282,4.048798039318));
#13821 = CARTESIAN_POINT('',(-0.897597901026,4.254746825776));
#13822 = CARTESIAN_POINT('',(-0.673198425769,4.423762504623));
#13823 = CARTESIAN_POINT('',(-0.448798950513,4.541251327391));
#13824 = CARTESIAN_POINT('',(-0.224399475256,4.6));
#13825 = CARTESIAN_POINT('',(-4.440892098501E-16,4.6));
#13826 = ( GEOMETRIC_REPRESENTATION_CONTEXT(2) 
PARAMETRIC_REPRESENTATION_CONTEXT() REPRESENTATION_CONTEXT('2D SPACE',''
  ) );
#13827 = PCURVE('',#552,#13828);
#13828 = DEFINITIONAL_REPRESENTATION('',(#13829),#13838);
#13829 = B_SPLINE_CURVE_WITH_KNOTS('',7,(#13830,#13831,#13832,#13833,
    #13834,#13835,#13836,#13837),.UNSPECIFIED.,.F.,.F.,(8,8),(
    4.712388980385,6.28318530718),.PIECEWISE_BEZIER_KNOTS.);
#13830 = CARTESIAN_POINT('',(1.570796326795,19.1));
#13831 = CARTESIAN_POINT('',(1.346396851538,19.324399475256));
#13832 = CARTESIAN_POINT('',(1.121997376282,19.548798039319));
#13833 = CARTESIAN_POINT('',(0.897597901026,19.754746825782));
#13834 = CARTESIAN_POINT('',(0.673198425769,19.923762504623));
#13835 = CARTESIAN_POINT('',(0.448798950513,20.041251327391));
#13836 = CARTESIAN_POINT('',(0.224399475256,20.1));
#13837 = CARTESIAN_POINT('',(4.440892098501E-16,20.1));
#13838 = ( GEOMETRIC_REPRESENTATION_CONTEXT(2) 
PARAMETRIC_REPRESENTATION_CONTEXT() REPRESENTATION_CONTEXT('2D SPACE',''
  ) );
#13839 = ORIENTED_EDGE('',*,*,#1405,.T.);
#13840 = ORIENTED_EDGE('',*,*,#13841,.T.);
#13841 = EDGE_CURVE('',#1406,#10393,#13842,.T.);
#13842 = SURFACE_CURVE('',#13843,(#13848,#13860),.PCURVE_S1.);
#13843 = ELLIPSE('',#13844,1.414213562373,1.);
#13844 = AXIS2_PLACEMENT_3D('',#13845,#13846,#13847);
#13845 = CARTESIAN_POINT('',(19.2,-22.3,2.5));
#13846 = DIRECTION('',(0.707106781187,0.707106781187,0.));
#13847 = DIRECTION('',(-0.707106781187,0.707106781187,0.));
#13848 = PCURVE('',#1421,#13849);
#13849 = DEFINITIONAL_REPRESENTATION('',(#13850),#13859);
#13850 = B_SPLINE_CURVE_WITH_KNOTS('',7,(#13851,#13852,#13853,#13854,
    #13855,#13856,#13857,#13858),.UNSPECIFIED.,.F.,.F.,(8,8),(
    1.570796326795,3.14159265359),.PIECEWISE_BEZIER_KNOTS.);
#13851 = CARTESIAN_POINT('',(-1.570796326795,6.7));
#13852 = CARTESIAN_POINT('',(-1.346396851538,6.475600524744));
#13853 = CARTESIAN_POINT('',(-1.121997376282,6.25120196068));
#13854 = CARTESIAN_POINT('',(-0.897597901026,6.045253174228));
#13855 = CARTESIAN_POINT('',(-0.673198425769,5.876237495373));
#13856 = CARTESIAN_POINT('',(-0.448798950513,5.758748672612));
#13857 = CARTESIAN_POINT('',(-0.224399475256,5.7));
#13858 = CARTESIAN_POINT('',(0.,5.7));
#13859 = ( GEOMETRIC_REPRESENTATION_CONTEXT(2) 
PARAMETRIC_REPRESENTATION_CONTEXT() REPRESENTATION_CONTEXT('2D SPACE',''
  ) );
#13860 = PCURVE('',#1449,#13861);
#13861 = DEFINITIONAL_REPRESENTATION('',(#13862),#13871);
#13862 = B_SPLINE_CURVE_WITH_KNOTS('',7,(#13863,#13864,#13865,#13866,
    #13867,#13868,#13869,#13870),.UNSPECIFIED.,.F.,.F.,(8,8),(
    1.570796326795,3.14159265359),.PIECEWISE_BEZIER_KNOTS.);
#13863 = CARTESIAN_POINT('',(-1.570796326795,4.6));
#13864 = CARTESIAN_POINT('',(-1.346396851538,4.824399475256));
#13865 = CARTESIAN_POINT('',(-1.121997376282,5.048798039319));
#13866 = CARTESIAN_POINT('',(-0.897597901026,5.254746825776));
#13867 = CARTESIAN_POINT('',(-0.673198425769,5.423762504623));
#13868 = CARTESIAN_POINT('',(-0.448798950513,5.541251327391));
#13869 = CARTESIAN_POINT('',(-0.224399475256,5.6));
#13870 = CARTESIAN_POINT('',(0.,5.6));
#13871 = ( GEOMETRIC_REPRESENTATION_CONTEXT(2) 
PARAMETRIC_REPRESENTATION_CONTEXT() REPRESENTATION_CONTEXT('2D SPACE',''
  ) );
#13872 = ORIENTED_EDGE('',*,*,#13873,.F.);
#13873 = EDGE_CURVE('',#511,#10393,#13874,.T.);
#13874 = SURFACE_CURVE('',#13875,(#13879,#13886),.PCURVE_S1.);
#13875 = LINE('',#13876,#13877);
#13876 = CARTESIAN_POINT('',(20.2,-29.,2.5));
#13877 = VECTOR('',#13878,1.);
#13878 = DIRECTION('',(0.,1.,0.));
#13879 = PCURVE('',#1421,#13880);
#13880 = DEFINITIONAL_REPRESENTATION('',(#13881),#13885);
#13881 = LINE('',#13882,#13883);
#13882 = CARTESIAN_POINT('',(-0.,0.));
#13883 = VECTOR('',#13884,1.);
#13884 = DIRECTION('',(-0.,1.));
#13885 = ( GEOMETRIC_REPRESENTATION_CONTEXT(2) 
PARAMETRIC_REPRESENTATION_CONTEXT() REPRESENTATION_CONTEXT('2D SPACE',''
  ) );
#13886 = PCURVE('',#525,#13887);
#13887 = DEFINITIONAL_REPRESENTATION('',(#13888),#13892);
#13888 = LINE('',#13889,#13890);
#13889 = CARTESIAN_POINT('',(2.5,29.));
#13890 = VECTOR('',#13891,1.);
#13891 = DIRECTION('',(0.,-1.));
#13892 = ( GEOMETRIC_REPRESENTATION_CONTEXT(2) 
PARAMETRIC_REPRESENTATION_CONTEXT() REPRESENTATION_CONTEXT('2D SPACE',''
  ) );
#13893 = ADVANCED_FACE('',(#13894),#1449,.T.);
#13894 = FACE_BOUND('',#13895,.F.);
#13895 = EDGE_LOOP('',(#13896,#13897,#13898,#13930,#13931,#13932,#13933)
  );
#13896 = ORIENTED_EDGE('',*,*,#13841,.F.);
#13897 = ORIENTED_EDGE('',*,*,#1433,.T.);
#13898 = ORIENTED_EDGE('',*,*,#13899,.F.);
#13899 = EDGE_CURVE('',#10437,#1434,#13900,.T.);
#13900 = SURFACE_CURVE('',#13901,(#13906,#13918),.PCURVE_S1.);
#13901 = ELLIPSE('',#13902,1.414213562373,1.);
#13902 = AXIS2_PLACEMENT_3D('',#13903,#13904,#13905);
#13903 = CARTESIAN_POINT('',(75.8,-22.3,2.5));
#13904 = DIRECTION('',(-0.707106781187,0.707106781187,0.));
#13905 = DIRECTION('',(0.707106781187,0.707106781187,0.));
#13906 = PCURVE('',#1449,#13907);
#13907 = DEFINITIONAL_REPRESENTATION('',(#13908),#13917);
#13908 = B_SPLINE_CURVE_WITH_KNOTS('',7,(#13909,#13910,#13911,#13912,
    #13913,#13914,#13915,#13916),.UNSPECIFIED.,.F.,.F.,(8,8),(
    3.14159265359,4.712388980385),.PIECEWISE_BEZIER_KNOTS.);
#13909 = CARTESIAN_POINT('',(0.,60.2));
#13910 = CARTESIAN_POINT('',(-0.224399475256,60.2));
#13911 = CARTESIAN_POINT('',(-0.448798950513,60.258748672617));
#13912 = CARTESIAN_POINT('',(-0.673198425769,60.376237495366));
#13913 = CARTESIAN_POINT('',(-0.897597901026,60.545253174227));
#13914 = CARTESIAN_POINT('',(-1.121997376282,60.751201960677));
#13915 = CARTESIAN_POINT('',(-1.346396851538,60.975600524744));
#13916 = CARTESIAN_POINT('',(-1.570796326795,61.2));
#13917 = ( GEOMETRIC_REPRESENTATION_CONTEXT(2) 
PARAMETRIC_REPRESENTATION_CONTEXT() REPRESENTATION_CONTEXT('2D SPACE',''
  ) );
#13918 = PCURVE('',#1477,#13919);
#13919 = DEFINITIONAL_REPRESENTATION('',(#13920),#13929);
#13920 = B_SPLINE_CURVE_WITH_KNOTS('',7,(#13921,#13922,#13923,#13924,
    #13925,#13926,#13927,#13928),.UNSPECIFIED.,.F.,.F.,(8,8),(
    3.14159265359,4.712388980385),.PIECEWISE_BEZIER_KNOTS.);
#13921 = CARTESIAN_POINT('',(0.,5.7));
#13922 = CARTESIAN_POINT('',(0.224399475256,5.7));
#13923 = CARTESIAN_POINT('',(0.448798950513,5.75874867261));
#13924 = CARTESIAN_POINT('',(0.673198425769,5.876237495376));
#13925 = CARTESIAN_POINT('',(0.897597901026,6.045253174227));
#13926 = CARTESIAN_POINT('',(1.121997376282,6.251201960681));
#13927 = CARTESIAN_POINT('',(1.346396851538,6.475600524744));
#13928 = CARTESIAN_POINT('',(1.570796326795,6.7));
#13929 = ( GEOMETRIC_REPRESENTATION_CONTEXT(2) 
PARAMETRIC_REPRESENTATION_CONTEXT() REPRESENTATION_CONTEXT('2D SPACE',''
  ) );
#13930 = ORIENTED_EDGE('',*,*,#10436,.F.);
#13931 = ORIENTED_EDGE('',*,*,#9974,.T.);
#13932 = ORIENTED_EDGE('',*,*,#10170,.F.);
#13933 = ORIENTED_EDGE('',*,*,#10414,.F.);
#13934 = ADVANCED_FACE('',(#13935),#1477,.T.);
#13935 = FACE_BOUND('',#13936,.T.);
#13936 = EDGE_LOOP('',(#13937,#13969,#13970,#13971));
#13937 = ORIENTED_EDGE('',*,*,#13938,.T.);
#13938 = EDGE_CURVE('',#594,#1462,#13939,.T.);
#13939 = SURFACE_CURVE('',#13940,(#13945,#13957),.PCURVE_S1.);
#13940 = ELLIPSE('',#13941,1.414213562373,1.);
#13941 = AXIS2_PLACEMENT_3D('',#13942,#13943,#13944);
#13942 = CARTESIAN_POINT('',(75.8,-25.4,2.5));
#13943 = DIRECTION('',(0.707106781187,0.707106781187,0.));
#13944 = DIRECTION('',(-0.707106781187,0.707106781187,0.));
#13945 = PCURVE('',#1477,#13946);
#13946 = DEFINITIONAL_REPRESENTATION('',(#13947),#13956);
#13947 = B_SPLINE_CURVE_WITH_KNOTS('',7,(#13948,#13949,#13950,#13951,
    #13952,#13953,#13954,#13955),.UNSPECIFIED.,.F.,.F.,(8,8),(0.,
    1.570796326795),.PIECEWISE_BEZIER_KNOTS.);
#13948 = CARTESIAN_POINT('',(0.,4.6));
#13949 = CARTESIAN_POINT('',(0.224399475256,4.6));
#13950 = CARTESIAN_POINT('',(0.448798950513,4.54125132739));
#13951 = CARTESIAN_POINT('',(0.67319842577,4.423762504624));
#13952 = CARTESIAN_POINT('',(0.897597901026,4.254746825776));
#13953 = CARTESIAN_POINT('',(1.121997376282,4.048798039319));
#13954 = CARTESIAN_POINT('',(1.346396851538,3.824399475256));
#13955 = CARTESIAN_POINT('',(1.570796326795,3.6));
#13956 = ( GEOMETRIC_REPRESENTATION_CONTEXT(2) 
PARAMETRIC_REPRESENTATION_CONTEXT() REPRESENTATION_CONTEXT('2D SPACE',''
  ) );
#13957 = PCURVE('',#609,#13958);
#13958 = DEFINITIONAL_REPRESENTATION('',(#13959),#13968);
#13959 = B_SPLINE_CURVE_WITH_KNOTS('',7,(#13960,#13961,#13962,#13963,
    #13964,#13965,#13966,#13967),.UNSPECIFIED.,.F.,.F.,(8,8),(0.,
    1.570796326795),.PIECEWISE_BEZIER_KNOTS.);
#13960 = CARTESIAN_POINT('',(0.,74.7));
#13961 = CARTESIAN_POINT('',(0.224399475256,74.7));
#13962 = CARTESIAN_POINT('',(0.448798950513,74.758748672612));
#13963 = CARTESIAN_POINT('',(0.67319842577,74.87623749538));
#13964 = CARTESIAN_POINT('',(0.897597901026,75.045253174227));
#13965 = CARTESIAN_POINT('',(1.121997376282,75.251201960669));
#13966 = CARTESIAN_POINT('',(1.346396851538,75.475600524744));
#13967 = CARTESIAN_POINT('',(1.570796326795,75.7));
#13968 = ( GEOMETRIC_REPRESENTATION_CONTEXT(2) 
PARAMETRIC_REPRESENTATION_CONTEXT() REPRESENTATION_CONTEXT('2D SPACE',''
  ) );
#13969 = ORIENTED_EDGE('',*,*,#1461,.T.);
#13970 = ORIENTED_EDGE('',*,*,#13899,.F.);
#13971 = ORIENTED_EDGE('',*,*,#13972,.F.);
#13972 = EDGE_CURVE('',#594,#10437,#13973,.T.);
#13973 = SURFACE_CURVE('',#13974,(#13978,#13985),.PCURVE_S1.);
#13974 = LINE('',#13975,#13976);
#13975 = CARTESIAN_POINT('',(74.8,-29.,2.5));
#13976 = VECTOR('',#13977,1.);
#13977 = DIRECTION('',(0.,1.,0.));
#13978 = PCURVE('',#1477,#13979);
#13979 = DEFINITIONAL_REPRESENTATION('',(#13980),#13984);
#13980 = LINE('',#13981,#13982);
#13981 = CARTESIAN_POINT('',(0.,0.));
#13982 = VECTOR('',#13983,1.);
#13983 = DIRECTION('',(0.,1.));
#13984 = ( GEOMETRIC_REPRESENTATION_CONTEXT(2) 
PARAMETRIC_REPRESENTATION_CONTEXT() REPRESENTATION_CONTEXT('2D SPACE',''
  ) );
#13985 = PCURVE('',#636,#13986);
#13986 = DEFINITIONAL_REPRESENTATION('',(#13987),#13991);
#13987 = LINE('',#13988,#13989);
#13988 = CARTESIAN_POINT('',(7.5,0.));
#13989 = VECTOR('',#13990,1.);
#13990 = DIRECTION('',(0.,-1.));
#13991 = ( GEOMETRIC_REPRESENTATION_CONTEXT(2) 
PARAMETRIC_REPRESENTATION_CONTEXT() REPRESENTATION_CONTEXT('2D SPACE',''
  ) );
#13992 = ADVANCED_FACE('',(#13993),#1548,.T.);
#13993 = FACE_BOUND('',#13994,.T.);
#13994 = EDGE_LOOP('',(#13995,#13996));
#13995 = ORIENTED_EDGE('',*,*,#1533,.F.);
#13996 = ORIENTED_EDGE('',*,*,#13997,.T.);
#13997 = EDGE_CURVE('',#1513,#1534,#13998,.T.);
#13998 = SURFACE_CURVE('',#13999,(#14004,#14011),.PCURVE_S1.);
#13999 = CIRCLE('',#14000,4.31);
#14000 = AXIS2_PLACEMENT_3D('',#14001,#14002,#14003);
#14001 = CARTESIAN_POINT('',(47.5,-26.3,0.));
#14002 = DIRECTION('',(0.,1.,0.));
#14003 = DIRECTION('',(0.,-0.,1.));
#14004 = PCURVE('',#1548,#14005);
#14005 = DEFINITIONAL_REPRESENTATION('',(#14006),#14010);
#14006 = CIRCLE('',#14007,4.31);
#14007 = AXIS2_PLACEMENT_2D('',#14008,#14009);
#14008 = CARTESIAN_POINT('',(0.,0.));
#14009 = DIRECTION('',(1.,0.));
#14010 = ( GEOMETRIC_REPRESENTATION_CONTEXT(2) 
PARAMETRIC_REPRESENTATION_CONTEXT() REPRESENTATION_CONTEXT('2D SPACE',''
  ) );
#14011 = PCURVE('',#581,#14012);
#14012 = DEFINITIONAL_REPRESENTATION('',(#14013),#14017);
#14013 = LINE('',#14014,#14015);
#14014 = CARTESIAN_POINT('',(0.,0.));
#14015 = VECTOR('',#14016,1.);
#14016 = DIRECTION('',(1.,0.));
#14017 = ( GEOMETRIC_REPRESENTATION_CONTEXT(2) 
PARAMETRIC_REPRESENTATION_CONTEXT() REPRESENTATION_CONTEXT('2D SPACE',''
  ) );
#14018 = ADVANCED_FACE('',(#14019),#1246,.T.);
#14019 = FACE_BOUND('',#14020,.T.);
#14020 = EDGE_LOOP('',(#14021,#14022,#14102));
#14021 = ORIENTED_EDGE('',*,*,#1230,.T.);
#14022 = ORIENTED_EDGE('',*,*,#14023,.F.);
#14023 = EDGE_CURVE('',#14024,#1203,#14026,.T.);
#14024 = VERTEX_POINT('',#14025);
#14025 = CARTESIAN_POINT('',(14.6,6.,2.5));
#14026 = SURFACE_CURVE('',#14027,(#14050,#14076),.PCURVE_S1.);
#14027 = B_SPLINE_CURVE_WITH_KNOTS('',6,(#14028,#14029,#14030,#14031,
    #14032,#14033,#14034,#14035,#14036,#14037,#14038,#14039,#14040,
    #14041,#14042,#14043,#14044,#14045,#14046,#14047,#14048,#14049),
  .UNSPECIFIED.,.F.,.F.,(7,5,5,5,7),(0.,0.226278430923,0.483667517898,
    0.647250676975,1.),.UNSPECIFIED.);
#14028 = CARTESIAN_POINT('',(14.6,6.,2.5));
#14029 = CARTESIAN_POINT('',(14.6,5.973310170323,2.564055591226));
#14030 = CARTESIAN_POINT('',(14.604924053024,5.945832238566,
    2.627691659776));
#14031 = CARTESIAN_POINT('',(14.61464975284,5.917786388753,
    2.690388069457));
#14032 = CARTESIAN_POINT('',(14.628975622434,5.889434541448,
    2.751654140642));
#14033 = CARTESIAN_POINT('',(14.647620598198,5.861068425042,
    2.811036103745));
#14034 = CARTESIAN_POINT('',(14.695934068433,5.801067463087,
    2.933062000276));
#14035 = CARTESIAN_POINT('',(14.726785124618,5.769494793487,
    2.995081439732));
#14036 = CARTESIAN_POINT('',(14.76234374311,5.738626461749,
    3.053792956306));
#14037 = CARTESIAN_POINT('',(14.802174579197,5.708815262522,
    3.108872839301));
#14038 = CARTESIAN_POINT('',(14.845838836226,5.680404511255,
    3.160052398599));
#14039 = CARTESIAN_POINT('',(14.922798544803,5.636748595048,
    3.237012107176));
#14040 = CARTESIAN_POINT('',(14.954085025537,5.620472105239,
    3.265263126685));
#14041 = CARTESIAN_POINT('',(14.98664696744,5.604962251603,
    3.291806178091));
#14042 = CARTESIAN_POINT('',(15.020380738895,5.590294263788,
    3.316594175819));
#14043 = CARTESIAN_POINT('',(15.055184608652,5.576538403448,
    3.339585356812));
#14044 = CARTESIAN_POINT('',(15.168101278798,5.536201268546,
    3.406364089382));
#14045 = CARTESIAN_POINT('',(15.24983163695,5.513156431903,
    3.443500858309));
#14046 = CARTESIAN_POINT('',(15.335017063548,5.495337011706,
    3.471657138511));
#14047 = CARTESIAN_POINT('',(15.422521941261,5.483268983973,
    3.490542506862));
#14048 = CARTESIAN_POINT('',(15.511223237402,5.477225578433,
    3.499999994708));
#14049 = CARTESIAN_POINT('',(15.599999940395,5.477225575052,3.5));
#14050 = PCURVE('',#1246,#14051);
#14051 = DEFINITIONAL_REPRESENTATION('',(#14052),#14075);
#14052 = B_SPLINE_CURVE_WITH_KNOTS('',6,(#14053,#14054,#14055,#14056,
    #14057,#14058,#14059,#14060,#14061,#14062,#14063,#14064,#14065,
    #14066,#14067,#14068,#14069,#14070,#14071,#14072,#14073,#14074),
  .UNSPECIFIED.,.F.,.F.,(7,5,5,5,7),(0.,0.226278430923,0.483667517898,
    0.647250676975,1.),.UNSPECIFIED.);
#14053 = CARTESIAN_POINT('',(5.107180100084,0.));
#14054 = CARTESIAN_POINT('',(5.117856031955,0.));
#14055 = CARTESIAN_POINT('',(5.128519014282,4.924053024368E-03));
#14056 = CARTESIAN_POINT('',(5.139084368955,1.464975284024E-02));
#14057 = CARTESIAN_POINT('',(5.149469034718,2.897562243432E-02));
#14058 = CARTESIAN_POINT('',(5.15959288374,4.762059819788E-02));
#14059 = CARTESIAN_POINT('',(5.180512812722,9.593406843317E-02));
#14060 = CARTESIAN_POINT('',(5.191218448681,0.126785124618));
#14061 = CARTESIAN_POINT('',(5.201422109029,0.16234374311));
#14062 = CARTESIAN_POINT('',(5.211056573609,0.202174579197));
#14063 = CARTESIAN_POINT('',(5.220061811219,0.245838836226));
#14064 = CARTESIAN_POINT('',(5.233674054024,0.322798544803));
#14065 = CARTESIAN_POINT('',(5.238689996585,0.354085025537));
#14066 = CARTESIAN_POINT('',(5.243419460079,0.38664696744));
#14067 = CARTESIAN_POINT('',(5.247850558714,0.420380738895));
#14068 = CARTESIAN_POINT('',(5.251972388233,0.455184608652));
#14069 = CARTESIAN_POINT('',(5.263974837269,0.568101278798));
#14070 = CARTESIAN_POINT('',(5.27069832997,0.64983163695));
#14071 = CARTESIAN_POINT('',(5.275824584054,0.735017063548));
#14072 = CARTESIAN_POINT('',(5.279272592472,0.822521941261));
#14073 = CARTESIAN_POINT('',(5.280999279683,0.911223237402));
#14074 = CARTESIAN_POINT('',(5.280999280649,0.999999940395));
#14075 = ( GEOMETRIC_REPRESENTATION_CONTEXT(2) 
PARAMETRIC_REPRESENTATION_CONTEXT() REPRESENTATION_CONTEXT('2D SPACE',''
  ) );
#14076 = PCURVE('',#1218,#14077);
#14077 = DEFINITIONAL_REPRESENTATION('',(#14078),#14101);
#14078 = B_SPLINE_CURVE_WITH_KNOTS('',6,(#14079,#14080,#14081,#14082,
    #14083,#14084,#14085,#14086,#14087,#14088,#14089,#14090,#14091,
    #14092,#14093,#14094,#14095,#14096,#14097,#14098,#14099,#14100),
  .UNSPECIFIED.,.F.,.F.,(7,5,5,5,7),(0.,0.226278430923,0.483667517898,
    0.647250676975,1.),.UNSPECIFIED.);
#14079 = CARTESIAN_POINT('',(0.,35.));
#14080 = CARTESIAN_POINT('',(6.405559122575E-02,34.973310170323));
#14081 = CARTESIAN_POINT('',(0.127691794233,34.945832238566));
#14082 = CARTESIAN_POINT('',(0.190860983467,34.917786388753));
#14083 = CARTESIAN_POINT('',(0.25351538539,34.889434541448));
#14084 = CARTESIAN_POINT('',(0.315590932681,34.861068425042));
#14085 = CARTESIAN_POINT('',(0.446833116564,34.801067463087));
#14086 = CARTESIAN_POINT('',(0.515854525957,34.769494793487));
#14087 = CARTESIAN_POINT('',(0.584145906114,34.738626461749));
#14088 = CARTESIAN_POINT('',(0.651788596981,34.708815262522));
#14089 = CARTESIAN_POINT('',(0.718853217373,34.680404511255));
#14090 = CARTESIAN_POINT('',(0.827690680999,34.636748595048));
#14091 = CARTESIAN_POINT('',(0.869790049384,34.620472105239));
#14092 = CARTESIAN_POINT('',(0.91171976002,34.604962251603));
#14093 = CARTESIAN_POINT('',(0.953503169798,34.590294263788));
#14094 = CARTESIAN_POINT('',(0.995163790068,34.576538403448));
#14095 = CARTESIAN_POINT('',(1.126349054182,34.536201268546));
#14096 = CARTESIAN_POINT('',(1.215601869318,34.513156431903));
#14097 = CARTESIAN_POINT('',(1.304553547063,34.495337011706));
#14098 = CARTESIAN_POINT('',(1.393318384917,34.483268983973));
#14099 = CARTESIAN_POINT('',(1.482019564197,34.477225578433));
#14100 = CARTESIAN_POINT('',(1.57079626719,34.477225575052));
#14101 = ( GEOMETRIC_REPRESENTATION_CONTEXT(2) 
PARAMETRIC_REPRESENTATION_CONTEXT() REPRESENTATION_CONTEXT('2D SPACE',''
  ) );
#14102 = ORIENTED_EDGE('',*,*,#14103,.T.);
#14103 = EDGE_CURVE('',#14024,#1231,#14104,.T.);
#14104 = SURFACE_CURVE('',#14105,(#14110,#14117),.PCURVE_S1.);
#14105 = CIRCLE('',#14106,6.5);
#14106 = AXIS2_PLACEMENT_3D('',#14107,#14108,#14109);
#14107 = CARTESIAN_POINT('',(14.6,0.,0.));
#14108 = DIRECTION('',(1.,0.,0.));
#14109 = DIRECTION('',(-0.,0.,1.));
#14110 = PCURVE('',#1246,#14111);
#14111 = DEFINITIONAL_REPRESENTATION('',(#14112),#14116);
#14112 = LINE('',#14113,#14114);
#14113 = CARTESIAN_POINT('',(0.,0.));
#14114 = VECTOR('',#14115,1.);
#14115 = DIRECTION('',(1.,0.));
#14116 = ( GEOMETRIC_REPRESENTATION_CONTEXT(2) 
PARAMETRIC_REPRESENTATION_CONTEXT() REPRESENTATION_CONTEXT('2D SPACE',''
  ) );
#14117 = PCURVE('',#414,#14118);
#14118 = DEFINITIONAL_REPRESENTATION('',(#14119),#14123);
#14119 = CIRCLE('',#14120,6.5);
#14120 = AXIS2_PLACEMENT_2D('',#14121,#14122);
#14121 = CARTESIAN_POINT('',(5.,-29.));
#14122 = DIRECTION('',(1.,0.));
#14123 = ( GEOMETRIC_REPRESENTATION_CONTEXT(2) 
PARAMETRIC_REPRESENTATION_CONTEXT() REPRESENTATION_CONTEXT('2D SPACE',''
  ) );
#14124 = ADVANCED_FACE('',(#14125),#1218,.T.);
#14125 = FACE_BOUND('',#14126,.T.);
#14126 = EDGE_LOOP('',(#14127,#14148,#14149,#14150));
#14127 = ORIENTED_EDGE('',*,*,#14128,.F.);
#14128 = EDGE_CURVE('',#14024,#12486,#14129,.T.);
#14129 = SURFACE_CURVE('',#14130,(#14134,#14141),.PCURVE_S1.);
#14130 = LINE('',#14131,#14132);
#14131 = CARTESIAN_POINT('',(14.6,6.,2.5));
#14132 = VECTOR('',#14133,1.);
#14133 = DIRECTION('',(0.,1.,1.424885165294E-15));
#14134 = PCURVE('',#1218,#14135);
#14135 = DEFINITIONAL_REPRESENTATION('',(#14136),#14140);
#14136 = LINE('',#14137,#14138);
#14137 = CARTESIAN_POINT('',(0.,35.));
#14138 = VECTOR('',#14139,1.);
#14139 = DIRECTION('',(0.,1.));
#14140 = ( GEOMETRIC_REPRESENTATION_CONTEXT(2) 
PARAMETRIC_REPRESENTATION_CONTEXT() REPRESENTATION_CONTEXT('2D SPACE',''
  ) );
#14141 = PCURVE('',#414,#14142);
#14142 = DEFINITIONAL_REPRESENTATION('',(#14143),#14147);
#14143 = LINE('',#14144,#14145);
#14144 = CARTESIAN_POINT('',(7.5,-35.));
#14145 = VECTOR('',#14146,1.);
#14146 = DIRECTION('',(1.424885165294E-15,-1.));
#14147 = ( GEOMETRIC_REPRESENTATION_CONTEXT(2) 
PARAMETRIC_REPRESENTATION_CONTEXT() REPRESENTATION_CONTEXT('2D SPACE',''
  ) );
#14148 = ORIENTED_EDGE('',*,*,#14023,.T.);
#14149 = ORIENTED_EDGE('',*,*,#1202,.F.);
#14150 = ORIENTED_EDGE('',*,*,#12581,.F.);
#14151 = ADVANCED_FACE('',(#14152),#1190,.T.);
#14152 = FACE_BOUND('',#14153,.T.);
#14153 = EDGE_LOOP('',(#14154,#14155,#14156,#14157,#14158,#14159));
#14154 = ORIENTED_EDGE('',*,*,#3110,.F.);
#14155 = ORIENTED_EDGE('',*,*,#2952,.T.);
#14156 = ORIENTED_EDGE('',*,*,#2572,.T.);
#14157 = ORIENTED_EDGE('',*,*,#12871,.T.);
#14158 = ORIENTED_EDGE('',*,*,#12561,.T.);
#14159 = ORIENTED_EDGE('',*,*,#1174,.F.);
#14160 = ADVANCED_FACE('',(#14161),#1296,.T.);
#14161 = FACE_BOUND('',#14162,.T.);
#14162 = EDGE_LOOP('',(#14163,#14243,#14244));
#14163 = ORIENTED_EDGE('',*,*,#14164,.T.);
#14164 = EDGE_CURVE('',#14165,#1281,#14167,.T.);
#14165 = VERTEX_POINT('',#14166);
#14166 = CARTESIAN_POINT('',(14.6,-6.,2.5));
#14167 = SURFACE_CURVE('',#14168,(#14191,#14217),.PCURVE_S1.);
#14168 = B_SPLINE_CURVE_WITH_KNOTS('',6,(#14169,#14170,#14171,#14172,
    #14173,#14174,#14175,#14176,#14177,#14178,#14179,#14180,#14181,
    #14182,#14183,#14184,#14185,#14186,#14187,#14188,#14189,#14190),
  .UNSPECIFIED.,.F.,.F.,(7,5,5,5,7),(0.,0.226278430923,0.483667517898,
    0.647250676975,1.),.UNSPECIFIED.);
#14169 = CARTESIAN_POINT('',(14.6,-6.,2.5));
#14170 = CARTESIAN_POINT('',(14.6,-5.973310170323,2.564055591226));
#14171 = CARTESIAN_POINT('',(14.604924053024,-5.945832238566,
    2.627691659776));
#14172 = CARTESIAN_POINT('',(14.61464975284,-5.917786388753,
    2.690388069457));
#14173 = CARTESIAN_POINT('',(14.628975622434,-5.889434541448,
    2.751654140642));
#14174 = CARTESIAN_POINT('',(14.647620598198,-5.861068425042,
    2.811036103745));
#14175 = CARTESIAN_POINT('',(14.695934068433,-5.801067463086,
    2.933062000276));
#14176 = CARTESIAN_POINT('',(14.726785124618,-5.769494793487,
    2.995081439732));
#14177 = CARTESIAN_POINT('',(14.76234374311,-5.738626461749,
    3.053792956306));
#14178 = CARTESIAN_POINT('',(14.802174579197,-5.708815262522,
    3.108872839301));
#14179 = CARTESIAN_POINT('',(14.845838836226,-5.680404511255,
    3.160052398599));
#14180 = CARTESIAN_POINT('',(14.922798544803,-5.636748595048,
    3.237012107176));
#14181 = CARTESIAN_POINT('',(14.954085025537,-5.620472105239,
    3.265263126685));
#14182 = CARTESIAN_POINT('',(14.98664696744,-5.604962251603,
    3.291806178091));
#14183 = CARTESIAN_POINT('',(15.020380738895,-5.590294263788,
    3.316594175819));
#14184 = CARTESIAN_POINT('',(15.055184608652,-5.576538403448,
    3.339585356812));
#14185 = CARTESIAN_POINT('',(15.168101278798,-5.536201268546,
    3.406364089382));
#14186 = CARTESIAN_POINT('',(15.24983163695,-5.513156431903,
    3.443500858309));
#14187 = CARTESIAN_POINT('',(15.335017063548,-5.495337011706,
    3.471657138511));
#14188 = CARTESIAN_POINT('',(15.422521941261,-5.483268983973,
    3.490542506862));
#14189 = CARTESIAN_POINT('',(15.511223237402,-5.477225578433,
    3.499999994708));
#14190 = CARTESIAN_POINT('',(15.599999940395,-5.477225575052,3.5));
#14191 = PCURVE('',#1296,#14192);
#14192 = DEFINITIONAL_REPRESENTATION('',(#14193),#14216);
#14193 = B_SPLINE_CURVE_WITH_KNOTS('',6,(#14194,#14195,#14196,#14197,
    #14198,#14199,#14200,#14201,#14202,#14203,#14204,#14205,#14206,
    #14207,#14208,#14209,#14210,#14211,#14212,#14213,#14214,#14215),
  .UNSPECIFIED.,.F.,.F.,(7,5,5,5,7),(0.,0.226278430923,0.483667517898,
    0.647250676975,1.),.UNSPECIFIED.);
#14194 = CARTESIAN_POINT('',(1.176005207095,0.));
#14195 = CARTESIAN_POINT('',(1.165329275224,0.));
#14196 = CARTESIAN_POINT('',(1.154666292898,4.924053024367E-03));
#14197 = CARTESIAN_POINT('',(1.144100938224,1.464975284024E-02));
#14198 = CARTESIAN_POINT('',(1.133716272462,2.897562243432E-02));
#14199 = CARTESIAN_POINT('',(1.12359242344,4.762059819788E-02));
#14200 = CARTESIAN_POINT('',(1.102672494457,9.593406843317E-02));
#14201 = CARTESIAN_POINT('',(1.091966858499,0.126785124618));
#14202 = CARTESIAN_POINT('',(1.08176319815,0.16234374311));
#14203 = CARTESIAN_POINT('',(1.07212873357,0.202174579197));
#14204 = CARTESIAN_POINT('',(1.06312349596,0.245838836226));
#14205 = CARTESIAN_POINT('',(1.049511253155,0.322798544803));
#14206 = CARTESIAN_POINT('',(1.044495310595,0.354085025537));
#14207 = CARTESIAN_POINT('',(1.0397658471,0.38664696744));
#14208 = CARTESIAN_POINT('',(1.035334748466,0.420380738895));
#14209 = CARTESIAN_POINT('',(1.031212918947,0.455184608652));
#14210 = CARTESIAN_POINT('',(1.019210469911,0.568101278798));
#14211 = CARTESIAN_POINT('',(1.01248697721,0.64983163695));
#14212 = CARTESIAN_POINT('',(1.007360723126,0.735017063548));
#14213 = CARTESIAN_POINT('',(1.003912714707,0.822521941261));
#14214 = CARTESIAN_POINT('',(1.002186027497,0.911223237402));
#14215 = CARTESIAN_POINT('',(1.002186026531,0.999999940395));
#14216 = ( GEOMETRIC_REPRESENTATION_CONTEXT(2) 
PARAMETRIC_REPRESENTATION_CONTEXT() REPRESENTATION_CONTEXT('2D SPACE',''
  ) );
#14217 = PCURVE('',#1323,#14218);
#14218 = DEFINITIONAL_REPRESENTATION('',(#14219),#14242);
#14219 = B_SPLINE_CURVE_WITH_KNOTS('',6,(#14220,#14221,#14222,#14223,
    #14224,#14225,#14226,#14227,#14228,#14229,#14230,#14231,#14232,
    #14233,#14234,#14235,#14236,#14237,#14238,#14239,#14240,#14241),
  .UNSPECIFIED.,.F.,.F.,(7,5,5,5,7),(0.,0.226278430923,0.483667517898,
    0.647250676975,1.),.UNSPECIFIED.);
#14220 = CARTESIAN_POINT('',(0.,23.));
#14221 = CARTESIAN_POINT('',(6.405559122575E-02,23.026689829677));
#14222 = CARTESIAN_POINT('',(0.127691794233,23.054167761434));
#14223 = CARTESIAN_POINT('',(0.190860983467,23.082213611247));
#14224 = CARTESIAN_POINT('',(0.25351538539,23.110565458552));
#14225 = CARTESIAN_POINT('',(0.315590932681,23.138931574958));
#14226 = CARTESIAN_POINT('',(0.446833116564,23.198932536914));
#14227 = CARTESIAN_POINT('',(0.515854525957,23.230505206513));
#14228 = CARTESIAN_POINT('',(0.584145906114,23.261373538251));
#14229 = CARTESIAN_POINT('',(0.651788596981,23.291184737478));
#14230 = CARTESIAN_POINT('',(0.718853217373,23.319595488745));
#14231 = CARTESIAN_POINT('',(0.827690680999,23.363251404952));
#14232 = CARTESIAN_POINT('',(0.869790049384,23.379527894761));
#14233 = CARTESIAN_POINT('',(0.91171976002,23.395037748397));
#14234 = CARTESIAN_POINT('',(0.953503169798,23.409705736212));
#14235 = CARTESIAN_POINT('',(0.995163790068,23.423461596552));
#14236 = CARTESIAN_POINT('',(1.126349054182,23.463798731454));
#14237 = CARTESIAN_POINT('',(1.215601869318,23.486843568097));
#14238 = CARTESIAN_POINT('',(1.304553547063,23.504662988294));
#14239 = CARTESIAN_POINT('',(1.393318384917,23.516731016027));
#14240 = CARTESIAN_POINT('',(1.482019564197,23.522774421567));
#14241 = CARTESIAN_POINT('',(1.57079626719,23.522774424948));
#14242 = ( GEOMETRIC_REPRESENTATION_CONTEXT(2) 
PARAMETRIC_REPRESENTATION_CONTEXT() REPRESENTATION_CONTEXT('2D SPACE',''
  ) );
#14243 = ORIENTED_EDGE('',*,*,#1280,.F.);
#14244 = ORIENTED_EDGE('',*,*,#14245,.T.);
#14245 = EDGE_CURVE('',#1258,#14165,#14246,.T.);
#14246 = SURFACE_CURVE('',#14247,(#14252,#14259),.PCURVE_S1.);
#14247 = CIRCLE('',#14248,6.5);
#14248 = AXIS2_PLACEMENT_3D('',#14249,#14250,#14251);
#14249 = CARTESIAN_POINT('',(14.6,0.,0.));
#14250 = DIRECTION('',(1.,0.,0.));
#14251 = DIRECTION('',(-0.,0.,1.));
#14252 = PCURVE('',#1296,#14253);
#14253 = DEFINITIONAL_REPRESENTATION('',(#14254),#14258);
#14254 = LINE('',#14255,#14256);
#14255 = CARTESIAN_POINT('',(0.,0.));
#14256 = VECTOR('',#14257,1.);
#14257 = DIRECTION('',(1.,0.));
#14258 = ( GEOMETRIC_REPRESENTATION_CONTEXT(2) 
PARAMETRIC_REPRESENTATION_CONTEXT() REPRESENTATION_CONTEXT('2D SPACE',''
  ) );
#14259 = PCURVE('',#414,#14260);
#14260 = DEFINITIONAL_REPRESENTATION('',(#14261),#14265);
#14261 = CIRCLE('',#14262,6.5);
#14262 = AXIS2_PLACEMENT_2D('',#14263,#14264);
#14263 = CARTESIAN_POINT('',(5.,-29.));
#14264 = DIRECTION('',(1.,0.));
#14265 = ( GEOMETRIC_REPRESENTATION_CONTEXT(2) 
PARAMETRIC_REPRESENTATION_CONTEXT() REPRESENTATION_CONTEXT('2D SPACE',''
  ) );
#14266 = ADVANCED_FACE('',(#14267),#1162,.T.);
#14267 = FACE_BOUND('',#14268,.F.);
#14268 = EDGE_LOOP('',(#14269,#14349,#14350,#14351));
#14269 = ORIENTED_EDGE('',*,*,#14270,.T.);
#14270 = EDGE_CURVE('',#14271,#1120,#14273,.T.);
#14271 = VERTEX_POINT('',#14272);
#14272 = CARTESIAN_POINT('',(80.4,6.,2.5));
#14273 = SURFACE_CURVE('',#14274,(#14297,#14323),.PCURVE_S1.);
#14274 = B_SPLINE_CURVE_WITH_KNOTS('',6,(#14275,#14276,#14277,#14278,
    #14279,#14280,#14281,#14282,#14283,#14284,#14285,#14286,#14287,
    #14288,#14289,#14290,#14291,#14292,#14293,#14294,#14295,#14296),
  .UNSPECIFIED.,.F.,.F.,(7,5,5,5,7),(0.,0.226278430924,0.483667517898,
    0.647250676975,1.),.UNSPECIFIED.);
#14275 = CARTESIAN_POINT('',(80.4,6.,2.5));
#14276 = CARTESIAN_POINT('',(80.4,5.973310170323,2.564055591226));
#14277 = CARTESIAN_POINT('',(80.395075946976,5.945832238566,
    2.627691659776));
#14278 = CARTESIAN_POINT('',(80.38535024716,5.917786388753,
    2.690388069457));
#14279 = CARTESIAN_POINT('',(80.371024377566,5.889434541448,
    2.751654140642));
#14280 = CARTESIAN_POINT('',(80.352379401802,5.861068425042,
    2.811036103745));
#14281 = CARTESIAN_POINT('',(80.304065931567,5.801067463087,
    2.933062000276));
#14282 = CARTESIAN_POINT('',(80.273214875382,5.769494793487,
    2.995081439732));
#14283 = CARTESIAN_POINT('',(80.23765625689,5.738626461749,
    3.053792956306));
#14284 = CARTESIAN_POINT('',(80.197825420803,5.708815262522,
    3.108872839301));
#14285 = CARTESIAN_POINT('',(80.154161163774,5.680404511255,
    3.160052398599));
#14286 = CARTESIAN_POINT('',(80.077201455197,5.636748595048,
    3.237012107176));
#14287 = CARTESIAN_POINT('',(80.045914974463,5.620472105239,
    3.265263126685));
#14288 = CARTESIAN_POINT('',(80.01335303256,5.604962251603,
    3.291806178091));
#14289 = CARTESIAN_POINT('',(79.979619261105,5.590294263788,
    3.316594175819));
#14290 = CARTESIAN_POINT('',(79.944815391348,5.576538403448,
    3.339585356812));
#14291 = CARTESIAN_POINT('',(79.831898721202,5.536201268546,
    3.406364089382));
#14292 = CARTESIAN_POINT('',(79.75016836305,5.513156431903,
    3.443500858309));
#14293 = CARTESIAN_POINT('',(79.664982936452,5.495337011706,
    3.471657138511));
#14294 = CARTESIAN_POINT('',(79.577478058739,5.483268983973,
    3.490542506862));
#14295 = CARTESIAN_POINT('',(79.488776762598,5.477225578433,
    3.499999994708));
#14296 = CARTESIAN_POINT('',(79.400000059605,5.477225575052,3.5));
#14297 = PCURVE('',#1162,#14298);
#14298 = DEFINITIONAL_REPRESENTATION('',(#14299),#14322);
#14299 = B_SPLINE_CURVE_WITH_KNOTS('',6,(#14300,#14301,#14302,#14303,
    #14304,#14305,#14306,#14307,#14308,#14309,#14310,#14311,#14312,
    #14313,#14314,#14315,#14316,#14317,#14318,#14319,#14320,#14321),
  .UNSPECIFIED.,.F.,.F.,(7,5,5,5,7),(0.,0.226278430924,0.483667517898,
    0.647250676975,1.),.UNSPECIFIED.);
#14300 = CARTESIAN_POINT('',(0.,35.));
#14301 = CARTESIAN_POINT('',(-6.405559122575E-02,34.973310170323));
#14302 = CARTESIAN_POINT('',(-0.127691794233,34.945832238566));
#14303 = CARTESIAN_POINT('',(-0.190860983467,34.917786388753));
#14304 = CARTESIAN_POINT('',(-0.25351538539,34.889434541448));
#14305 = CARTESIAN_POINT('',(-0.315590932681,34.861068425042));
#14306 = CARTESIAN_POINT('',(-0.446833116564,34.801067463087));
#14307 = CARTESIAN_POINT('',(-0.515854525957,34.769494793487));
#14308 = CARTESIAN_POINT('',(-0.584145906114,34.738626461749));
#14309 = CARTESIAN_POINT('',(-0.651788596981,34.708815262522));
#14310 = CARTESIAN_POINT('',(-0.718853217373,34.680404511255));
#14311 = CARTESIAN_POINT('',(-0.827690680999,34.636748595048));
#14312 = CARTESIAN_POINT('',(-0.869790049384,34.620472105239));
#14313 = CARTESIAN_POINT('',(-0.91171976002,34.604962251603));
#14314 = CARTESIAN_POINT('',(-0.953503169798,34.590294263788));
#14315 = CARTESIAN_POINT('',(-0.995163790068,34.576538403448));
#14316 = CARTESIAN_POINT('',(-1.126349054182,34.536201268546));
#14317 = CARTESIAN_POINT('',(-1.215601869318,34.513156431903));
#14318 = CARTESIAN_POINT('',(-1.304553547063,34.495337011706));
#14319 = CARTESIAN_POINT('',(-1.393318384917,34.483268983973));
#14320 = CARTESIAN_POINT('',(-1.482019564197,34.477225578433));
#14321 = CARTESIAN_POINT('',(-1.57079626719,34.477225575052));
#14322 = ( GEOMETRIC_REPRESENTATION_CONTEXT(2) 
PARAMETRIC_REPRESENTATION_CONTEXT() REPRESENTATION_CONTEXT('2D SPACE',''
  ) );
#14323 = PCURVE('',#1135,#14324);
#14324 = DEFINITIONAL_REPRESENTATION('',(#14325),#14348);
#14325 = B_SPLINE_CURVE_WITH_KNOTS('',6,(#14326,#14327,#14328,#14329,
    #14330,#14331,#14332,#14333,#14334,#14335,#14336,#14337,#14338,
    #14339,#14340,#14341,#14342,#14343,#14344,#14345,#14346,#14347),
  .UNSPECIFIED.,.F.,.F.,(7,5,5,5,7),(0.,0.226278430924,0.483667517898,
    0.647250676975,1.),.UNSPECIFIED.);
#14326 = CARTESIAN_POINT('',(5.107180100084,5.6));
#14327 = CARTESIAN_POINT('',(5.117856031955,5.6));
#14328 = CARTESIAN_POINT('',(5.128519014282,5.595075946976));
#14329 = CARTESIAN_POINT('',(5.139084368955,5.58535024716));
#14330 = CARTESIAN_POINT('',(5.149469034718,5.571024377566));
#14331 = CARTESIAN_POINT('',(5.15959288374,5.552379401802));
#14332 = CARTESIAN_POINT('',(5.180512812722,5.504065931567));
#14333 = CARTESIAN_POINT('',(5.191218448681,5.473214875382));
#14334 = CARTESIAN_POINT('',(5.201422109029,5.43765625689));
#14335 = CARTESIAN_POINT('',(5.211056573609,5.397825420803));
#14336 = CARTESIAN_POINT('',(5.220061811219,5.354161163774));
#14337 = CARTESIAN_POINT('',(5.233674054024,5.277201455197));
#14338 = CARTESIAN_POINT('',(5.238689996585,5.245914974463));
#14339 = CARTESIAN_POINT('',(5.243419460079,5.21335303256));
#14340 = CARTESIAN_POINT('',(5.247850558714,5.179619261105));
#14341 = CARTESIAN_POINT('',(5.251972388233,5.144815391348));
#14342 = CARTESIAN_POINT('',(5.263974837269,5.031898721202));
#14343 = CARTESIAN_POINT('',(5.27069832997,4.95016836305));
#14344 = CARTESIAN_POINT('',(5.275824584054,4.864982936452));
#14345 = CARTESIAN_POINT('',(5.279272592472,4.777478058739));
#14346 = CARTESIAN_POINT('',(5.280999279683,4.688776762598));
#14347 = CARTESIAN_POINT('',(5.280999280649,4.600000059605));
#14348 = ( GEOMETRIC_REPRESENTATION_CONTEXT(2) 
PARAMETRIC_REPRESENTATION_CONTEXT() REPRESENTATION_CONTEXT('2D SPACE',''
  ) );
#14349 = ORIENTED_EDGE('',*,*,#1146,.T.);
#14350 = ORIENTED_EDGE('',*,*,#3130,.F.);
#14351 = ORIENTED_EDGE('',*,*,#14352,.T.);
#14352 = EDGE_CURVE('',#3031,#14271,#14353,.T.);
#14353 = SURFACE_CURVE('',#14354,(#14358,#14365),.PCURVE_S1.);
#14354 = LINE('',#14355,#14356);
#14355 = CARTESIAN_POINT('',(80.4,24.7,2.5));
#14356 = VECTOR('',#14357,1.);
#14357 = DIRECTION('',(0.,-1.,-1.424885165294E-15));
#14358 = PCURVE('',#1162,#14359);
#14359 = DEFINITIONAL_REPRESENTATION('',(#14360),#14364);
#14360 = LINE('',#14361,#14362);
#14361 = CARTESIAN_POINT('',(-0.,53.7));
#14362 = VECTOR('',#14363,1.);
#14363 = DIRECTION('',(-0.,-1.));
#14364 = ( GEOMETRIC_REPRESENTATION_CONTEXT(2) 
PARAMETRIC_REPRESENTATION_CONTEXT() REPRESENTATION_CONTEXT('2D SPACE',''
  ) );
#14365 = PCURVE('',#1107,#14366);
#14366 = DEFINITIONAL_REPRESENTATION('',(#14367),#14371);
#14367 = LINE('',#14368,#14369);
#14368 = CARTESIAN_POINT('',(2.5,-24.7));
#14369 = VECTOR('',#14370,1.);
#14370 = DIRECTION('',(-1.424885165294E-15,1.));
#14371 = ( GEOMETRIC_REPRESENTATION_CONTEXT(2) 
PARAMETRIC_REPRESENTATION_CONTEXT() REPRESENTATION_CONTEXT('2D SPACE',''
  ) );
#14372 = ADVANCED_FACE('',(#14373),#1323,.T.);
#14373 = FACE_BOUND('',#14374,.T.);
#14374 = EDGE_LOOP('',(#14375,#14407,#14408,#14409));
#14375 = ORIENTED_EDGE('',*,*,#14376,.T.);
#14376 = EDGE_CURVE('',#372,#1308,#14377,.T.);
#14377 = SURFACE_CURVE('',#14378,(#14383,#14395),.PCURVE_S1.);
#14378 = ELLIPSE('',#14379,1.414213562373,1.);
#14379 = AXIS2_PLACEMENT_3D('',#14380,#14381,#14382);
#14380 = CARTESIAN_POINT('',(15.6,-25.4,2.5));
#14381 = DIRECTION('',(0.707106781187,0.707106781187,0.));
#14382 = DIRECTION('',(-0.707106781187,0.707106781187,0.));
#14383 = PCURVE('',#1323,#14384);
#14384 = DEFINITIONAL_REPRESENTATION('',(#14385),#14394);
#14385 = B_SPLINE_CURVE_WITH_KNOTS('',7,(#14386,#14387,#14388,#14389,
    #14390,#14391,#14392,#14393),.UNSPECIFIED.,.F.,.F.,(8,8),(0.,
    1.570796326795),.PIECEWISE_BEZIER_KNOTS.);
#14386 = CARTESIAN_POINT('',(0.,4.6));
#14387 = CARTESIAN_POINT('',(0.224399475256,4.6));
#14388 = CARTESIAN_POINT('',(0.448798950513,4.54125132739));
#14389 = CARTESIAN_POINT('',(0.673198425769,4.423762504624));
#14390 = CARTESIAN_POINT('',(0.897597901026,4.254746825776));
#14391 = CARTESIAN_POINT('',(1.121997376282,4.048798039319));
#14392 = CARTESIAN_POINT('',(1.346396851538,3.824399475256));
#14393 = CARTESIAN_POINT('',(1.570796326795,3.6));
#14394 = ( GEOMETRIC_REPRESENTATION_CONTEXT(2) 
PARAMETRIC_REPRESENTATION_CONTEXT() REPRESENTATION_CONTEXT('2D SPACE',''
  ) );
#14395 = PCURVE('',#387,#14396);
#14396 = DEFINITIONAL_REPRESENTATION('',(#14397),#14406);
#14397 = B_SPLINE_CURVE_WITH_KNOTS('',7,(#14398,#14399,#14400,#14401,
    #14402,#14403,#14404,#14405),.UNSPECIFIED.,.F.,.F.,(8,8),(0.,
    1.570796326795),.PIECEWISE_BEZIER_KNOTS.);
#14398 = CARTESIAN_POINT('',(0.,14.5));
#14399 = CARTESIAN_POINT('',(0.224399475256,14.5));
#14400 = CARTESIAN_POINT('',(0.448798950513,14.558748672613));
#14401 = CARTESIAN_POINT('',(0.67319842577,14.676237495365));
#14402 = CARTESIAN_POINT('',(0.897597901026,14.845253174235));
#14403 = CARTESIAN_POINT('',(1.121997376282,15.051201960678));
#14404 = CARTESIAN_POINT('',(1.346396851538,15.275600524744));
#14405 = CARTESIAN_POINT('',(1.570796326795,15.5));
#14406 = ( GEOMETRIC_REPRESENTATION_CONTEXT(2) 
PARAMETRIC_REPRESENTATION_CONTEXT() REPRESENTATION_CONTEXT('2D SPACE',''
  ) );
#14407 = ORIENTED_EDGE('',*,*,#1307,.F.);
#14408 = ORIENTED_EDGE('',*,*,#14164,.F.);
#14409 = ORIENTED_EDGE('',*,*,#14410,.T.);
#14410 = EDGE_CURVE('',#14165,#372,#14411,.T.);
#14411 = SURFACE_CURVE('',#14412,(#14416,#14423),.PCURVE_S1.);
#14412 = LINE('',#14413,#14414);
#14413 = CARTESIAN_POINT('',(14.6,-6.,2.5));
#14414 = VECTOR('',#14415,1.);
#14415 = DIRECTION('',(0.,-1.,1.255034723489E-15));
#14416 = PCURVE('',#1323,#14417);
#14417 = DEFINITIONAL_REPRESENTATION('',(#14418),#14422);
#14418 = LINE('',#14419,#14420);
#14419 = CARTESIAN_POINT('',(0.,23.));
#14420 = VECTOR('',#14421,1.);
#14421 = DIRECTION('',(-0.,-1.));
#14422 = ( GEOMETRIC_REPRESENTATION_CONTEXT(2) 
PARAMETRIC_REPRESENTATION_CONTEXT() REPRESENTATION_CONTEXT('2D SPACE',''
  ) );
#14423 = PCURVE('',#414,#14424);
#14424 = DEFINITIONAL_REPRESENTATION('',(#14425),#14429);
#14425 = LINE('',#14426,#14427);
#14426 = CARTESIAN_POINT('',(7.5,-23.));
#14427 = VECTOR('',#14428,1.);
#14428 = DIRECTION('',(1.255034723489E-15,1.));
#14429 = ( GEOMETRIC_REPRESENTATION_CONTEXT(2) 
PARAMETRIC_REPRESENTATION_CONTEXT() REPRESENTATION_CONTEXT('2D SPACE',''
  ) );
#14430 = ADVANCED_FACE('',(#14431),#1135,.T.);
#14431 = FACE_BOUND('',#14432,.T.);
#14432 = EDGE_LOOP('',(#14433,#14455,#14456));
#14433 = ORIENTED_EDGE('',*,*,#14434,.F.);
#14434 = EDGE_CURVE('',#14271,#1092,#14435,.T.);
#14435 = SURFACE_CURVE('',#14436,(#14441,#14448),.PCURVE_S1.);
#14436 = CIRCLE('',#14437,6.5);
#14437 = AXIS2_PLACEMENT_3D('',#14438,#14439,#14440);
#14438 = CARTESIAN_POINT('',(80.4,0.,0.));
#14439 = DIRECTION('',(1.,0.,0.));
#14440 = DIRECTION('',(-0.,0.,1.));
#14441 = PCURVE('',#1135,#14442);
#14442 = DEFINITIONAL_REPRESENTATION('',(#14443),#14447);
#14443 = LINE('',#14444,#14445);
#14444 = CARTESIAN_POINT('',(0.,5.6));
#14445 = VECTOR('',#14446,1.);
#14446 = DIRECTION('',(1.,0.));
#14447 = ( GEOMETRIC_REPRESENTATION_CONTEXT(2) 
PARAMETRIC_REPRESENTATION_CONTEXT() REPRESENTATION_CONTEXT('2D SPACE',''
  ) );
#14448 = PCURVE('',#1107,#14449);
#14449 = DEFINITIONAL_REPRESENTATION('',(#14450),#14454);
#14450 = CIRCLE('',#14451,6.5);
#14451 = AXIS2_PLACEMENT_2D('',#14452,#14453);
#14452 = CARTESIAN_POINT('',(0.,0.));
#14453 = DIRECTION('',(1.,0.));
#14454 = ( GEOMETRIC_REPRESENTATION_CONTEXT(2) 
PARAMETRIC_REPRESENTATION_CONTEXT() REPRESENTATION_CONTEXT('2D SPACE',''
  ) );
#14455 = ORIENTED_EDGE('',*,*,#14270,.T.);
#14456 = ORIENTED_EDGE('',*,*,#1119,.T.);
#14457 = ADVANCED_FACE('',(#14458,#14590,#14625,#14628),#1107,.T.);
#14458 = FACE_BOUND('',#14459,.T.);
#14459 = EDGE_LOOP('',(#14460,#14485,#14513,#14534,#14535,#14536,#14537,
    #14538,#14539,#14540,#14541,#14542,#14543,#14544,#14545,#14569));
#14460 = ORIENTED_EDGE('',*,*,#14461,.F.);
#14461 = EDGE_CURVE('',#14462,#14464,#14466,.T.);
#14462 = VERTEX_POINT('',#14463);
#14463 = CARTESIAN_POINT('',(80.4,-28.,-73.));
#14464 = VERTEX_POINT('',#14465);
#14465 = CARTESIAN_POINT('',(80.4,-28.,2.5));
#14466 = SURFACE_CURVE('',#14467,(#14471,#14478),.PCURVE_S1.);
#14467 = LINE('',#14468,#14469);
#14468 = CARTESIAN_POINT('',(80.4,-28.,-73.));
#14469 = VECTOR('',#14470,1.);
#14470 = DIRECTION('',(0.,0.,1.));
#14471 = PCURVE('',#1107,#14472);
#14472 = DEFINITIONAL_REPRESENTATION('',(#14473),#14477);
#14473 = LINE('',#14474,#14475);
#14474 = CARTESIAN_POINT('',(-73.,28.));
#14475 = VECTOR('',#14476,1.);
#14476 = DIRECTION('',(1.,0.));
#14477 = ( GEOMETRIC_REPRESENTATION_CONTEXT(2) 
PARAMETRIC_REPRESENTATION_CONTEXT() REPRESENTATION_CONTEXT('2D SPACE',''
  ) );
#14478 = PCURVE('',#72,#14479);
#14479 = DEFINITIONAL_REPRESENTATION('',(#14480),#14484);
#14480 = LINE('',#14481,#14482);
#14481 = CARTESIAN_POINT('',(-0.,-68.));
#14482 = VECTOR('',#14483,1.);
#14483 = DIRECTION('',(-0.,1.));
#14484 = ( GEOMETRIC_REPRESENTATION_CONTEXT(2) 
PARAMETRIC_REPRESENTATION_CONTEXT() REPRESENTATION_CONTEXT('2D SPACE',''
  ) );
#14485 = ORIENTED_EDGE('',*,*,#14486,.T.);
#14486 = EDGE_CURVE('',#14462,#14487,#14489,.T.);
#14487 = VERTEX_POINT('',#14488);
#14488 = CARTESIAN_POINT('',(80.4,-25.4,-73.));
#14489 = SURFACE_CURVE('',#14490,(#14494,#14501),.PCURVE_S1.);
#14490 = LINE('',#14491,#14492);
#14491 = CARTESIAN_POINT('',(80.4,-29.,-73.));
#14492 = VECTOR('',#14493,1.);
#14493 = DIRECTION('',(0.,1.,0.));
#14494 = PCURVE('',#1107,#14495);
#14495 = DEFINITIONAL_REPRESENTATION('',(#14496),#14500);
#14496 = LINE('',#14497,#14498);
#14497 = CARTESIAN_POINT('',(-73.,29.));
#14498 = VECTOR('',#14499,1.);
#14499 = DIRECTION('',(0.,-1.));
#14500 = ( GEOMETRIC_REPRESENTATION_CONTEXT(2) 
PARAMETRIC_REPRESENTATION_CONTEXT() REPRESENTATION_CONTEXT('2D SPACE',''
  ) );
#14501 = PCURVE('',#14502,#14507);
#14502 = CYLINDRICAL_SURFACE('',#14503,1.);
#14503 = AXIS2_PLACEMENT_3D('',#14504,#14505,#14506);
#14504 = CARTESIAN_POINT('',(79.4,-29.,-73.));
#14505 = DIRECTION('',(0.,1.,0.));
#14506 = DIRECTION('',(1.,0.,-0.));
#14507 = DEFINITIONAL_REPRESENTATION('',(#14508),#14512);
#14508 = LINE('',#14509,#14510);
#14509 = CARTESIAN_POINT('',(0.,0.));
#14510 = VECTOR('',#14511,1.);
#14511 = DIRECTION('',(0.,1.));
#14512 = ( GEOMETRIC_REPRESENTATION_CONTEXT(2) 
PARAMETRIC_REPRESENTATION_CONTEXT() REPRESENTATION_CONTEXT('2D SPACE',''
  ) );
#14513 = ORIENTED_EDGE('',*,*,#14514,.T.);
#14514 = EDGE_CURVE('',#14487,#11766,#14515,.T.);
#14515 = SURFACE_CURVE('',#14516,(#14520,#14527),.PCURVE_S1.);
#14516 = LINE('',#14517,#14518);
#14517 = CARTESIAN_POINT('',(80.4,-25.4,-74.));
#14518 = VECTOR('',#14519,1.);
#14519 = DIRECTION('',(0.,0.,1.));
#14520 = PCURVE('',#1107,#14521);
#14521 = DEFINITIONAL_REPRESENTATION('',(#14522),#14526);
#14522 = LINE('',#14523,#14524);
#14523 = CARTESIAN_POINT('',(-74.,25.4));
#14524 = VECTOR('',#14525,1.);
#14525 = DIRECTION('',(1.,0.));
#14526 = ( GEOMETRIC_REPRESENTATION_CONTEXT(2) 
PARAMETRIC_REPRESENTATION_CONTEXT() REPRESENTATION_CONTEXT('2D SPACE',''
  ) );
#14527 = PCURVE('',#716,#14528);
#14528 = DEFINITIONAL_REPRESENTATION('',(#14529),#14533);
#14529 = LINE('',#14530,#14531);
#14530 = CARTESIAN_POINT('',(0.,0.));
#14531 = VECTOR('',#14532,1.);
#14532 = DIRECTION('',(0.,1.));
#14533 = ( GEOMETRIC_REPRESENTATION_CONTEXT(2) 
PARAMETRIC_REPRESENTATION_CONTEXT() REPRESENTATION_CONTEXT('2D SPACE',''
  ) );
#14534 = ORIENTED_EDGE('',*,*,#11851,.T.);
#14535 = ORIENTED_EDGE('',*,*,#11875,.F.);
#14536 = ORIENTED_EDGE('',*,*,#10923,.T.);
#14537 = ORIENTED_EDGE('',*,*,#11345,.T.);
#14538 = ORIENTED_EDGE('',*,*,#11224,.T.);
#14539 = ORIENTED_EDGE('',*,*,#12818,.T.);
#14540 = ORIENTED_EDGE('',*,*,#3206,.T.);
#14541 = ORIENTED_EDGE('',*,*,#3028,.T.);
#14542 = ORIENTED_EDGE('',*,*,#14352,.T.);
#14543 = ORIENTED_EDGE('',*,*,#14434,.T.);
#14544 = ORIENTED_EDGE('',*,*,#1091,.F.);
#14545 = ORIENTED_EDGE('',*,*,#14546,.T.);
#14546 = EDGE_CURVE('',#1065,#14547,#14549,.T.);
#14547 = VERTEX_POINT('',#14548);
#14548 = CARTESIAN_POINT('',(80.4,-6.,2.5));
#14549 = SURFACE_CURVE('',#14550,(#14555,#14562),.PCURVE_S1.);
#14550 = CIRCLE('',#14551,6.5);
#14551 = AXIS2_PLACEMENT_3D('',#14552,#14553,#14554);
#14552 = CARTESIAN_POINT('',(80.4,0.,0.));
#14553 = DIRECTION('',(1.,0.,0.));
#14554 = DIRECTION('',(-0.,0.,1.));
#14555 = PCURVE('',#1107,#14556);
#14556 = DEFINITIONAL_REPRESENTATION('',(#14557),#14561);
#14557 = CIRCLE('',#14558,6.5);
#14558 = AXIS2_PLACEMENT_2D('',#14559,#14560);
#14559 = CARTESIAN_POINT('',(0.,0.));
#14560 = DIRECTION('',(1.,0.));
#14561 = ( GEOMETRIC_REPRESENTATION_CONTEXT(2) 
PARAMETRIC_REPRESENTATION_CONTEXT() REPRESENTATION_CONTEXT('2D SPACE',''
  ) );
#14562 = PCURVE('',#1080,#14563);
#14563 = DEFINITIONAL_REPRESENTATION('',(#14564),#14568);
#14564 = LINE('',#14565,#14566);
#14565 = CARTESIAN_POINT('',(0.,5.6));
#14566 = VECTOR('',#14567,1.);
#14567 = DIRECTION('',(1.,0.));
#14568 = ( GEOMETRIC_REPRESENTATION_CONTEXT(2) 
PARAMETRIC_REPRESENTATION_CONTEXT() REPRESENTATION_CONTEXT('2D SPACE',''
  ) );
#14569 = ORIENTED_EDGE('',*,*,#14570,.T.);
#14570 = EDGE_CURVE('',#14547,#14464,#14571,.T.);
#14571 = SURFACE_CURVE('',#14572,(#14576,#14583),.PCURVE_S1.);
#14572 = LINE('',#14573,#14574);
#14573 = CARTESIAN_POINT('',(80.4,-6.,2.5));
#14574 = VECTOR('',#14575,1.);
#14575 = DIRECTION('',(0.,-1.,1.0496654051E-15));
#14576 = PCURVE('',#1107,#14577);
#14577 = DEFINITIONAL_REPRESENTATION('',(#14578),#14582);
#14578 = LINE('',#14579,#14580);
#14579 = CARTESIAN_POINT('',(2.5,6.));
#14580 = VECTOR('',#14581,1.);
#14581 = DIRECTION('',(1.0496654051E-15,1.));
#14582 = ( GEOMETRIC_REPRESENTATION_CONTEXT(2) 
PARAMETRIC_REPRESENTATION_CONTEXT() REPRESENTATION_CONTEXT('2D SPACE',''
  ) );
#14583 = PCURVE('',#1052,#14584);
#14584 = DEFINITIONAL_REPRESENTATION('',(#14585),#14589);
#14585 = LINE('',#14586,#14587);
#14586 = CARTESIAN_POINT('',(-0.,23.));
#14587 = VECTOR('',#14588,1.);
#14588 = DIRECTION('',(-0.,-1.));
#14589 = ( GEOMETRIC_REPRESENTATION_CONTEXT(2) 
PARAMETRIC_REPRESENTATION_CONTEXT() REPRESENTATION_CONTEXT('2D SPACE',''
  ) );
#14590 = FACE_BOUND('',#14591,.T.);
#14591 = EDGE_LOOP('',(#14592));
#14592 = ORIENTED_EDGE('',*,*,#14593,.T.);
#14593 = EDGE_CURVE('',#14594,#14594,#14596,.T.);
#14594 = VERTEX_POINT('',#14595);
#14595 = CARTESIAN_POINT('',(80.4,7.,-0.9));
#14596 = SURFACE_CURVE('',#14597,(#14602,#14613),.PCURVE_S1.);
#14597 = CIRCLE('',#14598,0.9);
#14598 = AXIS2_PLACEMENT_3D('',#14599,#14600,#14601);
#14599 = CARTESIAN_POINT('',(80.4,7.,0.));
#14600 = DIRECTION('',(-1.,0.,0.));
#14601 = DIRECTION('',(0.,0.,-1.));
#14602 = PCURVE('',#1107,#14603);
#14603 = DEFINITIONAL_REPRESENTATION('',(#14604),#14612);
#14604 = ( BOUNDED_CURVE() B_SPLINE_CURVE(2,(#14605,#14606,#14607,#14608
    ,#14609,#14610,#14611),.UNSPECIFIED.,.T.,.F.) 
B_SPLINE_CURVE_WITH_KNOTS((1,2,2,2,2,1),(-2.094395102393,0.,
    2.094395102393,4.188790204786,6.28318530718,8.377580409573),
.UNSPECIFIED.) CURVE() GEOMETRIC_REPRESENTATION_ITEM() 
RATIONAL_B_SPLINE_CURVE((1.,0.5,1.,0.5,1.,0.5,1.)) REPRESENTATION_ITEM(
  '') );
#14605 = CARTESIAN_POINT('',(-0.9,-7.));
#14606 = CARTESIAN_POINT('',(-0.9,-5.441154273188));
#14607 = CARTESIAN_POINT('',(0.45,-6.220577136594));
#14608 = CARTESIAN_POINT('',(1.8,-7.));
#14609 = CARTESIAN_POINT('',(0.45,-7.779422863406));
#14610 = CARTESIAN_POINT('',(-0.9,-8.558845726812));
#14611 = CARTESIAN_POINT('',(-0.9,-7.));
#14612 = ( GEOMETRIC_REPRESENTATION_CONTEXT(2) 
PARAMETRIC_REPRESENTATION_CONTEXT() REPRESENTATION_CONTEXT('2D SPACE',''
  ) );
#14613 = PCURVE('',#14614,#14619);
#14614 = CYLINDRICAL_SURFACE('',#14615,0.9);
#14615 = AXIS2_PLACEMENT_3D('',#14616,#14617,#14618);
#14616 = CARTESIAN_POINT('',(80.6,7.,0.));
#14617 = DIRECTION('',(-1.,0.,0.));
#14618 = DIRECTION('',(0.,0.,-1.));
#14619 = DEFINITIONAL_REPRESENTATION('',(#14620),#14624);
#14620 = LINE('',#14621,#14622);
#14621 = CARTESIAN_POINT('',(0.,0.2));
#14622 = VECTOR('',#14623,1.);
#14623 = DIRECTION('',(1.,0.));
#14624 = ( GEOMETRIC_REPRESENTATION_CONTEXT(2) 
PARAMETRIC_REPRESENTATION_CONTEXT() REPRESENTATION_CONTEXT('2D SPACE',''
  ) );
#14625 = FACE_BOUND('',#14626,.T.);
#14626 = EDGE_LOOP('',(#14627));
#14627 = ORIENTED_EDGE('',*,*,#13364,.F.);
#14628 = FACE_BOUND('',#14629,.T.);
#14629 = EDGE_LOOP('',(#14630));
#14630 = ORIENTED_EDGE('',*,*,#14631,.T.);
#14631 = EDGE_CURVE('',#14632,#14632,#14634,.T.);
#14632 = VERTEX_POINT('',#14633);
#14633 = CARTESIAN_POINT('',(80.4,-7.,-0.9));
#14634 = SURFACE_CURVE('',#14635,(#14640,#14651),.PCURVE_S1.);
#14635 = CIRCLE('',#14636,0.9);
#14636 = AXIS2_PLACEMENT_3D('',#14637,#14638,#14639);
#14637 = CARTESIAN_POINT('',(80.4,-7.,0.));
#14638 = DIRECTION('',(-1.,0.,0.));
#14639 = DIRECTION('',(0.,0.,-1.));
#14640 = PCURVE('',#1107,#14641);
#14641 = DEFINITIONAL_REPRESENTATION('',(#14642),#14650);
#14642 = ( BOUNDED_CURVE() B_SPLINE_CURVE(2,(#14643,#14644,#14645,#14646
    ,#14647,#14648,#14649),.UNSPECIFIED.,.T.,.F.) 
B_SPLINE_CURVE_WITH_KNOTS((1,2,2,2,2,1),(-2.094395102393,0.,
    2.094395102393,4.188790204786,6.28318530718,8.377580409573),
.UNSPECIFIED.) CURVE() GEOMETRIC_REPRESENTATION_ITEM() 
RATIONAL_B_SPLINE_CURVE((1.,0.5,1.,0.5,1.,0.5,1.)) REPRESENTATION_ITEM(
  '') );
#14643 = CARTESIAN_POINT('',(-0.9,7.));
#14644 = CARTESIAN_POINT('',(-0.9,8.558845726812));
#14645 = CARTESIAN_POINT('',(0.45,7.779422863406));
#14646 = CARTESIAN_POINT('',(1.8,7.));
#14647 = CARTESIAN_POINT('',(0.45,6.220577136594));
#14648 = CARTESIAN_POINT('',(-0.9,5.441154273188));
#14649 = CARTESIAN_POINT('',(-0.9,7.));
#14650 = ( GEOMETRIC_REPRESENTATION_CONTEXT(2) 
PARAMETRIC_REPRESENTATION_CONTEXT() REPRESENTATION_CONTEXT('2D SPACE',''
  ) );
#14651 = PCURVE('',#14652,#14657);
#14652 = CYLINDRICAL_SURFACE('',#14653,0.9);
#14653 = AXIS2_PLACEMENT_3D('',#14654,#14655,#14656);
#14654 = CARTESIAN_POINT('',(80.6,-7.,0.));
#14655 = DIRECTION('',(-1.,0.,0.));
#14656 = DIRECTION('',(0.,0.,-1.));
#14657 = DEFINITIONAL_REPRESENTATION('',(#14658),#14662);
#14658 = LINE('',#14659,#14660);
#14659 = CARTESIAN_POINT('',(0.,0.2));
#14660 = VECTOR('',#14661,1.);
#14661 = DIRECTION('',(1.,0.));
#14662 = ( GEOMETRIC_REPRESENTATION_CONTEXT(2) 
PARAMETRIC_REPRESENTATION_CONTEXT() REPRESENTATION_CONTEXT('2D SPACE',''
  ) );
#14663 = ADVANCED_FACE('',(#14664),#14652,.F.);
#14664 = FACE_BOUND('',#14665,.F.);
#14665 = EDGE_LOOP('',(#14666,#14689,#14716,#14717));
#14666 = ORIENTED_EDGE('',*,*,#14667,.T.);
#14667 = EDGE_CURVE('',#14632,#14668,#14670,.T.);
#14668 = VERTEX_POINT('',#14669);
#14669 = CARTESIAN_POINT('',(76.4,-7.,-0.9));
#14670 = SEAM_CURVE('',#14671,(#14675,#14682),.PCURVE_S1.);
#14671 = LINE('',#14672,#14673);
#14672 = CARTESIAN_POINT('',(80.6,-7.,-0.9));
#14673 = VECTOR('',#14674,1.);
#14674 = DIRECTION('',(-1.,0.,0.));
#14675 = PCURVE('',#14652,#14676);
#14676 = DEFINITIONAL_REPRESENTATION('',(#14677),#14681);
#14677 = LINE('',#14678,#14679);
#14678 = CARTESIAN_POINT('',(6.28318530718,-0.));
#14679 = VECTOR('',#14680,1.);
#14680 = DIRECTION('',(0.,1.));
#14681 = ( GEOMETRIC_REPRESENTATION_CONTEXT(2) 
PARAMETRIC_REPRESENTATION_CONTEXT() REPRESENTATION_CONTEXT('2D SPACE',''
  ) );
#14682 = PCURVE('',#14652,#14683);
#14683 = DEFINITIONAL_REPRESENTATION('',(#14684),#14688);
#14684 = LINE('',#14685,#14686);
#14685 = CARTESIAN_POINT('',(0.,-0.));
#14686 = VECTOR('',#14687,1.);
#14687 = DIRECTION('',(0.,1.));
#14688 = ( GEOMETRIC_REPRESENTATION_CONTEXT(2) 
PARAMETRIC_REPRESENTATION_CONTEXT() REPRESENTATION_CONTEXT('2D SPACE',''
  ) );
#14689 = ORIENTED_EDGE('',*,*,#14690,.F.);
#14690 = EDGE_CURVE('',#14668,#14668,#14691,.T.);
#14691 = SURFACE_CURVE('',#14692,(#14697,#14704),.PCURVE_S1.);
#14692 = CIRCLE('',#14693,0.9);
#14693 = AXIS2_PLACEMENT_3D('',#14694,#14695,#14696);
#14694 = CARTESIAN_POINT('',(76.4,-7.,0.));
#14695 = DIRECTION('',(-1.,0.,0.));
#14696 = DIRECTION('',(0.,0.,-1.));
#14697 = PCURVE('',#14652,#14698);
#14698 = DEFINITIONAL_REPRESENTATION('',(#14699),#14703);
#14699 = LINE('',#14700,#14701);
#14700 = CARTESIAN_POINT('',(0.,4.2));
#14701 = VECTOR('',#14702,1.);
#14702 = DIRECTION('',(1.,0.));
#14703 = ( GEOMETRIC_REPRESENTATION_CONTEXT(2) 
PARAMETRIC_REPRESENTATION_CONTEXT() REPRESENTATION_CONTEXT('2D SPACE',''
  ) );
#14704 = PCURVE('',#14705,#14710);
#14705 = PLANE('',#14706);
#14706 = AXIS2_PLACEMENT_3D('',#14707,#14708,#14709);
#14707 = CARTESIAN_POINT('',(76.4,-7.,0.));
#14708 = DIRECTION('',(-1.,0.,0.));
#14709 = DIRECTION('',(0.,0.,-1.));
#14710 = DEFINITIONAL_REPRESENTATION('',(#14711),#14715);
#14711 = CIRCLE('',#14712,0.9);
#14712 = AXIS2_PLACEMENT_2D('',#14713,#14714);
#14713 = CARTESIAN_POINT('',(0.,0.));
#14714 = DIRECTION('',(1.,0.));
#14715 = ( GEOMETRIC_REPRESENTATION_CONTEXT(2) 
PARAMETRIC_REPRESENTATION_CONTEXT() REPRESENTATION_CONTEXT('2D SPACE',''
  ) );
#14716 = ORIENTED_EDGE('',*,*,#14667,.F.);
#14717 = ORIENTED_EDGE('',*,*,#14631,.T.);
#14718 = ADVANCED_FACE('',(#14719),#14705,.F.);
#14719 = FACE_BOUND('',#14720,.F.);
#14720 = EDGE_LOOP('',(#14721));
#14721 = ORIENTED_EDGE('',*,*,#14690,.T.);
#14722 = ADVANCED_FACE('',(#14723),#14614,.F.);
#14723 = FACE_BOUND('',#14724,.F.);
#14724 = EDGE_LOOP('',(#14725,#14748,#14775,#14776));
#14725 = ORIENTED_EDGE('',*,*,#14726,.T.);
#14726 = EDGE_CURVE('',#14594,#14727,#14729,.T.);
#14727 = VERTEX_POINT('',#14728);
#14728 = CARTESIAN_POINT('',(76.4,7.,-0.9));
#14729 = SEAM_CURVE('',#14730,(#14734,#14741),.PCURVE_S1.);
#14730 = LINE('',#14731,#14732);
#14731 = CARTESIAN_POINT('',(80.6,7.,-0.9));
#14732 = VECTOR('',#14733,1.);
#14733 = DIRECTION('',(-1.,0.,0.));
#14734 = PCURVE('',#14614,#14735);
#14735 = DEFINITIONAL_REPRESENTATION('',(#14736),#14740);
#14736 = LINE('',#14737,#14738);
#14737 = CARTESIAN_POINT('',(6.28318530718,-0.));
#14738 = VECTOR('',#14739,1.);
#14739 = DIRECTION('',(0.,1.));
#14740 = ( GEOMETRIC_REPRESENTATION_CONTEXT(2) 
PARAMETRIC_REPRESENTATION_CONTEXT() REPRESENTATION_CONTEXT('2D SPACE',''
  ) );
#14741 = PCURVE('',#14614,#14742);
#14742 = DEFINITIONAL_REPRESENTATION('',(#14743),#14747);
#14743 = LINE('',#14744,#14745);
#14744 = CARTESIAN_POINT('',(0.,-0.));
#14745 = VECTOR('',#14746,1.);
#14746 = DIRECTION('',(0.,1.));
#14747 = ( GEOMETRIC_REPRESENTATION_CONTEXT(2) 
PARAMETRIC_REPRESENTATION_CONTEXT() REPRESENTATION_CONTEXT('2D SPACE',''
  ) );
#14748 = ORIENTED_EDGE('',*,*,#14749,.F.);
#14749 = EDGE_CURVE('',#14727,#14727,#14750,.T.);
#14750 = SURFACE_CURVE('',#14751,(#14756,#14763),.PCURVE_S1.);
#14751 = CIRCLE('',#14752,0.9);
#14752 = AXIS2_PLACEMENT_3D('',#14753,#14754,#14755);
#14753 = CARTESIAN_POINT('',(76.4,7.,0.));
#14754 = DIRECTION('',(-1.,0.,0.));
#14755 = DIRECTION('',(0.,0.,-1.));
#14756 = PCURVE('',#14614,#14757);
#14757 = DEFINITIONAL_REPRESENTATION('',(#14758),#14762);
#14758 = LINE('',#14759,#14760);
#14759 = CARTESIAN_POINT('',(0.,4.2));
#14760 = VECTOR('',#14761,1.);
#14761 = DIRECTION('',(1.,0.));
#14762 = ( GEOMETRIC_REPRESENTATION_CONTEXT(2) 
PARAMETRIC_REPRESENTATION_CONTEXT() REPRESENTATION_CONTEXT('2D SPACE',''
  ) );
#14763 = PCURVE('',#14764,#14769);
#14764 = PLANE('',#14765);
#14765 = AXIS2_PLACEMENT_3D('',#14766,#14767,#14768);
#14766 = CARTESIAN_POINT('',(76.4,7.,0.));
#14767 = DIRECTION('',(-1.,0.,0.));
#14768 = DIRECTION('',(0.,0.,-1.));
#14769 = DEFINITIONAL_REPRESENTATION('',(#14770),#14774);
#14770 = CIRCLE('',#14771,0.9);
#14771 = AXIS2_PLACEMENT_2D('',#14772,#14773);
#14772 = CARTESIAN_POINT('',(0.,0.));
#14773 = DIRECTION('',(1.,0.));
#14774 = ( GEOMETRIC_REPRESENTATION_CONTEXT(2) 
PARAMETRIC_REPRESENTATION_CONTEXT() REPRESENTATION_CONTEXT('2D SPACE',''
  ) );
#14775 = ORIENTED_EDGE('',*,*,#14726,.F.);
#14776 = ORIENTED_EDGE('',*,*,#14593,.T.);
#14777 = ADVANCED_FACE('',(#14778),#14764,.F.);
#14778 = FACE_BOUND('',#14779,.F.);
#14779 = EDGE_LOOP('',(#14780));
#14780 = ORIENTED_EDGE('',*,*,#14749,.T.);
#14781 = ADVANCED_FACE('',(#14782),#14502,.T.);
#14782 = FACE_BOUND('',#14783,.T.);
#14783 = EDGE_LOOP('',(#14784,#14811,#14839,#14864));
#14784 = ORIENTED_EDGE('',*,*,#14785,.F.);
#14785 = EDGE_CURVE('',#14786,#14462,#14788,.T.);
#14786 = VERTEX_POINT('',#14787);
#14787 = CARTESIAN_POINT('',(79.4,-28.,-74.));
#14788 = SURFACE_CURVE('',#14789,(#14794,#14800),.PCURVE_S1.);
#14789 = CIRCLE('',#14790,1.);
#14790 = AXIS2_PLACEMENT_3D('',#14791,#14792,#14793);
#14791 = CARTESIAN_POINT('',(79.4,-28.,-73.));
#14792 = DIRECTION('',(0.,-1.,0.));
#14793 = DIRECTION('',(1.,0.,0.));
#14794 = PCURVE('',#14502,#14795);
#14795 = DEFINITIONAL_REPRESENTATION('',(#14796),#14799);
#14796 = B_SPLINE_CURVE_WITH_KNOTS('',1,(#14797,#14798),.UNSPECIFIED.,
  .F.,.F.,(2,2),(4.712388980385,6.28318530718),
  .PIECEWISE_BEZIER_KNOTS.);
#14797 = CARTESIAN_POINT('',(1.570796326795,1.));
#14798 = CARTESIAN_POINT('',(0.,1.));
#14799 = ( GEOMETRIC_REPRESENTATION_CONTEXT(2) 
PARAMETRIC_REPRESENTATION_CONTEXT() REPRESENTATION_CONTEXT('2D SPACE',''
  ) );
#14800 = PCURVE('',#14801,#14806);
#14801 = SPHERICAL_SURFACE('',#14802,1.);
#14802 = AXIS2_PLACEMENT_3D('',#14803,#14804,#14805);
#14803 = CARTESIAN_POINT('',(79.4,-28.,-73.));
#14804 = DIRECTION('',(0.,0.,1.));
#14805 = DIRECTION('',(1.,0.,-0.));
#14806 = DEFINITIONAL_REPRESENTATION('',(#14807),#14810);
#14807 = B_SPLINE_CURVE_WITH_KNOTS('',1,(#14808,#14809),.UNSPECIFIED.,
  .F.,.F.,(2,2),(4.712388980385,6.28318530718),
  .PIECEWISE_BEZIER_KNOTS.);
#14808 = CARTESIAN_POINT('',(0.,-1.570796326795));
#14809 = CARTESIAN_POINT('',(0.,0.));
#14810 = ( GEOMETRIC_REPRESENTATION_CONTEXT(2) 
PARAMETRIC_REPRESENTATION_CONTEXT() REPRESENTATION_CONTEXT('2D SPACE',''
  ) );
#14811 = ORIENTED_EDGE('',*,*,#14812,.T.);
#14812 = EDGE_CURVE('',#14786,#14813,#14815,.T.);
#14813 = VERTEX_POINT('',#14814);
#14814 = CARTESIAN_POINT('',(79.4,-25.4,-74.));
#14815 = SURFACE_CURVE('',#14816,(#14820,#14827),.PCURVE_S1.);
#14816 = LINE('',#14817,#14818);
#14817 = CARTESIAN_POINT('',(79.4,-29.,-74.));
#14818 = VECTOR('',#14819,1.);
#14819 = DIRECTION('',(0.,1.,0.));
#14820 = PCURVE('',#14502,#14821);
#14821 = DEFINITIONAL_REPRESENTATION('',(#14822),#14826);
#14822 = LINE('',#14823,#14824);
#14823 = CARTESIAN_POINT('',(1.570796326795,0.));
#14824 = VECTOR('',#14825,1.);
#14825 = DIRECTION('',(0.,1.));
#14826 = ( GEOMETRIC_REPRESENTATION_CONTEXT(2) 
PARAMETRIC_REPRESENTATION_CONTEXT() REPRESENTATION_CONTEXT('2D SPACE',''
  ) );
#14827 = PCURVE('',#14828,#14833);
#14828 = PLANE('',#14829);
#14829 = AXIS2_PLACEMENT_3D('',#14830,#14831,#14832);
#14830 = CARTESIAN_POINT('',(0.1,-29.,-74.));
#14831 = DIRECTION('',(0.,0.,1.));
#14832 = DIRECTION('',(1.,0.,0.));
#14833 = DEFINITIONAL_REPRESENTATION('',(#14834),#14838);
#14834 = LINE('',#14835,#14836);
#14835 = CARTESIAN_POINT('',(79.3,0.));
#14836 = VECTOR('',#14837,1.);
#14837 = DIRECTION('',(0.,1.));
#14838 = ( GEOMETRIC_REPRESENTATION_CONTEXT(2) 
PARAMETRIC_REPRESENTATION_CONTEXT() REPRESENTATION_CONTEXT('2D SPACE',''
  ) );
#14839 = ORIENTED_EDGE('',*,*,#14840,.T.);
#14840 = EDGE_CURVE('',#14813,#14487,#14841,.T.);
#14841 = SURFACE_CURVE('',#14842,(#14847,#14853),.PCURVE_S1.);
#14842 = CIRCLE('',#14843,1.);
#14843 = AXIS2_PLACEMENT_3D('',#14844,#14845,#14846);
#14844 = CARTESIAN_POINT('',(79.4,-25.4,-73.));
#14845 = DIRECTION('',(0.,-1.,0.));
#14846 = DIRECTION('',(1.,0.,0.));
#14847 = PCURVE('',#14502,#14848);
#14848 = DEFINITIONAL_REPRESENTATION('',(#14849),#14852);
#14849 = B_SPLINE_CURVE_WITH_KNOTS('',1,(#14850,#14851),.UNSPECIFIED.,
  .F.,.F.,(2,2),(4.712388980385,6.28318530718),
  .PIECEWISE_BEZIER_KNOTS.);
#14850 = CARTESIAN_POINT('',(1.570796326795,3.6));
#14851 = CARTESIAN_POINT('',(0.,3.6));
#14852 = ( GEOMETRIC_REPRESENTATION_CONTEXT(2) 
PARAMETRIC_REPRESENTATION_CONTEXT() REPRESENTATION_CONTEXT('2D SPACE',''
  ) );
#14853 = PCURVE('',#14854,#14859);
#14854 = SPHERICAL_SURFACE('',#14855,1.);
#14855 = AXIS2_PLACEMENT_3D('',#14856,#14857,#14858);
#14856 = CARTESIAN_POINT('',(79.4,-25.4,-73.));
#14857 = DIRECTION('',(0.,0.,1.));
#14858 = DIRECTION('',(1.,0.,-0.));
#14859 = DEFINITIONAL_REPRESENTATION('',(#14860),#14863);
#14860 = B_SPLINE_CURVE_WITH_KNOTS('',1,(#14861,#14862),.UNSPECIFIED.,
  .F.,.F.,(2,2),(4.712388980385,6.28318530718),
  .PIECEWISE_BEZIER_KNOTS.);
#14861 = CARTESIAN_POINT('',(0.,-1.570796326795));
#14862 = CARTESIAN_POINT('',(0.,0.));
#14863 = ( GEOMETRIC_REPRESENTATION_CONTEXT(2) 
PARAMETRIC_REPRESENTATION_CONTEXT() REPRESENTATION_CONTEXT('2D SPACE',''
  ) );
#14864 = ORIENTED_EDGE('',*,*,#14486,.F.);
#14865 = ADVANCED_FACE('',(#14866),#14854,.T.);
#14866 = FACE_BOUND('',#14867,.T.);
#14867 = EDGE_LOOP('',(#14868,#14869,#14889));
#14868 = ORIENTED_EDGE('',*,*,#14840,.F.);
#14869 = ORIENTED_EDGE('',*,*,#14870,.T.);
#14870 = EDGE_CURVE('',#14813,#316,#14871,.T.);
#14871 = SURFACE_CURVE('',#14872,(#14877,#14883),.PCURVE_S1.);
#14872 = CIRCLE('',#14873,1.);
#14873 = AXIS2_PLACEMENT_3D('',#14874,#14875,#14876);
#14874 = CARTESIAN_POINT('',(79.4,-25.4,-73.));
#14875 = DIRECTION('',(1.,-6.123233995737E-17,0.));
#14876 = DIRECTION('',(6.123233995737E-17,1.,0.));
#14877 = PCURVE('',#14854,#14878);
#14878 = DEFINITIONAL_REPRESENTATION('',(#14879),#14882);
#14879 = B_SPLINE_CURVE_WITH_KNOTS('',1,(#14880,#14881),.UNSPECIFIED.,
  .F.,.F.,(2,2),(4.712388980385,6.28318530718),
  .PIECEWISE_BEZIER_KNOTS.);
#14880 = CARTESIAN_POINT('',(1.570796326795,-1.570796326795));
#14881 = CARTESIAN_POINT('',(1.570796326795,0.));
#14882 = ( GEOMETRIC_REPRESENTATION_CONTEXT(2) 
PARAMETRIC_REPRESENTATION_CONTEXT() REPRESENTATION_CONTEXT('2D SPACE',''
  ) );
#14883 = PCURVE('',#331,#14884);
#14884 = DEFINITIONAL_REPRESENTATION('',(#14885),#14888);
#14885 = B_SPLINE_CURVE_WITH_KNOTS('',1,(#14886,#14887),.UNSPECIFIED.,
  .F.,.F.,(2,2),(4.712388980385,6.28318530718),
  .PIECEWISE_BEZIER_KNOTS.);
#14886 = CARTESIAN_POINT('',(-1.570796326795,79.3));
#14887 = CARTESIAN_POINT('',(0.,79.3));
#14888 = ( GEOMETRIC_REPRESENTATION_CONTEXT(2) 
PARAMETRIC_REPRESENTATION_CONTEXT() REPRESENTATION_CONTEXT('2D SPACE',''
  ) );
#14889 = ORIENTED_EDGE('',*,*,#14890,.F.);
#14890 = EDGE_CURVE('',#14487,#316,#14891,.T.);
#14891 = SURFACE_CURVE('',#14892,(#14897,#14904),.PCURVE_S1.);
#14892 = CIRCLE('',#14893,1.);
#14893 = AXIS2_PLACEMENT_3D('',#14894,#14895,#14896);
#14894 = CARTESIAN_POINT('',(79.4,-25.4,-73.));
#14895 = DIRECTION('',(0.,0.,1.));
#14896 = DIRECTION('',(1.,0.,-0.));
#14897 = PCURVE('',#14854,#14898);
#14898 = DEFINITIONAL_REPRESENTATION('',(#14899),#14903);
#14899 = LINE('',#14900,#14901);
#14900 = CARTESIAN_POINT('',(0.,0.));
#14901 = VECTOR('',#14902,1.);
#14902 = DIRECTION('',(1.,0.));
#14903 = ( GEOMETRIC_REPRESENTATION_CONTEXT(2) 
PARAMETRIC_REPRESENTATION_CONTEXT() REPRESENTATION_CONTEXT('2D SPACE',''
  ) );
#14904 = PCURVE('',#716,#14905);
#14905 = DEFINITIONAL_REPRESENTATION('',(#14906),#14910);
#14906 = LINE('',#14907,#14908);
#14907 = CARTESIAN_POINT('',(0.,1.));
#14908 = VECTOR('',#14909,1.);
#14909 = DIRECTION('',(1.,0.));
#14910 = ( GEOMETRIC_REPRESENTATION_CONTEXT(2) 
PARAMETRIC_REPRESENTATION_CONTEXT() REPRESENTATION_CONTEXT('2D SPACE',''
  ) );
#14911 = ADVANCED_FACE('',(#14912),#14828,.F.);
#14912 = FACE_BOUND('',#14913,.F.);
#14913 = EDGE_LOOP('',(#14914,#14944,#14965,#14966));
#14914 = ORIENTED_EDGE('',*,*,#14915,.F.);
#14915 = EDGE_CURVE('',#14916,#14918,#14920,.T.);
#14916 = VERTEX_POINT('',#14917);
#14917 = CARTESIAN_POINT('',(1.1,-28.,-74.));
#14918 = VERTEX_POINT('',#14919);
#14919 = CARTESIAN_POINT('',(1.1,-25.4,-74.));
#14920 = SURFACE_CURVE('',#14921,(#14925,#14932),.PCURVE_S1.);
#14921 = LINE('',#14922,#14923);
#14922 = CARTESIAN_POINT('',(1.1,-29.,-74.));
#14923 = VECTOR('',#14924,1.);
#14924 = DIRECTION('',(0.,1.,0.));
#14925 = PCURVE('',#14828,#14926);
#14926 = DEFINITIONAL_REPRESENTATION('',(#14927),#14931);
#14927 = LINE('',#14928,#14929);
#14928 = CARTESIAN_POINT('',(1.,0.));
#14929 = VECTOR('',#14930,1.);
#14930 = DIRECTION('',(0.,1.));
#14931 = ( GEOMETRIC_REPRESENTATION_CONTEXT(2) 
PARAMETRIC_REPRESENTATION_CONTEXT() REPRESENTATION_CONTEXT('2D SPACE',''
  ) );
#14932 = PCURVE('',#14933,#14938);
#14933 = CYLINDRICAL_SURFACE('',#14934,1.);
#14934 = AXIS2_PLACEMENT_3D('',#14935,#14936,#14937);
#14935 = CARTESIAN_POINT('',(1.1,-29.,-73.));
#14936 = DIRECTION('',(0.,1.,0.));
#14937 = DIRECTION('',(-1.,0.,0.));
#14938 = DEFINITIONAL_REPRESENTATION('',(#14939),#14943);
#14939 = LINE('',#14940,#14941);
#14940 = CARTESIAN_POINT('',(-1.570796326795,0.));
#14941 = VECTOR('',#14942,1.);
#14942 = DIRECTION('',(-0.,1.));
#14943 = ( GEOMETRIC_REPRESENTATION_CONTEXT(2) 
PARAMETRIC_REPRESENTATION_CONTEXT() REPRESENTATION_CONTEXT('2D SPACE',''
  ) );
#14944 = ORIENTED_EDGE('',*,*,#14945,.T.);
#14945 = EDGE_CURVE('',#14916,#14786,#14946,.T.);
#14946 = SURFACE_CURVE('',#14947,(#14951,#14958),.PCURVE_S1.);
#14947 = LINE('',#14948,#14949);
#14948 = CARTESIAN_POINT('',(0.1,-28.,-74.));
#14949 = VECTOR('',#14950,1.);
#14950 = DIRECTION('',(1.,0.,0.));
#14951 = PCURVE('',#14828,#14952);
#14952 = DEFINITIONAL_REPRESENTATION('',(#14953),#14957);
#14953 = LINE('',#14954,#14955);
#14954 = CARTESIAN_POINT('',(0.,1.));
#14955 = VECTOR('',#14956,1.);
#14956 = DIRECTION('',(1.,0.));
#14957 = ( GEOMETRIC_REPRESENTATION_CONTEXT(2) 
PARAMETRIC_REPRESENTATION_CONTEXT() REPRESENTATION_CONTEXT('2D SPACE',''
  ) );
#14958 = PCURVE('',#100,#14959);
#14959 = DEFINITIONAL_REPRESENTATION('',(#14960),#14964);
#14960 = LINE('',#14961,#14962);
#14961 = CARTESIAN_POINT('',(1.570796326795,0.));
#14962 = VECTOR('',#14963,1.);
#14963 = DIRECTION('',(0.,1.));
#14964 = ( GEOMETRIC_REPRESENTATION_CONTEXT(2) 
PARAMETRIC_REPRESENTATION_CONTEXT() REPRESENTATION_CONTEXT('2D SPACE',''
  ) );
#14965 = ORIENTED_EDGE('',*,*,#14812,.T.);
#14966 = ORIENTED_EDGE('',*,*,#14967,.F.);
#14967 = EDGE_CURVE('',#14918,#14813,#14968,.T.);
#14968 = SURFACE_CURVE('',#14969,(#14973,#14980),.PCURVE_S1.);
#14969 = LINE('',#14970,#14971);
#14970 = CARTESIAN_POINT('',(0.1,-25.4,-74.));
#14971 = VECTOR('',#14972,1.);
#14972 = DIRECTION('',(1.,0.,0.));
#14973 = PCURVE('',#14828,#14974);
#14974 = DEFINITIONAL_REPRESENTATION('',(#14975),#14979);
#14975 = LINE('',#14976,#14977);
#14976 = CARTESIAN_POINT('',(0.,3.6));
#14977 = VECTOR('',#14978,1.);
#14978 = DIRECTION('',(1.,0.));
#14979 = ( GEOMETRIC_REPRESENTATION_CONTEXT(2) 
PARAMETRIC_REPRESENTATION_CONTEXT() REPRESENTATION_CONTEXT('2D SPACE',''
  ) );
#14980 = PCURVE('',#331,#14981);
#14981 = DEFINITIONAL_REPRESENTATION('',(#14982),#14986);
#14982 = LINE('',#14983,#14984);
#14983 = CARTESIAN_POINT('',(-1.570796326795,0.));
#14984 = VECTOR('',#14985,1.);
#14985 = DIRECTION('',(-0.,1.));
#14986 = ( GEOMETRIC_REPRESENTATION_CONTEXT(2) 
PARAMETRIC_REPRESENTATION_CONTEXT() REPRESENTATION_CONTEXT('2D SPACE',''
  ) );
#14987 = ADVANCED_FACE('',(#14988),#14933,.T.);
#14988 = FACE_BOUND('',#14989,.F.);
#14989 = EDGE_LOOP('',(#14990,#15017,#15018,#15038));
#14990 = ORIENTED_EDGE('',*,*,#14991,.F.);
#14991 = EDGE_CURVE('',#14916,#14992,#14994,.T.);
#14992 = VERTEX_POINT('',#14993);
#14993 = CARTESIAN_POINT('',(1.E-01,-28.,-73.));
#14994 = SURFACE_CURVE('',#14995,(#15000,#15006),.PCURVE_S1.);
#14995 = CIRCLE('',#14996,1.);
#14996 = AXIS2_PLACEMENT_3D('',#14997,#14998,#14999);
#14997 = CARTESIAN_POINT('',(1.1,-28.,-73.));
#14998 = DIRECTION('',(0.,1.,-0.));
#14999 = DIRECTION('',(-1.,0.,0.));
#15000 = PCURVE('',#14933,#15001);
#15001 = DEFINITIONAL_REPRESENTATION('',(#15002),#15005);
#15002 = B_SPLINE_CURVE_WITH_KNOTS('',1,(#15003,#15004),.UNSPECIFIED.,
  .F.,.F.,(2,2),(4.712388980385,6.28318530718),
  .PIECEWISE_BEZIER_KNOTS.);
#15003 = CARTESIAN_POINT('',(-1.570796326795,1.));
#15004 = CARTESIAN_POINT('',(0.,1.));
#15005 = ( GEOMETRIC_REPRESENTATION_CONTEXT(2) 
PARAMETRIC_REPRESENTATION_CONTEXT() REPRESENTATION_CONTEXT('2D SPACE',''
  ) );
#15006 = PCURVE('',#15007,#15012);
#15007 = SPHERICAL_SURFACE('',#15008,1.);
#15008 = AXIS2_PLACEMENT_3D('',#15009,#15010,#15011);
#15009 = CARTESIAN_POINT('',(1.1,-28.,-73.));
#15010 = DIRECTION('',(0.,0.,1.));
#15011 = DIRECTION('',(-1.,0.,0.));
#15012 = DEFINITIONAL_REPRESENTATION('',(#15013),#15016);
#15013 = B_SPLINE_CURVE_WITH_KNOTS('',1,(#15014,#15015),.UNSPECIFIED.,
  .F.,.F.,(2,2),(4.712388980385,6.28318530718),
  .PIECEWISE_BEZIER_KNOTS.);
#15014 = CARTESIAN_POINT('',(0.,-1.570796326795));
#15015 = CARTESIAN_POINT('',(0.,0.));
#15016 = ( GEOMETRIC_REPRESENTATION_CONTEXT(2) 
PARAMETRIC_REPRESENTATION_CONTEXT() REPRESENTATION_CONTEXT('2D SPACE',''
  ) );
#15017 = ORIENTED_EDGE('',*,*,#14915,.T.);
#15018 = ORIENTED_EDGE('',*,*,#15019,.T.);
#15019 = EDGE_CURVE('',#14918,#816,#15020,.T.);
#15020 = SURFACE_CURVE('',#15021,(#15026,#15032),.PCURVE_S1.);
#15021 = CIRCLE('',#15022,1.);
#15022 = AXIS2_PLACEMENT_3D('',#15023,#15024,#15025);
#15023 = CARTESIAN_POINT('',(1.1,-25.4,-73.));
#15024 = DIRECTION('',(0.,1.,-0.));
#15025 = DIRECTION('',(-1.,0.,0.));
#15026 = PCURVE('',#14933,#15027);
#15027 = DEFINITIONAL_REPRESENTATION('',(#15028),#15031);
#15028 = B_SPLINE_CURVE_WITH_KNOTS('',1,(#15029,#15030),.UNSPECIFIED.,
  .F.,.F.,(2,2),(4.712388980385,6.28318530718),
  .PIECEWISE_BEZIER_KNOTS.);
#15029 = CARTESIAN_POINT('',(-1.570796326795,3.6));
#15030 = CARTESIAN_POINT('',(0.,3.6));
#15031 = ( GEOMETRIC_REPRESENTATION_CONTEXT(2) 
PARAMETRIC_REPRESENTATION_CONTEXT() REPRESENTATION_CONTEXT('2D SPACE',''
  ) );
#15032 = PCURVE('',#860,#15033);
#15033 = DEFINITIONAL_REPRESENTATION('',(#15034),#15037);
#15034 = B_SPLINE_CURVE_WITH_KNOTS('',1,(#15035,#15036),.UNSPECIFIED.,
  .F.,.F.,(2,2),(4.712388980385,6.28318530718),
  .PIECEWISE_BEZIER_KNOTS.);
#15035 = CARTESIAN_POINT('',(0.,-1.570796326795));
#15036 = CARTESIAN_POINT('',(0.,0.));
#15037 = ( GEOMETRIC_REPRESENTATION_CONTEXT(2) 
PARAMETRIC_REPRESENTATION_CONTEXT() REPRESENTATION_CONTEXT('2D SPACE',''
  ) );
#15038 = ORIENTED_EDGE('',*,*,#15039,.F.);
#15039 = EDGE_CURVE('',#14992,#816,#15040,.T.);
#15040 = SURFACE_CURVE('',#15041,(#15045,#15052),.PCURVE_S1.);
#15041 = LINE('',#15042,#15043);
#15042 = CARTESIAN_POINT('',(1.E-01,-29.,-73.));
#15043 = VECTOR('',#15044,1.);
#15044 = DIRECTION('',(0.,1.,0.));
#15045 = PCURVE('',#14933,#15046);
#15046 = DEFINITIONAL_REPRESENTATION('',(#15047),#15051);
#15047 = LINE('',#15048,#15049);
#15048 = CARTESIAN_POINT('',(-0.,0.));
#15049 = VECTOR('',#15050,1.);
#15050 = DIRECTION('',(-0.,1.));
#15051 = ( GEOMETRIC_REPRESENTATION_CONTEXT(2) 
PARAMETRIC_REPRESENTATION_CONTEXT() REPRESENTATION_CONTEXT('2D SPACE',''
  ) );
#15052 = PCURVE('',#833,#15053);
#15053 = DEFINITIONAL_REPRESENTATION('',(#15054),#15058);
#15054 = LINE('',#15055,#15056);
#15055 = CARTESIAN_POINT('',(1.,0.));
#15056 = VECTOR('',#15057,1.);
#15057 = DIRECTION('',(0.,-1.));
#15058 = ( GEOMETRIC_REPRESENTATION_CONTEXT(2) 
PARAMETRIC_REPRESENTATION_CONTEXT() REPRESENTATION_CONTEXT('2D SPACE',''
  ) );
#15059 = ADVANCED_FACE('',(#15060),#15007,.T.);
#15060 = FACE_BOUND('',#15061,.T.);
#15061 = EDGE_LOOP('',(#15062,#15063,#15083));
#15062 = ORIENTED_EDGE('',*,*,#14991,.F.);
#15063 = ORIENTED_EDGE('',*,*,#15064,.T.);
#15064 = EDGE_CURVE('',#14916,#85,#15065,.T.);
#15065 = SURFACE_CURVE('',#15066,(#15071,#15077),.PCURVE_S1.);
#15066 = CIRCLE('',#15067,1.);
#15067 = AXIS2_PLACEMENT_3D('',#15068,#15069,#15070);
#15068 = CARTESIAN_POINT('',(1.1,-28.,-73.));
#15069 = DIRECTION('',(-1.,6.123233995737E-17,0.));
#15070 = DIRECTION('',(-6.123233995737E-17,-1.,0.));
#15071 = PCURVE('',#15007,#15072);
#15072 = DEFINITIONAL_REPRESENTATION('',(#15073),#15076);
#15073 = B_SPLINE_CURVE_WITH_KNOTS('',1,(#15074,#15075),.UNSPECIFIED.,
  .F.,.F.,(2,2),(4.712388980385,6.28318530718),
  .PIECEWISE_BEZIER_KNOTS.);
#15074 = CARTESIAN_POINT('',(1.570796326795,-1.570796326795));
#15075 = CARTESIAN_POINT('',(1.570796326795,0.));
#15076 = ( GEOMETRIC_REPRESENTATION_CONTEXT(2) 
PARAMETRIC_REPRESENTATION_CONTEXT() REPRESENTATION_CONTEXT('2D SPACE',''
  ) );
#15077 = PCURVE('',#100,#15078);
#15078 = DEFINITIONAL_REPRESENTATION('',(#15079),#15082);
#15079 = B_SPLINE_CURVE_WITH_KNOTS('',1,(#15080,#15081),.UNSPECIFIED.,
  .F.,.F.,(2,2),(4.712388980385,6.28318530718),
  .PIECEWISE_BEZIER_KNOTS.);
#15080 = CARTESIAN_POINT('',(1.570796326795,1.));
#15081 = CARTESIAN_POINT('',(0.,1.));
#15082 = ( GEOMETRIC_REPRESENTATION_CONTEXT(2) 
PARAMETRIC_REPRESENTATION_CONTEXT() REPRESENTATION_CONTEXT('2D SPACE',''
  ) );
#15083 = ORIENTED_EDGE('',*,*,#15084,.F.);
#15084 = EDGE_CURVE('',#14992,#85,#15085,.T.);
#15085 = SURFACE_CURVE('',#15086,(#15091,#15098),.PCURVE_S1.);
#15086 = CIRCLE('',#15087,1.);
#15087 = AXIS2_PLACEMENT_3D('',#15088,#15089,#15090);
#15088 = CARTESIAN_POINT('',(1.1,-28.,-73.));
#15089 = DIRECTION('',(0.,0.,1.));
#15090 = DIRECTION('',(-1.,0.,0.));
#15091 = PCURVE('',#15007,#15092);
#15092 = DEFINITIONAL_REPRESENTATION('',(#15093),#15097);
#15093 = LINE('',#15094,#15095);
#15094 = CARTESIAN_POINT('',(0.,0.));
#15095 = VECTOR('',#15096,1.);
#15096 = DIRECTION('',(1.,0.));
#15097 = ( GEOMETRIC_REPRESENTATION_CONTEXT(2) 
PARAMETRIC_REPRESENTATION_CONTEXT() REPRESENTATION_CONTEXT('2D SPACE',''
  ) );
#15098 = PCURVE('',#126,#15099);
#15099 = DEFINITIONAL_REPRESENTATION('',(#15100),#15104);
#15100 = LINE('',#15101,#15102);
#15101 = CARTESIAN_POINT('',(0.,1.));
#15102 = VECTOR('',#15103,1.);
#15103 = DIRECTION('',(1.,0.));
#15104 = ( GEOMETRIC_REPRESENTATION_CONTEXT(2) 
PARAMETRIC_REPRESENTATION_CONTEXT() REPRESENTATION_CONTEXT('2D SPACE',''
  ) );
#15105 = ADVANCED_FACE('',(#15106),#14801,.T.);
#15106 = FACE_BOUND('',#15107,.F.);
#15107 = EDGE_LOOP('',(#15108,#15109,#15129));
#15108 = ORIENTED_EDGE('',*,*,#14785,.F.);
#15109 = ORIENTED_EDGE('',*,*,#15110,.T.);
#15110 = EDGE_CURVE('',#14786,#57,#15111,.T.);
#15111 = SURFACE_CURVE('',#15112,(#15117,#15123),.PCURVE_S1.);
#15112 = CIRCLE('',#15113,1.);
#15113 = AXIS2_PLACEMENT_3D('',#15114,#15115,#15116);
#15114 = CARTESIAN_POINT('',(79.4,-28.,-73.));
#15115 = DIRECTION('',(-1.,-6.123233995737E-17,0.));
#15116 = DIRECTION('',(6.123233995737E-17,-1.,-0.));
#15117 = PCURVE('',#14801,#15118);
#15118 = DEFINITIONAL_REPRESENTATION('',(#15119),#15122);
#15119 = B_SPLINE_CURVE_WITH_KNOTS('',1,(#15120,#15121),.UNSPECIFIED.,
  .F.,.F.,(2,2),(4.712388980385,6.28318530718),
  .PIECEWISE_BEZIER_KNOTS.);
#15120 = CARTESIAN_POINT('',(-1.570796326795,-1.570796326795));
#15121 = CARTESIAN_POINT('',(-1.570796326795,0.));
#15122 = ( GEOMETRIC_REPRESENTATION_CONTEXT(2) 
PARAMETRIC_REPRESENTATION_CONTEXT() REPRESENTATION_CONTEXT('2D SPACE',''
  ) );
#15123 = PCURVE('',#100,#15124);
#15124 = DEFINITIONAL_REPRESENTATION('',(#15125),#15128);
#15125 = B_SPLINE_CURVE_WITH_KNOTS('',1,(#15126,#15127),.UNSPECIFIED.,
  .F.,.F.,(2,2),(4.712388980385,6.28318530718),
  .PIECEWISE_BEZIER_KNOTS.);
#15126 = CARTESIAN_POINT('',(1.570796326795,79.3));
#15127 = CARTESIAN_POINT('',(0.,79.3));
#15128 = ( GEOMETRIC_REPRESENTATION_CONTEXT(2) 
PARAMETRIC_REPRESENTATION_CONTEXT() REPRESENTATION_CONTEXT('2D SPACE',''
  ) );
#15129 = ORIENTED_EDGE('',*,*,#15130,.F.);
#15130 = EDGE_CURVE('',#14462,#57,#15131,.T.);
#15131 = SURFACE_CURVE('',#15132,(#15137,#15144),.PCURVE_S1.);
#15132 = CIRCLE('',#15133,1.);
#15133 = AXIS2_PLACEMENT_3D('',#15134,#15135,#15136);
#15134 = CARTESIAN_POINT('',(79.4,-28.,-73.));
#15135 = DIRECTION('',(0.,-0.,-1.));
#15136 = DIRECTION('',(1.,0.,-0.));
#15137 = PCURVE('',#14801,#15138);
#15138 = DEFINITIONAL_REPRESENTATION('',(#15139),#15143);
#15139 = LINE('',#15140,#15141);
#15140 = CARTESIAN_POINT('',(-0.,0.));
#15141 = VECTOR('',#15142,1.);
#15142 = DIRECTION('',(-1.,0.));
#15143 = ( GEOMETRIC_REPRESENTATION_CONTEXT(2) 
PARAMETRIC_REPRESENTATION_CONTEXT() REPRESENTATION_CONTEXT('2D SPACE',''
  ) );
#15144 = PCURVE('',#72,#15145);
#15145 = DEFINITIONAL_REPRESENTATION('',(#15146),#15150);
#15146 = LINE('',#15147,#15148);
#15147 = CARTESIAN_POINT('',(-0.,-68.));
#15148 = VECTOR('',#15149,1.);
#15149 = DIRECTION('',(-1.,0.));
#15150 = ( GEOMETRIC_REPRESENTATION_CONTEXT(2) 
PARAMETRIC_REPRESENTATION_CONTEXT() REPRESENTATION_CONTEXT('2D SPACE',''
  ) );
#15151 = ADVANCED_FACE('',(#15152),#1080,.T.);
#15152 = FACE_BOUND('',#15153,.T.);
#15153 = EDGE_LOOP('',(#15154,#15155,#15156));
#15154 = ORIENTED_EDGE('',*,*,#14546,.F.);
#15155 = ORIENTED_EDGE('',*,*,#1064,.F.);
#15156 = ORIENTED_EDGE('',*,*,#15157,.F.);
#15157 = EDGE_CURVE('',#14547,#1037,#15158,.T.);
#15158 = SURFACE_CURVE('',#15159,(#15182,#15208),.PCURVE_S1.);
#15159 = B_SPLINE_CURVE_WITH_KNOTS('',6,(#15160,#15161,#15162,#15163,
    #15164,#15165,#15166,#15167,#15168,#15169,#15170,#15171,#15172,
    #15173,#15174,#15175,#15176,#15177,#15178,#15179,#15180,#15181),
  .UNSPECIFIED.,.F.,.F.,(7,5,5,5,7),(0.,0.226278430923,0.483667517898,
    0.647250676975,1.),.UNSPECIFIED.);
#15160 = CARTESIAN_POINT('',(80.4,-6.,2.5));
#15161 = CARTESIAN_POINT('',(80.4,-5.973310170323,2.564055591226));
#15162 = CARTESIAN_POINT('',(80.395075946976,-5.945832238566,
    2.627691659776));
#15163 = CARTESIAN_POINT('',(80.38535024716,-5.917786388753,
    2.690388069457));
#15164 = CARTESIAN_POINT('',(80.371024377566,-5.889434541448,
    2.751654140642));
#15165 = CARTESIAN_POINT('',(80.352379401802,-5.861068425042,
    2.811036103745));
#15166 = CARTESIAN_POINT('',(80.304065931567,-5.801067463086,
    2.933062000276));
#15167 = CARTESIAN_POINT('',(80.273214875382,-5.769494793487,
    2.995081439732));
#15168 = CARTESIAN_POINT('',(80.23765625689,-5.738626461749,
    3.053792956306));
#15169 = CARTESIAN_POINT('',(80.197825420803,-5.708815262522,
    3.108872839301));
#15170 = CARTESIAN_POINT('',(80.154161163774,-5.680404511255,
    3.160052398599));
#15171 = CARTESIAN_POINT('',(80.077201455197,-5.636748595048,
    3.237012107176));
#15172 = CARTESIAN_POINT('',(80.045914974463,-5.620472105239,
    3.265263126685));
#15173 = CARTESIAN_POINT('',(80.01335303256,-5.604962251603,
    3.291806178091));
#15174 = CARTESIAN_POINT('',(79.979619261105,-5.590294263788,
    3.316594175819));
#15175 = CARTESIAN_POINT('',(79.944815391348,-5.576538403448,
    3.339585356812));
#15176 = CARTESIAN_POINT('',(79.831898721202,-5.536201268546,
    3.406364089383));
#15177 = CARTESIAN_POINT('',(79.75016836305,-5.513156431903,
    3.443500858309));
#15178 = CARTESIAN_POINT('',(79.664982936452,-5.495337011706,
    3.471657138511));
#15179 = CARTESIAN_POINT('',(79.577478058739,-5.483268983973,
    3.490542506862));
#15180 = CARTESIAN_POINT('',(79.488776762598,-5.477225578433,
    3.499999994708));
#15181 = CARTESIAN_POINT('',(79.400000059605,-5.477225575052,3.5));
#15182 = PCURVE('',#1080,#15183);
#15183 = DEFINITIONAL_REPRESENTATION('',(#15184),#15207);
#15184 = B_SPLINE_CURVE_WITH_KNOTS('',6,(#15185,#15186,#15187,#15188,
    #15189,#15190,#15191,#15192,#15193,#15194,#15195,#15196,#15197,
    #15198,#15199,#15200,#15201,#15202,#15203,#15204,#15205,#15206),
  .UNSPECIFIED.,.F.,.F.,(7,5,5,5,7),(0.,0.226278430923,0.483667517898,
    0.647250676975,1.),.UNSPECIFIED.);
#15185 = CARTESIAN_POINT('',(1.176005207095,5.6));
#15186 = CARTESIAN_POINT('',(1.165329275224,5.6));
#15187 = CARTESIAN_POINT('',(1.154666292898,5.595075946976));
#15188 = CARTESIAN_POINT('',(1.144100938224,5.58535024716));
#15189 = CARTESIAN_POINT('',(1.133716272462,5.571024377566));
#15190 = CARTESIAN_POINT('',(1.12359242344,5.552379401802));
#15191 = CARTESIAN_POINT('',(1.102672494457,5.504065931567));
#15192 = CARTESIAN_POINT('',(1.091966858499,5.473214875382));
#15193 = CARTESIAN_POINT('',(1.08176319815,5.43765625689));
#15194 = CARTESIAN_POINT('',(1.07212873357,5.397825420803));
#15195 = CARTESIAN_POINT('',(1.06312349596,5.354161163774));
#15196 = CARTESIAN_POINT('',(1.049511253155,5.277201455197));
#15197 = CARTESIAN_POINT('',(1.044495310595,5.245914974463));
#15198 = CARTESIAN_POINT('',(1.0397658471,5.21335303256));
#15199 = CARTESIAN_POINT('',(1.035334748466,5.179619261105));
#15200 = CARTESIAN_POINT('',(1.031212918947,5.144815391348));
#15201 = CARTESIAN_POINT('',(1.019210469911,5.031898721202));
#15202 = CARTESIAN_POINT('',(1.01248697721,4.95016836305));
#15203 = CARTESIAN_POINT('',(1.007360723126,4.864982936452));
#15204 = CARTESIAN_POINT('',(1.003912714707,4.777478058739));
#15205 = CARTESIAN_POINT('',(1.002186027497,4.688776762598));
#15206 = CARTESIAN_POINT('',(1.002186026531,4.600000059605));
#15207 = ( GEOMETRIC_REPRESENTATION_CONTEXT(2) 
PARAMETRIC_REPRESENTATION_CONTEXT() REPRESENTATION_CONTEXT('2D SPACE',''
  ) );
#15208 = PCURVE('',#1052,#15209);
#15209 = DEFINITIONAL_REPRESENTATION('',(#15210),#15233);
#15210 = B_SPLINE_CURVE_WITH_KNOTS('',6,(#15211,#15212,#15213,#15214,
    #15215,#15216,#15217,#15218,#15219,#15220,#15221,#15222,#15223,
    #15224,#15225,#15226,#15227,#15228,#15229,#15230,#15231,#15232),
  .UNSPECIFIED.,.F.,.F.,(7,5,5,5,7),(0.,0.226278430923,0.483667517898,
    0.647250676975,1.),.UNSPECIFIED.);
#15211 = CARTESIAN_POINT('',(0.,23.));
#15212 = CARTESIAN_POINT('',(-6.405559122576E-02,23.026689829677));
#15213 = CARTESIAN_POINT('',(-0.127691794233,23.054167761434));
#15214 = CARTESIAN_POINT('',(-0.190860983467,23.082213611247));
#15215 = CARTESIAN_POINT('',(-0.25351538539,23.110565458552));
#15216 = CARTESIAN_POINT('',(-0.315590932681,23.138931574958));
#15217 = CARTESIAN_POINT('',(-0.446833116564,23.198932536914));
#15218 = CARTESIAN_POINT('',(-0.515854525957,23.230505206513));
#15219 = CARTESIAN_POINT('',(-0.584145906114,23.261373538251));
#15220 = CARTESIAN_POINT('',(-0.651788596981,23.291184737478));
#15221 = CARTESIAN_POINT('',(-0.718853217373,23.319595488745));
#15222 = CARTESIAN_POINT('',(-0.827690680999,23.363251404952));
#15223 = CARTESIAN_POINT('',(-0.869790049384,23.379527894761));
#15224 = CARTESIAN_POINT('',(-0.91171976002,23.395037748397));
#15225 = CARTESIAN_POINT('',(-0.953503169798,23.409705736212));
#15226 = CARTESIAN_POINT('',(-0.995163790068,23.423461596552));
#15227 = CARTESIAN_POINT('',(-1.126349054182,23.463798731454));
#15228 = CARTESIAN_POINT('',(-1.215601869318,23.486843568097));
#15229 = CARTESIAN_POINT('',(-1.304553547063,23.504662988294));
#15230 = CARTESIAN_POINT('',(-1.393318384917,23.516731016027));
#15231 = CARTESIAN_POINT('',(-1.482019564197,23.522774421567));
#15232 = CARTESIAN_POINT('',(-1.57079626719,23.522774424948));
#15233 = ( GEOMETRIC_REPRESENTATION_CONTEXT(2) 
PARAMETRIC_REPRESENTATION_CONTEXT() REPRESENTATION_CONTEXT('2D SPACE',''
  ) );
#15234 = ADVANCED_FACE('',(#15235),#1052,.T.);
#15235 = FACE_BOUND('',#15236,.F.);
#15236 = EDGE_LOOP('',(#15237,#15262,#15263,#15264));
#15237 = ORIENTED_EDGE('',*,*,#15238,.F.);
#15238 = EDGE_CURVE('',#1035,#14464,#15239,.T.);
#15239 = SURFACE_CURVE('',#15240,(#15245,#15251),.PCURVE_S1.);
#15240 = CIRCLE('',#15241,1.);
#15241 = AXIS2_PLACEMENT_3D('',#15242,#15243,#15244);
#15242 = CARTESIAN_POINT('',(79.4,-28.,2.5));
#15243 = DIRECTION('',(-0.,1.,0.));
#15244 = DIRECTION('',(1.,0.,0.));
#15245 = PCURVE('',#1052,#15246);
#15246 = DEFINITIONAL_REPRESENTATION('',(#15247),#15250);
#15247 = B_SPLINE_CURVE_WITH_KNOTS('',1,(#15248,#15249),.UNSPECIFIED.,
  .F.,.F.,(2,2),(4.712388980385,6.28318530718),
  .PIECEWISE_BEZIER_KNOTS.);
#15248 = CARTESIAN_POINT('',(-1.570796326795,1.));
#15249 = CARTESIAN_POINT('',(0.,1.));
#15250 = ( GEOMETRIC_REPRESENTATION_CONTEXT(2) 
PARAMETRIC_REPRESENTATION_CONTEXT() REPRESENTATION_CONTEXT('2D SPACE',''
  ) );
#15251 = PCURVE('',#15252,#15257);
#15252 = SPHERICAL_SURFACE('',#15253,1.);
#15253 = AXIS2_PLACEMENT_3D('',#15254,#15255,#15256);
#15254 = CARTESIAN_POINT('',(79.4,-28.,2.5));
#15255 = DIRECTION('',(-0.,-0.,-1.));
#15256 = DIRECTION('',(1.,0.,0.));
#15257 = DEFINITIONAL_REPRESENTATION('',(#15258),#15261);
#15258 = B_SPLINE_CURVE_WITH_KNOTS('',1,(#15259,#15260),.UNSPECIFIED.,
  .F.,.F.,(2,2),(4.712388980385,6.28318530718),
  .PIECEWISE_BEZIER_KNOTS.);
#15259 = CARTESIAN_POINT('',(0.,-1.570796326795));
#15260 = CARTESIAN_POINT('',(0.,0.));
#15261 = ( GEOMETRIC_REPRESENTATION_CONTEXT(2) 
PARAMETRIC_REPRESENTATION_CONTEXT() REPRESENTATION_CONTEXT('2D SPACE',''
  ) );
#15262 = ORIENTED_EDGE('',*,*,#1034,.T.);
#15263 = ORIENTED_EDGE('',*,*,#15157,.F.);
#15264 = ORIENTED_EDGE('',*,*,#14570,.T.);
#15265 = ADVANCED_FACE('',(#15266),#15252,.T.);
#15266 = FACE_BOUND('',#15267,.T.);
#15267 = EDGE_LOOP('',(#15268,#15269,#15289));
#15268 = ORIENTED_EDGE('',*,*,#15238,.F.);
#15269 = ORIENTED_EDGE('',*,*,#15270,.T.);
#15270 = EDGE_CURVE('',#1035,#22,#15271,.T.);
#15271 = SURFACE_CURVE('',#15272,(#15277,#15283),.PCURVE_S1.);
#15272 = CIRCLE('',#15273,1.);
#15273 = AXIS2_PLACEMENT_3D('',#15274,#15275,#15276);
#15274 = CARTESIAN_POINT('',(79.4,-28.,2.5));
#15275 = DIRECTION('',(1.,6.123233995737E-17,0.));
#15276 = DIRECTION('',(6.123233995737E-17,-1.,0.));
#15277 = PCURVE('',#15252,#15278);
#15278 = DEFINITIONAL_REPRESENTATION('',(#15279),#15282);
#15279 = B_SPLINE_CURVE_WITH_KNOTS('',1,(#15280,#15281),.UNSPECIFIED.,
  .F.,.F.,(2,2),(4.712388980385,6.28318530718),
  .PIECEWISE_BEZIER_KNOTS.);
#15280 = CARTESIAN_POINT('',(1.570796326795,-1.570796326795));
#15281 = CARTESIAN_POINT('',(1.570796326795,0.));
#15282 = ( GEOMETRIC_REPRESENTATION_CONTEXT(2) 
PARAMETRIC_REPRESENTATION_CONTEXT() REPRESENTATION_CONTEXT('2D SPACE',''
  ) );
#15283 = PCURVE('',#44,#15284);
#15284 = DEFINITIONAL_REPRESENTATION('',(#15285),#15288);
#15285 = B_SPLINE_CURVE_WITH_KNOTS('',1,(#15286,#15287),.UNSPECIFIED.,
  .F.,.F.,(2,2),(4.712388980385,6.28318530718),
  .PIECEWISE_BEZIER_KNOTS.);
#15286 = CARTESIAN_POINT('',(-1.570796326795,4.6));
#15287 = CARTESIAN_POINT('',(0.,4.6));
#15288 = ( GEOMETRIC_REPRESENTATION_CONTEXT(2) 
PARAMETRIC_REPRESENTATION_CONTEXT() REPRESENTATION_CONTEXT('2D SPACE',''
  ) );
#15289 = ORIENTED_EDGE('',*,*,#15290,.F.);
#15290 = EDGE_CURVE('',#14464,#22,#15291,.T.);
#15291 = SURFACE_CURVE('',#15292,(#15297,#15304),.PCURVE_S1.);
#15292 = CIRCLE('',#15293,1.);
#15293 = AXIS2_PLACEMENT_3D('',#15294,#15295,#15296);
#15294 = CARTESIAN_POINT('',(79.4,-28.,2.5));
#15295 = DIRECTION('',(0.,0.,-1.));
#15296 = DIRECTION('',(1.,0.,0.));
#15297 = PCURVE('',#15252,#15298);
#15298 = DEFINITIONAL_REPRESENTATION('',(#15299),#15303);
#15299 = LINE('',#15300,#15301);
#15300 = CARTESIAN_POINT('',(0.,0.));
#15301 = VECTOR('',#15302,1.);
#15302 = DIRECTION('',(1.,0.));
#15303 = ( GEOMETRIC_REPRESENTATION_CONTEXT(2) 
PARAMETRIC_REPRESENTATION_CONTEXT() REPRESENTATION_CONTEXT('2D SPACE',''
  ) );
#15304 = PCURVE('',#72,#15305);
#15305 = DEFINITIONAL_REPRESENTATION('',(#15306),#15310);
#15306 = LINE('',#15307,#15308);
#15307 = CARTESIAN_POINT('',(-0.,7.5));
#15308 = VECTOR('',#15309,1.);
#15309 = DIRECTION('',(-1.,0.));
#15310 = ( GEOMETRIC_REPRESENTATION_CONTEXT(2) 
PARAMETRIC_REPRESENTATION_CONTEXT() REPRESENTATION_CONTEXT('2D SPACE',''
  ) );
#15311 = ADVANCED_FACE('',(#15312),#972,.T.);
#15312 = FACE_BOUND('',#15313,.F.);
#15313 = EDGE_LOOP('',(#15314,#15315,#15335));
#15314 = ORIENTED_EDGE('',*,*,#954,.F.);
#15315 = ORIENTED_EDGE('',*,*,#15316,.T.);
#15316 = EDGE_CURVE('',#955,#24,#15317,.T.);
#15317 = SURFACE_CURVE('',#15318,(#15323,#15329),.PCURVE_S1.);
#15318 = CIRCLE('',#15319,1.);
#15319 = AXIS2_PLACEMENT_3D('',#15320,#15321,#15322);
#15320 = CARTESIAN_POINT('',(1.1,-28.,2.5));
#15321 = DIRECTION('',(1.,-6.123233995737E-17,0.));
#15322 = DIRECTION('',(-6.123233995737E-17,-1.,0.));
#15323 = PCURVE('',#972,#15324);
#15324 = DEFINITIONAL_REPRESENTATION('',(#15325),#15328);
#15325 = B_SPLINE_CURVE_WITH_KNOTS('',1,(#15326,#15327),.UNSPECIFIED.,
  .F.,.F.,(2,2),(4.712388980385,6.28318530718),
  .PIECEWISE_BEZIER_KNOTS.);
#15326 = CARTESIAN_POINT('',(-1.570796326795,-1.570796326795));
#15327 = CARTESIAN_POINT('',(-1.570796326795,0.));
#15328 = ( GEOMETRIC_REPRESENTATION_CONTEXT(2) 
PARAMETRIC_REPRESENTATION_CONTEXT() REPRESENTATION_CONTEXT('2D SPACE',''
  ) );
#15329 = PCURVE('',#44,#15330);
#15330 = DEFINITIONAL_REPRESENTATION('',(#15331),#15334);
#15331 = B_SPLINE_CURVE_WITH_KNOTS('',1,(#15332,#15333),.UNSPECIFIED.,
  .F.,.F.,(2,2),(4.712388980385,6.28318530718),
  .PIECEWISE_BEZIER_KNOTS.);
#15332 = CARTESIAN_POINT('',(-1.570796326795,-73.7));
#15333 = CARTESIAN_POINT('',(0.,-73.7));
#15334 = ( GEOMETRIC_REPRESENTATION_CONTEXT(2) 
PARAMETRIC_REPRESENTATION_CONTEXT() REPRESENTATION_CONTEXT('2D SPACE',''
  ) );
#15335 = ORIENTED_EDGE('',*,*,#15336,.F.);
#15336 = EDGE_CURVE('',#957,#24,#15337,.T.);
#15337 = SURFACE_CURVE('',#15338,(#15343,#15350),.PCURVE_S1.);
#15338 = CIRCLE('',#15339,1.);
#15339 = AXIS2_PLACEMENT_3D('',#15340,#15341,#15342);
#15340 = CARTESIAN_POINT('',(1.1,-28.,2.5));
#15341 = DIRECTION('',(0.,0.,1.));
#15342 = DIRECTION('',(-1.,0.,0.));
#15343 = PCURVE('',#972,#15344);
#15344 = DEFINITIONAL_REPRESENTATION('',(#15345),#15349);
#15345 = LINE('',#15346,#15347);
#15346 = CARTESIAN_POINT('',(-0.,0.));
#15347 = VECTOR('',#15348,1.);
#15348 = DIRECTION('',(-1.,0.));
#15349 = ( GEOMETRIC_REPRESENTATION_CONTEXT(2) 
PARAMETRIC_REPRESENTATION_CONTEXT() REPRESENTATION_CONTEXT('2D SPACE',''
  ) );
#15350 = PCURVE('',#126,#15351);
#15351 = DEFINITIONAL_REPRESENTATION('',(#15352),#15356);
#15352 = LINE('',#15353,#15354);
#15353 = CARTESIAN_POINT('',(0.,76.5));
#15354 = VECTOR('',#15355,1.);
#15355 = DIRECTION('',(1.,0.));
#15356 = ( GEOMETRIC_REPRESENTATION_CONTEXT(2) 
PARAMETRIC_REPRESENTATION_CONTEXT() REPRESENTATION_CONTEXT('2D SPACE',''
  ) );
#15357 = ADVANCED_FACE('',(#15358),#860,.T.);
#15358 = FACE_BOUND('',#15359,.F.);
#15359 = EDGE_LOOP('',(#15360,#15361,#15381));
#15360 = ORIENTED_EDGE('',*,*,#15019,.F.);
#15361 = ORIENTED_EDGE('',*,*,#15362,.T.);
#15362 = EDGE_CURVE('',#14918,#314,#15363,.T.);
#15363 = SURFACE_CURVE('',#15364,(#15369,#15375),.PCURVE_S1.);
#15364 = CIRCLE('',#15365,1.);
#15365 = AXIS2_PLACEMENT_3D('',#15366,#15367,#15368);
#15366 = CARTESIAN_POINT('',(1.1,-25.4,-73.));
#15367 = DIRECTION('',(1.,6.123233995737E-17,-0.));
#15368 = DIRECTION('',(-6.123233995737E-17,1.,0.));
#15369 = PCURVE('',#860,#15370);
#15370 = DEFINITIONAL_REPRESENTATION('',(#15371),#15374);
#15371 = B_SPLINE_CURVE_WITH_KNOTS('',1,(#15372,#15373),.UNSPECIFIED.,
  .F.,.F.,(2,2),(4.712388980385,6.28318530718),
  .PIECEWISE_BEZIER_KNOTS.);
#15372 = CARTESIAN_POINT('',(-1.570796326795,-1.570796326795));
#15373 = CARTESIAN_POINT('',(-1.570796326795,0.));
#15374 = ( GEOMETRIC_REPRESENTATION_CONTEXT(2) 
PARAMETRIC_REPRESENTATION_CONTEXT() REPRESENTATION_CONTEXT('2D SPACE',''
  ) );
#15375 = PCURVE('',#331,#15376);
#15376 = DEFINITIONAL_REPRESENTATION('',(#15377),#15380);
#15377 = B_SPLINE_CURVE_WITH_KNOTS('',1,(#15378,#15379),.UNSPECIFIED.,
  .F.,.F.,(2,2),(4.712388980385,6.28318530718),
  .PIECEWISE_BEZIER_KNOTS.);
#15378 = CARTESIAN_POINT('',(-1.570796326795,1.));
#15379 = CARTESIAN_POINT('',(0.,1.));
#15380 = ( GEOMETRIC_REPRESENTATION_CONTEXT(2) 
PARAMETRIC_REPRESENTATION_CONTEXT() REPRESENTATION_CONTEXT('2D SPACE',''
  ) );
#15381 = ORIENTED_EDGE('',*,*,#845,.F.);
#15382 = ADVANCED_FACE('',(#15383),#833,.F.);
#15383 = FACE_BOUND('',#15384,.F.);
#15384 = EDGE_LOOP('',(#15385,#15406,#15407,#15408));
#15385 = ORIENTED_EDGE('',*,*,#15386,.F.);
#15386 = EDGE_CURVE('',#14992,#957,#15387,.T.);
#15387 = SURFACE_CURVE('',#15388,(#15392,#15399),.PCURVE_S1.);
#15388 = LINE('',#15389,#15390);
#15389 = CARTESIAN_POINT('',(1.E-01,-28.,-74.));
#15390 = VECTOR('',#15391,1.);
#15391 = DIRECTION('',(0.,0.,1.));
#15392 = PCURVE('',#833,#15393);
#15393 = DEFINITIONAL_REPRESENTATION('',(#15394),#15398);
#15394 = LINE('',#15395,#15396);
#15395 = CARTESIAN_POINT('',(0.,-1.));
#15396 = VECTOR('',#15397,1.);
#15397 = DIRECTION('',(1.,0.));
#15398 = ( GEOMETRIC_REPRESENTATION_CONTEXT(2) 
PARAMETRIC_REPRESENTATION_CONTEXT() REPRESENTATION_CONTEXT('2D SPACE',''
  ) );
#15399 = PCURVE('',#126,#15400);
#15400 = DEFINITIONAL_REPRESENTATION('',(#15401),#15405);
#15401 = LINE('',#15402,#15403);
#15402 = CARTESIAN_POINT('',(0.,0.));
#15403 = VECTOR('',#15404,1.);
#15404 = DIRECTION('',(0.,1.));
#15405 = ( GEOMETRIC_REPRESENTATION_CONTEXT(2) 
PARAMETRIC_REPRESENTATION_CONTEXT() REPRESENTATION_CONTEXT('2D SPACE',''
  ) );
#15406 = ORIENTED_EDGE('',*,*,#15039,.T.);
#15407 = ORIENTED_EDGE('',*,*,#815,.T.);
#15408 = ORIENTED_EDGE('',*,*,#1010,.F.);
#15409 = ADVANCED_FACE('',(#15410),#387,.T.);
#15410 = FACE_BOUND('',#15411,.T.);
#15411 = EDGE_LOOP('',(#15412,#15413,#15414,#15415));
#15412 = ORIENTED_EDGE('',*,*,#371,.F.);
#15413 = ORIENTED_EDGE('',*,*,#902,.T.);
#15414 = ORIENTED_EDGE('',*,*,#1335,.T.);
#15415 = ORIENTED_EDGE('',*,*,#14376,.F.);
#15416 = ADVANCED_FACE('',(#15417,#15453),#414,.F.);
#15417 = FACE_BOUND('',#15418,.F.);
#15418 = EDGE_LOOP('',(#15419,#15420,#15441,#15442,#15443,#15444,#15445,
    #15446,#15447,#15448,#15449,#15450,#15451,#15452));
#15419 = ORIENTED_EDGE('',*,*,#399,.F.);
#15420 = ORIENTED_EDGE('',*,*,#15421,.T.);
#15421 = EDGE_CURVE('',#400,#12014,#15422,.T.);
#15422 = SURFACE_CURVE('',#15423,(#15427,#15434),.PCURVE_S1.);
#15423 = LINE('',#15424,#15425);
#15424 = CARTESIAN_POINT('',(14.6,-29.,-4.));
#15425 = VECTOR('',#15426,1.);
#15426 = DIRECTION('',(0.,1.,0.));
#15427 = PCURVE('',#414,#15428);
#15428 = DEFINITIONAL_REPRESENTATION('',(#15429),#15433);
#15429 = LINE('',#15430,#15431);
#15430 = CARTESIAN_POINT('',(1.,0.));
#15431 = VECTOR('',#15432,1.);
#15432 = DIRECTION('',(0.,-1.));
#15433 = ( GEOMETRIC_REPRESENTATION_CONTEXT(2) 
PARAMETRIC_REPRESENTATION_CONTEXT() REPRESENTATION_CONTEXT('2D SPACE',''
  ) );
#15434 = PCURVE('',#443,#15435);
#15435 = DEFINITIONAL_REPRESENTATION('',(#15436),#15440);
#15436 = LINE('',#15437,#15438);
#15437 = CARTESIAN_POINT('',(-0.,0.));
#15438 = VECTOR('',#15439,1.);
#15439 = DIRECTION('',(-0.,1.));
#15440 = ( GEOMETRIC_REPRESENTATION_CONTEXT(2) 
PARAMETRIC_REPRESENTATION_CONTEXT() REPRESENTATION_CONTEXT('2D SPACE',''
  ) );
#15441 = ORIENTED_EDGE('',*,*,#12013,.F.);
#15442 = ORIENTED_EDGE('',*,*,#11421,.T.);
#15443 = ORIENTED_EDGE('',*,*,#11593,.T.);
#15444 = ORIENTED_EDGE('',*,*,#12332,.T.);
#15445 = ORIENTED_EDGE('',*,*,#4248,.T.);
#15446 = ORIENTED_EDGE('',*,*,#12408,.F.);
#15447 = ORIENTED_EDGE('',*,*,#12485,.T.);
#15448 = ORIENTED_EDGE('',*,*,#14128,.F.);
#15449 = ORIENTED_EDGE('',*,*,#14103,.T.);
#15450 = ORIENTED_EDGE('',*,*,#1257,.F.);
#15451 = ORIENTED_EDGE('',*,*,#14245,.T.);
#15452 = ORIENTED_EDGE('',*,*,#14410,.T.);
#15453 = FACE_BOUND('',#15454,.F.);
#15454 = EDGE_LOOP('',(#15455));
#15455 = ORIENTED_EDGE('',*,*,#13505,.T.);
#15456 = ADVANCED_FACE('',(#15457),#443,.T.);
#15457 = FACE_BOUND('',#15458,.F.);
#15458 = EDGE_LOOP('',(#15459,#15460,#15481,#15482,#15483));
#15459 = ORIENTED_EDGE('',*,*,#426,.F.);
#15460 = ORIENTED_EDGE('',*,*,#15461,.T.);
#15461 = EDGE_CURVE('',#427,#10509,#15462,.T.);
#15462 = SURFACE_CURVE('',#15463,(#15467,#15474),.PCURVE_S1.);
#15463 = LINE('',#15464,#15465);
#15464 = CARTESIAN_POINT('',(15.6,-29.,-5.));
#15465 = VECTOR('',#15466,1.);
#15466 = DIRECTION('',(0.,1.,0.));
#15467 = PCURVE('',#443,#15468);
#15468 = DEFINITIONAL_REPRESENTATION('',(#15469),#15473);
#15469 = LINE('',#15470,#15471);
#15470 = CARTESIAN_POINT('',(-1.570796326795,0.));
#15471 = VECTOR('',#15472,1.);
#15472 = DIRECTION('',(-0.,1.));
#15473 = ( GEOMETRIC_REPRESENTATION_CONTEXT(2) 
PARAMETRIC_REPRESENTATION_CONTEXT() REPRESENTATION_CONTEXT('2D SPACE',''
  ) );
#15474 = PCURVE('',#470,#15475);
#15475 = DEFINITIONAL_REPRESENTATION('',(#15476),#15480);
#15476 = LINE('',#15477,#15478);
#15477 = CARTESIAN_POINT('',(1.,0.));
#15478 = VECTOR('',#15479,1.);
#15479 = DIRECTION('',(0.,1.));
#15480 = ( GEOMETRIC_REPRESENTATION_CONTEXT(2) 
PARAMETRIC_REPRESENTATION_CONTEXT() REPRESENTATION_CONTEXT('2D SPACE',''
  ) );
#15481 = ORIENTED_EDGE('',*,*,#11903,.F.);
#15482 = ORIENTED_EDGE('',*,*,#12037,.T.);
#15483 = ORIENTED_EDGE('',*,*,#15421,.F.);
#15484 = ADVANCED_FACE('',(#15485),#470,.F.);
#15485 = FACE_BOUND('',#15486,.F.);
#15486 = EDGE_LOOP('',(#15487,#15488,#15489,#15490));
#15487 = ORIENTED_EDGE('',*,*,#10770,.F.);
#15488 = ORIENTED_EDGE('',*,*,#15461,.F.);
#15489 = ORIENTED_EDGE('',*,*,#455,.F.);
#15490 = ORIENTED_EDGE('',*,*,#15491,.T.);
#15491 = EDGE_CURVE('',#456,#10691,#15492,.T.);
#15492 = SURFACE_CURVE('',#15493,(#15497,#15504),.PCURVE_S1.);
#15493 = LINE('',#15494,#15495);
#15494 = CARTESIAN_POINT('',(19.2,-29.,-5.));
#15495 = VECTOR('',#15496,1.);
#15496 = DIRECTION('',(0.,1.,0.));
#15497 = PCURVE('',#470,#15498);
#15498 = DEFINITIONAL_REPRESENTATION('',(#15499),#15503);
#15499 = LINE('',#15500,#15501);
#15500 = CARTESIAN_POINT('',(4.6,0.));
#15501 = VECTOR('',#15502,1.);
#15502 = DIRECTION('',(0.,1.));
#15503 = ( GEOMETRIC_REPRESENTATION_CONTEXT(2) 
PARAMETRIC_REPRESENTATION_CONTEXT() REPRESENTATION_CONTEXT('2D SPACE',''
  ) );
#15504 = PCURVE('',#498,#15505);
#15505 = DEFINITIONAL_REPRESENTATION('',(#15506),#15510);
#15506 = LINE('',#15507,#15508);
#15507 = CARTESIAN_POINT('',(1.570796326795,0.));
#15508 = VECTOR('',#15509,1.);
#15509 = DIRECTION('',(0.,1.));
#15510 = ( GEOMETRIC_REPRESENTATION_CONTEXT(2) 
PARAMETRIC_REPRESENTATION_CONTEXT() REPRESENTATION_CONTEXT('2D SPACE',''
  ) );
#15511 = ADVANCED_FACE('',(#15512),#498,.T.);
#15512 = FACE_BOUND('',#15513,.T.);
#15513 = EDGE_LOOP('',(#15514,#15515,#15516,#15517,#15518));
#15514 = ORIENTED_EDGE('',*,*,#481,.T.);
#15515 = ORIENTED_EDGE('',*,*,#15491,.T.);
#15516 = ORIENTED_EDGE('',*,*,#10690,.F.);
#15517 = ORIENTED_EDGE('',*,*,#10368,.F.);
#15518 = ORIENTED_EDGE('',*,*,#15519,.F.);
#15519 = EDGE_CURVE('',#482,#10369,#15520,.T.);
#15520 = SURFACE_CURVE('',#15521,(#15525,#15532),.PCURVE_S1.);
#15521 = LINE('',#15522,#15523);
#15522 = CARTESIAN_POINT('',(20.2,-29.,-4.));
#15523 = VECTOR('',#15524,1.);
#15524 = DIRECTION('',(0.,1.,0.));
#15525 = PCURVE('',#498,#15526);
#15526 = DEFINITIONAL_REPRESENTATION('',(#15527),#15531);
#15527 = LINE('',#15528,#15529);
#15528 = CARTESIAN_POINT('',(0.,0.));
#15529 = VECTOR('',#15530,1.);
#15530 = DIRECTION('',(0.,1.));
#15531 = ( GEOMETRIC_REPRESENTATION_CONTEXT(2) 
PARAMETRIC_REPRESENTATION_CONTEXT() REPRESENTATION_CONTEXT('2D SPACE',''
  ) );
#15532 = PCURVE('',#525,#15533);
#15533 = DEFINITIONAL_REPRESENTATION('',(#15534),#15538);
#15534 = LINE('',#15535,#15536);
#15535 = CARTESIAN_POINT('',(-4.,29.));
#15536 = VECTOR('',#15537,1.);
#15537 = DIRECTION('',(0.,-1.));
#15538 = ( GEOMETRIC_REPRESENTATION_CONTEXT(2) 
PARAMETRIC_REPRESENTATION_CONTEXT() REPRESENTATION_CONTEXT('2D SPACE',''
  ) );
#15539 = ADVANCED_FACE('',(#15540),#525,.T.);
#15540 = FACE_BOUND('',#15541,.T.);
#15541 = EDGE_LOOP('',(#15542,#15543,#15544,#15545));
#15542 = ORIENTED_EDGE('',*,*,#15519,.T.);
#15543 = ORIENTED_EDGE('',*,*,#10392,.T.);
#15544 = ORIENTED_EDGE('',*,*,#13873,.F.);
#15545 = ORIENTED_EDGE('',*,*,#510,.F.);
#15546 = ADVANCED_FACE('',(#15547),#552,.T.);
#15547 = FACE_BOUND('',#15548,.T.);
#15548 = EDGE_LOOP('',(#15549,#15550,#15551,#15552));
#15549 = ORIENTED_EDGE('',*,*,#536,.F.);
#15550 = ORIENTED_EDGE('',*,*,#13808,.F.);
#15551 = ORIENTED_EDGE('',*,*,#1380,.T.);
#15552 = ORIENTED_EDGE('',*,*,#15553,.F.);
#15553 = EDGE_CURVE('',#537,#1383,#15554,.T.);
#15554 = SURFACE_CURVE('',#15555,(#15583,#15614),.PCURVE_S1.);
#15555 = B_SPLINE_CURVE_WITH_KNOTS('',6,(#15556,#15557,#15558,#15559,
    #15560,#15561,#15562,#15563,#15564,#15565,#15566,#15567,#15568,
    #15569,#15570,#15571,#15572,#15573,#15574,#15575,#15576,#15577,
    #15578,#15579,#15580,#15581,#15582),.UNSPECIFIED.,.F.,.F.,(7,5,5,5,5
    ,7),(0.,0.140338642662,0.406839182112,0.667280507663,0.767615115586,
    1.),.UNSPECIFIED.);
#15556 = CARTESIAN_POINT('',(43.989145403182,-24.4,2.5));
#15557 = CARTESIAN_POINT('',(44.016830122831,-24.4,2.538878810097));
#15558 = CARTESIAN_POINT('',(44.045020707126,-24.40181385377,
    2.577374423752));
#15559 = CARTESIAN_POINT('',(44.073650681379,-24.40537459388,
    2.61539556632));
#15560 = CARTESIAN_POINT('',(44.102647513923,-24.41061246324,
    2.652857752879));
#15561 = CARTESIAN_POINT('',(44.131932616112,-24.41745491509,
    2.689683288222));
#15562 = CARTESIAN_POINT('',(44.21741989904,-24.44172431571,
    2.794388653854));
#15563 = CARTESIAN_POINT('',(44.274128881698,-24.46312959311,
    2.860394004544));
#15564 = CARTESIAN_POINT('',(44.331147285989,-24.48956838882,
    2.923556184894));
#15565 = CARTESIAN_POINT('',(44.388055316675,-24.5206570486,
    2.983679595626));
#15566 = CARTESIAN_POINT('',(44.444383348635,-24.55608948878,
    3.040595118552));
#15567 = CARTESIAN_POINT('',(44.553523444024,-24.63426036718,
    3.146430029806));
#15568 = CARTESIAN_POINT('',(44.606400037778,-24.67682452407,
    3.195516236246));
#15569 = CARTESIAN_POINT('',(44.657792078615,-24.72316588168,
    3.241299759429));
#15570 = CARTESIAN_POINT('',(44.707146913676,-24.77320767732,
    3.283619203741));
#15571 = CARTESIAN_POINT('',(44.753728397209,-24.82690694178,
    3.322215802359));
#15572 = CARTESIAN_POINT('',(44.813071140994,-24.90629159425,
    3.370009250471));
#15573 = CARTESIAN_POINT('',(44.829022598216,-24.92890868738,
    3.382695573624));
#15574 = CARTESIAN_POINT('',(44.84436092371,-24.95205602362,
    3.394750816275));
#15575 = CARTESIAN_POINT('',(44.859022428446,-24.97572414634,
    3.406148190035));
#15576 = CARTESIAN_POINT('',(44.872940642275,-24.99990349972,
    3.416859790178));
#15577 = CARTESIAN_POINT('',(44.916400346859,-25.0817479037,
    3.450010186708));
#15578 = CARTESIAN_POINT('',(44.942616861464,-25.14201848944,
    3.469497552168));
#15579 = CARTESIAN_POINT('',(44.963352841475,-25.2046574345,
    3.484569408398));
#15580 = CARTESIAN_POINT('',(44.977615106474,-25.26896209319,
    3.494817925057));
#15581 = CARTESIAN_POINT('',(44.984826049753,-25.33428544038,3.5));
#15582 = CARTESIAN_POINT('',(44.984826049753,-25.4,3.5));
#15583 = PCURVE('',#552,#15584);
#15584 = DEFINITIONAL_REPRESENTATION('',(#15585),#15613);
#15585 = B_SPLINE_CURVE_WITH_KNOTS('',6,(#15586,#15587,#15588,#15589,
    #15590,#15591,#15592,#15593,#15594,#15595,#15596,#15597,#15598,
    #15599,#15600,#15601,#15602,#15603,#15604,#15605,#15606,#15607,
    #15608,#15609,#15610,#15611,#15612),.UNSPECIFIED.,.F.,.F.,(7,5,5,5,5
    ,7),(0.,0.140338642662,0.406839182112,0.667280507663,0.767615115586,
    1.),.UNSPECIFIED.);
#15586 = CARTESIAN_POINT('',(0.,43.889145403182));
#15587 = CARTESIAN_POINT('',(3.887881009653E-02,43.916830122831));
#15588 = CARTESIAN_POINT('',(7.73745430128E-02,43.945020707126));
#15589 = CARTESIAN_POINT('',(0.115501324833,43.973650681379));
#15590 = CARTESIAN_POINT('',(0.153270364496,44.002647513923));
#15591 = CARTESIAN_POINT('',(0.190689953796,44.031932616112));
#15592 = CARTESIAN_POINT('',(0.298171195875,44.11741989904));
#15593 = CARTESIAN_POINT('',(0.36730553834,44.174128881698));
#15594 = CARTESIAN_POINT('',(0.435433476812,44.231147285989));
#15595 = CARTESIAN_POINT('',(0.502796661516,44.288055316675));
#15596 = CARTESIAN_POINT('',(0.569629044346,44.344383348635));
#15597 = CARTESIAN_POINT('',(0.701203033678,44.453523444024));
#15598 = CARTESIAN_POINT('',(0.765975153882,44.506400037778));
#15599 = CARTESIAN_POINT('',(0.830829221006,44.557792078615));
#15600 = CARTESIAN_POINT('',(0.896067432774,44.607146913676));
#15601 = CARTESIAN_POINT('',(0.961980047344,44.653728397209));
#15602 = CARTESIAN_POINT('',(1.054641456411,44.713071140995));
#15603 = CARTESIAN_POINT('',(1.080561430812,44.729022598216));
#15604 = CARTESIAN_POINT('',(1.106640808112,44.74436092371));
#15605 = CARTESIAN_POINT('',(1.132890409885,44.759022428446));
#15606 = CARTESIAN_POINT('',(1.159322588421,44.772940642275));
#15607 = CARTESIAN_POINT('',(1.247625789114,44.816400346859));
#15608 = CARTESIAN_POINT('',(1.310803675342,44.842616861464));
#15609 = CARTESIAN_POINT('',(1.374942266492,44.863352841475));
#15610 = CARTESIAN_POINT('',(1.439758594407,44.877615106474));
#15611 = CARTESIAN_POINT('',(1.505081767177,44.884826049753));
#15612 = CARTESIAN_POINT('',(1.570796326795,44.884826049753));
#15613 = ( GEOMETRIC_REPRESENTATION_CONTEXT(2) 
PARAMETRIC_REPRESENTATION_CONTEXT() REPRESENTATION_CONTEXT('2D SPACE',''
  ) );
#15614 = PCURVE('',#581,#15615);
#15615 = DEFINITIONAL_REPRESENTATION('',(#15616),#15644);
#15616 = B_SPLINE_CURVE_WITH_KNOTS('',6,(#15617,#15618,#15619,#15620,
    #15621,#15622,#15623,#15624,#15625,#15626,#15627,#15628,#15629,
    #15630,#15631,#15632,#15633,#15634,#15635,#15636,#15637,#15638,
    #15639,#15640,#15641,#15642,#15643),.UNSPECIFIED.,.F.,.F.,(7,5,5,5,5
    ,7),(0.,0.140338642662,0.406839182112,0.667280507663,0.767615115586,
    1.),.UNSPECIFIED.);
#15617 = CARTESIAN_POINT('',(5.331174636089,1.9));
#15618 = CARTESIAN_POINT('',(5.342248523948,1.9));
#15619 = CARTESIAN_POINT('',(5.353318035308,1.898186146225));
#15620 = CARTESIAN_POINT('',(5.364359517468,1.894625406113));
#15621 = CARTESIAN_POINT('',(5.375349606878,1.889387536757));
#15622 = CARTESIAN_POINT('',(5.386265229131,1.882545084908));
#15623 = CARTESIAN_POINT('',(5.417627487255,1.858275684282));
#15624 = CARTESIAN_POINT('',(5.437811554929,1.83687040689));
#15625 = CARTESIAN_POINT('',(5.457545693749,1.810431611176));
#15626 = CARTESIAN_POINT('',(5.476745885783,1.779342951393));
#15627 = CARTESIAN_POINT('',(5.495321180067,1.743910511211));
#15628 = CARTESIAN_POINT('',(5.530594555985,1.665739632819));
#15629 = CARTESIAN_POINT('',(5.547330348934,1.623175475922));
#15630 = CARTESIAN_POINT('',(5.563294946956,1.576834118317));
#15631 = CARTESIAN_POINT('',(5.578376011513,1.526792322676));
#15632 = CARTESIAN_POINT('',(5.59241039795,1.473093058213));
#15633 = CARTESIAN_POINT('',(5.610089199771,1.393708405743));
#15634 = CARTESIAN_POINT('',(5.614817919794,1.371091312616));
#15635 = CARTESIAN_POINT('',(5.61934421557,1.347943976373));
#15636 = CARTESIAN_POINT('',(5.623652812331,1.324275853654));
#15637 = CARTESIAN_POINT('',(5.627727691796,1.300096500275));
#15638 = CARTESIAN_POINT('',(5.640409782036,1.218252096296));
#15639 = CARTESIAN_POINT('',(5.647988283668,1.157981510556));
#15640 = CARTESIAN_POINT('',(5.653935769426,1.095342565491));
#15641 = CARTESIAN_POINT('',(5.658010682082,1.031037906803));
#15642 = CARTESIAN_POINT('',(5.660070956209,0.965714559618));
#15643 = CARTESIAN_POINT('',(5.660070956209,0.9));
#15644 = ( GEOMETRIC_REPRESENTATION_CONTEXT(2) 
PARAMETRIC_REPRESENTATION_CONTEXT() REPRESENTATION_CONTEXT('2D SPACE',''
  ) );
#15645 = ADVANCED_FACE('',(#15646),#581,.F.);
#15646 = FACE_BOUND('',#15647,.F.);
#15647 = EDGE_LOOP('',(#15648,#15649,#15650,#15651,#15652,#15653));
#15648 = ORIENTED_EDGE('',*,*,#1512,.F.);
#15649 = ORIENTED_EDGE('',*,*,#13997,.T.);
#15650 = ORIENTED_EDGE('',*,*,#1559,.T.);
#15651 = ORIENTED_EDGE('',*,*,#15553,.F.);
#15652 = ORIENTED_EDGE('',*,*,#564,.F.);
#15653 = ORIENTED_EDGE('',*,*,#15654,.T.);
#15654 = EDGE_CURVE('',#565,#1490,#15655,.T.);
#15655 = SURFACE_CURVE('',#15656,(#15684,#15715),.PCURVE_S1.);
#15656 = B_SPLINE_CURVE_WITH_KNOTS('',6,(#15657,#15658,#15659,#15660,
    #15661,#15662,#15663,#15664,#15665,#15666,#15667,#15668,#15669,
    #15670,#15671,#15672,#15673,#15674,#15675,#15676,#15677,#15678,
    #15679,#15680,#15681,#15682,#15683),.UNSPECIFIED.,.F.,.F.,(7,5,5,5,5
    ,7),(0.,0.14033860964,0.406839159325,0.667280494878,0.767615106655,
    1.),.UNSPECIFIED.);
#15657 = CARTESIAN_POINT('',(51.010854596818,-24.4,2.5));
#15658 = CARTESIAN_POINT('',(50.98316986954,-24.4,2.538878820811));
#15659 = CARTESIAN_POINT('',(50.954979295163,-24.40181385255,
    2.577374421312));
#15660 = CARTESIAN_POINT('',(50.926349326499,-24.40537459273,
    2.615395555983));
#15661 = CARTESIAN_POINT('',(50.897352488011,-24.41061246385,
    2.652857749776));
#15662 = CARTESIAN_POINT('',(50.868067375817,-24.41745491738,
    2.689683298108));
#15663 = CARTESIAN_POINT('',(50.78258010096,-24.44172431571,
    2.794388653854));
#15664 = CARTESIAN_POINT('',(50.725871118302,-24.46312959311,
    2.860394004544));
#15665 = CARTESIAN_POINT('',(50.668852714011,-24.48956838882,
    2.923556184894));
#15666 = CARTESIAN_POINT('',(50.611944683325,-24.5206570486,
    2.983679595626));
#15667 = CARTESIAN_POINT('',(50.555616651365,-24.55608948878,
    3.040595118552));
#15668 = CARTESIAN_POINT('',(50.446476555976,-24.63426036718,
    3.146430029806));
#15669 = CARTESIAN_POINT('',(50.393599962222,-24.67682452407,
    3.195516236246));
#15670 = CARTESIAN_POINT('',(50.342207921385,-24.72316588168,
    3.24129975943));
#15671 = CARTESIAN_POINT('',(50.292853086324,-24.77320767732,
    3.283619203741));
#15672 = CARTESIAN_POINT('',(50.246271602791,-24.82690694178,
    3.322215802359));
#15673 = CARTESIAN_POINT('',(50.186928859005,-24.90629159425,
    3.370009250471));
#15674 = CARTESIAN_POINT('',(50.170977401784,-24.92890868738,
    3.382695573624));
#15675 = CARTESIAN_POINT('',(50.15563907629,-24.95205602362,
    3.394750816275));
#15676 = CARTESIAN_POINT('',(50.140977571554,-24.97572414634,
    3.406148190035));
#15677 = CARTESIAN_POINT('',(50.127059357725,-24.99990349972,
    3.416859790178));
#15678 = CARTESIAN_POINT('',(50.083599653141,-25.0817479037,
    3.450010186708));
#15679 = CARTESIAN_POINT('',(50.057383138536,-25.14201848944,
    3.469497552168));
#15680 = CARTESIAN_POINT('',(50.036647158525,-25.2046574345,
    3.484569408398));
#15681 = CARTESIAN_POINT('',(50.022384893526,-25.26896209319,
    3.494817925057));
#15682 = CARTESIAN_POINT('',(50.015173950247,-25.33428544038,3.5));
#15683 = CARTESIAN_POINT('',(50.015173950247,-25.4,3.5));
#15684 = PCURVE('',#581,#15685);
#15685 = DEFINITIONAL_REPRESENTATION('',(#15686),#15714);
#15686 = B_SPLINE_CURVE_WITH_KNOTS('',6,(#15687,#15688,#15689,#15690,
    #15691,#15692,#15693,#15694,#15695,#15696,#15697,#15698,#15699,
    #15700,#15701,#15702,#15703,#15704,#15705,#15706,#15707,#15708,
    #15709,#15710,#15711,#15712,#15713),.UNSPECIFIED.,.F.,.F.,(7,5,5,5,5
    ,7),(0.,0.14033860964,0.406839159325,0.667280494878,0.767615106655,
    1.),.UNSPECIFIED.);
#15687 = CARTESIAN_POINT('',(0.952010671091,1.9));
#15688 = CARTESIAN_POINT('',(0.940936780179,1.9));
#15689 = CARTESIAN_POINT('',(0.929867272644,1.89818614745));
#15690 = CARTESIAN_POINT('',(0.918825792728,1.894625407263));
#15691 = CARTESIAN_POINT('',(0.907835701147,1.88938753615));
#15692 = CARTESIAN_POINT('',(0.896920075088,1.882545082617));
#15693 = CARTESIAN_POINT('',(0.865557819924,1.858275684282));
#15694 = CARTESIAN_POINT('',(0.845373752251,1.83687040689));
#15695 = CARTESIAN_POINT('',(0.82563961343,1.810431611176));
#15696 = CARTESIAN_POINT('',(0.806439421397,1.779342951393));
#15697 = CARTESIAN_POINT('',(0.787864127113,1.743910511211));
#15698 = CARTESIAN_POINT('',(0.752590751194,1.665739632819));
#15699 = CARTESIAN_POINT('',(0.735854958246,1.623175475922));
#15700 = CARTESIAN_POINT('',(0.719890360224,1.576834118317));
#15701 = CARTESIAN_POINT('',(0.704809295667,1.526792322676));
#15702 = CARTESIAN_POINT('',(0.69077490923,1.473093058213));
#15703 = CARTESIAN_POINT('',(0.673096107409,1.393708405742));
#15704 = CARTESIAN_POINT('',(0.668367387386,1.371091312616));
#15705 = CARTESIAN_POINT('',(0.66384109161,1.347943976373));
#15706 = CARTESIAN_POINT('',(0.659532494849,1.324275853654));
#15707 = CARTESIAN_POINT('',(0.655457615383,1.300096500275));
#15708 = CARTESIAN_POINT('',(0.642775525144,1.218252096296));
#15709 = CARTESIAN_POINT('',(0.635197023511,1.157981510556));
#15710 = CARTESIAN_POINT('',(0.629249537753,1.095342565491));
#15711 = CARTESIAN_POINT('',(0.625174625097,1.031037906803));
#15712 = CARTESIAN_POINT('',(0.62311435097,0.965714559618));
#15713 = CARTESIAN_POINT('',(0.62311435097,0.9));
#15714 = ( GEOMETRIC_REPRESENTATION_CONTEXT(2) 
PARAMETRIC_REPRESENTATION_CONTEXT() REPRESENTATION_CONTEXT('2D SPACE',''
  ) );
#15715 = PCURVE('',#609,#15716);
#15716 = DEFINITIONAL_REPRESENTATION('',(#15717),#15745);
#15717 = B_SPLINE_CURVE_WITH_KNOTS('',6,(#15718,#15719,#15720,#15721,
    #15722,#15723,#15724,#15725,#15726,#15727,#15728,#15729,#15730,
    #15731,#15732,#15733,#15734,#15735,#15736,#15737,#15738,#15739,
    #15740,#15741,#15742,#15743,#15744),.UNSPECIFIED.,.F.,.F.,(7,5,5,5,5
    ,7),(0.,0.14033860964,0.406839159325,0.667280494878,0.767615106655,
    1.),.UNSPECIFIED.);
#15718 = CARTESIAN_POINT('',(0.,50.910854596818));
#15719 = CARTESIAN_POINT('',(3.887882081095E-02,50.88316986954));
#15720 = CARTESIAN_POINT('',(7.737454043957E-02,50.854979295163));
#15721 = CARTESIAN_POINT('',(0.115501314374,50.826349326499));
#15722 = CARTESIAN_POINT('',(0.153270361469,50.797352488011));
#15723 = CARTESIAN_POINT('',(0.190689963944,50.768067375817));
#15724 = CARTESIAN_POINT('',(0.298171195875,50.68258010096));
#15725 = CARTESIAN_POINT('',(0.36730553834,50.625871118302));
#15726 = CARTESIAN_POINT('',(0.435433476813,50.568852714011));
#15727 = CARTESIAN_POINT('',(0.502796661516,50.511944683325));
#15728 = CARTESIAN_POINT('',(0.569629044346,50.455616651365));
#15729 = CARTESIAN_POINT('',(0.701203033678,50.346476555976));
#15730 = CARTESIAN_POINT('',(0.765975153882,50.293599962222));
#15731 = CARTESIAN_POINT('',(0.830829221006,50.242207921385));
#15732 = CARTESIAN_POINT('',(0.896067432774,50.192853086324));
#15733 = CARTESIAN_POINT('',(0.961980047343,50.146271602791));
#15734 = CARTESIAN_POINT('',(1.054641456411,50.086928859005));
#15735 = CARTESIAN_POINT('',(1.080561430812,50.070977401784));
#15736 = CARTESIAN_POINT('',(1.106640808112,50.05563907629));
#15737 = CARTESIAN_POINT('',(1.132890409885,50.040977571554));
#15738 = CARTESIAN_POINT('',(1.159322588421,50.027059357725));
#15739 = CARTESIAN_POINT('',(1.247625789114,49.983599653141));
#15740 = CARTESIAN_POINT('',(1.310803675342,49.957383138536));
#15741 = CARTESIAN_POINT('',(1.374942266492,49.936647158525));
#15742 = CARTESIAN_POINT('',(1.439758594407,49.922384893526));
#15743 = CARTESIAN_POINT('',(1.505081767177,49.915173950247));
#15744 = CARTESIAN_POINT('',(1.570796326795,49.915173950247));
#15745 = ( GEOMETRIC_REPRESENTATION_CONTEXT(2) 
PARAMETRIC_REPRESENTATION_CONTEXT() REPRESENTATION_CONTEXT('2D SPACE',''
  ) );
#15746 = ADVANCED_FACE('',(#15747),#609,.T.);
#15747 = FACE_BOUND('',#15748,.T.);
#15748 = EDGE_LOOP('',(#15749,#15750,#15751,#15752));
#15749 = ORIENTED_EDGE('',*,*,#593,.F.);
#15750 = ORIENTED_EDGE('',*,*,#15654,.T.);
#15751 = ORIENTED_EDGE('',*,*,#1489,.T.);
#15752 = ORIENTED_EDGE('',*,*,#13938,.F.);
#15753 = ADVANCED_FACE('',(#15754),#636,.F.);
#15754 = FACE_BOUND('',#15755,.F.);
#15755 = EDGE_LOOP('',(#15756,#15757,#15778,#15779));
#15756 = ORIENTED_EDGE('',*,*,#621,.F.);
#15757 = ORIENTED_EDGE('',*,*,#15758,.T.);
#15758 = EDGE_CURVE('',#622,#10460,#15759,.T.);
#15759 = SURFACE_CURVE('',#15760,(#15764,#15771),.PCURVE_S1.);
#15760 = LINE('',#15761,#15762);
#15761 = CARTESIAN_POINT('',(74.8,-29.,-4.));
#15762 = VECTOR('',#15763,1.);
#15763 = DIRECTION('',(0.,1.,0.));
#15764 = PCURVE('',#636,#15765);
#15765 = DEFINITIONAL_REPRESENTATION('',(#15766),#15770);
#15766 = LINE('',#15767,#15768);
#15767 = CARTESIAN_POINT('',(1.,0.));
#15768 = VECTOR('',#15769,1.);
#15769 = DIRECTION('',(0.,-1.));
#15770 = ( GEOMETRIC_REPRESENTATION_CONTEXT(2) 
PARAMETRIC_REPRESENTATION_CONTEXT() REPRESENTATION_CONTEXT('2D SPACE',''
  ) );
#15771 = PCURVE('',#664,#15772);
#15772 = DEFINITIONAL_REPRESENTATION('',(#15773),#15777);
#15773 = LINE('',#15774,#15775);
#15774 = CARTESIAN_POINT('',(-0.,0.));
#15775 = VECTOR('',#15776,1.);
#15776 = DIRECTION('',(-0.,1.));
#15777 = ( GEOMETRIC_REPRESENTATION_CONTEXT(2) 
PARAMETRIC_REPRESENTATION_CONTEXT() REPRESENTATION_CONTEXT('2D SPACE',''
  ) );
#15778 = ORIENTED_EDGE('',*,*,#10459,.T.);
#15779 = ORIENTED_EDGE('',*,*,#13972,.F.);
#15780 = ADVANCED_FACE('',(#15781),#664,.T.);
#15781 = FACE_BOUND('',#15782,.F.);
#15782 = EDGE_LOOP('',(#15783,#15784,#15805,#15806,#15807));
#15783 = ORIENTED_EDGE('',*,*,#647,.F.);
#15784 = ORIENTED_EDGE('',*,*,#15785,.T.);
#15785 = EDGE_CURVE('',#648,#10591,#15786,.T.);
#15786 = SURFACE_CURVE('',#15787,(#15791,#15798),.PCURVE_S1.);
#15787 = LINE('',#15788,#15789);
#15788 = CARTESIAN_POINT('',(75.8,-29.,-5.));
#15789 = VECTOR('',#15790,1.);
#15790 = DIRECTION('',(0.,1.,0.));
#15791 = PCURVE('',#664,#15792);
#15792 = DEFINITIONAL_REPRESENTATION('',(#15793),#15797);
#15793 = LINE('',#15794,#15795);
#15794 = CARTESIAN_POINT('',(-1.570796326795,0.));
#15795 = VECTOR('',#15796,1.);
#15796 = DIRECTION('',(-0.,1.));
#15797 = ( GEOMETRIC_REPRESENTATION_CONTEXT(2) 
PARAMETRIC_REPRESENTATION_CONTEXT() REPRESENTATION_CONTEXT('2D SPACE',''
  ) );
#15798 = PCURVE('',#691,#15799);
#15799 = DEFINITIONAL_REPRESENTATION('',(#15800),#15804);
#15800 = LINE('',#15801,#15802);
#15801 = CARTESIAN_POINT('',(1.,0.));
#15802 = VECTOR('',#15803,1.);
#15803 = DIRECTION('',(0.,1.));
#15804 = ( GEOMETRIC_REPRESENTATION_CONTEXT(2) 
PARAMETRIC_REPRESENTATION_CONTEXT() REPRESENTATION_CONTEXT('2D SPACE',''
  ) );
#15805 = ORIENTED_EDGE('',*,*,#10611,.F.);
#15806 = ORIENTED_EDGE('',*,*,#10481,.T.);
#15807 = ORIENTED_EDGE('',*,*,#15758,.F.);
#15808 = ADVANCED_FACE('',(#15809),#691,.F.);
#15809 = FACE_BOUND('',#15810,.F.);
#15810 = EDGE_LOOP('',(#15811,#15812,#15813,#15814));
#15811 = ORIENTED_EDGE('',*,*,#15785,.F.);
#15812 = ORIENTED_EDGE('',*,*,#676,.F.);
#15813 = ORIENTED_EDGE('',*,*,#11799,.T.);
#15814 = ORIENTED_EDGE('',*,*,#10590,.F.);
#15815 = ADVANCED_FACE('',(#15816),#716,.T.);
#15816 = FACE_BOUND('',#15817,.T.);
#15817 = EDGE_LOOP('',(#15818,#15819,#15820,#15821));
#15818 = ORIENTED_EDGE('',*,*,#14514,.F.);
#15819 = ORIENTED_EDGE('',*,*,#14890,.T.);
#15820 = ORIENTED_EDGE('',*,*,#702,.T.);
#15821 = ORIENTED_EDGE('',*,*,#11765,.F.);
#15822 = ADVANCED_FACE('',(#15823),#331,.T.);
#15823 = FACE_BOUND('',#15824,.F.);
#15824 = EDGE_LOOP('',(#15825,#15826,#15827,#15828));
#15825 = ORIENTED_EDGE('',*,*,#15362,.F.);
#15826 = ORIENTED_EDGE('',*,*,#14967,.T.);
#15827 = ORIENTED_EDGE('',*,*,#14870,.T.);
#15828 = ORIENTED_EDGE('',*,*,#313,.F.);
#15829 = ADVANCED_FACE('',(#15830),#157,.F.);
#15830 = FACE_BOUND('',#15831,.F.);
#15831 = EDGE_LOOP('',(#15832,#15833,#15854,#15855));
#15832 = ORIENTED_EDGE('',*,*,#765,.F.);
#15833 = ORIENTED_EDGE('',*,*,#15834,.F.);
#15834 = EDGE_CURVE('',#141,#766,#15835,.T.);
#15835 = SEAM_CURVE('',#15836,(#15840,#15847),.PCURVE_S1.);
#15836 = LINE('',#15837,#15838);
#15837 = CARTESIAN_POINT('',(27.75,-29.,-63.7));
#15838 = VECTOR('',#15839,1.);
#15839 = DIRECTION('',(1.731912112471E-16,0.707106781187,-0.707106781187
    ));
#15840 = PCURVE('',#157,#15841);
#15841 = DEFINITIONAL_REPRESENTATION('',(#15842),#15846);
#15842 = LINE('',#15843,#15844);
#15843 = CARTESIAN_POINT('',(-6.28318530718,0.));
#15844 = VECTOR('',#15845,1.);
#15845 = DIRECTION('',(-0.,-1.));
#15846 = ( GEOMETRIC_REPRESENTATION_CONTEXT(2) 
PARAMETRIC_REPRESENTATION_CONTEXT() REPRESENTATION_CONTEXT('2D SPACE',''
  ) );
#15847 = PCURVE('',#157,#15848);
#15848 = DEFINITIONAL_REPRESENTATION('',(#15849),#15853);
#15849 = LINE('',#15850,#15851);
#15850 = CARTESIAN_POINT('',(0.,-0.));
#15851 = VECTOR('',#15852,1.);
#15852 = DIRECTION('',(-0.,-1.));
#15853 = ( GEOMETRIC_REPRESENTATION_CONTEXT(2) 
PARAMETRIC_REPRESENTATION_CONTEXT() REPRESENTATION_CONTEXT('2D SPACE',''
  ) );
#15854 = ORIENTED_EDGE('',*,*,#140,.T.);
#15855 = ORIENTED_EDGE('',*,*,#15834,.T.);
#15856 = ADVANCED_FACE('',(#15857),#126,.T.);
#15857 = FACE_BOUND('',#15858,.T.);
#15858 = EDGE_LOOP('',(#15859,#15860,#15861,#15862));
#15859 = ORIENTED_EDGE('',*,*,#15386,.F.);
#15860 = ORIENTED_EDGE('',*,*,#15084,.T.);
#15861 = ORIENTED_EDGE('',*,*,#112,.T.);
#15862 = ORIENTED_EDGE('',*,*,#15336,.F.);
#15863 = ADVANCED_FACE('',(#15864),#100,.T.);
#15864 = FACE_BOUND('',#15865,.T.);
#15865 = EDGE_LOOP('',(#15866,#15867,#15868,#15869));
#15866 = ORIENTED_EDGE('',*,*,#15064,.F.);
#15867 = ORIENTED_EDGE('',*,*,#14945,.T.);
#15868 = ORIENTED_EDGE('',*,*,#15110,.T.);
#15869 = ORIENTED_EDGE('',*,*,#84,.F.);
#15870 = ADVANCED_FACE('',(#15871),#72,.T.);
#15871 = FACE_BOUND('',#15872,.F.);
#15872 = EDGE_LOOP('',(#15873,#15874,#15875,#15876));
#15873 = ORIENTED_EDGE('',*,*,#14461,.F.);
#15874 = ORIENTED_EDGE('',*,*,#15130,.T.);
#15875 = ORIENTED_EDGE('',*,*,#56,.T.);
#15876 = ORIENTED_EDGE('',*,*,#15290,.F.);
#15877 = ADVANCED_FACE('',(#15878),#44,.T.);
#15878 = FACE_BOUND('',#15879,.F.);
#15879 = EDGE_LOOP('',(#15880,#15881,#15882,#15883));
#15880 = ORIENTED_EDGE('',*,*,#1357,.F.);
#15881 = ORIENTED_EDGE('',*,*,#15270,.T.);
#15882 = ORIENTED_EDGE('',*,*,#21,.T.);
#15883 = ORIENTED_EDGE('',*,*,#15316,.F.);
#15884 = ( GEOMETRIC_REPRESENTATION_CONTEXT(3) 
GLOBAL_UNCERTAINTY_ASSIGNED_CONTEXT((#15888)) 
GLOBAL_UNIT_ASSIGNED_CONTEXT((#15885,#15886,#15887)) 
REPRESENTATION_CONTEXT('Context #1',
  '3D Context with UNIT and UNCERTAINTY') );
#15885 = ( LENGTH_UNIT() NAMED_UNIT(*) SI_UNIT(.MILLI.,.METRE.) );
#15886 = ( NAMED_UNIT(*) PLANE_ANGLE_UNIT() SI_UNIT($,.RADIAN.) );
#15887 = ( NAMED_UNIT(*) SI_UNIT($,.STERADIAN.) SOLID_ANGLE_UNIT() );
#15888 = UNCERTAINTY_MEASURE_WITH_UNIT(LENGTH_MEASURE(1.E-07),#15885,
  'distance_accuracy_value','confusion accuracy');
#15889 = PRODUCT_RELATED_PRODUCT_CATEGORY('part',$,(#7));
ENDSEC;
END-ISO-10303-21;
