ISO-10303-21;
HEADER;
FILE_DESCRIPTION(('Open CASCADE Model'),'2;1');
FILE_NAME('Open CASCADE Shape Model','2026-09-29T16:42:35',('Author'),(
    'Open CASCADE'),'Open CASCADE STEP processor 7.9','Open CASCADE 7.9'
  ,'Unknown');
FILE_SCHEMA(('AUTOMOTIVE_DESIGN { 1 0 10303 214 1 1 1 1 }'));
ENDSEC;
DATA;
#1 = APPLICATION_PROTOCOL_DEFINITION('international standard',
  'automotive_design',2000,#2);
#2 = APPLICATION_CONTEXT(
  'core data for automotive mechanical design processes');
#3 = SHAPE_DEFINITION_REPRESENTATION(#4,#10);
#4 = PRODUCT_DEFINITION_SHAPE('','',#5);
#5 = PRODUCT_DEFINITION('design','',#6,#9);
#6 = PRODUCT_DEFINITION_FORMATION('','',#7);
#7 = PRODUCT('Open CASCADE STEP translator 7.9 3',
  'Open CASCADE STEP translator 7.9 3','',(#8));
#8 = PRODUCT_CONTEXT('',#2,'mechanical');
#9 = PRODUCT_DEFINITION_CONTEXT('part definition',#2,'design');
#10 = ADVANCED_BREP_SHAPE_REPRESENTATION('',(#11,#15),#10302);
#11 = AXIS2_PLACEMENT_3D('',#12,#13,#14);
#12 = CARTESIAN_POINT('',(0.,0.,0.));
#13 = DIRECTION('',(0.,0.,1.));
#14 = DIRECTION('',(1.,0.,-0.));
#15 = MANIFOLD_SOLID_BREP('',#16);
#16 = CLOSED_SHELL('',(#17,#306,#493,#1396,#1535,#1562,#1627,#1788,#1843
    ,#2232,#2420,#2582,#2654,#2823,#2898,#2978,#3131,#3314,#3381,#3754,
    #3841,#3933,#4052,#4307,#4365,#4420,#4919,#4995,#5076,#5122,#5168,
    #5244,#5330,#5376,#5427,#5610,#5660,#5690,#5715,#5740,#5883,#5933,
    #5960,#5986,#6057,#6083,#6435,#6490,#6545,#6684,#6734,#6818,#6871,
    #6951,#6997,#7068,#7117,#7163,#7196,#7240,#7267,#7336,#7367,#7413,
    #7444,#7490,#7517,#7564,#7649,#7684,#7810,#7915,#8143,#8210,#8245,
    #8386,#8473,#8523,#8629,#8712,#8739,#8777,#8889,#8943,#8985,#9068,
    #9075,#9144,#9185,#9223,#9322,#9348,#9449,#9456,#9562,#9589,#9652,
    #9661,#9744,#9878,#9916,#9923,#9952,#9959,#9985,#10012,#10161,#10196
    ,#10202,#10209,#10242,#10281,#10288,#10295));
#17 = ADVANCED_FACE('',(#18),#32,.F.);
#18 = FACE_BOUND('',#19,.F.);
#19 = EDGE_LOOP('',(#20,#55,#83,#111,#139,#167,#195,#223,#251,#280));
#20 = ORIENTED_EDGE('',*,*,#21,.F.);
#21 = EDGE_CURVE('',#22,#24,#26,.T.);
#22 = VERTEX_POINT('',#23);
#23 = CARTESIAN_POINT('',(-80.4,-28.,-73.));
#24 = VERTEX_POINT('',#25);
#25 = CARTESIAN_POINT('',(-80.4,-28.,2.5));
#26 = SURFACE_CURVE('',#27,(#31,#43),.PCURVE_S1.);
#27 = LINE('',#28,#29);
#28 = CARTESIAN_POINT('',(-80.4,-28.,-73.));
#29 = VECTOR('',#30,1.);
#30 = DIRECTION('',(0.,0.,1.));
#31 = PCURVE('',#32,#37);
#32 = PLANE('',#33);
#33 = AXIS2_PLACEMENT_3D('',#34,#35,#36);
#34 = CARTESIAN_POINT('',(-80.4,-29.,-5.));
#35 = DIRECTION('',(1.,0.,0.));
#36 = DIRECTION('',(0.,0.,1.));
#37 = DEFINITIONAL_REPRESENTATION('',(#38),#42);
#38 = LINE('',#39,#40);
#39 = CARTESIAN_POINT('',(-68.,-1.));
#40 = VECTOR('',#41,1.);
#41 = DIRECTION('',(1.,0.));
#42 = ( GEOMETRIC_REPRESENTATION_CONTEXT(2) 
PARAMETRIC_REPRESENTATION_CONTEXT() REPRESENTATION_CONTEXT('2D SPACE',''
  ) );
#43 = PCURVE('',#44,#49);
#44 = CYLINDRICAL_SURFACE('',#45,1.);
#45 = AXIS2_PLACEMENT_3D('',#46,#47,#48);
#46 = CARTESIAN_POINT('',(-79.4,-28.,-5.));
#47 = DIRECTION('',(0.,0.,1.));
#48 = DIRECTION('',(-1.,-0.,0.));
#49 = DEFINITIONAL_REPRESENTATION('',(#50),#54);
#50 = LINE('',#51,#52);
#51 = CARTESIAN_POINT('',(0.,-68.));
#52 = VECTOR('',#53,1.);
#53 = DIRECTION('',(0.,1.));
#54 = ( GEOMETRIC_REPRESENTATION_CONTEXT(2) 
PARAMETRIC_REPRESENTATION_CONTEXT() REPRESENTATION_CONTEXT('2D SPACE',''
  ) );
#55 = ORIENTED_EDGE('',*,*,#56,.T.);
#56 = EDGE_CURVE('',#22,#57,#59,.T.);
#57 = VERTEX_POINT('',#58);
#58 = CARTESIAN_POINT('',(-80.4,-25.4,-73.));
#59 = SURFACE_CURVE('',#60,(#64,#71),.PCURVE_S1.);
#60 = LINE('',#61,#62);
#61 = CARTESIAN_POINT('',(-80.4,-29.,-73.));
#62 = VECTOR('',#63,1.);
#63 = DIRECTION('',(0.,1.,0.));
#64 = PCURVE('',#32,#65);
#65 = DEFINITIONAL_REPRESENTATION('',(#66),#70);
#66 = LINE('',#67,#68);
#67 = CARTESIAN_POINT('',(-68.,0.));
#68 = VECTOR('',#69,1.);
#69 = DIRECTION('',(0.,-1.));
#70 = ( GEOMETRIC_REPRESENTATION_CONTEXT(2) 
PARAMETRIC_REPRESENTATION_CONTEXT() REPRESENTATION_CONTEXT('2D SPACE',''
  ) );
#71 = PCURVE('',#72,#77);
#72 = CYLINDRICAL_SURFACE('',#73,1.);
#73 = AXIS2_PLACEMENT_3D('',#74,#75,#76);
#74 = CARTESIAN_POINT('',(-79.4,-29.,-73.));
#75 = DIRECTION('',(0.,1.,0.));
#76 = DIRECTION('',(-1.,0.,0.));
#77 = DEFINITIONAL_REPRESENTATION('',(#78),#82);
#78 = LINE('',#79,#80);
#79 = CARTESIAN_POINT('',(-0.,0.));
#80 = VECTOR('',#81,1.);
#81 = DIRECTION('',(-0.,1.));
#82 = ( GEOMETRIC_REPRESENTATION_CONTEXT(2) 
PARAMETRIC_REPRESENTATION_CONTEXT() REPRESENTATION_CONTEXT('2D SPACE',''
  ) );
#83 = ORIENTED_EDGE('',*,*,#84,.T.);
#84 = EDGE_CURVE('',#57,#85,#87,.T.);
#85 = VERTEX_POINT('',#86);
#86 = CARTESIAN_POINT('',(-80.4,-25.4,-4.));
#87 = SURFACE_CURVE('',#88,(#92,#99),.PCURVE_S1.);
#88 = LINE('',#89,#90);
#89 = CARTESIAN_POINT('',(-80.4,-25.4,-74.));
#90 = VECTOR('',#91,1.);
#91 = DIRECTION('',(0.,0.,1.));
#92 = PCURVE('',#32,#93);
#93 = DEFINITIONAL_REPRESENTATION('',(#94),#98);
#94 = LINE('',#95,#96);
#95 = CARTESIAN_POINT('',(-69.,-3.6));
#96 = VECTOR('',#97,1.);
#97 = DIRECTION('',(1.,0.));
#98 = ( GEOMETRIC_REPRESENTATION_CONTEXT(2) 
PARAMETRIC_REPRESENTATION_CONTEXT() REPRESENTATION_CONTEXT('2D SPACE',''
  ) );
#99 = PCURVE('',#100,#105);
#100 = CYLINDRICAL_SURFACE('',#101,1.);
#101 = AXIS2_PLACEMENT_3D('',#102,#103,#104);
#102 = CARTESIAN_POINT('',(-79.4,-25.4,-74.));
#103 = DIRECTION('',(0.,0.,1.));
#104 = DIRECTION('',(-1.,-0.,0.));
#105 = DEFINITIONAL_REPRESENTATION('',(#106),#110);
#106 = LINE('',#107,#108);
#107 = CARTESIAN_POINT('',(-0.,0.));
#108 = VECTOR('',#109,1.);
#109 = DIRECTION('',(-0.,1.));
#110 = ( GEOMETRIC_REPRESENTATION_CONTEXT(2) 
PARAMETRIC_REPRESENTATION_CONTEXT() REPRESENTATION_CONTEXT('2D SPACE',''
  ) );
#111 = ORIENTED_EDGE('',*,*,#112,.T.);
#112 = EDGE_CURVE('',#85,#113,#115,.T.);
#113 = VERTEX_POINT('',#114);
#114 = CARTESIAN_POINT('',(-80.4,-22.3,-4.));
#115 = SURFACE_CURVE('',#116,(#120,#127),.PCURVE_S1.);
#116 = LINE('',#117,#118);
#117 = CARTESIAN_POINT('',(-80.4,-29.,-4.));
#118 = VECTOR('',#119,1.);
#119 = DIRECTION('',(0.,1.,0.));
#120 = PCURVE('',#32,#121);
#121 = DEFINITIONAL_REPRESENTATION('',(#122),#126);
#122 = LINE('',#123,#124);
#123 = CARTESIAN_POINT('',(1.,0.));
#124 = VECTOR('',#125,1.);
#125 = DIRECTION('',(0.,-1.));
#126 = ( GEOMETRIC_REPRESENTATION_CONTEXT(2) 
PARAMETRIC_REPRESENTATION_CONTEXT() REPRESENTATION_CONTEXT('2D SPACE',''
  ) );
#127 = PCURVE('',#128,#133);
#128 = CYLINDRICAL_SURFACE('',#129,1.);
#129 = AXIS2_PLACEMENT_3D('',#130,#131,#132);
#130 = CARTESIAN_POINT('',(-79.4,-29.,-4.));
#131 = DIRECTION('',(0.,1.,0.));
#132 = DIRECTION('',(-1.,0.,0.));
#133 = DEFINITIONAL_REPRESENTATION('',(#134),#138);
#134 = LINE('',#135,#136);
#135 = CARTESIAN_POINT('',(-0.,0.));
#136 = VECTOR('',#137,1.);
#137 = DIRECTION('',(-0.,1.));
#138 = ( GEOMETRIC_REPRESENTATION_CONTEXT(2) 
PARAMETRIC_REPRESENTATION_CONTEXT() REPRESENTATION_CONTEXT('2D SPACE',''
  ) );
#139 = ORIENTED_EDGE('',*,*,#140,.F.);
#140 = EDGE_CURVE('',#141,#113,#143,.T.);
#141 = VERTEX_POINT('',#142);
#142 = CARTESIAN_POINT('',(-80.4,-22.3,-4.5));
#143 = SURFACE_CURVE('',#144,(#148,#155),.PCURVE_S1.);
#144 = LINE('',#145,#146);
#145 = CARTESIAN_POINT('',(-80.4,-22.3,-5.5));
#146 = VECTOR('',#147,1.);
#147 = DIRECTION('',(0.,0.,1.));
#148 = PCURVE('',#32,#149);
#149 = DEFINITIONAL_REPRESENTATION('',(#150),#154);
#150 = LINE('',#151,#152);
#151 = CARTESIAN_POINT('',(-0.5,-6.7));
#152 = VECTOR('',#153,1.);
#153 = DIRECTION('',(1.,0.));
#154 = ( GEOMETRIC_REPRESENTATION_CONTEXT(2) 
PARAMETRIC_REPRESENTATION_CONTEXT() REPRESENTATION_CONTEXT('2D SPACE',''
  ) );
#155 = PCURVE('',#156,#161);
#156 = CYLINDRICAL_SURFACE('',#157,1.);
#157 = AXIS2_PLACEMENT_3D('',#158,#159,#160);
#158 = CARTESIAN_POINT('',(-79.4,-22.3,-5.5));
#159 = DIRECTION('',(0.,0.,1.));
#160 = DIRECTION('',(-1.,-0.,0.));
#161 = DEFINITIONAL_REPRESENTATION('',(#162),#166);
#162 = LINE('',#163,#164);
#163 = CARTESIAN_POINT('',(0.,0.));
#164 = VECTOR('',#165,1.);
#165 = DIRECTION('',(0.,1.));
#166 = ( GEOMETRIC_REPRESENTATION_CONTEXT(2) 
PARAMETRIC_REPRESENTATION_CONTEXT() REPRESENTATION_CONTEXT('2D SPACE',''
  ) );
#167 = ORIENTED_EDGE('',*,*,#168,.T.);
#168 = EDGE_CURVE('',#141,#169,#171,.T.);
#169 = VERTEX_POINT('',#170);
#170 = CARTESIAN_POINT('',(-80.4,-18.3,-4.5));
#171 = SURFACE_CURVE('',#172,(#176,#183),.PCURVE_S1.);
#172 = LINE('',#173,#174);
#173 = CARTESIAN_POINT('',(-80.4,-23.3,-4.5));
#174 = VECTOR('',#175,1.);
#175 = DIRECTION('',(0.,1.,0.));
#176 = PCURVE('',#32,#177);
#177 = DEFINITIONAL_REPRESENTATION('',(#178),#182);
#178 = LINE('',#179,#180);
#179 = CARTESIAN_POINT('',(0.5,-5.7));
#180 = VECTOR('',#181,1.);
#181 = DIRECTION('',(0.,-1.));
#182 = ( GEOMETRIC_REPRESENTATION_CONTEXT(2) 
PARAMETRIC_REPRESENTATION_CONTEXT() REPRESENTATION_CONTEXT('2D SPACE',''
  ) );
#183 = PCURVE('',#184,#189);
#184 = CYLINDRICAL_SURFACE('',#185,1.);
#185 = AXIS2_PLACEMENT_3D('',#186,#187,#188);
#186 = CARTESIAN_POINT('',(-79.4,-23.3,-4.5));
#187 = DIRECTION('',(0.,1.,0.));
#188 = DIRECTION('',(-1.,0.,0.));
#189 = DEFINITIONAL_REPRESENTATION('',(#190),#194);
#190 = LINE('',#191,#192);
#191 = CARTESIAN_POINT('',(-0.,0.));
#192 = VECTOR('',#193,1.);
#193 = DIRECTION('',(-0.,1.));
#194 = ( GEOMETRIC_REPRESENTATION_CONTEXT(2) 
PARAMETRIC_REPRESENTATION_CONTEXT() REPRESENTATION_CONTEXT('2D SPACE',''
  ) );
#195 = ORIENTED_EDGE('',*,*,#196,.T.);
#196 = EDGE_CURVE('',#169,#197,#199,.T.);
#197 = VERTEX_POINT('',#198);
#198 = CARTESIAN_POINT('',(-80.4,-18.3,-4.));
#199 = SURFACE_CURVE('',#200,(#204,#211),.PCURVE_S1.);
#200 = LINE('',#201,#202);
#201 = CARTESIAN_POINT('',(-80.4,-18.3,-5.5));
#202 = VECTOR('',#203,1.);
#203 = DIRECTION('',(0.,0.,1.));
#204 = PCURVE('',#32,#205);
#205 = DEFINITIONAL_REPRESENTATION('',(#206),#210);
#206 = LINE('',#207,#208);
#207 = CARTESIAN_POINT('',(-0.5,-10.7));
#208 = VECTOR('',#209,1.);
#209 = DIRECTION('',(1.,0.));
#210 = ( GEOMETRIC_REPRESENTATION_CONTEXT(2) 
PARAMETRIC_REPRESENTATION_CONTEXT() REPRESENTATION_CONTEXT('2D SPACE',''
  ) );
#211 = PCURVE('',#212,#217);
#212 = CYLINDRICAL_SURFACE('',#213,1.);
#213 = AXIS2_PLACEMENT_3D('',#214,#215,#216);
#214 = CARTESIAN_POINT('',(-79.4,-18.3,-5.5));
#215 = DIRECTION('',(0.,0.,1.));
#216 = DIRECTION('',(-1.,-0.,0.));
#217 = DEFINITIONAL_REPRESENTATION('',(#218),#222);
#218 = LINE('',#219,#220);
#219 = CARTESIAN_POINT('',(-0.,0.));
#220 = VECTOR('',#221,1.);
#221 = DIRECTION('',(-0.,1.));
#222 = ( GEOMETRIC_REPRESENTATION_CONTEXT(2) 
PARAMETRIC_REPRESENTATION_CONTEXT() REPRESENTATION_CONTEXT('2D SPACE',''
  ) );
#223 = ORIENTED_EDGE('',*,*,#224,.T.);
#224 = EDGE_CURVE('',#197,#225,#227,.T.);
#225 = VERTEX_POINT('',#226);
#226 = CARTESIAN_POINT('',(-80.4,-5.12347538298,-4.));
#227 = SURFACE_CURVE('',#228,(#232,#239),.PCURVE_S1.);
#228 = LINE('',#229,#230);
#229 = CARTESIAN_POINT('',(-80.4,-29.,-4.));
#230 = VECTOR('',#231,1.);
#231 = DIRECTION('',(0.,1.,0.));
#232 = PCURVE('',#32,#233);
#233 = DEFINITIONAL_REPRESENTATION('',(#234),#238);
#234 = LINE('',#235,#236);
#235 = CARTESIAN_POINT('',(1.,0.));
#236 = VECTOR('',#237,1.);
#237 = DIRECTION('',(0.,-1.));
#238 = ( GEOMETRIC_REPRESENTATION_CONTEXT(2) 
PARAMETRIC_REPRESENTATION_CONTEXT() REPRESENTATION_CONTEXT('2D SPACE',''
  ) );
#239 = PCURVE('',#240,#245);
#240 = CYLINDRICAL_SURFACE('',#241,1.);
#241 = AXIS2_PLACEMENT_3D('',#242,#243,#244);
#242 = CARTESIAN_POINT('',(-79.4,-29.,-4.));
#243 = DIRECTION('',(0.,1.,0.));
#244 = DIRECTION('',(-1.,0.,0.));
#245 = DEFINITIONAL_REPRESENTATION('',(#246),#250);
#246 = LINE('',#247,#248);
#247 = CARTESIAN_POINT('',(-0.,0.));
#248 = VECTOR('',#249,1.);
#249 = DIRECTION('',(-0.,1.));
#250 = ( GEOMETRIC_REPRESENTATION_CONTEXT(2) 
PARAMETRIC_REPRESENTATION_CONTEXT() REPRESENTATION_CONTEXT('2D SPACE',''
  ) );
#251 = ORIENTED_EDGE('',*,*,#252,.F.);
#252 = EDGE_CURVE('',#253,#225,#255,.T.);
#253 = VERTEX_POINT('',#254);
#254 = CARTESIAN_POINT('',(-80.4,-6.,2.5));
#255 = SURFACE_CURVE('',#256,(#261,#268),.PCURVE_S1.);
#256 = CIRCLE('',#257,6.5);
#257 = AXIS2_PLACEMENT_3D('',#258,#259,#260);
#258 = CARTESIAN_POINT('',(-80.4,0.,0.));
#259 = DIRECTION('',(1.,0.,0.));
#260 = DIRECTION('',(-0.,0.,1.));
#261 = PCURVE('',#32,#262);
#262 = DEFINITIONAL_REPRESENTATION('',(#263),#267);
#263 = CIRCLE('',#264,6.5);
#264 = AXIS2_PLACEMENT_2D('',#265,#266);
#265 = CARTESIAN_POINT('',(5.,-29.));
#266 = DIRECTION('',(1.,0.));
#267 = ( GEOMETRIC_REPRESENTATION_CONTEXT(2) 
PARAMETRIC_REPRESENTATION_CONTEXT() REPRESENTATION_CONTEXT('2D SPACE',''
  ) );
#268 = PCURVE('',#269,#274);
#269 = CYLINDRICAL_SURFACE('',#270,6.5);
#270 = AXIS2_PLACEMENT_3D('',#271,#272,#273);
#271 = CARTESIAN_POINT('',(-85.8,0.,0.));
#272 = DIRECTION('',(1.,0.,0.));
#273 = DIRECTION('',(-0.,0.,1.));
#274 = DEFINITIONAL_REPRESENTATION('',(#275),#279);
#275 = LINE('',#276,#277);
#276 = CARTESIAN_POINT('',(0.,5.4));
#277 = VECTOR('',#278,1.);
#278 = DIRECTION('',(1.,0.));
#279 = ( GEOMETRIC_REPRESENTATION_CONTEXT(2) 
PARAMETRIC_REPRESENTATION_CONTEXT() REPRESENTATION_CONTEXT('2D SPACE',''
  ) );
#280 = ORIENTED_EDGE('',*,*,#281,.F.);
#281 = EDGE_CURVE('',#24,#253,#282,.T.);
#282 = SURFACE_CURVE('',#283,(#287,#294),.PCURVE_S1.);
#283 = LINE('',#284,#285);
#284 = CARTESIAN_POINT('',(-80.4,-28.,2.5));
#285 = VECTOR('',#286,1.);
#286 = DIRECTION('',(0.,1.,-1.0496654051E-15));
#287 = PCURVE('',#32,#288);
#288 = DEFINITIONAL_REPRESENTATION('',(#289),#293);
#289 = LINE('',#290,#291);
#290 = CARTESIAN_POINT('',(7.5,-1.));
#291 = VECTOR('',#292,1.);
#292 = DIRECTION('',(-1.0496654051E-15,-1.));
#293 = ( GEOMETRIC_REPRESENTATION_CONTEXT(2) 
PARAMETRIC_REPRESENTATION_CONTEXT() REPRESENTATION_CONTEXT('2D SPACE',''
  ) );
#294 = PCURVE('',#295,#300);
#295 = CYLINDRICAL_SURFACE('',#296,1.);
#296 = AXIS2_PLACEMENT_3D('',#297,#298,#299);
#297 = CARTESIAN_POINT('',(-79.4,-29.,2.5));
#298 = DIRECTION('',(0.,1.,0.));
#299 = DIRECTION('',(-1.,0.,0.));
#300 = DEFINITIONAL_REPRESENTATION('',(#301),#305);
#301 = LINE('',#302,#303);
#302 = CARTESIAN_POINT('',(0.,1.));
#303 = VECTOR('',#304,1.);
#304 = DIRECTION('',(0.,1.));
#305 = ( GEOMETRIC_REPRESENTATION_CONTEXT(2) 
PARAMETRIC_REPRESENTATION_CONTEXT() REPRESENTATION_CONTEXT('2D SPACE',''
  ) );
#306 = ADVANCED_FACE('',(#307),#295,.T.);
#307 = FACE_BOUND('',#308,.T.);
#308 = EDGE_LOOP('',(#309,#336,#364,#492));
#309 = ORIENTED_EDGE('',*,*,#310,.F.);
#310 = EDGE_CURVE('',#311,#24,#313,.T.);
#311 = VERTEX_POINT('',#312);
#312 = CARTESIAN_POINT('',(-79.4,-28.,3.5));
#313 = SURFACE_CURVE('',#314,(#319,#325),.PCURVE_S1.);
#314 = CIRCLE('',#315,1.);
#315 = AXIS2_PLACEMENT_3D('',#316,#317,#318);
#316 = CARTESIAN_POINT('',(-79.4,-28.,2.5));
#317 = DIRECTION('',(0.,-1.,0.));
#318 = DIRECTION('',(-1.,0.,0.));
#319 = PCURVE('',#295,#320);
#320 = DEFINITIONAL_REPRESENTATION('',(#321),#324);
#321 = B_SPLINE_CURVE_WITH_KNOTS('',1,(#322,#323),.UNSPECIFIED.,.F.,.F.,
  (2,2),(4.712388980385,6.28318530718),.PIECEWISE_BEZIER_KNOTS.);
#322 = CARTESIAN_POINT('',(1.570796326795,1.));
#323 = CARTESIAN_POINT('',(0.,1.));
#324 = ( GEOMETRIC_REPRESENTATION_CONTEXT(2) 
PARAMETRIC_REPRESENTATION_CONTEXT() REPRESENTATION_CONTEXT('2D SPACE',''
  ) );
#325 = PCURVE('',#326,#331);
#326 = SPHERICAL_SURFACE('',#327,1.);
#327 = AXIS2_PLACEMENT_3D('',#328,#329,#330);
#328 = CARTESIAN_POINT('',(-79.4,-28.,2.5));
#329 = DIRECTION('',(-0.,-0.,-1.));
#330 = DIRECTION('',(-1.,0.,0.));
#331 = DEFINITIONAL_REPRESENTATION('',(#332),#335);
#332 = B_SPLINE_CURVE_WITH_KNOTS('',1,(#333,#334),.UNSPECIFIED.,.F.,.F.,
  (2,2),(4.712388980385,6.28318530718),.PIECEWISE_BEZIER_KNOTS.);
#333 = CARTESIAN_POINT('',(0.,-1.570796326795));
#334 = CARTESIAN_POINT('',(0.,0.));
#335 = ( GEOMETRIC_REPRESENTATION_CONTEXT(2) 
PARAMETRIC_REPRESENTATION_CONTEXT() REPRESENTATION_CONTEXT('2D SPACE',''
  ) );
#336 = ORIENTED_EDGE('',*,*,#337,.T.);
#337 = EDGE_CURVE('',#311,#338,#340,.T.);
#338 = VERTEX_POINT('',#339);
#339 = CARTESIAN_POINT('',(-79.4,-5.477225575052,3.5));
#340 = SURFACE_CURVE('',#341,(#345,#352),.PCURVE_S1.);
#341 = LINE('',#342,#343);
#342 = CARTESIAN_POINT('',(-79.4,-28.,3.5));
#343 = VECTOR('',#344,1.);
#344 = DIRECTION('',(0.,1.,0.));
#345 = PCURVE('',#295,#346);
#346 = DEFINITIONAL_REPRESENTATION('',(#347),#351);
#347 = LINE('',#348,#349);
#348 = CARTESIAN_POINT('',(1.570796326795,1.));
#349 = VECTOR('',#350,1.);
#350 = DIRECTION('',(0.,1.));
#351 = ( GEOMETRIC_REPRESENTATION_CONTEXT(2) 
PARAMETRIC_REPRESENTATION_CONTEXT() REPRESENTATION_CONTEXT('2D SPACE',''
  ) );
#352 = PCURVE('',#353,#358);
#353 = PLANE('',#354);
#354 = AXIS2_PLACEMENT_3D('',#355,#356,#357);
#355 = CARTESIAN_POINT('',(-80.4,-29.,3.5));
#356 = DIRECTION('',(0.,0.,1.));
#357 = DIRECTION('',(1.,0.,0.));
#358 = DEFINITIONAL_REPRESENTATION('',(#359),#363);
#359 = LINE('',#360,#361);
#360 = CARTESIAN_POINT('',(1.,1.));
#361 = VECTOR('',#362,1.);
#362 = DIRECTION('',(0.,1.));
#363 = ( GEOMETRIC_REPRESENTATION_CONTEXT(2) 
PARAMETRIC_REPRESENTATION_CONTEXT() REPRESENTATION_CONTEXT('2D SPACE',''
  ) );
#364 = ORIENTED_EDGE('',*,*,#365,.T.);
#365 = EDGE_CURVE('',#338,#253,#366,.T.);
#366 = SURFACE_CURVE('',#367,(#390,#441),.PCURVE_S1.);
#367 = B_SPLINE_CURVE_WITH_KNOTS('',6,(#368,#369,#370,#371,#372,#373,
    #374,#375,#376,#377,#378,#379,#380,#381,#382,#383,#384,#385,#386,
    #387,#388,#389),.UNSPECIFIED.,.F.,.F.,(7,5,5,5,7),(0.654121517541,
    1.006870822815,1.170453980968,1.42784307788,1.654121517541),
  .UNSPECIFIED.);
#368 = CARTESIAN_POINT('',(-79.4000000596,-5.477225575052,3.5));
#369 = CARTESIAN_POINT('',(-79.48877676259,-5.477225578433,
    3.499999994708));
#370 = CARTESIAN_POINT('',(-79.57747805873,-5.483268983973,
    3.490542506862));
#371 = CARTESIAN_POINT('',(-79.66498293653,-5.495337011708,
    3.471657138511));
#372 = CARTESIAN_POINT('',(-79.75016836304,-5.513156431903,
    3.443500858309));
#373 = CARTESIAN_POINT('',(-79.8318987212,-5.536201268546,3.406364089382
    ));
#374 = CARTESIAN_POINT('',(-79.94481539294,-5.576538404018,
    3.339585355867));
#375 = CARTESIAN_POINT('',(-79.97961926057,-5.590294263712,
    3.316594175912));
#376 = CARTESIAN_POINT('',(-80.01335303109,-5.604962250941,
    3.291806179227));
#377 = CARTESIAN_POINT('',(-80.0459149742,-5.620472104961,3.265263127199
    ));
#378 = CARTESIAN_POINT('',(-80.07720145652,-5.636748595799,
    3.237012105853));
#379 = CARTESIAN_POINT('',(-80.15416116377,-5.680404511255,
    3.160052398599));
#380 = CARTESIAN_POINT('',(-80.1978254208,-5.708815262522,3.108872839301
    ));
#381 = CARTESIAN_POINT('',(-80.23765625689,-5.738626461749,
    3.053792956306));
#382 = CARTESIAN_POINT('',(-80.27321487538,-5.769494793487,
    2.995081439732));
#383 = CARTESIAN_POINT('',(-80.30406593156,-5.801067463086,
    2.933062000276));
#384 = CARTESIAN_POINT('',(-80.3523794018,-5.861068425042,2.811036103745
    ));
#385 = CARTESIAN_POINT('',(-80.37102437756,-5.889434541448,
    2.751654140642));
#386 = CARTESIAN_POINT('',(-80.38535024716,-5.917786388753,
    2.690388069457));
#387 = CARTESIAN_POINT('',(-80.39507594697,-5.945832238566,
    2.627691659776));
#388 = CARTESIAN_POINT('',(-80.4,-5.973310170323,2.564055591226));
#389 = CARTESIAN_POINT('',(-80.4,-6.,2.5));
#390 = PCURVE('',#295,#391);
#391 = DEFINITIONAL_REPRESENTATION('',(#392),#440);
#392 = B_SPLINE_CURVE_WITH_KNOTS('',3,(#393,#394,#395,#396,#397,#398,
    #399,#400,#401,#402,#403,#404,#405,#406,#407,#408,#409,#410,#411,
    #412,#413,#414,#415,#416,#417,#418,#419,#420,#421,#422,#423,#424,
    #425,#426,#427,#428,#429,#430,#431,#432,#433,#434,#435,#436,#437,
    #438,#439),.UNSPECIFIED.,.F.,.F.,(4,1,1,1,1,1,1,1,1,1,1,1,1,1,1,1,1,
    1,1,1,1,1,1,1,1,1,1,1,1,1,1,1,1,1,1,1,1,1,1,1,1,1,1,1,4),(
    0.654121517541,0.676848790268,0.699576062995,0.722303335723,
    0.74503060845,0.767757881177,0.790485153904,0.813212426632,
    0.835939699359,0.858666972086,0.881394244813,0.904121517541,
    0.926848790268,0.949576062995,0.972303335723,0.99503060845,
    1.017757881177,1.040485153904,1.063212426632,1.085939699359,
    1.108666972086,1.131394244814,1.154121517541,1.176848790268,
    1.199576062995,1.222303335723,1.24503060845,1.267757881177,
    1.290485153905,1.313212426632,1.335939699359,1.358666972086,
    1.381394244814,1.404121517541,1.426848790268,1.449576062995,
    1.472303335723,1.49503060845,1.517757881177,1.540485153905,
    1.563212426632,1.585939699359,1.608666972086,1.631394244814,
    1.654121517541),.QUASI_UNIFORM_KNOTS.);
#393 = CARTESIAN_POINT('',(1.57079626719,23.522774424948));
#394 = CARTESIAN_POINT('',(1.559356691877,23.522774555683));
#395 = CARTESIAN_POINT('',(1.536480645335,23.522523451768));
#396 = CARTESIAN_POINT('',(1.502171576791,23.521395819963));
#397 = CARTESIAN_POINT('',(1.467863164925,23.519519716364));
#398 = CARTESIAN_POINT('',(1.433551182798,23.516899801409));
#399 = CARTESIAN_POINT('',(1.399231486215,23.513542137632));
#400 = CARTESIAN_POINT('',(1.364900028769,23.509454376191));
#401 = CARTESIAN_POINT('',(1.33055286412,23.504645687128));
#402 = CARTESIAN_POINT('',(1.296186153033,23.499126754114));
#403 = CARTESIAN_POINT('',(1.261796170569,23.492909747591));
#404 = CARTESIAN_POINT('',(1.227379317011,23.486008299961));
#405 = CARTESIAN_POINT('',(1.192932125453,23.478437474283));
#406 = CARTESIAN_POINT('',(1.15845129323,23.470213737012));
#407 = CARTESIAN_POINT('',(1.123933637758,23.461354901133));
#408 = CARTESIAN_POINT('',(1.08937634936,23.451880163797));
#409 = CARTESIAN_POINT('',(1.05477615187,23.441809775667));
#410 = CARTESIAN_POINT('',(1.02013255651,23.431166068999));
#411 = CARTESIAN_POINT('',(0.985427621045,23.419966815474));
#412 = CARTESIAN_POINT('',(0.950654215535,23.40823357023));
#413 = CARTESIAN_POINT('',(0.915804596631,23.395988501511));
#414 = CARTESIAN_POINT('',(0.880871184436,23.383254506876));
#415 = CARTESIAN_POINT('',(0.845846556443,23.370055220611));
#416 = CARTESIAN_POINT('',(0.810722627715,23.356414628679));
#417 = CARTESIAN_POINT('',(0.775493875063,23.342358362308));
#418 = CARTESIAN_POINT('',(0.740142951997,23.327907757524));
#419 = CARTESIAN_POINT('',(0.704663905748,23.313089117684));
#420 = CARTESIAN_POINT('',(0.669051699628,23.297929735423));
#421 = CARTESIAN_POINT('',(0.633300715328,23.282457173217));
#422 = CARTESIAN_POINT('',(0.597405169192,23.266699380936));
#423 = CARTESIAN_POINT('',(0.561359010447,23.250684586805));
#424 = CARTESIAN_POINT('',(0.525155975559,23.234441257744));
#425 = CARTESIAN_POINT('',(0.488789528067,23.217998008775));
#426 = CARTESIAN_POINT('',(0.452253086156,23.20138364678));
#427 = CARTESIAN_POINT('',(0.415539193368,23.184626727806));
#428 = CARTESIAN_POINT('',(0.37864260229,23.167756925819));
#429 = CARTESIAN_POINT('',(0.341548730197,23.150799642101));
#430 = CARTESIAN_POINT('',(0.304259251873,23.133787796708));
#431 = CARTESIAN_POINT('',(0.266786837734,23.116759166552));
#432 = CARTESIAN_POINT('',(0.229139968332,23.09974921125));
#433 = CARTESIAN_POINT('',(0.191327147172,23.082792875914));
#434 = CARTESIAN_POINT('',(0.153355932579,23.065923993567));
#435 = CARTESIAN_POINT('',(0.1152333556,23.049175345959));
#436 = CARTESIAN_POINT('',(7.69659529014E-02,23.032578491137));
#437 = CARTESIAN_POINT('',(3.855992251878E-02,23.016163865607));
#438 = CARTESIAN_POINT('',(1.286739603888E-02,23.005361302787));
#439 = CARTESIAN_POINT('',(0.,23.));
#440 = ( GEOMETRIC_REPRESENTATION_CONTEXT(2) 
PARAMETRIC_REPRESENTATION_CONTEXT() REPRESENTATION_CONTEXT('2D SPACE',''
  ) );
#441 = PCURVE('',#269,#442);
#442 = DEFINITIONAL_REPRESENTATION('',(#443),#491);
#443 = B_SPLINE_CURVE_WITH_KNOTS('',3,(#444,#445,#446,#447,#448,#449,
    #450,#451,#452,#453,#454,#455,#456,#457,#458,#459,#460,#461,#462,
    #463,#464,#465,#466,#467,#468,#469,#470,#471,#472,#473,#474,#475,
    #476,#477,#478,#479,#480,#481,#482,#483,#484,#485,#486,#487,#488,
    #489,#490),.UNSPECIFIED.,.F.,.F.,(4,1,1,1,1,1,1,1,1,1,1,1,1,1,1,1,1,
    1,1,1,1,1,1,1,1,1,1,1,1,1,1,1,1,1,1,1,1,1,1,1,1,1,1,1,4),(
    0.654121517541,0.676848790268,0.699576062995,0.722303335723,
    0.74503060845,0.767757881177,0.790485153904,0.813212426632,
    0.835939699359,0.858666972086,0.881394244813,0.904121517541,
    0.926848790268,0.949576062995,0.972303335723,0.99503060845,
    1.017757881177,1.040485153904,1.063212426632,1.085939699359,
    1.108666972086,1.131394244814,1.154121517541,1.176848790268,
    1.199576062995,1.222303335723,1.24503060845,1.267757881177,
    1.290485153905,1.313212426632,1.335939699359,1.358666972086,
    1.381394244814,1.404121517541,1.426848790268,1.449576062995,
    1.472303335723,1.49503060845,1.517757881177,1.540485153905,
    1.563212426632,1.585939699359,1.608666972086,1.631394244814,
    1.654121517541),.QUASI_UNIFORM_KNOTS.);
#444 = CARTESIAN_POINT('',(1.002186026531,6.399999940395));
#445 = CARTESIAN_POINT('',(1.00218600717,6.388560359969));
#446 = CARTESIAN_POINT('',(1.002257718931,6.365684322699));
#447 = CARTESIAN_POINT('',(1.002579991523,6.3314156462));
#448 = CARTESIAN_POINT('',(1.003116514426,6.297228347809));
#449 = CARTESIAN_POINT('',(1.003866511517,6.263158461068));
#450 = CARTESIAN_POINT('',(1.004828995245,6.22924204915));
#451 = CARTESIAN_POINT('',(1.006002736408,6.195515211345));
#452 = CARTESIAN_POINT('',(1.007386271489,6.162014084684));
#453 = CARTESIAN_POINT('',(1.008977899856,6.128774845234));
#454 = CARTESIAN_POINT('',(1.010775683655,6.095833707466));
#455 = CARTESIAN_POINT('',(1.012777446749,6.063226923596));
#456 = CARTESIAN_POINT('',(1.014980774335,6.030990776863));
#457 = CARTESIAN_POINT('',(1.017383010288,5.999161590998));
#458 = CARTESIAN_POINT('',(1.01998126227,5.96777567292));
#459 = CARTESIAN_POINT('',(1.022772377314,5.936869498225));
#460 = CARTESIAN_POINT('',(1.025753026839,5.906478984212));
#461 = CARTESIAN_POINT('',(1.028919382441,5.876642161856));
#462 = CARTESIAN_POINT('',(1.032269089684,5.847382131571));
#463 = CARTESIAN_POINT('',(1.035798783625,5.818731808748));
#464 = CARTESIAN_POINT('',(1.039505011154,5.790723715973));
#465 = CARTESIAN_POINT('',(1.043384184969,5.763390763417));
#466 = CARTESIAN_POINT('',(1.047432565582,5.736766195168));
#467 = CARTESIAN_POINT('',(1.051646368021,5.710883059381));
#468 = CARTESIAN_POINT('',(1.056021341118,5.685776417208));
#469 = CARTESIAN_POINT('',(1.060554616293,5.661473505518));
#470 = CARTESIAN_POINT('',(1.065241809259,5.638010285535));
#471 = CARTESIAN_POINT('',(1.070078218284,5.615423367296));
#472 = CARTESIAN_POINT('',(1.075059033447,5.593749072698));
#473 = CARTESIAN_POINT('',(1.080179279235,5.573023692052));
#474 = CARTESIAN_POINT('',(1.085433829124,5.553283419088));
#475 = CARTESIAN_POINT('',(1.090817397556,5.534564378672));
#476 = CARTESIAN_POINT('',(1.096324548904,5.51690260519));
#477 = CARTESIAN_POINT('',(1.101949659605,5.500334125577));
#478 = CARTESIAN_POINT('',(1.107687049133,5.484894673083));
#479 = CARTESIAN_POINT('',(1.11353048085,5.470620773458));
#480 = CARTESIAN_POINT('',(1.119475012894,5.457545710721));
#481 = CARTESIAN_POINT('',(1.125512885293,5.445708673516));
#482 = CARTESIAN_POINT('',(1.131634247502,5.435150206085));
#483 = CARTESIAN_POINT('',(1.13782962887,5.425906783575));
#484 = CARTESIAN_POINT('',(1.144089293001,5.418012264984));
#485 = CARTESIAN_POINT('',(1.150403423435,5.411497502092));
#486 = CARTESIAN_POINT('',(1.156762087047,5.406390473571));
#487 = CARTESIAN_POINT('',(1.163155253776,5.402716162397));
#488 = CARTESIAN_POINT('',(1.169572811747,5.400496934867));
#489 = CARTESIAN_POINT('',(1.17386063249,5.399999758211));
#490 = CARTESIAN_POINT('',(1.176005207095,5.4));
#491 = ( GEOMETRIC_REPRESENTATION_CONTEXT(2) 
PARAMETRIC_REPRESENTATION_CONTEXT() REPRESENTATION_CONTEXT('2D SPACE',''
  ) );
#492 = ORIENTED_EDGE('',*,*,#281,.F.);
#493 = ADVANCED_FACE('',(#494,#847,#1062),#353,.T.);
#494 = FACE_BOUND('',#495,.T.);
#495 = EDGE_LOOP('',(#496,#497,#525,#553,#581,#609,#636,#664,#691,#719,
    #747,#775,#798,#826));
#496 = ORIENTED_EDGE('',*,*,#337,.F.);
#497 = ORIENTED_EDGE('',*,*,#498,.T.);
#498 = EDGE_CURVE('',#311,#499,#501,.T.);
#499 = VERTEX_POINT('',#500);
#500 = CARTESIAN_POINT('',(-1.1,-28.,3.5));
#501 = SURFACE_CURVE('',#502,(#506,#513),.PCURVE_S1.);
#502 = LINE('',#503,#504);
#503 = CARTESIAN_POINT('',(-79.4,-28.,3.5));
#504 = VECTOR('',#505,1.);
#505 = DIRECTION('',(1.,0.,0.));
#506 = PCURVE('',#353,#507);
#507 = DEFINITIONAL_REPRESENTATION('',(#508),#512);
#508 = LINE('',#509,#510);
#509 = CARTESIAN_POINT('',(1.,1.));
#510 = VECTOR('',#511,1.);
#511 = DIRECTION('',(1.,0.));
#512 = ( GEOMETRIC_REPRESENTATION_CONTEXT(2) 
PARAMETRIC_REPRESENTATION_CONTEXT() REPRESENTATION_CONTEXT('2D SPACE',''
  ) );
#513 = PCURVE('',#514,#519);
#514 = CYLINDRICAL_SURFACE('',#515,1.);
#515 = AXIS2_PLACEMENT_3D('',#516,#517,#518);
#516 = CARTESIAN_POINT('',(-80.4,-28.,2.5));
#517 = DIRECTION('',(1.,0.,0.));
#518 = DIRECTION('',(0.,-1.,0.));
#519 = DEFINITIONAL_REPRESENTATION('',(#520),#524);
#520 = LINE('',#521,#522);
#521 = CARTESIAN_POINT('',(-1.570796326795,1.));
#522 = VECTOR('',#523,1.);
#523 = DIRECTION('',(-0.,1.));
#524 = ( GEOMETRIC_REPRESENTATION_CONTEXT(2) 
PARAMETRIC_REPRESENTATION_CONTEXT() REPRESENTATION_CONTEXT('2D SPACE',''
  ) );
#525 = ORIENTED_EDGE('',*,*,#526,.T.);
#526 = EDGE_CURVE('',#499,#527,#529,.T.);
#527 = VERTEX_POINT('',#528);
#528 = CARTESIAN_POINT('',(-1.1,-25.4,3.5));
#529 = SURFACE_CURVE('',#530,(#534,#541),.PCURVE_S1.);
#530 = LINE('',#531,#532);
#531 = CARTESIAN_POINT('',(-1.1,-29.,3.5));
#532 = VECTOR('',#533,1.);
#533 = DIRECTION('',(0.,1.,0.));
#534 = PCURVE('',#353,#535);
#535 = DEFINITIONAL_REPRESENTATION('',(#536),#540);
#536 = LINE('',#537,#538);
#537 = CARTESIAN_POINT('',(79.3,0.));
#538 = VECTOR('',#539,1.);
#539 = DIRECTION('',(0.,1.));
#540 = ( GEOMETRIC_REPRESENTATION_CONTEXT(2) 
PARAMETRIC_REPRESENTATION_CONTEXT() REPRESENTATION_CONTEXT('2D SPACE',''
  ) );
#541 = PCURVE('',#542,#547);
#542 = CYLINDRICAL_SURFACE('',#543,1.);
#543 = AXIS2_PLACEMENT_3D('',#544,#545,#546);
#544 = CARTESIAN_POINT('',(-1.1,-29.,2.5));
#545 = DIRECTION('',(0.,1.,0.));
#546 = DIRECTION('',(1.,0.,-0.));
#547 = DEFINITIONAL_REPRESENTATION('',(#548),#552);
#548 = LINE('',#549,#550);
#549 = CARTESIAN_POINT('',(-1.570796326795,0.));
#550 = VECTOR('',#551,1.);
#551 = DIRECTION('',(-0.,1.));
#552 = ( GEOMETRIC_REPRESENTATION_CONTEXT(2) 
PARAMETRIC_REPRESENTATION_CONTEXT() REPRESENTATION_CONTEXT('2D SPACE',''
  ) );
#553 = ORIENTED_EDGE('',*,*,#554,.F.);
#554 = EDGE_CURVE('',#555,#527,#557,.T.);
#555 = VERTEX_POINT('',#556);
#556 = CARTESIAN_POINT('',(-15.6,-25.4,3.5));
#557 = SURFACE_CURVE('',#558,(#562,#569),.PCURVE_S1.);
#558 = LINE('',#559,#560);
#559 = CARTESIAN_POINT('',(-80.4,-25.4,3.5));
#560 = VECTOR('',#561,1.);
#561 = DIRECTION('',(1.,0.,0.));
#562 = PCURVE('',#353,#563);
#563 = DEFINITIONAL_REPRESENTATION('',(#564),#568);
#564 = LINE('',#565,#566);
#565 = CARTESIAN_POINT('',(0.,3.6));
#566 = VECTOR('',#567,1.);
#567 = DIRECTION('',(1.,0.));
#568 = ( GEOMETRIC_REPRESENTATION_CONTEXT(2) 
PARAMETRIC_REPRESENTATION_CONTEXT() REPRESENTATION_CONTEXT('2D SPACE',''
  ) );
#569 = PCURVE('',#570,#575);
#570 = CYLINDRICAL_SURFACE('',#571,1.);
#571 = AXIS2_PLACEMENT_3D('',#572,#573,#574);
#572 = CARTESIAN_POINT('',(-80.4,-25.4,2.5));
#573 = DIRECTION('',(1.,0.,0.));
#574 = DIRECTION('',(-0.,1.,0.));
#575 = DEFINITIONAL_REPRESENTATION('',(#576),#580);
#576 = LINE('',#577,#578);
#577 = CARTESIAN_POINT('',(1.570796326795,0.));
#578 = VECTOR('',#579,1.);
#579 = DIRECTION('',(0.,1.));
#580 = ( GEOMETRIC_REPRESENTATION_CONTEXT(2) 
PARAMETRIC_REPRESENTATION_CONTEXT() REPRESENTATION_CONTEXT('2D SPACE',''
  ) );
#581 = ORIENTED_EDGE('',*,*,#582,.T.);
#582 = EDGE_CURVE('',#555,#583,#585,.T.);
#583 = VERTEX_POINT('',#584);
#584 = CARTESIAN_POINT('',(-15.6,-5.477225575052,3.5));
#585 = SURFACE_CURVE('',#586,(#590,#597),.PCURVE_S1.);
#586 = LINE('',#587,#588);
#587 = CARTESIAN_POINT('',(-15.6,-25.4,3.5));
#588 = VECTOR('',#589,1.);
#589 = DIRECTION('',(-1.783242435527E-16,1.,0.));
#590 = PCURVE('',#353,#591);
#591 = DEFINITIONAL_REPRESENTATION('',(#592),#596);
#592 = LINE('',#593,#594);
#593 = CARTESIAN_POINT('',(64.8,3.6));
#594 = VECTOR('',#595,1.);
#595 = DIRECTION('',(-1.783242435527E-16,1.));
#596 = ( GEOMETRIC_REPRESENTATION_CONTEXT(2) 
PARAMETRIC_REPRESENTATION_CONTEXT() REPRESENTATION_CONTEXT('2D SPACE',''
  ) );
#597 = PCURVE('',#598,#603);
#598 = CYLINDRICAL_SURFACE('',#599,1.);
#599 = AXIS2_PLACEMENT_3D('',#600,#601,#602);
#600 = CARTESIAN_POINT('',(-15.6,-29.,2.5));
#601 = DIRECTION('',(0.,1.,0.));
#602 = DIRECTION('',(1.,0.,-0.));
#603 = DEFINITIONAL_REPRESENTATION('',(#604),#608);
#604 = LINE('',#605,#606);
#605 = CARTESIAN_POINT('',(-1.570796326795,3.6));
#606 = VECTOR('',#607,1.);
#607 = DIRECTION('',(-0.,1.));
#608 = ( GEOMETRIC_REPRESENTATION_CONTEXT(2) 
PARAMETRIC_REPRESENTATION_CONTEXT() REPRESENTATION_CONTEXT('2D SPACE',''
  ) );
#609 = ORIENTED_EDGE('',*,*,#610,.T.);
#610 = EDGE_CURVE('',#583,#611,#613,.T.);
#611 = VERTEX_POINT('',#612);
#612 = CARTESIAN_POINT('',(-14.6,-5.477225575052,3.5));
#613 = SURFACE_CURVE('',#614,(#618,#625),.PCURVE_S1.);
#614 = LINE('',#615,#616);
#615 = CARTESIAN_POINT('',(-20.2,-5.477225575052,3.5));
#616 = VECTOR('',#617,1.);
#617 = DIRECTION('',(1.,0.,0.));
#618 = PCURVE('',#353,#619);
#619 = DEFINITIONAL_REPRESENTATION('',(#620),#624);
#620 = LINE('',#621,#622);
#621 = CARTESIAN_POINT('',(60.2,23.522774424948));
#622 = VECTOR('',#623,1.);
#623 = DIRECTION('',(1.,0.));
#624 = ( GEOMETRIC_REPRESENTATION_CONTEXT(2) 
PARAMETRIC_REPRESENTATION_CONTEXT() REPRESENTATION_CONTEXT('2D SPACE',''
  ) );
#625 = PCURVE('',#626,#631);
#626 = CYLINDRICAL_SURFACE('',#627,6.5);
#627 = AXIS2_PLACEMENT_3D('',#628,#629,#630);
#628 = CARTESIAN_POINT('',(-20.2,0.,0.));
#629 = DIRECTION('',(1.,0.,0.));
#630 = DIRECTION('',(-0.,0.,1.));
#631 = DEFINITIONAL_REPRESENTATION('',(#632),#635);
#632 = B_SPLINE_CURVE_WITH_KNOTS('',1,(#633,#634),.UNSPECIFIED.,.F.,.F.,
  (2,2),(-5.999999999062E-07,5.6000006),.PIECEWISE_BEZIER_KNOTS.);
#633 = CARTESIAN_POINT('',(1.002186026531,-5.999999999062E-07));
#634 = CARTESIAN_POINT('',(1.002186026531,5.6000006));
#635 = ( GEOMETRIC_REPRESENTATION_CONTEXT(2) 
PARAMETRIC_REPRESENTATION_CONTEXT() REPRESENTATION_CONTEXT('2D SPACE',''
  ) );
#636 = ORIENTED_EDGE('',*,*,#637,.T.);
#637 = EDGE_CURVE('',#611,#638,#640,.T.);
#638 = VERTEX_POINT('',#639);
#639 = CARTESIAN_POINT('',(-14.6,5.477225575052,3.5));
#640 = SURFACE_CURVE('',#641,(#645,#652),.PCURVE_S1.);
#641 = LINE('',#642,#643);
#642 = CARTESIAN_POINT('',(-14.6,-10.,3.5));
#643 = VECTOR('',#644,1.);
#644 = DIRECTION('',(-0.,1.,0.));
#645 = PCURVE('',#353,#646);
#646 = DEFINITIONAL_REPRESENTATION('',(#647),#651);
#647 = LINE('',#648,#649);
#648 = CARTESIAN_POINT('',(65.8,19.));
#649 = VECTOR('',#650,1.);
#650 = DIRECTION('',(0.,1.));
#651 = ( GEOMETRIC_REPRESENTATION_CONTEXT(2) 
PARAMETRIC_REPRESENTATION_CONTEXT() REPRESENTATION_CONTEXT('2D SPACE',''
  ) );
#652 = PCURVE('',#653,#658);
#653 = PLANE('',#654);
#654 = AXIS2_PLACEMENT_3D('',#655,#656,#657);
#655 = CARTESIAN_POINT('',(-14.6,0.,0.));
#656 = DIRECTION('',(1.,0.,0.));
#657 = DIRECTION('',(-0.,0.,1.));
#658 = DEFINITIONAL_REPRESENTATION('',(#659),#663);
#659 = LINE('',#660,#661);
#660 = CARTESIAN_POINT('',(3.5,10.));
#661 = VECTOR('',#662,1.);
#662 = DIRECTION('',(0.,-1.));
#663 = ( GEOMETRIC_REPRESENTATION_CONTEXT(2) 
PARAMETRIC_REPRESENTATION_CONTEXT() REPRESENTATION_CONTEXT('2D SPACE',''
  ) );
#664 = ORIENTED_EDGE('',*,*,#665,.F.);
#665 = EDGE_CURVE('',#666,#638,#668,.T.);
#666 = VERTEX_POINT('',#667);
#667 = CARTESIAN_POINT('',(-15.6,5.477225575052,3.5));
#668 = SURFACE_CURVE('',#669,(#673,#680),.PCURVE_S1.);
#669 = LINE('',#670,#671);
#670 = CARTESIAN_POINT('',(-20.2,5.477225575052,3.5));
#671 = VECTOR('',#672,1.);
#672 = DIRECTION('',(1.,0.,0.));
#673 = PCURVE('',#353,#674);
#674 = DEFINITIONAL_REPRESENTATION('',(#675),#679);
#675 = LINE('',#676,#677);
#676 = CARTESIAN_POINT('',(60.2,34.477225575052));
#677 = VECTOR('',#678,1.);
#678 = DIRECTION('',(1.,0.));
#679 = ( GEOMETRIC_REPRESENTATION_CONTEXT(2) 
PARAMETRIC_REPRESENTATION_CONTEXT() REPRESENTATION_CONTEXT('2D SPACE',''
  ) );
#680 = PCURVE('',#681,#686);
#681 = CYLINDRICAL_SURFACE('',#682,6.5);
#682 = AXIS2_PLACEMENT_3D('',#683,#684,#685);
#683 = CARTESIAN_POINT('',(-20.2,0.,0.));
#684 = DIRECTION('',(1.,0.,0.));
#685 = DIRECTION('',(-0.,0.,1.));
#686 = DEFINITIONAL_REPRESENTATION('',(#687),#690);
#687 = B_SPLINE_CURVE_WITH_KNOTS('',1,(#688,#689),.UNSPECIFIED.,.F.,.F.,
  (2,2),(-5.999999999062E-07,5.6000006),.PIECEWISE_BEZIER_KNOTS.);
#688 = CARTESIAN_POINT('',(5.280999280649,-5.999999999062E-07));
#689 = CARTESIAN_POINT('',(5.280999280649,5.6000006));
#690 = ( GEOMETRIC_REPRESENTATION_CONTEXT(2) 
PARAMETRIC_REPRESENTATION_CONTEXT() REPRESENTATION_CONTEXT('2D SPACE',''
  ) );
#691 = ORIENTED_EDGE('',*,*,#692,.T.);
#692 = EDGE_CURVE('',#666,#693,#695,.T.);
#693 = VERTEX_POINT('',#694);
#694 = CARTESIAN_POINT('',(-15.6,24.7,3.5));
#695 = SURFACE_CURVE('',#696,(#700,#707),.PCURVE_S1.);
#696 = LINE('',#697,#698);
#697 = CARTESIAN_POINT('',(-15.6,5.477225575052,3.5));
#698 = VECTOR('',#699,1.);
#699 = DIRECTION('',(9.240897282209E-17,1.,0.));
#700 = PCURVE('',#353,#701);
#701 = DEFINITIONAL_REPRESENTATION('',(#702),#706);
#702 = LINE('',#703,#704);
#703 = CARTESIAN_POINT('',(64.8,34.477225575052));
#704 = VECTOR('',#705,1.);
#705 = DIRECTION('',(9.240897282209E-17,1.));
#706 = ( GEOMETRIC_REPRESENTATION_CONTEXT(2) 
PARAMETRIC_REPRESENTATION_CONTEXT() REPRESENTATION_CONTEXT('2D SPACE',''
  ) );
#707 = PCURVE('',#708,#713);
#708 = CYLINDRICAL_SURFACE('',#709,1.);
#709 = AXIS2_PLACEMENT_3D('',#710,#711,#712);
#710 = CARTESIAN_POINT('',(-15.6,-29.,2.5));
#711 = DIRECTION('',(0.,1.,0.));
#712 = DIRECTION('',(1.,0.,-0.));
#713 = DEFINITIONAL_REPRESENTATION('',(#714),#718);
#714 = LINE('',#715,#716);
#715 = CARTESIAN_POINT('',(-1.570796326795,34.477225575052));
#716 = VECTOR('',#717,1.);
#717 = DIRECTION('',(-0.,1.));
#718 = ( GEOMETRIC_REPRESENTATION_CONTEXT(2) 
PARAMETRIC_REPRESENTATION_CONTEXT() REPRESENTATION_CONTEXT('2D SPACE',''
  ) );
#719 = ORIENTED_EDGE('',*,*,#720,.T.);
#720 = EDGE_CURVE('',#693,#721,#723,.T.);
#721 = VERTEX_POINT('',#722);
#722 = CARTESIAN_POINT('',(-79.4,24.7,3.5));
#723 = SURFACE_CURVE('',#724,(#728,#735),.PCURVE_S1.);
#724 = LINE('',#725,#726);
#725 = CARTESIAN_POINT('',(-15.6,24.7,3.5));
#726 = VECTOR('',#727,1.);
#727 = DIRECTION('',(-1.,0.,0.));
#728 = PCURVE('',#353,#729);
#729 = DEFINITIONAL_REPRESENTATION('',(#730),#734);
#730 = LINE('',#731,#732);
#731 = CARTESIAN_POINT('',(64.8,53.7));
#732 = VECTOR('',#733,1.);
#733 = DIRECTION('',(-1.,0.));
#734 = ( GEOMETRIC_REPRESENTATION_CONTEXT(2) 
PARAMETRIC_REPRESENTATION_CONTEXT() REPRESENTATION_CONTEXT('2D SPACE',''
  ) );
#735 = PCURVE('',#736,#741);
#736 = CYLINDRICAL_SURFACE('',#737,1.);
#737 = AXIS2_PLACEMENT_3D('',#738,#739,#740);
#738 = CARTESIAN_POINT('',(-80.4,24.7,2.5));
#739 = DIRECTION('',(1.,0.,0.));
#740 = DIRECTION('',(-0.,1.,0.));
#741 = DEFINITIONAL_REPRESENTATION('',(#742),#746);
#742 = LINE('',#743,#744);
#743 = CARTESIAN_POINT('',(1.570796326795,64.8));
#744 = VECTOR('',#745,1.);
#745 = DIRECTION('',(-0.,-1.));
#746 = ( GEOMETRIC_REPRESENTATION_CONTEXT(2) 
PARAMETRIC_REPRESENTATION_CONTEXT() REPRESENTATION_CONTEXT('2D SPACE',''
  ) );
#747 = ORIENTED_EDGE('',*,*,#748,.T.);
#748 = EDGE_CURVE('',#721,#749,#751,.T.);
#749 = VERTEX_POINT('',#750);
#750 = CARTESIAN_POINT('',(-79.4,5.477225575052,3.5));
#751 = SURFACE_CURVE('',#752,(#756,#763),.PCURVE_S1.);
#752 = LINE('',#753,#754);
#753 = CARTESIAN_POINT('',(-79.4,24.7,3.5));
#754 = VECTOR('',#755,1.);
#755 = DIRECTION('',(0.,-1.,0.));
#756 = PCURVE('',#353,#757);
#757 = DEFINITIONAL_REPRESENTATION('',(#758),#762);
#758 = LINE('',#759,#760);
#759 = CARTESIAN_POINT('',(1.,53.7));
#760 = VECTOR('',#761,1.);
#761 = DIRECTION('',(0.,-1.));
#762 = ( GEOMETRIC_REPRESENTATION_CONTEXT(2) 
PARAMETRIC_REPRESENTATION_CONTEXT() REPRESENTATION_CONTEXT('2D SPACE',''
  ) );
#763 = PCURVE('',#764,#769);
#764 = CYLINDRICAL_SURFACE('',#765,1.);
#765 = AXIS2_PLACEMENT_3D('',#766,#767,#768);
#766 = CARTESIAN_POINT('',(-79.4,-29.,2.5));
#767 = DIRECTION('',(0.,1.,0.));
#768 = DIRECTION('',(-1.,0.,0.));
#769 = DEFINITIONAL_REPRESENTATION('',(#770),#774);
#770 = LINE('',#771,#772);
#771 = CARTESIAN_POINT('',(1.570796326795,53.7));
#772 = VECTOR('',#773,1.);
#773 = DIRECTION('',(-0.,-1.));
#774 = ( GEOMETRIC_REPRESENTATION_CONTEXT(2) 
PARAMETRIC_REPRESENTATION_CONTEXT() REPRESENTATION_CONTEXT('2D SPACE',''
  ) );
#775 = ORIENTED_EDGE('',*,*,#776,.T.);
#776 = EDGE_CURVE('',#749,#777,#779,.T.);
#777 = VERTEX_POINT('',#778);
#778 = CARTESIAN_POINT('',(-85.8,5.477225575052,3.5));
#779 = SURFACE_CURVE('',#780,(#784,#791),.PCURVE_S1.);
#780 = LINE('',#781,#782);
#781 = CARTESIAN_POINT('',(-79.4,5.477225575052,3.5));
#782 = VECTOR('',#783,1.);
#783 = DIRECTION('',(-1.,2.192690473635E-14,-1.727784582073E-14));
#784 = PCURVE('',#353,#785);
#785 = DEFINITIONAL_REPRESENTATION('',(#786),#790);
#786 = LINE('',#787,#788);
#787 = CARTESIAN_POINT('',(1.,34.477225575052));
#788 = VECTOR('',#789,1.);
#789 = DIRECTION('',(-1.,2.192690473635E-14));
#790 = ( GEOMETRIC_REPRESENTATION_CONTEXT(2) 
PARAMETRIC_REPRESENTATION_CONTEXT() REPRESENTATION_CONTEXT('2D SPACE',''
  ) );
#791 = PCURVE('',#269,#792);
#792 = DEFINITIONAL_REPRESENTATION('',(#793),#797);
#793 = LINE('',#794,#795);
#794 = CARTESIAN_POINT('',(5.280999280649,6.4));
#795 = VECTOR('',#796,1.);
#796 = DIRECTION('',(-0.,-1.));
#797 = ( GEOMETRIC_REPRESENTATION_CONTEXT(2) 
PARAMETRIC_REPRESENTATION_CONTEXT() REPRESENTATION_CONTEXT('2D SPACE',''
  ) );
#798 = ORIENTED_EDGE('',*,*,#799,.F.);
#799 = EDGE_CURVE('',#800,#777,#802,.T.);
#800 = VERTEX_POINT('',#801);
#801 = CARTESIAN_POINT('',(-85.8,-5.477225575052,3.5));
#802 = SURFACE_CURVE('',#803,(#807,#814),.PCURVE_S1.);
#803 = LINE('',#804,#805);
#804 = CARTESIAN_POINT('',(-85.8,-10.,3.5));
#805 = VECTOR('',#806,1.);
#806 = DIRECTION('',(-0.,1.,0.));
#807 = PCURVE('',#353,#808);
#808 = DEFINITIONAL_REPRESENTATION('',(#809),#813);
#809 = LINE('',#810,#811);
#810 = CARTESIAN_POINT('',(-5.4,19.));
#811 = VECTOR('',#812,1.);
#812 = DIRECTION('',(0.,1.));
#813 = ( GEOMETRIC_REPRESENTATION_CONTEXT(2) 
PARAMETRIC_REPRESENTATION_CONTEXT() REPRESENTATION_CONTEXT('2D SPACE',''
  ) );
#814 = PCURVE('',#815,#820);
#815 = PLANE('',#816);
#816 = AXIS2_PLACEMENT_3D('',#817,#818,#819);
#817 = CARTESIAN_POINT('',(-85.8,0.,0.));
#818 = DIRECTION('',(1.,0.,0.));
#819 = DIRECTION('',(-0.,0.,1.));
#820 = DEFINITIONAL_REPRESENTATION('',(#821),#825);
#821 = LINE('',#822,#823);
#822 = CARTESIAN_POINT('',(3.5,10.));
#823 = VECTOR('',#824,1.);
#824 = DIRECTION('',(0.,-1.));
#825 = ( GEOMETRIC_REPRESENTATION_CONTEXT(2) 
PARAMETRIC_REPRESENTATION_CONTEXT() REPRESENTATION_CONTEXT('2D SPACE',''
  ) );
#826 = ORIENTED_EDGE('',*,*,#827,.T.);
#827 = EDGE_CURVE('',#800,#338,#828,.T.);
#828 = SURFACE_CURVE('',#829,(#833,#840),.PCURVE_S1.);
#829 = LINE('',#830,#831);
#830 = CARTESIAN_POINT('',(-85.8,-5.477225575052,3.5));
#831 = VECTOR('',#832,1.);
#832 = DIRECTION('',(1.,2.178812685827E-14,1.713906794265E-14));
#833 = PCURVE('',#353,#834);
#834 = DEFINITIONAL_REPRESENTATION('',(#835),#839);
#835 = LINE('',#836,#837);
#836 = CARTESIAN_POINT('',(-5.4,23.522774424948));
#837 = VECTOR('',#838,1.);
#838 = DIRECTION('',(1.,2.178812685827E-14));
#839 = ( GEOMETRIC_REPRESENTATION_CONTEXT(2) 
PARAMETRIC_REPRESENTATION_CONTEXT() REPRESENTATION_CONTEXT('2D SPACE',''
  ) );
#840 = PCURVE('',#269,#841);
#841 = DEFINITIONAL_REPRESENTATION('',(#842),#846);
#842 = LINE('',#843,#844);
#843 = CARTESIAN_POINT('',(1.002186026531,0.));
#844 = VECTOR('',#845,1.);
#845 = DIRECTION('',(0.,1.));
#846 = ( GEOMETRIC_REPRESENTATION_CONTEXT(2) 
PARAMETRIC_REPRESENTATION_CONTEXT() REPRESENTATION_CONTEXT('2D SPACE',''
  ) );
#847 = FACE_BOUND('',#848,.T.);
#848 = EDGE_LOOP('',(#849,#879,#907,#935,#963,#991,#1017,#1043));
#849 = ORIENTED_EDGE('',*,*,#850,.F.);
#850 = EDGE_CURVE('',#851,#853,#855,.T.);
#851 = VERTEX_POINT('',#852);
#852 = CARTESIAN_POINT('',(-75.8,-25.4,3.5));
#853 = VERTEX_POINT('',#854);
#854 = CARTESIAN_POINT('',(-50.01517395024,-25.4,3.5));
#855 = SURFACE_CURVE('',#856,(#860,#867),.PCURVE_S1.);
#856 = LINE('',#857,#858);
#857 = CARTESIAN_POINT('',(-80.4,-25.4,3.5));
#858 = VECTOR('',#859,1.);
#859 = DIRECTION('',(1.,0.,0.));
#860 = PCURVE('',#353,#861);
#861 = DEFINITIONAL_REPRESENTATION('',(#862),#866);
#862 = LINE('',#863,#864);
#863 = CARTESIAN_POINT('',(0.,3.6));
#864 = VECTOR('',#865,1.);
#865 = DIRECTION('',(1.,0.));
#866 = ( GEOMETRIC_REPRESENTATION_CONTEXT(2) 
PARAMETRIC_REPRESENTATION_CONTEXT() REPRESENTATION_CONTEXT('2D SPACE',''
  ) );
#867 = PCURVE('',#868,#873);
#868 = CYLINDRICAL_SURFACE('',#869,1.);
#869 = AXIS2_PLACEMENT_3D('',#870,#871,#872);
#870 = CARTESIAN_POINT('',(-80.4,-25.4,2.5));
#871 = DIRECTION('',(1.,0.,0.));
#872 = DIRECTION('',(-0.,1.,0.));
#873 = DEFINITIONAL_REPRESENTATION('',(#874),#878);
#874 = LINE('',#875,#876);
#875 = CARTESIAN_POINT('',(1.570796326795,0.));
#876 = VECTOR('',#877,1.);
#877 = DIRECTION('',(0.,1.));
#878 = ( GEOMETRIC_REPRESENTATION_CONTEXT(2) 
PARAMETRIC_REPRESENTATION_CONTEXT() REPRESENTATION_CONTEXT('2D SPACE',''
  ) );
#879 = ORIENTED_EDGE('',*,*,#880,.T.);
#880 = EDGE_CURVE('',#851,#881,#883,.T.);
#881 = VERTEX_POINT('',#882);
#882 = CARTESIAN_POINT('',(-75.8,-22.3,3.5));
#883 = SURFACE_CURVE('',#884,(#888,#895),.PCURVE_S1.);
#884 = LINE('',#885,#886);
#885 = CARTESIAN_POINT('',(-75.8,-29.,3.5));
#886 = VECTOR('',#887,1.);
#887 = DIRECTION('',(0.,1.,0.));
#888 = PCURVE('',#353,#889);
#889 = DEFINITIONAL_REPRESENTATION('',(#890),#894);
#890 = LINE('',#891,#892);
#891 = CARTESIAN_POINT('',(4.6,0.));
#892 = VECTOR('',#893,1.);
#893 = DIRECTION('',(0.,1.));
#894 = ( GEOMETRIC_REPRESENTATION_CONTEXT(2) 
PARAMETRIC_REPRESENTATION_CONTEXT() REPRESENTATION_CONTEXT('2D SPACE',''
  ) );
#895 = PCURVE('',#896,#901);
#896 = CYLINDRICAL_SURFACE('',#897,1.);
#897 = AXIS2_PLACEMENT_3D('',#898,#899,#900);
#898 = CARTESIAN_POINT('',(-75.8,-29.,2.5));
#899 = DIRECTION('',(0.,1.,0.));
#900 = DIRECTION('',(1.,0.,-0.));
#901 = DEFINITIONAL_REPRESENTATION('',(#902),#906);
#902 = LINE('',#903,#904);
#903 = CARTESIAN_POINT('',(-1.570796326795,0.));
#904 = VECTOR('',#905,1.);
#905 = DIRECTION('',(-0.,1.));
#906 = ( GEOMETRIC_REPRESENTATION_CONTEXT(2) 
PARAMETRIC_REPRESENTATION_CONTEXT() REPRESENTATION_CONTEXT('2D SPACE',''
  ) );
#907 = ORIENTED_EDGE('',*,*,#908,.T.);
#908 = EDGE_CURVE('',#881,#909,#911,.T.);
#909 = VERTEX_POINT('',#910);
#910 = CARTESIAN_POINT('',(-19.2,-22.3,3.5));
#911 = SURFACE_CURVE('',#912,(#916,#923),.PCURVE_S1.);
#912 = LINE('',#913,#914);
#913 = CARTESIAN_POINT('',(-80.4,-22.3,3.5));
#914 = VECTOR('',#915,1.);
#915 = DIRECTION('',(1.,0.,0.));
#916 = PCURVE('',#353,#917);
#917 = DEFINITIONAL_REPRESENTATION('',(#918),#922);
#918 = LINE('',#919,#920);
#919 = CARTESIAN_POINT('',(0.,6.7));
#920 = VECTOR('',#921,1.);
#921 = DIRECTION('',(1.,0.));
#922 = ( GEOMETRIC_REPRESENTATION_CONTEXT(2) 
PARAMETRIC_REPRESENTATION_CONTEXT() REPRESENTATION_CONTEXT('2D SPACE',''
  ) );
#923 = PCURVE('',#924,#929);
#924 = CYLINDRICAL_SURFACE('',#925,1.);
#925 = AXIS2_PLACEMENT_3D('',#926,#927,#928);
#926 = CARTESIAN_POINT('',(-80.4,-22.3,2.5));
#927 = DIRECTION('',(1.,0.,0.));
#928 = DIRECTION('',(0.,-1.,0.));
#929 = DEFINITIONAL_REPRESENTATION('',(#930),#934);
#930 = LINE('',#931,#932);
#931 = CARTESIAN_POINT('',(-1.570796326795,0.));
#932 = VECTOR('',#933,1.);
#933 = DIRECTION('',(-0.,1.));
#934 = ( GEOMETRIC_REPRESENTATION_CONTEXT(2) 
PARAMETRIC_REPRESENTATION_CONTEXT() REPRESENTATION_CONTEXT('2D SPACE',''
  ) );
#935 = ORIENTED_EDGE('',*,*,#936,.F.);
#936 = EDGE_CURVE('',#937,#909,#939,.T.);
#937 = VERTEX_POINT('',#938);
#938 = CARTESIAN_POINT('',(-19.2,-25.4,3.5));
#939 = SURFACE_CURVE('',#940,(#944,#951),.PCURVE_S1.);
#940 = LINE('',#941,#942);
#941 = CARTESIAN_POINT('',(-19.2,-29.,3.5));
#942 = VECTOR('',#943,1.);
#943 = DIRECTION('',(0.,1.,0.));
#944 = PCURVE('',#353,#945);
#945 = DEFINITIONAL_REPRESENTATION('',(#946),#950);
#946 = LINE('',#947,#948);
#947 = CARTESIAN_POINT('',(61.2,0.));
#948 = VECTOR('',#949,1.);
#949 = DIRECTION('',(0.,1.));
#950 = ( GEOMETRIC_REPRESENTATION_CONTEXT(2) 
PARAMETRIC_REPRESENTATION_CONTEXT() REPRESENTATION_CONTEXT('2D SPACE',''
  ) );
#951 = PCURVE('',#952,#957);
#952 = CYLINDRICAL_SURFACE('',#953,1.);
#953 = AXIS2_PLACEMENT_3D('',#954,#955,#956);
#954 = CARTESIAN_POINT('',(-19.2,-29.,2.5));
#955 = DIRECTION('',(0.,1.,0.));
#956 = DIRECTION('',(-1.,0.,0.));
#957 = DEFINITIONAL_REPRESENTATION('',(#958),#962);
#958 = LINE('',#959,#960);
#959 = CARTESIAN_POINT('',(1.570796326795,0.));
#960 = VECTOR('',#961,1.);
#961 = DIRECTION('',(0.,1.));
#962 = ( GEOMETRIC_REPRESENTATION_CONTEXT(2) 
PARAMETRIC_REPRESENTATION_CONTEXT() REPRESENTATION_CONTEXT('2D SPACE',''
  ) );
#963 = ORIENTED_EDGE('',*,*,#964,.F.);
#964 = EDGE_CURVE('',#965,#937,#967,.T.);
#965 = VERTEX_POINT('',#966);
#966 = CARTESIAN_POINT('',(-44.98482604975,-25.4,3.5));
#967 = SURFACE_CURVE('',#968,(#972,#979),.PCURVE_S1.);
#968 = LINE('',#969,#970);
#969 = CARTESIAN_POINT('',(-80.4,-25.4,3.5));
#970 = VECTOR('',#971,1.);
#971 = DIRECTION('',(1.,0.,0.));
#972 = PCURVE('',#353,#973);
#973 = DEFINITIONAL_REPRESENTATION('',(#974),#978);
#974 = LINE('',#975,#976);
#975 = CARTESIAN_POINT('',(0.,3.6));
#976 = VECTOR('',#977,1.);
#977 = DIRECTION('',(1.,0.));
#978 = ( GEOMETRIC_REPRESENTATION_CONTEXT(2) 
PARAMETRIC_REPRESENTATION_CONTEXT() REPRESENTATION_CONTEXT('2D SPACE',''
  ) );
#979 = PCURVE('',#980,#985);
#980 = CYLINDRICAL_SURFACE('',#981,1.);
#981 = AXIS2_PLACEMENT_3D('',#982,#983,#984);
#982 = CARTESIAN_POINT('',(-80.4,-25.4,2.5));
#983 = DIRECTION('',(1.,0.,0.));
#984 = DIRECTION('',(-0.,1.,0.));
#985 = DEFINITIONAL_REPRESENTATION('',(#986),#990);
#986 = LINE('',#987,#988);
#987 = CARTESIAN_POINT('',(1.570796326795,0.));
#988 = VECTOR('',#989,1.);
#989 = DIRECTION('',(0.,1.));
#990 = ( GEOMETRIC_REPRESENTATION_CONTEXT(2) 
PARAMETRIC_REPRESENTATION_CONTEXT() REPRESENTATION_CONTEXT('2D SPACE',''
  ) );
#991 = ORIENTED_EDGE('',*,*,#992,.F.);
#992 = EDGE_CURVE('',#993,#965,#995,.T.);
#993 = VERTEX_POINT('',#994);
#994 = CARTESIAN_POINT('',(-44.98482604975,-26.3,3.5));
#995 = SURFACE_CURVE('',#996,(#1000,#1006),.PCURVE_S1.);
#996 = LINE('',#997,#998);
#997 = CARTESIAN_POINT('',(-44.98482604975,-26.3,3.5));
#998 = VECTOR('',#999,1.);
#999 = DIRECTION('',(0.,1.,0.));
#1000 = PCURVE('',#353,#1001);
#1001 = DEFINITIONAL_REPRESENTATION('',(#1002),#1005);
#1002 = B_SPLINE_CURVE_WITH_KNOTS('',1,(#1003,#1004),.UNSPECIFIED.,.F.,
  .F.,(2,2),(-5.999999999062E-07,3.0000006),.PIECEWISE_BEZIER_KNOTS.);
#1003 = CARTESIAN_POINT('',(35.415173950247,2.6999994));
#1004 = CARTESIAN_POINT('',(35.415173950247,5.7000006));
#1005 = ( GEOMETRIC_REPRESENTATION_CONTEXT(2) 
PARAMETRIC_REPRESENTATION_CONTEXT() REPRESENTATION_CONTEXT('2D SPACE',''
  ) );
#1006 = PCURVE('',#1007,#1012);
#1007 = CYLINDRICAL_SURFACE('',#1008,4.31);
#1008 = AXIS2_PLACEMENT_3D('',#1009,#1010,#1011);
#1009 = CARTESIAN_POINT('',(-47.5,-26.3,0.));
#1010 = DIRECTION('',(0.,1.,0.));
#1011 = DIRECTION('',(0.,-0.,1.));
#1012 = DEFINITIONAL_REPRESENTATION('',(#1013),#1016);
#1013 = B_SPLINE_CURVE_WITH_KNOTS('',1,(#1014,#1015),.UNSPECIFIED.,.F.,
  .F.,(2,2),(-5.999999999062E-07,3.0000006),.PIECEWISE_BEZIER_KNOTS.);
#1014 = CARTESIAN_POINT('',(0.62311435097,-5.999999999062E-07));
#1015 = CARTESIAN_POINT('',(0.62311435097,3.0000006));
#1016 = ( GEOMETRIC_REPRESENTATION_CONTEXT(2) 
PARAMETRIC_REPRESENTATION_CONTEXT() REPRESENTATION_CONTEXT('2D SPACE',''
  ) );
#1017 = ORIENTED_EDGE('',*,*,#1018,.T.);
#1018 = EDGE_CURVE('',#993,#1019,#1021,.T.);
#1019 = VERTEX_POINT('',#1020);
#1020 = CARTESIAN_POINT('',(-50.01517395024,-26.3,3.5));
#1021 = SURFACE_CURVE('',#1022,(#1026,#1032),.PCURVE_S1.);
#1022 = LINE('',#1023,#1024);
#1023 = CARTESIAN_POINT('',(-63.95,-26.3,3.5));
#1024 = VECTOR('',#1025,1.);
#1025 = DIRECTION('',(-1.,0.,0.));
#1026 = PCURVE('',#353,#1027);
#1027 = DEFINITIONAL_REPRESENTATION('',(#1028),#1031);
#1028 = B_SPLINE_CURVE_WITH_KNOTS('',1,(#1029,#1030),.UNSPECIFIED.,.F.,
  .F.,(2,2),(-20.76,-12.14),.PIECEWISE_BEZIER_KNOTS.);
#1029 = CARTESIAN_POINT('',(37.21,2.7));
#1030 = CARTESIAN_POINT('',(28.59,2.7));
#1031 = ( GEOMETRIC_REPRESENTATION_CONTEXT(2) 
PARAMETRIC_REPRESENTATION_CONTEXT() REPRESENTATION_CONTEXT('2D SPACE',''
  ) );
#1032 = PCURVE('',#1033,#1038);
#1033 = PLANE('',#1034);
#1034 = AXIS2_PLACEMENT_3D('',#1035,#1036,#1037);
#1035 = CARTESIAN_POINT('',(-47.5,-26.3,0.));
#1036 = DIRECTION('',(0.,1.,0.));
#1037 = DIRECTION('',(0.,-0.,1.));
#1038 = DEFINITIONAL_REPRESENTATION('',(#1039),#1042);
#1039 = B_SPLINE_CURVE_WITH_KNOTS('',1,(#1040,#1041),.UNSPECIFIED.,.F.,
  .F.,(2,2),(-20.76,-12.14),.PIECEWISE_BEZIER_KNOTS.);
#1040 = CARTESIAN_POINT('',(3.5,4.31));
#1041 = CARTESIAN_POINT('',(3.5,-4.31));
#1042 = ( GEOMETRIC_REPRESENTATION_CONTEXT(2) 
PARAMETRIC_REPRESENTATION_CONTEXT() REPRESENTATION_CONTEXT('2D SPACE',''
  ) );
#1043 = ORIENTED_EDGE('',*,*,#1044,.T.);
#1044 = EDGE_CURVE('',#1019,#853,#1045,.T.);
#1045 = SURFACE_CURVE('',#1046,(#1050,#1056),.PCURVE_S1.);
#1046 = LINE('',#1047,#1048);
#1047 = CARTESIAN_POINT('',(-50.01517395024,-26.3,3.5));
#1048 = VECTOR('',#1049,1.);
#1049 = DIRECTION('',(0.,1.,0.));
#1050 = PCURVE('',#353,#1051);
#1051 = DEFINITIONAL_REPRESENTATION('',(#1052),#1055);
#1052 = B_SPLINE_CURVE_WITH_KNOTS('',1,(#1053,#1054),.UNSPECIFIED.,.F.,
  .F.,(2,2),(-5.999999999062E-07,3.0000006),.PIECEWISE_BEZIER_KNOTS.);
#1053 = CARTESIAN_POINT('',(30.384826049753,2.6999994));
#1054 = CARTESIAN_POINT('',(30.384826049753,5.7000006));
#1055 = ( GEOMETRIC_REPRESENTATION_CONTEXT(2) 
PARAMETRIC_REPRESENTATION_CONTEXT() REPRESENTATION_CONTEXT('2D SPACE',''
  ) );
#1056 = PCURVE('',#1007,#1057);
#1057 = DEFINITIONAL_REPRESENTATION('',(#1058),#1061);
#1058 = B_SPLINE_CURVE_WITH_KNOTS('',1,(#1059,#1060),.UNSPECIFIED.,.F.,
  .F.,(2,2),(-5.999999999062E-07,3.0000006),.PIECEWISE_BEZIER_KNOTS.);
#1059 = CARTESIAN_POINT('',(5.660070956209,-5.999999999062E-07));
#1060 = CARTESIAN_POINT('',(5.660070956209,3.0000006));
#1061 = ( GEOMETRIC_REPRESENTATION_CONTEXT(2) 
PARAMETRIC_REPRESENTATION_CONTEXT() REPRESENTATION_CONTEXT('2D SPACE',''
  ) );
#1062 = FACE_BOUND('',#1063,.T.);
#1063 = EDGE_LOOP('',(#1064,#1094,#1122,#1150,#1177,#1205,#1232,#1260,
    #1288,#1316,#1343,#1371));
#1064 = ORIENTED_EDGE('',*,*,#1065,.T.);
#1065 = EDGE_CURVE('',#1066,#1068,#1070,.T.);
#1066 = VERTEX_POINT('',#1067);
#1067 = CARTESIAN_POINT('',(-75.8,5.477225575052,3.5));
#1068 = VERTEX_POINT('',#1069);
#1069 = CARTESIAN_POINT('',(-75.8,22.2,3.5));
#1070 = SURFACE_CURVE('',#1071,(#1075,#1082),.PCURVE_S1.);
#1071 = LINE('',#1072,#1073);
#1072 = CARTESIAN_POINT('',(-75.8,-29.,3.5));
#1073 = VECTOR('',#1074,1.);
#1074 = DIRECTION('',(0.,1.,0.));
#1075 = PCURVE('',#353,#1076);
#1076 = DEFINITIONAL_REPRESENTATION('',(#1077),#1081);
#1077 = LINE('',#1078,#1079);
#1078 = CARTESIAN_POINT('',(4.6,0.));
#1079 = VECTOR('',#1080,1.);
#1080 = DIRECTION('',(0.,1.));
#1081 = ( GEOMETRIC_REPRESENTATION_CONTEXT(2) 
PARAMETRIC_REPRESENTATION_CONTEXT() REPRESENTATION_CONTEXT('2D SPACE',''
  ) );
#1082 = PCURVE('',#1083,#1088);
#1083 = CYLINDRICAL_SURFACE('',#1084,1.);
#1084 = AXIS2_PLACEMENT_3D('',#1085,#1086,#1087);
#1085 = CARTESIAN_POINT('',(-75.8,-29.,2.5));
#1086 = DIRECTION('',(0.,1.,0.));
#1087 = DIRECTION('',(1.,0.,-0.));
#1088 = DEFINITIONAL_REPRESENTATION('',(#1089),#1093);
#1089 = LINE('',#1090,#1091);
#1090 = CARTESIAN_POINT('',(-1.570796326795,0.));
#1091 = VECTOR('',#1092,1.);
#1092 = DIRECTION('',(-0.,1.));
#1093 = ( GEOMETRIC_REPRESENTATION_CONTEXT(2) 
PARAMETRIC_REPRESENTATION_CONTEXT() REPRESENTATION_CONTEXT('2D SPACE',''
  ) );
#1094 = ORIENTED_EDGE('',*,*,#1095,.T.);
#1095 = EDGE_CURVE('',#1068,#1096,#1098,.T.);
#1096 = VERTEX_POINT('',#1097);
#1097 = CARTESIAN_POINT('',(-19.2,22.2,3.5));
#1098 = SURFACE_CURVE('',#1099,(#1103,#1110),.PCURVE_S1.);
#1099 = LINE('',#1100,#1101);
#1100 = CARTESIAN_POINT('',(-80.4,22.2,3.5));
#1101 = VECTOR('',#1102,1.);
#1102 = DIRECTION('',(1.,0.,0.));
#1103 = PCURVE('',#353,#1104);
#1104 = DEFINITIONAL_REPRESENTATION('',(#1105),#1109);
#1105 = LINE('',#1106,#1107);
#1106 = CARTESIAN_POINT('',(0.,51.2));
#1107 = VECTOR('',#1108,1.);
#1108 = DIRECTION('',(1.,0.));
#1109 = ( GEOMETRIC_REPRESENTATION_CONTEXT(2) 
PARAMETRIC_REPRESENTATION_CONTEXT() REPRESENTATION_CONTEXT('2D SPACE',''
  ) );
#1110 = PCURVE('',#1111,#1116);
#1111 = CYLINDRICAL_SURFACE('',#1112,1.);
#1112 = AXIS2_PLACEMENT_3D('',#1113,#1114,#1115);
#1113 = CARTESIAN_POINT('',(-80.4,22.2,2.5));
#1114 = DIRECTION('',(1.,0.,0.));
#1115 = DIRECTION('',(0.,-1.,0.));
#1116 = DEFINITIONAL_REPRESENTATION('',(#1117),#1121);
#1117 = LINE('',#1118,#1119);
#1118 = CARTESIAN_POINT('',(-1.570796326795,0.));
#1119 = VECTOR('',#1120,1.);
#1120 = DIRECTION('',(-0.,1.));
#1121 = ( GEOMETRIC_REPRESENTATION_CONTEXT(2) 
PARAMETRIC_REPRESENTATION_CONTEXT() REPRESENTATION_CONTEXT('2D SPACE',''
  ) );
#1122 = ORIENTED_EDGE('',*,*,#1123,.F.);
#1123 = EDGE_CURVE('',#1124,#1096,#1126,.T.);
#1124 = VERTEX_POINT('',#1125);
#1125 = CARTESIAN_POINT('',(-19.2,5.477225575052,3.5));
#1126 = SURFACE_CURVE('',#1127,(#1131,#1138),.PCURVE_S1.);
#1127 = LINE('',#1128,#1129);
#1128 = CARTESIAN_POINT('',(-19.2,-29.,3.5));
#1129 = VECTOR('',#1130,1.);
#1130 = DIRECTION('',(0.,1.,0.));
#1131 = PCURVE('',#353,#1132);
#1132 = DEFINITIONAL_REPRESENTATION('',(#1133),#1137);
#1133 = LINE('',#1134,#1135);
#1134 = CARTESIAN_POINT('',(61.2,0.));
#1135 = VECTOR('',#1136,1.);
#1136 = DIRECTION('',(0.,1.));
#1137 = ( GEOMETRIC_REPRESENTATION_CONTEXT(2) 
PARAMETRIC_REPRESENTATION_CONTEXT() REPRESENTATION_CONTEXT('2D SPACE',''
  ) );
#1138 = PCURVE('',#1139,#1144);
#1139 = CYLINDRICAL_SURFACE('',#1140,1.);
#1140 = AXIS2_PLACEMENT_3D('',#1141,#1142,#1143);
#1141 = CARTESIAN_POINT('',(-19.2,-29.,2.5));
#1142 = DIRECTION('',(0.,1.,0.));
#1143 = DIRECTION('',(-1.,0.,0.));
#1144 = DEFINITIONAL_REPRESENTATION('',(#1145),#1149);
#1145 = LINE('',#1146,#1147);
#1146 = CARTESIAN_POINT('',(1.570796326795,0.));
#1147 = VECTOR('',#1148,1.);
#1148 = DIRECTION('',(0.,1.));
#1149 = ( GEOMETRIC_REPRESENTATION_CONTEXT(2) 
PARAMETRIC_REPRESENTATION_CONTEXT() REPRESENTATION_CONTEXT('2D SPACE',''
  ) );
#1150 = ORIENTED_EDGE('',*,*,#1151,.F.);
#1151 = EDGE_CURVE('',#1152,#1124,#1154,.T.);
#1152 = VERTEX_POINT('',#1153);
#1153 = CARTESIAN_POINT('',(-20.2,5.477225575052,3.5));
#1154 = SURFACE_CURVE('',#1155,(#1159,#1166),.PCURVE_S1.);
#1155 = LINE('',#1156,#1157);
#1156 = CARTESIAN_POINT('',(-20.2,5.477225575052,3.5));
#1157 = VECTOR('',#1158,1.);
#1158 = DIRECTION('',(1.,0.,0.));
#1159 = PCURVE('',#353,#1160);
#1160 = DEFINITIONAL_REPRESENTATION('',(#1161),#1165);
#1161 = LINE('',#1162,#1163);
#1162 = CARTESIAN_POINT('',(60.2,34.477225575052));
#1163 = VECTOR('',#1164,1.);
#1164 = DIRECTION('',(1.,0.));
#1165 = ( GEOMETRIC_REPRESENTATION_CONTEXT(2) 
PARAMETRIC_REPRESENTATION_CONTEXT() REPRESENTATION_CONTEXT('2D SPACE',''
  ) );
#1166 = PCURVE('',#1167,#1172);
#1167 = CYLINDRICAL_SURFACE('',#1168,6.5);
#1168 = AXIS2_PLACEMENT_3D('',#1169,#1170,#1171);
#1169 = CARTESIAN_POINT('',(-20.2,0.,0.));
#1170 = DIRECTION('',(1.,0.,0.));
#1171 = DIRECTION('',(-0.,0.,1.));
#1172 = DEFINITIONAL_REPRESENTATION('',(#1173),#1176);
#1173 = B_SPLINE_CURVE_WITH_KNOTS('',1,(#1174,#1175),.UNSPECIFIED.,.F.,
  .F.,(2,2),(-5.999999999062E-07,5.6000006),.PIECEWISE_BEZIER_KNOTS.);
#1174 = CARTESIAN_POINT('',(5.280999280649,-5.999999999062E-07));
#1175 = CARTESIAN_POINT('',(5.280999280649,5.6000006));
#1176 = ( GEOMETRIC_REPRESENTATION_CONTEXT(2) 
PARAMETRIC_REPRESENTATION_CONTEXT() REPRESENTATION_CONTEXT('2D SPACE',''
  ) );
#1177 = ORIENTED_EDGE('',*,*,#1178,.F.);
#1178 = EDGE_CURVE('',#1179,#1152,#1181,.T.);
#1179 = VERTEX_POINT('',#1180);
#1180 = CARTESIAN_POINT('',(-20.2,-5.477225575052,3.5));
#1181 = SURFACE_CURVE('',#1182,(#1186,#1193),.PCURVE_S1.);
#1182 = LINE('',#1183,#1184);
#1183 = CARTESIAN_POINT('',(-20.2,-10.,3.5));
#1184 = VECTOR('',#1185,1.);
#1185 = DIRECTION('',(-0.,1.,0.));
#1186 = PCURVE('',#353,#1187);
#1187 = DEFINITIONAL_REPRESENTATION('',(#1188),#1192);
#1188 = LINE('',#1189,#1190);
#1189 = CARTESIAN_POINT('',(60.2,19.));
#1190 = VECTOR('',#1191,1.);
#1191 = DIRECTION('',(0.,1.));
#1192 = ( GEOMETRIC_REPRESENTATION_CONTEXT(2) 
PARAMETRIC_REPRESENTATION_CONTEXT() REPRESENTATION_CONTEXT('2D SPACE',''
  ) );
#1193 = PCURVE('',#1194,#1199);
#1194 = PLANE('',#1195);
#1195 = AXIS2_PLACEMENT_3D('',#1196,#1197,#1198);
#1196 = CARTESIAN_POINT('',(-20.2,-29.,-5.));
#1197 = DIRECTION('',(1.,0.,0.));
#1198 = DIRECTION('',(0.,0.,1.));
#1199 = DEFINITIONAL_REPRESENTATION('',(#1200),#1204);
#1200 = LINE('',#1201,#1202);
#1201 = CARTESIAN_POINT('',(8.5,-19.));
#1202 = VECTOR('',#1203,1.);
#1203 = DIRECTION('',(0.,-1.));
#1204 = ( GEOMETRIC_REPRESENTATION_CONTEXT(2) 
PARAMETRIC_REPRESENTATION_CONTEXT() REPRESENTATION_CONTEXT('2D SPACE',''
  ) );
#1205 = ORIENTED_EDGE('',*,*,#1206,.T.);
#1206 = EDGE_CURVE('',#1179,#1207,#1209,.T.);
#1207 = VERTEX_POINT('',#1208);
#1208 = CARTESIAN_POINT('',(-19.2,-5.477225575052,3.5));
#1209 = SURFACE_CURVE('',#1210,(#1214,#1221),.PCURVE_S1.);
#1210 = LINE('',#1211,#1212);
#1211 = CARTESIAN_POINT('',(-20.2,-5.477225575052,3.5));
#1212 = VECTOR('',#1213,1.);
#1213 = DIRECTION('',(1.,0.,0.));
#1214 = PCURVE('',#353,#1215);
#1215 = DEFINITIONAL_REPRESENTATION('',(#1216),#1220);
#1216 = LINE('',#1217,#1218);
#1217 = CARTESIAN_POINT('',(60.2,23.522774424948));
#1218 = VECTOR('',#1219,1.);
#1219 = DIRECTION('',(1.,0.));
#1220 = ( GEOMETRIC_REPRESENTATION_CONTEXT(2) 
PARAMETRIC_REPRESENTATION_CONTEXT() REPRESENTATION_CONTEXT('2D SPACE',''
  ) );
#1221 = PCURVE('',#1222,#1227);
#1222 = CYLINDRICAL_SURFACE('',#1223,6.5);
#1223 = AXIS2_PLACEMENT_3D('',#1224,#1225,#1226);
#1224 = CARTESIAN_POINT('',(-20.2,0.,0.));
#1225 = DIRECTION('',(1.,0.,0.));
#1226 = DIRECTION('',(-0.,0.,1.));
#1227 = DEFINITIONAL_REPRESENTATION('',(#1228),#1231);
#1228 = B_SPLINE_CURVE_WITH_KNOTS('',1,(#1229,#1230),.UNSPECIFIED.,.F.,
  .F.,(2,2),(-5.999999999062E-07,5.6000006),.PIECEWISE_BEZIER_KNOTS.);
#1229 = CARTESIAN_POINT('',(1.002186026531,-5.999999999062E-07));
#1230 = CARTESIAN_POINT('',(1.002186026531,5.6000006));
#1231 = ( GEOMETRIC_REPRESENTATION_CONTEXT(2) 
PARAMETRIC_REPRESENTATION_CONTEXT() REPRESENTATION_CONTEXT('2D SPACE',''
  ) );
#1232 = ORIENTED_EDGE('',*,*,#1233,.F.);
#1233 = EDGE_CURVE('',#1234,#1207,#1236,.T.);
#1234 = VERTEX_POINT('',#1235);
#1235 = CARTESIAN_POINT('',(-19.2,-18.3,3.5));
#1236 = SURFACE_CURVE('',#1237,(#1241,#1248),.PCURVE_S1.);
#1237 = LINE('',#1238,#1239);
#1238 = CARTESIAN_POINT('',(-19.2,-29.,3.5));
#1239 = VECTOR('',#1240,1.);
#1240 = DIRECTION('',(0.,1.,0.));
#1241 = PCURVE('',#353,#1242);
#1242 = DEFINITIONAL_REPRESENTATION('',(#1243),#1247);
#1243 = LINE('',#1244,#1245);
#1244 = CARTESIAN_POINT('',(61.2,0.));
#1245 = VECTOR('',#1246,1.);
#1246 = DIRECTION('',(0.,1.));
#1247 = ( GEOMETRIC_REPRESENTATION_CONTEXT(2) 
PARAMETRIC_REPRESENTATION_CONTEXT() REPRESENTATION_CONTEXT('2D SPACE',''
  ) );
#1248 = PCURVE('',#1249,#1254);
#1249 = CYLINDRICAL_SURFACE('',#1250,1.);
#1250 = AXIS2_PLACEMENT_3D('',#1251,#1252,#1253);
#1251 = CARTESIAN_POINT('',(-19.2,-29.,2.5));
#1252 = DIRECTION('',(0.,1.,0.));
#1253 = DIRECTION('',(-1.,0.,0.));
#1254 = DEFINITIONAL_REPRESENTATION('',(#1255),#1259);
#1255 = LINE('',#1256,#1257);
#1256 = CARTESIAN_POINT('',(1.570796326795,0.));
#1257 = VECTOR('',#1258,1.);
#1258 = DIRECTION('',(0.,1.));
#1259 = ( GEOMETRIC_REPRESENTATION_CONTEXT(2) 
PARAMETRIC_REPRESENTATION_CONTEXT() REPRESENTATION_CONTEXT('2D SPACE',''
  ) );
#1260 = ORIENTED_EDGE('',*,*,#1261,.F.);
#1261 = EDGE_CURVE('',#1262,#1234,#1264,.T.);
#1262 = VERTEX_POINT('',#1263);
#1263 = CARTESIAN_POINT('',(-75.8,-18.3,3.5));
#1264 = SURFACE_CURVE('',#1265,(#1269,#1276),.PCURVE_S1.);
#1265 = LINE('',#1266,#1267);
#1266 = CARTESIAN_POINT('',(-80.4,-18.3,3.5));
#1267 = VECTOR('',#1268,1.);
#1268 = DIRECTION('',(1.,0.,0.));
#1269 = PCURVE('',#353,#1270);
#1270 = DEFINITIONAL_REPRESENTATION('',(#1271),#1275);
#1271 = LINE('',#1272,#1273);
#1272 = CARTESIAN_POINT('',(0.,10.7));
#1273 = VECTOR('',#1274,1.);
#1274 = DIRECTION('',(1.,0.));
#1275 = ( GEOMETRIC_REPRESENTATION_CONTEXT(2) 
PARAMETRIC_REPRESENTATION_CONTEXT() REPRESENTATION_CONTEXT('2D SPACE',''
  ) );
#1276 = PCURVE('',#1277,#1282);
#1277 = CYLINDRICAL_SURFACE('',#1278,1.);
#1278 = AXIS2_PLACEMENT_3D('',#1279,#1280,#1281);
#1279 = CARTESIAN_POINT('',(-80.4,-18.3,2.5));
#1280 = DIRECTION('',(1.,0.,0.));
#1281 = DIRECTION('',(-0.,1.,0.));
#1282 = DEFINITIONAL_REPRESENTATION('',(#1283),#1287);
#1283 = LINE('',#1284,#1285);
#1284 = CARTESIAN_POINT('',(1.570796326795,0.));
#1285 = VECTOR('',#1286,1.);
#1286 = DIRECTION('',(0.,1.));
#1287 = ( GEOMETRIC_REPRESENTATION_CONTEXT(2) 
PARAMETRIC_REPRESENTATION_CONTEXT() REPRESENTATION_CONTEXT('2D SPACE',''
  ) );
#1288 = ORIENTED_EDGE('',*,*,#1289,.T.);
#1289 = EDGE_CURVE('',#1262,#1290,#1292,.T.);
#1290 = VERTEX_POINT('',#1291);
#1291 = CARTESIAN_POINT('',(-75.8,-5.477225575052,3.5));
#1292 = SURFACE_CURVE('',#1293,(#1297,#1304),.PCURVE_S1.);
#1293 = LINE('',#1294,#1295);
#1294 = CARTESIAN_POINT('',(-75.8,-29.,3.5));
#1295 = VECTOR('',#1296,1.);
#1296 = DIRECTION('',(0.,1.,0.));
#1297 = PCURVE('',#353,#1298);
#1298 = DEFINITIONAL_REPRESENTATION('',(#1299),#1303);
#1299 = LINE('',#1300,#1301);
#1300 = CARTESIAN_POINT('',(4.6,0.));
#1301 = VECTOR('',#1302,1.);
#1302 = DIRECTION('',(0.,1.));
#1303 = ( GEOMETRIC_REPRESENTATION_CONTEXT(2) 
PARAMETRIC_REPRESENTATION_CONTEXT() REPRESENTATION_CONTEXT('2D SPACE',''
  ) );
#1304 = PCURVE('',#1305,#1310);
#1305 = CYLINDRICAL_SURFACE('',#1306,1.);
#1306 = AXIS2_PLACEMENT_3D('',#1307,#1308,#1309);
#1307 = CARTESIAN_POINT('',(-75.8,-29.,2.5));
#1308 = DIRECTION('',(0.,1.,0.));
#1309 = DIRECTION('',(1.,0.,-0.));
#1310 = DEFINITIONAL_REPRESENTATION('',(#1311),#1315);
#1311 = LINE('',#1312,#1313);
#1312 = CARTESIAN_POINT('',(-1.570796326795,0.));
#1313 = VECTOR('',#1314,1.);
#1314 = DIRECTION('',(-0.,1.));
#1315 = ( GEOMETRIC_REPRESENTATION_CONTEXT(2) 
PARAMETRIC_REPRESENTATION_CONTEXT() REPRESENTATION_CONTEXT('2D SPACE',''
  ) );
#1316 = ORIENTED_EDGE('',*,*,#1317,.T.);
#1317 = EDGE_CURVE('',#1290,#1318,#1320,.T.);
#1318 = VERTEX_POINT('',#1319);
#1319 = CARTESIAN_POINT('',(-74.8,-5.477225575052,3.5));
#1320 = SURFACE_CURVE('',#1321,(#1325,#1332),.PCURVE_S1.);
#1321 = LINE('',#1322,#1323);
#1322 = CARTESIAN_POINT('',(-80.4,-5.477225575052,3.5));
#1323 = VECTOR('',#1324,1.);
#1324 = DIRECTION('',(1.,0.,0.));
#1325 = PCURVE('',#353,#1326);
#1326 = DEFINITIONAL_REPRESENTATION('',(#1327),#1331);
#1327 = LINE('',#1328,#1329);
#1328 = CARTESIAN_POINT('',(0.,23.522774424948));
#1329 = VECTOR('',#1330,1.);
#1330 = DIRECTION('',(1.,0.));
#1331 = ( GEOMETRIC_REPRESENTATION_CONTEXT(2) 
PARAMETRIC_REPRESENTATION_CONTEXT() REPRESENTATION_CONTEXT('2D SPACE',''
  ) );
#1332 = PCURVE('',#1333,#1338);
#1333 = CYLINDRICAL_SURFACE('',#1334,6.5);
#1334 = AXIS2_PLACEMENT_3D('',#1335,#1336,#1337);
#1335 = CARTESIAN_POINT('',(-80.4,0.,0.));
#1336 = DIRECTION('',(1.,0.,0.));
#1337 = DIRECTION('',(-0.,0.,1.));
#1338 = DEFINITIONAL_REPRESENTATION('',(#1339),#1342);
#1339 = B_SPLINE_CURVE_WITH_KNOTS('',1,(#1340,#1341),.UNSPECIFIED.,.F.,
  .F.,(2,2),(-6.000000070117E-07,5.6000006),.PIECEWISE_BEZIER_KNOTS.);
#1340 = CARTESIAN_POINT('',(1.002186026531,-6.000000070117E-07));
#1341 = CARTESIAN_POINT('',(1.002186026531,5.6000006));
#1342 = ( GEOMETRIC_REPRESENTATION_CONTEXT(2) 
PARAMETRIC_REPRESENTATION_CONTEXT() REPRESENTATION_CONTEXT('2D SPACE',''
  ) );
#1343 = ORIENTED_EDGE('',*,*,#1344,.T.);
#1344 = EDGE_CURVE('',#1318,#1345,#1347,.T.);
#1345 = VERTEX_POINT('',#1346);
#1346 = CARTESIAN_POINT('',(-74.8,5.477225575052,3.5));
#1347 = SURFACE_CURVE('',#1348,(#1352,#1359),.PCURVE_S1.);
#1348 = LINE('',#1349,#1350);
#1349 = CARTESIAN_POINT('',(-74.8,-10.,3.5));
#1350 = VECTOR('',#1351,1.);
#1351 = DIRECTION('',(-0.,1.,0.));
#1352 = PCURVE('',#353,#1353);
#1353 = DEFINITIONAL_REPRESENTATION('',(#1354),#1358);
#1354 = LINE('',#1355,#1356);
#1355 = CARTESIAN_POINT('',(5.6,19.));
#1356 = VECTOR('',#1357,1.);
#1357 = DIRECTION('',(0.,1.));
#1358 = ( GEOMETRIC_REPRESENTATION_CONTEXT(2) 
PARAMETRIC_REPRESENTATION_CONTEXT() REPRESENTATION_CONTEXT('2D SPACE',''
  ) );
#1359 = PCURVE('',#1360,#1365);
#1360 = PLANE('',#1361);
#1361 = AXIS2_PLACEMENT_3D('',#1362,#1363,#1364);
#1362 = CARTESIAN_POINT('',(-74.8,0.,0.));
#1363 = DIRECTION('',(1.,0.,0.));
#1364 = DIRECTION('',(-0.,0.,1.));
#1365 = DEFINITIONAL_REPRESENTATION('',(#1366),#1370);
#1366 = LINE('',#1367,#1368);
#1367 = CARTESIAN_POINT('',(3.5,10.));
#1368 = VECTOR('',#1369,1.);
#1369 = DIRECTION('',(0.,-1.));
#1370 = ( GEOMETRIC_REPRESENTATION_CONTEXT(2) 
PARAMETRIC_REPRESENTATION_CONTEXT() REPRESENTATION_CONTEXT('2D SPACE',''
  ) );
#1371 = ORIENTED_EDGE('',*,*,#1372,.F.);
#1372 = EDGE_CURVE('',#1066,#1345,#1373,.T.);
#1373 = SURFACE_CURVE('',#1374,(#1378,#1385),.PCURVE_S1.);
#1374 = LINE('',#1375,#1376);
#1375 = CARTESIAN_POINT('',(-80.4,5.477225575052,3.5));
#1376 = VECTOR('',#1377,1.);
#1377 = DIRECTION('',(1.,0.,0.));
#1378 = PCURVE('',#353,#1379);
#1379 = DEFINITIONAL_REPRESENTATION('',(#1380),#1384);
#1380 = LINE('',#1381,#1382);
#1381 = CARTESIAN_POINT('',(0.,34.477225575052));
#1382 = VECTOR('',#1383,1.);
#1383 = DIRECTION('',(1.,0.));
#1384 = ( GEOMETRIC_REPRESENTATION_CONTEXT(2) 
PARAMETRIC_REPRESENTATION_CONTEXT() REPRESENTATION_CONTEXT('2D SPACE',''
  ) );
#1385 = PCURVE('',#1386,#1391);
#1386 = CYLINDRICAL_SURFACE('',#1387,6.5);
#1387 = AXIS2_PLACEMENT_3D('',#1388,#1389,#1390);
#1388 = CARTESIAN_POINT('',(-80.4,0.,0.));
#1389 = DIRECTION('',(1.,0.,0.));
#1390 = DIRECTION('',(-0.,0.,1.));
#1391 = DEFINITIONAL_REPRESENTATION('',(#1392),#1395);
#1392 = B_SPLINE_CURVE_WITH_KNOTS('',1,(#1393,#1394),.UNSPECIFIED.,.F.,
  .F.,(2,2),(-6.000000070117E-07,5.6000006),.PIECEWISE_BEZIER_KNOTS.);
#1393 = CARTESIAN_POINT('',(5.280999280649,-6.000000070117E-07));
#1394 = CARTESIAN_POINT('',(5.280999280649,5.6000006));
#1395 = ( GEOMETRIC_REPRESENTATION_CONTEXT(2) 
PARAMETRIC_REPRESENTATION_CONTEXT() REPRESENTATION_CONTEXT('2D SPACE',''
  ) );
#1396 = ADVANCED_FACE('',(#1397),#1249,.T.);
#1397 = FACE_BOUND('',#1398,.T.);
#1398 = EDGE_LOOP('',(#1399,#1433,#1434,#1514));
#1399 = ORIENTED_EDGE('',*,*,#1400,.T.);
#1400 = EDGE_CURVE('',#1401,#1234,#1403,.T.);
#1401 = VERTEX_POINT('',#1402);
#1402 = CARTESIAN_POINT('',(-20.2,-17.3,2.5));
#1403 = SURFACE_CURVE('',#1404,(#1409,#1421),.PCURVE_S1.);
#1404 = ELLIPSE('',#1405,1.414213562373,1.);
#1405 = AXIS2_PLACEMENT_3D('',#1406,#1407,#1408);
#1406 = CARTESIAN_POINT('',(-19.2,-18.3,2.5));
#1407 = DIRECTION('',(0.707106781187,0.707106781187,0.));
#1408 = DIRECTION('',(-0.707106781187,0.707106781187,0.));
#1409 = PCURVE('',#1249,#1410);
#1410 = DEFINITIONAL_REPRESENTATION('',(#1411),#1420);
#1411 = B_SPLINE_CURVE_WITH_KNOTS('',7,(#1412,#1413,#1414,#1415,#1416,
    #1417,#1418,#1419),.UNSPECIFIED.,.F.,.F.,(8,8),(0.,1.570796326795),
  .PIECEWISE_BEZIER_KNOTS.);
#1412 = CARTESIAN_POINT('',(0.,11.7));
#1413 = CARTESIAN_POINT('',(0.224399475256,11.7));
#1414 = CARTESIAN_POINT('',(0.448798950513,11.64125132739));
#1415 = CARTESIAN_POINT('',(0.67319842577,11.523762504631));
#1416 = CARTESIAN_POINT('',(0.897597901026,11.354746825771));
#1417 = CARTESIAN_POINT('',(1.121997376282,11.14879803932));
#1418 = CARTESIAN_POINT('',(1.346396851538,10.924399475256));
#1419 = CARTESIAN_POINT('',(1.570796326795,10.7));
#1420 = ( GEOMETRIC_REPRESENTATION_CONTEXT(2) 
PARAMETRIC_REPRESENTATION_CONTEXT() REPRESENTATION_CONTEXT('2D SPACE',''
  ) );
#1421 = PCURVE('',#1277,#1422);
#1422 = DEFINITIONAL_REPRESENTATION('',(#1423),#1432);
#1423 = B_SPLINE_CURVE_WITH_KNOTS('',7,(#1424,#1425,#1426,#1427,#1428,
    #1429,#1430,#1431),.UNSPECIFIED.,.F.,.F.,(8,8),(0.,1.570796326795),
  .PIECEWISE_BEZIER_KNOTS.);
#1424 = CARTESIAN_POINT('',(0.,60.2));
#1425 = CARTESIAN_POINT('',(0.224399475256,60.2));
#1426 = CARTESIAN_POINT('',(0.448798950513,60.258748672604));
#1427 = CARTESIAN_POINT('',(0.67319842577,60.376237495402));
#1428 = CARTESIAN_POINT('',(0.897597901026,60.545253174205));
#1429 = CARTESIAN_POINT('',(1.121997376282,60.751201960684));
#1430 = CARTESIAN_POINT('',(1.346396851538,60.975600524744));
#1431 = CARTESIAN_POINT('',(1.570796326795,61.2));
#1432 = ( GEOMETRIC_REPRESENTATION_CONTEXT(2) 
PARAMETRIC_REPRESENTATION_CONTEXT() REPRESENTATION_CONTEXT('2D SPACE',''
  ) );
#1433 = ORIENTED_EDGE('',*,*,#1233,.T.);
#1434 = ORIENTED_EDGE('',*,*,#1435,.F.);
#1435 = EDGE_CURVE('',#1436,#1207,#1438,.T.);
#1436 = VERTEX_POINT('',#1437);
#1437 = CARTESIAN_POINT('',(-20.2,-6.,2.5));
#1438 = SURFACE_CURVE('',#1439,(#1462,#1488),.PCURVE_S1.);
#1439 = B_SPLINE_CURVE_WITH_KNOTS('',6,(#1440,#1441,#1442,#1443,#1444,
    #1445,#1446,#1447,#1448,#1449,#1450,#1451,#1452,#1453,#1454,#1455,
    #1456,#1457,#1458,#1459,#1460,#1461),.UNSPECIFIED.,.F.,.F.,(7,5,5,5,
    7),(0.,0.226278430923,0.483667517898,0.647250676975,1.),
  .UNSPECIFIED.);
#1440 = CARTESIAN_POINT('',(-20.2,-6.,2.5));
#1441 = CARTESIAN_POINT('',(-20.2,-5.973310170323,2.564055591226));
#1442 = CARTESIAN_POINT('',(-20.19507594697,-5.945832238566,
    2.627691659776));
#1443 = CARTESIAN_POINT('',(-20.18535024716,-5.917786388753,
    2.690388069457));
#1444 = CARTESIAN_POINT('',(-20.17102437756,-5.889434541448,
    2.751654140642));
#1445 = CARTESIAN_POINT('',(-20.1523794018,-5.861068425042,
    2.811036103745));
#1446 = CARTESIAN_POINT('',(-20.10406593156,-5.801067463086,
    2.933062000276));
#1447 = CARTESIAN_POINT('',(-20.07321487538,-5.769494793487,
    2.995081439732));
#1448 = CARTESIAN_POINT('',(-20.03765625689,-5.738626461749,
    3.053792956306));
#1449 = CARTESIAN_POINT('',(-19.9978254208,-5.708815262522,
    3.108872839301));
#1450 = CARTESIAN_POINT('',(-19.95416116377,-5.680404511255,
    3.160052398599));
#1451 = CARTESIAN_POINT('',(-19.87720145519,-5.636748595048,
    3.237012107176));
#1452 = CARTESIAN_POINT('',(-19.84591497446,-5.620472105239,
    3.265263126685));
#1453 = CARTESIAN_POINT('',(-19.81335303256,-5.604962251603,
    3.291806178091));
#1454 = CARTESIAN_POINT('',(-19.7796192611,-5.590294263788,
    3.316594175819));
#1455 = CARTESIAN_POINT('',(-19.74481539134,-5.576538403448,
    3.339585356812));
#1456 = CARTESIAN_POINT('',(-19.6318987212,-5.536201268546,
    3.406364089382));
#1457 = CARTESIAN_POINT('',(-19.55016836305,-5.513156431903,
    3.443500858309));
#1458 = CARTESIAN_POINT('',(-19.46498293645,-5.495337011706,
    3.471657138511));
#1459 = CARTESIAN_POINT('',(-19.37747805873,-5.483268983973,
    3.490542506862));
#1460 = CARTESIAN_POINT('',(-19.28877676259,-5.477225578433,
    3.499999994708));
#1461 = CARTESIAN_POINT('',(-19.2000000596,-5.477225575052,3.5));
#1462 = PCURVE('',#1249,#1463);
#1463 = DEFINITIONAL_REPRESENTATION('',(#1464),#1487);
#1464 = B_SPLINE_CURVE_WITH_KNOTS('',6,(#1465,#1466,#1467,#1468,#1469,
    #1470,#1471,#1472,#1473,#1474,#1475,#1476,#1477,#1478,#1479,#1480,
    #1481,#1482,#1483,#1484,#1485,#1486),.UNSPECIFIED.,.F.,.F.,(7,5,5,5,
    7),(0.,0.226278430923,0.483667517898,0.647250676975,1.),
  .UNSPECIFIED.);
#1465 = CARTESIAN_POINT('',(0.,23.));
#1466 = CARTESIAN_POINT('',(6.405559122575E-02,23.026689829677));
#1467 = CARTESIAN_POINT('',(0.127691794233,23.054167761434));
#1468 = CARTESIAN_POINT('',(0.190860983467,23.082213611247));
#1469 = CARTESIAN_POINT('',(0.25351538539,23.110565458552));
#1470 = CARTESIAN_POINT('',(0.315590932681,23.138931574958));
#1471 = CARTESIAN_POINT('',(0.446833116564,23.198932536914));
#1472 = CARTESIAN_POINT('',(0.515854525957,23.230505206513));
#1473 = CARTESIAN_POINT('',(0.584145906114,23.261373538251));
#1474 = CARTESIAN_POINT('',(0.651788596981,23.291184737478));
#1475 = CARTESIAN_POINT('',(0.718853217373,23.319595488745));
#1476 = CARTESIAN_POINT('',(0.827690680999,23.363251404952));
#1477 = CARTESIAN_POINT('',(0.869790049384,23.379527894761));
#1478 = CARTESIAN_POINT('',(0.91171976002,23.395037748397));
#1479 = CARTESIAN_POINT('',(0.953503169798,23.409705736212));
#1480 = CARTESIAN_POINT('',(0.995163790068,23.423461596552));
#1481 = CARTESIAN_POINT('',(1.126349054182,23.463798731454));
#1482 = CARTESIAN_POINT('',(1.215601869318,23.486843568097));
#1483 = CARTESIAN_POINT('',(1.304553547063,23.504662988294));
#1484 = CARTESIAN_POINT('',(1.393318384917,23.516731016027));
#1485 = CARTESIAN_POINT('',(1.482019564197,23.522774421567));
#1486 = CARTESIAN_POINT('',(1.57079626719,23.522774424948));
#1487 = ( GEOMETRIC_REPRESENTATION_CONTEXT(2) 
PARAMETRIC_REPRESENTATION_CONTEXT() REPRESENTATION_CONTEXT('2D SPACE',''
  ) );
#1488 = PCURVE('',#1222,#1489);
#1489 = DEFINITIONAL_REPRESENTATION('',(#1490),#1513);
#1490 = B_SPLINE_CURVE_WITH_KNOTS('',6,(#1491,#1492,#1493,#1494,#1495,
    #1496,#1497,#1498,#1499,#1500,#1501,#1502,#1503,#1504,#1505,#1506,
    #1507,#1508,#1509,#1510,#1511,#1512),.UNSPECIFIED.,.F.,.F.,(7,5,5,5,
    7),(0.,0.226278430923,0.483667517898,0.647250676975,1.),
  .UNSPECIFIED.);
#1491 = CARTESIAN_POINT('',(1.176005207095,0.));
#1492 = CARTESIAN_POINT('',(1.165329275224,0.));
#1493 = CARTESIAN_POINT('',(1.154666292898,4.924053024367E-03));
#1494 = CARTESIAN_POINT('',(1.144100938224,1.464975284024E-02));
#1495 = CARTESIAN_POINT('',(1.133716272462,2.897562243432E-02));
#1496 = CARTESIAN_POINT('',(1.12359242344,4.762059819788E-02));
#1497 = CARTESIAN_POINT('',(1.102672494457,9.593406843317E-02));
#1498 = CARTESIAN_POINT('',(1.091966858499,0.126785124618));
#1499 = CARTESIAN_POINT('',(1.08176319815,0.16234374311));
#1500 = CARTESIAN_POINT('',(1.07212873357,0.202174579197));
#1501 = CARTESIAN_POINT('',(1.06312349596,0.245838836226));
#1502 = CARTESIAN_POINT('',(1.049511253155,0.322798544803));
#1503 = CARTESIAN_POINT('',(1.044495310595,0.354085025537));
#1504 = CARTESIAN_POINT('',(1.0397658471,0.38664696744));
#1505 = CARTESIAN_POINT('',(1.035334748466,0.420380738895));
#1506 = CARTESIAN_POINT('',(1.031212918947,0.455184608652));
#1507 = CARTESIAN_POINT('',(1.019210469911,0.568101278798));
#1508 = CARTESIAN_POINT('',(1.01248697721,0.64983163695));
#1509 = CARTESIAN_POINT('',(1.007360723126,0.735017063548));
#1510 = CARTESIAN_POINT('',(1.003912714707,0.822521941261));
#1511 = CARTESIAN_POINT('',(1.002186027497,0.911223237402));
#1512 = CARTESIAN_POINT('',(1.002186026531,0.999999940395));
#1513 = ( GEOMETRIC_REPRESENTATION_CONTEXT(2) 
PARAMETRIC_REPRESENTATION_CONTEXT() REPRESENTATION_CONTEXT('2D SPACE',''
  ) );
#1514 = ORIENTED_EDGE('',*,*,#1515,.F.);
#1515 = EDGE_CURVE('',#1401,#1436,#1516,.T.);
#1516 = SURFACE_CURVE('',#1517,(#1521,#1528),.PCURVE_S1.);
#1517 = LINE('',#1518,#1519);
#1518 = CARTESIAN_POINT('',(-20.2,-29.,2.5));
#1519 = VECTOR('',#1520,1.);
#1520 = DIRECTION('',(0.,1.,0.));
#1521 = PCURVE('',#1249,#1522);
#1522 = DEFINITIONAL_REPRESENTATION('',(#1523),#1527);
#1523 = LINE('',#1524,#1525);
#1524 = CARTESIAN_POINT('',(0.,0.));
#1525 = VECTOR('',#1526,1.);
#1526 = DIRECTION('',(0.,1.));
#1527 = ( GEOMETRIC_REPRESENTATION_CONTEXT(2) 
PARAMETRIC_REPRESENTATION_CONTEXT() REPRESENTATION_CONTEXT('2D SPACE',''
  ) );
#1528 = PCURVE('',#1194,#1529);
#1529 = DEFINITIONAL_REPRESENTATION('',(#1530),#1534);
#1530 = LINE('',#1531,#1532);
#1531 = CARTESIAN_POINT('',(7.5,0.));
#1532 = VECTOR('',#1533,1.);
#1533 = DIRECTION('',(0.,-1.));
#1534 = ( GEOMETRIC_REPRESENTATION_CONTEXT(2) 
PARAMETRIC_REPRESENTATION_CONTEXT() REPRESENTATION_CONTEXT('2D SPACE',''
  ) );
#1535 = ADVANCED_FACE('',(#1536),#1222,.T.);
#1536 = FACE_BOUND('',#1537,.T.);
#1537 = EDGE_LOOP('',(#1538,#1539,#1540));
#1538 = ORIENTED_EDGE('',*,*,#1435,.T.);
#1539 = ORIENTED_EDGE('',*,*,#1206,.F.);
#1540 = ORIENTED_EDGE('',*,*,#1541,.T.);
#1541 = EDGE_CURVE('',#1179,#1436,#1542,.T.);
#1542 = SURFACE_CURVE('',#1543,(#1548,#1555),.PCURVE_S1.);
#1543 = CIRCLE('',#1544,6.5);
#1544 = AXIS2_PLACEMENT_3D('',#1545,#1546,#1547);
#1545 = CARTESIAN_POINT('',(-20.2,0.,0.));
#1546 = DIRECTION('',(1.,0.,0.));
#1547 = DIRECTION('',(-0.,0.,1.));
#1548 = PCURVE('',#1222,#1549);
#1549 = DEFINITIONAL_REPRESENTATION('',(#1550),#1554);
#1550 = LINE('',#1551,#1552);
#1551 = CARTESIAN_POINT('',(0.,0.));
#1552 = VECTOR('',#1553,1.);
#1553 = DIRECTION('',(1.,0.));
#1554 = ( GEOMETRIC_REPRESENTATION_CONTEXT(2) 
PARAMETRIC_REPRESENTATION_CONTEXT() REPRESENTATION_CONTEXT('2D SPACE',''
  ) );
#1555 = PCURVE('',#1194,#1556);
#1556 = DEFINITIONAL_REPRESENTATION('',(#1557),#1561);
#1557 = CIRCLE('',#1558,6.5);
#1558 = AXIS2_PLACEMENT_2D('',#1559,#1560);
#1559 = CARTESIAN_POINT('',(5.,-29.));
#1560 = DIRECTION('',(1.,0.));
#1561 = ( GEOMETRIC_REPRESENTATION_CONTEXT(2) 
PARAMETRIC_REPRESENTATION_CONTEXT() REPRESENTATION_CONTEXT('2D SPACE',''
  ) );
#1562 = ADVANCED_FACE('',(#1563),#1277,.T.);
#1563 = FACE_BOUND('',#1564,.T.);
#1564 = EDGE_LOOP('',(#1565,#1593,#1625,#1626));
#1565 = ORIENTED_EDGE('',*,*,#1566,.F.);
#1566 = EDGE_CURVE('',#1567,#1401,#1569,.T.);
#1567 = VERTEX_POINT('',#1568);
#1568 = CARTESIAN_POINT('',(-74.8,-17.3,2.5));
#1569 = SURFACE_CURVE('',#1570,(#1574,#1581),.PCURVE_S1.);
#1570 = LINE('',#1571,#1572);
#1571 = CARTESIAN_POINT('',(-80.4,-17.3,2.5));
#1572 = VECTOR('',#1573,1.);
#1573 = DIRECTION('',(1.,0.,0.));
#1574 = PCURVE('',#1277,#1575);
#1575 = DEFINITIONAL_REPRESENTATION('',(#1576),#1580);
#1576 = LINE('',#1577,#1578);
#1577 = CARTESIAN_POINT('',(0.,0.));
#1578 = VECTOR('',#1579,1.);
#1579 = DIRECTION('',(0.,1.));
#1580 = ( GEOMETRIC_REPRESENTATION_CONTEXT(2) 
PARAMETRIC_REPRESENTATION_CONTEXT() REPRESENTATION_CONTEXT('2D SPACE',''
  ) );
#1581 = PCURVE('',#1582,#1587);
#1582 = PLANE('',#1583);
#1583 = AXIS2_PLACEMENT_3D('',#1584,#1585,#1586);
#1584 = CARTESIAN_POINT('',(-80.4,-17.3,-5.5));
#1585 = DIRECTION('',(0.,1.,0.));
#1586 = DIRECTION('',(0.,0.,1.));
#1587 = DEFINITIONAL_REPRESENTATION('',(#1588),#1592);
#1588 = LINE('',#1589,#1590);
#1589 = CARTESIAN_POINT('',(8.,0.));
#1590 = VECTOR('',#1591,1.);
#1591 = DIRECTION('',(0.,1.));
#1592 = ( GEOMETRIC_REPRESENTATION_CONTEXT(2) 
PARAMETRIC_REPRESENTATION_CONTEXT() REPRESENTATION_CONTEXT('2D SPACE',''
  ) );
#1593 = ORIENTED_EDGE('',*,*,#1594,.F.);
#1594 = EDGE_CURVE('',#1262,#1567,#1595,.T.);
#1595 = SURFACE_CURVE('',#1596,(#1601,#1613),.PCURVE_S1.);
#1596 = ELLIPSE('',#1597,1.414213562373,1.);
#1597 = AXIS2_PLACEMENT_3D('',#1598,#1599,#1600);
#1598 = CARTESIAN_POINT('',(-75.8,-18.3,2.5));
#1599 = DIRECTION('',(-0.707106781187,0.707106781187,0.));
#1600 = DIRECTION('',(0.707106781187,0.707106781187,0.));
#1601 = PCURVE('',#1277,#1602);
#1602 = DEFINITIONAL_REPRESENTATION('',(#1603),#1612);
#1603 = B_SPLINE_CURVE_WITH_KNOTS('',7,(#1604,#1605,#1606,#1607,#1608,
    #1609,#1610,#1611),.UNSPECIFIED.,.F.,.F.,(8,8),(4.712388980385,
    6.28318530718),.PIECEWISE_BEZIER_KNOTS.);
#1604 = CARTESIAN_POINT('',(1.570796326795,4.6));
#1605 = CARTESIAN_POINT('',(1.346396851538,4.824399475256));
#1606 = CARTESIAN_POINT('',(1.121997376282,5.04879803932));
#1607 = CARTESIAN_POINT('',(0.897597901026,5.254746825772));
#1608 = CARTESIAN_POINT('',(0.673198425769,5.423762504626));
#1609 = CARTESIAN_POINT('',(0.448798950513,5.54125132739));
#1610 = CARTESIAN_POINT('',(0.224399475256,5.6));
#1611 = CARTESIAN_POINT('',(4.440892098501E-16,5.6));
#1612 = ( GEOMETRIC_REPRESENTATION_CONTEXT(2) 
PARAMETRIC_REPRESENTATION_CONTEXT() REPRESENTATION_CONTEXT('2D SPACE',''
  ) );
#1613 = PCURVE('',#1305,#1614);
#1614 = DEFINITIONAL_REPRESENTATION('',(#1615),#1624);
#1615 = B_SPLINE_CURVE_WITH_KNOTS('',7,(#1616,#1617,#1618,#1619,#1620,
    #1621,#1622,#1623),.UNSPECIFIED.,.F.,.F.,(8,8),(4.712388980385,
    6.28318530718),.PIECEWISE_BEZIER_KNOTS.);
#1616 = CARTESIAN_POINT('',(-1.570796326795,10.7));
#1617 = CARTESIAN_POINT('',(-1.346396851538,10.924399475256));
#1618 = CARTESIAN_POINT('',(-1.121997376282,11.148798039319));
#1619 = CARTESIAN_POINT('',(-0.897597901026,11.35474682578));
#1620 = CARTESIAN_POINT('',(-0.673198425769,11.523762504617));
#1621 = CARTESIAN_POINT('',(-0.448798950513,11.641251327392));
#1622 = CARTESIAN_POINT('',(-0.224399475256,11.7));
#1623 = CARTESIAN_POINT('',(-4.440892098501E-16,11.7));
#1624 = ( GEOMETRIC_REPRESENTATION_CONTEXT(2) 
PARAMETRIC_REPRESENTATION_CONTEXT() REPRESENTATION_CONTEXT('2D SPACE',''
  ) );
#1625 = ORIENTED_EDGE('',*,*,#1261,.T.);
#1626 = ORIENTED_EDGE('',*,*,#1400,.F.);
#1627 = ADVANCED_FACE('',(#1628,#1757),#1582,.T.);
#1628 = FACE_BOUND('',#1629,.T.);
#1629 = EDGE_LOOP('',(#1630,#1660,#1689,#1708,#1709,#1730));
#1630 = ORIENTED_EDGE('',*,*,#1631,.F.);
#1631 = EDGE_CURVE('',#1632,#1634,#1636,.T.);
#1632 = VERTEX_POINT('',#1633);
#1633 = CARTESIAN_POINT('',(-74.93397459621,-17.3,-4.5));
#1634 = VERTEX_POINT('',#1635);
#1635 = CARTESIAN_POINT('',(-20.06602540378,-17.3,-4.5));
#1636 = SURFACE_CURVE('',#1637,(#1641,#1648),.PCURVE_S1.);
#1637 = LINE('',#1638,#1639);
#1638 = CARTESIAN_POINT('',(-80.4,-17.3,-4.5));
#1639 = VECTOR('',#1640,1.);
#1640 = DIRECTION('',(1.,0.,0.));
#1641 = PCURVE('',#1582,#1642);
#1642 = DEFINITIONAL_REPRESENTATION('',(#1643),#1647);
#1643 = LINE('',#1644,#1645);
#1644 = CARTESIAN_POINT('',(1.,0.));
#1645 = VECTOR('',#1646,1.);
#1646 = DIRECTION('',(0.,1.));
#1647 = ( GEOMETRIC_REPRESENTATION_CONTEXT(2) 
PARAMETRIC_REPRESENTATION_CONTEXT() REPRESENTATION_CONTEXT('2D SPACE',''
  ) );
#1648 = PCURVE('',#1649,#1654);
#1649 = CYLINDRICAL_SURFACE('',#1650,1.);
#1650 = AXIS2_PLACEMENT_3D('',#1651,#1652,#1653);
#1651 = CARTESIAN_POINT('',(-80.4,-18.3,-4.5));
#1652 = DIRECTION('',(1.,0.,0.));
#1653 = DIRECTION('',(-0.,1.,0.));
#1654 = DEFINITIONAL_REPRESENTATION('',(#1655),#1659);
#1655 = LINE('',#1656,#1657);
#1656 = CARTESIAN_POINT('',(-0.,0.));
#1657 = VECTOR('',#1658,1.);
#1658 = DIRECTION('',(-0.,1.));
#1659 = ( GEOMETRIC_REPRESENTATION_CONTEXT(2) 
PARAMETRIC_REPRESENTATION_CONTEXT() REPRESENTATION_CONTEXT('2D SPACE',''
  ) );
#1660 = ORIENTED_EDGE('',*,*,#1661,.F.);
#1661 = EDGE_CURVE('',#1662,#1632,#1664,.T.);
#1662 = VERTEX_POINT('',#1663);
#1663 = CARTESIAN_POINT('',(-74.8,-17.3,-4.));
#1664 = SURFACE_CURVE('',#1665,(#1670,#1677),.PCURVE_S1.);
#1665 = CIRCLE('',#1666,1.);
#1666 = AXIS2_PLACEMENT_3D('',#1667,#1668,#1669);
#1667 = CARTESIAN_POINT('',(-75.8,-17.3,-4.));
#1668 = DIRECTION('',(0.,1.,0.));
#1669 = DIRECTION('',(1.,0.,-0.));
#1670 = PCURVE('',#1582,#1671);
#1671 = DEFINITIONAL_REPRESENTATION('',(#1672),#1676);
#1672 = CIRCLE('',#1673,1.);
#1673 = AXIS2_PLACEMENT_2D('',#1674,#1675);
#1674 = CARTESIAN_POINT('',(1.5,4.6));
#1675 = DIRECTION('',(0.,1.));
#1676 = ( GEOMETRIC_REPRESENTATION_CONTEXT(2) 
PARAMETRIC_REPRESENTATION_CONTEXT() REPRESENTATION_CONTEXT('2D SPACE',''
  ) );
#1677 = PCURVE('',#1678,#1683);
#1678 = CYLINDRICAL_SURFACE('',#1679,1.);
#1679 = AXIS2_PLACEMENT_3D('',#1680,#1681,#1682);
#1680 = CARTESIAN_POINT('',(-75.8,-29.,-4.));
#1681 = DIRECTION('',(0.,1.,0.));
#1682 = DIRECTION('',(1.,0.,-0.));
#1683 = DEFINITIONAL_REPRESENTATION('',(#1684),#1688);
#1684 = LINE('',#1685,#1686);
#1685 = CARTESIAN_POINT('',(0.,11.7));
#1686 = VECTOR('',#1687,1.);
#1687 = DIRECTION('',(1.,0.));
#1688 = ( GEOMETRIC_REPRESENTATION_CONTEXT(2) 
PARAMETRIC_REPRESENTATION_CONTEXT() REPRESENTATION_CONTEXT('2D SPACE',''
  ) );
#1689 = ORIENTED_EDGE('',*,*,#1690,.T.);
#1690 = EDGE_CURVE('',#1662,#1567,#1691,.T.);
#1691 = SURFACE_CURVE('',#1692,(#1696,#1702),.PCURVE_S1.);
#1692 = LINE('',#1693,#1694);
#1693 = CARTESIAN_POINT('',(-74.8,-17.3,-2.75));
#1694 = VECTOR('',#1695,1.);
#1695 = DIRECTION('',(0.,0.,1.));
#1696 = PCURVE('',#1582,#1697);
#1697 = DEFINITIONAL_REPRESENTATION('',(#1698),#1701);
#1698 = B_SPLINE_CURVE_WITH_KNOTS('',1,(#1699,#1700),.UNSPECIFIED.,.F.,
  .F.,(2,2),(-1.75,5.25),.PIECEWISE_BEZIER_KNOTS.);
#1699 = CARTESIAN_POINT('',(1.,5.6));
#1700 = CARTESIAN_POINT('',(8.,5.6));
#1701 = ( GEOMETRIC_REPRESENTATION_CONTEXT(2) 
PARAMETRIC_REPRESENTATION_CONTEXT() REPRESENTATION_CONTEXT('2D SPACE',''
  ) );
#1702 = PCURVE('',#1360,#1703);
#1703 = DEFINITIONAL_REPRESENTATION('',(#1704),#1707);
#1704 = B_SPLINE_CURVE_WITH_KNOTS('',1,(#1705,#1706),.UNSPECIFIED.,.F.,
  .F.,(2,2),(-1.75,5.25),.PIECEWISE_BEZIER_KNOTS.);
#1705 = CARTESIAN_POINT('',(-4.5,17.3));
#1706 = CARTESIAN_POINT('',(2.5,17.3));
#1707 = ( GEOMETRIC_REPRESENTATION_CONTEXT(2) 
PARAMETRIC_REPRESENTATION_CONTEXT() REPRESENTATION_CONTEXT('2D SPACE',''
  ) );
#1708 = ORIENTED_EDGE('',*,*,#1566,.T.);
#1709 = ORIENTED_EDGE('',*,*,#1710,.F.);
#1710 = EDGE_CURVE('',#1711,#1401,#1713,.T.);
#1711 = VERTEX_POINT('',#1712);
#1712 = CARTESIAN_POINT('',(-20.2,-17.3,-4.));
#1713 = SURFACE_CURVE('',#1714,(#1718,#1724),.PCURVE_S1.);
#1714 = LINE('',#1715,#1716);
#1715 = CARTESIAN_POINT('',(-20.2,-17.3,-5.25));
#1716 = VECTOR('',#1717,1.);
#1717 = DIRECTION('',(0.,0.,1.));
#1718 = PCURVE('',#1582,#1719);
#1719 = DEFINITIONAL_REPRESENTATION('',(#1720),#1723);
#1720 = B_SPLINE_CURVE_WITH_KNOTS('',1,(#1721,#1722),.UNSPECIFIED.,.F.,
  .F.,(2,2),(0.75,7.75),.PIECEWISE_BEZIER_KNOTS.);
#1721 = CARTESIAN_POINT('',(1.,60.2));
#1722 = CARTESIAN_POINT('',(8.,60.2));
#1723 = ( GEOMETRIC_REPRESENTATION_CONTEXT(2) 
PARAMETRIC_REPRESENTATION_CONTEXT() REPRESENTATION_CONTEXT('2D SPACE',''
  ) );
#1724 = PCURVE('',#1194,#1725);
#1725 = DEFINITIONAL_REPRESENTATION('',(#1726),#1729);
#1726 = B_SPLINE_CURVE_WITH_KNOTS('',1,(#1727,#1728),.UNSPECIFIED.,.F.,
  .F.,(2,2),(0.75,7.75),.PIECEWISE_BEZIER_KNOTS.);
#1727 = CARTESIAN_POINT('',(0.5,-11.7));
#1728 = CARTESIAN_POINT('',(7.5,-11.7));
#1729 = ( GEOMETRIC_REPRESENTATION_CONTEXT(2) 
PARAMETRIC_REPRESENTATION_CONTEXT() REPRESENTATION_CONTEXT('2D SPACE',''
  ) );
#1730 = ORIENTED_EDGE('',*,*,#1731,.F.);
#1731 = EDGE_CURVE('',#1634,#1711,#1732,.T.);
#1732 = SURFACE_CURVE('',#1733,(#1738,#1745),.PCURVE_S1.);
#1733 = CIRCLE('',#1734,1.);
#1734 = AXIS2_PLACEMENT_3D('',#1735,#1736,#1737);
#1735 = CARTESIAN_POINT('',(-19.2,-17.3,-4.));
#1736 = DIRECTION('',(0.,1.,0.));
#1737 = DIRECTION('',(-1.,0.,0.));
#1738 = PCURVE('',#1582,#1739);
#1739 = DEFINITIONAL_REPRESENTATION('',(#1740),#1744);
#1740 = CIRCLE('',#1741,1.);
#1741 = AXIS2_PLACEMENT_2D('',#1742,#1743);
#1742 = CARTESIAN_POINT('',(1.5,61.2));
#1743 = DIRECTION('',(0.,-1.));
#1744 = ( GEOMETRIC_REPRESENTATION_CONTEXT(2) 
PARAMETRIC_REPRESENTATION_CONTEXT() REPRESENTATION_CONTEXT('2D SPACE',''
  ) );
#1745 = PCURVE('',#1746,#1751);
#1746 = CYLINDRICAL_SURFACE('',#1747,1.);
#1747 = AXIS2_PLACEMENT_3D('',#1748,#1749,#1750);
#1748 = CARTESIAN_POINT('',(-19.2,-29.,-4.));
#1749 = DIRECTION('',(0.,1.,0.));
#1750 = DIRECTION('',(-1.,0.,0.));
#1751 = DEFINITIONAL_REPRESENTATION('',(#1752),#1756);
#1752 = LINE('',#1753,#1754);
#1753 = CARTESIAN_POINT('',(-6.28318530718,11.7));
#1754 = VECTOR('',#1755,1.);
#1755 = DIRECTION('',(1.,-0.));
#1756 = ( GEOMETRIC_REPRESENTATION_CONTEXT(2) 
PARAMETRIC_REPRESENTATION_CONTEXT() REPRESENTATION_CONTEXT('2D SPACE',''
  ) );
#1757 = FACE_BOUND('',#1758,.T.);
#1758 = EDGE_LOOP('',(#1759));
#1759 = ORIENTED_EDGE('',*,*,#1760,.F.);
#1760 = EDGE_CURVE('',#1761,#1761,#1763,.T.);
#1761 = VERTEX_POINT('',#1762);
#1762 = CARTESIAN_POINT('',(-47.5,-17.3,1.85));
#1763 = SURFACE_CURVE('',#1764,(#1769,#1776),.PCURVE_S1.);
#1764 = CIRCLE('',#1765,1.85);
#1765 = AXIS2_PLACEMENT_3D('',#1766,#1767,#1768);
#1766 = CARTESIAN_POINT('',(-47.5,-17.3,0.));
#1767 = DIRECTION('',(0.,1.,0.));
#1768 = DIRECTION('',(0.,-0.,1.));
#1769 = PCURVE('',#1582,#1770);
#1770 = DEFINITIONAL_REPRESENTATION('',(#1771),#1775);
#1771 = CIRCLE('',#1772,1.85);
#1772 = AXIS2_PLACEMENT_2D('',#1773,#1774);
#1773 = CARTESIAN_POINT('',(5.5,32.9));
#1774 = DIRECTION('',(1.,0.));
#1775 = ( GEOMETRIC_REPRESENTATION_CONTEXT(2) 
PARAMETRIC_REPRESENTATION_CONTEXT() REPRESENTATION_CONTEXT('2D SPACE',''
  ) );
#1776 = PCURVE('',#1777,#1782);
#1777 = CYLINDRICAL_SURFACE('',#1778,1.85);
#1778 = AXIS2_PLACEMENT_3D('',#1779,#1780,#1781);
#1779 = CARTESIAN_POINT('',(-47.5,-23.5,0.));
#1780 = DIRECTION('',(0.,1.,0.));
#1781 = DIRECTION('',(0.,-0.,1.));
#1782 = DEFINITIONAL_REPRESENTATION('',(#1783),#1787);
#1783 = LINE('',#1784,#1785);
#1784 = CARTESIAN_POINT('',(0.,6.2));
#1785 = VECTOR('',#1786,1.);
#1786 = DIRECTION('',(1.,0.));
#1787 = ( GEOMETRIC_REPRESENTATION_CONTEXT(2) 
PARAMETRIC_REPRESENTATION_CONTEXT() REPRESENTATION_CONTEXT('2D SPACE',''
  ) );
#1788 = ADVANCED_FACE('',(#1789),#1777,.F.);
#1789 = FACE_BOUND('',#1790,.F.);
#1790 = EDGE_LOOP('',(#1791,#1820,#1841,#1842));
#1791 = ORIENTED_EDGE('',*,*,#1792,.T.);
#1792 = EDGE_CURVE('',#1793,#1793,#1795,.T.);
#1793 = VERTEX_POINT('',#1794);
#1794 = CARTESIAN_POINT('',(-47.5,-20.85,1.85));
#1795 = SURFACE_CURVE('',#1796,(#1801,#1808),.PCURVE_S1.);
#1796 = CIRCLE('',#1797,1.85);
#1797 = AXIS2_PLACEMENT_3D('',#1798,#1799,#1800);
#1798 = CARTESIAN_POINT('',(-47.5,-20.85,0.));
#1799 = DIRECTION('',(0.,1.,0.));
#1800 = DIRECTION('',(0.,-0.,1.));
#1801 = PCURVE('',#1777,#1802);
#1802 = DEFINITIONAL_REPRESENTATION('',(#1803),#1807);
#1803 = LINE('',#1804,#1805);
#1804 = CARTESIAN_POINT('',(0.,2.65));
#1805 = VECTOR('',#1806,1.);
#1806 = DIRECTION('',(1.,0.));
#1807 = ( GEOMETRIC_REPRESENTATION_CONTEXT(2) 
PARAMETRIC_REPRESENTATION_CONTEXT() REPRESENTATION_CONTEXT('2D SPACE',''
  ) );
#1808 = PCURVE('',#1809,#1814);
#1809 = CONICAL_SURFACE('',#1810,4.3,0.785398163397);
#1810 = AXIS2_PLACEMENT_3D('',#1811,#1812,#1813);
#1811 = CARTESIAN_POINT('',(-47.5,-23.3,0.));
#1812 = DIRECTION('',(-0.,-1.,-0.));
#1813 = DIRECTION('',(0.,-0.,1.));
#1814 = DEFINITIONAL_REPRESENTATION('',(#1815),#1819);
#1815 = LINE('',#1816,#1817);
#1816 = CARTESIAN_POINT('',(-0.,-2.45));
#1817 = VECTOR('',#1818,1.);
#1818 = DIRECTION('',(-1.,-0.));
#1819 = ( GEOMETRIC_REPRESENTATION_CONTEXT(2) 
PARAMETRIC_REPRESENTATION_CONTEXT() REPRESENTATION_CONTEXT('2D SPACE',''
  ) );
#1820 = ORIENTED_EDGE('',*,*,#1821,.T.);
#1821 = EDGE_CURVE('',#1793,#1761,#1822,.T.);
#1822 = SEAM_CURVE('',#1823,(#1827,#1834),.PCURVE_S1.);
#1823 = LINE('',#1824,#1825);
#1824 = CARTESIAN_POINT('',(-47.5,-23.5,1.85));
#1825 = VECTOR('',#1826,1.);
#1826 = DIRECTION('',(0.,1.,0.));
#1827 = PCURVE('',#1777,#1828);
#1828 = DEFINITIONAL_REPRESENTATION('',(#1829),#1833);
#1829 = LINE('',#1830,#1831);
#1830 = CARTESIAN_POINT('',(0.,-0.));
#1831 = VECTOR('',#1832,1.);
#1832 = DIRECTION('',(0.,1.));
#1833 = ( GEOMETRIC_REPRESENTATION_CONTEXT(2) 
PARAMETRIC_REPRESENTATION_CONTEXT() REPRESENTATION_CONTEXT('2D SPACE',''
  ) );
#1834 = PCURVE('',#1777,#1835);
#1835 = DEFINITIONAL_REPRESENTATION('',(#1836),#1840);
#1836 = LINE('',#1837,#1838);
#1837 = CARTESIAN_POINT('',(6.28318530718,-0.));
#1838 = VECTOR('',#1839,1.);
#1839 = DIRECTION('',(0.,1.));
#1840 = ( GEOMETRIC_REPRESENTATION_CONTEXT(2) 
PARAMETRIC_REPRESENTATION_CONTEXT() REPRESENTATION_CONTEXT('2D SPACE',''
  ) );
#1841 = ORIENTED_EDGE('',*,*,#1760,.F.);
#1842 = ORIENTED_EDGE('',*,*,#1821,.F.);
#1843 = ADVANCED_FACE('',(#1844),#1809,.F.);
#1844 = FACE_BOUND('',#1845,.F.);
#1845 = EDGE_LOOP('',(#1846,#1869,#1870,#1871,#2038,#2067));
#1846 = ORIENTED_EDGE('',*,*,#1847,.T.);
#1847 = EDGE_CURVE('',#1848,#1793,#1850,.T.);
#1848 = VERTEX_POINT('',#1849);
#1849 = CARTESIAN_POINT('',(-47.5,-22.48309518948,3.483095189485));
#1850 = SEAM_CURVE('',#1851,(#1855,#1862),.PCURVE_S1.);
#1851 = LINE('',#1852,#1853);
#1852 = CARTESIAN_POINT('',(-47.5,-23.3,4.3));
#1853 = VECTOR('',#1854,1.);
#1854 = DIRECTION('',(1.731912112471E-16,0.707106781187,-0.707106781187)
  );
#1855 = PCURVE('',#1809,#1856);
#1856 = DEFINITIONAL_REPRESENTATION('',(#1857),#1861);
#1857 = LINE('',#1858,#1859);
#1858 = CARTESIAN_POINT('',(-6.28318530718,0.));
#1859 = VECTOR('',#1860,1.);
#1860 = DIRECTION('',(-0.,-1.));
#1861 = ( GEOMETRIC_REPRESENTATION_CONTEXT(2) 
PARAMETRIC_REPRESENTATION_CONTEXT() REPRESENTATION_CONTEXT('2D SPACE',''
  ) );
#1862 = PCURVE('',#1809,#1863);
#1863 = DEFINITIONAL_REPRESENTATION('',(#1864),#1868);
#1864 = LINE('',#1865,#1866);
#1865 = CARTESIAN_POINT('',(0.,-0.));
#1866 = VECTOR('',#1867,1.);
#1867 = DIRECTION('',(-0.,-1.));
#1868 = ( GEOMETRIC_REPRESENTATION_CONTEXT(2) 
PARAMETRIC_REPRESENTATION_CONTEXT() REPRESENTATION_CONTEXT('2D SPACE',''
  ) );
#1869 = ORIENTED_EDGE('',*,*,#1792,.F.);
#1870 = ORIENTED_EDGE('',*,*,#1847,.F.);
#1871 = ORIENTED_EDGE('',*,*,#1872,.F.);
#1872 = EDGE_CURVE('',#1873,#1848,#1875,.T.);
#1873 = VERTEX_POINT('',#1874);
#1874 = CARTESIAN_POINT('',(-44.00142886309,-23.3,2.5));
#1875 = SURFACE_CURVE('',#1876,(#1928,#1983),.PCURVE_S1.);
#1876 = B_SPLINE_CURVE_WITH_KNOTS('',8,(#1877,#1878,#1879,#1880,#1881,
    #1882,#1883,#1884,#1885,#1886,#1887,#1888,#1889,#1890,#1891,#1892,
    #1893,#1894,#1895,#1896,#1897,#1898,#1899,#1900,#1901,#1902,#1903,
    #1904,#1905,#1906,#1907,#1908,#1909,#1910,#1911,#1912,#1913,#1914,
    #1915,#1916,#1917,#1918,#1919,#1920,#1921,#1922,#1923,#1924,#1925,
    #1926,#1927),.UNSPECIFIED.,.F.,.F.,(9,7,7,7,7,7,7,9),(0.,
    8.15712714653E-02,0.180214794513,0.300773980489,0.399359888764,
    0.512708849531,0.670080506175,1.),.UNSPECIFIED.);
#1877 = CARTESIAN_POINT('',(-44.00142886309,-23.3,2.5));
#1878 = CARTESIAN_POINT('',(-44.02490813025,-23.3,2.532857554558));
#1879 = CARTESIAN_POINT('',(-44.04973404997,-23.29876610895,
    2.564731806696));
#1880 = CARTESIAN_POINT('',(-44.07571866051,-23.29642775623,
    2.59558344845));
#1881 = CARTESIAN_POINT('',(-44.10269230881,-23.2931081549,
    2.625399869631));
#1882 = CARTESIAN_POINT('',(-44.13050805908,-23.28892004367,
    2.654189415852));
#1883 = CARTESIAN_POINT('',(-44.15904491466,-23.28396288058,
    2.681976826391));
#1884 = CARTESIAN_POINT('',(-44.18820985343,-23.27832148812,
    2.708799851873));
#1885 = CARTESIAN_POINT('',(-44.25388951816,-23.26450161666,
    2.766036433109));
#1886 = CARTESIAN_POINT('',(-44.29064474707,-23.25604351546,
    2.796008901335));
#1887 = CARTESIAN_POINT('',(-44.32807929485,-23.24681955599,
    2.824703583619));
#1888 = CARTESIAN_POINT('',(-44.36609031726,-23.23693527314,
    2.852190763769));
#1889 = CARTESIAN_POINT('',(-44.40459470525,-23.22647877359,
    2.878535713759));
#1890 = CARTESIAN_POINT('',(-44.4435275171,-23.21552404412,
    2.903801059499));
#1891 = CARTESIAN_POINT('',(-44.48284133171,-23.20413282148,
    2.92804768086));
#1892 = CARTESIAN_POINT('',(-44.57098414247,-23.17796054931,
    2.979794172383));
#1893 = CARTESIAN_POINT('',(-44.61997052079,-23.16299351159,
    3.00681071524));
#1894 = CARTESIAN_POINT('',(-44.66939918673,-23.14754930289,
    3.032485564444));
#1895 = CARTESIAN_POINT('',(-44.71921629376,-23.13170667718,
    3.05690372993));
#1896 = CARTESIAN_POINT('',(-44.76937903799,-23.11553196237,
    3.080138938374));
#1897 = CARTESIAN_POINT('',(-44.81985464529,-23.09908206042,
    3.102257346836));
#1898 = CARTESIAN_POINT('',(-44.87061992768,-23.0824062353,
    3.123319473312));
#1899 = CARTESIAN_POINT('',(-44.96340000179,-23.05175998565,
    3.159784894045));
#1900 = CARTESIAN_POINT('',(-45.00531986924,-23.03785159501,
    3.175518639529));
#1901 = CARTESIAN_POINT('',(-45.04741116418,-23.02384543856,
    3.190610895229));
#1902 = CARTESIAN_POINT('',(-45.08966561927,-23.00976345792,
    3.205088168441));
#1903 = CARTESIAN_POINT('',(-45.13207650818,-22.99562591801,
    3.218974579824));
#1904 = CARTESIAN_POINT('',(-45.17463860689,-22.98145171039,
    3.232292284066));
#1905 = CARTESIAN_POINT('',(-45.21734815501,-22.9672586566,
    3.245061890533));
#1906 = CARTESIAN_POINT('',(-45.30947488334,-22.93674331545,
    3.271376942841));
#1907 = CARTESIAN_POINT('',(-45.35893783634,-22.92042075514,
    3.284751934647));
#1908 = CARTESIAN_POINT('',(-45.40858787119,-22.90412202332,
    3.297457178404));
#1909 = CARTESIAN_POINT('',(-45.4584222998,-22.8878720636,3.309519545934
    ));
#1910 = CARTESIAN_POINT('',(-45.50843957898,-22.87169517093,
    3.320963875239));
#1911 = CARTESIAN_POINT('',(-45.55863933865,-22.85561529202,
    3.331813383919));
#1912 = CARTESIAN_POINT('',(-45.60902241,-22.8396563258,3.342090082588)
  );
#1913 = CARTESIAN_POINT('',(-45.72979917058,-22.80188668699,
    3.365317349974));
#1914 = CARTESIAN_POINT('',(-45.80036225586,-22.78021143347,
    3.377755828818));
#1915 = CARTESIAN_POINT('',(-45.87128672451,-22.75888058551,
    3.389187143433));
#1916 = CARTESIAN_POINT('',(-45.94257975631,-22.73796051279,
    3.399664121746));
#1917 = CARTESIAN_POINT('',(-46.01424925628,-22.71752067463,
    3.409236956899));
#1918 = CARTESIAN_POINT('',(-46.08630401513,-22.69763426226,
    3.417954263143));
#1919 = CARTESIAN_POINT('',(-46.15875386974,-22.67837884098,
    3.425864131736));
#1920 = CARTESIAN_POINT('',(-46.38434773976,-22.62096520691,
    3.448006911079));
#1921 = CARTESIAN_POINT('',(-46.53896006668,-22.58520655094,
    3.459671913584));
#1922 = CARTESIAN_POINT('',(-46.69547850841,-22.55334359584,
    3.468440281099));
#1923 = CARTESIAN_POINT('',(-46.85383936656,-22.52627473521,
    3.474741463074));
#1924 = CARTESIAN_POINT('',(-47.01387425187,-22.50496432886,
    3.479021854359));
#1925 = CARTESIAN_POINT('',(-47.17530709553,-22.49038802327,
    3.481736985016));
#1926 = CARTESIAN_POINT('',(-47.33762369033,-22.48309518948,
    3.483095189485));
#1927 = CARTESIAN_POINT('',(-47.5,-22.48309518948,3.483095189485));
#1928 = PCURVE('',#1809,#1929);
#1929 = DEFINITIONAL_REPRESENTATION('',(#1930),#1982);
#1930 = B_SPLINE_CURVE_WITH_KNOTS('',8,(#1931,#1932,#1933,#1934,#1935,
    #1936,#1937,#1938,#1939,#1940,#1941,#1942,#1943,#1944,#1945,#1946,
    #1947,#1948,#1949,#1950,#1951,#1952,#1953,#1954,#1955,#1956,#1957,
    #1958,#1959,#1960,#1961,#1962,#1963,#1964,#1965,#1966,#1967,#1968,
    #1969,#1970,#1971,#1972,#1973,#1974,#1975,#1976,#1977,#1978,#1979,
    #1980,#1981),.UNSPECIFIED.,.F.,.F.,(9,7,7,7,7,7,7,9),(0.,
    8.15712714653E-02,0.180214794513,0.300773980489,0.399359888764,
    0.512708849531,0.670080506175,1.),.UNSPECIFIED.);
#1931 = CARTESIAN_POINT('',(-0.950353698996,-1.110223024625E-14));
#1932 = CARTESIAN_POINT('',(-0.940961992133,-1.109928107663E-14));
#1933 = CARTESIAN_POINT('',(-0.931574266208,-1.233891050498E-03));
#1934 = CARTESIAN_POINT('',(-0.922211308928,-3.572243763153E-03));
#1935 = CARTESIAN_POINT('',(-0.912888267451,-6.891845099108E-03));
#1936 = CARTESIAN_POINT('',(-0.90361511383,-1.107995632534E-02));
#1937 = CARTESIAN_POINT('',(-0.894396862985,-1.603711941315E-02));
#1938 = CARTESIAN_POINT('',(-0.88523354323,-2.167851187856E-02));
#1939 = CARTESIAN_POINT('',(-0.86509888273,-3.549838333102E-02));
#1940 = CARTESIAN_POINT('',(-0.854156724391,-4.395648453442E-02));
#1941 = CARTESIAN_POINT('',(-0.843287269048,-5.318044400143E-02));
#1942 = CARTESIAN_POINT('',(-0.832484926381,-6.306472685713E-02));
#1943 = CARTESIAN_POINT('',(-0.821743785337,-7.352122640594E-02));
#1944 = CARTESIAN_POINT('',(-0.811056913106,-8.447595587458E-02));
#1945 = CARTESIAN_POINT('',(-0.800415858731,-9.586717851734E-02));
#1946 = CARTESIAN_POINT('',(-0.776848637316,-0.122039450686));
#1947 = CARTESIAN_POINT('',(-0.763944293315,-0.137006488407));
#1948 = CARTESIAN_POINT('',(-0.75108165268,-0.152450697101));
#1949 = CARTESIAN_POINT('',(-0.73824754182,-0.168293322815));
#1950 = CARTESIAN_POINT('',(-0.725430121019,-0.184468037626));
#1951 = CARTESIAN_POINT('',(-0.712618015985,-0.200917939571));
#1952 = CARTESIAN_POINT('',(-0.699799750179,-0.217593764698));
#1953 = CARTESIAN_POINT('',(-0.676466761764,-0.248240014347));
#1954 = CARTESIAN_POINT('',(-0.665958847796,-0.262148404984));
#1955 = CARTESIAN_POINT('',(-0.655433872798,-0.276154561436));
#1956 = CARTESIAN_POINT('',(-0.644886383219,-0.290236542076));
#1957 = CARTESIAN_POINT('',(-0.634311236696,-0.304374081986));
#1958 = CARTESIAN_POINT('',(-0.623703503548,-0.318548289609));
#1959 = CARTESIAN_POINT('',(-0.613058368274,-0.332741343391));
#1960 = CARTESIAN_POINT('',(-0.590083285387,-0.363256684541));
#1961 = CARTESIAN_POINT('',(-0.577739989381,-0.379579244858));
#1962 = CARTESIAN_POINT('',(-0.565333973787,-0.395877976678));
#1963 = CARTESIAN_POINT('',(-0.552858461519,-0.412127936397));
#1964 = CARTESIAN_POINT('',(-0.540306990932,-0.428304829067));
#1965 = CARTESIAN_POINT('',(-0.527673339096,-0.444384707973));
#1966 = CARTESIAN_POINT('',(-0.514951445082,-0.460343674193));
#1967 = CARTESIAN_POINT('',(-0.484341674253,-0.498113313004));
#1968 = CARTESIAN_POINT('',(-0.46636702679,-0.519788566525));
#1969 = CARTESIAN_POINT('',(-0.448195306776,-0.541119414486));
#1970 = CARTESIAN_POINT('',(-0.42981168808,-0.562039487208));
#1971 = CARTESIAN_POINT('',(-0.411202716676,-0.582479325362));
#1972 = CARTESIAN_POINT('',(-0.392356424799,-0.602365737738));
#1973 = CARTESIAN_POINT('',(-0.373262445118,-0.62162115902));
#1974 = CARTESIAN_POINT('',(-0.313345430794,-0.679034793083));
#1975 = CARTESIAN_POINT('',(-0.271628555042,-0.714793449059));
#1976 = CARTESIAN_POINT('',(-0.228699628345,-0.746656404156));
#1977 = CARTESIAN_POINT('',(-0.184568591257,-0.773725264792));
#1978 = CARTESIAN_POINT('',(-0.139331644852,-0.79503567113));
#1979 = CARTESIAN_POINT('',(-9.321952630435E-02,-0.809611976722));
#1980 = CARTESIAN_POINT('',(-4.661839566104E-02,-0.816904810515));
#1981 = CARTESIAN_POINT('',(0.,-0.816904810515));
#1982 = ( GEOMETRIC_REPRESENTATION_CONTEXT(2) 
PARAMETRIC_REPRESENTATION_CONTEXT() REPRESENTATION_CONTEXT('2D SPACE',''
  ) );
#1983 = PCURVE('',#924,#1984);
#1984 = DEFINITIONAL_REPRESENTATION('',(#1985),#2037);
#1985 = B_SPLINE_CURVE_WITH_KNOTS('',8,(#1986,#1987,#1988,#1989,#1990,
    #1991,#1992,#1993,#1994,#1995,#1996,#1997,#1998,#1999,#2000,#2001,
    #2002,#2003,#2004,#2005,#2006,#2007,#2008,#2009,#2010,#2011,#2012,
    #2013,#2014,#2015,#2016,#2017,#2018,#2019,#2020,#2021,#2022,#2023,
    #2024,#2025,#2026,#2027,#2028,#2029,#2030,#2031,#2032,#2033,#2034,
    #2035,#2036),.UNSPECIFIED.,.F.,.F.,(9,7,7,7,7,7,7,9),(0.,
    8.15712714653E-02,0.180214794513,0.300773980489,0.399359888764,
    0.512708849531,0.670080506175,1.),.UNSPECIFIED.);
#1986 = CARTESIAN_POINT('',(0.,36.398571136907));
#1987 = CARTESIAN_POINT('',(-3.285755455838E-02,36.375091869749));
#1988 = CARTESIAN_POINT('',(-6.473179061759E-02,36.350265950023));
#1989 = CARTESIAN_POINT('',(-9.563753402691E-02,36.32428133949));
#1990 = CARTESIAN_POINT('',(-0.125602487889,36.297307691182));
#1991 = CARTESIAN_POINT('',(-0.154664118318,36.269491940913));
#1992 = CARTESIAN_POINT('',(-0.182867697853,36.240955085335));
#1993 = CARTESIAN_POINT('',(-0.210265506523,36.211790146566));
#1994 = CARTESIAN_POINT('',(-0.269146870966,36.146110481833));
#1995 = CARTESIAN_POINT('',(-0.300267301119,36.109355252928));
#1996 = CARTESIAN_POINT('',(-0.330376281145,36.071920705146));
#1997 = CARTESIAN_POINT('',(-0.359553930699,36.033909682738));
#1998 = CARTESIAN_POINT('',(-0.387869573557,35.995405294747));
#1999 = CARTESIAN_POINT('',(-0.415386462239,35.956472482893));
#2000 = CARTESIAN_POINT('',(-0.442164342691,35.917158668287));
#2001 = CARTESIAN_POINT('',(-0.500153024479,35.829015857528));
#2002 = CARTESIAN_POINT('',(-0.531016540658,35.780029479208));
#2003 = CARTESIAN_POINT('',(-0.560947458874,35.730600813265));
#2004 = CARTESIAN_POINT('',(-0.590022430621,35.680783706232));
#2005 = CARTESIAN_POINT('',(-0.618304555797,35.630620962008));
#2006 = CARTESIAN_POINT('',(-0.6458480996,35.580145354709));
#2007 = CARTESIAN_POINT('',(-0.672701078051,35.529380072316));
#2008 = CARTESIAN_POINT('',(-0.720334254795,35.436599998209));
#2009 = CARTESIAN_POINT('',(-0.741327584079,35.394680130756));
#2010 = CARTESIAN_POINT('',(-0.761907653501,35.352588835813));
#2011 = CARTESIAN_POINT('',(-0.7820931558,35.310334380724));
#2012 = CARTESIAN_POINT('',(-0.801899951561,35.267923491816));
#2013 = CARTESIAN_POINT('',(-0.821341497799,35.225361393103));
#2014 = CARTESIAN_POINT('',(-0.840429276546,35.182651844983));
#2015 = CARTESIAN_POINT('',(-0.880724040765,35.09052511666));
#2016 = CARTESIAN_POINT('',(-0.901819911608,35.04106216366));
#2017 = CARTESIAN_POINT('',(-0.922475540928,34.991412128803));
#2018 = CARTESIAN_POINT('',(-0.942702210718,34.941577700196));
#2019 = CARTESIAN_POINT('',(-0.962508058647,34.891560421018));
#2020 = CARTESIAN_POINT('',(-0.981898356708,34.841360661349));
#2021 = CARTESIAN_POINT('',(-1.000875789865,34.790977589993));
#2022 = CARTESIAN_POINT('',(-1.045215969906,34.670200829419));
#2023 = CARTESIAN_POINT('',(-1.070195133103,34.59963774414));
#2024 = CARTESIAN_POINT('',(-1.094379299311,34.528713275487));
#2025 = CARTESIAN_POINT('',(-1.117759113147,34.457420243685));
#2026 = CARTESIAN_POINT('',(-1.140315154478,34.385750743716));
#2027 = CARTESIAN_POINT('',(-1.162018304084,34.313695984864));
#2028 = CARTESIAN_POINT('',(-1.182830109316,34.241246130259));
#2029 = CARTESIAN_POINT('',(-1.244365692951,34.015652260234));
#2030 = CARTESIAN_POINT('',(-1.281926537983,33.861039933315));
#2031 = CARTESIAN_POINT('',(-1.314920715833,33.704521491586));
#2032 = CARTESIAN_POINT('',(-1.342682511345,33.546160633434));
#2033 = CARTESIAN_POINT('',(-1.364417316497,33.38612574813));
#2034 = CARTESIAN_POINT('',(-1.379244119541,33.224692904468));
#2035 = CARTESIAN_POINT('',(-1.386662380077,33.062376309668));
#2036 = CARTESIAN_POINT('',(-1.386662380077,32.9));
#2037 = ( GEOMETRIC_REPRESENTATION_CONTEXT(2) 
PARAMETRIC_REPRESENTATION_CONTEXT() REPRESENTATION_CONTEXT('2D SPACE',''
  ) );
#2038 = ORIENTED_EDGE('',*,*,#2039,.T.);
#2039 = EDGE_CURVE('',#1873,#2040,#2042,.T.);
#2040 = VERTEX_POINT('',#2041);
#2041 = CARTESIAN_POINT('',(-50.9985711369,-23.3,2.5));
#2042 = SURFACE_CURVE('',#2043,(#2048,#2055),.PCURVE_S1.);
#2043 = CIRCLE('',#2044,4.3);
#2044 = AXIS2_PLACEMENT_3D('',#2045,#2046,#2047);
#2045 = CARTESIAN_POINT('',(-47.5,-23.3,0.));
#2046 = DIRECTION('',(0.,1.,0.));
#2047 = DIRECTION('',(0.,-0.,1.));
#2048 = PCURVE('',#1809,#2049);
#2049 = DEFINITIONAL_REPRESENTATION('',(#2050),#2054);
#2050 = LINE('',#2051,#2052);
#2051 = CARTESIAN_POINT('',(-0.,-0.));
#2052 = VECTOR('',#2053,1.);
#2053 = DIRECTION('',(-1.,-0.));
#2054 = ( GEOMETRIC_REPRESENTATION_CONTEXT(2) 
PARAMETRIC_REPRESENTATION_CONTEXT() REPRESENTATION_CONTEXT('2D SPACE',''
  ) );
#2055 = PCURVE('',#2056,#2061);
#2056 = PLANE('',#2057);
#2057 = AXIS2_PLACEMENT_3D('',#2058,#2059,#2060);
#2058 = CARTESIAN_POINT('',(-80.4,-23.3,-5.5));
#2059 = DIRECTION('',(0.,1.,0.));
#2060 = DIRECTION('',(0.,0.,1.));
#2061 = DEFINITIONAL_REPRESENTATION('',(#2062),#2066);
#2062 = CIRCLE('',#2063,4.3);
#2063 = AXIS2_PLACEMENT_2D('',#2064,#2065);
#2064 = CARTESIAN_POINT('',(5.5,32.9));
#2065 = DIRECTION('',(1.,0.));
#2066 = ( GEOMETRIC_REPRESENTATION_CONTEXT(2) 
PARAMETRIC_REPRESENTATION_CONTEXT() REPRESENTATION_CONTEXT('2D SPACE',''
  ) );
#2067 = ORIENTED_EDGE('',*,*,#2068,.T.);
#2068 = EDGE_CURVE('',#2040,#1848,#2069,.T.);
#2069 = SURFACE_CURVE('',#2070,(#2122,#2177),.PCURVE_S1.);
#2070 = B_SPLINE_CURVE_WITH_KNOTS('',8,(#2071,#2072,#2073,#2074,#2075,
    #2076,#2077,#2078,#2079,#2080,#2081,#2082,#2083,#2084,#2085,#2086,
    #2087,#2088,#2089,#2090,#2091,#2092,#2093,#2094,#2095,#2096,#2097,
    #2098,#2099,#2100,#2101,#2102,#2103,#2104,#2105,#2106,#2107,#2108,
    #2109,#2110,#2111,#2112,#2113,#2114,#2115,#2116,#2117,#2118,#2119,
    #2120,#2121),.UNSPECIFIED.,.F.,.F.,(9,7,7,7,7,7,7,9),(0.,
    8.050585966686E-02,0.178570589171,0.298772855888,0.398443894294,
    0.512708622185,0.67008035225,1.),.UNSPECIFIED.);
#2071 = CARTESIAN_POINT('',(-50.9985711369,-23.3,2.5));
#2072 = CARTESIAN_POINT('',(-50.97539866319,-23.3,2.532428219076));
#2073 = CARTESIAN_POINT('',(-50.95091412651,-23.29879814508,
    2.563899188756));
#2074 = CARTESIAN_POINT('',(-50.92529847318,-23.29651878503,
    2.594374597034));
#2075 = CARTESIAN_POINT('',(-50.89871525629,-23.29328049109,
    2.623841758751));
#2076 = CARTESIAN_POINT('',(-50.87130640201,-23.28919196041,
    2.652308157372));
#2077 = CARTESIAN_POINT('',(-50.84318910982,-23.28434930484,
    2.679797101954));
#2078 = CARTESIAN_POINT('',(-50.81445388662,-23.27883472405,
    2.706344499323));
#2079 = CARTESIAN_POINT('',(-50.74948515919,-23.26526398986,
    2.76324391023));
#2080 = CARTESIAN_POINT('',(-50.7130028123,-23.25691993773,
    2.793145678023));
#2081 = CARTESIAN_POINT('',(-50.67584134623,-23.24781116679,2.8217796249
    ));
#2082 = CARTESIAN_POINT('',(-50.63810338183,-23.23804255666,
    2.849214869345));
#2083 = CARTESIAN_POINT('',(-50.5998719271,-23.22770174733,
    2.875515766746));
#2084 = CARTESIAN_POINT('',(-50.56121191334,-23.21686237649,
    2.900744187434));
#2085 = CARTESIAN_POINT('',(-50.52217082857,-23.2055859131,
    2.924960374288));
#2086 = CARTESIAN_POINT('',(-50.43449346988,-23.17962522126,
    2.976735646747));
#2087 = CARTESIAN_POINT('',(-50.38569677729,-23.16475121176,
    3.003805952573));
#2088 = CARTESIAN_POINT('',(-50.33645553479,-23.14939587899,
    3.029535070778));
#2089 = CARTESIAN_POINT('',(-50.28682415803,-23.13363829327,
    3.054008005157));
#2090 = CARTESIAN_POINT('',(-50.23684591585,-23.11754501126,
    3.077298494406));
#2091 = CARTESIAN_POINT('',(-50.18655395619,-23.10117309126,
    3.099472728239));
#2092 = CARTESIAN_POINT('',(-50.13597175595,-23.0845718876,
    3.120591275114));
#2093 = CARTESIAN_POINT('',(-50.04294119896,-23.05386289109,
    3.157390908758));
#2094 = CARTESIAN_POINT('',(-50.00058281233,-23.039814758,3.173383290844
    ));
#2095 = CARTESIAN_POINT('',(-49.95804822863,-23.02566418001,
    3.188716953802));
#2096 = CARTESIAN_POINT('',(-49.91534616579,-23.01143400319,
    3.20341951023));
#2097 = CARTESIAN_POINT('',(-49.87248370874,-22.9971452889,
    3.217516048717));
#2098 = CARTESIAN_POINT('',(-49.82946635184,-22.98281763823,
    3.231029583217));
#2099 = CARTESIAN_POINT('',(-49.78629804129,-22.96846951645,
    3.243981502423));
#2100 = CARTESIAN_POINT('',(-49.69332200704,-22.93766639471,
    3.27061966579));
#2101 = CARTESIAN_POINT('',(-49.64346860514,-22.92121082988,
    3.284135459914));
#2102 = CARTESIAN_POINT('',(-49.59342496957,-22.90477845427,
    3.296969538843));
#2103 = CARTESIAN_POINT('',(-49.5431939004,-22.88839484565,
    3.309149497162));
#2104 = CARTESIAN_POINT('',(-49.49277701107,-22.87208490185,
    3.320700818286));
#2105 = CARTESIAN_POINT('',(-49.44217469928,-22.85587315432,
    3.331647306039));
#2106 = CARTESIAN_POINT('',(-49.39138611797,-22.83978408179,
    3.342011516243));
#2107 = CARTESIAN_POINT('',(-49.27020082941,-22.80188668699,
    3.365317349974));
#2108 = CARTESIAN_POINT('',(-49.19963774414,-22.78021143347,
    3.377755828818));
#2109 = CARTESIAN_POINT('',(-49.12871327548,-22.75888058551,
    3.389187143433));
#2110 = CARTESIAN_POINT('',(-49.05742024368,-22.73796051279,
    3.399664121746));
#2111 = CARTESIAN_POINT('',(-48.98575074371,-22.71752067463,
    3.409236956899));
#2112 = CARTESIAN_POINT('',(-48.91369598486,-22.69763426226,
    3.417954263143));
#2113 = CARTESIAN_POINT('',(-48.84124613025,-22.67837884098,
    3.425864131736));
#2114 = CARTESIAN_POINT('',(-48.61565226023,-22.62096520691,
    3.448006911079));
#2115 = CARTESIAN_POINT('',(-48.46103993332,-22.58520655094,
    3.459671913583));
#2116 = CARTESIAN_POINT('',(-48.30452149157,-22.55334359584,
    3.468440281101));
#2117 = CARTESIAN_POINT('',(-48.14616063344,-22.52627473521,
    3.474741463071));
#2118 = CARTESIAN_POINT('',(-47.98612574812,-22.50496432886,
    3.479021854361));
#2119 = CARTESIAN_POINT('',(-47.82469290446,-22.49038802327,
    3.481736985015));
#2120 = CARTESIAN_POINT('',(-47.66237630966,-22.48309518948,
    3.483095189485));
#2121 = CARTESIAN_POINT('',(-47.5,-22.48309518948,3.483095189485));
#2122 = PCURVE('',#1809,#2123);
#2123 = DEFINITIONAL_REPRESENTATION('',(#2124),#2176);
#2124 = B_SPLINE_CURVE_WITH_KNOTS('',8,(#2125,#2126,#2127,#2128,#2129,
    #2130,#2131,#2132,#2133,#2134,#2135,#2136,#2137,#2138,#2139,#2140,
    #2141,#2142,#2143,#2144,#2145,#2146,#2147,#2148,#2149,#2150,#2151,
    #2152,#2153,#2154,#2155,#2156,#2157,#2158,#2159,#2160,#2161,#2162,
    #2163,#2164,#2165,#2166,#2167,#2168,#2169,#2170,#2171,#2172,#2173,
    #2174,#2175),.UNSPECIFIED.,.F.,.F.,(9,7,7,7,7,7,7,9),(0.,
    8.050585966686E-02,0.178570589171,0.298772855888,0.398443894294,
    0.512708622185,0.67008035225,1.),.UNSPECIFIED.);
#2125 = CARTESIAN_POINT('',(-5.332831608183,0.));
#2126 = CARTESIAN_POINT('',(-5.342100597667,2.328507278106E-17));
#2127 = CARTESIAN_POINT('',(-5.351365859318,-1.201854915837E-03));
#2128 = CARTESIAN_POINT('',(-5.360607275085,-3.481214963102E-03));
#2129 = CARTESIAN_POINT('',(-5.369810140235,-6.719508902756E-03));
#2130 = CARTESIAN_POINT('',(-5.378964721903,-1.080803958441E-02));
#2131 = CARTESIAN_POINT('',(-5.388066050255,-1.565069515646E-02));
#2132 = CARTESIAN_POINT('',(-5.397113942242,-2.116527594304E-02));
#2133 = CARTESIAN_POINT('',(-5.417075385016,-3.473601013483E-02));
#2134 = CARTESIAN_POINT('',(-5.427959401938,-4.308006226533E-02));
#2135 = CARTESIAN_POINT('',(-5.438771207866,-5.218883320336E-02));
#2136 = CARTESIAN_POINT('',(-5.449516181533,-6.195744333958E-02));
#2137 = CARTESIAN_POINT('',(-5.460200061037,-7.229825266711E-02));
#2138 = CARTESIAN_POINT('',(-5.470829626522,-8.313762350233E-02));
#2139 = CARTESIAN_POINT('',(-5.481413185777,-9.441408689081E-02));
#2140 = CARTESIAN_POINT('',(-5.504889615898,-0.120374778735));
#2141 = CARTESIAN_POINT('',(-5.517760183641,-0.13524878824));
#2142 = CARTESIAN_POINT('',(-5.530588166694,-0.150604121006));
#2143 = CARTESIAN_POINT('',(-5.54338666966,-0.166361706723));
#2144 = CARTESIAN_POINT('',(-5.556167472139,-0.182454988736));
#2145 = CARTESIAN_POINT('',(-5.56894189851,-0.198826908738));
#2146 = CARTESIAN_POINT('',(-5.581721386366,-0.215428112399));
#2147 = CARTESIAN_POINT('',(-5.605128428838,-0.246137108901));
#2148 = CARTESIAN_POINT('',(-5.615749831109,-0.260185241996));
#2149 = CARTESIAN_POINT('',(-5.62638805412,-0.274335819985));
#2150 = CARTESIAN_POINT('',(-5.637048756964,-0.288565996803));
#2151 = CARTESIAN_POINT('',(-5.647737269503,-0.302854711093));
#2152 = CARTESIAN_POINT('',(-5.658458697721,-0.317182361765));
#2153 = CARTESIAN_POINT('',(-5.669218029081,-0.331530483547));
#2154 = CARTESIAN_POINT('',(-5.692404090505,-0.362333605289));
#2155 = CARTESIAN_POINT('',(-5.704844044914,-0.37878917012));
#2156 = CARTESIAN_POINT('',(-5.717347459672,-0.395221545725));
#2157 = CARTESIAN_POINT('',(-5.729921286068,-0.411605154342));
#2158 = CARTESIAN_POINT('',(-5.742572148383,-0.42791509815));
#2159 = CARTESIAN_POINT('',(-5.755306424146,-0.444126845677));
#2160 = CARTESIAN_POINT('',(-5.768130324398,-0.460215918205));
#2161 = CARTESIAN_POINT('',(-5.798843632927,-0.498113313004));
#2162 = CARTESIAN_POINT('',(-5.81681828039,-0.519788566525));
#2163 = CARTESIAN_POINT('',(-5.834990000404,-0.541119414486));
#2164 = CARTESIAN_POINT('',(-5.853373619099,-0.562039487208));
#2165 = CARTESIAN_POINT('',(-5.871982590504,-0.582479325362));
#2166 = CARTESIAN_POINT('',(-5.89082888238,-0.602365737738));
#2167 = CARTESIAN_POINT('',(-5.909922862062,-0.62162115902));
#2168 = CARTESIAN_POINT('',(-5.969839876386,-0.679034793083));
#2169 = CARTESIAN_POINT('',(-6.011556752136,-0.714793449058));
#2170 = CARTESIAN_POINT('',(-6.054485678838,-0.746656404159));
#2171 = CARTESIAN_POINT('',(-6.098616715919,-0.773725264789));
#2172 = CARTESIAN_POINT('',(-6.14385366233,-0.795035671132));
#2173 = CARTESIAN_POINT('',(-6.189965780875,-0.809611976722));
#2174 = CARTESIAN_POINT('',(-6.236566911518,-0.816904810515));
#2175 = CARTESIAN_POINT('',(-6.28318530718,-0.816904810515));
#2176 = ( GEOMETRIC_REPRESENTATION_CONTEXT(2) 
PARAMETRIC_REPRESENTATION_CONTEXT() REPRESENTATION_CONTEXT('2D SPACE',''
  ) );
#2177 = PCURVE('',#924,#2178);
#2178 = DEFINITIONAL_REPRESENTATION('',(#2179),#2231);
#2179 = B_SPLINE_CURVE_WITH_KNOTS('',8,(#2180,#2181,#2182,#2183,#2184,
    #2185,#2186,#2187,#2188,#2189,#2190,#2191,#2192,#2193,#2194,#2195,
    #2196,#2197,#2198,#2199,#2200,#2201,#2202,#2203,#2204,#2205,#2206,
    #2207,#2208,#2209,#2210,#2211,#2212,#2213,#2214,#2215,#2216,#2217,
    #2218,#2219,#2220,#2221,#2222,#2223,#2224,#2225,#2226,#2227,#2228,
    #2229,#2230),.UNSPECIFIED.,.F.,.F.,(9,7,7,7,7,7,7,9),(0.,
    8.050585966686E-02,0.178570589171,0.298772855888,0.398443894294,
    0.512708622185,0.67008035225,1.),.UNSPECIFIED.);
#2180 = CARTESIAN_POINT('',(0.,29.401428863093));
#2181 = CARTESIAN_POINT('',(-3.242821907638E-02,29.424601336802));
#2182 = CARTESIAN_POINT('',(-6.389917344736E-02,29.449085873483));
#2183 = CARTESIAN_POINT('',(-9.442658968443E-02,29.474701526814));
#2184 = CARTESIAN_POINT('',(-0.124036715911,29.501284743709));
#2185 = CARTESIAN_POINT('',(-0.152765310123,29.528693597989));
#2186 = CARTESIAN_POINT('',(-0.180655737296,29.556810890175));
#2187 = CARTESIAN_POINT('',(-0.207758175282,29.585546113372));
#2188 = CARTESIAN_POINT('',(-0.266253540808,29.650514840801));
#2189 = CARTESIAN_POINT('',(-0.297275309969,29.686997187698));
#2190 = CARTESIAN_POINT('',(-0.327291652501,29.724158653762));
#2191 = CARTESIAN_POINT('',(-0.356381722383,29.761896618169));
#2192 = CARTESIAN_POINT('',(-0.384614135782,29.800128072891));
#2193 = CARTESIAN_POINT('',(-0.412051589523,29.838788086655));
#2194 = CARTESIAN_POINT('',(-0.438753374305,29.87782917143));
#2195 = CARTESIAN_POINT('',(-0.496672597014,29.965506530116));
#2196 = CARTESIAN_POINT('',(-0.5275382386,30.01430322271));
#2197 = CARTESIAN_POINT('',(-0.557470024878,30.063544465204));
#2198 = CARTESIAN_POINT('',(-0.586544833523,30.113175841969));
#2199 = CARTESIAN_POINT('',(-0.614825979762,30.163154084141));
#2200 = CARTESIAN_POINT('',(-0.642367952716,30.213446043807));
#2201 = CARTESIAN_POINT('',(-0.66921901075,30.264028244047));
#2202 = CARTESIAN_POINT('',(-0.717148704077,30.357058801033));
#2203 = CARTESIAN_POINT('',(-0.738428191193,30.399417187662));
#2204 = CARTESIAN_POINT('',(-0.759283121963,30.441951771363));
#2205 = CARTESIAN_POINT('',(-0.779733072006,30.484653834207));
#2206 = CARTESIAN_POINT('',(-0.799794627355,30.527516291257));
#2207 = CARTESIAN_POINT('',(-0.819481844036,30.570533648155));
#2208 = CARTESIAN_POINT('',(-0.838806707641,30.613701958701));
#2209 = CARTESIAN_POINT('',(-0.879530460619,30.706677992957));
#2210 = CARTESIAN_POINT('',(-0.900818277633,30.756531394852));
#2211 = CARTESIAN_POINT('',(-0.921658249493,30.806575030426));
#2212 = CARTESIAN_POINT('',(-0.942062035661,30.856806099592));
#2213 = CARTESIAN_POINT('',(-0.96203804121,30.907222988927));
#2214 = CARTESIAN_POINT('',(-0.981591708523,30.957825300721));
#2215 = CARTESIAN_POINT('',(-1.000725808989,31.008613882023));
#2216 = CARTESIAN_POINT('',(-1.045215969906,31.129799170581));
#2217 = CARTESIAN_POINT('',(-1.070195133103,31.20036225586));
#2218 = CARTESIAN_POINT('',(-1.094379299311,31.271286724513));
#2219 = CARTESIAN_POINT('',(-1.117759113147,31.342579756315));
#2220 = CARTESIAN_POINT('',(-1.140315154478,31.414249256284));
#2221 = CARTESIAN_POINT('',(-1.162018304084,31.486304015136));
#2222 = CARTESIAN_POINT('',(-1.182830109316,31.558753869741));
#2223 = CARTESIAN_POINT('',(-1.244365692951,31.784347739767));
#2224 = CARTESIAN_POINT('',(-1.281926537982,31.938960066679));
#2225 = CARTESIAN_POINT('',(-1.314920715837,32.095478508424));
#2226 = CARTESIAN_POINT('',(-1.342682511341,32.253839366556));
#2227 = CARTESIAN_POINT('',(-1.364417316499,32.413874251876));
#2228 = CARTESIAN_POINT('',(-1.37924411954,32.575307095531));
#2229 = CARTESIAN_POINT('',(-1.386662380077,32.737623690331));
#2230 = CARTESIAN_POINT('',(-1.386662380077,32.9));
#2231 = ( GEOMETRIC_REPRESENTATION_CONTEXT(2) 
PARAMETRIC_REPRESENTATION_CONTEXT() REPRESENTATION_CONTEXT('2D SPACE',''
  ) );
#2232 = ADVANCED_FACE('',(#2233),#2056,.F.);
#2233 = FACE_BOUND('',#2234,.F.);
#2234 = EDGE_LOOP('',(#2235,#2265,#2294,#2321,#2342,#2343,#2366,#2393));
#2235 = ORIENTED_EDGE('',*,*,#2236,.F.);
#2236 = EDGE_CURVE('',#2237,#2239,#2241,.T.);
#2237 = VERTEX_POINT('',#2238);
#2238 = CARTESIAN_POINT('',(-74.93397459621,-23.3,-4.5));
#2239 = VERTEX_POINT('',#2240);
#2240 = CARTESIAN_POINT('',(-20.06602540378,-23.3,-4.5));
#2241 = SURFACE_CURVE('',#2242,(#2246,#2253),.PCURVE_S1.);
#2242 = LINE('',#2243,#2244);
#2243 = CARTESIAN_POINT('',(-80.4,-23.3,-4.5));
#2244 = VECTOR('',#2245,1.);
#2245 = DIRECTION('',(1.,0.,0.));
#2246 = PCURVE('',#2056,#2247);
#2247 = DEFINITIONAL_REPRESENTATION('',(#2248),#2252);
#2248 = LINE('',#2249,#2250);
#2249 = CARTESIAN_POINT('',(1.,0.));
#2250 = VECTOR('',#2251,1.);
#2251 = DIRECTION('',(0.,1.));
#2252 = ( GEOMETRIC_REPRESENTATION_CONTEXT(2) 
PARAMETRIC_REPRESENTATION_CONTEXT() REPRESENTATION_CONTEXT('2D SPACE',''
  ) );
#2253 = PCURVE('',#2254,#2259);
#2254 = CYLINDRICAL_SURFACE('',#2255,1.);
#2255 = AXIS2_PLACEMENT_3D('',#2256,#2257,#2258);
#2256 = CARTESIAN_POINT('',(-80.4,-22.3,-4.5));
#2257 = DIRECTION('',(1.,0.,0.));
#2258 = DIRECTION('',(0.,-1.,0.));
#2259 = DEFINITIONAL_REPRESENTATION('',(#2260),#2264);
#2260 = LINE('',#2261,#2262);
#2261 = CARTESIAN_POINT('',(0.,0.));
#2262 = VECTOR('',#2263,1.);
#2263 = DIRECTION('',(0.,1.));
#2264 = ( GEOMETRIC_REPRESENTATION_CONTEXT(2) 
PARAMETRIC_REPRESENTATION_CONTEXT() REPRESENTATION_CONTEXT('2D SPACE',''
  ) );
#2265 = ORIENTED_EDGE('',*,*,#2266,.F.);
#2266 = EDGE_CURVE('',#2267,#2237,#2269,.T.);
#2267 = VERTEX_POINT('',#2268);
#2268 = CARTESIAN_POINT('',(-74.8,-23.3,-4.));
#2269 = SURFACE_CURVE('',#2270,(#2275,#2282),.PCURVE_S1.);
#2270 = CIRCLE('',#2271,1.);
#2271 = AXIS2_PLACEMENT_3D('',#2272,#2273,#2274);
#2272 = CARTESIAN_POINT('',(-75.8,-23.3,-4.));
#2273 = DIRECTION('',(0.,1.,0.));
#2274 = DIRECTION('',(1.,0.,-0.));
#2275 = PCURVE('',#2056,#2276);
#2276 = DEFINITIONAL_REPRESENTATION('',(#2277),#2281);
#2277 = CIRCLE('',#2278,1.);
#2278 = AXIS2_PLACEMENT_2D('',#2279,#2280);
#2279 = CARTESIAN_POINT('',(1.5,4.6));
#2280 = DIRECTION('',(0.,1.));
#2281 = ( GEOMETRIC_REPRESENTATION_CONTEXT(2) 
PARAMETRIC_REPRESENTATION_CONTEXT() REPRESENTATION_CONTEXT('2D SPACE',''
  ) );
#2282 = PCURVE('',#2283,#2288);
#2283 = CYLINDRICAL_SURFACE('',#2284,1.);
#2284 = AXIS2_PLACEMENT_3D('',#2285,#2286,#2287);
#2285 = CARTESIAN_POINT('',(-75.8,-29.,-4.));
#2286 = DIRECTION('',(0.,1.,0.));
#2287 = DIRECTION('',(1.,0.,-0.));
#2288 = DEFINITIONAL_REPRESENTATION('',(#2289),#2293);
#2289 = LINE('',#2290,#2291);
#2290 = CARTESIAN_POINT('',(0.,5.7));
#2291 = VECTOR('',#2292,1.);
#2292 = DIRECTION('',(1.,0.));
#2293 = ( GEOMETRIC_REPRESENTATION_CONTEXT(2) 
PARAMETRIC_REPRESENTATION_CONTEXT() REPRESENTATION_CONTEXT('2D SPACE',''
  ) );
#2294 = ORIENTED_EDGE('',*,*,#2295,.T.);
#2295 = EDGE_CURVE('',#2267,#2296,#2298,.T.);
#2296 = VERTEX_POINT('',#2297);
#2297 = CARTESIAN_POINT('',(-74.8,-23.3,2.5));
#2298 = SURFACE_CURVE('',#2299,(#2303,#2310),.PCURVE_S1.);
#2299 = LINE('',#2300,#2301);
#2300 = CARTESIAN_POINT('',(-74.8,-23.3,-2.75));
#2301 = VECTOR('',#2302,1.);
#2302 = DIRECTION('',(0.,0.,1.));
#2303 = PCURVE('',#2056,#2304);
#2304 = DEFINITIONAL_REPRESENTATION('',(#2305),#2309);
#2305 = LINE('',#2306,#2307);
#2306 = CARTESIAN_POINT('',(2.75,5.6));
#2307 = VECTOR('',#2308,1.);
#2308 = DIRECTION('',(1.,0.));
#2309 = ( GEOMETRIC_REPRESENTATION_CONTEXT(2) 
PARAMETRIC_REPRESENTATION_CONTEXT() REPRESENTATION_CONTEXT('2D SPACE',''
  ) );
#2310 = PCURVE('',#2311,#2316);
#2311 = PLANE('',#2312);
#2312 = AXIS2_PLACEMENT_3D('',#2313,#2314,#2315);
#2313 = CARTESIAN_POINT('',(-74.8,0.,0.));
#2314 = DIRECTION('',(1.,0.,0.));
#2315 = DIRECTION('',(-0.,0.,1.));
#2316 = DEFINITIONAL_REPRESENTATION('',(#2317),#2320);
#2317 = B_SPLINE_CURVE_WITH_KNOTS('',1,(#2318,#2319),.UNSPECIFIED.,.F.,
  .F.,(2,2),(-1.75,5.25),.PIECEWISE_BEZIER_KNOTS.);
#2318 = CARTESIAN_POINT('',(-4.5,23.3));
#2319 = CARTESIAN_POINT('',(2.5,23.3));
#2320 = ( GEOMETRIC_REPRESENTATION_CONTEXT(2) 
PARAMETRIC_REPRESENTATION_CONTEXT() REPRESENTATION_CONTEXT('2D SPACE',''
  ) );
#2321 = ORIENTED_EDGE('',*,*,#2322,.T.);
#2322 = EDGE_CURVE('',#2296,#2040,#2323,.T.);
#2323 = SURFACE_CURVE('',#2324,(#2328,#2335),.PCURVE_S1.);
#2324 = LINE('',#2325,#2326);
#2325 = CARTESIAN_POINT('',(-74.8,-23.3,2.5));
#2326 = VECTOR('',#2327,1.);
#2327 = DIRECTION('',(1.,0.,-1.119485420151E-16));
#2328 = PCURVE('',#2056,#2329);
#2329 = DEFINITIONAL_REPRESENTATION('',(#2330),#2334);
#2330 = LINE('',#2331,#2332);
#2331 = CARTESIAN_POINT('',(8.,5.6));
#2332 = VECTOR('',#2333,1.);
#2333 = DIRECTION('',(-1.119485420151E-16,1.));
#2334 = ( GEOMETRIC_REPRESENTATION_CONTEXT(2) 
PARAMETRIC_REPRESENTATION_CONTEXT() REPRESENTATION_CONTEXT('2D SPACE',''
  ) );
#2335 = PCURVE('',#924,#2336);
#2336 = DEFINITIONAL_REPRESENTATION('',(#2337),#2341);
#2337 = LINE('',#2338,#2339);
#2338 = CARTESIAN_POINT('',(-0.,5.6));
#2339 = VECTOR('',#2340,1.);
#2340 = DIRECTION('',(-0.,1.));
#2341 = ( GEOMETRIC_REPRESENTATION_CONTEXT(2) 
PARAMETRIC_REPRESENTATION_CONTEXT() REPRESENTATION_CONTEXT('2D SPACE',''
  ) );
#2342 = ORIENTED_EDGE('',*,*,#2039,.F.);
#2343 = ORIENTED_EDGE('',*,*,#2344,.T.);
#2344 = EDGE_CURVE('',#1873,#2345,#2347,.T.);
#2345 = VERTEX_POINT('',#2346);
#2346 = CARTESIAN_POINT('',(-20.2,-23.3,2.5));
#2347 = SURFACE_CURVE('',#2348,(#2352,#2359),.PCURVE_S1.);
#2348 = LINE('',#2349,#2350);
#2349 = CARTESIAN_POINT('',(-44.00142886309,-23.3,2.5));
#2350 = VECTOR('',#2351,1.);
#2351 = DIRECTION('',(1.,0.,1.865809033586E-16));
#2352 = PCURVE('',#2056,#2353);
#2353 = DEFINITIONAL_REPRESENTATION('',(#2354),#2358);
#2354 = LINE('',#2355,#2356);
#2355 = CARTESIAN_POINT('',(8.,36.398571136907));
#2356 = VECTOR('',#2357,1.);
#2357 = DIRECTION('',(1.865809033586E-16,1.));
#2358 = ( GEOMETRIC_REPRESENTATION_CONTEXT(2) 
PARAMETRIC_REPRESENTATION_CONTEXT() REPRESENTATION_CONTEXT('2D SPACE',''
  ) );
#2359 = PCURVE('',#924,#2360);
#2360 = DEFINITIONAL_REPRESENTATION('',(#2361),#2365);
#2361 = LINE('',#2362,#2363);
#2362 = CARTESIAN_POINT('',(-0.,36.398571136907));
#2363 = VECTOR('',#2364,1.);
#2364 = DIRECTION('',(-0.,1.));
#2365 = ( GEOMETRIC_REPRESENTATION_CONTEXT(2) 
PARAMETRIC_REPRESENTATION_CONTEXT() REPRESENTATION_CONTEXT('2D SPACE',''
  ) );
#2366 = ORIENTED_EDGE('',*,*,#2367,.F.);
#2367 = EDGE_CURVE('',#2368,#2345,#2370,.T.);
#2368 = VERTEX_POINT('',#2369);
#2369 = CARTESIAN_POINT('',(-20.2,-23.3,-4.));
#2370 = SURFACE_CURVE('',#2371,(#2375,#2382),.PCURVE_S1.);
#2371 = LINE('',#2372,#2373);
#2372 = CARTESIAN_POINT('',(-20.2,-23.3,-5.25));
#2373 = VECTOR('',#2374,1.);
#2374 = DIRECTION('',(0.,0.,1.));
#2375 = PCURVE('',#2056,#2376);
#2376 = DEFINITIONAL_REPRESENTATION('',(#2377),#2381);
#2377 = LINE('',#2378,#2379);
#2378 = CARTESIAN_POINT('',(0.25,60.2));
#2379 = VECTOR('',#2380,1.);
#2380 = DIRECTION('',(1.,0.));
#2381 = ( GEOMETRIC_REPRESENTATION_CONTEXT(2) 
PARAMETRIC_REPRESENTATION_CONTEXT() REPRESENTATION_CONTEXT('2D SPACE',''
  ) );
#2382 = PCURVE('',#2383,#2388);
#2383 = PLANE('',#2384);
#2384 = AXIS2_PLACEMENT_3D('',#2385,#2386,#2387);
#2385 = CARTESIAN_POINT('',(-20.2,-29.,-5.));
#2386 = DIRECTION('',(1.,0.,0.));
#2387 = DIRECTION('',(0.,0.,1.));
#2388 = DEFINITIONAL_REPRESENTATION('',(#2389),#2392);
#2389 = B_SPLINE_CURVE_WITH_KNOTS('',1,(#2390,#2391),.UNSPECIFIED.,.F.,
  .F.,(2,2),(0.75,7.75),.PIECEWISE_BEZIER_KNOTS.);
#2390 = CARTESIAN_POINT('',(0.5,-5.7));
#2391 = CARTESIAN_POINT('',(7.5,-5.7));
#2392 = ( GEOMETRIC_REPRESENTATION_CONTEXT(2) 
PARAMETRIC_REPRESENTATION_CONTEXT() REPRESENTATION_CONTEXT('2D SPACE',''
  ) );
#2393 = ORIENTED_EDGE('',*,*,#2394,.F.);
#2394 = EDGE_CURVE('',#2239,#2368,#2395,.T.);
#2395 = SURFACE_CURVE('',#2396,(#2401,#2408),.PCURVE_S1.);
#2396 = CIRCLE('',#2397,1.);
#2397 = AXIS2_PLACEMENT_3D('',#2398,#2399,#2400);
#2398 = CARTESIAN_POINT('',(-19.2,-23.3,-4.));
#2399 = DIRECTION('',(0.,1.,0.));
#2400 = DIRECTION('',(-1.,0.,0.));
#2401 = PCURVE('',#2056,#2402);
#2402 = DEFINITIONAL_REPRESENTATION('',(#2403),#2407);
#2403 = CIRCLE('',#2404,1.);
#2404 = AXIS2_PLACEMENT_2D('',#2405,#2406);
#2405 = CARTESIAN_POINT('',(1.5,61.2));
#2406 = DIRECTION('',(0.,-1.));
#2407 = ( GEOMETRIC_REPRESENTATION_CONTEXT(2) 
PARAMETRIC_REPRESENTATION_CONTEXT() REPRESENTATION_CONTEXT('2D SPACE',''
  ) );
#2408 = PCURVE('',#2409,#2414);
#2409 = CYLINDRICAL_SURFACE('',#2410,1.);
#2410 = AXIS2_PLACEMENT_3D('',#2411,#2412,#2413);
#2411 = CARTESIAN_POINT('',(-19.2,-29.,-4.));
#2412 = DIRECTION('',(0.,1.,0.));
#2413 = DIRECTION('',(-1.,0.,0.));
#2414 = DEFINITIONAL_REPRESENTATION('',(#2415),#2419);
#2415 = LINE('',#2416,#2417);
#2416 = CARTESIAN_POINT('',(-6.28318530718,5.7));
#2417 = VECTOR('',#2418,1.);
#2418 = DIRECTION('',(1.,-0.));
#2419 = ( GEOMETRIC_REPRESENTATION_CONTEXT(2) 
PARAMETRIC_REPRESENTATION_CONTEXT() REPRESENTATION_CONTEXT('2D SPACE',''
  ) );
#2420 = ADVANCED_FACE('',(#2421),#2409,.T.);
#2421 = FACE_BOUND('',#2422,.F.);
#2422 = EDGE_LOOP('',(#2423,#2454,#2482,#2560,#2561));
#2423 = ORIENTED_EDGE('',*,*,#2424,.F.);
#2424 = EDGE_CURVE('',#2425,#2427,#2429,.T.);
#2425 = VERTEX_POINT('',#2426);
#2426 = CARTESIAN_POINT('',(-19.2,-24.4,-5.));
#2427 = VERTEX_POINT('',#2428);
#2428 = CARTESIAN_POINT('',(-20.2,-24.4,-4.));
#2429 = SURFACE_CURVE('',#2430,(#2435,#2442),.PCURVE_S1.);
#2430 = CIRCLE('',#2431,1.);
#2431 = AXIS2_PLACEMENT_3D('',#2432,#2433,#2434);
#2432 = CARTESIAN_POINT('',(-19.2,-24.4,-4.));
#2433 = DIRECTION('',(0.,1.,0.));
#2434 = DIRECTION('',(-1.,0.,0.));
#2435 = PCURVE('',#2409,#2436);
#2436 = DEFINITIONAL_REPRESENTATION('',(#2437),#2441);
#2437 = LINE('',#2438,#2439);
#2438 = CARTESIAN_POINT('',(-6.28318530718,4.6));
#2439 = VECTOR('',#2440,1.);
#2440 = DIRECTION('',(1.,-0.));
#2441 = ( GEOMETRIC_REPRESENTATION_CONTEXT(2) 
PARAMETRIC_REPRESENTATION_CONTEXT() REPRESENTATION_CONTEXT('2D SPACE',''
  ) );
#2442 = PCURVE('',#2443,#2448);
#2443 = PLANE('',#2444);
#2444 = AXIS2_PLACEMENT_3D('',#2445,#2446,#2447);
#2445 = CARTESIAN_POINT('',(-80.4,-24.4,-74.));
#2446 = DIRECTION('',(0.,1.,0.));
#2447 = DIRECTION('',(0.,0.,1.));
#2448 = DEFINITIONAL_REPRESENTATION('',(#2449),#2453);
#2449 = CIRCLE('',#2450,1.);
#2450 = AXIS2_PLACEMENT_2D('',#2451,#2452);
#2451 = CARTESIAN_POINT('',(70.,61.2));
#2452 = DIRECTION('',(0.,-1.));
#2453 = ( GEOMETRIC_REPRESENTATION_CONTEXT(2) 
PARAMETRIC_REPRESENTATION_CONTEXT() REPRESENTATION_CONTEXT('2D SPACE',''
  ) );
#2454 = ORIENTED_EDGE('',*,*,#2455,.T.);
#2455 = EDGE_CURVE('',#2425,#2456,#2458,.T.);
#2456 = VERTEX_POINT('',#2457);
#2457 = CARTESIAN_POINT('',(-19.2,-23.16602540378,-5.));
#2458 = SURFACE_CURVE('',#2459,(#2463,#2470),.PCURVE_S1.);
#2459 = LINE('',#2460,#2461);
#2460 = CARTESIAN_POINT('',(-19.2,-29.,-5.));
#2461 = VECTOR('',#2462,1.);
#2462 = DIRECTION('',(0.,1.,0.));
#2463 = PCURVE('',#2409,#2464);
#2464 = DEFINITIONAL_REPRESENTATION('',(#2465),#2469);
#2465 = LINE('',#2466,#2467);
#2466 = CARTESIAN_POINT('',(-1.570796326795,0.));
#2467 = VECTOR('',#2468,1.);
#2468 = DIRECTION('',(-0.,1.));
#2469 = ( GEOMETRIC_REPRESENTATION_CONTEXT(2) 
PARAMETRIC_REPRESENTATION_CONTEXT() REPRESENTATION_CONTEXT('2D SPACE',''
  ) );
#2470 = PCURVE('',#2471,#2476);
#2471 = PLANE('',#2472);
#2472 = AXIS2_PLACEMENT_3D('',#2473,#2474,#2475);
#2473 = CARTESIAN_POINT('',(-20.2,-29.,-5.));
#2474 = DIRECTION('',(0.,0.,1.));
#2475 = DIRECTION('',(1.,0.,0.));
#2476 = DEFINITIONAL_REPRESENTATION('',(#2477),#2481);
#2477 = LINE('',#2478,#2479);
#2478 = CARTESIAN_POINT('',(1.,0.));
#2479 = VECTOR('',#2480,1.);
#2480 = DIRECTION('',(0.,1.));
#2481 = ( GEOMETRIC_REPRESENTATION_CONTEXT(2) 
PARAMETRIC_REPRESENTATION_CONTEXT() REPRESENTATION_CONTEXT('2D SPACE',''
  ) );
#2482 = ORIENTED_EDGE('',*,*,#2483,.F.);
#2483 = EDGE_CURVE('',#2239,#2456,#2484,.T.);
#2484 = SURFACE_CURVE('',#2485,(#2508,#2534),.PCURVE_S1.);
#2485 = B_SPLINE_CURVE_WITH_KNOTS('',6,(#2486,#2487,#2488,#2489,#2490,
    #2491,#2492,#2493,#2494,#2495,#2496,#2497,#2498,#2499,#2500,#2501,
    #2502,#2503,#2504,#2505,#2506,#2507),.UNSPECIFIED.,.F.,.F.,(7,5,5,5,
    7),(0.,0.15999578681,0.449933225053,0.733081520913,1.),
  .UNSPECIFIED.);
#2486 = CARTESIAN_POINT('',(-20.06602540378,-23.3,-4.5));
#2487 = CARTESIAN_POINT('',(-20.05192215466,-23.3,-4.524427544034));
#2488 = CARTESIAN_POINT('',(-20.03699638359,-23.29928389787,
    -4.548370354483));
#2489 = CARTESIAN_POINT('',(-20.02127530668,-23.29790513899,
    -4.571783268656));
#2490 = CARTESIAN_POINT('',(-20.00479052635,-23.29592013936,
    -4.594623859613));
#2491 = CARTESIAN_POINT('',(-19.98757803137,-23.29338828559,
    -4.616852436155));
#2492 = CARTESIAN_POINT('',(-19.9372408916,-23.28490583486,
    -4.677537671819));
#2493 = CARTESIAN_POINT('',(-19.9025563978,-23.27785039737,
    -4.714500315261));
#2494 = CARTESIAN_POINT('',(-19.86579042972,-23.2695627978,
    -4.749197455399));
#2495 = CARTESIAN_POINT('',(-19.82710713281,-23.26040235619,
    -4.78152148515));
#2496 = CARTESIAN_POINT('',(-19.78666937449,-23.25072954794,
    -4.811375746343));
#2497 = CARTESIAN_POINT('',(-19.70359287322,-23.23131053132,
    -4.865326257081));
#2498 = CARTESIAN_POINT('',(-19.66097377022,-23.22155864954,
    -4.889575993971));
#2499 = CARTESIAN_POINT('',(-19.61693969191,-23.21198551339,
    -4.911315548757));
#2500 = CARTESIAN_POINT('',(-19.57163551598,-23.20292698053,
    -4.93046150334));
#2501 = CARTESIAN_POINT('',(-19.52519351607,-23.19469894948,
    -4.946937095223));
#2502 = CARTESIAN_POINT('',(-19.43299452316,-23.1808646092,
    -4.973592553516));
#2503 = CARTESIAN_POINT('',(-19.38732345806,-23.17513075347,
    -4.984087128981));
#2504 = CARTESIAN_POINT('',(-19.34097277608,-23.17063178987,
    -4.992021552625));
#2505 = CARTESIAN_POINT('',(-19.29416691029,-23.16756299907,
    -4.997336793562));
#2506 = CARTESIAN_POINT('',(-19.24710993106,-23.16602540378,-5.));
#2507 = CARTESIAN_POINT('',(-19.2,-23.16602540378,-5.));
#2508 = PCURVE('',#2409,#2509);
#2509 = DEFINITIONAL_REPRESENTATION('',(#2510),#2533);
#2510 = B_SPLINE_CURVE_WITH_KNOTS('',6,(#2511,#2512,#2513,#2514,#2515,
    #2516,#2517,#2518,#2519,#2520,#2521,#2522,#2523,#2524,#2525,#2526,
    #2527,#2528,#2529,#2530,#2531,#2532),.UNSPECIFIED.,.F.,.F.,(7,5,5,5,
    7),(0.,0.15999578681,0.449933225053,0.733081520913,1.),
  .UNSPECIFIED.);
#2511 = CARTESIAN_POINT('',(-0.523598775598,5.7));
#2512 = CARTESIAN_POINT('',(-0.551805273846,5.7));
#2513 = CARTESIAN_POINT('',(-0.580003079343,5.700716102127));
#2514 = CARTESIAN_POINT('',(-0.608180349612,5.702094861005));
#2515 = CARTESIAN_POINT('',(-0.636324499272,5.704079860638));
#2516 = CARTESIAN_POINT('',(-0.664422200039,5.706611714404));
#2517 = CARTESIAN_POINT('',(-0.743267145776,5.715094165134));
#2518 = CARTESIAN_POINT('',(-0.793860160855,5.722149602627));
#2519 = CARTESIAN_POINT('',(-0.844274500953,5.730437202196));
#2520 = CARTESIAN_POINT('',(-0.894548457631,5.73959764381));
#2521 = CARTESIAN_POINT('',(-0.944722239656,5.749270452057));
#2522 = CARTESIAN_POINT('',(-1.043779610263,5.768689468674));
#2523 = CARTESIAN_POINT('',(-1.092730182504,5.778441350459));
#2524 = CARTESIAN_POINT('',(-1.141711974213,5.788014486608));
#2525 = CARTESIAN_POINT('',(-1.190767794031,5.797073019467));
#2526 = CARTESIAN_POINT('',(-1.239958693457,5.805301050518));
#2527 = CARTESIAN_POINT('',(-1.335933522191,5.819135390792));
#2528 = CARTESIAN_POINT('',(-1.382722469654,5.824869246522));
#2529 = CARTESIAN_POINT('',(-1.429635240539,5.829368210124));
#2530 = CARTESIAN_POINT('',(-1.47662944622,5.832437000922));
#2531 = CARTESIAN_POINT('',(-1.523686395731,5.833974596216));
#2532 = CARTESIAN_POINT('',(-1.570796326795,5.833974596216));
#2533 = ( GEOMETRIC_REPRESENTATION_CONTEXT(2) 
PARAMETRIC_REPRESENTATION_CONTEXT() REPRESENTATION_CONTEXT('2D SPACE',''
  ) );
#2534 = PCURVE('',#2254,#2535);
#2535 = DEFINITIONAL_REPRESENTATION('',(#2536),#2559);
#2536 = B_SPLINE_CURVE_WITH_KNOTS('',6,(#2537,#2538,#2539,#2540,#2541,
    #2542,#2543,#2544,#2545,#2546,#2547,#2548,#2549,#2550,#2551,#2552,
    #2553,#2554,#2555,#2556,#2557,#2558),.UNSPECIFIED.,.F.,.F.,(7,5,5,5,
    7),(0.,0.15999578681,0.449933225053,0.733081520913,1.),
  .UNSPECIFIED.);
#2537 = CARTESIAN_POINT('',(0.,60.333974596216));
#2538 = CARTESIAN_POINT('',(2.442754403428E-02,60.348077845339));
#2539 = CARTESIAN_POINT('',(4.837034047582E-02,60.363003616407));
#2540 = CARTESIAN_POINT('',(7.180950986335E-02,60.378724693319));
#2541 = CARTESIAN_POINT('',(9.47236112302E-02,60.395209473643));
#2542 = CARTESIAN_POINT('',(0.117088642104,60.412421968621));
#2543 = CARTESIAN_POINT('',(0.178363839354,60.462759108395));
#2544 = CARTESIAN_POINT('',(0.215947276856,60.497443602195));
#2545 = CARTESIAN_POINT('',(0.251568465464,60.534209570272));
#2546 = CARTESIAN_POINT('',(0.285128567178,60.572892867184));
#2547 = CARTESIAN_POINT('',(0.316494493687,60.613330625505));
#2548 = CARTESIAN_POINT('',(0.373833449165,60.696407126771));
#2549 = CARTESIAN_POINT('',(0.399952668339,60.739026229775));
#2550 = CARTESIAN_POINT('',(0.423691035202,60.783060308089));
#2551 = CARTESIAN_POINT('',(0.444863784453,60.828364484015));
#2552 = CARTESIAN_POINT('',(0.463277578339,60.874806483926));
#2553 = CARTESIAN_POINT('',(0.493309268727,60.967005476837));
#2554 = CARTESIAN_POINT('',(0.505265337797,61.012676541939));
#2555 = CARTESIAN_POINT('',(0.514385955229,61.05902722392));
#2556 = CARTESIAN_POINT('',(0.520523597775,61.105833089705));
#2557 = CARTESIAN_POINT('',(0.523598775598,61.152890068936));
#2558 = CARTESIAN_POINT('',(0.523598775598,61.2));
#2559 = ( GEOMETRIC_REPRESENTATION_CONTEXT(2) 
PARAMETRIC_REPRESENTATION_CONTEXT() REPRESENTATION_CONTEXT('2D SPACE',''
  ) );
#2560 = ORIENTED_EDGE('',*,*,#2394,.T.);
#2561 = ORIENTED_EDGE('',*,*,#2562,.F.);
#2562 = EDGE_CURVE('',#2427,#2368,#2563,.T.);
#2563 = SURFACE_CURVE('',#2564,(#2568,#2575),.PCURVE_S1.);
#2564 = LINE('',#2565,#2566);
#2565 = CARTESIAN_POINT('',(-20.2,-29.,-4.));
#2566 = VECTOR('',#2567,1.);
#2567 = DIRECTION('',(0.,1.,0.));
#2568 = PCURVE('',#2409,#2569);
#2569 = DEFINITIONAL_REPRESENTATION('',(#2570),#2574);
#2570 = LINE('',#2571,#2572);
#2571 = CARTESIAN_POINT('',(-0.,0.));
#2572 = VECTOR('',#2573,1.);
#2573 = DIRECTION('',(-0.,1.));
#2574 = ( GEOMETRIC_REPRESENTATION_CONTEXT(2) 
PARAMETRIC_REPRESENTATION_CONTEXT() REPRESENTATION_CONTEXT('2D SPACE',''
  ) );
#2575 = PCURVE('',#2383,#2576);
#2576 = DEFINITIONAL_REPRESENTATION('',(#2577),#2581);
#2577 = LINE('',#2578,#2579);
#2578 = CARTESIAN_POINT('',(1.,0.));
#2579 = VECTOR('',#2580,1.);
#2580 = DIRECTION('',(0.,-1.));
#2581 = ( GEOMETRIC_REPRESENTATION_CONTEXT(2) 
PARAMETRIC_REPRESENTATION_CONTEXT() REPRESENTATION_CONTEXT('2D SPACE',''
  ) );
#2582 = ADVANCED_FACE('',(#2583),#2471,.F.);
#2583 = FACE_BOUND('',#2584,.F.);
#2584 = EDGE_LOOP('',(#2585,#2586,#2607,#2635));
#2585 = ORIENTED_EDGE('',*,*,#2455,.F.);
#2586 = ORIENTED_EDGE('',*,*,#2587,.F.);
#2587 = EDGE_CURVE('',#2588,#2425,#2590,.T.);
#2588 = VERTEX_POINT('',#2589);
#2589 = CARTESIAN_POINT('',(-15.6,-24.4,-5.));
#2590 = SURFACE_CURVE('',#2591,(#2595,#2601),.PCURVE_S1.);
#2591 = LINE('',#2592,#2593);
#2592 = CARTESIAN_POINT('',(-50.3,-24.4,-5.));
#2593 = VECTOR('',#2594,1.);
#2594 = DIRECTION('',(-1.,0.,0.));
#2595 = PCURVE('',#2471,#2596);
#2596 = DEFINITIONAL_REPRESENTATION('',(#2597),#2600);
#2597 = B_SPLINE_CURVE_WITH_KNOTS('',1,(#2598,#2599),.UNSPECIFIED.,.F.,
  .F.,(2,2),(-34.7,-31.1),.PIECEWISE_BEZIER_KNOTS.);
#2598 = CARTESIAN_POINT('',(4.6,4.6));
#2599 = CARTESIAN_POINT('',(1.,4.6));
#2600 = ( GEOMETRIC_REPRESENTATION_CONTEXT(2) 
PARAMETRIC_REPRESENTATION_CONTEXT() REPRESENTATION_CONTEXT('2D SPACE',''
  ) );
#2601 = PCURVE('',#2443,#2602);
#2602 = DEFINITIONAL_REPRESENTATION('',(#2603),#2606);
#2603 = B_SPLINE_CURVE_WITH_KNOTS('',1,(#2604,#2605),.UNSPECIFIED.,.F.,
  .F.,(2,2),(-34.7,-31.1),.PIECEWISE_BEZIER_KNOTS.);
#2604 = CARTESIAN_POINT('',(69.,64.8));
#2605 = CARTESIAN_POINT('',(69.,61.2));
#2606 = ( GEOMETRIC_REPRESENTATION_CONTEXT(2) 
PARAMETRIC_REPRESENTATION_CONTEXT() REPRESENTATION_CONTEXT('2D SPACE',''
  ) );
#2607 = ORIENTED_EDGE('',*,*,#2608,.T.);
#2608 = EDGE_CURVE('',#2588,#2609,#2611,.T.);
#2609 = VERTEX_POINT('',#2610);
#2610 = CARTESIAN_POINT('',(-15.6,-23.16602540378,-5.));
#2611 = SURFACE_CURVE('',#2612,(#2616,#2623),.PCURVE_S1.);
#2612 = LINE('',#2613,#2614);
#2613 = CARTESIAN_POINT('',(-15.6,-29.,-5.));
#2614 = VECTOR('',#2615,1.);
#2615 = DIRECTION('',(0.,1.,0.));
#2616 = PCURVE('',#2471,#2617);
#2617 = DEFINITIONAL_REPRESENTATION('',(#2618),#2622);
#2618 = LINE('',#2619,#2620);
#2619 = CARTESIAN_POINT('',(4.6,0.));
#2620 = VECTOR('',#2621,1.);
#2621 = DIRECTION('',(0.,1.));
#2622 = ( GEOMETRIC_REPRESENTATION_CONTEXT(2) 
PARAMETRIC_REPRESENTATION_CONTEXT() REPRESENTATION_CONTEXT('2D SPACE',''
  ) );
#2623 = PCURVE('',#2624,#2629);
#2624 = CYLINDRICAL_SURFACE('',#2625,1.);
#2625 = AXIS2_PLACEMENT_3D('',#2626,#2627,#2628);
#2626 = CARTESIAN_POINT('',(-15.6,-29.,-4.));
#2627 = DIRECTION('',(0.,1.,0.));
#2628 = DIRECTION('',(1.,0.,-0.));
#2629 = DEFINITIONAL_REPRESENTATION('',(#2630),#2634);
#2630 = LINE('',#2631,#2632);
#2631 = CARTESIAN_POINT('',(1.570796326795,0.));
#2632 = VECTOR('',#2633,1.);
#2633 = DIRECTION('',(0.,1.));
#2634 = ( GEOMETRIC_REPRESENTATION_CONTEXT(2) 
PARAMETRIC_REPRESENTATION_CONTEXT() REPRESENTATION_CONTEXT('2D SPACE',''
  ) );
#2635 = ORIENTED_EDGE('',*,*,#2636,.F.);
#2636 = EDGE_CURVE('',#2456,#2609,#2637,.T.);
#2637 = SURFACE_CURVE('',#2638,(#2642,#2648),.PCURVE_S1.);
#2638 = LINE('',#2639,#2640);
#2639 = CARTESIAN_POINT('',(-80.4,-23.16602540378,-5.));
#2640 = VECTOR('',#2641,1.);
#2641 = DIRECTION('',(1.,0.,0.));
#2642 = PCURVE('',#2471,#2643);
#2643 = DEFINITIONAL_REPRESENTATION('',(#2644),#2647);
#2644 = B_SPLINE_CURVE_WITH_KNOTS('',1,(#2645,#2646),.UNSPECIFIED.,.F.,
  .F.,(2,2),(60.84,64.8000006),.PIECEWISE_BEZIER_KNOTS.);
#2645 = CARTESIAN_POINT('',(0.64,5.833974596216));
#2646 = CARTESIAN_POINT('',(4.6000006,5.833974596216));
#2647 = ( GEOMETRIC_REPRESENTATION_CONTEXT(2) 
PARAMETRIC_REPRESENTATION_CONTEXT() REPRESENTATION_CONTEXT('2D SPACE',''
  ) );
#2648 = PCURVE('',#2254,#2649);
#2649 = DEFINITIONAL_REPRESENTATION('',(#2650),#2653);
#2650 = B_SPLINE_CURVE_WITH_KNOTS('',1,(#2651,#2652),.UNSPECIFIED.,.F.,
  .F.,(2,2),(60.84,64.8000006),.PIECEWISE_BEZIER_KNOTS.);
#2651 = CARTESIAN_POINT('',(0.523598775598,60.84));
#2652 = CARTESIAN_POINT('',(0.523598775598,64.8000006));
#2653 = ( GEOMETRIC_REPRESENTATION_CONTEXT(2) 
PARAMETRIC_REPRESENTATION_CONTEXT() REPRESENTATION_CONTEXT('2D SPACE',''
  ) );
#2654 = ADVANCED_FACE('',(#2655),#2624,.T.);
#2655 = FACE_BOUND('',#2656,.T.);
#2656 = EDGE_LOOP('',(#2657,#2681,#2682,#2767,#2802));
#2657 = ORIENTED_EDGE('',*,*,#2658,.T.);
#2658 = EDGE_CURVE('',#2659,#2588,#2661,.T.);
#2659 = VERTEX_POINT('',#2660);
#2660 = CARTESIAN_POINT('',(-14.6,-24.4,-4.));
#2661 = SURFACE_CURVE('',#2662,(#2667,#2674),.PCURVE_S1.);
#2662 = CIRCLE('',#2663,1.);
#2663 = AXIS2_PLACEMENT_3D('',#2664,#2665,#2666);
#2664 = CARTESIAN_POINT('',(-15.6,-24.4,-4.));
#2665 = DIRECTION('',(0.,1.,0.));
#2666 = DIRECTION('',(1.,0.,-0.));
#2667 = PCURVE('',#2624,#2668);
#2668 = DEFINITIONAL_REPRESENTATION('',(#2669),#2673);
#2669 = LINE('',#2670,#2671);
#2670 = CARTESIAN_POINT('',(0.,4.6));
#2671 = VECTOR('',#2672,1.);
#2672 = DIRECTION('',(1.,0.));
#2673 = ( GEOMETRIC_REPRESENTATION_CONTEXT(2) 
PARAMETRIC_REPRESENTATION_CONTEXT() REPRESENTATION_CONTEXT('2D SPACE',''
  ) );
#2674 = PCURVE('',#2443,#2675);
#2675 = DEFINITIONAL_REPRESENTATION('',(#2676),#2680);
#2676 = CIRCLE('',#2677,1.);
#2677 = AXIS2_PLACEMENT_2D('',#2678,#2679);
#2678 = CARTESIAN_POINT('',(70.,64.8));
#2679 = DIRECTION('',(0.,1.));
#2680 = ( GEOMETRIC_REPRESENTATION_CONTEXT(2) 
PARAMETRIC_REPRESENTATION_CONTEXT() REPRESENTATION_CONTEXT('2D SPACE',''
  ) );
#2681 = ORIENTED_EDGE('',*,*,#2608,.T.);
#2682 = ORIENTED_EDGE('',*,*,#2683,.F.);
#2683 = EDGE_CURVE('',#2684,#2609,#2686,.T.);
#2684 = VERTEX_POINT('',#2685);
#2685 = CARTESIAN_POINT('',(-14.73397459621,-22.8,-4.5));
#2686 = SURFACE_CURVE('',#2687,(#2710,#2736),.PCURVE_S1.);
#2687 = B_SPLINE_CURVE_WITH_KNOTS('',6,(#2688,#2689,#2690,#2691,#2692,
    #2693,#2694,#2695,#2696,#2697,#2698,#2699,#2700,#2701,#2702,#2703,
    #2704,#2705,#2706,#2707,#2708,#2709),.UNSPECIFIED.,.F.,.F.,(7,5,5,5,
    7),(0.,0.170325980559,0.44865047649,0.847342088453,1.),
  .UNSPECIFIED.);
#2688 = CARTESIAN_POINT('',(-14.73397459621,-22.8,-4.5));
#2689 = CARTESIAN_POINT('',(-14.74638350925,-22.82149286785,
    -4.521492867851));
#2690 = CARTESIAN_POINT('',(-14.75979767527,-22.84214010809,
    -4.543248705407));
#2691 = CARTESIAN_POINT('',(-14.77423102183,-22.86196576334,
    -4.565128306346));
#2692 = CARTESIAN_POINT('',(-14.78968767578,-22.88098842234,
    -4.587005015922));
#2693 = CARTESIAN_POINT('',(-14.80616357475,-22.89922331872,
    -4.608763695301));
#2694 = CARTESIAN_POINT('',(-14.8522189735,-22.94521709932,
    -4.665490992032));
#2695 = CARTESIAN_POINT('',(-14.88347945812,-22.97167990653,
    -4.700083180123));
#2696 = CARTESIAN_POINT('',(-14.91738114291,-22.99613242231,
    -4.733618798163));
#2697 = CARTESIAN_POINT('',(-14.95380601103,-23.01859855298,
    -4.765685088176));
#2698 = CARTESIAN_POINT('',(-14.99256752812,-23.03909506795,
    -4.795917709291));
#2699 = CARTESIAN_POINT('',(-15.09196602934,-23.08419822428,
    -4.86426136626));
#2700 = CARTESIAN_POINT('',(-15.1548370422,-23.10675997936,
    -4.90014201258));
#2701 = CARTESIAN_POINT('',(-15.22129398172,-23.12532827048,
    -4.930707309457));
#2702 = CARTESIAN_POINT('',(-15.29040197223,-23.13997934031,
    -4.95536438821));
#2703 = CARTESIAN_POINT('',(-15.36132675892,-23.15081505329,
    -4.97383599692));
#2704 = CARTESIAN_POINT('',(-15.4607945236,-23.16061880896,
    -4.990657366008));
#2705 = CARTESIAN_POINT('',(-15.48848799325,-23.16278462657,
    -4.99439117438));
#2706 = CARTESIAN_POINT('',(-15.51629285551,-23.16440584178,
    -4.997194845374));
#2707 = CARTESIAN_POINT('',(-15.54417089115,-23.16548553129,
    -4.999064908685));
#2708 = CARTESIAN_POINT('',(-15.57208547615,-23.16602540378,-5.));
#2709 = CARTESIAN_POINT('',(-15.6,-23.16602540378,-5.));
#2710 = PCURVE('',#2624,#2711);
#2711 = DEFINITIONAL_REPRESENTATION('',(#2712),#2735);
#2712 = B_SPLINE_CURVE_WITH_KNOTS('',6,(#2713,#2714,#2715,#2716,#2717,
    #2718,#2719,#2720,#2721,#2722,#2723,#2724,#2725,#2726,#2727,#2728,
    #2729,#2730,#2731,#2732,#2733,#2734),.UNSPECIFIED.,.F.,.F.,(7,5,5,5,
    7),(0.,0.170325980559,0.44865047649,0.847342088453,1.),
  .UNSPECIFIED.);
#2713 = CARTESIAN_POINT('',(0.523598775598,6.2));
#2714 = CARTESIAN_POINT('',(0.548416601677,6.178507132149));
#2715 = CARTESIAN_POINT('',(0.573964787652,6.157859891908));
#2716 = CARTESIAN_POINT('',(0.600157276827,6.13803423666));
#2717 = CARTESIAN_POINT('',(0.626922032848,6.11901157766));
#2718 = CARTESIAN_POINT('',(0.654199184285,6.100776681279));
#2719 = CARTESIAN_POINT('',(0.727268233465,6.054782900672));
#2720 = CARTESIAN_POINT('',(0.773827428842,6.02832009347));
#2721 = CARTESIAN_POINT('',(0.821398694336,6.003867577685));
#2722 = CARTESIAN_POINT('',(0.869800564714,5.981401447011));
#2723 = CARTESIAN_POINT('',(0.918869480612,5.96090493205));
#2724 = CARTESIAN_POINT('',(1.039496664503,5.91580177572));
#2725 = CARTESIAN_POINT('',(1.111631966385,5.893240020632));
#2726 = CARTESIAN_POINT('',(1.184356680475,5.87467172952));
#2727 = CARTESIAN_POINT('',(1.257307313135,5.860020659689));
#2728 = CARTESIAN_POINT('',(1.330319257438,5.849184946705));
#2729 = CARTESIAN_POINT('',(1.431199357904,5.839381191034));
#2730 = CARTESIAN_POINT('',(1.459127709035,5.83721537343));
#2731 = CARTESIAN_POINT('',(1.487050039682,5.835594158211));
#2732 = CARTESIAN_POINT('',(1.514967211168,5.834514468708));
#2733 = CARTESIAN_POINT('',(1.542881802952,5.833974596216));
#2734 = CARTESIAN_POINT('',(1.570796326795,5.833974596216));
#2735 = ( GEOMETRIC_REPRESENTATION_CONTEXT(2) 
PARAMETRIC_REPRESENTATION_CONTEXT() REPRESENTATION_CONTEXT('2D SPACE',''
  ) );
#2736 = PCURVE('',#2737,#2742);
#2737 = SPHERICAL_SURFACE('',#2738,1.);
#2738 = AXIS2_PLACEMENT_3D('',#2739,#2740,#2741);
#2739 = CARTESIAN_POINT('',(-15.6,-22.3,-4.5));
#2740 = DIRECTION('',(0.,0.,1.));
#2741 = DIRECTION('',(1.,0.,-0.));
#2742 = DEFINITIONAL_REPRESENTATION('',(#2743),#2766);
#2743 = B_SPLINE_CURVE_WITH_KNOTS('',6,(#2744,#2745,#2746,#2747,#2748,
    #2749,#2750,#2751,#2752,#2753,#2754,#2755,#2756,#2757,#2758,#2759,
    #2760,#2761,#2762,#2763,#2764,#2765),.UNSPECIFIED.,.F.,.F.,(7,5,5,5,
    7),(0.,0.170325980559,0.44865047649,0.847342088453,1.),
  .UNSPECIFIED.);
#2744 = CARTESIAN_POINT('',(-0.523598775598,0.));
#2745 = CARTESIAN_POINT('',(-0.548416601678,-2.149286785125E-02));
#2746 = CARTESIAN_POINT('',(-0.573004707863,-4.3248688026E-02));
#2747 = CARTESIAN_POINT('',(-0.597480358388,-6.514620680874E-02));
#2748 = CARTESIAN_POINT('',(-0.621951611044,-8.707867859738E-02));
#2749 = CARTESIAN_POINT('',(-0.646519104771,-0.108950065426));
#2750 = CARTESIAN_POINT('',(-0.711735354045,-0.166165140401));
#2751 = CARTESIAN_POINT('',(-0.752698386381,-0.201253485647));
#2752 = CARTESIAN_POINT('',(-0.794578835895,-0.235546638562));
#2753 = CARTESIAN_POINT('',(-0.837713197614,-0.268676712921));
#2754 = CARTESIAN_POINT('',(-0.882369077989,-0.30027086054));
#2755 = CARTESIAN_POINT('',(-0.995062250405,-0.372511751062));
#2756 = CARTESIAN_POINT('',(-1.064887233486,-0.411181454672));
#2757 = CARTESIAN_POINT('',(-1.138538180722,-0.4448659684));
#2758 = CARTESIAN_POINT('',(-1.215989236032,-0.472583437419));
#2759 = CARTESIAN_POINT('',(-1.296489213002,-0.493588744462));
#2760 = CARTESIAN_POINT('',(-1.410351604253,-0.512836067549));
#2761 = CARTESIAN_POINT('',(-1.442153915626,-0.517127335769));
#2762 = CARTESIAN_POINT('',(-1.474169816552,-0.52035961776));
#2763 = CARTESIAN_POINT('',(-1.506330401951,-0.522519049476));
#2764 = CARTESIAN_POINT('',(-1.538563411085,-0.523598775598));
#2765 = CARTESIAN_POINT('',(-1.570796326795,-0.523598775598));
#2766 = ( GEOMETRIC_REPRESENTATION_CONTEXT(2) 
PARAMETRIC_REPRESENTATION_CONTEXT() REPRESENTATION_CONTEXT('2D SPACE',''
  ) );
#2767 = ORIENTED_EDGE('',*,*,#2768,.F.);
#2768 = EDGE_CURVE('',#2769,#2684,#2771,.T.);
#2769 = VERTEX_POINT('',#2770);
#2770 = CARTESIAN_POINT('',(-14.6,-22.3,-4.));
#2771 = SURFACE_CURVE('',#2772,(#2777,#2787),.PCURVE_S1.);
#2772 = ELLIPSE('',#2773,1.414213562373,1.);
#2773 = AXIS2_PLACEMENT_3D('',#2774,#2775,#2776);
#2774 = CARTESIAN_POINT('',(-15.6,-22.3,-4.));
#2775 = DIRECTION('',(0.,0.707106781187,-0.707106781187));
#2776 = DIRECTION('',(0.,0.707106781187,0.707106781187));
#2777 = PCURVE('',#2624,#2778);
#2778 = DEFINITIONAL_REPRESENTATION('',(#2779),#2786);
#2779 = B_SPLINE_CURVE_WITH_KNOTS('',5,(#2780,#2781,#2782,#2783,#2784,
    #2785),.UNSPECIFIED.,.F.,.F.,(6,6),(1.570796326795,2.094395795214),
  .PIECEWISE_BEZIER_KNOTS.);
#2780 = CARTESIAN_POINT('',(0.,6.7));
#2781 = CARTESIAN_POINT('',(0.104719893684,6.595280106316));
#2782 = CARTESIAN_POINT('',(0.209439787367,6.490560068851));
#2783 = CARTESIAN_POINT('',(0.314159681051,6.388233242883));
#2784 = CARTESIAN_POINT('',(0.418879574735,6.290689451936));
#2785 = CARTESIAN_POINT('',(0.523599468419,6.1999994));
#2786 = ( GEOMETRIC_REPRESENTATION_CONTEXT(2) 
PARAMETRIC_REPRESENTATION_CONTEXT() REPRESENTATION_CONTEXT('2D SPACE',''
  ) );
#2787 = PCURVE('',#2788,#2793);
#2788 = CYLINDRICAL_SURFACE('',#2789,1.);
#2789 = AXIS2_PLACEMENT_3D('',#2790,#2791,#2792);
#2790 = CARTESIAN_POINT('',(-15.6,-22.3,-5.5));
#2791 = DIRECTION('',(0.,0.,1.));
#2792 = DIRECTION('',(1.,0.,-0.));
#2793 = DEFINITIONAL_REPRESENTATION('',(#2794),#2801);
#2794 = B_SPLINE_CURVE_WITH_KNOTS('',5,(#2795,#2796,#2797,#2798,#2799,
    #2800),.UNSPECIFIED.,.F.,.F.,(6,6),(1.570796326795,2.094395795214),
  .PIECEWISE_BEZIER_KNOTS.);
#2795 = CARTESIAN_POINT('',(0.,1.5));
#2796 = CARTESIAN_POINT('',(-0.104719893684,1.395280106316));
#2797 = CARTESIAN_POINT('',(-0.209439787367,1.290560068851));
#2798 = CARTESIAN_POINT('',(-0.314159681051,1.188233242883));
#2799 = CARTESIAN_POINT('',(-0.418879574735,1.090689451936));
#2800 = CARTESIAN_POINT('',(-0.523599468419,0.9999994));
#2801 = ( GEOMETRIC_REPRESENTATION_CONTEXT(2) 
PARAMETRIC_REPRESENTATION_CONTEXT() REPRESENTATION_CONTEXT('2D SPACE',''
  ) );
#2802 = ORIENTED_EDGE('',*,*,#2803,.F.);
#2803 = EDGE_CURVE('',#2659,#2769,#2804,.T.);
#2804 = SURFACE_CURVE('',#2805,(#2809,#2816),.PCURVE_S1.);
#2805 = LINE('',#2806,#2807);
#2806 = CARTESIAN_POINT('',(-14.6,-29.,-4.));
#2807 = VECTOR('',#2808,1.);
#2808 = DIRECTION('',(0.,1.,0.));
#2809 = PCURVE('',#2624,#2810);
#2810 = DEFINITIONAL_REPRESENTATION('',(#2811),#2815);
#2811 = LINE('',#2812,#2813);
#2812 = CARTESIAN_POINT('',(0.,0.));
#2813 = VECTOR('',#2814,1.);
#2814 = DIRECTION('',(0.,1.));
#2815 = ( GEOMETRIC_REPRESENTATION_CONTEXT(2) 
PARAMETRIC_REPRESENTATION_CONTEXT() REPRESENTATION_CONTEXT('2D SPACE',''
  ) );
#2816 = PCURVE('',#653,#2817);
#2817 = DEFINITIONAL_REPRESENTATION('',(#2818),#2822);
#2818 = LINE('',#2819,#2820);
#2819 = CARTESIAN_POINT('',(-4.,29.));
#2820 = VECTOR('',#2821,1.);
#2821 = DIRECTION('',(0.,-1.));
#2822 = ( GEOMETRIC_REPRESENTATION_CONTEXT(2) 
PARAMETRIC_REPRESENTATION_CONTEXT() REPRESENTATION_CONTEXT('2D SPACE',''
  ) );
#2823 = ADVANCED_FACE('',(#2824),#2737,.T.);
#2824 = FACE_BOUND('',#2825,.F.);
#2825 = EDGE_LOOP('',(#2826,#2855,#2875,#2876));
#2826 = ORIENTED_EDGE('',*,*,#2827,.F.);
#2827 = EDGE_CURVE('',#2828,#2830,#2832,.T.);
#2828 = VERTEX_POINT('',#2829);
#2829 = CARTESIAN_POINT('',(-15.6,-22.3,-5.5));
#2830 = VERTEX_POINT('',#2831);
#2831 = CARTESIAN_POINT('',(-14.6,-22.3,-4.5));
#2832 = SURFACE_CURVE('',#2833,(#2838,#2844),.PCURVE_S1.);
#2833 = CIRCLE('',#2834,1.);
#2834 = AXIS2_PLACEMENT_3D('',#2835,#2836,#2837);
#2835 = CARTESIAN_POINT('',(-15.6,-22.3,-4.5));
#2836 = DIRECTION('',(0.,-1.,0.));
#2837 = DIRECTION('',(1.,0.,0.));
#2838 = PCURVE('',#2737,#2839);
#2839 = DEFINITIONAL_REPRESENTATION('',(#2840),#2843);
#2840 = B_SPLINE_CURVE_WITH_KNOTS('',1,(#2841,#2842),.UNSPECIFIED.,.F.,
  .F.,(2,2),(4.712388980385,6.28318530718),.PIECEWISE_BEZIER_KNOTS.);
#2841 = CARTESIAN_POINT('',(0.,-1.570796326795));
#2842 = CARTESIAN_POINT('',(0.,0.));
#2843 = ( GEOMETRIC_REPRESENTATION_CONTEXT(2) 
PARAMETRIC_REPRESENTATION_CONTEXT() REPRESENTATION_CONTEXT('2D SPACE',''
  ) );
#2844 = PCURVE('',#2845,#2850);
#2845 = CYLINDRICAL_SURFACE('',#2846,1.);
#2846 = AXIS2_PLACEMENT_3D('',#2847,#2848,#2849);
#2847 = CARTESIAN_POINT('',(-15.6,-23.3,-4.5));
#2848 = DIRECTION('',(0.,1.,0.));
#2849 = DIRECTION('',(1.,0.,-0.));
#2850 = DEFINITIONAL_REPRESENTATION('',(#2851),#2854);
#2851 = B_SPLINE_CURVE_WITH_KNOTS('',1,(#2852,#2853),.UNSPECIFIED.,.F.,
  .F.,(2,2),(4.712388980385,6.28318530718),.PIECEWISE_BEZIER_KNOTS.);
#2852 = CARTESIAN_POINT('',(1.570796326795,1.));
#2853 = CARTESIAN_POINT('',(0.,1.));
#2854 = ( GEOMETRIC_REPRESENTATION_CONTEXT(2) 
PARAMETRIC_REPRESENTATION_CONTEXT() REPRESENTATION_CONTEXT('2D SPACE',''
  ) );
#2855 = ORIENTED_EDGE('',*,*,#2856,.T.);
#2856 = EDGE_CURVE('',#2828,#2609,#2857,.T.);
#2857 = SURFACE_CURVE('',#2858,(#2863,#2869),.PCURVE_S1.);
#2858 = CIRCLE('',#2859,1.);
#2859 = AXIS2_PLACEMENT_3D('',#2860,#2861,#2862);
#2860 = CARTESIAN_POINT('',(-15.6,-22.3,-4.5));
#2861 = DIRECTION('',(-1.,-6.123233995737E-17,0.));
#2862 = DIRECTION('',(6.123233995737E-17,-1.,-0.));
#2863 = PCURVE('',#2737,#2864);
#2864 = DEFINITIONAL_REPRESENTATION('',(#2865),#2868);
#2865 = B_SPLINE_CURVE_WITH_KNOTS('',1,(#2866,#2867),.UNSPECIFIED.,.F.,
  .F.,(2,2),(4.712388980385,6.28318530718),.PIECEWISE_BEZIER_KNOTS.);
#2866 = CARTESIAN_POINT('',(-1.570796326795,-1.570796326795));
#2867 = CARTESIAN_POINT('',(-1.570796326795,0.));
#2868 = ( GEOMETRIC_REPRESENTATION_CONTEXT(2) 
PARAMETRIC_REPRESENTATION_CONTEXT() REPRESENTATION_CONTEXT('2D SPACE',''
  ) );
#2869 = PCURVE('',#2254,#2870);
#2870 = DEFINITIONAL_REPRESENTATION('',(#2871),#2874);
#2871 = B_SPLINE_CURVE_WITH_KNOTS('',1,(#2872,#2873),.UNSPECIFIED.,.F.,
  .F.,(2,2),(4.712388980385,6.28318530718),.PIECEWISE_BEZIER_KNOTS.);
#2872 = CARTESIAN_POINT('',(1.570796326795,64.8));
#2873 = CARTESIAN_POINT('',(0.,64.8));
#2874 = ( GEOMETRIC_REPRESENTATION_CONTEXT(2) 
PARAMETRIC_REPRESENTATION_CONTEXT() REPRESENTATION_CONTEXT('2D SPACE',''
  ) );
#2875 = ORIENTED_EDGE('',*,*,#2683,.F.);
#2876 = ORIENTED_EDGE('',*,*,#2877,.F.);
#2877 = EDGE_CURVE('',#2830,#2684,#2878,.T.);
#2878 = SURFACE_CURVE('',#2879,(#2884,#2891),.PCURVE_S1.);
#2879 = CIRCLE('',#2880,1.);
#2880 = AXIS2_PLACEMENT_3D('',#2881,#2882,#2883);
#2881 = CARTESIAN_POINT('',(-15.6,-22.3,-4.5));
#2882 = DIRECTION('',(0.,-0.,-1.));
#2883 = DIRECTION('',(1.,0.,-0.));
#2884 = PCURVE('',#2737,#2885);
#2885 = DEFINITIONAL_REPRESENTATION('',(#2886),#2890);
#2886 = LINE('',#2887,#2888);
#2887 = CARTESIAN_POINT('',(-0.,0.));
#2888 = VECTOR('',#2889,1.);
#2889 = DIRECTION('',(-1.,0.));
#2890 = ( GEOMETRIC_REPRESENTATION_CONTEXT(2) 
PARAMETRIC_REPRESENTATION_CONTEXT() REPRESENTATION_CONTEXT('2D SPACE',''
  ) );
#2891 = PCURVE('',#2788,#2892);
#2892 = DEFINITIONAL_REPRESENTATION('',(#2893),#2897);
#2893 = LINE('',#2894,#2895);
#2894 = CARTESIAN_POINT('',(-0.,1.));
#2895 = VECTOR('',#2896,1.);
#2896 = DIRECTION('',(-1.,0.));
#2897 = ( GEOMETRIC_REPRESENTATION_CONTEXT(2) 
PARAMETRIC_REPRESENTATION_CONTEXT() REPRESENTATION_CONTEXT('2D SPACE',''
  ) );
#2898 = ADVANCED_FACE('',(#2899),#2845,.T.);
#2899 = FACE_BOUND('',#2900,.T.);
#2900 = EDGE_LOOP('',(#2901,#2902,#2930,#2957));
#2901 = ORIENTED_EDGE('',*,*,#2827,.F.);
#2902 = ORIENTED_EDGE('',*,*,#2903,.T.);
#2903 = EDGE_CURVE('',#2828,#2904,#2906,.T.);
#2904 = VERTEX_POINT('',#2905);
#2905 = CARTESIAN_POINT('',(-15.6,-18.3,-5.5));
#2906 = SURFACE_CURVE('',#2907,(#2911,#2918),.PCURVE_S1.);
#2907 = LINE('',#2908,#2909);
#2908 = CARTESIAN_POINT('',(-15.6,-23.3,-5.5));
#2909 = VECTOR('',#2910,1.);
#2910 = DIRECTION('',(0.,1.,0.));
#2911 = PCURVE('',#2845,#2912);
#2912 = DEFINITIONAL_REPRESENTATION('',(#2913),#2917);
#2913 = LINE('',#2914,#2915);
#2914 = CARTESIAN_POINT('',(1.570796326795,0.));
#2915 = VECTOR('',#2916,1.);
#2916 = DIRECTION('',(0.,1.));
#2917 = ( GEOMETRIC_REPRESENTATION_CONTEXT(2) 
PARAMETRIC_REPRESENTATION_CONTEXT() REPRESENTATION_CONTEXT('2D SPACE',''
  ) );
#2918 = PCURVE('',#2919,#2924);
#2919 = PLANE('',#2920);
#2920 = AXIS2_PLACEMENT_3D('',#2921,#2922,#2923);
#2921 = CARTESIAN_POINT('',(-80.4,-23.3,-5.5));
#2922 = DIRECTION('',(0.,0.,1.));
#2923 = DIRECTION('',(1.,0.,0.));
#2924 = DEFINITIONAL_REPRESENTATION('',(#2925),#2929);
#2925 = LINE('',#2926,#2927);
#2926 = CARTESIAN_POINT('',(64.8,0.));
#2927 = VECTOR('',#2928,1.);
#2928 = DIRECTION('',(0.,1.));
#2929 = ( GEOMETRIC_REPRESENTATION_CONTEXT(2) 
PARAMETRIC_REPRESENTATION_CONTEXT() REPRESENTATION_CONTEXT('2D SPACE',''
  ) );
#2930 = ORIENTED_EDGE('',*,*,#2931,.T.);
#2931 = EDGE_CURVE('',#2904,#2932,#2934,.T.);
#2932 = VERTEX_POINT('',#2933);
#2933 = CARTESIAN_POINT('',(-14.6,-18.3,-4.5));
#2934 = SURFACE_CURVE('',#2935,(#2940,#2946),.PCURVE_S1.);
#2935 = CIRCLE('',#2936,1.);
#2936 = AXIS2_PLACEMENT_3D('',#2937,#2938,#2939);
#2937 = CARTESIAN_POINT('',(-15.6,-18.3,-4.5));
#2938 = DIRECTION('',(0.,-1.,0.));
#2939 = DIRECTION('',(1.,0.,0.));
#2940 = PCURVE('',#2845,#2941);
#2941 = DEFINITIONAL_REPRESENTATION('',(#2942),#2945);
#2942 = B_SPLINE_CURVE_WITH_KNOTS('',1,(#2943,#2944),.UNSPECIFIED.,.F.,
  .F.,(2,2),(4.712388980385,6.28318530718),.PIECEWISE_BEZIER_KNOTS.);
#2943 = CARTESIAN_POINT('',(1.570796326795,5.));
#2944 = CARTESIAN_POINT('',(0.,5.));
#2945 = ( GEOMETRIC_REPRESENTATION_CONTEXT(2) 
PARAMETRIC_REPRESENTATION_CONTEXT() REPRESENTATION_CONTEXT('2D SPACE',''
  ) );
#2946 = PCURVE('',#2947,#2952);
#2947 = SPHERICAL_SURFACE('',#2948,1.);
#2948 = AXIS2_PLACEMENT_3D('',#2949,#2950,#2951);
#2949 = CARTESIAN_POINT('',(-15.6,-18.3,-4.5));
#2950 = DIRECTION('',(0.,0.,1.));
#2951 = DIRECTION('',(1.,0.,-0.));
#2952 = DEFINITIONAL_REPRESENTATION('',(#2953),#2956);
#2953 = B_SPLINE_CURVE_WITH_KNOTS('',1,(#2954,#2955),.UNSPECIFIED.,.F.,
  .F.,(2,2),(4.712388980385,6.28318530718),.PIECEWISE_BEZIER_KNOTS.);
#2954 = CARTESIAN_POINT('',(0.,-1.570796326795));
#2955 = CARTESIAN_POINT('',(0.,0.));
#2956 = ( GEOMETRIC_REPRESENTATION_CONTEXT(2) 
PARAMETRIC_REPRESENTATION_CONTEXT() REPRESENTATION_CONTEXT('2D SPACE',''
  ) );
#2957 = ORIENTED_EDGE('',*,*,#2958,.F.);
#2958 = EDGE_CURVE('',#2830,#2932,#2959,.T.);
#2959 = SURFACE_CURVE('',#2960,(#2964,#2971),.PCURVE_S1.);
#2960 = LINE('',#2961,#2962);
#2961 = CARTESIAN_POINT('',(-14.6,-23.3,-4.5));
#2962 = VECTOR('',#2963,1.);
#2963 = DIRECTION('',(0.,1.,0.));
#2964 = PCURVE('',#2845,#2965);
#2965 = DEFINITIONAL_REPRESENTATION('',(#2966),#2970);
#2966 = LINE('',#2967,#2968);
#2967 = CARTESIAN_POINT('',(0.,0.));
#2968 = VECTOR('',#2969,1.);
#2969 = DIRECTION('',(0.,1.));
#2970 = ( GEOMETRIC_REPRESENTATION_CONTEXT(2) 
PARAMETRIC_REPRESENTATION_CONTEXT() REPRESENTATION_CONTEXT('2D SPACE',''
  ) );
#2971 = PCURVE('',#653,#2972);
#2972 = DEFINITIONAL_REPRESENTATION('',(#2973),#2977);
#2973 = LINE('',#2974,#2975);
#2974 = CARTESIAN_POINT('',(-4.5,23.3));
#2975 = VECTOR('',#2976,1.);
#2976 = DIRECTION('',(0.,-1.));
#2977 = ( GEOMETRIC_REPRESENTATION_CONTEXT(2) 
PARAMETRIC_REPRESENTATION_CONTEXT() REPRESENTATION_CONTEXT('2D SPACE',''
  ) );
#2978 = ADVANCED_FACE('',(#2979),#2947,.T.);
#2979 = FACE_BOUND('',#2980,.T.);
#2980 = EDGE_LOOP('',(#2981,#2982,#3004,#3104));
#2981 = ORIENTED_EDGE('',*,*,#2931,.F.);
#2982 = ORIENTED_EDGE('',*,*,#2983,.T.);
#2983 = EDGE_CURVE('',#2904,#2984,#2986,.T.);
#2984 = VERTEX_POINT('',#2985);
#2985 = CARTESIAN_POINT('',(-15.6,-17.43397459621,-5.));
#2986 = SURFACE_CURVE('',#2987,(#2992,#2998),.PCURVE_S1.);
#2987 = CIRCLE('',#2988,1.);
#2988 = AXIS2_PLACEMENT_3D('',#2989,#2990,#2991);
#2989 = CARTESIAN_POINT('',(-15.6,-18.3,-4.5));
#2990 = DIRECTION('',(1.,-6.123233995737E-17,0.));
#2991 = DIRECTION('',(6.123233995737E-17,1.,0.));
#2992 = PCURVE('',#2947,#2993);
#2993 = DEFINITIONAL_REPRESENTATION('',(#2994),#2997);
#2994 = B_SPLINE_CURVE_WITH_KNOTS('',1,(#2995,#2996),.UNSPECIFIED.,.F.,
  .F.,(2,2),(4.712388980385,6.28318530718),.PIECEWISE_BEZIER_KNOTS.);
#2995 = CARTESIAN_POINT('',(1.570796326795,-1.570796326795));
#2996 = CARTESIAN_POINT('',(1.570796326795,0.));
#2997 = ( GEOMETRIC_REPRESENTATION_CONTEXT(2) 
PARAMETRIC_REPRESENTATION_CONTEXT() REPRESENTATION_CONTEXT('2D SPACE',''
  ) );
#2998 = PCURVE('',#1649,#2999);
#2999 = DEFINITIONAL_REPRESENTATION('',(#3000),#3003);
#3000 = B_SPLINE_CURVE_WITH_KNOTS('',1,(#3001,#3002),.UNSPECIFIED.,.F.,
  .F.,(2,2),(4.712388980385,6.28318530718),.PIECEWISE_BEZIER_KNOTS.);
#3001 = CARTESIAN_POINT('',(-1.570796326795,64.8));
#3002 = CARTESIAN_POINT('',(0.,64.8));
#3003 = ( GEOMETRIC_REPRESENTATION_CONTEXT(2) 
PARAMETRIC_REPRESENTATION_CONTEXT() REPRESENTATION_CONTEXT('2D SPACE',''
  ) );
#3004 = ORIENTED_EDGE('',*,*,#3005,.T.);
#3005 = EDGE_CURVE('',#2984,#3006,#3008,.T.);
#3006 = VERTEX_POINT('',#3007);
#3007 = CARTESIAN_POINT('',(-14.73397459621,-17.8,-4.5));
#3008 = SURFACE_CURVE('',#3009,(#3037,#3068),.PCURVE_S1.);
#3009 = B_SPLINE_CURVE_WITH_KNOTS('',6,(#3010,#3011,#3012,#3013,#3014,
    #3015,#3016,#3017,#3018,#3019,#3020,#3021,#3022,#3023,#3024,#3025,
    #3026,#3027,#3028,#3029,#3030,#3031,#3032,#3033,#3034,#3035,#3036),
  .UNSPECIFIED.,.F.,.F.,(7,5,5,5,5,7),(0.,0.153296368044,0.351334745855,
    0.551762276251,0.82904798998,1.),.UNSPECIFIED.);
#3010 = CARTESIAN_POINT('',(-15.6,-17.43397459621,-5.));
#3011 = CARTESIAN_POINT('',(-15.57196667425,-17.43397459621,-5.));
#3012 = CARTESIAN_POINT('',(-15.54393328629,-17.434519074,-4.99905693197
    ));
#3013 = CARTESIAN_POINT('',(-15.51593691629,-17.43560797268,
    -4.997170918226));
#3014 = CARTESIAN_POINT('',(-15.48801465918,-17.43724303112,
    -4.994343344581));
#3015 = CARTESIAN_POINT('',(-15.46020523812,-17.43942737767,
    -4.990577743048));
#3016 = CARTESIAN_POINT('',(-15.39682455222,-17.44570192552,
    -4.979812691088));
#3017 = CARTESIAN_POINT('',(-15.36135572409,-17.45016242955,
    -4.97218997484));
#3018 = CARTESIAN_POINT('',(-15.32623578898,-17.45555517721,
    -4.963027213312));
#3019 = CARTESIAN_POINT('',(-15.29156269641,-17.46189140591,
    -4.952347899843));
#3020 = CARTESIAN_POINT('',(-15.25744033618,-17.46918233305,
    -4.94018986543));
#3021 = CARTESIAN_POINT('',(-15.19011234233,-17.48579012484,
    -4.912867936744));
#3022 = CARTESIAN_POINT('',(-15.15692080239,-17.49513078096,
    -4.897668861658));
#3023 = CARTESIAN_POINT('',(-15.12451640162,-17.50546741066,
    -4.881072930805));
#3024 = CARTESIAN_POINT('',(-15.09300914395,-17.51680746721,
    -4.863157995471));
#3025 = CARTESIAN_POINT('',(-15.06250164191,-17.5291568623,
    -4.844020570179));
#3026 = CARTESIAN_POINT('',(-14.99238687062,-17.56100745345,
    -4.795768196949));
#3027 = CARTESIAN_POINT('',(-14.95377669063,-17.58143502848,
    -4.765641601686));
#3028 = CARTESIAN_POINT('',(-14.91748621899,-17.60381775071,
    -4.733695691137));
#3029 = CARTESIAN_POINT('',(-14.88369984975,-17.62817221498,
    -4.700290791017));
#3030 = CARTESIAN_POINT('',(-14.8525344966,-17.65452208896,
    -4.665834947573));
#3031 = CARTESIAN_POINT('',(-14.80647012119,-17.70043767198,
    -4.60916832892));
#3032 = CARTESIAN_POINT('',(-14.78991771729,-17.71872863461,
    -4.587330487129));
#3033 = CARTESIAN_POINT('',(-14.77439210918,-17.73781305909,
    -4.565372441049));
#3034 = CARTESIAN_POINT('',(-14.75989747109,-17.75770631774,
    -4.543410540718));
#3035 = CARTESIAN_POINT('',(-14.74642966386,-17.77842719001,
    -4.521572809988));
#3036 = CARTESIAN_POINT('',(-14.73397459621,-17.8,-4.5));
#3037 = PCURVE('',#2947,#3038);
#3038 = DEFINITIONAL_REPRESENTATION('',(#3039),#3067);
#3039 = B_SPLINE_CURVE_WITH_KNOTS('',6,(#3040,#3041,#3042,#3043,#3044,
    #3045,#3046,#3047,#3048,#3049,#3050,#3051,#3052,#3053,#3054,#3055,
    #3056,#3057,#3058,#3059,#3060,#3061,#3062,#3063,#3064,#3065,#3066),
  .UNSPECIFIED.,.F.,.F.,(7,5,5,5,5,7),(0.,0.153296368044,0.351334745855,
    0.551762276251,0.82904798998,1.),.UNSPECIFIED.);
#3040 = CARTESIAN_POINT('',(1.570796326795,-0.523598775598));
#3041 = CARTESIAN_POINT('',(1.538426230466,-0.523598775598));
#3042 = CARTESIAN_POINT('',(1.506056038814,-0.522509839377));
#3043 = CARTESIAN_POINT('',(1.47375920084,-0.520331987941));
#3044 = CARTESIAN_POINT('',(1.441608902457,-0.51707219384));
#3045 = CARTESIAN_POINT('',(1.409674902208,-0.512744559174));
#3046 = CARTESIAN_POINT('',(1.33712694671,-0.500427920563));
#3047 = CARTESIAN_POINT('',(1.296698412909,-0.491738724102));
#3048 = CARTESIAN_POINT('',(1.256874043293,-0.481349222659));
#3049 = CARTESIAN_POINT('',(1.217768780923,-0.469326298132));
#3050 = CARTESIAN_POINT('',(1.179468551428,-0.455756000347));
#3051 = CARTESIAN_POINT('',(1.104130893684,-0.42554717434));
#3052 = CARTESIAN_POINT('',(1.067112294646,-0.408872723782));
#3053 = CARTESIAN_POINT('',(1.031025288882,-0.39082626127));
#3054 = CARTESIAN_POINT('',(0.995882613839,-0.371529798348));
#3055 = CARTESIAN_POINT('',(0.961660559505,-0.351114909482));
#3056 = CARTESIAN_POINT('',(0.882159233902,-0.300115384015));
#3057 = CARTESIAN_POINT('',(0.83767281334,-0.268633412391));
#3058 = CARTESIAN_POINT('',(0.794695938016,-0.235627583197));
#3059 = CARTESIAN_POINT('',(0.752964019381,-0.201466596307));
#3060 = CARTESIAN_POINT('',(0.712144462855,-0.166514325403));
#3061 = CARTESIAN_POINT('',(0.646976004877,-0.109356802659));
#3062 = CARTESIAN_POINT('',(0.62231568198,-8.740498288571E-02));
#3063 = CARTESIAN_POINT('',(0.597753449262,-6.539054232289E-02));
#3064 = CARTESIAN_POINT('',(0.57318760477,-4.341052294574E-02));
#3065 = CARTESIAN_POINT('',(0.548508910905,-2.157280998756E-02));
#3066 = CARTESIAN_POINT('',(0.523598775598,0.));
#3067 = ( GEOMETRIC_REPRESENTATION_CONTEXT(2) 
PARAMETRIC_REPRESENTATION_CONTEXT() REPRESENTATION_CONTEXT('2D SPACE',''
  ) );
#3068 = PCURVE('',#3069,#3074);
#3069 = CYLINDRICAL_SURFACE('',#3070,1.);
#3070 = AXIS2_PLACEMENT_3D('',#3071,#3072,#3073);
#3071 = CARTESIAN_POINT('',(-15.6,-29.,-4.));
#3072 = DIRECTION('',(0.,1.,0.));
#3073 = DIRECTION('',(1.,0.,-0.));
#3074 = DEFINITIONAL_REPRESENTATION('',(#3075),#3103);
#3075 = B_SPLINE_CURVE_WITH_KNOTS('',6,(#3076,#3077,#3078,#3079,#3080,
    #3081,#3082,#3083,#3084,#3085,#3086,#3087,#3088,#3089,#3090,#3091,
    #3092,#3093,#3094,#3095,#3096,#3097,#3098,#3099,#3100,#3101,#3102),
  .UNSPECIFIED.,.F.,.F.,(7,5,5,5,5,7),(0.,0.153296368044,0.351334745855,
    0.551762276251,0.82904798998,1.),.UNSPECIFIED.);
#3076 = CARTESIAN_POINT('',(1.570796326795,11.566025403784));
#3077 = CARTESIAN_POINT('',(1.542763001051,11.566025403784));
#3078 = CARTESIAN_POINT('',(1.514729606113,11.565480925999));
#3079 = CARTESIAN_POINT('',(1.486693598738,11.564392027316));
#3080 = CARTESIAN_POINT('',(1.458652366879,11.56275696888));
#3081 = CARTESIAN_POINT('',(1.430605052757,11.56057262233));
#3082 = CARTESIAN_POINT('',(1.366316658087,11.554298074476));
#3083 = CARTESIAN_POINT('',(1.330072150069,11.549837570443));
#3084 = CARTESIAN_POINT('',(1.293828283991,11.544444822785));
#3085 = CARTESIAN_POINT('',(1.257599249583,11.53810859409));
#3086 = CARTESIAN_POINT('',(1.221409465994,11.530817666945));
#3087 = CARTESIAN_POINT('',(1.14874897781,11.514209875154));
#3088 = CARTESIAN_POINT('',(1.112278134029,11.504869219036));
#3089 = CARTESIAN_POINT('',(1.075923618016,11.494532589332));
#3090 = CARTESIAN_POINT('',(1.039730408839,11.483192532783));
#3091 = CARTESIAN_POINT('',(1.00374978344,11.470843137692));
#3092 = CARTESIAN_POINT('',(0.918635902815,11.438992546548));
#3093 = CARTESIAN_POINT('',(0.86975052704,11.418564971514));
#3094 = CARTESIAN_POINT('',(0.821527655257,11.396182249288));
#3095 = CARTESIAN_POINT('',(0.774129054364,11.371827785011));
#3096 = CARTESIAN_POINT('',(0.727734146823,11.345477911036));
#3097 = CARTESIAN_POINT('',(0.654706533201,11.299562328011));
#3098 = CARTESIAN_POINT('',(0.62732027381,11.281271365389));
#3099 = CARTESIAN_POINT('',(0.600449555645,11.262186940901));
#3100 = CARTESIAN_POINT('',(0.574154838942,11.242293682257));
#3101 = CARTESIAN_POINT('',(0.548508910905,11.221572809988));
#3102 = CARTESIAN_POINT('',(0.523598775598,11.2));
#3103 = ( GEOMETRIC_REPRESENTATION_CONTEXT(2) 
PARAMETRIC_REPRESENTATION_CONTEXT() REPRESENTATION_CONTEXT('2D SPACE',''
  ) );
#3104 = ORIENTED_EDGE('',*,*,#3105,.F.);
#3105 = EDGE_CURVE('',#2932,#3006,#3106,.T.);
#3106 = SURFACE_CURVE('',#3107,(#3112,#3119),.PCURVE_S1.);
#3107 = CIRCLE('',#3108,1.);
#3108 = AXIS2_PLACEMENT_3D('',#3109,#3110,#3111);
#3109 = CARTESIAN_POINT('',(-15.6,-18.3,-4.5));
#3110 = DIRECTION('',(0.,0.,1.));
#3111 = DIRECTION('',(1.,0.,-0.));
#3112 = PCURVE('',#2947,#3113);
#3113 = DEFINITIONAL_REPRESENTATION('',(#3114),#3118);
#3114 = LINE('',#3115,#3116);
#3115 = CARTESIAN_POINT('',(0.,0.));
#3116 = VECTOR('',#3117,1.);
#3117 = DIRECTION('',(1.,0.));
#3118 = ( GEOMETRIC_REPRESENTATION_CONTEXT(2) 
PARAMETRIC_REPRESENTATION_CONTEXT() REPRESENTATION_CONTEXT('2D SPACE',''
  ) );
#3119 = PCURVE('',#3120,#3125);
#3120 = CYLINDRICAL_SURFACE('',#3121,1.);
#3121 = AXIS2_PLACEMENT_3D('',#3122,#3123,#3124);
#3122 = CARTESIAN_POINT('',(-15.6,-18.3,-5.5));
#3123 = DIRECTION('',(0.,0.,1.));
#3124 = DIRECTION('',(1.,0.,-0.));
#3125 = DEFINITIONAL_REPRESENTATION('',(#3126),#3130);
#3126 = LINE('',#3127,#3128);
#3127 = CARTESIAN_POINT('',(0.,1.));
#3128 = VECTOR('',#3129,1.);
#3129 = DIRECTION('',(1.,0.));
#3130 = ( GEOMETRIC_REPRESENTATION_CONTEXT(2) 
PARAMETRIC_REPRESENTATION_CONTEXT() REPRESENTATION_CONTEXT('2D SPACE',''
  ) );
#3131 = ADVANCED_FACE('',(#3132),#3069,.T.);
#3132 = FACE_BOUND('',#3133,.T.);
#3133 = EDGE_LOOP('',(#3134,#3135,#3163,#3263,#3286));
#3134 = ORIENTED_EDGE('',*,*,#3005,.F.);
#3135 = ORIENTED_EDGE('',*,*,#3136,.T.);
#3136 = EDGE_CURVE('',#2984,#3137,#3139,.T.);
#3137 = VERTEX_POINT('',#3138);
#3138 = CARTESIAN_POINT('',(-15.6,-4.153311931459,-5.));
#3139 = SURFACE_CURVE('',#3140,(#3144,#3151),.PCURVE_S1.);
#3140 = LINE('',#3141,#3142);
#3141 = CARTESIAN_POINT('',(-15.6,-29.,-5.));
#3142 = VECTOR('',#3143,1.);
#3143 = DIRECTION('',(0.,1.,0.));
#3144 = PCURVE('',#3069,#3145);
#3145 = DEFINITIONAL_REPRESENTATION('',(#3146),#3150);
#3146 = LINE('',#3147,#3148);
#3147 = CARTESIAN_POINT('',(1.570796326795,0.));
#3148 = VECTOR('',#3149,1.);
#3149 = DIRECTION('',(0.,1.));
#3150 = ( GEOMETRIC_REPRESENTATION_CONTEXT(2) 
PARAMETRIC_REPRESENTATION_CONTEXT() REPRESENTATION_CONTEXT('2D SPACE',''
  ) );
#3151 = PCURVE('',#3152,#3157);
#3152 = PLANE('',#3153);
#3153 = AXIS2_PLACEMENT_3D('',#3154,#3155,#3156);
#3154 = CARTESIAN_POINT('',(-20.2,-29.,-5.));
#3155 = DIRECTION('',(0.,0.,1.));
#3156 = DIRECTION('',(1.,0.,0.));
#3157 = DEFINITIONAL_REPRESENTATION('',(#3158),#3162);
#3158 = LINE('',#3159,#3160);
#3159 = CARTESIAN_POINT('',(4.6,0.));
#3160 = VECTOR('',#3161,1.);
#3161 = DIRECTION('',(0.,1.));
#3162 = ( GEOMETRIC_REPRESENTATION_CONTEXT(2) 
PARAMETRIC_REPRESENTATION_CONTEXT() REPRESENTATION_CONTEXT('2D SPACE',''
  ) );
#3163 = ORIENTED_EDGE('',*,*,#3164,.F.);
#3164 = EDGE_CURVE('',#3165,#3137,#3167,.T.);
#3165 = VERTEX_POINT('',#3166);
#3166 = CARTESIAN_POINT('',(-14.6,-5.12347538298,-4.));
#3167 = SURFACE_CURVE('',#3168,(#3196,#3227),.PCURVE_S1.);
#3168 = B_SPLINE_CURVE_WITH_KNOTS('',6,(#3169,#3170,#3171,#3172,#3173,
    #3174,#3175,#3176,#3177,#3178,#3179,#3180,#3181,#3182,#3183,#3184,
    #3185,#3186,#3187,#3188,#3189,#3190,#3191,#3192,#3193,#3194,#3195),
  .UNSPECIFIED.,.F.,.F.,(7,5,5,5,5,7),(0.,0.11901255907,0.352263545159,
    0.623108246931,0.733073180908,1.),.UNSPECIFIED.);
#3169 = CARTESIAN_POINT('',(-14.6,-5.12347538298,-4.));
#3170 = CARTESIAN_POINT('',(-14.6,-5.098596793068,-4.031866210744));
#3171 = CARTESIAN_POINT('',(-14.60121854438,-5.073484116478,
    -4.063541902834));
#3172 = CARTESIAN_POINT('',(-14.60362832268,-5.048176417082,
    -4.094977414396));
#3173 = CARTESIAN_POINT('',(-14.60720074396,-5.02271467485,
    -4.126125421383));
#3174 = CARTESIAN_POINT('',(-14.61190593679,-4.997141785846,
    -4.156940937576));
#3175 = CARTESIAN_POINT('',(-14.6290934367,-4.921252620226,
    -4.247040967399));
#3176 = CARTESIAN_POINT('',(-14.64470132031,-4.870765833619,
    -4.305238198325));
#3177 = CARTESIAN_POINT('',(-14.66431494158,-4.820300981483,
    -4.361746741793));
#3178 = CARTESIAN_POINT('',(-14.68773601677,-4.770138640452,
    -4.416361118101));
#3179 = CARTESIAN_POINT('',(-14.71478798698,-4.720584296844,
    -4.468889442529));
#3180 = CARTESIAN_POINT('',(-14.78076120421,-4.615523553273,
    -4.577503054468));
#3181 = CARTESIAN_POINT('',(-14.82090879025,-4.560320061302,
    -4.632823329809));
#3182 = CARTESIAN_POINT('',(-14.86555206158,-4.506837300538,
    -4.684859511387));
#3183 = CARTESIAN_POINT('',(-14.91453511129,-4.455640670469,
    -4.733331229081));
#3184 = CARTESIAN_POINT('',(-14.96772656375,-4.407409438935,
    -4.777900963447));
#3185 = CARTESIAN_POINT('',(-15.04824605047,-4.344915351309,
    -4.834491006529));
#3186 = CARTESIAN_POINT('',(-15.07216926605,-4.327492819349,
    -4.850119815913));
#3187 = CARTESIAN_POINT('',(-15.09674692626,-4.310755423251,
    -4.865002247221));
#3188 = CARTESIAN_POINT('',(-15.12196081718,-4.294765843943,
    -4.879104052985));
#3189 = CARTESIAN_POINT('',(-15.14779197949,-4.279587952795,
    -4.892390636629));
#3190 = CARTESIAN_POINT('',(-15.23837330957,-4.23057248966,
    -4.93501497511));
#3191 = CARTESIAN_POINT('',(-15.30641070941,-4.200827208314,
    -4.960364136525));
#3192 = CARTESIAN_POINT('',(-15.37749305539,-4.177429551341,
    -4.979966871263));
#3193 = CARTESIAN_POINT('',(-15.45071957743,-4.16139699193,
    -4.993283916891));
#3194 = CARTESIAN_POINT('',(-15.52518844828,-4.153311931459,-5.));
#3195 = CARTESIAN_POINT('',(-15.6,-4.153311931459,-5.));
#3196 = PCURVE('',#3069,#3197);
#3197 = DEFINITIONAL_REPRESENTATION('',(#3198),#3226);
#3198 = B_SPLINE_CURVE_WITH_KNOTS('',6,(#3199,#3200,#3201,#3202,#3203,
    #3204,#3205,#3206,#3207,#3208,#3209,#3210,#3211,#3212,#3213,#3214,
    #3215,#3216,#3217,#3218,#3219,#3220,#3221,#3222,#3223,#3224,#3225),
  .UNSPECIFIED.,.F.,.F.,(7,5,5,5,5,7),(0.,0.11901255907,0.352263545159,
    0.623108246931,0.733073180908,1.),.UNSPECIFIED.);
#3199 = CARTESIAN_POINT('',(0.,23.87652461702));
#3200 = CARTESIAN_POINT('',(3.186621074369E-02,23.901403206932));
#3201 = CARTESIAN_POINT('',(6.354194498643E-02,23.926515883522));
#3202 = CARTESIAN_POINT('',(9.50356549337E-02,23.951823582918));
#3203 = CARTESIAN_POINT('',(0.126354886002,23.97728532515));
#3204 = CARTESIAN_POINT('',(0.157506276816,24.002858214154));
#3205 = CARTESIAN_POINT('',(0.249231003729,24.078747379774));
#3206 = CARTESIAN_POINT('',(0.309322099718,24.129234166381));
#3207 = CARTESIAN_POINT('',(0.368907957787,24.179699018517));
#3208 = CARTESIAN_POINT('',(0.428111179689,24.229861359548));
#3209 = CARTESIAN_POINT('',(0.487050215963,24.279415703156));
#3210 = CARTESIAN_POINT('',(0.614130435074,24.384476446727));
#3211 = CARTESIAN_POINT('',(0.682254223189,24.439679938698));
#3212 = CARTESIAN_POINT('',(0.750478331371,24.493162699462));
#3213 = CARTESIAN_POINT('',(0.819041986752,24.544359329531));
#3214 = CARTESIAN_POINT('',(0.888188565693,24.592590561065));
#3215 = CARTESIAN_POINT('',(0.986605132986,24.655084648691));
#3216 = CARTESIAN_POINT('',(1.015164623443,24.672507180651));
#3217 = CARTESIAN_POINT('',(1.043871559235,24.689244576749));
#3218 = CARTESIAN_POINT('',(1.072734804312,24.705234156057));
#3219 = CARTESIAN_POINT('',(1.101764758059,24.720412047205));
#3220 = CARTESIAN_POINT('',(1.201873756607,24.76942751034));
#3221 = CARTESIAN_POINT('',(1.274228796602,24.799172791686));
#3222 = CARTESIAN_POINT('',(1.347534918426,24.822570448659));
#3223 = CARTESIAN_POINT('',(1.421516110098,24.83860300807));
#3224 = CARTESIAN_POINT('',(1.495984775082,24.846688068541));
#3225 = CARTESIAN_POINT('',(1.570796326795,24.846688068541));
#3226 = ( GEOMETRIC_REPRESENTATION_CONTEXT(2) 
PARAMETRIC_REPRESENTATION_CONTEXT() REPRESENTATION_CONTEXT('2D SPACE',''
  ) );
#3227 = PCURVE('',#3228,#3233);
#3228 = CYLINDRICAL_SURFACE('',#3229,6.5);
#3229 = AXIS2_PLACEMENT_3D('',#3230,#3231,#3232);
#3230 = CARTESIAN_POINT('',(-20.2,0.,0.));
#3231 = DIRECTION('',(1.,0.,0.));
#3232 = DIRECTION('',(-0.,0.,1.));
#3233 = DEFINITIONAL_REPRESENTATION('',(#3234),#3262);
#3234 = B_SPLINE_CURVE_WITH_KNOTS('',6,(#3235,#3236,#3237,#3238,#3239,
    #3240,#3241,#3242,#3243,#3244,#3245,#3246,#3247,#3248,#3249,#3250,
    #3251,#3252,#3253,#3254,#3255,#3256,#3257,#3258,#3259,#3260,#3261),
  .UNSPECIFIED.,.F.,.F.,(7,5,5,5,5,7),(0.,0.11901255907,0.352263545159,
    0.623108246931,0.733073180908,1.),.UNSPECIFIED.);
#3235 = CARTESIAN_POINT('',(2.233670150445,5.6));
#3236 = CARTESIAN_POINT('',(2.239889797923,5.6));
#3237 = CARTESIAN_POINT('',(2.246108499931,5.598781455619));
#3238 = CARTESIAN_POINT('',(2.252316981432,5.596371677317));
#3239 = CARTESIAN_POINT('',(2.258506047734,5.592799256036));
#3240 = CARTESIAN_POINT('',(2.264666584492,5.588094063203));
#3241 = CARTESIAN_POINT('',(2.282789883976,5.570906563294));
#3242 = CARTESIAN_POINT('',(2.294641599639,5.555298679689));
#3243 = CARTESIAN_POINT('',(2.306295557246,5.535685058419));
#3244 = CARTESIAN_POINT('',(2.317702469804,5.512263983225));
#3245 = CARTESIAN_POINT('',(2.328811447018,5.485212013012));
#3246 = CARTESIAN_POINT('',(2.352059365568,5.419238795789));
#3247 = CARTESIAN_POINT('',(2.364081307936,5.379091209744));
#3248 = CARTESIAN_POINT('',(2.375559580696,5.334447938417));
#3249 = CARTESIAN_POINT('',(2.386404836016,5.285464888707));
#3250 = CARTESIAN_POINT('',(2.39650759659,5.23227343625));
#3251 = CARTESIAN_POINT('',(2.409478154022,5.151753949529));
#3252 = CARTESIAN_POINT('',(2.413078918283,5.127830733941));
#3253 = CARTESIAN_POINT('',(2.416524568746,5.10325307374));
#3254 = CARTESIAN_POINT('',(2.419804479265,5.078039182819));
#3255 = CARTESIAN_POINT('',(2.422907817626,5.052208020506));
#3256 = CARTESIAN_POINT('',(2.43290112883,4.961626690424));
#3257 = CARTESIAN_POINT('',(2.438913355731,4.893589290581));
#3258 = CARTESIAN_POINT('',(2.443609243988,4.822506944604));
#3259 = CARTESIAN_POINT('',(2.44681572787,4.749280422569));
#3260 = CARTESIAN_POINT('',(2.448432746013,4.674811551713));
#3261 = CARTESIAN_POINT('',(2.448432746013,4.6));
#3262 = ( GEOMETRIC_REPRESENTATION_CONTEXT(2) 
PARAMETRIC_REPRESENTATION_CONTEXT() REPRESENTATION_CONTEXT('2D SPACE',''
  ) );
#3263 = ORIENTED_EDGE('',*,*,#3264,.F.);
#3264 = EDGE_CURVE('',#3265,#3165,#3267,.T.);
#3265 = VERTEX_POINT('',#3266);
#3266 = CARTESIAN_POINT('',(-14.6,-18.3,-4.));
#3267 = SURFACE_CURVE('',#3268,(#3272,#3279),.PCURVE_S1.);
#3268 = LINE('',#3269,#3270);
#3269 = CARTESIAN_POINT('',(-14.6,-29.,-4.));
#3270 = VECTOR('',#3271,1.);
#3271 = DIRECTION('',(0.,1.,0.));
#3272 = PCURVE('',#3069,#3273);
#3273 = DEFINITIONAL_REPRESENTATION('',(#3274),#3278);
#3274 = LINE('',#3275,#3276);
#3275 = CARTESIAN_POINT('',(0.,0.));
#3276 = VECTOR('',#3277,1.);
#3277 = DIRECTION('',(0.,1.));
#3278 = ( GEOMETRIC_REPRESENTATION_CONTEXT(2) 
PARAMETRIC_REPRESENTATION_CONTEXT() REPRESENTATION_CONTEXT('2D SPACE',''
  ) );
#3279 = PCURVE('',#653,#3280);
#3280 = DEFINITIONAL_REPRESENTATION('',(#3281),#3285);
#3281 = LINE('',#3282,#3283);
#3282 = CARTESIAN_POINT('',(-4.,29.));
#3283 = VECTOR('',#3284,1.);
#3284 = DIRECTION('',(0.,-1.));
#3285 = ( GEOMETRIC_REPRESENTATION_CONTEXT(2) 
PARAMETRIC_REPRESENTATION_CONTEXT() REPRESENTATION_CONTEXT('2D SPACE',''
  ) );
#3286 = ORIENTED_EDGE('',*,*,#3287,.T.);
#3287 = EDGE_CURVE('',#3265,#3006,#3288,.T.);
#3288 = SURFACE_CURVE('',#3289,(#3294,#3304),.PCURVE_S1.);
#3289 = ELLIPSE('',#3290,1.414213562373,1.);
#3290 = AXIS2_PLACEMENT_3D('',#3291,#3292,#3293);
#3291 = CARTESIAN_POINT('',(-15.6,-18.3,-4.));
#3292 = DIRECTION('',(0.,0.707106781187,0.707106781187));
#3293 = DIRECTION('',(0.,0.707106781187,-0.707106781187));
#3294 = PCURVE('',#3069,#3295);
#3295 = DEFINITIONAL_REPRESENTATION('',(#3296),#3303);
#3296 = B_SPLINE_CURVE_WITH_KNOTS('',5,(#3297,#3298,#3299,#3300,#3301,
    #3302),.UNSPECIFIED.,.F.,.F.,(6,6),(4.712388757365,5.235988448803),
  .PIECEWISE_BEZIER_KNOTS.);
#3297 = CARTESIAN_POINT('',(-2.230201605613E-07,10.69999977698));
#3298 = CARTESIAN_POINT('',(0.104719715268,10.804719715268));
#3299 = CARTESIAN_POINT('',(0.209439653555,10.909439800394));
#3300 = CARTESIAN_POINT('',(0.314159591843,11.011766674023));
#3301 = CARTESIAN_POINT('',(0.418879530131,11.109310509436));
#3302 = CARTESIAN_POINT('',(0.523599468419,11.2000006));
#3303 = ( GEOMETRIC_REPRESENTATION_CONTEXT(2) 
PARAMETRIC_REPRESENTATION_CONTEXT() REPRESENTATION_CONTEXT('2D SPACE',''
  ) );
#3304 = PCURVE('',#3120,#3305);
#3305 = DEFINITIONAL_REPRESENTATION('',(#3306),#3313);
#3306 = B_SPLINE_CURVE_WITH_KNOTS('',5,(#3307,#3308,#3309,#3310,#3311,
    #3312),.UNSPECIFIED.,.F.,.F.,(6,6),(4.712388757365,5.235988448803),
  .PIECEWISE_BEZIER_KNOTS.);
#3307 = CARTESIAN_POINT('',(-2.230201623377E-07,1.50000022302));
#3308 = CARTESIAN_POINT('',(0.104719715268,1.395280284732));
#3309 = CARTESIAN_POINT('',(0.209439653555,1.290560199606));
#3310 = CARTESIAN_POINT('',(0.314159591843,1.188233325977));
#3311 = CARTESIAN_POINT('',(0.418879530131,1.090689490564));
#3312 = CARTESIAN_POINT('',(0.523599468419,0.9999994));
#3313 = ( GEOMETRIC_REPRESENTATION_CONTEXT(2) 
PARAMETRIC_REPRESENTATION_CONTEXT() REPRESENTATION_CONTEXT('2D SPACE',''
  ) );
#3314 = ADVANCED_FACE('',(#3315),#3152,.F.);
#3315 = FACE_BOUND('',#3316,.F.);
#3316 = EDGE_LOOP('',(#3317,#3342,#3361,#3362));
#3317 = ORIENTED_EDGE('',*,*,#3318,.F.);
#3318 = EDGE_CURVE('',#3319,#3321,#3323,.T.);
#3319 = VERTEX_POINT('',#3320);
#3320 = CARTESIAN_POINT('',(-19.2,-17.43397459621,-5.));
#3321 = VERTEX_POINT('',#3322);
#3322 = CARTESIAN_POINT('',(-19.2,-4.153311931459,-5.));
#3323 = SURFACE_CURVE('',#3324,(#3328,#3335),.PCURVE_S1.);
#3324 = LINE('',#3325,#3326);
#3325 = CARTESIAN_POINT('',(-19.2,-29.,-5.));
#3326 = VECTOR('',#3327,1.);
#3327 = DIRECTION('',(0.,1.,0.));
#3328 = PCURVE('',#3152,#3329);
#3329 = DEFINITIONAL_REPRESENTATION('',(#3330),#3334);
#3330 = LINE('',#3331,#3332);
#3331 = CARTESIAN_POINT('',(1.,0.));
#3332 = VECTOR('',#3333,1.);
#3333 = DIRECTION('',(0.,1.));
#3334 = ( GEOMETRIC_REPRESENTATION_CONTEXT(2) 
PARAMETRIC_REPRESENTATION_CONTEXT() REPRESENTATION_CONTEXT('2D SPACE',''
  ) );
#3335 = PCURVE('',#1746,#3336);
#3336 = DEFINITIONAL_REPRESENTATION('',(#3337),#3341);
#3337 = LINE('',#3338,#3339);
#3338 = CARTESIAN_POINT('',(-1.570796326795,0.));
#3339 = VECTOR('',#3340,1.);
#3340 = DIRECTION('',(-0.,1.));
#3341 = ( GEOMETRIC_REPRESENTATION_CONTEXT(2) 
PARAMETRIC_REPRESENTATION_CONTEXT() REPRESENTATION_CONTEXT('2D SPACE',''
  ) );
#3342 = ORIENTED_EDGE('',*,*,#3343,.T.);
#3343 = EDGE_CURVE('',#3319,#2984,#3344,.T.);
#3344 = SURFACE_CURVE('',#3345,(#3349,#3355),.PCURVE_S1.);
#3345 = LINE('',#3346,#3347);
#3346 = CARTESIAN_POINT('',(-80.4,-17.43397459621,-5.));
#3347 = VECTOR('',#3348,1.);
#3348 = DIRECTION('',(1.,0.,0.));
#3349 = PCURVE('',#3152,#3350);
#3350 = DEFINITIONAL_REPRESENTATION('',(#3351),#3354);
#3351 = B_SPLINE_CURVE_WITH_KNOTS('',1,(#3352,#3353),.UNSPECIFIED.,.F.,
  .F.,(2,2),(60.84,64.8000006),.PIECEWISE_BEZIER_KNOTS.);
#3352 = CARTESIAN_POINT('',(0.64,11.566025403784));
#3353 = CARTESIAN_POINT('',(4.6000006,11.566025403784));
#3354 = ( GEOMETRIC_REPRESENTATION_CONTEXT(2) 
PARAMETRIC_REPRESENTATION_CONTEXT() REPRESENTATION_CONTEXT('2D SPACE',''
  ) );
#3355 = PCURVE('',#1649,#3356);
#3356 = DEFINITIONAL_REPRESENTATION('',(#3357),#3360);
#3357 = B_SPLINE_CURVE_WITH_KNOTS('',1,(#3358,#3359),.UNSPECIFIED.,.F.,
  .F.,(2,2),(60.84,64.8000006),.PIECEWISE_BEZIER_KNOTS.);
#3358 = CARTESIAN_POINT('',(-0.523598775598,60.84));
#3359 = CARTESIAN_POINT('',(-0.523598775598,64.8000006));
#3360 = ( GEOMETRIC_REPRESENTATION_CONTEXT(2) 
PARAMETRIC_REPRESENTATION_CONTEXT() REPRESENTATION_CONTEXT('2D SPACE',''
  ) );
#3361 = ORIENTED_EDGE('',*,*,#3136,.T.);
#3362 = ORIENTED_EDGE('',*,*,#3363,.F.);
#3363 = EDGE_CURVE('',#3321,#3137,#3364,.T.);
#3364 = SURFACE_CURVE('',#3365,(#3369,#3375),.PCURVE_S1.);
#3365 = LINE('',#3366,#3367);
#3366 = CARTESIAN_POINT('',(-20.2,-4.153311931459,-5.));
#3367 = VECTOR('',#3368,1.);
#3368 = DIRECTION('',(1.,0.,0.));
#3369 = PCURVE('',#3152,#3370);
#3370 = DEFINITIONAL_REPRESENTATION('',(#3371),#3374);
#3371 = B_SPLINE_CURVE_WITH_KNOTS('',1,(#3372,#3373),.UNSPECIFIED.,.F.,
  .F.,(2,2),(0.64,4.96),.PIECEWISE_BEZIER_KNOTS.);
#3372 = CARTESIAN_POINT('',(0.64,24.846688068541));
#3373 = CARTESIAN_POINT('',(4.96,24.846688068541));
#3374 = ( GEOMETRIC_REPRESENTATION_CONTEXT(2) 
PARAMETRIC_REPRESENTATION_CONTEXT() REPRESENTATION_CONTEXT('2D SPACE',''
  ) );
#3375 = PCURVE('',#3228,#3376);
#3376 = DEFINITIONAL_REPRESENTATION('',(#3377),#3380);
#3377 = B_SPLINE_CURVE_WITH_KNOTS('',1,(#3378,#3379),.UNSPECIFIED.,.F.,
  .F.,(2,2),(0.64,4.96),.PIECEWISE_BEZIER_KNOTS.);
#3378 = CARTESIAN_POINT('',(2.448432746013,0.64));
#3379 = CARTESIAN_POINT('',(2.448432746013,4.96));
#3380 = ( GEOMETRIC_REPRESENTATION_CONTEXT(2) 
PARAMETRIC_REPRESENTATION_CONTEXT() REPRESENTATION_CONTEXT('2D SPACE',''
  ) );
#3381 = ADVANCED_FACE('',(#3382),#3228,.T.);
#3382 = FACE_BOUND('',#3383,.T.);
#3383 = EDGE_LOOP('',(#3384,#3408,#3409,#3410,#3505,#3529,#3629,#3656));
#3384 = ORIENTED_EDGE('',*,*,#3385,.F.);
#3385 = EDGE_CURVE('',#3165,#3386,#3388,.T.);
#3386 = VERTEX_POINT('',#3387);
#3387 = CARTESIAN_POINT('',(-14.6,5.12347538298,-4.));
#3388 = SURFACE_CURVE('',#3389,(#3394,#3401),.PCURVE_S1.);
#3389 = CIRCLE('',#3390,6.5);
#3390 = AXIS2_PLACEMENT_3D('',#3391,#3392,#3393);
#3391 = CARTESIAN_POINT('',(-14.6,0.,0.));
#3392 = DIRECTION('',(1.,0.,0.));
#3393 = DIRECTION('',(-0.,0.,1.));
#3394 = PCURVE('',#3228,#3395);
#3395 = DEFINITIONAL_REPRESENTATION('',(#3396),#3400);
#3396 = LINE('',#3397,#3398);
#3397 = CARTESIAN_POINT('',(0.,5.6));
#3398 = VECTOR('',#3399,1.);
#3399 = DIRECTION('',(1.,0.));
#3400 = ( GEOMETRIC_REPRESENTATION_CONTEXT(2) 
PARAMETRIC_REPRESENTATION_CONTEXT() REPRESENTATION_CONTEXT('2D SPACE',''
  ) );
#3401 = PCURVE('',#653,#3402);
#3402 = DEFINITIONAL_REPRESENTATION('',(#3403),#3407);
#3403 = CIRCLE('',#3404,6.5);
#3404 = AXIS2_PLACEMENT_2D('',#3405,#3406);
#3405 = CARTESIAN_POINT('',(0.,0.));
#3406 = DIRECTION('',(1.,0.));
#3407 = ( GEOMETRIC_REPRESENTATION_CONTEXT(2) 
PARAMETRIC_REPRESENTATION_CONTEXT() REPRESENTATION_CONTEXT('2D SPACE',''
  ) );
#3408 = ORIENTED_EDGE('',*,*,#3164,.T.);
#3409 = ORIENTED_EDGE('',*,*,#3363,.F.);
#3410 = ORIENTED_EDGE('',*,*,#3411,.F.);
#3411 = EDGE_CURVE('',#3412,#3321,#3414,.T.);
#3412 = VERTEX_POINT('',#3413);
#3413 = CARTESIAN_POINT('',(-20.2,-5.12347538298,-4.));
#3414 = SURFACE_CURVE('',#3415,(#3443,#3474),.PCURVE_S1.);
#3415 = B_SPLINE_CURVE_WITH_KNOTS('',6,(#3416,#3417,#3418,#3419,#3420,
    #3421,#3422,#3423,#3424,#3425,#3426,#3427,#3428,#3429,#3430,#3431,
    #3432,#3433,#3434,#3435,#3436,#3437,#3438,#3439,#3440,#3441,#3442),
  .UNSPECIFIED.,.F.,.F.,(7,5,5,5,5,7),(0.,0.119012554386,0.352263541699,
    0.623108244891,0.733073179444,1.),.UNSPECIFIED.);
#3416 = CARTESIAN_POINT('',(-20.2,-5.12347538298,-4.));
#3417 = CARTESIAN_POINT('',(-20.2,-5.098596791954,-4.03186621217));
#3418 = CARTESIAN_POINT('',(-20.19878145575,-5.073484116793,
    -4.063541902489));
#3419 = CARTESIAN_POINT('',(-20.19637167744,-5.048176418213,
    -4.094977413001));
#3420 = CARTESIAN_POINT('',(-20.19279925596,-5.022714675141,
    -4.126125420982));
#3421 = CARTESIAN_POINT('',(-20.18809406294,-4.997141784702,
    -4.156940938933));
#3422 = CARTESIAN_POINT('',(-20.17090656329,-4.921252620226,
    -4.247040967399));
#3423 = CARTESIAN_POINT('',(-20.15529867968,-4.870765833619,
    -4.305238198325));
#3424 = CARTESIAN_POINT('',(-20.13568505841,-4.820300981483,
    -4.361746741793));
#3425 = CARTESIAN_POINT('',(-20.11226398322,-4.770138640452,
    -4.416361118101));
#3426 = CARTESIAN_POINT('',(-20.08521201301,-4.720584296844,
    -4.468889442529));
#3427 = CARTESIAN_POINT('',(-20.01923879578,-4.615523553273,
    -4.577503054468));
#3428 = CARTESIAN_POINT('',(-19.97909120974,-4.560320061302,
    -4.632823329809));
#3429 = CARTESIAN_POINT('',(-19.93444793841,-4.506837300539,
    -4.684859511387));
#3430 = CARTESIAN_POINT('',(-19.8854648887,-4.455640670469,
    -4.733331229081));
#3431 = CARTESIAN_POINT('',(-19.83227343625,-4.407409438935,
    -4.777900963447));
#3432 = CARTESIAN_POINT('',(-19.75175394952,-4.344915351309,
    -4.834491006529));
#3433 = CARTESIAN_POINT('',(-19.72783073394,-4.327492819349,
    -4.850119815913));
#3434 = CARTESIAN_POINT('',(-19.70325307374,-4.310755423251,
    -4.865002247221));
#3435 = CARTESIAN_POINT('',(-19.67803918281,-4.294765843943,
    -4.879104052985));
#3436 = CARTESIAN_POINT('',(-19.6522080205,-4.279587952795,
    -4.892390636629));
#3437 = CARTESIAN_POINT('',(-19.5616266904,-4.230572489651,
    -4.935014975117));
#3438 = CARTESIAN_POINT('',(-19.49358929058,-4.200827208319,
    -4.96036413652));
#3439 = CARTESIAN_POINT('',(-19.42250694462,-4.177429551345,
    -4.979966871259));
#3440 = CARTESIAN_POINT('',(-19.34928042257,-4.161396991926,
    -4.993283916894));
#3441 = CARTESIAN_POINT('',(-19.27481155169,-4.153311931459,-5.));
#3442 = CARTESIAN_POINT('',(-19.2,-4.153311931459,-5.));
#3443 = PCURVE('',#3228,#3444);
#3444 = DEFINITIONAL_REPRESENTATION('',(#3445),#3473);
#3445 = B_SPLINE_CURVE_WITH_KNOTS('',6,(#3446,#3447,#3448,#3449,#3450,
    #3451,#3452,#3453,#3454,#3455,#3456,#3457,#3458,#3459,#3460,#3461,
    #3462,#3463,#3464,#3465,#3466,#3467,#3468,#3469,#3470,#3471,#3472),
  .UNSPECIFIED.,.F.,.F.,(7,5,5,5,5,7),(0.,0.119012554386,0.352263541699,
    0.623108244891,0.733073179444,1.),.UNSPECIFIED.);
#3446 = CARTESIAN_POINT('',(2.233670150445,0.));
#3447 = CARTESIAN_POINT('',(2.239889798201,-2.762078457664E-18));
#3448 = CARTESIAN_POINT('',(2.246108499859,1.218544242254E-03));
#3449 = CARTESIAN_POINT('',(2.252316981155,3.628322553131E-03));
#3450 = CARTESIAN_POINT('',(2.258506047658,7.20074403301E-03));
#3451 = CARTESIAN_POINT('',(2.264666584765,1.190593705627E-02));
#3452 = CARTESIAN_POINT('',(2.282789883976,2.909343670617E-02));
#3453 = CARTESIAN_POINT('',(2.294641599639,4.470132031071E-02));
#3454 = CARTESIAN_POINT('',(2.306295557246,6.431494158107E-02));
#3455 = CARTESIAN_POINT('',(2.317702469804,8.773601677455E-02));
#3456 = CARTESIAN_POINT('',(2.328811447018,0.114787986988));
#3457 = CARTESIAN_POINT('',(2.352059365568,0.180761204211));
#3458 = CARTESIAN_POINT('',(2.364081307936,0.220908790256));
#3459 = CARTESIAN_POINT('',(2.375559580696,0.265552061583));
#3460 = CARTESIAN_POINT('',(2.386404836016,0.314535111293));
#3461 = CARTESIAN_POINT('',(2.39650759659,0.36772656375));
#3462 = CARTESIAN_POINT('',(2.409478154022,0.448246050471));
#3463 = CARTESIAN_POINT('',(2.413078918283,0.472169266059));
#3464 = CARTESIAN_POINT('',(2.416524568746,0.49674692626));
#3465 = CARTESIAN_POINT('',(2.419804479265,0.521960817181));
#3466 = CARTESIAN_POINT('',(2.422907817626,0.547791979494));
#3467 = CARTESIAN_POINT('',(2.432901128831,0.638373309591));
#3468 = CARTESIAN_POINT('',(2.43891335573,0.706410709415));
#3469 = CARTESIAN_POINT('',(2.443609243987,0.777493055379));
#3470 = CARTESIAN_POINT('',(2.446815727871,0.850719577427));
#3471 = CARTESIAN_POINT('',(2.448432746013,0.925188448304));
#3472 = CARTESIAN_POINT('',(2.448432746013,1.));
#3473 = ( GEOMETRIC_REPRESENTATION_CONTEXT(2) 
PARAMETRIC_REPRESENTATION_CONTEXT() REPRESENTATION_CONTEXT('2D SPACE',''
  ) );
#3474 = PCURVE('',#1746,#3475);
#3475 = DEFINITIONAL_REPRESENTATION('',(#3476),#3504);
#3476 = B_SPLINE_CURVE_WITH_KNOTS('',6,(#3477,#3478,#3479,#3480,#3481,
    #3482,#3483,#3484,#3485,#3486,#3487,#3488,#3489,#3490,#3491,#3492,
    #3493,#3494,#3495,#3496,#3497,#3498,#3499,#3500,#3501,#3502,#3503),
  .UNSPECIFIED.,.F.,.F.,(7,5,5,5,5,7),(0.,0.119012554386,0.352263541699,
    0.623108244891,0.733073179444,1.),.UNSPECIFIED.);
#3477 = CARTESIAN_POINT('',(0.,23.87652461702));
#3478 = CARTESIAN_POINT('',(-3.186621217047E-02,23.901403208046));
#3479 = CARTESIAN_POINT('',(-6.354194462835E-02,23.926515883207));
#3480 = CARTESIAN_POINT('',(-9.503565352707E-02,23.951823581787));
#3481 = CARTESIAN_POINT('',(-0.126354885608,23.977285324859));
#3482 = CARTESIAN_POINT('',(-0.157506278198,24.002858215298));
#3483 = CARTESIAN_POINT('',(-0.249231003729,24.078747379774));
#3484 = CARTESIAN_POINT('',(-0.309322099718,24.129234166381));
#3485 = CARTESIAN_POINT('',(-0.368907957787,24.179699018517));
#3486 = CARTESIAN_POINT('',(-0.428111179689,24.229861359548));
#3487 = CARTESIAN_POINT('',(-0.487050215963,24.279415703156));
#3488 = CARTESIAN_POINT('',(-0.614130435074,24.384476446727));
#3489 = CARTESIAN_POINT('',(-0.682254223189,24.439679938698));
#3490 = CARTESIAN_POINT('',(-0.750478331371,24.493162699462));
#3491 = CARTESIAN_POINT('',(-0.819041986752,24.544359329531));
#3492 = CARTESIAN_POINT('',(-0.888188565693,24.592590561065));
#3493 = CARTESIAN_POINT('',(-0.986605132986,24.655084648691));
#3494 = CARTESIAN_POINT('',(-1.015164623443,24.672507180651));
#3495 = CARTESIAN_POINT('',(-1.043871559235,24.689244576749));
#3496 = CARTESIAN_POINT('',(-1.072734804312,24.705234156057));
#3497 = CARTESIAN_POINT('',(-1.101764758059,24.720412047205));
#3498 = CARTESIAN_POINT('',(-1.201873756625,24.769427510349));
#3499 = CARTESIAN_POINT('',(-1.274228796596,24.799172791681));
#3500 = CARTESIAN_POINT('',(-1.347534918409,24.822570448655));
#3501 = CARTESIAN_POINT('',(-1.421516110094,24.838603008074));
#3502 = CARTESIAN_POINT('',(-1.495984775099,24.846688068541));
#3503 = CARTESIAN_POINT('',(-1.570796326795,24.846688068541));
#3504 = ( GEOMETRIC_REPRESENTATION_CONTEXT(2) 
PARAMETRIC_REPRESENTATION_CONTEXT() REPRESENTATION_CONTEXT('2D SPACE',''
  ) );
#3505 = ORIENTED_EDGE('',*,*,#3506,.T.);
#3506 = EDGE_CURVE('',#3412,#3507,#3509,.T.);
#3507 = VERTEX_POINT('',#3508);
#3508 = CARTESIAN_POINT('',(-20.2,5.12347538298,-4.));
#3509 = SURFACE_CURVE('',#3510,(#3515,#3522),.PCURVE_S1.);
#3510 = CIRCLE('',#3511,6.5);
#3511 = AXIS2_PLACEMENT_3D('',#3512,#3513,#3514);
#3512 = CARTESIAN_POINT('',(-20.2,0.,0.));
#3513 = DIRECTION('',(1.,0.,0.));
#3514 = DIRECTION('',(-0.,0.,1.));
#3515 = PCURVE('',#3228,#3516);
#3516 = DEFINITIONAL_REPRESENTATION('',(#3517),#3521);
#3517 = LINE('',#3518,#3519);
#3518 = CARTESIAN_POINT('',(0.,0.));
#3519 = VECTOR('',#3520,1.);
#3520 = DIRECTION('',(1.,0.));
#3521 = ( GEOMETRIC_REPRESENTATION_CONTEXT(2) 
PARAMETRIC_REPRESENTATION_CONTEXT() REPRESENTATION_CONTEXT('2D SPACE',''
  ) );
#3522 = PCURVE('',#1194,#3523);
#3523 = DEFINITIONAL_REPRESENTATION('',(#3524),#3528);
#3524 = CIRCLE('',#3525,6.5);
#3525 = AXIS2_PLACEMENT_2D('',#3526,#3527);
#3526 = CARTESIAN_POINT('',(5.,-29.));
#3527 = DIRECTION('',(1.,0.));
#3528 = ( GEOMETRIC_REPRESENTATION_CONTEXT(2) 
PARAMETRIC_REPRESENTATION_CONTEXT() REPRESENTATION_CONTEXT('2D SPACE',''
  ) );
#3529 = ORIENTED_EDGE('',*,*,#3530,.T.);
#3530 = EDGE_CURVE('',#3507,#3531,#3533,.T.);
#3531 = VERTEX_POINT('',#3532);
#3532 = CARTESIAN_POINT('',(-19.2,4.153311931459,-5.));
#3533 = SURFACE_CURVE('',#3534,(#3562,#3593),.PCURVE_S1.);
#3534 = B_SPLINE_CURVE_WITH_KNOTS('',6,(#3535,#3536,#3537,#3538,#3539,
    #3540,#3541,#3542,#3543,#3544,#3545,#3546,#3547,#3548,#3549,#3550,
    #3551,#3552,#3553,#3554,#3555,#3556,#3557,#3558,#3559,#3560,#3561),
  .UNSPECIFIED.,.F.,.F.,(7,5,5,5,5,7),(0.,0.11901255438,0.35226354168,
    0.623108244858,0.733073179405,1.),.UNSPECIFIED.);
#3535 = CARTESIAN_POINT('',(-20.2,5.12347538298,-4.));
#3536 = CARTESIAN_POINT('',(-20.2,5.098596791954,-4.03186621217));
#3537 = CARTESIAN_POINT('',(-20.19878145575,5.073484116792,
    -4.063541902489));
#3538 = CARTESIAN_POINT('',(-20.19637167744,5.048176418213,
    -4.094977413001));
#3539 = CARTESIAN_POINT('',(-20.19279925596,5.022714675141,
    -4.126125420982));
#3540 = CARTESIAN_POINT('',(-20.18809406294,4.997141784702,
    -4.156940938933));
#3541 = CARTESIAN_POINT('',(-20.17090656329,4.921252620226,
    -4.247040967399));
#3542 = CARTESIAN_POINT('',(-20.15529867968,4.870765833619,
    -4.305238198325));
#3543 = CARTESIAN_POINT('',(-20.13568505841,4.820300981483,
    -4.361746741793));
#3544 = CARTESIAN_POINT('',(-20.11226398322,4.770138640452,
    -4.416361118101));
#3545 = CARTESIAN_POINT('',(-20.08521201301,4.720584296844,
    -4.468889442529));
#3546 = CARTESIAN_POINT('',(-20.01923879578,4.615523553273,
    -4.577503054468));
#3547 = CARTESIAN_POINT('',(-19.97909120974,4.560320061302,
    -4.632823329809));
#3548 = CARTESIAN_POINT('',(-19.93444793841,4.506837300538,
    -4.684859511387));
#3549 = CARTESIAN_POINT('',(-19.8854648887,4.455640670469,
    -4.733331229081));
#3550 = CARTESIAN_POINT('',(-19.83227343625,4.407409438935,
    -4.777900963447));
#3551 = CARTESIAN_POINT('',(-19.75175394952,4.344915351309,
    -4.834491006529));
#3552 = CARTESIAN_POINT('',(-19.72783073394,4.327492819349,
    -4.850119815913));
#3553 = CARTESIAN_POINT('',(-19.70325307374,4.310755423251,
    -4.865002247221));
#3554 = CARTESIAN_POINT('',(-19.67803918281,4.294765843943,
    -4.879104052985));
#3555 = CARTESIAN_POINT('',(-19.6522080205,4.279587952795,
    -4.892390636628));
#3556 = CARTESIAN_POINT('',(-19.56162669039,4.230572489644,
    -4.935014975123));
#3557 = CARTESIAN_POINT('',(-19.49358929058,4.200827208324,
    -4.960364136515));
#3558 = CARTESIAN_POINT('',(-19.42250694463,4.177429551349,
    -4.979966871256));
#3559 = CARTESIAN_POINT('',(-19.34928042257,4.161396991923,
    -4.993283916897));
#3560 = CARTESIAN_POINT('',(-19.27481155168,4.153311931459,-5.));
#3561 = CARTESIAN_POINT('',(-19.2,4.153311931459,-5.));
#3562 = PCURVE('',#3228,#3563);
#3563 = DEFINITIONAL_REPRESENTATION('',(#3564),#3592);
#3564 = B_SPLINE_CURVE_WITH_KNOTS('',6,(#3565,#3566,#3567,#3568,#3569,
    #3570,#3571,#3572,#3573,#3574,#3575,#3576,#3577,#3578,#3579,#3580,
    #3581,#3582,#3583,#3584,#3585,#3586,#3587,#3588,#3589,#3590,#3591),
  .UNSPECIFIED.,.F.,.F.,(7,5,5,5,5,7),(0.,0.11901255438,0.35226354168,
    0.623108244858,0.733073179405,1.),.UNSPECIFIED.);
#3565 = CARTESIAN_POINT('',(4.049515156735,0.));
#3566 = CARTESIAN_POINT('',(4.043295508978,2.830288196741E-17));
#3567 = CARTESIAN_POINT('',(4.037076807321,1.218544242255E-03));
#3568 = CARTESIAN_POINT('',(4.030868326024,3.628322553132E-03));
#3569 = CARTESIAN_POINT('',(4.024679259521,7.200744033009E-03));
#3570 = CARTESIAN_POINT('',(4.018518722415,1.190593705627E-02));
#3571 = CARTESIAN_POINT('',(4.000395423203,2.909343670617E-02));
#3572 = CARTESIAN_POINT('',(3.98854370754,4.470132031071E-02));
#3573 = CARTESIAN_POINT('',(3.976889749933,6.431494158107E-02));
#3574 = CARTESIAN_POINT('',(3.965482837376,8.773601677454E-02));
#3575 = CARTESIAN_POINT('',(3.954373860161,0.114787986988));
#3576 = CARTESIAN_POINT('',(3.931125941612,0.180761204211));
#3577 = CARTESIAN_POINT('',(3.919103999244,0.220908790256));
#3578 = CARTESIAN_POINT('',(3.907625726483,0.265552061583));
#3579 = CARTESIAN_POINT('',(3.896780471163,0.314535111293));
#3580 = CARTESIAN_POINT('',(3.88667771059,0.36772656375));
#3581 = CARTESIAN_POINT('',(3.873707153158,0.448246050471));
#3582 = CARTESIAN_POINT('',(3.870106388896,0.472169266059));
#3583 = CARTESIAN_POINT('',(3.866660738434,0.49674692626));
#3584 = CARTESIAN_POINT('',(3.863380827915,0.521960817181));
#3585 = CARTESIAN_POINT('',(3.860277489554,0.547791979494));
#3586 = CARTESIAN_POINT('',(3.850284178347,0.638373309604));
#3587 = CARTESIAN_POINT('',(3.844271951451,0.706410709411));
#3588 = CARTESIAN_POINT('',(3.839576063193,0.777493055365));
#3589 = CARTESIAN_POINT('',(3.836369579308,0.850719577424));
#3590 = CARTESIAN_POINT('',(3.834752561167,0.925188448318));
#3591 = CARTESIAN_POINT('',(3.834752561167,1.));
#3592 = ( GEOMETRIC_REPRESENTATION_CONTEXT(2) 
PARAMETRIC_REPRESENTATION_CONTEXT() REPRESENTATION_CONTEXT('2D SPACE',''
  ) );
#3593 = PCURVE('',#3594,#3599);
#3594 = CYLINDRICAL_SURFACE('',#3595,1.);
#3595 = AXIS2_PLACEMENT_3D('',#3596,#3597,#3598);
#3596 = CARTESIAN_POINT('',(-19.2,-29.,-4.));
#3597 = DIRECTION('',(0.,1.,0.));
#3598 = DIRECTION('',(-1.,0.,0.));
#3599 = DEFINITIONAL_REPRESENTATION('',(#3600),#3628);
#3600 = B_SPLINE_CURVE_WITH_KNOTS('',6,(#3601,#3602,#3603,#3604,#3605,
    #3606,#3607,#3608,#3609,#3610,#3611,#3612,#3613,#3614,#3615,#3616,
    #3617,#3618,#3619,#3620,#3621,#3622,#3623,#3624,#3625,#3626,#3627),
  .UNSPECIFIED.,.F.,.F.,(7,5,5,5,5,7),(0.,0.11901255438,0.35226354168,
    0.623108244858,0.733073179405,1.),.UNSPECIFIED.);
#3601 = CARTESIAN_POINT('',(0.,34.12347538298));
#3602 = CARTESIAN_POINT('',(-3.186621217049E-02,34.098596791954));
#3603 = CARTESIAN_POINT('',(-6.354194462837E-02,34.073484116792));
#3604 = CARTESIAN_POINT('',(-9.503565352708E-02,34.048176418213));
#3605 = CARTESIAN_POINT('',(-0.126354885608,34.022714675141));
#3606 = CARTESIAN_POINT('',(-0.157506278198,33.997141784702));
#3607 = CARTESIAN_POINT('',(-0.249231003729,33.921252620226));
#3608 = CARTESIAN_POINT('',(-0.309322099718,33.870765833619));
#3609 = CARTESIAN_POINT('',(-0.368907957787,33.820300981483));
#3610 = CARTESIAN_POINT('',(-0.428111179689,33.770138640452));
#3611 = CARTESIAN_POINT('',(-0.487050215963,33.720584296844));
#3612 = CARTESIAN_POINT('',(-0.614130435074,33.615523553273));
#3613 = CARTESIAN_POINT('',(-0.682254223189,33.560320061302));
#3614 = CARTESIAN_POINT('',(-0.750478331371,33.506837300538));
#3615 = CARTESIAN_POINT('',(-0.819041986752,33.455640670469));
#3616 = CARTESIAN_POINT('',(-0.888188565693,33.407409438935));
#3617 = CARTESIAN_POINT('',(-0.986605132986,33.344915351309));
#3618 = CARTESIAN_POINT('',(-1.015164623443,33.327492819349));
#3619 = CARTESIAN_POINT('',(-1.043871559235,33.310755423251));
#3620 = CARTESIAN_POINT('',(-1.072734804312,33.294765843943));
#3621 = CARTESIAN_POINT('',(-1.101764758059,33.279587952795));
#3622 = CARTESIAN_POINT('',(-1.201873756639,33.230572489644));
#3623 = CARTESIAN_POINT('',(-1.274228796591,33.200827208324));
#3624 = CARTESIAN_POINT('',(-1.347534918396,33.177429551349));
#3625 = CARTESIAN_POINT('',(-1.42151611009,33.161396991923));
#3626 = CARTESIAN_POINT('',(-1.495984775113,33.153311931459));
#3627 = CARTESIAN_POINT('',(-1.570796326795,33.153311931459));
#3628 = ( GEOMETRIC_REPRESENTATION_CONTEXT(2) 
PARAMETRIC_REPRESENTATION_CONTEXT() REPRESENTATION_CONTEXT('2D SPACE',''
  ) );
#3629 = ORIENTED_EDGE('',*,*,#3630,.T.);
#3630 = EDGE_CURVE('',#3531,#3631,#3633,.T.);
#3631 = VERTEX_POINT('',#3632);
#3632 = CARTESIAN_POINT('',(-15.6,4.153311931459,-5.));
#3633 = SURFACE_CURVE('',#3634,(#3638,#3644),.PCURVE_S1.);
#3634 = LINE('',#3635,#3636);
#3635 = CARTESIAN_POINT('',(-20.2,4.153311931459,-5.));
#3636 = VECTOR('',#3637,1.);
#3637 = DIRECTION('',(1.,0.,0.));
#3638 = PCURVE('',#3228,#3639);
#3639 = DEFINITIONAL_REPRESENTATION('',(#3640),#3643);
#3640 = B_SPLINE_CURVE_WITH_KNOTS('',1,(#3641,#3642),.UNSPECIFIED.,.F.,
  .F.,(2,2),(0.64,4.96),.PIECEWISE_BEZIER_KNOTS.);
#3641 = CARTESIAN_POINT('',(3.834752561167,0.64));
#3642 = CARTESIAN_POINT('',(3.834752561167,4.96));
#3643 = ( GEOMETRIC_REPRESENTATION_CONTEXT(2) 
PARAMETRIC_REPRESENTATION_CONTEXT() REPRESENTATION_CONTEXT('2D SPACE',''
  ) );
#3644 = PCURVE('',#3645,#3650);
#3645 = PLANE('',#3646);
#3646 = AXIS2_PLACEMENT_3D('',#3647,#3648,#3649);
#3647 = CARTESIAN_POINT('',(-80.4,-29.,-5.));
#3648 = DIRECTION('',(0.,0.,1.));
#3649 = DIRECTION('',(1.,0.,0.));
#3650 = DEFINITIONAL_REPRESENTATION('',(#3651),#3655);
#3651 = LINE('',#3652,#3653);
#3652 = CARTESIAN_POINT('',(60.2,33.153311931459));
#3653 = VECTOR('',#3654,1.);
#3654 = DIRECTION('',(1.,0.));
#3655 = ( GEOMETRIC_REPRESENTATION_CONTEXT(2) 
PARAMETRIC_REPRESENTATION_CONTEXT() REPRESENTATION_CONTEXT('2D SPACE',''
  ) );
#3656 = ORIENTED_EDGE('',*,*,#3657,.F.);
#3657 = EDGE_CURVE('',#3386,#3631,#3658,.T.);
#3658 = SURFACE_CURVE('',#3659,(#3687,#3718),.PCURVE_S1.);
#3659 = B_SPLINE_CURVE_WITH_KNOTS('',6,(#3660,#3661,#3662,#3663,#3664,
    #3665,#3666,#3667,#3668,#3669,#3670,#3671,#3672,#3673,#3674,#3675,
    #3676,#3677,#3678,#3679,#3680,#3681,#3682,#3683,#3684,#3685,#3686),
  .UNSPECIFIED.,.F.,.F.,(7,5,5,5,5,7),(0.,0.119012547728,0.352263536776,
    0.623108241984,0.733073177384,1.),.UNSPECIFIED.);
#3660 = CARTESIAN_POINT('',(-14.6,5.12347538298,-4.));
#3661 = CARTESIAN_POINT('',(-14.6,5.098596790371,-4.031866214199));
#3662 = CARTESIAN_POINT('',(-14.60121854404,5.073484117239,
    -4.063541901997));
#3663 = CARTESIAN_POINT('',(-14.60362832236,5.048176419821,
    -4.094977411018));
#3664 = CARTESIAN_POINT('',(-14.60720074413,5.022714675554,
    -4.126125420412));
#3665 = CARTESIAN_POINT('',(-14.61190593742,4.997141783077,
    -4.156940940863));
#3666 = CARTESIAN_POINT('',(-14.6290934367,4.921252620226,
    -4.247040967399));
#3667 = CARTESIAN_POINT('',(-14.64470132031,4.870765833619,
    -4.305238198325));
#3668 = CARTESIAN_POINT('',(-14.66431494158,4.820300981483,
    -4.361746741793));
#3669 = CARTESIAN_POINT('',(-14.68773601677,4.770138640452,
    -4.416361118101));
#3670 = CARTESIAN_POINT('',(-14.71478798698,4.720584296844,
    -4.468889442529));
#3671 = CARTESIAN_POINT('',(-14.78076120421,4.615523553273,
    -4.577503054468));
#3672 = CARTESIAN_POINT('',(-14.82090879025,4.560320061302,
    -4.632823329809));
#3673 = CARTESIAN_POINT('',(-14.86555206158,4.506837300538,
    -4.684859511387));
#3674 = CARTESIAN_POINT('',(-14.91453511129,4.455640670469,
    -4.733331229081));
#3675 = CARTESIAN_POINT('',(-14.96772656375,4.407409438935,
    -4.777900963447));
#3676 = CARTESIAN_POINT('',(-15.04824605047,4.344915351304,
    -4.834491006533));
#3677 = CARTESIAN_POINT('',(-15.07216926605,4.327492819349,
    -4.850119815913));
#3678 = CARTESIAN_POINT('',(-15.09674692625,4.310755423255,
    -4.865002247217));
#3679 = CARTESIAN_POINT('',(-15.12196081718,4.294765843944,
    -4.879104052984));
#3680 = CARTESIAN_POINT('',(-15.1477919795,4.279587952791,
    -4.892390636632));
#3681 = CARTESIAN_POINT('',(-15.23837330957,4.23057248966,-4.93501497511
    ));
#3682 = CARTESIAN_POINT('',(-15.30641070941,4.200827208314,
    -4.960364136525));
#3683 = CARTESIAN_POINT('',(-15.37749305539,4.177429551341,
    -4.979966871263));
#3684 = CARTESIAN_POINT('',(-15.45071957743,4.16139699193,
    -4.993283916891));
#3685 = CARTESIAN_POINT('',(-15.52518844828,4.153311931459,-5.));
#3686 = CARTESIAN_POINT('',(-15.6,4.153311931459,-5.));
#3687 = PCURVE('',#3228,#3688);
#3688 = DEFINITIONAL_REPRESENTATION('',(#3689),#3717);
#3689 = B_SPLINE_CURVE_WITH_KNOTS('',6,(#3690,#3691,#3692,#3693,#3694,
    #3695,#3696,#3697,#3698,#3699,#3700,#3701,#3702,#3703,#3704,#3705,
    #3706,#3707,#3708,#3709,#3710,#3711,#3712,#3713,#3714,#3715,#3716),
  .UNSPECIFIED.,.F.,.F.,(7,5,5,5,5,7),(0.,0.119012547728,0.352263536776,
    0.623108241984,0.733073177384,1.),.UNSPECIFIED.);
#3690 = CARTESIAN_POINT('',(4.049515156735,5.6));
#3691 = CARTESIAN_POINT('',(4.043295508582,5.6));
#3692 = CARTESIAN_POINT('',(4.037076807423,5.598781455954));
#3693 = CARTESIAN_POINT('',(4.030868326417,5.596371677631));
#3694 = CARTESIAN_POINT('',(4.02467925963,5.592799255869));
#3695 = CARTESIAN_POINT('',(4.018518722026,5.588094062576));
#3696 = CARTESIAN_POINT('',(4.000395423203,5.570906563294));
#3697 = CARTESIAN_POINT('',(3.98854370754,5.555298679689));
#3698 = CARTESIAN_POINT('',(3.976889749933,5.535685058419));
#3699 = CARTESIAN_POINT('',(3.965482837376,5.512263983225));
#3700 = CARTESIAN_POINT('',(3.954373860161,5.485212013012));
#3701 = CARTESIAN_POINT('',(3.931125941612,5.419238795789));
#3702 = CARTESIAN_POINT('',(3.919103999244,5.379091209744));
#3703 = CARTESIAN_POINT('',(3.907625726483,5.334447938417));
#3704 = CARTESIAN_POINT('',(3.896780471163,5.285464888707));
#3705 = CARTESIAN_POINT('',(3.88667771059,5.23227343625));
#3706 = CARTESIAN_POINT('',(3.873707153157,5.151753949523));
#3707 = CARTESIAN_POINT('',(3.870106388897,5.127830733943));
#3708 = CARTESIAN_POINT('',(3.866660738435,5.103253073746));
#3709 = CARTESIAN_POINT('',(3.863380827915,5.07803918282));
#3710 = CARTESIAN_POINT('',(3.860277489553,5.052208020499));
#3711 = CARTESIAN_POINT('',(3.85028417835,4.961626690425));
#3712 = CARTESIAN_POINT('',(3.844271951449,4.893589290581));
#3713 = CARTESIAN_POINT('',(3.839576063191,4.822506944604));
#3714 = CARTESIAN_POINT('',(3.83636957931,4.749280422569));
#3715 = CARTESIAN_POINT('',(3.834752561167,4.674811551713));
#3716 = CARTESIAN_POINT('',(3.834752561167,4.6));
#3717 = ( GEOMETRIC_REPRESENTATION_CONTEXT(2) 
PARAMETRIC_REPRESENTATION_CONTEXT() REPRESENTATION_CONTEXT('2D SPACE',''
  ) );
#3718 = PCURVE('',#3719,#3724);
#3719 = CYLINDRICAL_SURFACE('',#3720,1.);
#3720 = AXIS2_PLACEMENT_3D('',#3721,#3722,#3723);
#3721 = CARTESIAN_POINT('',(-15.6,-29.,-4.));
#3722 = DIRECTION('',(0.,1.,0.));
#3723 = DIRECTION('',(1.,0.,-0.));
#3724 = DEFINITIONAL_REPRESENTATION('',(#3725),#3753);
#3725 = B_SPLINE_CURVE_WITH_KNOTS('',6,(#3726,#3727,#3728,#3729,#3730,
    #3731,#3732,#3733,#3734,#3735,#3736,#3737,#3738,#3739,#3740,#3741,
    #3742,#3743,#3744,#3745,#3746,#3747,#3748,#3749,#3750,#3751,#3752),
  .UNSPECIFIED.,.F.,.F.,(7,5,5,5,5,7),(0.,0.119012547728,0.352263536776,
    0.623108241984,0.733073177384,1.),.UNSPECIFIED.);
#3726 = CARTESIAN_POINT('',(0.,34.12347538298));
#3727 = CARTESIAN_POINT('',(3.186621419872E-02,34.098596790371));
#3728 = CARTESIAN_POINT('',(6.354194411939E-02,34.073484117239));
#3729 = CARTESIAN_POINT('',(9.503565152753E-02,34.048176419821));
#3730 = CARTESIAN_POINT('',(0.126354885048,34.022714675554));
#3731 = CARTESIAN_POINT('',(0.157506280163,33.997141783077));
#3732 = CARTESIAN_POINT('',(0.249231003729,33.921252620226));
#3733 = CARTESIAN_POINT('',(0.309322099718,33.870765833619));
#3734 = CARTESIAN_POINT('',(0.368907957787,33.820300981483));
#3735 = CARTESIAN_POINT('',(0.428111179689,33.770138640452));
#3736 = CARTESIAN_POINT('',(0.487050215963,33.720584296844));
#3737 = CARTESIAN_POINT('',(0.614130435074,33.615523553273));
#3738 = CARTESIAN_POINT('',(0.682254223189,33.560320061302));
#3739 = CARTESIAN_POINT('',(0.750478331371,33.506837300538));
#3740 = CARTESIAN_POINT('',(0.819041986752,33.455640670469));
#3741 = CARTESIAN_POINT('',(0.888188565693,33.407409438935));
#3742 = CARTESIAN_POINT('',(0.986605132994,33.344915351304));
#3743 = CARTESIAN_POINT('',(1.015164623441,33.327492819349));
#3744 = CARTESIAN_POINT('',(1.043871559227,33.310755423255));
#3745 = CARTESIAN_POINT('',(1.07273480431,33.294765843944));
#3746 = CARTESIAN_POINT('',(1.101764758067,33.279587952791));
#3747 = CARTESIAN_POINT('',(1.201873756607,33.23057248966));
#3748 = CARTESIAN_POINT('',(1.274228796602,33.200827208314));
#3749 = CARTESIAN_POINT('',(1.347534918426,33.177429551341));
#3750 = CARTESIAN_POINT('',(1.421516110098,33.16139699193));
#3751 = CARTESIAN_POINT('',(1.495984775082,33.153311931459));
#3752 = CARTESIAN_POINT('',(1.570796326795,33.153311931459));
#3753 = ( GEOMETRIC_REPRESENTATION_CONTEXT(2) 
PARAMETRIC_REPRESENTATION_CONTEXT() REPRESENTATION_CONTEXT('2D SPACE',''
  ) );
#3754 = ADVANCED_FACE('',(#3755),#3594,.T.);
#3755 = FACE_BOUND('',#3756,.F.);
#3756 = EDGE_LOOP('',(#3757,#3780,#3781,#3804));
#3757 = ORIENTED_EDGE('',*,*,#3758,.F.);
#3758 = EDGE_CURVE('',#3507,#3759,#3761,.T.);
#3759 = VERTEX_POINT('',#3760);
#3760 = CARTESIAN_POINT('',(-20.2,21.2,-4.));
#3761 = SURFACE_CURVE('',#3762,(#3766,#3773),.PCURVE_S1.);
#3762 = LINE('',#3763,#3764);
#3763 = CARTESIAN_POINT('',(-20.2,-29.,-4.));
#3764 = VECTOR('',#3765,1.);
#3765 = DIRECTION('',(0.,1.,0.));
#3766 = PCURVE('',#3594,#3767);
#3767 = DEFINITIONAL_REPRESENTATION('',(#3768),#3772);
#3768 = LINE('',#3769,#3770);
#3769 = CARTESIAN_POINT('',(-0.,0.));
#3770 = VECTOR('',#3771,1.);
#3771 = DIRECTION('',(-0.,1.));
#3772 = ( GEOMETRIC_REPRESENTATION_CONTEXT(2) 
PARAMETRIC_REPRESENTATION_CONTEXT() REPRESENTATION_CONTEXT('2D SPACE',''
  ) );
#3773 = PCURVE('',#1194,#3774);
#3774 = DEFINITIONAL_REPRESENTATION('',(#3775),#3779);
#3775 = LINE('',#3776,#3777);
#3776 = CARTESIAN_POINT('',(1.,0.));
#3777 = VECTOR('',#3778,1.);
#3778 = DIRECTION('',(0.,-1.));
#3779 = ( GEOMETRIC_REPRESENTATION_CONTEXT(2) 
PARAMETRIC_REPRESENTATION_CONTEXT() REPRESENTATION_CONTEXT('2D SPACE',''
  ) );
#3780 = ORIENTED_EDGE('',*,*,#3530,.T.);
#3781 = ORIENTED_EDGE('',*,*,#3782,.T.);
#3782 = EDGE_CURVE('',#3531,#3783,#3785,.T.);
#3783 = VERTEX_POINT('',#3784);
#3784 = CARTESIAN_POINT('',(-19.2,22.2,-5.));
#3785 = SURFACE_CURVE('',#3786,(#3790,#3797),.PCURVE_S1.);
#3786 = LINE('',#3787,#3788);
#3787 = CARTESIAN_POINT('',(-19.2,-29.,-5.));
#3788 = VECTOR('',#3789,1.);
#3789 = DIRECTION('',(0.,1.,0.));
#3790 = PCURVE('',#3594,#3791);
#3791 = DEFINITIONAL_REPRESENTATION('',(#3792),#3796);
#3792 = LINE('',#3793,#3794);
#3793 = CARTESIAN_POINT('',(-1.570796326795,0.));
#3794 = VECTOR('',#3795,1.);
#3795 = DIRECTION('',(-0.,1.));
#3796 = ( GEOMETRIC_REPRESENTATION_CONTEXT(2) 
PARAMETRIC_REPRESENTATION_CONTEXT() REPRESENTATION_CONTEXT('2D SPACE',''
  ) );
#3797 = PCURVE('',#3645,#3798);
#3798 = DEFINITIONAL_REPRESENTATION('',(#3799),#3803);
#3799 = LINE('',#3800,#3801);
#3800 = CARTESIAN_POINT('',(61.2,0.));
#3801 = VECTOR('',#3802,1.);
#3802 = DIRECTION('',(0.,1.));
#3803 = ( GEOMETRIC_REPRESENTATION_CONTEXT(2) 
PARAMETRIC_REPRESENTATION_CONTEXT() REPRESENTATION_CONTEXT('2D SPACE',''
  ) );
#3804 = ORIENTED_EDGE('',*,*,#3805,.T.);
#3805 = EDGE_CURVE('',#3783,#3759,#3806,.T.);
#3806 = SURFACE_CURVE('',#3807,(#3812,#3824),.PCURVE_S1.);
#3807 = ELLIPSE('',#3808,1.414213562373,1.);
#3808 = AXIS2_PLACEMENT_3D('',#3809,#3810,#3811);
#3809 = CARTESIAN_POINT('',(-19.2,22.2,-4.));
#3810 = DIRECTION('',(-0.707106781187,0.707106781187,0.));
#3811 = DIRECTION('',(0.707106781187,0.707106781187,0.));
#3812 = PCURVE('',#3594,#3813);
#3813 = DEFINITIONAL_REPRESENTATION('',(#3814),#3823);
#3814 = B_SPLINE_CURVE_WITH_KNOTS('',7,(#3815,#3816,#3817,#3818,#3819,
    #3820,#3821,#3822),.UNSPECIFIED.,.F.,.F.,(8,8),(1.570796326795,
    3.14159265359),.PIECEWISE_BEZIER_KNOTS.);
#3815 = CARTESIAN_POINT('',(-1.570796326795,51.2));
#3816 = CARTESIAN_POINT('',(-1.346396851538,50.975600524744));
#3817 = CARTESIAN_POINT('',(-1.121997376282,50.751201960686));
#3818 = CARTESIAN_POINT('',(-0.897597901026,50.545253174205));
#3819 = CARTESIAN_POINT('',(-0.673198425769,50.37623749538));
#3820 = CARTESIAN_POINT('',(-0.448798950513,50.258748672615));
#3821 = CARTESIAN_POINT('',(-0.224399475256,50.2));
#3822 = CARTESIAN_POINT('',(0.,50.2));
#3823 = ( GEOMETRIC_REPRESENTATION_CONTEXT(2) 
PARAMETRIC_REPRESENTATION_CONTEXT() REPRESENTATION_CONTEXT('2D SPACE',''
  ) );
#3824 = PCURVE('',#3825,#3830);
#3825 = CYLINDRICAL_SURFACE('',#3826,1.);
#3826 = AXIS2_PLACEMENT_3D('',#3827,#3828,#3829);
#3827 = CARTESIAN_POINT('',(-80.4,22.2,-4.));
#3828 = DIRECTION('',(1.,0.,0.));
#3829 = DIRECTION('',(0.,-1.,0.));
#3830 = DEFINITIONAL_REPRESENTATION('',(#3831),#3840);
#3831 = B_SPLINE_CURVE_WITH_KNOTS('',7,(#3832,#3833,#3834,#3835,#3836,
    #3837,#3838,#3839),.UNSPECIFIED.,.F.,.F.,(8,8),(1.570796326795,
    3.14159265359),.PIECEWISE_BEZIER_KNOTS.);
#3832 = CARTESIAN_POINT('',(1.570796326795,61.2));
#3833 = CARTESIAN_POINT('',(1.346396851538,60.975600524744));
#3834 = CARTESIAN_POINT('',(1.121997376282,60.751201960686));
#3835 = CARTESIAN_POINT('',(0.897597901026,60.545253174198));
#3836 = CARTESIAN_POINT('',(0.673198425769,60.376237495402));
#3837 = CARTESIAN_POINT('',(0.448798950513,60.258748672608));
#3838 = CARTESIAN_POINT('',(0.224399475256,60.2));
#3839 = CARTESIAN_POINT('',(0.,60.2));
#3840 = ( GEOMETRIC_REPRESENTATION_CONTEXT(2) 
PARAMETRIC_REPRESENTATION_CONTEXT() REPRESENTATION_CONTEXT('2D SPACE',''
  ) );
#3841 = ADVANCED_FACE('',(#3842),#3825,.T.);
#3842 = FACE_BOUND('',#3843,.T.);
#3843 = EDGE_LOOP('',(#3844,#3885,#3906,#3907));
#3844 = ORIENTED_EDGE('',*,*,#3845,.T.);
#3845 = EDGE_CURVE('',#3846,#3848,#3850,.T.);
#3846 = VERTEX_POINT('',#3847);
#3847 = CARTESIAN_POINT('',(-74.8,21.2,-4.));
#3848 = VERTEX_POINT('',#3849);
#3849 = CARTESIAN_POINT('',(-75.8,22.2,-5.));
#3850 = SURFACE_CURVE('',#3851,(#3856,#3868),.PCURVE_S1.);
#3851 = ELLIPSE('',#3852,1.414213562373,1.);
#3852 = AXIS2_PLACEMENT_3D('',#3853,#3854,#3855);
#3853 = CARTESIAN_POINT('',(-75.8,22.2,-4.));
#3854 = DIRECTION('',(0.707106781187,0.707106781187,0.));
#3855 = DIRECTION('',(-0.707106781187,0.707106781187,0.));
#3856 = PCURVE('',#3825,#3857);
#3857 = DEFINITIONAL_REPRESENTATION('',(#3858),#3867);
#3858 = B_SPLINE_CURVE_WITH_KNOTS('',7,(#3859,#3860,#3861,#3862,#3863,
    #3864,#3865,#3866),.UNSPECIFIED.,.F.,.F.,(8,8),(3.14159265359,
    4.712388980385),.PIECEWISE_BEZIER_KNOTS.);
#3859 = CARTESIAN_POINT('',(0.,5.6));
#3860 = CARTESIAN_POINT('',(0.224399475256,5.6));
#3861 = CARTESIAN_POINT('',(0.448798950513,5.54125132739));
#3862 = CARTESIAN_POINT('',(0.673198425769,5.423762504624));
#3863 = CARTESIAN_POINT('',(0.897597901026,5.254746825775));
#3864 = CARTESIAN_POINT('',(1.121997376282,5.048798039319));
#3865 = CARTESIAN_POINT('',(1.346396851538,4.824399475256));
#3866 = CARTESIAN_POINT('',(1.570796326795,4.6));
#3867 = ( GEOMETRIC_REPRESENTATION_CONTEXT(2) 
PARAMETRIC_REPRESENTATION_CONTEXT() REPRESENTATION_CONTEXT('2D SPACE',''
  ) );
#3868 = PCURVE('',#3869,#3874);
#3869 = CYLINDRICAL_SURFACE('',#3870,1.);
#3870 = AXIS2_PLACEMENT_3D('',#3871,#3872,#3873);
#3871 = CARTESIAN_POINT('',(-75.8,-29.,-4.));
#3872 = DIRECTION('',(0.,1.,0.));
#3873 = DIRECTION('',(1.,0.,-0.));
#3874 = DEFINITIONAL_REPRESENTATION('',(#3875),#3884);
#3875 = B_SPLINE_CURVE_WITH_KNOTS('',7,(#3876,#3877,#3878,#3879,#3880,
    #3881,#3882,#3883),.UNSPECIFIED.,.F.,.F.,(8,8),(3.14159265359,
    4.712388980385),.PIECEWISE_BEZIER_KNOTS.);
#3876 = CARTESIAN_POINT('',(0.,50.2));
#3877 = CARTESIAN_POINT('',(0.224399475256,50.2));
#3878 = CARTESIAN_POINT('',(0.448798950513,50.258748672622));
#3879 = CARTESIAN_POINT('',(0.673198425769,50.376237495366));
#3880 = CARTESIAN_POINT('',(0.897597901026,50.545253174227));
#3881 = CARTESIAN_POINT('',(1.121997376282,50.751201960677));
#3882 = CARTESIAN_POINT('',(1.346396851538,50.975600524744));
#3883 = CARTESIAN_POINT('',(1.570796326795,51.2));
#3884 = ( GEOMETRIC_REPRESENTATION_CONTEXT(2) 
PARAMETRIC_REPRESENTATION_CONTEXT() REPRESENTATION_CONTEXT('2D SPACE',''
  ) );
#3885 = ORIENTED_EDGE('',*,*,#3886,.T.);
#3886 = EDGE_CURVE('',#3848,#3783,#3887,.T.);
#3887 = SURFACE_CURVE('',#3888,(#3892,#3899),.PCURVE_S1.);
#3888 = LINE('',#3889,#3890);
#3889 = CARTESIAN_POINT('',(-80.4,22.2,-5.));
#3890 = VECTOR('',#3891,1.);
#3891 = DIRECTION('',(1.,0.,0.));
#3892 = PCURVE('',#3825,#3893);
#3893 = DEFINITIONAL_REPRESENTATION('',(#3894),#3898);
#3894 = LINE('',#3895,#3896);
#3895 = CARTESIAN_POINT('',(1.570796326795,0.));
#3896 = VECTOR('',#3897,1.);
#3897 = DIRECTION('',(0.,1.));
#3898 = ( GEOMETRIC_REPRESENTATION_CONTEXT(2) 
PARAMETRIC_REPRESENTATION_CONTEXT() REPRESENTATION_CONTEXT('2D SPACE',''
  ) );
#3899 = PCURVE('',#3645,#3900);
#3900 = DEFINITIONAL_REPRESENTATION('',(#3901),#3905);
#3901 = LINE('',#3902,#3903);
#3902 = CARTESIAN_POINT('',(0.,51.2));
#3903 = VECTOR('',#3904,1.);
#3904 = DIRECTION('',(1.,0.));
#3905 = ( GEOMETRIC_REPRESENTATION_CONTEXT(2) 
PARAMETRIC_REPRESENTATION_CONTEXT() REPRESENTATION_CONTEXT('2D SPACE',''
  ) );
#3906 = ORIENTED_EDGE('',*,*,#3805,.T.);
#3907 = ORIENTED_EDGE('',*,*,#3908,.F.);
#3908 = EDGE_CURVE('',#3846,#3759,#3909,.T.);
#3909 = SURFACE_CURVE('',#3910,(#3914,#3921),.PCURVE_S1.);
#3910 = LINE('',#3911,#3912);
#3911 = CARTESIAN_POINT('',(-80.4,21.2,-4.));
#3912 = VECTOR('',#3913,1.);
#3913 = DIRECTION('',(1.,0.,0.));
#3914 = PCURVE('',#3825,#3915);
#3915 = DEFINITIONAL_REPRESENTATION('',(#3916),#3920);
#3916 = LINE('',#3917,#3918);
#3917 = CARTESIAN_POINT('',(0.,0.));
#3918 = VECTOR('',#3919,1.);
#3919 = DIRECTION('',(0.,1.));
#3920 = ( GEOMETRIC_REPRESENTATION_CONTEXT(2) 
PARAMETRIC_REPRESENTATION_CONTEXT() REPRESENTATION_CONTEXT('2D SPACE',''
  ) );
#3921 = PCURVE('',#3922,#3927);
#3922 = PLANE('',#3923);
#3923 = AXIS2_PLACEMENT_3D('',#3924,#3925,#3926);
#3924 = CARTESIAN_POINT('',(-80.4,21.2,-5.));
#3925 = DIRECTION('',(0.,1.,0.));
#3926 = DIRECTION('',(0.,0.,1.));
#3927 = DEFINITIONAL_REPRESENTATION('',(#3928),#3932);
#3928 = LINE('',#3929,#3930);
#3929 = CARTESIAN_POINT('',(1.,0.));
#3930 = VECTOR('',#3931,1.);
#3931 = DIRECTION('',(0.,1.));
#3932 = ( GEOMETRIC_REPRESENTATION_CONTEXT(2) 
PARAMETRIC_REPRESENTATION_CONTEXT() REPRESENTATION_CONTEXT('2D SPACE',''
  ) );
#3933 = ADVANCED_FACE('',(#3934),#3922,.F.);
#3934 = FACE_BOUND('',#3935,.F.);
#3935 = EDGE_LOOP('',(#3936,#3937,#3958,#3981,#4010,#4033));
#3936 = ORIENTED_EDGE('',*,*,#3908,.F.);
#3937 = ORIENTED_EDGE('',*,*,#3938,.T.);
#3938 = EDGE_CURVE('',#3846,#3939,#3941,.T.);
#3939 = VERTEX_POINT('',#3940);
#3940 = CARTESIAN_POINT('',(-74.8,21.2,2.5));
#3941 = SURFACE_CURVE('',#3942,(#3946,#3952),.PCURVE_S1.);
#3942 = LINE('',#3943,#3944);
#3943 = CARTESIAN_POINT('',(-74.8,21.2,-2.5));
#3944 = VECTOR('',#3945,1.);
#3945 = DIRECTION('',(0.,0.,1.));
#3946 = PCURVE('',#3922,#3947);
#3947 = DEFINITIONAL_REPRESENTATION('',(#3948),#3951);
#3948 = B_SPLINE_CURVE_WITH_KNOTS('',1,(#3949,#3950),.UNSPECIFIED.,.F.,
  .F.,(2,2),(-1.5,5.),.PIECEWISE_BEZIER_KNOTS.);
#3949 = CARTESIAN_POINT('',(1.,5.6));
#3950 = CARTESIAN_POINT('',(7.5,5.6));
#3951 = ( GEOMETRIC_REPRESENTATION_CONTEXT(2) 
PARAMETRIC_REPRESENTATION_CONTEXT() REPRESENTATION_CONTEXT('2D SPACE',''
  ) );
#3952 = PCURVE('',#1360,#3953);
#3953 = DEFINITIONAL_REPRESENTATION('',(#3954),#3957);
#3954 = B_SPLINE_CURVE_WITH_KNOTS('',1,(#3955,#3956),.UNSPECIFIED.,.F.,
  .F.,(2,2),(-1.5,5.),.PIECEWISE_BEZIER_KNOTS.);
#3955 = CARTESIAN_POINT('',(-4.,-21.2));
#3956 = CARTESIAN_POINT('',(2.5,-21.2));
#3957 = ( GEOMETRIC_REPRESENTATION_CONTEXT(2) 
PARAMETRIC_REPRESENTATION_CONTEXT() REPRESENTATION_CONTEXT('2D SPACE',''
  ) );
#3958 = ORIENTED_EDGE('',*,*,#3959,.T.);
#3959 = EDGE_CURVE('',#3939,#3960,#3962,.T.);
#3960 = VERTEX_POINT('',#3961);
#3961 = CARTESIAN_POINT('',(-50.09036676939,21.2,2.5));
#3962 = SURFACE_CURVE('',#3963,(#3967,#3974),.PCURVE_S1.);
#3963 = LINE('',#3964,#3965);
#3964 = CARTESIAN_POINT('',(-80.4,21.2,2.5));
#3965 = VECTOR('',#3966,1.);
#3966 = DIRECTION('',(1.,0.,0.));
#3967 = PCURVE('',#3922,#3968);
#3968 = DEFINITIONAL_REPRESENTATION('',(#3969),#3973);
#3969 = LINE('',#3970,#3971);
#3970 = CARTESIAN_POINT('',(7.5,0.));
#3971 = VECTOR('',#3972,1.);
#3972 = DIRECTION('',(0.,1.));
#3973 = ( GEOMETRIC_REPRESENTATION_CONTEXT(2) 
PARAMETRIC_REPRESENTATION_CONTEXT() REPRESENTATION_CONTEXT('2D SPACE',''
  ) );
#3974 = PCURVE('',#1111,#3975);
#3975 = DEFINITIONAL_REPRESENTATION('',(#3976),#3980);
#3976 = LINE('',#3977,#3978);
#3977 = CARTESIAN_POINT('',(-0.,0.));
#3978 = VECTOR('',#3979,1.);
#3979 = DIRECTION('',(-0.,1.));
#3980 = ( GEOMETRIC_REPRESENTATION_CONTEXT(2) 
PARAMETRIC_REPRESENTATION_CONTEXT() REPRESENTATION_CONTEXT('2D SPACE',''
  ) );
#3981 = ORIENTED_EDGE('',*,*,#3982,.F.);
#3982 = EDGE_CURVE('',#3983,#3960,#3985,.T.);
#3983 = VERTEX_POINT('',#3984);
#3984 = CARTESIAN_POINT('',(-44.9096332306,21.2,2.5));
#3985 = SURFACE_CURVE('',#3986,(#3991,#3998),.PCURVE_S1.);
#3986 = CIRCLE('',#3987,3.6);
#3987 = AXIS2_PLACEMENT_3D('',#3988,#3989,#3990);
#3988 = CARTESIAN_POINT('',(-47.5,21.2,0.));
#3989 = DIRECTION('',(0.,1.,0.));
#3990 = DIRECTION('',(0.,-0.,1.));
#3991 = PCURVE('',#3922,#3992);
#3992 = DEFINITIONAL_REPRESENTATION('',(#3993),#3997);
#3993 = CIRCLE('',#3994,3.6);
#3994 = AXIS2_PLACEMENT_2D('',#3995,#3996);
#3995 = CARTESIAN_POINT('',(5.,32.9));
#3996 = DIRECTION('',(1.,0.));
#3997 = ( GEOMETRIC_REPRESENTATION_CONTEXT(2) 
PARAMETRIC_REPRESENTATION_CONTEXT() REPRESENTATION_CONTEXT('2D SPACE',''
  ) );
#3998 = PCURVE('',#3999,#4004);
#3999 = CYLINDRICAL_SURFACE('',#4000,3.6);
#4000 = AXIS2_PLACEMENT_3D('',#4001,#4002,#4003);
#4001 = CARTESIAN_POINT('',(-47.5,16.4,0.));
#4002 = DIRECTION('',(0.,1.,0.));
#4003 = DIRECTION('',(0.,-0.,1.));
#4004 = DEFINITIONAL_REPRESENTATION('',(#4005),#4009);
#4005 = LINE('',#4006,#4007);
#4006 = CARTESIAN_POINT('',(0.,4.8));
#4007 = VECTOR('',#4008,1.);
#4008 = DIRECTION('',(1.,0.));
#4009 = ( GEOMETRIC_REPRESENTATION_CONTEXT(2) 
PARAMETRIC_REPRESENTATION_CONTEXT() REPRESENTATION_CONTEXT('2D SPACE',''
  ) );
#4010 = ORIENTED_EDGE('',*,*,#4011,.T.);
#4011 = EDGE_CURVE('',#3983,#4012,#4014,.T.);
#4012 = VERTEX_POINT('',#4013);
#4013 = CARTESIAN_POINT('',(-20.2,21.2,2.5));
#4014 = SURFACE_CURVE('',#4015,(#4019,#4026),.PCURVE_S1.);
#4015 = LINE('',#4016,#4017);
#4016 = CARTESIAN_POINT('',(-80.4,21.2,2.5));
#4017 = VECTOR('',#4018,1.);
#4018 = DIRECTION('',(1.,0.,0.));
#4019 = PCURVE('',#3922,#4020);
#4020 = DEFINITIONAL_REPRESENTATION('',(#4021),#4025);
#4021 = LINE('',#4022,#4023);
#4022 = CARTESIAN_POINT('',(7.5,0.));
#4023 = VECTOR('',#4024,1.);
#4024 = DIRECTION('',(0.,1.));
#4025 = ( GEOMETRIC_REPRESENTATION_CONTEXT(2) 
PARAMETRIC_REPRESENTATION_CONTEXT() REPRESENTATION_CONTEXT('2D SPACE',''
  ) );
#4026 = PCURVE('',#1111,#4027);
#4027 = DEFINITIONAL_REPRESENTATION('',(#4028),#4032);
#4028 = LINE('',#4029,#4030);
#4029 = CARTESIAN_POINT('',(-0.,0.));
#4030 = VECTOR('',#4031,1.);
#4031 = DIRECTION('',(-0.,1.));
#4032 = ( GEOMETRIC_REPRESENTATION_CONTEXT(2) 
PARAMETRIC_REPRESENTATION_CONTEXT() REPRESENTATION_CONTEXT('2D SPACE',''
  ) );
#4033 = ORIENTED_EDGE('',*,*,#4034,.F.);
#4034 = EDGE_CURVE('',#3759,#4012,#4035,.T.);
#4035 = SURFACE_CURVE('',#4036,(#4040,#4046),.PCURVE_S1.);
#4036 = LINE('',#4037,#4038);
#4037 = CARTESIAN_POINT('',(-20.2,21.2,-5.));
#4038 = VECTOR('',#4039,1.);
#4039 = DIRECTION('',(0.,0.,1.));
#4040 = PCURVE('',#3922,#4041);
#4041 = DEFINITIONAL_REPRESENTATION('',(#4042),#4045);
#4042 = B_SPLINE_CURVE_WITH_KNOTS('',1,(#4043,#4044),.UNSPECIFIED.,.F.,
  .F.,(2,2),(1.,7.5),.PIECEWISE_BEZIER_KNOTS.);
#4043 = CARTESIAN_POINT('',(1.,60.2));
#4044 = CARTESIAN_POINT('',(7.5,60.2));
#4045 = ( GEOMETRIC_REPRESENTATION_CONTEXT(2) 
PARAMETRIC_REPRESENTATION_CONTEXT() REPRESENTATION_CONTEXT('2D SPACE',''
  ) );
#4046 = PCURVE('',#1194,#4047);
#4047 = DEFINITIONAL_REPRESENTATION('',(#4048),#4051);
#4048 = B_SPLINE_CURVE_WITH_KNOTS('',1,(#4049,#4050),.UNSPECIFIED.,.F.,
  .F.,(2,2),(1.,7.5),.PIECEWISE_BEZIER_KNOTS.);
#4049 = CARTESIAN_POINT('',(1.,-50.2));
#4050 = CARTESIAN_POINT('',(7.5,-50.2));
#4051 = ( GEOMETRIC_REPRESENTATION_CONTEXT(2) 
PARAMETRIC_REPRESENTATION_CONTEXT() REPRESENTATION_CONTEXT('2D SPACE',''
  ) );
#4052 = ADVANCED_FACE('',(#4053),#3999,.T.);
#4053 = FACE_BOUND('',#4054,.T.);
#4054 = EDGE_LOOP('',(#4055,#4086,#4112,#4141,#4162,#4186,#4246,#4247));
#4055 = ORIENTED_EDGE('',*,*,#4056,.F.);
#4056 = EDGE_CURVE('',#4057,#4059,#4061,.T.);
#4057 = VERTEX_POINT('',#4058);
#4058 = CARTESIAN_POINT('',(-46.65738502268,21.7,3.5));
#4059 = VERTEX_POINT('',#4060);
#4060 = CARTESIAN_POINT('',(-46.22333521193,21.7,3.366025403784));
#4061 = SURFACE_CURVE('',#4062,(#4067,#4074),.PCURVE_S1.);
#4062 = CIRCLE('',#4063,3.6);
#4063 = AXIS2_PLACEMENT_3D('',#4064,#4065,#4066);
#4064 = CARTESIAN_POINT('',(-47.5,21.7,0.));
#4065 = DIRECTION('',(0.,1.,0.));
#4066 = DIRECTION('',(0.,-0.,1.));
#4067 = PCURVE('',#3999,#4068);
#4068 = DEFINITIONAL_REPRESENTATION('',(#4069),#4073);
#4069 = LINE('',#4070,#4071);
#4070 = CARTESIAN_POINT('',(0.,5.3));
#4071 = VECTOR('',#4072,1.);
#4072 = DIRECTION('',(1.,0.));
#4073 = ( GEOMETRIC_REPRESENTATION_CONTEXT(2) 
PARAMETRIC_REPRESENTATION_CONTEXT() REPRESENTATION_CONTEXT('2D SPACE',''
  ) );
#4074 = PCURVE('',#4075,#4080);
#4075 = PLANE('',#4076);
#4076 = AXIS2_PLACEMENT_3D('',#4077,#4078,#4079);
#4077 = CARTESIAN_POINT('',(-47.5,21.7,0.));
#4078 = DIRECTION('',(0.,1.,0.));
#4079 = DIRECTION('',(0.,-0.,1.));
#4080 = DEFINITIONAL_REPRESENTATION('',(#4081),#4085);
#4081 = CIRCLE('',#4082,3.6);
#4082 = AXIS2_PLACEMENT_2D('',#4083,#4084);
#4083 = CARTESIAN_POINT('',(0.,0.));
#4084 = DIRECTION('',(1.,0.));
#4085 = ( GEOMETRIC_REPRESENTATION_CONTEXT(2) 
PARAMETRIC_REPRESENTATION_CONTEXT() REPRESENTATION_CONTEXT('2D SPACE',''
  ) );
#4086 = ORIENTED_EDGE('',*,*,#4087,.F.);
#4087 = EDGE_CURVE('',#4088,#4057,#4090,.T.);
#4088 = VERTEX_POINT('',#4089);
#4089 = CARTESIAN_POINT('',(-46.65738502268,16.4,3.5));
#4090 = SURFACE_CURVE('',#4091,(#4095,#4101),.PCURVE_S1.);
#4091 = LINE('',#4092,#4093);
#4092 = CARTESIAN_POINT('',(-46.65738502268,16.4,3.5));
#4093 = VECTOR('',#4094,1.);
#4094 = DIRECTION('',(0.,1.,0.));
#4095 = PCURVE('',#3999,#4096);
#4096 = DEFINITIONAL_REPRESENTATION('',(#4097),#4100);
#4097 = B_SPLINE_CURVE_WITH_KNOTS('',1,(#4098,#4099),.UNSPECIFIED.,.F.,
  .F.,(2,2),(-5.999999999062E-07,5.3000006),.PIECEWISE_BEZIER_KNOTS.);
#4098 = CARTESIAN_POINT('',(0.236251305985,-5.999999999062E-07));
#4099 = CARTESIAN_POINT('',(0.236251305985,5.3000006));
#4100 = ( GEOMETRIC_REPRESENTATION_CONTEXT(2) 
PARAMETRIC_REPRESENTATION_CONTEXT() REPRESENTATION_CONTEXT('2D SPACE',''
  ) );
#4101 = PCURVE('',#4102,#4107);
#4102 = PLANE('',#4103);
#4103 = AXIS2_PLACEMENT_3D('',#4104,#4105,#4106);
#4104 = CARTESIAN_POINT('',(-52.5,0.,3.5));
#4105 = DIRECTION('',(0.,0.,1.));
#4106 = DIRECTION('',(1.,0.,-0.));
#4107 = DEFINITIONAL_REPRESENTATION('',(#4108),#4111);
#4108 = B_SPLINE_CURVE_WITH_KNOTS('',1,(#4109,#4110),.UNSPECIFIED.,.F.,
  .F.,(2,2),(-5.999999999062E-07,5.3000006),.PIECEWISE_BEZIER_KNOTS.);
#4109 = CARTESIAN_POINT('',(5.842614977318,16.3999994));
#4110 = CARTESIAN_POINT('',(5.842614977318,21.7000006));
#4111 = ( GEOMETRIC_REPRESENTATION_CONTEXT(2) 
PARAMETRIC_REPRESENTATION_CONTEXT() REPRESENTATION_CONTEXT('2D SPACE',''
  ) );
#4112 = ORIENTED_EDGE('',*,*,#4113,.T.);
#4113 = EDGE_CURVE('',#4088,#4114,#4116,.T.);
#4114 = VERTEX_POINT('',#4115);
#4115 = CARTESIAN_POINT('',(-48.34261497731,16.4,3.5));
#4116 = SURFACE_CURVE('',#4117,(#4122,#4129),.PCURVE_S1.);
#4117 = CIRCLE('',#4118,3.6);
#4118 = AXIS2_PLACEMENT_3D('',#4119,#4120,#4121);
#4119 = CARTESIAN_POINT('',(-47.5,16.4,0.));
#4120 = DIRECTION('',(0.,1.,0.));
#4121 = DIRECTION('',(0.,-0.,1.));
#4122 = PCURVE('',#3999,#4123);
#4123 = DEFINITIONAL_REPRESENTATION('',(#4124),#4128);
#4124 = LINE('',#4125,#4126);
#4125 = CARTESIAN_POINT('',(0.,0.));
#4126 = VECTOR('',#4127,1.);
#4127 = DIRECTION('',(1.,0.));
#4128 = ( GEOMETRIC_REPRESENTATION_CONTEXT(2) 
PARAMETRIC_REPRESENTATION_CONTEXT() REPRESENTATION_CONTEXT('2D SPACE',''
  ) );
#4129 = PCURVE('',#4130,#4135);
#4130 = PLANE('',#4131);
#4131 = AXIS2_PLACEMENT_3D('',#4132,#4133,#4134);
#4132 = CARTESIAN_POINT('',(-47.5,16.4,0.));
#4133 = DIRECTION('',(0.,1.,0.));
#4134 = DIRECTION('',(0.,-0.,1.));
#4135 = DEFINITIONAL_REPRESENTATION('',(#4136),#4140);
#4136 = CIRCLE('',#4137,3.6);
#4137 = AXIS2_PLACEMENT_2D('',#4138,#4139);
#4138 = CARTESIAN_POINT('',(0.,0.));
#4139 = DIRECTION('',(1.,0.));
#4140 = ( GEOMETRIC_REPRESENTATION_CONTEXT(2) 
PARAMETRIC_REPRESENTATION_CONTEXT() REPRESENTATION_CONTEXT('2D SPACE',''
  ) );
#4141 = ORIENTED_EDGE('',*,*,#4142,.T.);
#4142 = EDGE_CURVE('',#4114,#4143,#4145,.T.);
#4143 = VERTEX_POINT('',#4144);
#4144 = CARTESIAN_POINT('',(-48.34261497731,21.7,3.5));
#4145 = SURFACE_CURVE('',#4146,(#4150,#4156),.PCURVE_S1.);
#4146 = LINE('',#4147,#4148);
#4147 = CARTESIAN_POINT('',(-48.34261497731,16.4,3.5));
#4148 = VECTOR('',#4149,1.);
#4149 = DIRECTION('',(0.,1.,0.));
#4150 = PCURVE('',#3999,#4151);
#4151 = DEFINITIONAL_REPRESENTATION('',(#4152),#4155);
#4152 = B_SPLINE_CURVE_WITH_KNOTS('',1,(#4153,#4154),.UNSPECIFIED.,.F.,
  .F.,(2,2),(-5.999999999062E-07,5.3000006),.PIECEWISE_BEZIER_KNOTS.);
#4153 = CARTESIAN_POINT('',(6.046934001195,-5.999999999062E-07));
#4154 = CARTESIAN_POINT('',(6.046934001195,5.3000006));
#4155 = ( GEOMETRIC_REPRESENTATION_CONTEXT(2) 
PARAMETRIC_REPRESENTATION_CONTEXT() REPRESENTATION_CONTEXT('2D SPACE',''
  ) );
#4156 = PCURVE('',#4102,#4157);
#4157 = DEFINITIONAL_REPRESENTATION('',(#4158),#4161);
#4158 = B_SPLINE_CURVE_WITH_KNOTS('',1,(#4159,#4160),.UNSPECIFIED.,.F.,
  .F.,(2,2),(-5.999999999062E-07,5.3000006),.PIECEWISE_BEZIER_KNOTS.);
#4159 = CARTESIAN_POINT('',(4.157385022682,16.3999994));
#4160 = CARTESIAN_POINT('',(4.157385022682,21.7000006));
#4161 = ( GEOMETRIC_REPRESENTATION_CONTEXT(2) 
PARAMETRIC_REPRESENTATION_CONTEXT() REPRESENTATION_CONTEXT('2D SPACE',''
  ) );
#4162 = ORIENTED_EDGE('',*,*,#4163,.F.);
#4163 = EDGE_CURVE('',#4164,#4143,#4166,.T.);
#4164 = VERTEX_POINT('',#4165);
#4165 = CARTESIAN_POINT('',(-48.77666478806,21.7,3.366025403784));
#4166 = SURFACE_CURVE('',#4167,(#4172,#4179),.PCURVE_S1.);
#4167 = CIRCLE('',#4168,3.6);
#4168 = AXIS2_PLACEMENT_3D('',#4169,#4170,#4171);
#4169 = CARTESIAN_POINT('',(-47.5,21.7,0.));
#4170 = DIRECTION('',(0.,1.,0.));
#4171 = DIRECTION('',(0.,-0.,1.));
#4172 = PCURVE('',#3999,#4173);
#4173 = DEFINITIONAL_REPRESENTATION('',(#4174),#4178);
#4174 = LINE('',#4175,#4176);
#4175 = CARTESIAN_POINT('',(0.,5.3));
#4176 = VECTOR('',#4177,1.);
#4177 = DIRECTION('',(1.,0.));
#4178 = ( GEOMETRIC_REPRESENTATION_CONTEXT(2) 
PARAMETRIC_REPRESENTATION_CONTEXT() REPRESENTATION_CONTEXT('2D SPACE',''
  ) );
#4179 = PCURVE('',#4075,#4180);
#4180 = DEFINITIONAL_REPRESENTATION('',(#4181),#4185);
#4181 = CIRCLE('',#4182,3.6);
#4182 = AXIS2_PLACEMENT_2D('',#4183,#4184);
#4183 = CARTESIAN_POINT('',(0.,0.));
#4184 = DIRECTION('',(1.,0.));
#4185 = ( GEOMETRIC_REPRESENTATION_CONTEXT(2) 
PARAMETRIC_REPRESENTATION_CONTEXT() REPRESENTATION_CONTEXT('2D SPACE',''
  ) );
#4186 = ORIENTED_EDGE('',*,*,#4187,.F.);
#4187 = EDGE_CURVE('',#3960,#4164,#4188,.T.);
#4188 = SURFACE_CURVE('',#4189,(#4206,#4226),.PCURVE_S1.);
#4189 = B_SPLINE_CURVE_WITH_KNOTS('',8,(#4190,#4191,#4192,#4193,#4194,
    #4195,#4196,#4197,#4198,#4199,#4200,#4201,#4202,#4203,#4204,#4205),
  .UNSPECIFIED.,.F.,.F.,(9,7,9),(0.,0.79371790821,1.),.UNSPECIFIED.);
#4190 = CARTESIAN_POINT('',(-50.09036676939,21.2,2.5));
#4191 = CARTESIAN_POINT('',(-49.97124402999,21.2,2.623428634253));
#4192 = CARTESIAN_POINT('',(-49.84617872406,21.217411653179,
    2.739563377493));
#4193 = CARTESIAN_POINT('',(-49.71687013247,21.248629201183,
    2.846950610069));
#4194 = CARTESIAN_POINT('',(-49.58475278689,21.290914879836,
    2.945193624805));
#4195 = CARTESIAN_POINT('',(-49.45099461974,21.342171682421,
    3.034287945563));
#4196 = CARTESIAN_POINT('',(-49.31654692236,21.400963232893,
    3.114534699251));
#4197 = CARTESIAN_POINT('',(-49.18210031322,21.466363249721,
    3.186257259112));
#4198 = CARTESIAN_POINT('',(-49.01458113284,21.556815127484,
    3.26611535205));
#4199 = CARTESIAN_POINT('',(-48.98014828514,21.575892856361,
    3.282014457324));
#4200 = CARTESIAN_POINT('',(-48.94582481664,21.595407318299,
    3.297362878996));
#4201 = CARTESIAN_POINT('',(-48.91161430502,21.615373724034,
    3.312173532122));
#4202 = CARTESIAN_POINT('',(-48.87753924235,21.635805271524,
    3.326450520847));
#4203 = CARTESIAN_POINT('',(-48.84364239177,21.656713529167,
    3.340190918013));
#4204 = CARTESIAN_POINT('',(-48.80998814413,21.678108819016,
    3.353386544773));
#4205 = CARTESIAN_POINT('',(-48.77666387472,21.7000006,3.366025750194));
#4206 = PCURVE('',#3999,#4207);
#4207 = DEFINITIONAL_REPRESENTATION('',(#4208),#4225);
#4208 = B_SPLINE_CURVE_WITH_KNOTS('',8,(#4209,#4210,#4211,#4212,#4213,
    #4214,#4215,#4216,#4217,#4218,#4219,#4220,#4221,#4222,#4223,#4224),
  .UNSPECIFIED.,.F.,.F.,(9,7,9),(0.,0.79371790821,1.),.UNSPECIFIED.);
#4209 = CARTESIAN_POINT('',(5.480036501793,4.8));
#4210 = CARTESIAN_POINT('',(5.527685597555,4.8));
#4211 = CARTESIAN_POINT('',(5.575023109301,4.817411653179));
#4212 = CARTESIAN_POINT('',(5.62159595132,4.848629201183));
#4213 = CARTESIAN_POINT('',(5.667202451366,4.890914879836));
#4214 = CARTESIAN_POINT('',(5.711732972122,4.942171682421));
#4215 = CARTESIAN_POINT('',(5.755141578868,5.000963232893));
#4216 = CARTESIAN_POINT('',(5.797426379694,5.066363249721));
#4217 = CARTESIAN_POINT('',(5.848976420408,5.156815127484));
#4218 = CARTESIAN_POINT('',(5.859510716156,5.175892856361));
#4219 = CARTESIAN_POINT('',(5.869953568819,5.195407318299));
#4220 = CARTESIAN_POINT('',(5.880307341975,5.215373724034));
#4221 = CARTESIAN_POINT('',(5.890568481327,5.235805271524));
#4222 = CARTESIAN_POINT('',(5.900727344643,5.256713529167));
#4223 = CARTESIAN_POINT('',(5.910768031709,5.278108819016));
#4224 = CARTESIAN_POINT('',(5.920668214264,5.3000006));
#4225 = ( GEOMETRIC_REPRESENTATION_CONTEXT(2) 
PARAMETRIC_REPRESENTATION_CONTEXT() REPRESENTATION_CONTEXT('2D SPACE',''
  ) );
#4226 = PCURVE('',#1111,#4227);
#4227 = DEFINITIONAL_REPRESENTATION('',(#4228),#4245);
#4228 = B_SPLINE_CURVE_WITH_KNOTS('',8,(#4229,#4230,#4231,#4232,#4233,
    #4234,#4235,#4236,#4237,#4238,#4239,#4240,#4241,#4242,#4243,#4244),
  .UNSPECIFIED.,.F.,.F.,(9,7,9),(0.,0.79371790821,1.),.UNSPECIFIED.);
#4229 = CARTESIAN_POINT('',(0.,30.309633230602));
#4230 = CARTESIAN_POINT('',(-0.123428634253,30.428755970007));
#4231 = CARTESIAN_POINT('',(-0.23956401685,30.553821275932));
#4232 = CARTESIAN_POINT('',(-0.34981325695,30.683129867522));
#4233 = CARTESIAN_POINT('',(-0.455239058205,30.815247213103));
#4234 = CARTESIAN_POINT('',(-0.556734195505,30.949005380258));
#4235 = CARTESIAN_POINT('',(-0.655255165959,31.083453077632));
#4236 = CARTESIAN_POINT('',(-0.751751012987,31.217899686779));
#4237 = CARTESIAN_POINT('',(-0.872411102488,31.385418867154));
#4238 = CARTESIAN_POINT('',(-0.897235332756,31.419851714855));
#4239 = CARTESIAN_POINT('',(-0.922045880197,31.454175183355));
#4240 = CARTESIAN_POINT('',(-0.946885822249,31.488385694975));
#4241 = CARTESIAN_POINT('',(-0.97179122976,31.522460757643));
#4242 = CARTESIAN_POINT('',(-0.996793185527,31.556357608228));
#4243 = CARTESIAN_POINT('',(-1.02191980284,31.590011855862));
#4244 = CARTESIAN_POINT('',(-1.047198244017,31.623336125275));
#4245 = ( GEOMETRIC_REPRESENTATION_CONTEXT(2) 
PARAMETRIC_REPRESENTATION_CONTEXT() REPRESENTATION_CONTEXT('2D SPACE',''
  ) );
#4246 = ORIENTED_EDGE('',*,*,#3982,.F.);
#4247 = ORIENTED_EDGE('',*,*,#4248,.F.);
#4248 = EDGE_CURVE('',#4059,#3983,#4249,.T.);
#4249 = SURFACE_CURVE('',#4250,(#4267,#4287),.PCURVE_S1.);
#4250 = B_SPLINE_CURVE_WITH_KNOTS('',8,(#4251,#4252,#4253,#4254,#4255,
    #4256,#4257,#4258,#4259,#4260,#4261,#4262,#4263,#4264,#4265,#4266),
  .UNSPECIFIED.,.F.,.F.,(9,7,9),(0.,0.207981996491,1.),.UNSPECIFIED.);
#4251 = CARTESIAN_POINT('',(-46.22333612527,21.7000006,3.366025750194));
#4252 = CARTESIAN_POINT('',(-46.18973887691,21.67792949039,
    3.353283009508));
#4253 = CARTESIAN_POINT('',(-46.15580580668,21.656362757302,
    3.339974537004));
#4254 = CARTESIAN_POINT('',(-46.12162646866,21.6352907705,3.326112257887
    ));
#4255 = CARTESIAN_POINT('',(-46.08726679498,21.614703050919,
    3.311704557751));
#4256 = CARTESIAN_POINT('',(-46.05277050338,21.59458787247,
    3.296754441641));
#4257 = CARTESIAN_POINT('',(-46.01816050471,21.574931863854,
    3.28125769311));
#4258 = CARTESIAN_POINT('',(-45.98344031047,21.555719610376,
    3.265201033283));
#4259 = CARTESIAN_POINT('',(-45.81590239506,21.465392779492,
    3.185190485998));
#4260 = CARTESIAN_POINT('',(-45.68174189991,21.400215310104,
    3.113512745798));
#4261 = CARTESIAN_POINT('',(-45.54758292404,21.341626602314,
    3.033340724605));
#4262 = CARTESIAN_POINT('',(-45.41411921132,21.290553388304,
    2.944355188252));
#4263 = CARTESIAN_POINT('',(-45.28229838416,21.248428164816,
    2.846260531907));
#4264 = CARTESIAN_POINT('',(-45.15328286279,21.217336484051,
    2.739063530759));
#4265 = CARTESIAN_POINT('',(-45.02849871344,21.2,2.623162078708));
#4266 = CARTESIAN_POINT('',(-44.9096332306,21.2,2.5));
#4267 = PCURVE('',#3999,#4268);
#4268 = DEFINITIONAL_REPRESENTATION('',(#4269),#4286);
#4269 = B_SPLINE_CURVE_WITH_KNOTS('',8,(#4270,#4271,#4272,#4273,#4274,
    #4275,#4276,#4277,#4278,#4279,#4280,#4281,#4282,#4283,#4284,#4285),
  .UNSPECIFIED.,.F.,.F.,(9,7,9),(0.,0.207981996491,1.),.UNSPECIFIED.);
#4270 = CARTESIAN_POINT('',(0.362517092915,5.3000006));
#4271 = CARTESIAN_POINT('',(0.372498373766,5.27792949039));
#4272 = CARTESIAN_POINT('',(0.382622593539,5.256362757302));
#4273 = CARTESIAN_POINT('',(0.392866869222,5.2352907705));
#4274 = CARTESIAN_POINT('',(0.403214921454,5.214703050919));
#4275 = CARTESIAN_POINT('',(0.413656897726,5.19458787247));
#4276 = CARTESIAN_POINT('',(0.424189195606,5.174931863854));
#4277 = CARTESIAN_POINT('',(0.43481428594,5.155719610376));
#4278 = CARTESIAN_POINT('',(0.486387260112,5.065392779492));
#4279 = CARTESIAN_POINT('',(0.528596303343,5.000215310104));
#4280 = CARTESIAN_POINT('',(0.571925875483,4.941626602314));
#4281 = CARTESIAN_POINT('',(0.616372172662,4.890553388304));
#4282 = CARTESIAN_POINT('',(0.661888756113,4.848428164817));
#4283 = CARTESIAN_POINT('',(0.708365961231,4.817336484051));
#4284 = CARTESIAN_POINT('',(0.755602612252,4.8));
#4285 = CARTESIAN_POINT('',(0.803148805387,4.8));
#4286 = ( GEOMETRIC_REPRESENTATION_CONTEXT(2) 
PARAMETRIC_REPRESENTATION_CONTEXT() REPRESENTATION_CONTEXT('2D SPACE',''
  ) );
#4287 = PCURVE('',#1111,#4288);
#4288 = DEFINITIONAL_REPRESENTATION('',(#4289),#4306);
#4289 = B_SPLINE_CURVE_WITH_KNOTS('',8,(#4290,#4291,#4292,#4293,#4294,
    #4295,#4296,#4297,#4298,#4299,#4300,#4301,#4302,#4303,#4304,#4305),
  .UNSPECIFIED.,.F.,.F.,(9,7,9),(0.,0.207981996491,1.),.UNSPECIFIED.);
#4290 = CARTESIAN_POINT('',(-1.047198244017,34.176663874725));
#4291 = CARTESIAN_POINT('',(-1.021712732062,34.21026112309));
#4292 = CARTESIAN_POINT('',(-0.996381220332,34.244194193318));
#4293 = CARTESIAN_POINT('',(-0.971175917584,34.278373531338));
#4294 = CARTESIAN_POINT('',(-0.946068110832,34.312733205012));
#4295 = CARTESIAN_POINT('',(-0.921026072159,34.347229496611));
#4296 = CARTESIAN_POINT('',(-0.896012965532,34.381839495282));
#4297 = CARTESIAN_POINT('',(-0.870984753616,34.416559689525));
#4298 = CARTESIAN_POINT('',(-0.750317342711,34.584097604936));
#4299 = CARTESIAN_POINT('',(-0.654000814484,34.718258100086));
#4300 = CARTESIAN_POINT('',(-0.555655018116,34.852417075957));
#4301 = CARTESIAN_POINT('',(-0.454338954985,34.985880788674));
#4302 = CARTESIAN_POINT('',(-0.349104766785,35.117701615831));
#4303 = CARTESIAN_POINT('',(-0.239064131302,35.246717137203));
#4304 = CARTESIAN_POINT('',(-0.123162078708,35.37150128656));
#4305 = CARTESIAN_POINT('',(0.,35.490366769398));
#4306 = ( GEOMETRIC_REPRESENTATION_CONTEXT(2) 
PARAMETRIC_REPRESENTATION_CONTEXT() REPRESENTATION_CONTEXT('2D SPACE',''
  ) );
#4307 = ADVANCED_FACE('',(#4308,#4330),#4130,.F.);
#4308 = FACE_BOUND('',#4309,.F.);
#4309 = EDGE_LOOP('',(#4310,#4329));
#4310 = ORIENTED_EDGE('',*,*,#4311,.T.);
#4311 = EDGE_CURVE('',#4114,#4088,#4312,.T.);
#4312 = SURFACE_CURVE('',#4313,(#4317,#4323),.PCURVE_S1.);
#4313 = LINE('',#4314,#4315);
#4314 = CARTESIAN_POINT('',(-50.,16.4,3.5));
#4315 = VECTOR('',#4316,1.);
#4316 = DIRECTION('',(1.,0.,0.));
#4317 = PCURVE('',#4130,#4318);
#4318 = DEFINITIONAL_REPRESENTATION('',(#4319),#4322);
#4319 = B_SPLINE_CURVE_WITH_KNOTS('',1,(#4320,#4321),.UNSPECIFIED.,.F.,
  .F.,(2,2),(-1.1,6.1),.PIECEWISE_BEZIER_KNOTS.);
#4320 = CARTESIAN_POINT('',(3.5,-3.6));
#4321 = CARTESIAN_POINT('',(3.5,3.6));
#4322 = ( GEOMETRIC_REPRESENTATION_CONTEXT(2) 
PARAMETRIC_REPRESENTATION_CONTEXT() REPRESENTATION_CONTEXT('2D SPACE',''
  ) );
#4323 = PCURVE('',#4102,#4324);
#4324 = DEFINITIONAL_REPRESENTATION('',(#4325),#4328);
#4325 = B_SPLINE_CURVE_WITH_KNOTS('',1,(#4326,#4327),.UNSPECIFIED.,.F.,
  .F.,(2,2),(-1.1,6.1),.PIECEWISE_BEZIER_KNOTS.);
#4326 = CARTESIAN_POINT('',(1.4,16.4));
#4327 = CARTESIAN_POINT('',(8.6,16.4));
#4328 = ( GEOMETRIC_REPRESENTATION_CONTEXT(2) 
PARAMETRIC_REPRESENTATION_CONTEXT() REPRESENTATION_CONTEXT('2D SPACE',''
  ) );
#4329 = ORIENTED_EDGE('',*,*,#4113,.T.);
#4330 = FACE_BOUND('',#4331,.F.);
#4331 = EDGE_LOOP('',(#4332));
#4332 = ORIENTED_EDGE('',*,*,#4333,.T.);
#4333 = EDGE_CURVE('',#4334,#4334,#4336,.T.);
#4334 = VERTEX_POINT('',#4335);
#4335 = CARTESIAN_POINT('',(-47.5,16.4,-1.85));
#4336 = SURFACE_CURVE('',#4337,(#4342,#4353),.PCURVE_S1.);
#4337 = CIRCLE('',#4338,1.85);
#4338 = AXIS2_PLACEMENT_3D('',#4339,#4340,#4341);
#4339 = CARTESIAN_POINT('',(-47.5,16.4,0.));
#4340 = DIRECTION('',(0.,-1.,0.));
#4341 = DIRECTION('',(0.,-0.,-1.));
#4342 = PCURVE('',#4130,#4343);
#4343 = DEFINITIONAL_REPRESENTATION('',(#4344),#4352);
#4344 = ( BOUNDED_CURVE() B_SPLINE_CURVE(2,(#4345,#4346,#4347,#4348,
#4349,#4350,#4351),.UNSPECIFIED.,.T.,.F.) B_SPLINE_CURVE_WITH_KNOTS((1,2
    ,2,2,2,1),(-2.094395102393,0.,2.094395102393,4.188790204786,
6.28318530718,8.377580409573),.UNSPECIFIED.) CURVE() 
GEOMETRIC_REPRESENTATION_ITEM() RATIONAL_B_SPLINE_CURVE((1.,0.5,1.,0.5,
1.,0.5,1.)) REPRESENTATION_ITEM('') );
#4345 = CARTESIAN_POINT('',(-1.85,0.));
#4346 = CARTESIAN_POINT('',(-1.85,3.204293994002));
#4347 = CARTESIAN_POINT('',(0.925,1.602146997001));
#4348 = CARTESIAN_POINT('',(3.7,4.531193156845E-16));
#4349 = CARTESIAN_POINT('',(0.925,-1.602146997001));
#4350 = CARTESIAN_POINT('',(-1.85,-3.204293994002));
#4351 = CARTESIAN_POINT('',(-1.85,0.));
#4352 = ( GEOMETRIC_REPRESENTATION_CONTEXT(2) 
PARAMETRIC_REPRESENTATION_CONTEXT() REPRESENTATION_CONTEXT('2D SPACE',''
  ) );
#4353 = PCURVE('',#4354,#4359);
#4354 = CYLINDRICAL_SURFACE('',#4355,1.85);
#4355 = AXIS2_PLACEMENT_3D('',#4356,#4357,#4358);
#4356 = CARTESIAN_POINT('',(-47.5,25.9,0.));
#4357 = DIRECTION('',(0.,-1.,0.));
#4358 = DIRECTION('',(0.,-0.,-1.));
#4359 = DEFINITIONAL_REPRESENTATION('',(#4360),#4364);
#4360 = LINE('',#4361,#4362);
#4361 = CARTESIAN_POINT('',(0.,9.5));
#4362 = VECTOR('',#4363,1.);
#4363 = DIRECTION('',(1.,0.));
#4364 = ( GEOMETRIC_REPRESENTATION_CONTEXT(2) 
PARAMETRIC_REPRESENTATION_CONTEXT() REPRESENTATION_CONTEXT('2D SPACE',''
  ) );
#4365 = ADVANCED_FACE('',(#4366),#4354,.F.);
#4366 = FACE_BOUND('',#4367,.F.);
#4367 = EDGE_LOOP('',(#4368,#4397,#4418,#4419));
#4368 = ORIENTED_EDGE('',*,*,#4369,.T.);
#4369 = EDGE_CURVE('',#4370,#4370,#4372,.T.);
#4370 = VERTEX_POINT('',#4371);
#4371 = CARTESIAN_POINT('',(-47.5,23.25,-1.85));
#4372 = SURFACE_CURVE('',#4373,(#4378,#4385),.PCURVE_S1.);
#4373 = CIRCLE('',#4374,1.85);
#4374 = AXIS2_PLACEMENT_3D('',#4375,#4376,#4377);
#4375 = CARTESIAN_POINT('',(-47.5,23.25,0.));
#4376 = DIRECTION('',(0.,-1.,0.));
#4377 = DIRECTION('',(0.,-0.,-1.));
#4378 = PCURVE('',#4354,#4379);
#4379 = DEFINITIONAL_REPRESENTATION('',(#4380),#4384);
#4380 = LINE('',#4381,#4382);
#4381 = CARTESIAN_POINT('',(0.,2.65));
#4382 = VECTOR('',#4383,1.);
#4383 = DIRECTION('',(1.,0.));
#4384 = ( GEOMETRIC_REPRESENTATION_CONTEXT(2) 
PARAMETRIC_REPRESENTATION_CONTEXT() REPRESENTATION_CONTEXT('2D SPACE',''
  ) );
#4385 = PCURVE('',#4386,#4391);
#4386 = CONICAL_SURFACE('',#4387,4.3,0.785398163397);
#4387 = AXIS2_PLACEMENT_3D('',#4388,#4389,#4390);
#4388 = CARTESIAN_POINT('',(-47.5,25.7,0.));
#4389 = DIRECTION('',(-0.,1.,-0.));
#4390 = DIRECTION('',(0.,-0.,-1.));
#4391 = DEFINITIONAL_REPRESENTATION('',(#4392),#4396);
#4392 = LINE('',#4393,#4394);
#4393 = CARTESIAN_POINT('',(-0.,-2.45));
#4394 = VECTOR('',#4395,1.);
#4395 = DIRECTION('',(-1.,-0.));
#4396 = ( GEOMETRIC_REPRESENTATION_CONTEXT(2) 
PARAMETRIC_REPRESENTATION_CONTEXT() REPRESENTATION_CONTEXT('2D SPACE',''
  ) );
#4397 = ORIENTED_EDGE('',*,*,#4398,.T.);
#4398 = EDGE_CURVE('',#4370,#4334,#4399,.T.);
#4399 = SEAM_CURVE('',#4400,(#4404,#4411),.PCURVE_S1.);
#4400 = LINE('',#4401,#4402);
#4401 = CARTESIAN_POINT('',(-47.5,25.9,-1.85));
#4402 = VECTOR('',#4403,1.);
#4403 = DIRECTION('',(0.,-1.,0.));
#4404 = PCURVE('',#4354,#4405);
#4405 = DEFINITIONAL_REPRESENTATION('',(#4406),#4410);
#4406 = LINE('',#4407,#4408);
#4407 = CARTESIAN_POINT('',(0.,-0.));
#4408 = VECTOR('',#4409,1.);
#4409 = DIRECTION('',(0.,1.));
#4410 = ( GEOMETRIC_REPRESENTATION_CONTEXT(2) 
PARAMETRIC_REPRESENTATION_CONTEXT() REPRESENTATION_CONTEXT('2D SPACE',''
  ) );
#4411 = PCURVE('',#4354,#4412);
#4412 = DEFINITIONAL_REPRESENTATION('',(#4413),#4417);
#4413 = LINE('',#4414,#4415);
#4414 = CARTESIAN_POINT('',(6.28318530718,-0.));
#4415 = VECTOR('',#4416,1.);
#4416 = DIRECTION('',(0.,1.));
#4417 = ( GEOMETRIC_REPRESENTATION_CONTEXT(2) 
PARAMETRIC_REPRESENTATION_CONTEXT() REPRESENTATION_CONTEXT('2D SPACE',''
  ) );
#4418 = ORIENTED_EDGE('',*,*,#4333,.F.);
#4419 = ORIENTED_EDGE('',*,*,#4398,.F.);
#4420 = ADVANCED_FACE('',(#4421),#4386,.F.);
#4421 = FACE_BOUND('',#4422,.F.);
#4422 = EDGE_LOOP('',(#4423,#4446,#4447,#4448,#4509,#4542,#4832,#4865));
#4423 = ORIENTED_EDGE('',*,*,#4424,.T.);
#4424 = EDGE_CURVE('',#4425,#4370,#4427,.T.);
#4425 = VERTEX_POINT('',#4426);
#4426 = CARTESIAN_POINT('',(-47.5,25.664410286372,-4.264410286372));
#4427 = SEAM_CURVE('',#4428,(#4432,#4439),.PCURVE_S1.);
#4428 = LINE('',#4429,#4430);
#4429 = CARTESIAN_POINT('',(-47.5,25.7,-4.3));
#4430 = VECTOR('',#4431,1.);
#4431 = DIRECTION('',(1.731912112471E-16,-0.707106781187,0.707106781187)
  );
#4432 = PCURVE('',#4386,#4433);
#4433 = DEFINITIONAL_REPRESENTATION('',(#4434),#4438);
#4434 = LINE('',#4435,#4436);
#4435 = CARTESIAN_POINT('',(-6.28318530718,0.));
#4436 = VECTOR('',#4437,1.);
#4437 = DIRECTION('',(-0.,-1.));
#4438 = ( GEOMETRIC_REPRESENTATION_CONTEXT(2) 
PARAMETRIC_REPRESENTATION_CONTEXT() REPRESENTATION_CONTEXT('2D SPACE',''
  ) );
#4439 = PCURVE('',#4386,#4440);
#4440 = DEFINITIONAL_REPRESENTATION('',(#4441),#4445);
#4441 = LINE('',#4442,#4443);
#4442 = CARTESIAN_POINT('',(0.,-0.));
#4443 = VECTOR('',#4444,1.);
#4444 = DIRECTION('',(-0.,-1.));
#4445 = ( GEOMETRIC_REPRESENTATION_CONTEXT(2) 
PARAMETRIC_REPRESENTATION_CONTEXT() REPRESENTATION_CONTEXT('2D SPACE',''
  ) );
#4446 = ORIENTED_EDGE('',*,*,#4369,.F.);
#4447 = ORIENTED_EDGE('',*,*,#4424,.F.);
#4448 = ORIENTED_EDGE('',*,*,#4449,.F.);
#4449 = EDGE_CURVE('',#4450,#4425,#4452,.T.);
#4450 = VERTEX_POINT('',#4451);
#4451 = CARTESIAN_POINT('',(-45.92202661619,25.7,-4.));
#4452 = SURFACE_CURVE('',#4453,(#4468,#4486),.PCURVE_S1.);
#4453 = B_SPLINE_CURVE_WITH_KNOTS('',7,(#4454,#4455,#4456,#4457,#4458,
    #4459,#4460,#4461,#4462,#4463,#4464,#4465,#4466,#4467),
  .UNSPECIFIED.,.F.,.F.,(8,6,8),(0.,0.447089130872,1.),.UNSPECIFIED.);
#4454 = CARTESIAN_POINT('',(-45.92202656106,25.7,-3.999999978252));
#4455 = CARTESIAN_POINT('',(-46.01768383891,25.700000000821,
    -4.037736140261));
#4456 = CARTESIAN_POINT('',(-46.1149612551,25.69833888645,
    -4.071241570298));
#4457 = CARTESIAN_POINT('',(-46.21342776146,25.695685339794,
    -4.101069858727));
#4458 = CARTESIAN_POINT('',(-46.31279277825,25.692440863829,
    -4.127550941459));
#4459 = CARTESIAN_POINT('',(-46.41284786151,25.688920354828,
    -4.150962251677));
#4460 = CARTESIAN_POINT('',(-46.51347282988,25.685349625821,
    -4.171513440041));
#4461 = CARTESIAN_POINT('',(-46.73971933929,25.677646524268,
    -4.211454762126));
#4462 = CARTESIAN_POINT('',(-46.86554348266,25.67358385768,
    -4.229405252443));
#4463 = CARTESIAN_POINT('',(-46.99191730696,25.670051622769,
    -4.243524393816));
#4464 = CARTESIAN_POINT('',(-47.11868362044,25.667265801836,
    -4.253997178819));
#4465 = CARTESIAN_POINT('',(-47.2457017673,25.665361856183,
    -4.260938425274));
#4466 = CARTESIAN_POINT('',(-47.37284474227,25.664410286372,
    -4.264410286372));
#4467 = CARTESIAN_POINT('',(-47.5,25.664410286372,-4.264410286372));
#4468 = PCURVE('',#4386,#4469);
#4469 = DEFINITIONAL_REPRESENTATION('',(#4470),#4485);
#4470 = B_SPLINE_CURVE_WITH_KNOTS('',7,(#4471,#4472,#4473,#4474,#4475,
    #4476,#4477,#4478,#4479,#4480,#4481,#4482,#4483,#4484),
  .UNSPECIFIED.,.F.,.F.,(8,6,8),(0.,0.447089130872,1.),.UNSPECIFIED.);
#4471 = CARTESIAN_POINT('',(-0.375750280007,9.636735853746E-14));
#4472 = CARTESIAN_POINT('',(-0.351835960339,8.207900471221E-10));
#4473 = CARTESIAN_POINT('',(-0.327932193155,-1.6611135502E-03));
#4474 = CARTESIAN_POINT('',(-0.304023973855,-4.314660205419E-03));
#4475 = CARTESIAN_POINT('',(-0.280110553349,-7.559136170576E-03));
#4476 = CARTESIAN_POINT('',(-0.256188299068,-1.107964517152E-02));
#4477 = CARTESIAN_POINT('',(-0.232248713315,-1.465037417929E-02));
#4478 = CARTESIAN_POINT('',(-0.178624018329,-2.235347573171E-02));
#4479 = CARTESIAN_POINT('',(-0.148938299673,-2.641614231935E-02));
#4480 = CARTESIAN_POINT('',(-0.119206335831,-2.994837723059E-02));
#4481 = CARTESIAN_POINT('',(-8.943356610154E-02,-3.273419816352E-02));
#4482 = CARTESIAN_POINT('',(-5.963273312935E-02,-3.463814381719E-02));
#4483 = CARTESIAN_POINT('',(-2.981778233873E-02,-3.558971362774E-02));
#4484 = CARTESIAN_POINT('',(0.,-3.558971362774E-02));
#4485 = ( GEOMETRIC_REPRESENTATION_CONTEXT(2) 
PARAMETRIC_REPRESENTATION_CONTEXT() REPRESENTATION_CONTEXT('2D SPACE',''
  ) );
#4486 = PCURVE('',#4487,#4492);
#4487 = CYLINDRICAL_SURFACE('',#4488,1.);
#4488 = AXIS2_PLACEMENT_3D('',#4489,#4490,#4491);
#4489 = CARTESIAN_POINT('',(-80.4,24.7,-4.));
#4490 = DIRECTION('',(1.,0.,0.));
#4491 = DIRECTION('',(-0.,1.,0.));
#4492 = DEFINITIONAL_REPRESENTATION('',(#4493),#4508);
#4493 = B_SPLINE_CURVE_WITH_KNOTS('',7,(#4494,#4495,#4496,#4497,#4498,
    #4499,#4500,#4501,#4502,#4503,#4504,#4505,#4506,#4507),
  .UNSPECIFIED.,.F.,.F.,(8,6,8),(0.,0.447089130872,1.),.UNSPECIFIED.);
#4494 = CARTESIAN_POINT('',(2.17482032383E-08,34.477973438936));
#4495 = CARTESIAN_POINT('',(-3.773614026071E-02,34.382316161087));
#4496 = CARTESIAN_POINT('',(-7.124165738125E-02,34.285038744898));
#4497 = CARTESIAN_POINT('',(-0.101157199834,34.186572238532));
#4498 = CARTESIAN_POINT('',(-0.127814773855,34.087207221741));
#4499 = CARTESIAN_POINT('',(-0.151479454795,33.987152138481));
#4500 = CARTESIAN_POINT('',(-0.172334880554,33.886527170114));
#4501 = CARTESIAN_POINT('',(-0.213012232772,33.660280660704));
#4502 = CARTESIAN_POINT('',(-0.231407376173,33.53445651734));
#4503 = CARTESIAN_POINT('',(-0.24595809176,33.408082693032));
#4504 = CARTESIAN_POINT('',(-0.25679508841,33.28131637956));
#4505 = CARTESIAN_POINT('',(-0.263992371734,33.154298232695));
#4506 = CARTESIAN_POINT('',(-0.267592395138,33.027155257722));
#4507 = CARTESIAN_POINT('',(-0.267592395138,32.9));
#4508 = ( GEOMETRIC_REPRESENTATION_CONTEXT(2) 
PARAMETRIC_REPRESENTATION_CONTEXT() REPRESENTATION_CONTEXT('2D SPACE',''
  ) );
#4509 = ORIENTED_EDGE('',*,*,#4510,.T.);
#4510 = EDGE_CURVE('',#4450,#4511,#4513,.T.);
#4511 = VERTEX_POINT('',#4512);
#4512 = CARTESIAN_POINT('',(-44.00142886309,25.7,2.5));
#4513 = SURFACE_CURVE('',#4514,(#4519,#4526),.PCURVE_S1.);
#4514 = CIRCLE('',#4515,4.3);
#4515 = AXIS2_PLACEMENT_3D('',#4516,#4517,#4518);
#4516 = CARTESIAN_POINT('',(-47.5,25.7,0.));
#4517 = DIRECTION('',(0.,-1.,0.));
#4518 = DIRECTION('',(0.,-0.,-1.));
#4519 = PCURVE('',#4386,#4520);
#4520 = DEFINITIONAL_REPRESENTATION('',(#4521),#4525);
#4521 = LINE('',#4522,#4523);
#4522 = CARTESIAN_POINT('',(-0.,-0.));
#4523 = VECTOR('',#4524,1.);
#4524 = DIRECTION('',(-1.,-0.));
#4525 = ( GEOMETRIC_REPRESENTATION_CONTEXT(2) 
PARAMETRIC_REPRESENTATION_CONTEXT() REPRESENTATION_CONTEXT('2D SPACE',''
  ) );
#4526 = PCURVE('',#4527,#4532);
#4527 = PLANE('',#4528);
#4528 = AXIS2_PLACEMENT_3D('',#4529,#4530,#4531);
#4529 = CARTESIAN_POINT('',(-80.4,25.7,-5.));
#4530 = DIRECTION('',(0.,1.,0.));
#4531 = DIRECTION('',(0.,0.,1.));
#4532 = DEFINITIONAL_REPRESENTATION('',(#4533),#4541);
#4533 = ( BOUNDED_CURVE() B_SPLINE_CURVE(2,(#4534,#4535,#4536,#4537,
#4538,#4539,#4540),.UNSPECIFIED.,.T.,.F.) B_SPLINE_CURVE_WITH_KNOTS((1,2
    ,2,2,2,1),(-2.094395102393,0.,2.094395102393,4.188790204786,
6.28318530718,8.377580409573),.UNSPECIFIED.) CURVE() 
GEOMETRIC_REPRESENTATION_ITEM() RATIONAL_B_SPLINE_CURVE((1.,0.5,1.,0.5,
1.,0.5,1.)) REPRESENTATION_ITEM('') );
#4534 = CARTESIAN_POINT('',(0.7,32.9));
#4535 = CARTESIAN_POINT('',(0.7,40.347818472546));
#4536 = CARTESIAN_POINT('',(7.15,36.623909236273));
#4537 = CARTESIAN_POINT('',(13.6,32.9));
#4538 = CARTESIAN_POINT('',(7.15,29.176090763727));
#4539 = CARTESIAN_POINT('',(0.7,25.452181527454));
#4540 = CARTESIAN_POINT('',(0.7,32.9));
#4541 = ( GEOMETRIC_REPRESENTATION_CONTEXT(2) 
PARAMETRIC_REPRESENTATION_CONTEXT() REPRESENTATION_CONTEXT('2D SPACE',''
  ) );
#4542 = ORIENTED_EDGE('',*,*,#4543,.T.);
#4543 = EDGE_CURVE('',#4511,#4544,#4546,.T.);
#4544 = VERTEX_POINT('',#4545);
#4545 = CARTESIAN_POINT('',(-50.9985711369,25.7,2.5));
#4546 = SURFACE_CURVE('',#4547,(#4640,#4736),.PCURVE_S1.);
#4547 = B_SPLINE_CURVE_WITH_KNOTS('',7,(#4548,#4549,#4550,#4551,#4552,
    #4553,#4554,#4555,#4556,#4557,#4558,#4559,#4560,#4561,#4562,#4563,
    #4564,#4565,#4566,#4567,#4568,#4569,#4570,#4571,#4572,#4573,#4574,
    #4575,#4576,#4577,#4578,#4579,#4580,#4581,#4582,#4583,#4584,#4585,
    #4586,#4587,#4588,#4589,#4590,#4591,#4592,#4593,#4594,#4595,#4596,
    #4597,#4598,#4599,#4600,#4601,#4602,#4603,#4604,#4605,#4606,#4607,
    #4608,#4609,#4610,#4611,#4612,#4613,#4614,#4615,#4616,#4617,#4618,
    #4619,#4620,#4621,#4622,#4623,#4624,#4625,#4626,#4627,#4628,#4629,
    #4630,#4631,#4632,#4633,#4634,#4635,#4636,#4637,#4638,#4639),
  .UNSPECIFIED.,.F.,.F.,(8,6,6,6,6,6,6,6,6,6,6,6,6,6,6,8),(0.,
    4.078089985381E-02,9.0096934459E-02,0.150369528435,0.199656759351,
    0.256324659559,0.392127422936,0.500004159639,0.607880895402,
    0.743683657406,0.800122450238,0.849037230368,0.89188437274,
    0.929249208233,0.9670661722,1.),.UNSPECIFIED.);
#4548 = CARTESIAN_POINT('',(-44.00142884676,25.7,2.499999977143));
#4549 = CARTESIAN_POINT('',(-44.02826229394,25.700000000858,
    2.53755146867));
#4550 = CARTESIAN_POINT('',(-44.05689127802,25.698354813566,
    2.573791890347));
#4551 = CARTESIAN_POINT('',(-44.08701506015,25.695271525147,
    2.608658349405));
#4552 = CARTESIAN_POINT('',(-44.11836951895,25.690944789929,
    2.642141348627));
#4553 = CARTESIAN_POINT('',(-44.15073890648,25.685545474996,
    2.67426947444));
#4554 = CARTESIAN_POINT('',(-44.18396285801,25.679215111861,
    2.705098804295));
#4555 = CARTESIAN_POINT('',(-44.25902533109,25.663420974025,
    2.770512041423));
#4556 = CARTESIAN_POINT('',(-44.30118452327,25.653584369673,
    2.804507831968));
#4557 = CARTESIAN_POINT('',(-44.34421612241,25.642760676817,
    2.836821008459));
#4558 = CARTESIAN_POINT('',(-44.38796446741,25.631109881351,
    2.867560487644));
#4559 = CARTESIAN_POINT('',(-44.43231170819,25.618760277218,
    2.896827716954));
#4560 = CARTESIAN_POINT('',(-44.47717485295,25.605815370615,
    2.924721028896));
#4561 = CARTESIAN_POINT('',(-44.57790949372,25.575904202817,
    2.983859877793));
#4562 = CARTESIAN_POINT('',(-44.63399083262,25.558689957341,
    3.014460978305));
#4563 = CARTESIAN_POINT('',(-44.69064416272,25.540864921763,
    3.043300297872));
#4564 = CARTESIAN_POINT('',(-44.74778837944,25.522548447137,
    3.070507140396));
#4565 = CARTESIAN_POINT('',(-44.80536340877,25.503837840573,
    3.096191907752));
#4566 = CARTESIAN_POINT('',(-44.86332826524,25.484814749263,
    3.120453625382));
#4567 = CARTESIAN_POINT('',(-44.96936263613,25.449790463864,
    3.162128392996));
#4568 = CARTESIAN_POINT('',(-45.01730558486,25.433871981627,
    3.179982044623));
#4569 = CARTESIAN_POINT('',(-45.06547447771,25.417829524074,
    3.196988193734));
#4570 = CARTESIAN_POINT('',(-45.1138567188,25.401697405786,
    3.213188129085));
#4571 = CARTESIAN_POINT('',(-45.16244276851,25.385506790155,
    3.228618646607));
#4572 = CARTESIAN_POINT('',(-45.21122604022,25.36928649833,
    3.243313171153));
#4573 = CARTESIAN_POINT('',(-45.31651373054,25.334411822419,
    3.273387517444));
#4574 = CARTESIAN_POINT('',(-45.37307917953,25.315757074399,
    3.288540067135));
#4575 = CARTESIAN_POINT('',(-45.42989305637,25.297141002419,
    3.302807437814));
#4576 = CARTESIAN_POINT('',(-45.4869515068,25.278603136612,
    3.316231645505));
#4577 = CARTESIAN_POINT('',(-45.54425298518,25.260181910079,
    3.328850914201));
#4578 = CARTESIAN_POINT('',(-45.60179832963,25.241915460039,
    3.340700778316));
#4579 = CARTESIAN_POINT('',(-45.79808868521,25.180531003095,
    3.378450496317));
#4580 = CARTESIAN_POINT('',(-45.93796466609,25.138343330469,
    3.400853925194));
#4581 = CARTESIAN_POINT('',(-46.07931898612,25.097791148999,
    3.419505655865));
#4582 = CARTESIAN_POINT('',(-46.22222881291,25.059437648277,
    3.434793773602));
#4583 = CARTESIAN_POINT('',(-46.36675023246,25.02393283294,
    3.447098529647));
#4584 = CARTESIAN_POINT('',(-46.51293668667,24.992046183107,
    3.456828689344));
#4585 = CARTESIAN_POINT('',(-46.77824298732,24.94273315311,
    3.470357187253));
#4586 = CARTESIAN_POINT('',(-46.89674350155,24.923682134672,
    3.474963630178));
#4587 = CARTESIAN_POINT('',(-47.01620846602,24.907821096999,
    3.478375668633));
#4588 = CARTESIAN_POINT('',(-47.13650293837,24.895556030309,
    3.480774567643));
#4589 = CARTESIAN_POINT('',(-47.25743426355,24.887247950859,
    3.482321720657));
#4590 = CARTESIAN_POINT('',(-47.37872591709,24.883095189484,
    3.483095189485));
#4591 = CARTESIAN_POINT('',(-47.62127408184,24.883095189484,
    3.483095189485));
#4592 = CARTESIAN_POINT('',(-47.74256573433,24.887247950786,
    3.48232172067));
#4593 = CARTESIAN_POINT('',(-47.86349705846,24.895556030092,
    3.480774567683));
#4594 = CARTESIAN_POINT('',(-47.98379152979,24.907821096573,
    3.478375668716));
#4595 = CARTESIAN_POINT('',(-48.10325649324,24.923682133982,
    3.474963630326));
#4596 = CARTESIAN_POINT('',(-48.22175700649,24.942733152116,
    3.470357187493));
#4597 = CARTESIAN_POINT('',(-48.48706330475,24.992046181318,
    3.456828689876));
#4598 = CARTESIAN_POINT('',(-48.63324975757,25.023932830628,
    3.447098530403));
#4599 = CARTESIAN_POINT('',(-48.77777117577,25.059437645407,
    3.434793774651));
#4600 = CARTESIAN_POINT('',(-48.92068100121,25.097791145548,
    3.419505657292));
#4601 = CARTESIAN_POINT('',(-49.06203531995,25.138343326439,
    3.400853927089));
#4602 = CARTESIAN_POINT('',(-49.20191129955,25.18053099849,
    3.378450498788));
#4603 = CARTESIAN_POINT('',(-49.39796799979,25.241842385873,
    3.340745717027));
#4604 = CARTESIAN_POINT('',(-49.4552816916,25.260034208028,
    3.328946721314));
#4605 = CARTESIAN_POINT('',(-49.5123534714,25.278379713007,
    3.316384666989));
#4606 = CARTESIAN_POINT('',(-49.56918417338,25.296841220734,
    3.303024455324));
#4607 = CARTESIAN_POINT('',(-49.62577229034,25.315380764302,
    3.288828344186));
#4608 = CARTESIAN_POINT('',(-49.68211404758,25.333959305917,
    3.273754869192));
#4609 = CARTESIAN_POINT('',(-49.78681546814,25.368636095243,
    3.243893279099));
#4610 = CARTESIAN_POINT('',(-49.83523701004,25.384734519547,
    3.229335285005));
#4611 = CARTESIAN_POINT('',(-49.88346446631,25.400804573244,
    3.214053368957));
#4612 = CARTESIAN_POINT('',(-49.93149145377,25.416818125902,
    3.198014934267));
#4613 = CARTESIAN_POINT('',(-49.97930874513,25.432744795877,
    3.181184128119));
#4614 = CARTESIAN_POINT('',(-50.02690417177,25.44855117701,
    3.163520768497));
#4615 = CARTESIAN_POINT('',(-50.11574631033,25.477907786045,
    3.128737755234));
#4616 = CARTESIAN_POINT('',(-50.15704699174,25.491494278321,
    3.111822933922));
#4617 = CARTESIAN_POINT('',(-50.1981548845,25.504934553642,
    3.094203685441));
#4618 = CARTESIAN_POINT('',(-50.23905651168,25.518200815475,
    3.075846593036));
#4619 = CARTESIAN_POINT('',(-50.27973433832,25.531261515314,
    3.056714776773));
#4620 = CARTESIAN_POINT('',(-50.3201665041,25.544080408743,
    3.036766725372));
#4621 = CARTESIAN_POINT('',(-50.39534811528,25.567546930647,
    2.997806381891));
#4622 = CARTESIAN_POINT('',(-50.43016093452,25.578261958622,
    2.979001885406));
#4623 = CARTESIAN_POINT('',(-50.46474834425,25.588732994895,
    2.959509519436));
#4624 = CARTESIAN_POINT('',(-50.49908797861,25.598928203324,
    2.939295417288));
#4625 = CARTESIAN_POINT('',(-50.53315132959,25.608810487169,
    2.91832288684));
#4626 = CARTESIAN_POINT('',(-50.56690330124,25.618336364109,
    2.896551332652));
#4627 = CARTESIAN_POINT('',(-50.63410436042,25.636683655416,
    2.851045359572));
#4628 = CARTESIAN_POINT('',(-50.66753952984,25.645493728588,
    2.827294006518));
#4629 = CARTESIAN_POINT('',(-50.70056767296,25.65383303645,
    2.802630953036));
#4630 = CARTESIAN_POINT('',(-50.73313196219,25.661638901377,
    2.777006792302));
#4631 = CARTESIAN_POINT('',(-50.76515747815,25.668835964878,
    2.750372294266));
#4632 = CARTESIAN_POINT('',(-50.79655034642,25.675334160012,
    2.722677823385));
#4633 = CARTESIAN_POINT('',(-50.8538861524,25.685984157354,
    2.668787159368));
#4634 = CARTESIAN_POINT('',(-50.88000191696,25.690328990011,
    2.642865906904));
#4635 = CARTESIAN_POINT('',(-50.90547262112,25.693992052553,
    2.61607406329));
#4636 = CARTESIAN_POINT('',(-50.93019876759,25.696889722712,2.5883882135
    ));
#4637 = CARTESIAN_POINT('',(-50.95405650417,25.698926896577,
    2.559800973319));
#4638 = CARTESIAN_POINT('',(-50.97690121915,25.7,2.530325499515));
#4639 = CARTESIAN_POINT('',(-50.9985711369,25.7,2.5));
#4640 = PCURVE('',#4386,#4641);
#4641 = DEFINITIONAL_REPRESENTATION('',(#4642),#4735);
#4642 = B_SPLINE_CURVE_WITH_KNOTS('',7,(#4643,#4644,#4645,#4646,#4647,
    #4648,#4649,#4650,#4651,#4652,#4653,#4654,#4655,#4656,#4657,#4658,
    #4659,#4660,#4661,#4662,#4663,#4664,#4665,#4666,#4667,#4668,#4669,
    #4670,#4671,#4672,#4673,#4674,#4675,#4676,#4677,#4678,#4679,#4680,
    #4681,#4682,#4683,#4684,#4685,#4686,#4687,#4688,#4689,#4690,#4691,
    #4692,#4693,#4694,#4695,#4696,#4697,#4698,#4699,#4700,#4701,#4702,
    #4703,#4704,#4705,#4706,#4707,#4708,#4709,#4710,#4711,#4712,#4713,
    #4714,#4715,#4716,#4717,#4718,#4719,#4720,#4721,#4722,#4723,#4724,
    #4725,#4726,#4727,#4728,#4729,#4730,#4731,#4732,#4733,#4734),
  .UNSPECIFIED.,.F.,.F.,(8,6,6,6,6,6,6,6,6,6,6,6,6,6,6,8),(0.,
    4.078089985381E-02,9.0096934459E-02,0.150369528435,0.199656759351,
    0.256324659559,0.392127422936,0.500004159639,0.607880895402,
    0.743683657406,0.800122450238,0.849037230368,0.89188437274,
    0.929249208233,0.9670661722,1.),.UNSPECIFIED.);
#4643 = CARTESIAN_POINT('',(-2.19123894806,9.503509090791E-14));
#4644 = CARTESIAN_POINT('',(-2.201972327312,8.583929545962E-10));
#4645 = CARTESIAN_POINT('',(-2.212700398665,-1.645186433458E-03));
#4646 = CARTESIAN_POINT('',(-2.22338990178,-4.72847485317E-03));
#4647 = CARTESIAN_POINT('',(-2.234018857417,-9.055210070895E-03));
#4648 = CARTESIAN_POINT('',(-2.244575326261,-1.445452500403E-02));
#4649 = CARTESIAN_POINT('',(-2.255057157592,-2.078488813855E-02));
#4650 = CARTESIAN_POINT('',(-2.278068198238,-3.657902597459E-02));
#4651 = CARTESIAN_POINT('',(-2.290558497677,-4.641563032731E-02));
#4652 = CARTESIAN_POINT('',(-2.302953506525,-5.723932318284E-02));
#4653 = CARTESIAN_POINT('',(-2.315261935311,-6.889011864892E-02));
#4654 = CARTESIAN_POINT('',(-2.327493739818,-8.123972278211E-02));
#4655 = CARTESIAN_POINT('',(-2.339661717623,-9.418462938492E-02));
#4656 = CARTESIAN_POINT('',(-2.366595685094,-0.124095797183));
#4657 = CARTESIAN_POINT('',(-2.381332577369,-0.141310042659));
#4658 = CARTESIAN_POINT('',(-2.396018045604,-0.159135078237));
#4659 = CARTESIAN_POINT('',(-2.4106721663,-0.177451552863));
#4660 = CARTESIAN_POINT('',(-2.425313127699,-0.196162159427));
#4661 = CARTESIAN_POINT('',(-2.439959144611,-0.215185250737));
#4662 = CARTESIAN_POINT('',(-2.466625417247,-0.250209536136));
#4663 = CARTESIAN_POINT('',(-2.478636594783,-0.266128018373));
#4664 = CARTESIAN_POINT('',(-2.490672083888,-0.282170475926));
#4665 = CARTESIAN_POINT('',(-2.502740446366,-0.298302594214));
#4666 = CARTESIAN_POINT('',(-2.514849687319,-0.314493209845));
#4667 = CARTESIAN_POINT('',(-2.527007517818,-0.33071350167));
#4668 = CARTESIAN_POINT('',(-2.553264755597,-0.365588177581));
#4669 = CARTESIAN_POINT('',(-2.567381960733,-0.3842429256));
#4670 = CARTESIAN_POINT('',(-2.581584703785,-0.402858997581));
#4671 = CARTESIAN_POINT('',(-2.595883671225,-0.421396863388));
#4672 = CARTESIAN_POINT('',(-2.610288969796,-0.439818089921));
#4673 = CARTESIAN_POINT('',(-2.624810331097,-0.458084539961));
#4674 = CARTESIAN_POINT('',(-2.674558335311,-0.519468996905));
#4675 = CARTESIAN_POINT('',(-2.710370275554,-0.561656669531));
#4676 = CARTESIAN_POINT('',(-2.747037819077,-0.602208851001));
#4677 = CARTESIAN_POINT('',(-2.784671358765,-0.640562351723));
#4678 = CARTESIAN_POINT('',(-2.823352892736,-0.67606716706));
#4679 = CARTESIAN_POINT('',(-2.863119653225,-0.707953816893));
#4680 = CARTESIAN_POINT('',(-2.936349889792,-0.75726684689));
#4681 = CARTESIAN_POINT('',(-2.969427018344,-0.776317865328));
#4682 = CARTESIAN_POINT('',(-3.003117766632,-0.792178903001));
#4683 = CARTESIAN_POINT('',(-3.037337561948,-0.804443969691));
#4684 = CARTESIAN_POINT('',(-3.071951832495,-0.812752049141));
#4685 = CARTESIAN_POINT('',(-3.106774747014,-0.816904810516));
#4686 = CARTESIAN_POINT('',(-3.176410559863,-0.816904810516));
#4687 = CARTESIAN_POINT('',(-3.21123347408,-0.812752049213));
#4688 = CARTESIAN_POINT('',(-3.245847744328,-0.804443969908));
#4689 = CARTESIAN_POINT('',(-3.280067539359,-0.792178903427));
#4690 = CARTESIAN_POINT('',(-3.313758287371,-0.776317866018));
#4691 = CARTESIAN_POINT('',(-3.346835415662,-0.757266847884));
#4692 = CARTESIAN_POINT('',(-3.420065651612,-0.707953818682));
#4693 = CARTESIAN_POINT('',(-3.459832411754,-0.676067169372));
#4694 = CARTESIAN_POINT('',(-3.498513945404,-0.640562354593));
#4695 = CARTESIAN_POINT('',(-3.536147484781,-0.602208854452));
#4696 = CARTESIAN_POINT('',(-3.572815028014,-0.561656673561));
#4697 = CARTESIAN_POINT('',(-3.608626967971,-0.51946900151));
#4698 = CARTESIAN_POINT('',(-3.658315754419,-0.458157614127));
#4699 = CARTESIAN_POINT('',(-3.67277891389,-0.439965791972));
#4700 = CARTESIAN_POINT('',(-3.687126908377,-0.421620286993));
#4701 = CARTESIAN_POINT('',(-3.701369350572,-0.403158779266));
#4702 = CARTESIAN_POINT('',(-3.715516222716,-0.384619235698));
#4703 = CARTESIAN_POINT('',(-3.729578076603,-0.366040694082));
#4704 = CARTESIAN_POINT('',(-3.755689590392,-0.331363904757));
#4705 = CARTESIAN_POINT('',(-3.767757360039,-0.315265480453));
#4706 = CARTESIAN_POINT('',(-3.779777037491,-0.299195426756));
#4707 = CARTESIAN_POINT('',(-3.79175615197,-0.283181874098));
#4708 = CARTESIAN_POINT('',(-3.803702518048,-0.267255204122));
#4709 = CARTESIAN_POINT('',(-3.815624486747,-0.25144882299));
#4710 = CARTESIAN_POINT('',(-3.837960937738,-0.222092213955));
#4711 = CARTESIAN_POINT('',(-3.848378665519,-0.208505721679));
#4712 = CARTESIAN_POINT('',(-3.858790729482,-0.195065446358));
#4713 = CARTESIAN_POINT('',(-3.869203404946,-0.181799184525));
#4714 = CARTESIAN_POINT('',(-3.879623182269,-0.168738484685));
#4715 = CARTESIAN_POINT('',(-3.890057056089,-0.155919591257));
#4716 = CARTESIAN_POINT('',(-3.909630755071,-0.132453069353));
#4717 = CARTESIAN_POINT('',(-3.91876486434,-0.121738041378));
#4718 = CARTESIAN_POINT('',(-3.927920616816,-0.111267005105));
#4719 = CARTESIAN_POINT('',(-3.937103128258,-0.101071796676));
#4720 = CARTESIAN_POINT('',(-3.946317449355,-9.118951283123E-02));
#4721 = CARTESIAN_POINT('',(-3.955568859343,-8.166363589058E-02));
#4722 = CARTESIAN_POINT('',(-3.974269924435,-6.331634458352E-02));
#4723 = CARTESIAN_POINT('',(-3.983719138592,-5.450627141177E-02));
#4724 = CARTESIAN_POINT('',(-3.993218040593,-4.616696355018E-02));
#4725 = CARTESIAN_POINT('',(-4.002771752059,-3.836109862293E-02));
#4726 = CARTESIAN_POINT('',(-4.012383701736,-3.11640351219E-02));
#4727 = CARTESIAN_POINT('',(-4.022056049472,-2.466583998788E-02));
#4728 = CARTESIAN_POINT('',(-4.040267255022,-1.401584264604E-02));
#4729 = CARTESIAN_POINT('',(-4.048788926315,-9.671009989103E-03));
#4730 = CARTESIAN_POINT('',(-4.057356737641,-6.007947446574E-03));
#4731 = CARTESIAN_POINT('',(-4.065967367424,-3.110277287899E-03));
#4732 = CARTESIAN_POINT('',(-4.07461243647,-1.073103423165E-03));
#4733 = CARTESIAN_POINT('',(-4.083278385485,9.459100169806E-14));
#4734 = CARTESIAN_POINT('',(-4.091946352586,9.459100169806E-14));
#4735 = ( GEOMETRIC_REPRESENTATION_CONTEXT(2) 
PARAMETRIC_REPRESENTATION_CONTEXT() REPRESENTATION_CONTEXT('2D SPACE',''
  ) );
#4736 = PCURVE('',#736,#4737);
#4737 = DEFINITIONAL_REPRESENTATION('',(#4738),#4831);
#4738 = B_SPLINE_CURVE_WITH_KNOTS('',7,(#4739,#4740,#4741,#4742,#4743,
    #4744,#4745,#4746,#4747,#4748,#4749,#4750,#4751,#4752,#4753,#4754,
    #4755,#4756,#4757,#4758,#4759,#4760,#4761,#4762,#4763,#4764,#4765,
    #4766,#4767,#4768,#4769,#4770,#4771,#4772,#4773,#4774,#4775,#4776,
    #4777,#4778,#4779,#4780,#4781,#4782,#4783,#4784,#4785,#4786,#4787,
    #4788,#4789,#4790,#4791,#4792,#4793,#4794,#4795,#4796,#4797,#4798,
    #4799,#4800,#4801,#4802,#4803,#4804,#4805,#4806,#4807,#4808,#4809,
    #4810,#4811,#4812,#4813,#4814,#4815,#4816,#4817,#4818,#4819,#4820,
    #4821,#4822,#4823,#4824,#4825,#4826,#4827,#4828,#4829,#4830),
  .UNSPECIFIED.,.F.,.F.,(8,6,6,6,6,6,6,6,6,6,6,6,6,6,6,8),(0.,
    4.078089985381E-02,9.0096934459E-02,0.150369528435,0.199656759351,
    0.256324659559,0.392127422936,0.500004159639,0.607880895402,
    0.743683657406,0.800122450238,0.849037230368,0.89188437274,
    0.929249208233,0.9670661722,1.),.UNSPECIFIED.);
#4739 = CARTESIAN_POINT('',(-2.285656020007E-08,36.39857115324));
#4740 = CARTESIAN_POINT('',(3.755146866994E-02,36.371737706054));
#4741 = CARTESIAN_POINT('',(7.37918688722E-02,36.34310872198));
#4742 = CARTESIAN_POINT('',(0.108744899086,36.312984939849));
#4743 = CARTESIAN_POINT('',(0.142460035167,36.281630481046));
#4744 = CARTESIAN_POINT('',(0.175004202838,36.249261093511));
#4745 = CARTESIAN_POINT('',(0.20645810366,36.216037141987));
#4746 = CARTESIAN_POINT('',(0.273751092757,36.140974668902));
#4747 = CARTESIAN_POINT('',(0.309106013515,36.098815476726));
#4748 = CARTESIAN_POINT('',(0.343138414085,36.055783877581));
#4749 = CARTESIAN_POINT('',(0.375969413737,36.012035532586));
#4750 = CARTESIAN_POINT('',(0.407703129697,35.967688291806));
#4751 = CARTESIAN_POINT('',(0.438436396224,35.922825147042));
#4752 = CARTESIAN_POINT('',(0.504709176517,35.82209050628));
#4753 = CARTESIAN_POINT('',(0.539785643379,35.766009167377));
#4754 = CARTESIAN_POINT('',(0.573644526601,35.709355837274));
#4755 = CARTESIAN_POINT('',(0.606400308639,35.652211620552));
#4756 = CARTESIAN_POINT('',(0.638144934263,35.594636591229));
#4757 = CARTESIAN_POINT('',(0.668957547116,35.536671734758));
#4758 = CARTESIAN_POINT('',(0.723395464264,35.430637363868));
#4759 = CARTESIAN_POINT('',(0.747304943218,35.382694415135));
#4760 = CARTESIAN_POINT('',(0.770669263265,35.334525522289));
#4761 = CARTESIAN_POINT('',(0.793517028494,35.286143281195));
#4762 = CARTESIAN_POINT('',(0.815871464408,35.237557231488));
#4763 = CARTESIAN_POINT('',(0.837751560819,35.188773959771));
#4764 = CARTESIAN_POINT('',(0.883802720682,35.083486269459));
#4765 = CARTESIAN_POINT('',(0.907825631291,35.026920820468));
#4766 = CARTESIAN_POINT('',(0.93126547451,34.970106943623));
#4767 = CARTESIAN_POINT('',(0.954138932342,34.913048493196));
#4768 = CARTESIAN_POINT('',(0.976456583905,34.85574701482));
#4769 = CARTESIAN_POINT('',(0.998223648496,34.798201670362));
#4770 = CARTESIAN_POINT('',(1.070286765023,34.601911314784));
#4771 = CARTESIAN_POINT('',(1.117958733143,34.462035333901));
#4772 = CARTESIAN_POINT('',(1.162486956764,34.320681013876));
#4773 = CARTESIAN_POINT('',(1.203689209013,34.177771187083));
#4774 = CARTESIAN_POINT('',(1.241222240333,34.03324976754));
#4775 = CARTESIAN_POINT('',(1.274546935969,33.887063313328));
#4776 = CARTESIAN_POINT('',(1.325682004006,33.621757012679));
#4777 = CARTESIAN_POINT('',(1.345272913377,33.503256498442));
#4778 = CARTESIAN_POINT('',(1.3614903475,33.383791533977));
#4779 = CARTESIAN_POINT('',(1.373987262847,33.263497061628));
#4780 = CARTESIAN_POINT('',(1.382438213071,33.142565736444));
#4781 = CARTESIAN_POINT('',(1.386662380077,33.021274082904));
#4782 = CARTESIAN_POINT('',(1.386662380077,32.778725918153));
#4783 = CARTESIAN_POINT('',(1.382438213144,32.657434265661));
#4784 = CARTESIAN_POINT('',(1.373987263068,32.536502941533));
#4785 = CARTESIAN_POINT('',(1.361490347934,32.416208470201));
#4786 = CARTESIAN_POINT('',(1.345272914083,32.296743506753));
#4787 = CARTESIAN_POINT('',(1.325682005028,32.178242993502));
#4788 = CARTESIAN_POINT('',(1.274546937835,31.912936695247));
#4789 = CARTESIAN_POINT('',(1.241222242764,31.766750242429));
#4790 = CARTESIAN_POINT('',(1.203689212064,31.62222882423));
#4791 = CARTESIAN_POINT('',(1.162486960492,31.479318998782));
#4792 = CARTESIAN_POINT('',(1.117958737587,31.337964680049));
#4793 = CARTESIAN_POINT('',(1.07028677024,31.198088700449));
#4794 = CARTESIAN_POINT('',(0.998309434984,31.002032000208));
#4795 = CARTESIAN_POINT('',(0.976632585637,30.944718308391));
#4796 = CARTESIAN_POINT('',(0.954409596224,30.8876465286));
#4797 = CARTESIAN_POINT('',(0.931635329409,30.830815826612));
#4798 = CARTESIAN_POINT('',(0.908299374814,30.774227709651));
#4799 = CARTESIAN_POINT('',(0.884385322874,30.717885952414));
#4800 = CARTESIAN_POINT('',(0.838622955357,30.613184531853));
#4801 = CARTESIAN_POINT('',(0.816924672295,30.564762989951));
#4802 = CARTESIAN_POINT('',(0.794759734107,30.516535533685));
#4803 = CARTESIAN_POINT('',(0.77210967811,30.468508546228));
#4804 = CARTESIAN_POINT('',(0.748951943425,30.420691254864));
#4805 = CARTESIAN_POINT('',(0.725258780056,30.373095828224));
#4806 = CARTESIAN_POINT('',(0.679743194751,30.284253689668));
#4807 = CARTESIAN_POINT('',(0.658053924469,30.24295300826));
#4808 = CARTESIAN_POINT('',(0.635904841829,30.201845115498));
#4809 = CARTESIAN_POINT('',(0.613269934999,30.160943488313));
#4810 = CARTESIAN_POINT('',(0.590119243908,30.120265661676));
#4811 = CARTESIAN_POINT('',(0.566417418541,30.0798334959));
#4812 = CARTESIAN_POINT('',(0.520935707773,30.004651884712));
#4813 = CARTESIAN_POINT('',(0.499299055603,29.969839065475));
#4814 = CARTESIAN_POINT('',(0.477183393639,29.935251655744));
#4815 = CARTESIAN_POINT('',(0.454557821022,29.900912021382));
#4816 = CARTESIAN_POINT('',(0.431387814189,29.866848670403));
#4817 = CARTESIAN_POINT('',(0.40763357794,29.833096698751));
#4818 = CARTESIAN_POINT('',(0.358568145259,29.765895639573));
#4819 = CARTESIAN_POINT('',(0.333245541006,29.732460470159));
#4820 = CARTESIAN_POINT('',(0.307228590938,29.699432327034));
#4821 = CARTESIAN_POINT('',(0.280464996931,29.66686803781));
#4822 = CARTESIAN_POINT('',(0.252899369083,29.63484252185));
#4823 = CARTESIAN_POINT('',(0.224470439249,29.603449653571));
#4824 = CARTESIAN_POINT('',(0.169537515499,29.546113847596));
#4825 = CARTESIAN_POINT('',(0.143265682097,29.519998083033));
#4826 = CARTESIAN_POINT('',(0.116244765127,29.494527378877));
#4827 = CARTESIAN_POINT('',(8.843380412865E-02,29.469801232401));
#4828 = CARTESIAN_POINT('',(5.980094532195E-02,29.445943495829));
#4829 = CARTESIAN_POINT('',(3.03254995146E-02,29.423098780845));
#4830 = CARTESIAN_POINT('',(0.,29.401428863093));
#4831 = ( GEOMETRIC_REPRESENTATION_CONTEXT(2) 
PARAMETRIC_REPRESENTATION_CONTEXT() REPRESENTATION_CONTEXT('2D SPACE',''
  ) );
#4832 = ORIENTED_EDGE('',*,*,#4833,.T.);
#4833 = EDGE_CURVE('',#4544,#4834,#4836,.T.);
#4834 = VERTEX_POINT('',#4835);
#4835 = CARTESIAN_POINT('',(-49.0779733838,25.7,-4.));
#4836 = SURFACE_CURVE('',#4837,(#4842,#4849),.PCURVE_S1.);
#4837 = CIRCLE('',#4838,4.3);
#4838 = AXIS2_PLACEMENT_3D('',#4839,#4840,#4841);
#4839 = CARTESIAN_POINT('',(-47.5,25.7,0.));
#4840 = DIRECTION('',(0.,-1.,0.));
#4841 = DIRECTION('',(0.,-0.,-1.));
#4842 = PCURVE('',#4386,#4843);
#4843 = DEFINITIONAL_REPRESENTATION('',(#4844),#4848);
#4844 = LINE('',#4845,#4846);
#4845 = CARTESIAN_POINT('',(-0.,-0.));
#4846 = VECTOR('',#4847,1.);
#4847 = DIRECTION('',(-1.,-0.));
#4848 = ( GEOMETRIC_REPRESENTATION_CONTEXT(2) 
PARAMETRIC_REPRESENTATION_CONTEXT() REPRESENTATION_CONTEXT('2D SPACE',''
  ) );
#4849 = PCURVE('',#4850,#4855);
#4850 = PLANE('',#4851);
#4851 = AXIS2_PLACEMENT_3D('',#4852,#4853,#4854);
#4852 = CARTESIAN_POINT('',(-80.4,25.7,-5.));
#4853 = DIRECTION('',(0.,1.,0.));
#4854 = DIRECTION('',(0.,0.,1.));
#4855 = DEFINITIONAL_REPRESENTATION('',(#4856),#4864);
#4856 = ( BOUNDED_CURVE() B_SPLINE_CURVE(2,(#4857,#4858,#4859,#4860,
#4861,#4862,#4863),.UNSPECIFIED.,.T.,.F.) B_SPLINE_CURVE_WITH_KNOTS((1,2
    ,2,2,2,1),(-2.094395102393,0.,2.094395102393,4.188790204786,
6.28318530718,8.377580409573),.UNSPECIFIED.) CURVE() 
GEOMETRIC_REPRESENTATION_ITEM() RATIONAL_B_SPLINE_CURVE((1.,0.5,1.,0.5,
1.,0.5,1.)) REPRESENTATION_ITEM('') );
#4857 = CARTESIAN_POINT('',(0.7,32.9));
#4858 = CARTESIAN_POINT('',(0.7,40.347818472546));
#4859 = CARTESIAN_POINT('',(7.15,36.623909236273));
#4860 = CARTESIAN_POINT('',(13.6,32.9));
#4861 = CARTESIAN_POINT('',(7.15,29.176090763727));
#4862 = CARTESIAN_POINT('',(0.7,25.452181527454));
#4863 = CARTESIAN_POINT('',(0.7,32.9));
#4864 = ( GEOMETRIC_REPRESENTATION_CONTEXT(2) 
PARAMETRIC_REPRESENTATION_CONTEXT() REPRESENTATION_CONTEXT('2D SPACE',''
  ) );
#4865 = ORIENTED_EDGE('',*,*,#4866,.T.);
#4866 = EDGE_CURVE('',#4834,#4425,#4867,.T.);
#4867 = SURFACE_CURVE('',#4868,(#4883,#4901),.PCURVE_S1.);
#4868 = B_SPLINE_CURVE_WITH_KNOTS('',7,(#4869,#4870,#4871,#4872,#4873,
    #4874,#4875,#4876,#4877,#4878,#4879,#4880,#4881,#4882),
  .UNSPECIFIED.,.F.,.F.,(8,6,8),(0.,0.447100661313,1.),.UNSPECIFIED.);
#4869 = CARTESIAN_POINT('',(-49.0779733838,25.7,-4.));
#4870 = CARTESIAN_POINT('',(-48.98231364197,25.7,-4.037737131627));
#4871 = CARTESIAN_POINT('',(-48.88503367976,25.698338799562,
    -4.071243313175));
#4872 = CARTESIAN_POINT('',(-48.78656457663,25.69568513307,
    -4.101072178499));
#4873 = CARTESIAN_POINT('',(-48.68719693036,25.692440527854,
    -4.127553683579));
#4874 = CARTESIAN_POINT('',(-48.58713919731,25.688919899387,
    -4.150965279137));
#4875 = CARTESIAN_POINT('',(-48.486511564,25.685349072074,
    -4.171516626994));
#4876 = CARTESIAN_POINT('',(-48.26026489312,25.677646015128,
    -4.211457011572));
#4877 = CARTESIAN_POINT('',(-48.13444332097,25.673583488897,
    -4.229406726802));
#4878 = CARTESIAN_POINT('',(-48.00807210353,25.670051390042,
    -4.243525268627));
#4879 = CARTESIAN_POINT('',(-47.88130842092,25.667265682485,
    -4.253997613789));
#4880 = CARTESIAN_POINT('',(-47.75429291996,25.665361816423,
    -4.260938570481));
#4881 = CARTESIAN_POINT('',(-47.62715259916,25.664410286372,
    -4.264410286372));
#4882 = CARTESIAN_POINT('',(-47.5,25.664410286372,-4.264410286372));
#4883 = PCURVE('',#4386,#4884);
#4884 = DEFINITIONAL_REPRESENTATION('',(#4885),#4900);
#4885 = B_SPLINE_CURVE_WITH_KNOTS('',7,(#4886,#4887,#4888,#4889,#4890,
    #4891,#4892,#4893,#4894,#4895,#4896,#4897,#4898,#4899),
  .UNSPECIFIED.,.F.,.F.,(8,6,8),(0.,0.447100661313,1.),.UNSPECIFIED.);
#4886 = CARTESIAN_POINT('',(-5.907435040955,6.794564910706E-14));
#4887 = CARTESIAN_POINT('',(-5.931349976412,6.794940397304E-14));
#4888 = CARTESIAN_POINT('',(-5.955254358549,-1.66120043726E-03));
#4889 = CARTESIAN_POINT('',(-5.979163193597,-4.314866930619E-03));
#4890 = CARTESIAN_POINT('',(-6.003077230562,-7.559472145575E-03));
#4891 = CARTESIAN_POINT('',(-6.027000102192,-1.108010061331E-02));
#4892 = CARTESIAN_POINT('',(-6.050940306691,-1.465092792617E-02));
#4893 = CARTESIAN_POINT('',(-6.104565008894,-2.235398487199E-02));
#4894 = CARTESIAN_POINT('',(-6.134250112225,-2.641651110263E-02));
#4895 = CARTESIAN_POINT('',(-6.163981458431,-2.994860995752E-02));
#4896 = CARTESIAN_POINT('',(-6.193753608316,-3.273431751503E-02));
#4897 = CARTESIAN_POINT('',(-6.223553819888,-3.463818357673E-02));
#4898 = CARTESIAN_POINT('',(-6.253368148271,-3.558971362774E-02));
#4899 = CARTESIAN_POINT('',(-6.28318530718,-3.558971362774E-02));
#4900 = ( GEOMETRIC_REPRESENTATION_CONTEXT(2) 
PARAMETRIC_REPRESENTATION_CONTEXT() REPRESENTATION_CONTEXT('2D SPACE',''
  ) );
#4901 = PCURVE('',#4487,#4902);
#4902 = DEFINITIONAL_REPRESENTATION('',(#4903),#4918);
#4903 = B_SPLINE_CURVE_WITH_KNOTS('',7,(#4904,#4905,#4906,#4907,#4908,
    #4909,#4910,#4911,#4912,#4913,#4914,#4915,#4916,#4917),
  .UNSPECIFIED.,.F.,.F.,(8,6,8),(0.,0.447100661313,1.),.UNSPECIFIED.);
#4904 = CARTESIAN_POINT('',(0.,31.322026616194));
#4905 = CARTESIAN_POINT('',(-3.773713162654E-02,31.417686358022));
#4906 = CARTESIAN_POINT('',(-7.124340030895E-02,31.514966320236));
#4907 = CARTESIAN_POINT('',(-0.101159526394,31.613435423365));
#4908 = CARTESIAN_POINT('',(-0.127817534311,31.712803069632));
#4909 = CARTESIAN_POINT('',(-0.151482515007,31.812860802685));
#4910 = CARTESIAN_POINT('',(-0.172338114705,31.913488436));
#4911 = CARTESIAN_POINT('',(-0.213014537932,32.139735106875));
#4912 = CARTESIAN_POINT('',(-0.231408895611,32.265556679027));
#4913 = CARTESIAN_POINT('',(-0.245958996991,32.391927896466));
#4914 = CARTESIAN_POINT('',(-0.256795539416,32.518691579072));
#4915 = CARTESIAN_POINT('',(-0.263992522308,32.645707080033));
#4916 = CARTESIAN_POINT('',(-0.267592395138,32.772847400838));
#4917 = CARTESIAN_POINT('',(-0.267592395138,32.9));
#4918 = ( GEOMETRIC_REPRESENTATION_CONTEXT(2) 
PARAMETRIC_REPRESENTATION_CONTEXT() REPRESENTATION_CONTEXT('2D SPACE',''
  ) );
#4919 = ADVANCED_FACE('',(#4920),#4527,.T.);
#4920 = FACE_BOUND('',#4921,.T.);
#4921 = EDGE_LOOP('',(#4922,#4945,#4946,#4969));
#4922 = ORIENTED_EDGE('',*,*,#4923,.F.);
#4923 = EDGE_CURVE('',#4450,#4924,#4926,.T.);
#4924 = VERTEX_POINT('',#4925);
#4925 = CARTESIAN_POINT('',(-15.6,25.7,-4.));
#4926 = SURFACE_CURVE('',#4927,(#4931,#4938),.PCURVE_S1.);
#4927 = LINE('',#4928,#4929);
#4928 = CARTESIAN_POINT('',(-45.92202661619,25.7,-4.));
#4929 = VECTOR('',#4930,1.);
#4930 = DIRECTION('',(1.,0.,2.343322050185E-16));
#4931 = PCURVE('',#4527,#4932);
#4932 = DEFINITIONAL_REPRESENTATION('',(#4933),#4937);
#4933 = LINE('',#4934,#4935);
#4934 = CARTESIAN_POINT('',(1.,34.477973383806));
#4935 = VECTOR('',#4936,1.);
#4936 = DIRECTION('',(2.343322050185E-16,1.));
#4937 = ( GEOMETRIC_REPRESENTATION_CONTEXT(2) 
PARAMETRIC_REPRESENTATION_CONTEXT() REPRESENTATION_CONTEXT('2D SPACE',''
  ) );
#4938 = PCURVE('',#4487,#4939);
#4939 = DEFINITIONAL_REPRESENTATION('',(#4940),#4944);
#4940 = LINE('',#4941,#4942);
#4941 = CARTESIAN_POINT('',(-0.,34.477973383806));
#4942 = VECTOR('',#4943,1.);
#4943 = DIRECTION('',(-0.,1.));
#4944 = ( GEOMETRIC_REPRESENTATION_CONTEXT(2) 
PARAMETRIC_REPRESENTATION_CONTEXT() REPRESENTATION_CONTEXT('2D SPACE',''
  ) );
#4945 = ORIENTED_EDGE('',*,*,#4510,.T.);
#4946 = ORIENTED_EDGE('',*,*,#4947,.F.);
#4947 = EDGE_CURVE('',#4948,#4511,#4950,.T.);
#4948 = VERTEX_POINT('',#4949);
#4949 = CARTESIAN_POINT('',(-15.6,25.7,2.5));
#4950 = SURFACE_CURVE('',#4951,(#4955,#4962),.PCURVE_S1.);
#4951 = LINE('',#4952,#4953);
#4952 = CARTESIAN_POINT('',(-15.6,25.7,2.5));
#4953 = VECTOR('',#4954,1.);
#4954 = DIRECTION('',(-1.,0.,-1.375981844265E-15));
#4955 = PCURVE('',#4527,#4956);
#4956 = DEFINITIONAL_REPRESENTATION('',(#4957),#4961);
#4957 = LINE('',#4958,#4959);
#4958 = CARTESIAN_POINT('',(7.5,64.8));
#4959 = VECTOR('',#4960,1.);
#4960 = DIRECTION('',(-1.375981844265E-15,-1.));
#4961 = ( GEOMETRIC_REPRESENTATION_CONTEXT(2) 
PARAMETRIC_REPRESENTATION_CONTEXT() REPRESENTATION_CONTEXT('2D SPACE',''
  ) );
#4962 = PCURVE('',#736,#4963);
#4963 = DEFINITIONAL_REPRESENTATION('',(#4964),#4968);
#4964 = LINE('',#4965,#4966);
#4965 = CARTESIAN_POINT('',(0.,64.8));
#4966 = VECTOR('',#4967,1.);
#4967 = DIRECTION('',(-0.,-1.));
#4968 = ( GEOMETRIC_REPRESENTATION_CONTEXT(2) 
PARAMETRIC_REPRESENTATION_CONTEXT() REPRESENTATION_CONTEXT('2D SPACE',''
  ) );
#4969 = ORIENTED_EDGE('',*,*,#4970,.F.);
#4970 = EDGE_CURVE('',#4924,#4948,#4971,.T.);
#4971 = SURFACE_CURVE('',#4972,(#4976,#4983),.PCURVE_S1.);
#4972 = LINE('',#4973,#4974);
#4973 = CARTESIAN_POINT('',(-15.6,25.7,-5.));
#4974 = VECTOR('',#4975,1.);
#4975 = DIRECTION('',(0.,0.,1.));
#4976 = PCURVE('',#4527,#4977);
#4977 = DEFINITIONAL_REPRESENTATION('',(#4978),#4982);
#4978 = LINE('',#4979,#4980);
#4979 = CARTESIAN_POINT('',(0.,64.8));
#4980 = VECTOR('',#4981,1.);
#4981 = DIRECTION('',(1.,0.));
#4982 = ( GEOMETRIC_REPRESENTATION_CONTEXT(2) 
PARAMETRIC_REPRESENTATION_CONTEXT() REPRESENTATION_CONTEXT('2D SPACE',''
  ) );
#4983 = PCURVE('',#4984,#4989);
#4984 = CYLINDRICAL_SURFACE('',#4985,1.);
#4985 = AXIS2_PLACEMENT_3D('',#4986,#4987,#4988);
#4986 = CARTESIAN_POINT('',(-15.6,24.7,-5.));
#4987 = DIRECTION('',(0.,0.,1.));
#4988 = DIRECTION('',(1.,0.,-0.));
#4989 = DEFINITIONAL_REPRESENTATION('',(#4990),#4994);
#4990 = LINE('',#4991,#4992);
#4991 = CARTESIAN_POINT('',(1.570796326795,0.));
#4992 = VECTOR('',#4993,1.);
#4993 = DIRECTION('',(0.,1.));
#4994 = ( GEOMETRIC_REPRESENTATION_CONTEXT(2) 
PARAMETRIC_REPRESENTATION_CONTEXT() REPRESENTATION_CONTEXT('2D SPACE',''
  ) );
#4995 = ADVANCED_FACE('',(#4996),#4984,.T.);
#4996 = FACE_BOUND('',#4997,.T.);
#4997 = EDGE_LOOP('',(#4998,#5023,#5050,#5051));
#4998 = ORIENTED_EDGE('',*,*,#4999,.F.);
#4999 = EDGE_CURVE('',#5000,#5002,#5004,.T.);
#5000 = VERTEX_POINT('',#5001);
#5001 = CARTESIAN_POINT('',(-14.6,24.7,-4.));
#5002 = VERTEX_POINT('',#5003);
#5003 = CARTESIAN_POINT('',(-14.6,24.7,2.5));
#5004 = SURFACE_CURVE('',#5005,(#5009,#5016),.PCURVE_S1.);
#5005 = LINE('',#5006,#5007);
#5006 = CARTESIAN_POINT('',(-14.6,24.7,-5.));
#5007 = VECTOR('',#5008,1.);
#5008 = DIRECTION('',(0.,0.,1.));
#5009 = PCURVE('',#4984,#5010);
#5010 = DEFINITIONAL_REPRESENTATION('',(#5011),#5015);
#5011 = LINE('',#5012,#5013);
#5012 = CARTESIAN_POINT('',(0.,0.));
#5013 = VECTOR('',#5014,1.);
#5014 = DIRECTION('',(0.,1.));
#5015 = ( GEOMETRIC_REPRESENTATION_CONTEXT(2) 
PARAMETRIC_REPRESENTATION_CONTEXT() REPRESENTATION_CONTEXT('2D SPACE',''
  ) );
#5016 = PCURVE('',#653,#5017);
#5017 = DEFINITIONAL_REPRESENTATION('',(#5018),#5022);
#5018 = LINE('',#5019,#5020);
#5019 = CARTESIAN_POINT('',(-5.,-24.7));
#5020 = VECTOR('',#5021,1.);
#5021 = DIRECTION('',(1.,0.));
#5022 = ( GEOMETRIC_REPRESENTATION_CONTEXT(2) 
PARAMETRIC_REPRESENTATION_CONTEXT() REPRESENTATION_CONTEXT('2D SPACE',''
  ) );
#5023 = ORIENTED_EDGE('',*,*,#5024,.T.);
#5024 = EDGE_CURVE('',#5000,#4924,#5025,.T.);
#5025 = SURFACE_CURVE('',#5026,(#5031,#5038),.PCURVE_S1.);
#5026 = CIRCLE('',#5027,1.);
#5027 = AXIS2_PLACEMENT_3D('',#5028,#5029,#5030);
#5028 = CARTESIAN_POINT('',(-15.6,24.7,-4.));
#5029 = DIRECTION('',(0.,0.,1.));
#5030 = DIRECTION('',(1.,0.,-0.));
#5031 = PCURVE('',#4984,#5032);
#5032 = DEFINITIONAL_REPRESENTATION('',(#5033),#5037);
#5033 = LINE('',#5034,#5035);
#5034 = CARTESIAN_POINT('',(0.,1.));
#5035 = VECTOR('',#5036,1.);
#5036 = DIRECTION('',(1.,0.));
#5037 = ( GEOMETRIC_REPRESENTATION_CONTEXT(2) 
PARAMETRIC_REPRESENTATION_CONTEXT() REPRESENTATION_CONTEXT('2D SPACE',''
  ) );
#5038 = PCURVE('',#5039,#5044);
#5039 = SPHERICAL_SURFACE('',#5040,1.);
#5040 = AXIS2_PLACEMENT_3D('',#5041,#5042,#5043);
#5041 = CARTESIAN_POINT('',(-15.6,24.7,-4.));
#5042 = DIRECTION('',(0.,0.,1.));
#5043 = DIRECTION('',(1.,0.,-0.));
#5044 = DEFINITIONAL_REPRESENTATION('',(#5045),#5049);
#5045 = LINE('',#5046,#5047);
#5046 = CARTESIAN_POINT('',(0.,0.));
#5047 = VECTOR('',#5048,1.);
#5048 = DIRECTION('',(1.,0.));
#5049 = ( GEOMETRIC_REPRESENTATION_CONTEXT(2) 
PARAMETRIC_REPRESENTATION_CONTEXT() REPRESENTATION_CONTEXT('2D SPACE',''
  ) );
#5050 = ORIENTED_EDGE('',*,*,#4970,.T.);
#5051 = ORIENTED_EDGE('',*,*,#5052,.T.);
#5052 = EDGE_CURVE('',#4948,#5002,#5053,.T.);
#5053 = SURFACE_CURVE('',#5054,(#5059,#5065),.PCURVE_S1.);
#5054 = CIRCLE('',#5055,1.);
#5055 = AXIS2_PLACEMENT_3D('',#5056,#5057,#5058);
#5056 = CARTESIAN_POINT('',(-15.6,24.7,2.5));
#5057 = DIRECTION('',(0.,0.,-1.));
#5058 = DIRECTION('',(1.,0.,0.));
#5059 = PCURVE('',#4984,#5060);
#5060 = DEFINITIONAL_REPRESENTATION('',(#5061),#5064);
#5061 = B_SPLINE_CURVE_WITH_KNOTS('',1,(#5062,#5063),.UNSPECIFIED.,.F.,
  .F.,(2,2),(4.712388980385,6.28318530718),.PIECEWISE_BEZIER_KNOTS.);
#5062 = CARTESIAN_POINT('',(1.570796326795,7.5));
#5063 = CARTESIAN_POINT('',(0.,7.5));
#5064 = ( GEOMETRIC_REPRESENTATION_CONTEXT(2) 
PARAMETRIC_REPRESENTATION_CONTEXT() REPRESENTATION_CONTEXT('2D SPACE',''
  ) );
#5065 = PCURVE('',#5066,#5071);
#5066 = SPHERICAL_SURFACE('',#5067,1.);
#5067 = AXIS2_PLACEMENT_3D('',#5068,#5069,#5070);
#5068 = CARTESIAN_POINT('',(-15.6,24.7,2.5));
#5069 = DIRECTION('',(-0.,-1.,-0.));
#5070 = DIRECTION('',(1.,-0.,0.));
#5071 = DEFINITIONAL_REPRESENTATION('',(#5072),#5075);
#5072 = B_SPLINE_CURVE_WITH_KNOTS('',1,(#5073,#5074),.UNSPECIFIED.,.F.,
  .F.,(2,2),(4.712388980385,6.28318530718),.PIECEWISE_BEZIER_KNOTS.);
#5073 = CARTESIAN_POINT('',(0.,-1.570796326795));
#5074 = CARTESIAN_POINT('',(0.,0.));
#5075 = ( GEOMETRIC_REPRESENTATION_CONTEXT(2) 
PARAMETRIC_REPRESENTATION_CONTEXT() REPRESENTATION_CONTEXT('2D SPACE',''
  ) );
#5076 = ADVANCED_FACE('',(#5077),#5066,.T.);
#5077 = FACE_BOUND('',#5078,.T.);
#5078 = EDGE_LOOP('',(#5079,#5080,#5100));
#5079 = ORIENTED_EDGE('',*,*,#5052,.F.);
#5080 = ORIENTED_EDGE('',*,*,#5081,.T.);
#5081 = EDGE_CURVE('',#4948,#693,#5082,.T.);
#5082 = SURFACE_CURVE('',#5083,(#5088,#5094),.PCURVE_S1.);
#5083 = CIRCLE('',#5084,1.);
#5084 = AXIS2_PLACEMENT_3D('',#5085,#5086,#5087);
#5085 = CARTESIAN_POINT('',(-15.6,24.7,2.5));
#5086 = DIRECTION('',(1.,0.,-6.123233995737E-17));
#5087 = DIRECTION('',(6.123233995737E-17,0.,1.));
#5088 = PCURVE('',#5066,#5089);
#5089 = DEFINITIONAL_REPRESENTATION('',(#5090),#5093);
#5090 = B_SPLINE_CURVE_WITH_KNOTS('',1,(#5091,#5092),.UNSPECIFIED.,.F.,
  .F.,(2,2),(4.712388980385,6.28318530718),.PIECEWISE_BEZIER_KNOTS.);
#5091 = CARTESIAN_POINT('',(1.570796326795,-1.570796326795));
#5092 = CARTESIAN_POINT('',(1.570796326795,0.));
#5093 = ( GEOMETRIC_REPRESENTATION_CONTEXT(2) 
PARAMETRIC_REPRESENTATION_CONTEXT() REPRESENTATION_CONTEXT('2D SPACE',''
  ) );
#5094 = PCURVE('',#736,#5095);
#5095 = DEFINITIONAL_REPRESENTATION('',(#5096),#5099);
#5096 = B_SPLINE_CURVE_WITH_KNOTS('',1,(#5097,#5098),.UNSPECIFIED.,.F.,
  .F.,(2,2),(4.712388980385,6.28318530718),.PIECEWISE_BEZIER_KNOTS.);
#5097 = CARTESIAN_POINT('',(0.,64.8));
#5098 = CARTESIAN_POINT('',(1.570796326795,64.8));
#5099 = ( GEOMETRIC_REPRESENTATION_CONTEXT(2) 
PARAMETRIC_REPRESENTATION_CONTEXT() REPRESENTATION_CONTEXT('2D SPACE',''
  ) );
#5100 = ORIENTED_EDGE('',*,*,#5101,.F.);
#5101 = EDGE_CURVE('',#5002,#693,#5102,.T.);
#5102 = SURFACE_CURVE('',#5103,(#5108,#5115),.PCURVE_S1.);
#5103 = CIRCLE('',#5104,1.);
#5104 = AXIS2_PLACEMENT_3D('',#5105,#5106,#5107);
#5105 = CARTESIAN_POINT('',(-15.6,24.7,2.5));
#5106 = DIRECTION('',(-0.,-1.,0.));
#5107 = DIRECTION('',(1.,-0.,0.));
#5108 = PCURVE('',#5066,#5109);
#5109 = DEFINITIONAL_REPRESENTATION('',(#5110),#5114);
#5110 = LINE('',#5111,#5112);
#5111 = CARTESIAN_POINT('',(0.,0.));
#5112 = VECTOR('',#5113,1.);
#5113 = DIRECTION('',(1.,0.));
#5114 = ( GEOMETRIC_REPRESENTATION_CONTEXT(2) 
PARAMETRIC_REPRESENTATION_CONTEXT() REPRESENTATION_CONTEXT('2D SPACE',''
  ) );
#5115 = PCURVE('',#708,#5116);
#5116 = DEFINITIONAL_REPRESENTATION('',(#5117),#5121);
#5117 = LINE('',#5118,#5119);
#5118 = CARTESIAN_POINT('',(-0.,53.7));
#5119 = VECTOR('',#5120,1.);
#5120 = DIRECTION('',(-1.,0.));
#5121 = ( GEOMETRIC_REPRESENTATION_CONTEXT(2) 
PARAMETRIC_REPRESENTATION_CONTEXT() REPRESENTATION_CONTEXT('2D SPACE',''
  ) );
#5122 = ADVANCED_FACE('',(#5123),#5039,.T.);
#5123 = FACE_BOUND('',#5124,.T.);
#5124 = EDGE_LOOP('',(#5125,#5147,#5167));
#5125 = ORIENTED_EDGE('',*,*,#5126,.F.);
#5126 = EDGE_CURVE('',#5127,#5000,#5129,.T.);
#5127 = VERTEX_POINT('',#5128);
#5128 = CARTESIAN_POINT('',(-15.6,24.7,-5.));
#5129 = SURFACE_CURVE('',#5130,(#5135,#5141),.PCURVE_S1.);
#5130 = CIRCLE('',#5131,1.);
#5131 = AXIS2_PLACEMENT_3D('',#5132,#5133,#5134);
#5132 = CARTESIAN_POINT('',(-15.6,24.7,-4.));
#5133 = DIRECTION('',(0.,-1.,0.));
#5134 = DIRECTION('',(1.,0.,0.));
#5135 = PCURVE('',#5039,#5136);
#5136 = DEFINITIONAL_REPRESENTATION('',(#5137),#5140);
#5137 = B_SPLINE_CURVE_WITH_KNOTS('',1,(#5138,#5139),.UNSPECIFIED.,.F.,
  .F.,(2,2),(4.712388980385,6.28318530718),.PIECEWISE_BEZIER_KNOTS.);
#5138 = CARTESIAN_POINT('',(0.,-1.570796326795));
#5139 = CARTESIAN_POINT('',(0.,0.));
#5140 = ( GEOMETRIC_REPRESENTATION_CONTEXT(2) 
PARAMETRIC_REPRESENTATION_CONTEXT() REPRESENTATION_CONTEXT('2D SPACE',''
  ) );
#5141 = PCURVE('',#3719,#5142);
#5142 = DEFINITIONAL_REPRESENTATION('',(#5143),#5146);
#5143 = B_SPLINE_CURVE_WITH_KNOTS('',1,(#5144,#5145),.UNSPECIFIED.,.F.,
  .F.,(2,2),(4.712388980385,6.28318530718),.PIECEWISE_BEZIER_KNOTS.);
#5144 = CARTESIAN_POINT('',(1.570796326795,53.7));
#5145 = CARTESIAN_POINT('',(0.,53.7));
#5146 = ( GEOMETRIC_REPRESENTATION_CONTEXT(2) 
PARAMETRIC_REPRESENTATION_CONTEXT() REPRESENTATION_CONTEXT('2D SPACE',''
  ) );
#5147 = ORIENTED_EDGE('',*,*,#5148,.T.);
#5148 = EDGE_CURVE('',#5127,#4924,#5149,.T.);
#5149 = SURFACE_CURVE('',#5150,(#5155,#5161),.PCURVE_S1.);
#5150 = CIRCLE('',#5151,1.);
#5151 = AXIS2_PLACEMENT_3D('',#5152,#5153,#5154);
#5152 = CARTESIAN_POINT('',(-15.6,24.7,-4.));
#5153 = DIRECTION('',(1.,-6.123233995737E-17,0.));
#5154 = DIRECTION('',(6.123233995737E-17,1.,0.));
#5155 = PCURVE('',#5039,#5156);
#5156 = DEFINITIONAL_REPRESENTATION('',(#5157),#5160);
#5157 = B_SPLINE_CURVE_WITH_KNOTS('',1,(#5158,#5159),.UNSPECIFIED.,.F.,
  .F.,(2,2),(4.712388980385,6.28318530718),.PIECEWISE_BEZIER_KNOTS.);
#5158 = CARTESIAN_POINT('',(1.570796326795,-1.570796326795));
#5159 = CARTESIAN_POINT('',(1.570796326795,0.));
#5160 = ( GEOMETRIC_REPRESENTATION_CONTEXT(2) 
PARAMETRIC_REPRESENTATION_CONTEXT() REPRESENTATION_CONTEXT('2D SPACE',''
  ) );
#5161 = PCURVE('',#4487,#5162);
#5162 = DEFINITIONAL_REPRESENTATION('',(#5163),#5166);
#5163 = B_SPLINE_CURVE_WITH_KNOTS('',1,(#5164,#5165),.UNSPECIFIED.,.F.,
  .F.,(2,2),(4.712388980385,6.28318530718),.PIECEWISE_BEZIER_KNOTS.);
#5164 = CARTESIAN_POINT('',(-1.570796326795,64.8));
#5165 = CARTESIAN_POINT('',(0.,64.8));
#5166 = ( GEOMETRIC_REPRESENTATION_CONTEXT(2) 
PARAMETRIC_REPRESENTATION_CONTEXT() REPRESENTATION_CONTEXT('2D SPACE',''
  ) );
#5167 = ORIENTED_EDGE('',*,*,#5024,.F.);
#5168 = ADVANCED_FACE('',(#5169),#4850,.T.);
#5169 = FACE_BOUND('',#5170,.T.);
#5170 = EDGE_LOOP('',(#5171,#5194,#5222,#5243));
#5171 = ORIENTED_EDGE('',*,*,#5172,.F.);
#5172 = EDGE_CURVE('',#5173,#4834,#5175,.T.);
#5173 = VERTEX_POINT('',#5174);
#5174 = CARTESIAN_POINT('',(-79.4,25.7,-4.));
#5175 = SURFACE_CURVE('',#5176,(#5180,#5187),.PCURVE_S1.);
#5176 = LINE('',#5177,#5178);
#5177 = CARTESIAN_POINT('',(-79.4,25.7,-4.));
#5178 = VECTOR('',#5179,1.);
#5179 = DIRECTION('',(1.,0.,-2.343322050185E-16));
#5180 = PCURVE('',#4850,#5181);
#5181 = DEFINITIONAL_REPRESENTATION('',(#5182),#5186);
#5182 = LINE('',#5183,#5184);
#5183 = CARTESIAN_POINT('',(1.,1.));
#5184 = VECTOR('',#5185,1.);
#5185 = DIRECTION('',(-2.343322050185E-16,1.));
#5186 = ( GEOMETRIC_REPRESENTATION_CONTEXT(2) 
PARAMETRIC_REPRESENTATION_CONTEXT() REPRESENTATION_CONTEXT('2D SPACE',''
  ) );
#5187 = PCURVE('',#4487,#5188);
#5188 = DEFINITIONAL_REPRESENTATION('',(#5189),#5193);
#5189 = LINE('',#5190,#5191);
#5190 = CARTESIAN_POINT('',(-0.,1.));
#5191 = VECTOR('',#5192,1.);
#5192 = DIRECTION('',(-0.,1.));
#5193 = ( GEOMETRIC_REPRESENTATION_CONTEXT(2) 
PARAMETRIC_REPRESENTATION_CONTEXT() REPRESENTATION_CONTEXT('2D SPACE',''
  ) );
#5194 = ORIENTED_EDGE('',*,*,#5195,.T.);
#5195 = EDGE_CURVE('',#5173,#5196,#5198,.T.);
#5196 = VERTEX_POINT('',#5197);
#5197 = CARTESIAN_POINT('',(-79.4,25.7,2.5));
#5198 = SURFACE_CURVE('',#5199,(#5203,#5210),.PCURVE_S1.);
#5199 = LINE('',#5200,#5201);
#5200 = CARTESIAN_POINT('',(-79.4,25.7,-5.));
#5201 = VECTOR('',#5202,1.);
#5202 = DIRECTION('',(0.,0.,1.));
#5203 = PCURVE('',#4850,#5204);
#5204 = DEFINITIONAL_REPRESENTATION('',(#5205),#5209);
#5205 = LINE('',#5206,#5207);
#5206 = CARTESIAN_POINT('',(0.,1.));
#5207 = VECTOR('',#5208,1.);
#5208 = DIRECTION('',(1.,0.));
#5209 = ( GEOMETRIC_REPRESENTATION_CONTEXT(2) 
PARAMETRIC_REPRESENTATION_CONTEXT() REPRESENTATION_CONTEXT('2D SPACE',''
  ) );
#5210 = PCURVE('',#5211,#5216);
#5211 = CYLINDRICAL_SURFACE('',#5212,1.);
#5212 = AXIS2_PLACEMENT_3D('',#5213,#5214,#5215);
#5213 = CARTESIAN_POINT('',(-79.4,24.7,-5.));
#5214 = DIRECTION('',(0.,0.,1.));
#5215 = DIRECTION('',(-1.,-0.,0.));
#5216 = DEFINITIONAL_REPRESENTATION('',(#5217),#5221);
#5217 = LINE('',#5218,#5219);
#5218 = CARTESIAN_POINT('',(-1.570796326795,0.));
#5219 = VECTOR('',#5220,1.);
#5220 = DIRECTION('',(-0.,1.));
#5221 = ( GEOMETRIC_REPRESENTATION_CONTEXT(2) 
PARAMETRIC_REPRESENTATION_CONTEXT() REPRESENTATION_CONTEXT('2D SPACE',''
  ) );
#5222 = ORIENTED_EDGE('',*,*,#5223,.F.);
#5223 = EDGE_CURVE('',#4544,#5196,#5224,.T.);
#5224 = SURFACE_CURVE('',#5225,(#5229,#5236),.PCURVE_S1.);
#5225 = LINE('',#5226,#5227);
#5226 = CARTESIAN_POINT('',(-50.9985711369,25.7,2.5));
#5227 = VECTOR('',#5228,1.);
#5228 = DIRECTION('',(-1.,0.,1.344709529623E-15));
#5229 = PCURVE('',#4850,#5230);
#5230 = DEFINITIONAL_REPRESENTATION('',(#5231),#5235);
#5231 = LINE('',#5232,#5233);
#5232 = CARTESIAN_POINT('',(7.5,29.401428863093));
#5233 = VECTOR('',#5234,1.);
#5234 = DIRECTION('',(1.344709529623E-15,-1.));
#5235 = ( GEOMETRIC_REPRESENTATION_CONTEXT(2) 
PARAMETRIC_REPRESENTATION_CONTEXT() REPRESENTATION_CONTEXT('2D SPACE',''
  ) );
#5236 = PCURVE('',#736,#5237);
#5237 = DEFINITIONAL_REPRESENTATION('',(#5238),#5242);
#5238 = LINE('',#5239,#5240);
#5239 = CARTESIAN_POINT('',(0.,29.401428863093));
#5240 = VECTOR('',#5241,1.);
#5241 = DIRECTION('',(-0.,-1.));
#5242 = ( GEOMETRIC_REPRESENTATION_CONTEXT(2) 
PARAMETRIC_REPRESENTATION_CONTEXT() REPRESENTATION_CONTEXT('2D SPACE',''
  ) );
#5243 = ORIENTED_EDGE('',*,*,#4833,.T.);
#5244 = ADVANCED_FACE('',(#5245),#5211,.T.);
#5245 = FACE_BOUND('',#5246,.F.);
#5246 = EDGE_LOOP('',(#5247,#5277,#5304,#5305));
#5247 = ORIENTED_EDGE('',*,*,#5248,.F.);
#5248 = EDGE_CURVE('',#5249,#5251,#5253,.T.);
#5249 = VERTEX_POINT('',#5250);
#5250 = CARTESIAN_POINT('',(-80.4,24.7,-4.));
#5251 = VERTEX_POINT('',#5252);
#5252 = CARTESIAN_POINT('',(-80.4,24.7,2.5));
#5253 = SURFACE_CURVE('',#5254,(#5258,#5265),.PCURVE_S1.);
#5254 = LINE('',#5255,#5256);
#5255 = CARTESIAN_POINT('',(-80.4,24.7,-5.));
#5256 = VECTOR('',#5257,1.);
#5257 = DIRECTION('',(0.,0.,1.));
#5258 = PCURVE('',#5211,#5259);
#5259 = DEFINITIONAL_REPRESENTATION('',(#5260),#5264);
#5260 = LINE('',#5261,#5262);
#5261 = CARTESIAN_POINT('',(-0.,0.));
#5262 = VECTOR('',#5263,1.);
#5263 = DIRECTION('',(-0.,1.));
#5264 = ( GEOMETRIC_REPRESENTATION_CONTEXT(2) 
PARAMETRIC_REPRESENTATION_CONTEXT() REPRESENTATION_CONTEXT('2D SPACE',''
  ) );
#5265 = PCURVE('',#5266,#5271);
#5266 = PLANE('',#5267);
#5267 = AXIS2_PLACEMENT_3D('',#5268,#5269,#5270);
#5268 = CARTESIAN_POINT('',(-80.4,-29.,-5.));
#5269 = DIRECTION('',(1.,0.,0.));
#5270 = DIRECTION('',(0.,0.,1.));
#5271 = DEFINITIONAL_REPRESENTATION('',(#5272),#5276);
#5272 = LINE('',#5273,#5274);
#5273 = CARTESIAN_POINT('',(0.,-53.7));
#5274 = VECTOR('',#5275,1.);
#5275 = DIRECTION('',(1.,0.));
#5276 = ( GEOMETRIC_REPRESENTATION_CONTEXT(2) 
PARAMETRIC_REPRESENTATION_CONTEXT() REPRESENTATION_CONTEXT('2D SPACE',''
  ) );
#5277 = ORIENTED_EDGE('',*,*,#5278,.T.);
#5278 = EDGE_CURVE('',#5249,#5173,#5279,.T.);
#5279 = SURFACE_CURVE('',#5280,(#5285,#5292),.PCURVE_S1.);
#5280 = CIRCLE('',#5281,1.);
#5281 = AXIS2_PLACEMENT_3D('',#5282,#5283,#5284);
#5282 = CARTESIAN_POINT('',(-79.4,24.7,-4.));
#5283 = DIRECTION('',(-0.,0.,-1.));
#5284 = DIRECTION('',(-1.,0.,0.));
#5285 = PCURVE('',#5211,#5286);
#5286 = DEFINITIONAL_REPRESENTATION('',(#5287),#5291);
#5287 = LINE('',#5288,#5289);
#5288 = CARTESIAN_POINT('',(-0.,1.));
#5289 = VECTOR('',#5290,1.);
#5290 = DIRECTION('',(-1.,0.));
#5291 = ( GEOMETRIC_REPRESENTATION_CONTEXT(2) 
PARAMETRIC_REPRESENTATION_CONTEXT() REPRESENTATION_CONTEXT('2D SPACE',''
  ) );
#5292 = PCURVE('',#5293,#5298);
#5293 = SPHERICAL_SURFACE('',#5294,1.);
#5294 = AXIS2_PLACEMENT_3D('',#5295,#5296,#5297);
#5295 = CARTESIAN_POINT('',(-79.4,24.7,-4.));
#5296 = DIRECTION('',(0.,0.,1.));
#5297 = DIRECTION('',(-1.,0.,0.));
#5298 = DEFINITIONAL_REPRESENTATION('',(#5299),#5303);
#5299 = LINE('',#5300,#5301);
#5300 = CARTESIAN_POINT('',(-0.,0.));
#5301 = VECTOR('',#5302,1.);
#5302 = DIRECTION('',(-1.,0.));
#5303 = ( GEOMETRIC_REPRESENTATION_CONTEXT(2) 
PARAMETRIC_REPRESENTATION_CONTEXT() REPRESENTATION_CONTEXT('2D SPACE',''
  ) );
#5304 = ORIENTED_EDGE('',*,*,#5195,.T.);
#5305 = ORIENTED_EDGE('',*,*,#5306,.T.);
#5306 = EDGE_CURVE('',#5196,#5251,#5307,.T.);
#5307 = SURFACE_CURVE('',#5308,(#5313,#5319),.PCURVE_S1.);
#5308 = CIRCLE('',#5309,1.);
#5309 = AXIS2_PLACEMENT_3D('',#5310,#5311,#5312);
#5310 = CARTESIAN_POINT('',(-79.4,24.7,2.5));
#5311 = DIRECTION('',(0.,0.,1.));
#5312 = DIRECTION('',(-1.,0.,0.));
#5313 = PCURVE('',#5211,#5314);
#5314 = DEFINITIONAL_REPRESENTATION('',(#5315),#5318);
#5315 = B_SPLINE_CURVE_WITH_KNOTS('',1,(#5316,#5317),.UNSPECIFIED.,.F.,
  .F.,(2,2),(4.712388980385,6.28318530718),.PIECEWISE_BEZIER_KNOTS.);
#5316 = CARTESIAN_POINT('',(-1.570796326795,7.5));
#5317 = CARTESIAN_POINT('',(0.,7.5));
#5318 = ( GEOMETRIC_REPRESENTATION_CONTEXT(2) 
PARAMETRIC_REPRESENTATION_CONTEXT() REPRESENTATION_CONTEXT('2D SPACE',''
  ) );
#5319 = PCURVE('',#5320,#5325);
#5320 = SPHERICAL_SURFACE('',#5321,1.);
#5321 = AXIS2_PLACEMENT_3D('',#5322,#5323,#5324);
#5322 = CARTESIAN_POINT('',(-79.4,24.7,2.5));
#5323 = DIRECTION('',(-0.,-1.,-0.));
#5324 = DIRECTION('',(-1.,0.,0.));
#5325 = DEFINITIONAL_REPRESENTATION('',(#5326),#5329);
#5326 = B_SPLINE_CURVE_WITH_KNOTS('',1,(#5327,#5328),.UNSPECIFIED.,.F.,
  .F.,(2,2),(4.712388980385,6.28318530718),.PIECEWISE_BEZIER_KNOTS.);
#5327 = CARTESIAN_POINT('',(0.,-1.570796326795));
#5328 = CARTESIAN_POINT('',(0.,0.));
#5329 = ( GEOMETRIC_REPRESENTATION_CONTEXT(2) 
PARAMETRIC_REPRESENTATION_CONTEXT() REPRESENTATION_CONTEXT('2D SPACE',''
  ) );
#5330 = ADVANCED_FACE('',(#5331),#5320,.T.);
#5331 = FACE_BOUND('',#5332,.F.);
#5332 = EDGE_LOOP('',(#5333,#5334,#5354));
#5333 = ORIENTED_EDGE('',*,*,#5306,.F.);
#5334 = ORIENTED_EDGE('',*,*,#5335,.T.);
#5335 = EDGE_CURVE('',#5196,#721,#5336,.T.);
#5336 = SURFACE_CURVE('',#5337,(#5342,#5348),.PCURVE_S1.);
#5337 = CIRCLE('',#5338,1.);
#5338 = AXIS2_PLACEMENT_3D('',#5339,#5340,#5341);
#5339 = CARTESIAN_POINT('',(-79.4,24.7,2.5));
#5340 = DIRECTION('',(1.,0.,6.123233995737E-17));
#5341 = DIRECTION('',(-6.123233995737E-17,0.,1.));
#5342 = PCURVE('',#5320,#5343);
#5343 = DEFINITIONAL_REPRESENTATION('',(#5344),#5347);
#5344 = B_SPLINE_CURVE_WITH_KNOTS('',1,(#5345,#5346),.UNSPECIFIED.,.F.,
  .F.,(2,2),(4.712388980385,6.28318530718),.PIECEWISE_BEZIER_KNOTS.);
#5345 = CARTESIAN_POINT('',(-1.570796326795,-1.570796326795));
#5346 = CARTESIAN_POINT('',(-1.570796326795,0.));
#5347 = ( GEOMETRIC_REPRESENTATION_CONTEXT(2) 
PARAMETRIC_REPRESENTATION_CONTEXT() REPRESENTATION_CONTEXT('2D SPACE',''
  ) );
#5348 = PCURVE('',#736,#5349);
#5349 = DEFINITIONAL_REPRESENTATION('',(#5350),#5353);
#5350 = B_SPLINE_CURVE_WITH_KNOTS('',1,(#5351,#5352),.UNSPECIFIED.,.F.,
  .F.,(2,2),(4.712388980385,6.28318530718),.PIECEWISE_BEZIER_KNOTS.);
#5351 = CARTESIAN_POINT('',(0.,1.));
#5352 = CARTESIAN_POINT('',(1.570796326795,1.));
#5353 = ( GEOMETRIC_REPRESENTATION_CONTEXT(2) 
PARAMETRIC_REPRESENTATION_CONTEXT() REPRESENTATION_CONTEXT('2D SPACE',''
  ) );
#5354 = ORIENTED_EDGE('',*,*,#5355,.F.);
#5355 = EDGE_CURVE('',#5251,#721,#5356,.T.);
#5356 = SURFACE_CURVE('',#5357,(#5362,#5369),.PCURVE_S1.);
#5357 = CIRCLE('',#5358,1.);
#5358 = AXIS2_PLACEMENT_3D('',#5359,#5360,#5361);
#5359 = CARTESIAN_POINT('',(-79.4,24.7,2.5));
#5360 = DIRECTION('',(0.,1.,0.));
#5361 = DIRECTION('',(-1.,0.,0.));
#5362 = PCURVE('',#5320,#5363);
#5363 = DEFINITIONAL_REPRESENTATION('',(#5364),#5368);
#5364 = LINE('',#5365,#5366);
#5365 = CARTESIAN_POINT('',(-0.,0.));
#5366 = VECTOR('',#5367,1.);
#5367 = DIRECTION('',(-1.,0.));
#5368 = ( GEOMETRIC_REPRESENTATION_CONTEXT(2) 
PARAMETRIC_REPRESENTATION_CONTEXT() REPRESENTATION_CONTEXT('2D SPACE',''
  ) );
#5369 = PCURVE('',#764,#5370);
#5370 = DEFINITIONAL_REPRESENTATION('',(#5371),#5375);
#5371 = LINE('',#5372,#5373);
#5372 = CARTESIAN_POINT('',(0.,53.7));
#5373 = VECTOR('',#5374,1.);
#5374 = DIRECTION('',(1.,0.));
#5375 = ( GEOMETRIC_REPRESENTATION_CONTEXT(2) 
PARAMETRIC_REPRESENTATION_CONTEXT() REPRESENTATION_CONTEXT('2D SPACE',''
  ) );
#5376 = ADVANCED_FACE('',(#5377),#5293,.T.);
#5377 = FACE_BOUND('',#5378,.F.);
#5378 = EDGE_LOOP('',(#5379,#5406,#5426));
#5379 = ORIENTED_EDGE('',*,*,#5380,.F.);
#5380 = EDGE_CURVE('',#5381,#5249,#5383,.T.);
#5381 = VERTEX_POINT('',#5382);
#5382 = CARTESIAN_POINT('',(-79.4,24.7,-5.));
#5383 = SURFACE_CURVE('',#5384,(#5389,#5395),.PCURVE_S1.);
#5384 = CIRCLE('',#5385,1.);
#5385 = AXIS2_PLACEMENT_3D('',#5386,#5387,#5388);
#5386 = CARTESIAN_POINT('',(-79.4,24.7,-4.));
#5387 = DIRECTION('',(0.,1.,-0.));
#5388 = DIRECTION('',(-1.,0.,0.));
#5389 = PCURVE('',#5293,#5390);
#5390 = DEFINITIONAL_REPRESENTATION('',(#5391),#5394);
#5391 = B_SPLINE_CURVE_WITH_KNOTS('',1,(#5392,#5393),.UNSPECIFIED.,.F.,
  .F.,(2,2),(4.712388980385,6.28318530718),.PIECEWISE_BEZIER_KNOTS.);
#5392 = CARTESIAN_POINT('',(0.,-1.570796326795));
#5393 = CARTESIAN_POINT('',(0.,0.));
#5394 = ( GEOMETRIC_REPRESENTATION_CONTEXT(2) 
PARAMETRIC_REPRESENTATION_CONTEXT() REPRESENTATION_CONTEXT('2D SPACE',''
  ) );
#5395 = PCURVE('',#5396,#5401);
#5396 = CYLINDRICAL_SURFACE('',#5397,1.);
#5397 = AXIS2_PLACEMENT_3D('',#5398,#5399,#5400);
#5398 = CARTESIAN_POINT('',(-79.4,-29.,-4.));
#5399 = DIRECTION('',(0.,1.,0.));
#5400 = DIRECTION('',(-1.,0.,0.));
#5401 = DEFINITIONAL_REPRESENTATION('',(#5402),#5405);
#5402 = B_SPLINE_CURVE_WITH_KNOTS('',1,(#5403,#5404),.UNSPECIFIED.,.F.,
  .F.,(2,2),(4.712388980385,6.28318530718),.PIECEWISE_BEZIER_KNOTS.);
#5403 = CARTESIAN_POINT('',(-1.570796326795,53.7));
#5404 = CARTESIAN_POINT('',(0.,53.7));
#5405 = ( GEOMETRIC_REPRESENTATION_CONTEXT(2) 
PARAMETRIC_REPRESENTATION_CONTEXT() REPRESENTATION_CONTEXT('2D SPACE',''
  ) );
#5406 = ORIENTED_EDGE('',*,*,#5407,.T.);
#5407 = EDGE_CURVE('',#5381,#5173,#5408,.T.);
#5408 = SURFACE_CURVE('',#5409,(#5414,#5420),.PCURVE_S1.);
#5409 = CIRCLE('',#5410,1.);
#5410 = AXIS2_PLACEMENT_3D('',#5411,#5412,#5413);
#5411 = CARTESIAN_POINT('',(-79.4,24.7,-4.));
#5412 = DIRECTION('',(1.,6.123233995737E-17,-0.));
#5413 = DIRECTION('',(-6.123233995737E-17,1.,0.));
#5414 = PCURVE('',#5293,#5415);
#5415 = DEFINITIONAL_REPRESENTATION('',(#5416),#5419);
#5416 = B_SPLINE_CURVE_WITH_KNOTS('',1,(#5417,#5418),.UNSPECIFIED.,.F.,
  .F.,(2,2),(4.712388980385,6.28318530718),.PIECEWISE_BEZIER_KNOTS.);
#5417 = CARTESIAN_POINT('',(-1.570796326795,-1.570796326795));
#5418 = CARTESIAN_POINT('',(-1.570796326795,0.));
#5419 = ( GEOMETRIC_REPRESENTATION_CONTEXT(2) 
PARAMETRIC_REPRESENTATION_CONTEXT() REPRESENTATION_CONTEXT('2D SPACE',''
  ) );
#5420 = PCURVE('',#4487,#5421);
#5421 = DEFINITIONAL_REPRESENTATION('',(#5422),#5425);
#5422 = B_SPLINE_CURVE_WITH_KNOTS('',1,(#5423,#5424),.UNSPECIFIED.,.F.,
  .F.,(2,2),(4.712388980385,6.28318530718),.PIECEWISE_BEZIER_KNOTS.);
#5423 = CARTESIAN_POINT('',(-1.570796326795,1.));
#5424 = CARTESIAN_POINT('',(0.,1.));
#5425 = ( GEOMETRIC_REPRESENTATION_CONTEXT(2) 
PARAMETRIC_REPRESENTATION_CONTEXT() REPRESENTATION_CONTEXT('2D SPACE',''
  ) );
#5426 = ORIENTED_EDGE('',*,*,#5278,.F.);
#5427 = ADVANCED_FACE('',(#5428),#5396,.T.);
#5428 = FACE_BOUND('',#5429,.F.);
#5429 = EDGE_LOOP('',(#5430,#5567,#5588,#5589));
#5430 = ORIENTED_EDGE('',*,*,#5431,.T.);
#5431 = EDGE_CURVE('',#5432,#5434,#5436,.T.);
#5432 = VERTEX_POINT('',#5433);
#5433 = CARTESIAN_POINT('',(-80.4,5.12347538298,-4.));
#5434 = VERTEX_POINT('',#5435);
#5435 = CARTESIAN_POINT('',(-79.4,4.153311931459,-5.));
#5436 = SURFACE_CURVE('',#5437,(#5465,#5516),.PCURVE_S1.);
#5437 = B_SPLINE_CURVE_WITH_KNOTS('',6,(#5438,#5439,#5440,#5441,#5442,
    #5443,#5444,#5445,#5446,#5447,#5448,#5449,#5450,#5451,#5452,#5453,
    #5454,#5455,#5456,#5457,#5458,#5459,#5460,#5461,#5462,#5463,#5464),
  .UNSPECIFIED.,.F.,.F.,(7,5,5,5,5,7),(0.,0.119012554414,0.352263541782,
    0.623108245037,0.733073179571,1.),.UNSPECIFIED.);
#5438 = CARTESIAN_POINT('',(-80.4,5.12347538298,-4.));
#5439 = CARTESIAN_POINT('',(-80.4,5.098596791954,-4.03186621217));
#5440 = CARTESIAN_POINT('',(-80.39878145575,5.073484116793,
    -4.063541902489));
#5441 = CARTESIAN_POINT('',(-80.39637167744,5.048176418213,
    -4.094977413001));
#5442 = CARTESIAN_POINT('',(-80.39279925596,5.022714675141,
    -4.126125420982));
#5443 = CARTESIAN_POINT('',(-80.38809406294,4.997141784702,
    -4.156940938933));
#5444 = CARTESIAN_POINT('',(-80.37090656329,4.921252620226,
    -4.247040967399));
#5445 = CARTESIAN_POINT('',(-80.35529867968,4.870765833619,
    -4.305238198325));
#5446 = CARTESIAN_POINT('',(-80.33568505841,4.820300981483,
    -4.361746741793));
#5447 = CARTESIAN_POINT('',(-80.31226398322,4.770138640452,
    -4.416361118101));
#5448 = CARTESIAN_POINT('',(-80.28521201301,4.720584296844,
    -4.468889442529));
#5449 = CARTESIAN_POINT('',(-80.21923879578,4.615523553273,
    -4.577503054468));
#5450 = CARTESIAN_POINT('',(-80.17909120974,4.560320061302,
    -4.632823329809));
#5451 = CARTESIAN_POINT('',(-80.13444793841,4.506837300538,
    -4.684859511387));
#5452 = CARTESIAN_POINT('',(-80.0854648887,4.455640670469,
    -4.733331229081));
#5453 = CARTESIAN_POINT('',(-80.03227343625,4.407409438935,
    -4.777900963447));
#5454 = CARTESIAN_POINT('',(-79.95175394953,4.344915351316,
    -4.834491006522));
#5455 = CARTESIAN_POINT('',(-79.92783073393,4.327492819347,
    -4.850119815914));
#5456 = CARTESIAN_POINT('',(-79.90325307372,4.310755423244,
    -4.865002247227));
#5457 = CARTESIAN_POINT('',(-79.87803918281,4.294765843941,
    -4.879104052987));
#5458 = CARTESIAN_POINT('',(-79.85220802051,4.279587952801,
    -4.892390636623));
#5459 = CARTESIAN_POINT('',(-79.7616266904,4.230572489647,
    -4.935014975121));
#5460 = CARTESIAN_POINT('',(-79.69358929058,4.200827208323,
    -4.960364136517));
#5461 = CARTESIAN_POINT('',(-79.62250694462,4.177429551348,
    -4.979966871257));
#5462 = CARTESIAN_POINT('',(-79.54928042257,4.161396991924,
    -4.993283916896));
#5463 = CARTESIAN_POINT('',(-79.47481155168,4.153311931459,-5.));
#5464 = CARTESIAN_POINT('',(-79.4,4.153311931459,-5.));
#5465 = PCURVE('',#5396,#5466);
#5466 = DEFINITIONAL_REPRESENTATION('',(#5467),#5515);
#5467 = B_SPLINE_CURVE_WITH_KNOTS('',3,(#5468,#5469,#5470,#5471,#5472,
    #5473,#5474,#5475,#5476,#5477,#5478,#5479,#5480,#5481,#5482,#5483,
    #5484,#5485,#5486,#5487,#5488,#5489,#5490,#5491,#5492,#5493,#5494,
    #5495,#5496,#5497,#5498,#5499,#5500,#5501,#5502,#5503,#5504,#5505,
    #5506,#5507,#5508,#5509,#5510,#5511,#5512,#5513,#5514),
  .UNSPECIFIED.,.F.,.F.,(4,1,1,1,1,1,1,1,1,1,1,1,1,1,1,1,1,1,1,1,1,1,1,1
    ,1,1,1,1,1,1,1,1,1,1,1,1,1,1,1,1,1,1,1,1,4),(0.,2.272727272727E-02,
    4.545454545454E-02,6.818181818181E-02,9.090909090908E-02,
    0.113636363636,0.136363636364,0.159090909091,0.181818181818,
    0.204545454545,0.227272727273,0.25,0.272727272727,0.295454545455,
    0.318181818182,0.340909090909,0.363636363636,0.386363636364,
    0.409090909091,0.431818181818,0.454545454545,0.477272727273,0.5,
    0.522727272727,0.545454545454,0.568181818182,0.590909090909,
    0.613636363636,0.636363636364,0.659090909091,0.681818181818,
    0.704545454545,0.727272727273,0.75,0.772727272727,0.795454545454,
    0.818181818182,0.840909090909,0.863636363636,0.886363636364,
    0.909090909091,0.931818181818,0.954545454545,0.977272727273,1.),
  .QUASI_UNIFORM_KNOTS.);
#5468 = CARTESIAN_POINT('',(0.,34.12347538298));
#5469 = CARTESIAN_POINT('',(-1.217064310067E-02,34.113973562402));
#5470 = CARTESIAN_POINT('',(-3.644260833931E-02,34.094884264065));
#5471 = CARTESIAN_POINT('',(-7.264894830981E-02,34.066027467142));
#5472 = CARTESIAN_POINT('',(-0.108660275194,34.036981535127));
#5473 = CARTESIAN_POINT('',(-0.144482344492,34.007781609649));
#5474 = CARTESIAN_POINT('',(-0.180121287206,33.978463041119));
#5475 = CARTESIAN_POINT('',(-0.215580050986,33.949064427708));
#5476 = CARTESIAN_POINT('',(-0.250865417237,33.919621715649));
#5477 = CARTESIAN_POINT('',(-0.285994190488,33.890162916121));
#5478 = CARTESIAN_POINT('',(-0.32098026418,33.860718841114));
#5479 = CARTESIAN_POINT('',(-0.355837878923,33.831320513053));
#5480 = CARTESIAN_POINT('',(-0.39058085914,33.801999881923));
#5481 = CARTESIAN_POINT('',(-0.425222912141,33.772789665227));
#5482 = CARTESIAN_POINT('',(-0.459777680389,33.743723389103));
#5483 = CARTESIAN_POINT('',(-0.494258699172,33.714835501976));
#5484 = CARTESIAN_POINT('',(-0.528679959631,33.686160996902));
#5485 = CARTESIAN_POINT('',(-0.563054124902,33.657736926624));
#5486 = CARTESIAN_POINT('',(-0.597404885779,33.629592469227));
#5487 = CARTESIAN_POINT('',(-0.63174972232,33.601763302076));
#5488 = CARTESIAN_POINT('',(-0.666106366833,33.574286448302));
#5489 = CARTESIAN_POINT('',(-0.700492308779,33.547200801967));
#5490 = CARTESIAN_POINT('',(-0.734924997584,33.520547081593));
#5491 = CARTESIAN_POINT('',(-0.769421859434,33.49436793636));
#5492 = CARTESIAN_POINT('',(-0.804000362134,33.468708013275));
#5493 = CARTESIAN_POINT('',(-0.838678080764,33.443614027797));
#5494 = CARTESIAN_POINT('',(-0.873472724271,33.419134859635));
#5495 = CARTESIAN_POINT('',(-0.90840233485,33.395321544423));
#5496 = CARTESIAN_POINT('',(-0.94348485753,33.372227656718));
#5497 = CARTESIAN_POINT('',(-0.978740083198,33.349908231806));
#5498 = CARTESIAN_POINT('',(-1.014180312363,33.328425504211));
#5499 = CARTESIAN_POINT('',(-1.049813124563,33.307846296439));
#5500 = CARTESIAN_POINT('',(-1.085649955653,33.288236491475));
#5501 = CARTESIAN_POINT('',(-1.121696443409,33.269666367559));
#5502 = CARTESIAN_POINT('',(-1.157983708741,33.252194253143));
#5503 = CARTESIAN_POINT('',(-1.194578338829,33.235868422504));
#5504 = CARTESIAN_POINT('',(-1.231425295687,33.220793899793));
#5505 = CARTESIAN_POINT('',(-1.268501995476,33.207053797393));
#5506 = CARTESIAN_POINT('',(-1.305781287475,33.194727744327));
#5507 = CARTESIAN_POINT('',(-1.343240889578,33.183886712613));
#5508 = CARTESIAN_POINT('',(-1.380860422042,33.174594196524));
#5509 = CARTESIAN_POINT('',(-1.418621808538,33.166905687924));
#5510 = CARTESIAN_POINT('',(-1.456508799884,33.160868720063));
#5511 = CARTESIAN_POINT('',(-1.494506800274,33.1565224471));
#5512 = CARTESIAN_POINT('',(-1.532602489702,33.153898617925));
#5513 = CARTESIAN_POINT('',(-1.558056866446,33.153311234462));
#5514 = CARTESIAN_POINT('',(-1.570796326795,33.153311931459));
#5515 = ( GEOMETRIC_REPRESENTATION_CONTEXT(2) 
PARAMETRIC_REPRESENTATION_CONTEXT() REPRESENTATION_CONTEXT('2D SPACE',''
  ) );
#5516 = PCURVE('',#269,#5517);
#5517 = DEFINITIONAL_REPRESENTATION('',(#5518),#5566);
#5518 = B_SPLINE_CURVE_WITH_KNOTS('',3,(#5519,#5520,#5521,#5522,#5523,
    #5524,#5525,#5526,#5527,#5528,#5529,#5530,#5531,#5532,#5533,#5534,
    #5535,#5536,#5537,#5538,#5539,#5540,#5541,#5542,#5543,#5544,#5545,
    #5546,#5547,#5548,#5549,#5550,#5551,#5552,#5553,#5554,#5555,#5556,
    #5557,#5558,#5559,#5560,#5561,#5562,#5563,#5564,#5565),
  .UNSPECIFIED.,.F.,.F.,(4,1,1,1,1,1,1,1,1,1,1,1,1,1,1,1,1,1,1,1,1,1,1,1
    ,1,1,1,1,1,1,1,1,1,1,1,1,1,1,1,1,1,1,1,1,4),(0.,2.272727272727E-02,
    4.545454545454E-02,6.818181818181E-02,9.090909090908E-02,
    0.113636363636,0.136363636364,0.159090909091,0.181818181818,
    0.204545454545,0.227272727273,0.25,0.272727272727,0.295454545455,
    0.318181818182,0.340909090909,0.363636363636,0.386363636364,
    0.409090909091,0.431818181818,0.454545454545,0.477272727273,0.5,
    0.522727272727,0.545454545454,0.568181818182,0.590909090909,
    0.613636363636,0.636363636364,0.659090909091,0.681818181818,
    0.704545454545,0.727272727273,0.75,0.772727272727,0.795454545454,
    0.818181818182,0.840909090909,0.863636363636,0.886363636364,
    0.909090909091,0.931818181818,0.954545454545,0.977272727273,1.),
  .QUASI_UNIFORM_KNOTS.);
#5519 = CARTESIAN_POINT('',(4.049515156735,5.4));
#5520 = CARTESIAN_POINT('',(4.047139678824,5.399999948903));
#5521 = CARTESIAN_POINT('',(4.042389080096,5.400444416852));
#5522 = CARTESIAN_POINT('',(4.03527194538,5.402421023711));
#5523 = CARTESIAN_POINT('',(4.028171271031,5.405683981707));
#5524 = CARTESIAN_POINT('',(4.021094736902,5.410208856114));
#5525 = CARTESIAN_POINT('',(4.014049843052,5.41597080524));
#5526 = CARTESIAN_POINT('',(4.007044605248,5.422943817193));
#5527 = CARTESIAN_POINT('',(4.000086167859,5.431101913457));
#5528 = CARTESIAN_POINT('',(3.993179610377,5.440421820658));
#5529 = CARTESIAN_POINT('',(3.986330526234,5.450880535922));
#5530 = CARTESIAN_POINT('',(3.979544406685,5.46245590742));
#5531 = CARTESIAN_POINT('',(3.972826817533,5.475126468577));
#5532 = CARTESIAN_POINT('',(3.966183365243,5.488871465671));
#5533 = CARTESIAN_POINT('',(3.959619711947,5.503670858229));
#5534 = CARTESIAN_POINT('',(3.953141604787,5.519505234824));
#5535 = CARTESIAN_POINT('',(3.946754798265,5.536356094489));
#5536 = CARTESIAN_POINT('',(3.940465389426,5.554204750249));
#5537 = CARTESIAN_POINT('',(3.934277639862,5.573039279802));
#5538 = CARTESIAN_POINT('',(3.928197186806,5.592845860387));
#5539 = CARTESIAN_POINT('',(3.922229867303,5.613611585942));
#5540 = CARTESIAN_POINT('',(3.916381842211,5.635324206));
#5541 = CARTESIAN_POINT('',(3.910659584636,5.65797210121));
#5542 = CARTESIAN_POINT('',(3.905069904422,5.681544196142));
#5543 = CARTESIAN_POINT('',(3.899619963194,5.706029886349));
#5544 = CARTESIAN_POINT('',(3.89431729033,5.731418971108));
#5545 = CARTESIAN_POINT('',(3.889169803903,5.757701549181));
#5546 = CARTESIAN_POINT('',(3.884185810086,5.784868056818));
#5547 = CARTESIAN_POINT('',(3.87937408298,5.812908773792));
#5548 = CARTESIAN_POINT('',(3.874743643614,5.841815315041));
#5549 = CARTESIAN_POINT('',(3.870304967124,5.87157274361));
#5550 = CARTESIAN_POINT('',(3.86606940385,5.902160909351));
#5551 = CARTESIAN_POINT('',(3.862048094751,5.933561721746));
#5552 = CARTESIAN_POINT('',(3.858253053917,5.965750536));
#5553 = CARTESIAN_POINT('',(3.854693823525,5.998723926988));
#5554 = CARTESIAN_POINT('',(3.85137798811,6.032511758334));
#5555 = CARTESIAN_POINT('',(3.848324679924,6.067030104324));
#5556 = CARTESIAN_POINT('',(3.845548582843,6.102220090718));
#5557 = CARTESIAN_POINT('',(3.843063749256,6.138015224019));
#5558 = CARTESIAN_POINT('',(3.840882593049,6.174350330342));
#5559 = CARTESIAN_POINT('',(3.8390161741,6.211159325319));
#5560 = CARTESIAN_POINT('',(3.837474130945,6.24837595705));
#5561 = CARTESIAN_POINT('',(3.836264720843,6.285933732566));
#5562 = CARTESIAN_POINT('',(3.8353947748,6.323766043983));
#5563 = CARTESIAN_POINT('',(3.834869879098,6.361806219163));
#5564 = CARTESIAN_POINT('',(3.834752446723,6.387260460649));
#5565 = CARTESIAN_POINT('',(3.834752561167,6.4));
#5566 = ( GEOMETRIC_REPRESENTATION_CONTEXT(2) 
PARAMETRIC_REPRESENTATION_CONTEXT() REPRESENTATION_CONTEXT('2D SPACE',''
  ) );
#5567 = ORIENTED_EDGE('',*,*,#5568,.F.);
#5568 = EDGE_CURVE('',#5381,#5434,#5569,.T.);
#5569 = SURFACE_CURVE('',#5570,(#5574,#5581),.PCURVE_S1.);
#5570 = LINE('',#5571,#5572);
#5571 = CARTESIAN_POINT('',(-79.4,24.7,-5.));
#5572 = VECTOR('',#5573,1.);
#5573 = DIRECTION('',(0.,-1.,0.));
#5574 = PCURVE('',#5396,#5575);
#5575 = DEFINITIONAL_REPRESENTATION('',(#5576),#5580);
#5576 = LINE('',#5577,#5578);
#5577 = CARTESIAN_POINT('',(-1.570796326795,53.7));
#5578 = VECTOR('',#5579,1.);
#5579 = DIRECTION('',(-0.,-1.));
#5580 = ( GEOMETRIC_REPRESENTATION_CONTEXT(2) 
PARAMETRIC_REPRESENTATION_CONTEXT() REPRESENTATION_CONTEXT('2D SPACE',''
  ) );
#5581 = PCURVE('',#3645,#5582);
#5582 = DEFINITIONAL_REPRESENTATION('',(#5583),#5587);
#5583 = LINE('',#5584,#5585);
#5584 = CARTESIAN_POINT('',(1.,53.7));
#5585 = VECTOR('',#5586,1.);
#5586 = DIRECTION('',(0.,-1.));
#5587 = ( GEOMETRIC_REPRESENTATION_CONTEXT(2) 
PARAMETRIC_REPRESENTATION_CONTEXT() REPRESENTATION_CONTEXT('2D SPACE',''
  ) );
#5588 = ORIENTED_EDGE('',*,*,#5380,.T.);
#5589 = ORIENTED_EDGE('',*,*,#5590,.T.);
#5590 = EDGE_CURVE('',#5249,#5432,#5591,.T.);
#5591 = SURFACE_CURVE('',#5592,(#5596,#5603),.PCURVE_S1.);
#5592 = LINE('',#5593,#5594);
#5593 = CARTESIAN_POINT('',(-80.4,24.7,-4.));
#5594 = VECTOR('',#5595,1.);
#5595 = DIRECTION('',(0.,-1.,-2.132369587685E-15));
#5596 = PCURVE('',#5396,#5597);
#5597 = DEFINITIONAL_REPRESENTATION('',(#5598),#5602);
#5598 = LINE('',#5599,#5600);
#5599 = CARTESIAN_POINT('',(-0.,53.7));
#5600 = VECTOR('',#5601,1.);
#5601 = DIRECTION('',(-0.,-1.));
#5602 = ( GEOMETRIC_REPRESENTATION_CONTEXT(2) 
PARAMETRIC_REPRESENTATION_CONTEXT() REPRESENTATION_CONTEXT('2D SPACE',''
  ) );
#5603 = PCURVE('',#5266,#5604);
#5604 = DEFINITIONAL_REPRESENTATION('',(#5605),#5609);
#5605 = LINE('',#5606,#5607);
#5606 = CARTESIAN_POINT('',(1.,-53.7));
#5607 = VECTOR('',#5608,1.);
#5608 = DIRECTION('',(-2.132369587685E-15,1.));
#5609 = ( GEOMETRIC_REPRESENTATION_CONTEXT(2) 
PARAMETRIC_REPRESENTATION_CONTEXT() REPRESENTATION_CONTEXT('2D SPACE',''
  ) );
#5610 = ADVANCED_FACE('',(#5611),#5266,.F.);
#5611 = FACE_BOUND('',#5612,.F.);
#5612 = EDGE_LOOP('',(#5613,#5637,#5638,#5639));
#5613 = ORIENTED_EDGE('',*,*,#5614,.F.);
#5614 = EDGE_CURVE('',#5432,#5615,#5617,.T.);
#5615 = VERTEX_POINT('',#5616);
#5616 = CARTESIAN_POINT('',(-80.4,6.,2.5));
#5617 = SURFACE_CURVE('',#5618,(#5623,#5630),.PCURVE_S1.);
#5618 = CIRCLE('',#5619,6.5);
#5619 = AXIS2_PLACEMENT_3D('',#5620,#5621,#5622);
#5620 = CARTESIAN_POINT('',(-80.4,0.,0.));
#5621 = DIRECTION('',(1.,0.,0.));
#5622 = DIRECTION('',(-0.,0.,1.));
#5623 = PCURVE('',#5266,#5624);
#5624 = DEFINITIONAL_REPRESENTATION('',(#5625),#5629);
#5625 = CIRCLE('',#5626,6.5);
#5626 = AXIS2_PLACEMENT_2D('',#5627,#5628);
#5627 = CARTESIAN_POINT('',(5.,-29.));
#5628 = DIRECTION('',(1.,0.));
#5629 = ( GEOMETRIC_REPRESENTATION_CONTEXT(2) 
PARAMETRIC_REPRESENTATION_CONTEXT() REPRESENTATION_CONTEXT('2D SPACE',''
  ) );
#5630 = PCURVE('',#269,#5631);
#5631 = DEFINITIONAL_REPRESENTATION('',(#5632),#5636);
#5632 = LINE('',#5633,#5634);
#5633 = CARTESIAN_POINT('',(0.,5.4));
#5634 = VECTOR('',#5635,1.);
#5635 = DIRECTION('',(1.,0.));
#5636 = ( GEOMETRIC_REPRESENTATION_CONTEXT(2) 
PARAMETRIC_REPRESENTATION_CONTEXT() REPRESENTATION_CONTEXT('2D SPACE',''
  ) );
#5637 = ORIENTED_EDGE('',*,*,#5590,.F.);
#5638 = ORIENTED_EDGE('',*,*,#5248,.T.);
#5639 = ORIENTED_EDGE('',*,*,#5640,.F.);
#5640 = EDGE_CURVE('',#5615,#5251,#5641,.T.);
#5641 = SURFACE_CURVE('',#5642,(#5646,#5653),.PCURVE_S1.);
#5642 = LINE('',#5643,#5644);
#5643 = CARTESIAN_POINT('',(-80.4,6.,2.5));
#5644 = VECTOR('',#5645,1.);
#5645 = DIRECTION('',(0.,1.,1.424885165294E-15));
#5646 = PCURVE('',#5266,#5647);
#5647 = DEFINITIONAL_REPRESENTATION('',(#5648),#5652);
#5648 = LINE('',#5649,#5650);
#5649 = CARTESIAN_POINT('',(7.5,-35.));
#5650 = VECTOR('',#5651,1.);
#5651 = DIRECTION('',(1.424885165294E-15,-1.));
#5652 = ( GEOMETRIC_REPRESENTATION_CONTEXT(2) 
PARAMETRIC_REPRESENTATION_CONTEXT() REPRESENTATION_CONTEXT('2D SPACE',''
  ) );
#5653 = PCURVE('',#764,#5654);
#5654 = DEFINITIONAL_REPRESENTATION('',(#5655),#5659);
#5655 = LINE('',#5656,#5657);
#5656 = CARTESIAN_POINT('',(0.,35.));
#5657 = VECTOR('',#5658,1.);
#5658 = DIRECTION('',(0.,1.));
#5659 = ( GEOMETRIC_REPRESENTATION_CONTEXT(2) 
PARAMETRIC_REPRESENTATION_CONTEXT() REPRESENTATION_CONTEXT('2D SPACE',''
  ) );
#5660 = ADVANCED_FACE('',(#5661),#4487,.T.);
#5661 = FACE_BOUND('',#5662,.F.);
#5662 = EDGE_LOOP('',(#5663,#5664,#5685,#5686,#5687,#5688,#5689));
#5663 = ORIENTED_EDGE('',*,*,#5407,.F.);
#5664 = ORIENTED_EDGE('',*,*,#5665,.T.);
#5665 = EDGE_CURVE('',#5381,#5127,#5666,.T.);
#5666 = SURFACE_CURVE('',#5667,(#5671,#5678),.PCURVE_S1.);
#5667 = LINE('',#5668,#5669);
#5668 = CARTESIAN_POINT('',(-79.4,24.7,-5.));
#5669 = VECTOR('',#5670,1.);
#5670 = DIRECTION('',(1.,0.,0.));
#5671 = PCURVE('',#4487,#5672);
#5672 = DEFINITIONAL_REPRESENTATION('',(#5673),#5677);
#5673 = LINE('',#5674,#5675);
#5674 = CARTESIAN_POINT('',(-1.570796326795,1.));
#5675 = VECTOR('',#5676,1.);
#5676 = DIRECTION('',(-0.,1.));
#5677 = ( GEOMETRIC_REPRESENTATION_CONTEXT(2) 
PARAMETRIC_REPRESENTATION_CONTEXT() REPRESENTATION_CONTEXT('2D SPACE',''
  ) );
#5678 = PCURVE('',#3645,#5679);
#5679 = DEFINITIONAL_REPRESENTATION('',(#5680),#5684);
#5680 = LINE('',#5681,#5682);
#5681 = CARTESIAN_POINT('',(1.,53.7));
#5682 = VECTOR('',#5683,1.);
#5683 = DIRECTION('',(1.,0.));
#5684 = ( GEOMETRIC_REPRESENTATION_CONTEXT(2) 
PARAMETRIC_REPRESENTATION_CONTEXT() REPRESENTATION_CONTEXT('2D SPACE',''
  ) );
#5685 = ORIENTED_EDGE('',*,*,#5148,.T.);
#5686 = ORIENTED_EDGE('',*,*,#4923,.F.);
#5687 = ORIENTED_EDGE('',*,*,#4449,.T.);
#5688 = ORIENTED_EDGE('',*,*,#4866,.F.);
#5689 = ORIENTED_EDGE('',*,*,#5172,.F.);
#5690 = ADVANCED_FACE('',(#5691),#4102,.T.);
#5691 = FACE_BOUND('',#5692,.T.);
#5692 = EDGE_LOOP('',(#5693,#5694,#5695,#5696));
#5693 = ORIENTED_EDGE('',*,*,#4142,.F.);
#5694 = ORIENTED_EDGE('',*,*,#4311,.T.);
#5695 = ORIENTED_EDGE('',*,*,#4087,.T.);
#5696 = ORIENTED_EDGE('',*,*,#5697,.F.);
#5697 = EDGE_CURVE('',#4143,#4057,#5698,.T.);
#5698 = SURFACE_CURVE('',#5699,(#5703,#5709),.PCURVE_S1.);
#5699 = LINE('',#5700,#5701);
#5700 = CARTESIAN_POINT('',(-50.,21.7,3.5));
#5701 = VECTOR('',#5702,1.);
#5702 = DIRECTION('',(1.,0.,0.));
#5703 = PCURVE('',#4102,#5704);
#5704 = DEFINITIONAL_REPRESENTATION('',(#5705),#5708);
#5705 = B_SPLINE_CURVE_WITH_KNOTS('',1,(#5706,#5707),.UNSPECIFIED.,.F.,
  .F.,(2,2),(-1.1,6.1),.PIECEWISE_BEZIER_KNOTS.);
#5706 = CARTESIAN_POINT('',(1.4,21.7));
#5707 = CARTESIAN_POINT('',(8.6,21.7));
#5708 = ( GEOMETRIC_REPRESENTATION_CONTEXT(2) 
PARAMETRIC_REPRESENTATION_CONTEXT() REPRESENTATION_CONTEXT('2D SPACE',''
  ) );
#5709 = PCURVE('',#4075,#5710);
#5710 = DEFINITIONAL_REPRESENTATION('',(#5711),#5714);
#5711 = B_SPLINE_CURVE_WITH_KNOTS('',1,(#5712,#5713),.UNSPECIFIED.,.F.,
  .F.,(2,2),(-1.1,6.1),.PIECEWISE_BEZIER_KNOTS.);
#5712 = CARTESIAN_POINT('',(3.5,-3.6));
#5713 = CARTESIAN_POINT('',(3.5,3.6));
#5714 = ( GEOMETRIC_REPRESENTATION_CONTEXT(2) 
PARAMETRIC_REPRESENTATION_CONTEXT() REPRESENTATION_CONTEXT('2D SPACE',''
  ) );
#5715 = ADVANCED_FACE('',(#5716),#4075,.T.);
#5716 = FACE_BOUND('',#5717,.T.);
#5717 = EDGE_LOOP('',(#5718,#5719,#5720,#5721));
#5718 = ORIENTED_EDGE('',*,*,#4163,.T.);
#5719 = ORIENTED_EDGE('',*,*,#5697,.T.);
#5720 = ORIENTED_EDGE('',*,*,#4056,.T.);
#5721 = ORIENTED_EDGE('',*,*,#5722,.F.);
#5722 = EDGE_CURVE('',#4164,#4059,#5723,.T.);
#5723 = SURFACE_CURVE('',#5724,(#5728,#5734),.PCURVE_S1.);
#5724 = LINE('',#5725,#5726);
#5725 = CARTESIAN_POINT('',(-80.4,21.7,3.366025403784));
#5726 = VECTOR('',#5727,1.);
#5727 = DIRECTION('',(1.,0.,0.));
#5728 = PCURVE('',#4075,#5729);
#5729 = DEFINITIONAL_REPRESENTATION('',(#5730),#5733);
#5730 = B_SPLINE_CURVE_WITH_KNOTS('',1,(#5731,#5732),.UNSPECIFIED.,.F.,
  .F.,(2,2),(28.58,37.22),.PIECEWISE_BEZIER_KNOTS.);
#5731 = CARTESIAN_POINT('',(3.366025403784,-4.32));
#5732 = CARTESIAN_POINT('',(3.366025403784,4.32));
#5733 = ( GEOMETRIC_REPRESENTATION_CONTEXT(2) 
PARAMETRIC_REPRESENTATION_CONTEXT() REPRESENTATION_CONTEXT('2D SPACE',''
  ) );
#5734 = PCURVE('',#1111,#5735);
#5735 = DEFINITIONAL_REPRESENTATION('',(#5736),#5739);
#5736 = B_SPLINE_CURVE_WITH_KNOTS('',1,(#5737,#5738),.UNSPECIFIED.,.F.,
  .F.,(2,2),(28.58,37.22),.PIECEWISE_BEZIER_KNOTS.);
#5737 = CARTESIAN_POINT('',(-1.047197551197,28.58));
#5738 = CARTESIAN_POINT('',(-1.047197551197,37.22));
#5739 = ( GEOMETRIC_REPRESENTATION_CONTEXT(2) 
PARAMETRIC_REPRESENTATION_CONTEXT() REPRESENTATION_CONTEXT('2D SPACE',''
  ) );
#5740 = ADVANCED_FACE('',(#5741),#3869,.T.);
#5741 = FACE_BOUND('',#5742,.T.);
#5742 = EDGE_LOOP('',(#5743,#5766,#5861,#5882));
#5743 = ORIENTED_EDGE('',*,*,#5744,.F.);
#5744 = EDGE_CURVE('',#5745,#3846,#5747,.T.);
#5745 = VERTEX_POINT('',#5746);
#5746 = CARTESIAN_POINT('',(-74.8,5.12347538298,-4.));
#5747 = SURFACE_CURVE('',#5748,(#5752,#5759),.PCURVE_S1.);
#5748 = LINE('',#5749,#5750);
#5749 = CARTESIAN_POINT('',(-74.8,-29.,-4.));
#5750 = VECTOR('',#5751,1.);
#5751 = DIRECTION('',(0.,1.,0.));
#5752 = PCURVE('',#3869,#5753);
#5753 = DEFINITIONAL_REPRESENTATION('',(#5754),#5758);
#5754 = LINE('',#5755,#5756);
#5755 = CARTESIAN_POINT('',(0.,0.));
#5756 = VECTOR('',#5757,1.);
#5757 = DIRECTION('',(0.,1.));
#5758 = ( GEOMETRIC_REPRESENTATION_CONTEXT(2) 
PARAMETRIC_REPRESENTATION_CONTEXT() REPRESENTATION_CONTEXT('2D SPACE',''
  ) );
#5759 = PCURVE('',#1360,#5760);
#5760 = DEFINITIONAL_REPRESENTATION('',(#5761),#5765);
#5761 = LINE('',#5762,#5763);
#5762 = CARTESIAN_POINT('',(-4.,29.));
#5763 = VECTOR('',#5764,1.);
#5764 = DIRECTION('',(0.,-1.));
#5765 = ( GEOMETRIC_REPRESENTATION_CONTEXT(2) 
PARAMETRIC_REPRESENTATION_CONTEXT() REPRESENTATION_CONTEXT('2D SPACE',''
  ) );
#5766 = ORIENTED_EDGE('',*,*,#5767,.T.);
#5767 = EDGE_CURVE('',#5745,#5768,#5770,.T.);
#5768 = VERTEX_POINT('',#5769);
#5769 = CARTESIAN_POINT('',(-75.8,4.153311931459,-5.));
#5770 = SURFACE_CURVE('',#5771,(#5799,#5830),.PCURVE_S1.);
#5771 = B_SPLINE_CURVE_WITH_KNOTS('',6,(#5772,#5773,#5774,#5775,#5776,
    #5777,#5778,#5779,#5780,#5781,#5782,#5783,#5784,#5785,#5786,#5787,
    #5788,#5789,#5790,#5791,#5792,#5793,#5794,#5795,#5796,#5797,#5798),
  .UNSPECIFIED.,.F.,.F.,(7,5,5,5,5,7),(0.,0.119012546792,0.352263519222,
    0.623108205132,0.733073143527,1.),.UNSPECIFIED.);
#5772 = CARTESIAN_POINT('',(-74.8,5.12347538298,-4.));
#5773 = CARTESIAN_POINT('',(-74.8,5.098596791954,-4.031866212171));
#5774 = CARTESIAN_POINT('',(-74.80121854424,5.073484116792,
    -4.063541902489));
#5775 = CARTESIAN_POINT('',(-74.80362832255,5.048176418213,
    -4.094977413001));
#5776 = CARTESIAN_POINT('',(-74.80720074403,5.022714675141,
    -4.126125420982));
#5777 = CARTESIAN_POINT('',(-74.81190593705,4.997141784702,
    -4.156940938933));
#5778 = CARTESIAN_POINT('',(-74.8290934367,4.921252620226,
    -4.247040967399));
#5779 = CARTESIAN_POINT('',(-74.84470132031,4.870765833619,
    -4.305238198325));
#5780 = CARTESIAN_POINT('',(-74.86431494158,4.820300981483,
    -4.361746741793));
#5781 = CARTESIAN_POINT('',(-74.88773601677,4.770138640452,
    -4.416361118101));
#5782 = CARTESIAN_POINT('',(-74.91478798698,4.720584296844,
    -4.468889442529));
#5783 = CARTESIAN_POINT('',(-74.98076120421,4.615523553273,
    -4.577503054468));
#5784 = CARTESIAN_POINT('',(-75.02090879025,4.560320061302,
    -4.632823329809));
#5785 = CARTESIAN_POINT('',(-75.06555206158,4.506837300538,
    -4.684859511387));
#5786 = CARTESIAN_POINT('',(-75.11453511129,4.455640670469,
    -4.733331229081));
#5787 = CARTESIAN_POINT('',(-75.16772656375,4.407409438935,
    -4.777900963447));
#5788 = CARTESIAN_POINT('',(-75.24824605276,4.344915349527,
    -4.834491008142));
#5789 = CARTESIAN_POINT('',(-75.27216926525,4.327492819639,
    -4.850119815678));
#5790 = CARTESIAN_POINT('',(-75.29674692378,4.310755424862,
    -4.865002245789));
#5791 = CARTESIAN_POINT('',(-75.32196081665,4.294765844515,
    -4.879104052453));
#5792 = CARTESIAN_POINT('',(-75.34779198213,4.279587951365,
    -4.892390637872));
#5793 = CARTESIAN_POINT('',(-75.43837330956,4.230572489663,
    -4.935014975107));
#5794 = CARTESIAN_POINT('',(-75.50641070942,4.200827208311,
    -4.960364136527));
#5795 = CARTESIAN_POINT('',(-75.5774930554,4.177429551339,
    -4.979966871264));
#5796 = CARTESIAN_POINT('',(-75.65071957743,4.161396991931,
    -4.99328391689));
#5797 = CARTESIAN_POINT('',(-75.72518844828,4.153311931459,-5.));
#5798 = CARTESIAN_POINT('',(-75.8,4.153311931459,-5.));
#5799 = PCURVE('',#3869,#5800);
#5800 = DEFINITIONAL_REPRESENTATION('',(#5801),#5829);
#5801 = B_SPLINE_CURVE_WITH_KNOTS('',6,(#5802,#5803,#5804,#5805,#5806,
    #5807,#5808,#5809,#5810,#5811,#5812,#5813,#5814,#5815,#5816,#5817,
    #5818,#5819,#5820,#5821,#5822,#5823,#5824,#5825,#5826,#5827,#5828),
  .UNSPECIFIED.,.F.,.F.,(7,5,5,5,5,7),(0.,0.119012546792,0.352263519222,
    0.623108205132,0.733073143527,1.),.UNSPECIFIED.);
#5802 = CARTESIAN_POINT('',(0.,34.12347538298));
#5803 = CARTESIAN_POINT('',(3.186621217051E-02,34.098596791954));
#5804 = CARTESIAN_POINT('',(6.354194462838E-02,34.073484116792));
#5805 = CARTESIAN_POINT('',(9.503565352708E-02,34.048176418213));
#5806 = CARTESIAN_POINT('',(0.126354885608,34.022714675141));
#5807 = CARTESIAN_POINT('',(0.157506278198,33.997141784702));
#5808 = CARTESIAN_POINT('',(0.249231003729,33.921252620226));
#5809 = CARTESIAN_POINT('',(0.309322099718,33.870765833619));
#5810 = CARTESIAN_POINT('',(0.368907957787,33.820300981483));
#5811 = CARTESIAN_POINT('',(0.428111179689,33.770138640452));
#5812 = CARTESIAN_POINT('',(0.487050215963,33.720584296844));
#5813 = CARTESIAN_POINT('',(0.614130435074,33.615523553273));
#5814 = CARTESIAN_POINT('',(0.682254223189,33.560320061302));
#5815 = CARTESIAN_POINT('',(0.750478331371,33.506837300538));
#5816 = CARTESIAN_POINT('',(0.819041986752,33.455640670469));
#5817 = CARTESIAN_POINT('',(0.888188565693,33.407409438935));
#5818 = CARTESIAN_POINT('',(0.986605135793,33.344915349527));
#5819 = CARTESIAN_POINT('',(1.015164622631,33.327492819639));
#5820 = CARTESIAN_POINT('',(1.043871556367,33.310755424862));
#5821 = CARTESIAN_POINT('',(1.072734803591,33.294765844515));
#5822 = CARTESIAN_POINT('',(1.101764760979,33.279587951365));
#5823 = CARTESIAN_POINT('',(1.2018737566,33.230572489663));
#5824 = CARTESIAN_POINT('',(1.274228796605,33.200827208311));
#5825 = CARTESIAN_POINT('',(1.347534918432,33.177429551339));
#5826 = CARTESIAN_POINT('',(1.421516110099,33.161396991931));
#5827 = CARTESIAN_POINT('',(1.495984775075,33.153311931459));
#5828 = CARTESIAN_POINT('',(1.570796326795,33.153311931459));
#5829 = ( GEOMETRIC_REPRESENTATION_CONTEXT(2) 
PARAMETRIC_REPRESENTATION_CONTEXT() REPRESENTATION_CONTEXT('2D SPACE',''
  ) );
#5830 = PCURVE('',#269,#5831);
#5831 = DEFINITIONAL_REPRESENTATION('',(#5832),#5860);
#5832 = B_SPLINE_CURVE_WITH_KNOTS('',6,(#5833,#5834,#5835,#5836,#5837,
    #5838,#5839,#5840,#5841,#5842,#5843,#5844,#5845,#5846,#5847,#5848,
    #5849,#5850,#5851,#5852,#5853,#5854,#5855,#5856,#5857,#5858,#5859),
  .UNSPECIFIED.,.F.,.F.,(7,5,5,5,5,7),(0.,0.119012546792,0.352263519222,
    0.623108205132,0.733073143527,1.),.UNSPECIFIED.);
#5833 = CARTESIAN_POINT('',(4.049515156735,11.));
#5834 = CARTESIAN_POINT('',(4.043295508978,11.));
#5835 = CARTESIAN_POINT('',(4.037076807321,10.998781455758));
#5836 = CARTESIAN_POINT('',(4.030868326024,10.996371677447));
#5837 = CARTESIAN_POINT('',(4.024679259521,10.992799255967));
#5838 = CARTESIAN_POINT('',(4.018518722415,10.988094062944));
#5839 = CARTESIAN_POINT('',(4.000395423203,10.970906563294));
#5840 = CARTESIAN_POINT('',(3.98854370754,10.955298679689));
#5841 = CARTESIAN_POINT('',(3.976889749933,10.935685058419));
#5842 = CARTESIAN_POINT('',(3.965482837376,10.912263983225));
#5843 = CARTESIAN_POINT('',(3.954373860161,10.885212013012));
#5844 = CARTESIAN_POINT('',(3.931125941612,10.819238795789));
#5845 = CARTESIAN_POINT('',(3.919103999244,10.779091209744));
#5846 = CARTESIAN_POINT('',(3.907625726483,10.734447938417));
#5847 = CARTESIAN_POINT('',(3.896780471163,10.685464888707));
#5848 = CARTESIAN_POINT('',(3.88667771059,10.63227343625));
#5849 = CARTESIAN_POINT('',(3.873707152788,10.551753947233));
#5850 = CARTESIAN_POINT('',(3.870106388954,10.527830734741));
#5851 = CARTESIAN_POINT('',(3.866660738766,10.503253076214));
#5852 = CARTESIAN_POINT('',(3.863380828035,10.478039183342));
#5853 = CARTESIAN_POINT('',(3.860277489262,10.452208017864));
#5854 = CARTESIAN_POINT('',(3.850284178351,10.361626690431));
#5855 = CARTESIAN_POINT('',(3.844271951448,10.293589290579));
#5856 = CARTESIAN_POINT('',(3.839576063191,10.222506944597));
#5857 = CARTESIAN_POINT('',(3.83636957931,10.149280422567));
#5858 = CARTESIAN_POINT('',(3.834752561167,10.07481155172));
#5859 = CARTESIAN_POINT('',(3.834752561167,10.));
#5860 = ( GEOMETRIC_REPRESENTATION_CONTEXT(2) 
PARAMETRIC_REPRESENTATION_CONTEXT() REPRESENTATION_CONTEXT('2D SPACE',''
  ) );
#5861 = ORIENTED_EDGE('',*,*,#5862,.T.);
#5862 = EDGE_CURVE('',#5768,#3848,#5863,.T.);
#5863 = SURFACE_CURVE('',#5864,(#5868,#5875),.PCURVE_S1.);
#5864 = LINE('',#5865,#5866);
#5865 = CARTESIAN_POINT('',(-75.8,-29.,-5.));
#5866 = VECTOR('',#5867,1.);
#5867 = DIRECTION('',(0.,1.,0.));
#5868 = PCURVE('',#3869,#5869);
#5869 = DEFINITIONAL_REPRESENTATION('',(#5870),#5874);
#5870 = LINE('',#5871,#5872);
#5871 = CARTESIAN_POINT('',(1.570796326795,0.));
#5872 = VECTOR('',#5873,1.);
#5873 = DIRECTION('',(0.,1.));
#5874 = ( GEOMETRIC_REPRESENTATION_CONTEXT(2) 
PARAMETRIC_REPRESENTATION_CONTEXT() REPRESENTATION_CONTEXT('2D SPACE',''
  ) );
#5875 = PCURVE('',#3645,#5876);
#5876 = DEFINITIONAL_REPRESENTATION('',(#5877),#5881);
#5877 = LINE('',#5878,#5879);
#5878 = CARTESIAN_POINT('',(4.6,0.));
#5879 = VECTOR('',#5880,1.);
#5880 = DIRECTION('',(0.,1.));
#5881 = ( GEOMETRIC_REPRESENTATION_CONTEXT(2) 
PARAMETRIC_REPRESENTATION_CONTEXT() REPRESENTATION_CONTEXT('2D SPACE',''
  ) );
#5882 = ORIENTED_EDGE('',*,*,#3845,.F.);
#5883 = ADVANCED_FACE('',(#5884),#3645,.F.);
#5884 = FACE_BOUND('',#5885,.F.);
#5885 = EDGE_LOOP('',(#5886,#5906,#5907,#5908,#5909,#5910,#5931,#5932));
#5886 = ORIENTED_EDGE('',*,*,#5887,.T.);
#5887 = EDGE_CURVE('',#5434,#5768,#5888,.T.);
#5888 = SURFACE_CURVE('',#5889,(#5893,#5900),.PCURVE_S1.);
#5889 = LINE('',#5890,#5891);
#5890 = CARTESIAN_POINT('',(-80.4,4.153311931459,-5.));
#5891 = VECTOR('',#5892,1.);
#5892 = DIRECTION('',(1.,0.,0.));
#5893 = PCURVE('',#3645,#5894);
#5894 = DEFINITIONAL_REPRESENTATION('',(#5895),#5899);
#5895 = LINE('',#5896,#5897);
#5896 = CARTESIAN_POINT('',(0.,33.153311931459));
#5897 = VECTOR('',#5898,1.);
#5898 = DIRECTION('',(1.,0.));
#5899 = ( GEOMETRIC_REPRESENTATION_CONTEXT(2) 
PARAMETRIC_REPRESENTATION_CONTEXT() REPRESENTATION_CONTEXT('2D SPACE',''
  ) );
#5900 = PCURVE('',#269,#5901);
#5901 = DEFINITIONAL_REPRESENTATION('',(#5902),#5905);
#5902 = B_SPLINE_CURVE_WITH_KNOTS('',1,(#5903,#5904),.UNSPECIFIED.,.F.,
  .F.,(2,2),(0.64,4.96),.PIECEWISE_BEZIER_KNOTS.);
#5903 = CARTESIAN_POINT('',(3.834752561167,6.04));
#5904 = CARTESIAN_POINT('',(3.834752561167,10.36));
#5905 = ( GEOMETRIC_REPRESENTATION_CONTEXT(2) 
PARAMETRIC_REPRESENTATION_CONTEXT() REPRESENTATION_CONTEXT('2D SPACE',''
  ) );
#5906 = ORIENTED_EDGE('',*,*,#5862,.T.);
#5907 = ORIENTED_EDGE('',*,*,#3886,.T.);
#5908 = ORIENTED_EDGE('',*,*,#3782,.F.);
#5909 = ORIENTED_EDGE('',*,*,#3630,.T.);
#5910 = ORIENTED_EDGE('',*,*,#5911,.F.);
#5911 = EDGE_CURVE('',#5127,#3631,#5912,.T.);
#5912 = SURFACE_CURVE('',#5913,(#5917,#5924),.PCURVE_S1.);
#5913 = LINE('',#5914,#5915);
#5914 = CARTESIAN_POINT('',(-15.6,24.7,-5.));
#5915 = VECTOR('',#5916,1.);
#5916 = DIRECTION('',(-8.645465553741E-17,-1.,0.));
#5917 = PCURVE('',#3645,#5918);
#5918 = DEFINITIONAL_REPRESENTATION('',(#5919),#5923);
#5919 = LINE('',#5920,#5921);
#5920 = CARTESIAN_POINT('',(64.8,53.7));
#5921 = VECTOR('',#5922,1.);
#5922 = DIRECTION('',(-8.645465553741E-17,-1.));
#5923 = ( GEOMETRIC_REPRESENTATION_CONTEXT(2) 
PARAMETRIC_REPRESENTATION_CONTEXT() REPRESENTATION_CONTEXT('2D SPACE',''
  ) );
#5924 = PCURVE('',#3719,#5925);
#5925 = DEFINITIONAL_REPRESENTATION('',(#5926),#5930);
#5926 = LINE('',#5927,#5928);
#5927 = CARTESIAN_POINT('',(1.570796326795,53.7));
#5928 = VECTOR('',#5929,1.);
#5929 = DIRECTION('',(-0.,-1.));
#5930 = ( GEOMETRIC_REPRESENTATION_CONTEXT(2) 
PARAMETRIC_REPRESENTATION_CONTEXT() REPRESENTATION_CONTEXT('2D SPACE',''
  ) );
#5931 = ORIENTED_EDGE('',*,*,#5665,.F.);
#5932 = ORIENTED_EDGE('',*,*,#5568,.T.);
#5933 = ADVANCED_FACE('',(#5934),#3719,.T.);
#5934 = FACE_BOUND('',#5935,.T.);
#5935 = EDGE_LOOP('',(#5936,#5957,#5958,#5959));
#5936 = ORIENTED_EDGE('',*,*,#5937,.F.);
#5937 = EDGE_CURVE('',#3386,#5000,#5938,.T.);
#5938 = SURFACE_CURVE('',#5939,(#5943,#5950),.PCURVE_S1.);
#5939 = LINE('',#5940,#5941);
#5940 = CARTESIAN_POINT('',(-14.6,5.12347538298,-4.));
#5941 = VECTOR('',#5942,1.);
#5942 = DIRECTION('',(9.073913139086E-17,1.,2.132369587685E-15));
#5943 = PCURVE('',#3719,#5944);
#5944 = DEFINITIONAL_REPRESENTATION('',(#5945),#5949);
#5945 = LINE('',#5946,#5947);
#5946 = CARTESIAN_POINT('',(0.,34.12347538298));
#5947 = VECTOR('',#5948,1.);
#5948 = DIRECTION('',(0.,1.));
#5949 = ( GEOMETRIC_REPRESENTATION_CONTEXT(2) 
PARAMETRIC_REPRESENTATION_CONTEXT() REPRESENTATION_CONTEXT('2D SPACE',''
  ) );
#5950 = PCURVE('',#653,#5951);
#5951 = DEFINITIONAL_REPRESENTATION('',(#5952),#5956);
#5952 = LINE('',#5953,#5954);
#5953 = CARTESIAN_POINT('',(-4.,-5.12347538298));
#5954 = VECTOR('',#5955,1.);
#5955 = DIRECTION('',(2.132369587685E-15,-1.));
#5956 = ( GEOMETRIC_REPRESENTATION_CONTEXT(2) 
PARAMETRIC_REPRESENTATION_CONTEXT() REPRESENTATION_CONTEXT('2D SPACE',''
  ) );
#5957 = ORIENTED_EDGE('',*,*,#3657,.T.);
#5958 = ORIENTED_EDGE('',*,*,#5911,.F.);
#5959 = ORIENTED_EDGE('',*,*,#5126,.T.);
#5960 = ADVANCED_FACE('',(#5961),#3120,.T.);
#5961 = FACE_BOUND('',#5962,.T.);
#5962 = EDGE_LOOP('',(#5963,#5984,#5985));
#5963 = ORIENTED_EDGE('',*,*,#5964,.F.);
#5964 = EDGE_CURVE('',#2932,#3265,#5965,.T.);
#5965 = SURFACE_CURVE('',#5966,(#5970,#5977),.PCURVE_S1.);
#5966 = LINE('',#5967,#5968);
#5967 = CARTESIAN_POINT('',(-14.6,-18.3,-5.5));
#5968 = VECTOR('',#5969,1.);
#5969 = DIRECTION('',(0.,0.,1.));
#5970 = PCURVE('',#3120,#5971);
#5971 = DEFINITIONAL_REPRESENTATION('',(#5972),#5976);
#5972 = LINE('',#5973,#5974);
#5973 = CARTESIAN_POINT('',(0.,0.));
#5974 = VECTOR('',#5975,1.);
#5975 = DIRECTION('',(0.,1.));
#5976 = ( GEOMETRIC_REPRESENTATION_CONTEXT(2) 
PARAMETRIC_REPRESENTATION_CONTEXT() REPRESENTATION_CONTEXT('2D SPACE',''
  ) );
#5977 = PCURVE('',#653,#5978);
#5978 = DEFINITIONAL_REPRESENTATION('',(#5979),#5983);
#5979 = LINE('',#5980,#5981);
#5980 = CARTESIAN_POINT('',(-5.5,18.3));
#5981 = VECTOR('',#5982,1.);
#5982 = DIRECTION('',(1.,0.));
#5983 = ( GEOMETRIC_REPRESENTATION_CONTEXT(2) 
PARAMETRIC_REPRESENTATION_CONTEXT() REPRESENTATION_CONTEXT('2D SPACE',''
  ) );
#5984 = ORIENTED_EDGE('',*,*,#3105,.T.);
#5985 = ORIENTED_EDGE('',*,*,#3287,.F.);
#5986 = ADVANCED_FACE('',(#5987),#2919,.F.);
#5987 = FACE_BOUND('',#5988,.F.);
#5988 = EDGE_LOOP('',(#5989,#6014,#6035,#6036));
#5989 = ORIENTED_EDGE('',*,*,#5990,.F.);
#5990 = EDGE_CURVE('',#5991,#5993,#5995,.T.);
#5991 = VERTEX_POINT('',#5992);
#5992 = CARTESIAN_POINT('',(-79.4,-22.3,-5.5));
#5993 = VERTEX_POINT('',#5994);
#5994 = CARTESIAN_POINT('',(-79.4,-18.3,-5.5));
#5995 = SURFACE_CURVE('',#5996,(#6000,#6007),.PCURVE_S1.);
#5996 = LINE('',#5997,#5998);
#5997 = CARTESIAN_POINT('',(-79.4,-23.3,-5.5));
#5998 = VECTOR('',#5999,1.);
#5999 = DIRECTION('',(0.,1.,0.));
#6000 = PCURVE('',#2919,#6001);
#6001 = DEFINITIONAL_REPRESENTATION('',(#6002),#6006);
#6002 = LINE('',#6003,#6004);
#6003 = CARTESIAN_POINT('',(1.,0.));
#6004 = VECTOR('',#6005,1.);
#6005 = DIRECTION('',(0.,1.));
#6006 = ( GEOMETRIC_REPRESENTATION_CONTEXT(2) 
PARAMETRIC_REPRESENTATION_CONTEXT() REPRESENTATION_CONTEXT('2D SPACE',''
  ) );
#6007 = PCURVE('',#184,#6008);
#6008 = DEFINITIONAL_REPRESENTATION('',(#6009),#6013);
#6009 = LINE('',#6010,#6011);
#6010 = CARTESIAN_POINT('',(-1.570796326795,0.));
#6011 = VECTOR('',#6012,1.);
#6012 = DIRECTION('',(-0.,1.));
#6013 = ( GEOMETRIC_REPRESENTATION_CONTEXT(2) 
PARAMETRIC_REPRESENTATION_CONTEXT() REPRESENTATION_CONTEXT('2D SPACE',''
  ) );
#6014 = ORIENTED_EDGE('',*,*,#6015,.T.);
#6015 = EDGE_CURVE('',#5991,#2828,#6016,.T.);
#6016 = SURFACE_CURVE('',#6017,(#6021,#6028),.PCURVE_S1.);
#6017 = LINE('',#6018,#6019);
#6018 = CARTESIAN_POINT('',(-80.4,-22.3,-5.5));
#6019 = VECTOR('',#6020,1.);
#6020 = DIRECTION('',(1.,0.,0.));
#6021 = PCURVE('',#2919,#6022);
#6022 = DEFINITIONAL_REPRESENTATION('',(#6023),#6027);
#6023 = LINE('',#6024,#6025);
#6024 = CARTESIAN_POINT('',(0.,1.));
#6025 = VECTOR('',#6026,1.);
#6026 = DIRECTION('',(1.,0.));
#6027 = ( GEOMETRIC_REPRESENTATION_CONTEXT(2) 
PARAMETRIC_REPRESENTATION_CONTEXT() REPRESENTATION_CONTEXT('2D SPACE',''
  ) );
#6028 = PCURVE('',#2254,#6029);
#6029 = DEFINITIONAL_REPRESENTATION('',(#6030),#6034);
#6030 = LINE('',#6031,#6032);
#6031 = CARTESIAN_POINT('',(1.570796326795,0.));
#6032 = VECTOR('',#6033,1.);
#6033 = DIRECTION('',(0.,1.));
#6034 = ( GEOMETRIC_REPRESENTATION_CONTEXT(2) 
PARAMETRIC_REPRESENTATION_CONTEXT() REPRESENTATION_CONTEXT('2D SPACE',''
  ) );
#6035 = ORIENTED_EDGE('',*,*,#2903,.T.);
#6036 = ORIENTED_EDGE('',*,*,#6037,.F.);
#6037 = EDGE_CURVE('',#5993,#2904,#6038,.T.);
#6038 = SURFACE_CURVE('',#6039,(#6043,#6050),.PCURVE_S1.);
#6039 = LINE('',#6040,#6041);
#6040 = CARTESIAN_POINT('',(-80.4,-18.3,-5.5));
#6041 = VECTOR('',#6042,1.);
#6042 = DIRECTION('',(1.,0.,0.));
#6043 = PCURVE('',#2919,#6044);
#6044 = DEFINITIONAL_REPRESENTATION('',(#6045),#6049);
#6045 = LINE('',#6046,#6047);
#6046 = CARTESIAN_POINT('',(0.,5.));
#6047 = VECTOR('',#6048,1.);
#6048 = DIRECTION('',(1.,0.));
#6049 = ( GEOMETRIC_REPRESENTATION_CONTEXT(2) 
PARAMETRIC_REPRESENTATION_CONTEXT() REPRESENTATION_CONTEXT('2D SPACE',''
  ) );
#6050 = PCURVE('',#1649,#6051);
#6051 = DEFINITIONAL_REPRESENTATION('',(#6052),#6056);
#6052 = LINE('',#6053,#6054);
#6053 = CARTESIAN_POINT('',(-1.570796326795,0.));
#6054 = VECTOR('',#6055,1.);
#6055 = DIRECTION('',(-0.,1.));
#6056 = ( GEOMETRIC_REPRESENTATION_CONTEXT(2) 
PARAMETRIC_REPRESENTATION_CONTEXT() REPRESENTATION_CONTEXT('2D SPACE',''
  ) );
#6057 = ADVANCED_FACE('',(#6058),#2788,.T.);
#6058 = FACE_BOUND('',#6059,.F.);
#6059 = EDGE_LOOP('',(#6060,#6081,#6082));
#6060 = ORIENTED_EDGE('',*,*,#6061,.F.);
#6061 = EDGE_CURVE('',#2830,#2769,#6062,.T.);
#6062 = SURFACE_CURVE('',#6063,(#6067,#6074),.PCURVE_S1.);
#6063 = LINE('',#6064,#6065);
#6064 = CARTESIAN_POINT('',(-14.6,-22.3,-5.5));
#6065 = VECTOR('',#6066,1.);
#6066 = DIRECTION('',(0.,0.,1.));
#6067 = PCURVE('',#2788,#6068);
#6068 = DEFINITIONAL_REPRESENTATION('',(#6069),#6073);
#6069 = LINE('',#6070,#6071);
#6070 = CARTESIAN_POINT('',(-0.,0.));
#6071 = VECTOR('',#6072,1.);
#6072 = DIRECTION('',(-0.,1.));
#6073 = ( GEOMETRIC_REPRESENTATION_CONTEXT(2) 
PARAMETRIC_REPRESENTATION_CONTEXT() REPRESENTATION_CONTEXT('2D SPACE',''
  ) );
#6074 = PCURVE('',#653,#6075);
#6075 = DEFINITIONAL_REPRESENTATION('',(#6076),#6080);
#6076 = LINE('',#6077,#6078);
#6077 = CARTESIAN_POINT('',(-5.5,22.3));
#6078 = VECTOR('',#6079,1.);
#6079 = DIRECTION('',(1.,0.));
#6080 = ( GEOMETRIC_REPRESENTATION_CONTEXT(2) 
PARAMETRIC_REPRESENTATION_CONTEXT() REPRESENTATION_CONTEXT('2D SPACE',''
  ) );
#6081 = ORIENTED_EDGE('',*,*,#2877,.T.);
#6082 = ORIENTED_EDGE('',*,*,#2768,.F.);
#6083 = ADVANCED_FACE('',(#6084,#6373,#6404),#2443,.T.);
#6084 = FACE_BOUND('',#6085,.T.);
#6085 = EDGE_LOOP('',(#6086,#6116,#6139,#6165,#6189,#6210,#6233,#6257,
    #6280,#6299,#6300,#6301,#6302,#6324,#6347));
#6086 = ORIENTED_EDGE('',*,*,#6087,.F.);
#6087 = EDGE_CURVE('',#6088,#6090,#6092,.T.);
#6088 = VERTEX_POINT('',#6089);
#6089 = CARTESIAN_POINT('',(-79.4,-24.4,-73.));
#6090 = VERTEX_POINT('',#6091);
#6091 = CARTESIAN_POINT('',(-1.1,-24.4,-73.));
#6092 = SURFACE_CURVE('',#6093,(#6097,#6104),.PCURVE_S1.);
#6093 = LINE('',#6094,#6095);
#6094 = CARTESIAN_POINT('',(-80.4,-24.4,-73.));
#6095 = VECTOR('',#6096,1.);
#6096 = DIRECTION('',(1.,0.,0.));
#6097 = PCURVE('',#2443,#6098);
#6098 = DEFINITIONAL_REPRESENTATION('',(#6099),#6103);
#6099 = LINE('',#6100,#6101);
#6100 = CARTESIAN_POINT('',(1.,0.));
#6101 = VECTOR('',#6102,1.);
#6102 = DIRECTION('',(0.,1.));
#6103 = ( GEOMETRIC_REPRESENTATION_CONTEXT(2) 
PARAMETRIC_REPRESENTATION_CONTEXT() REPRESENTATION_CONTEXT('2D SPACE',''
  ) );
#6104 = PCURVE('',#6105,#6110);
#6105 = CYLINDRICAL_SURFACE('',#6106,1.);
#6106 = AXIS2_PLACEMENT_3D('',#6107,#6108,#6109);
#6107 = CARTESIAN_POINT('',(-80.4,-25.4,-73.));
#6108 = DIRECTION('',(1.,0.,0.));
#6109 = DIRECTION('',(-0.,1.,0.));
#6110 = DEFINITIONAL_REPRESENTATION('',(#6111),#6115);
#6111 = LINE('',#6112,#6113);
#6112 = CARTESIAN_POINT('',(-0.,0.));
#6113 = VECTOR('',#6114,1.);
#6114 = DIRECTION('',(-0.,1.));
#6115 = ( GEOMETRIC_REPRESENTATION_CONTEXT(2) 
PARAMETRIC_REPRESENTATION_CONTEXT() REPRESENTATION_CONTEXT('2D SPACE',''
  ) );
#6116 = ORIENTED_EDGE('',*,*,#6117,.T.);
#6117 = EDGE_CURVE('',#6088,#6118,#6120,.T.);
#6118 = VERTEX_POINT('',#6119);
#6119 = CARTESIAN_POINT('',(-79.4,-24.4,-5.));
#6120 = SURFACE_CURVE('',#6121,(#6125,#6132),.PCURVE_S1.);
#6121 = LINE('',#6122,#6123);
#6122 = CARTESIAN_POINT('',(-79.4,-24.4,-74.));
#6123 = VECTOR('',#6124,1.);
#6124 = DIRECTION('',(0.,0.,1.));
#6125 = PCURVE('',#2443,#6126);
#6126 = DEFINITIONAL_REPRESENTATION('',(#6127),#6131);
#6127 = LINE('',#6128,#6129);
#6128 = CARTESIAN_POINT('',(0.,1.));
#6129 = VECTOR('',#6130,1.);
#6130 = DIRECTION('',(1.,0.));
#6131 = ( GEOMETRIC_REPRESENTATION_CONTEXT(2) 
PARAMETRIC_REPRESENTATION_CONTEXT() REPRESENTATION_CONTEXT('2D SPACE',''
  ) );
#6132 = PCURVE('',#100,#6133);
#6133 = DEFINITIONAL_REPRESENTATION('',(#6134),#6138);
#6134 = LINE('',#6135,#6136);
#6135 = CARTESIAN_POINT('',(-1.570796326795,0.));
#6136 = VECTOR('',#6137,1.);
#6137 = DIRECTION('',(-0.,1.));
#6138 = ( GEOMETRIC_REPRESENTATION_CONTEXT(2) 
PARAMETRIC_REPRESENTATION_CONTEXT() REPRESENTATION_CONTEXT('2D SPACE',''
  ) );
#6139 = ORIENTED_EDGE('',*,*,#6140,.F.);
#6140 = EDGE_CURVE('',#6141,#6118,#6143,.T.);
#6141 = VERTEX_POINT('',#6142);
#6142 = CARTESIAN_POINT('',(-75.8,-24.4,-5.));
#6143 = SURFACE_CURVE('',#6144,(#6148,#6154),.PCURVE_S1.);
#6144 = LINE('',#6145,#6146);
#6145 = CARTESIAN_POINT('',(-80.4,-24.4,-5.));
#6146 = VECTOR('',#6147,1.);
#6147 = DIRECTION('',(-1.,0.,0.));
#6148 = PCURVE('',#2443,#6149);
#6149 = DEFINITIONAL_REPRESENTATION('',(#6150),#6153);
#6150 = B_SPLINE_CURVE_WITH_KNOTS('',1,(#6151,#6152),.UNSPECIFIED.,.F.,
  .F.,(2,2),(-4.6,-1.),.PIECEWISE_BEZIER_KNOTS.);
#6151 = CARTESIAN_POINT('',(69.,4.6));
#6152 = CARTESIAN_POINT('',(69.,1.));
#6153 = ( GEOMETRIC_REPRESENTATION_CONTEXT(2) 
PARAMETRIC_REPRESENTATION_CONTEXT() REPRESENTATION_CONTEXT('2D SPACE',''
  ) );
#6154 = PCURVE('',#6155,#6160);
#6155 = PLANE('',#6156);
#6156 = AXIS2_PLACEMENT_3D('',#6157,#6158,#6159);
#6157 = CARTESIAN_POINT('',(-80.4,-29.,-5.));
#6158 = DIRECTION('',(0.,0.,1.));
#6159 = DIRECTION('',(1.,0.,0.));
#6160 = DEFINITIONAL_REPRESENTATION('',(#6161),#6164);
#6161 = B_SPLINE_CURVE_WITH_KNOTS('',1,(#6162,#6163),.UNSPECIFIED.,.F.,
  .F.,(2,2),(-4.6,-1.),.PIECEWISE_BEZIER_KNOTS.);
#6162 = CARTESIAN_POINT('',(4.6,4.6));
#6163 = CARTESIAN_POINT('',(1.,4.6));
#6164 = ( GEOMETRIC_REPRESENTATION_CONTEXT(2) 
PARAMETRIC_REPRESENTATION_CONTEXT() REPRESENTATION_CONTEXT('2D SPACE',''
  ) );
#6165 = ORIENTED_EDGE('',*,*,#6166,.F.);
#6166 = EDGE_CURVE('',#6167,#6141,#6169,.T.);
#6167 = VERTEX_POINT('',#6168);
#6168 = CARTESIAN_POINT('',(-74.8,-24.4,-4.));
#6169 = SURFACE_CURVE('',#6170,(#6175,#6182),.PCURVE_S1.);
#6170 = CIRCLE('',#6171,1.);
#6171 = AXIS2_PLACEMENT_3D('',#6172,#6173,#6174);
#6172 = CARTESIAN_POINT('',(-75.8,-24.4,-4.));
#6173 = DIRECTION('',(0.,1.,0.));
#6174 = DIRECTION('',(1.,0.,-0.));
#6175 = PCURVE('',#2443,#6176);
#6176 = DEFINITIONAL_REPRESENTATION('',(#6177),#6181);
#6177 = CIRCLE('',#6178,1.);
#6178 = AXIS2_PLACEMENT_2D('',#6179,#6180);
#6179 = CARTESIAN_POINT('',(70.,4.6));
#6180 = DIRECTION('',(0.,1.));
#6181 = ( GEOMETRIC_REPRESENTATION_CONTEXT(2) 
PARAMETRIC_REPRESENTATION_CONTEXT() REPRESENTATION_CONTEXT('2D SPACE',''
  ) );
#6182 = PCURVE('',#2283,#6183);
#6183 = DEFINITIONAL_REPRESENTATION('',(#6184),#6188);
#6184 = LINE('',#6185,#6186);
#6185 = CARTESIAN_POINT('',(0.,4.6));
#6186 = VECTOR('',#6187,1.);
#6187 = DIRECTION('',(1.,0.));
#6188 = ( GEOMETRIC_REPRESENTATION_CONTEXT(2) 
PARAMETRIC_REPRESENTATION_CONTEXT() REPRESENTATION_CONTEXT('2D SPACE',''
  ) );
#6189 = ORIENTED_EDGE('',*,*,#6190,.T.);
#6190 = EDGE_CURVE('',#6167,#6191,#6193,.T.);
#6191 = VERTEX_POINT('',#6192);
#6192 = CARTESIAN_POINT('',(-74.8,-24.4,2.5));
#6193 = SURFACE_CURVE('',#6194,(#6198,#6204),.PCURVE_S1.);
#6194 = LINE('',#6195,#6196);
#6195 = CARTESIAN_POINT('',(-74.8,-24.4,-37.));
#6196 = VECTOR('',#6197,1.);
#6197 = DIRECTION('',(0.,0.,1.));
#6198 = PCURVE('',#2443,#6199);
#6199 = DEFINITIONAL_REPRESENTATION('',(#6200),#6203);
#6200 = B_SPLINE_CURVE_WITH_KNOTS('',1,(#6201,#6202),.UNSPECIFIED.,.F.,
  .F.,(2,2),(30.5,39.5),.PIECEWISE_BEZIER_KNOTS.);
#6201 = CARTESIAN_POINT('',(67.5,5.6));
#6202 = CARTESIAN_POINT('',(76.5,5.6));
#6203 = ( GEOMETRIC_REPRESENTATION_CONTEXT(2) 
PARAMETRIC_REPRESENTATION_CONTEXT() REPRESENTATION_CONTEXT('2D SPACE',''
  ) );
#6204 = PCURVE('',#2311,#6205);
#6205 = DEFINITIONAL_REPRESENTATION('',(#6206),#6209);
#6206 = B_SPLINE_CURVE_WITH_KNOTS('',1,(#6207,#6208),.UNSPECIFIED.,.F.,
  .F.,(2,2),(30.5,39.5),.PIECEWISE_BEZIER_KNOTS.);
#6207 = CARTESIAN_POINT('',(-6.5,24.4));
#6208 = CARTESIAN_POINT('',(2.5,24.4));
#6209 = ( GEOMETRIC_REPRESENTATION_CONTEXT(2) 
PARAMETRIC_REPRESENTATION_CONTEXT() REPRESENTATION_CONTEXT('2D SPACE',''
  ) );
#6210 = ORIENTED_EDGE('',*,*,#6211,.T.);
#6211 = EDGE_CURVE('',#6191,#6212,#6214,.T.);
#6212 = VERTEX_POINT('',#6213);
#6213 = CARTESIAN_POINT('',(-51.01085459681,-24.4,2.5));
#6214 = SURFACE_CURVE('',#6215,(#6219,#6226),.PCURVE_S1.);
#6215 = LINE('',#6216,#6217);
#6216 = CARTESIAN_POINT('',(-80.4,-24.4,2.5));
#6217 = VECTOR('',#6218,1.);
#6218 = DIRECTION('',(1.,0.,0.));
#6219 = PCURVE('',#2443,#6220);
#6220 = DEFINITIONAL_REPRESENTATION('',(#6221),#6225);
#6221 = LINE('',#6222,#6223);
#6222 = CARTESIAN_POINT('',(76.5,0.));
#6223 = VECTOR('',#6224,1.);
#6224 = DIRECTION('',(0.,1.));
#6225 = ( GEOMETRIC_REPRESENTATION_CONTEXT(2) 
PARAMETRIC_REPRESENTATION_CONTEXT() REPRESENTATION_CONTEXT('2D SPACE',''
  ) );
#6226 = PCURVE('',#868,#6227);
#6227 = DEFINITIONAL_REPRESENTATION('',(#6228),#6232);
#6228 = LINE('',#6229,#6230);
#6229 = CARTESIAN_POINT('',(0.,0.));
#6230 = VECTOR('',#6231,1.);
#6231 = DIRECTION('',(0.,1.));
#6232 = ( GEOMETRIC_REPRESENTATION_CONTEXT(2) 
PARAMETRIC_REPRESENTATION_CONTEXT() REPRESENTATION_CONTEXT('2D SPACE',''
  ) );
#6233 = ORIENTED_EDGE('',*,*,#6234,.F.);
#6234 = EDGE_CURVE('',#6235,#6212,#6237,.T.);
#6235 = VERTEX_POINT('',#6236);
#6236 = CARTESIAN_POINT('',(-43.98914540318,-24.4,2.5));
#6237 = SURFACE_CURVE('',#6238,(#6243,#6250),.PCURVE_S1.);
#6238 = CIRCLE('',#6239,4.31);
#6239 = AXIS2_PLACEMENT_3D('',#6240,#6241,#6242);
#6240 = CARTESIAN_POINT('',(-47.5,-24.4,0.));
#6241 = DIRECTION('',(0.,1.,0.));
#6242 = DIRECTION('',(0.,-0.,1.));
#6243 = PCURVE('',#2443,#6244);
#6244 = DEFINITIONAL_REPRESENTATION('',(#6245),#6249);
#6245 = CIRCLE('',#6246,4.31);
#6246 = AXIS2_PLACEMENT_2D('',#6247,#6248);
#6247 = CARTESIAN_POINT('',(74.,32.9));
#6248 = DIRECTION('',(1.,0.));
#6249 = ( GEOMETRIC_REPRESENTATION_CONTEXT(2) 
PARAMETRIC_REPRESENTATION_CONTEXT() REPRESENTATION_CONTEXT('2D SPACE',''
  ) );
#6250 = PCURVE('',#1007,#6251);
#6251 = DEFINITIONAL_REPRESENTATION('',(#6252),#6256);
#6252 = LINE('',#6253,#6254);
#6253 = CARTESIAN_POINT('',(0.,1.9));
#6254 = VECTOR('',#6255,1.);
#6255 = DIRECTION('',(1.,0.));
#6256 = ( GEOMETRIC_REPRESENTATION_CONTEXT(2) 
PARAMETRIC_REPRESENTATION_CONTEXT() REPRESENTATION_CONTEXT('2D SPACE',''
  ) );
#6257 = ORIENTED_EDGE('',*,*,#6258,.T.);
#6258 = EDGE_CURVE('',#6235,#6259,#6261,.T.);
#6259 = VERTEX_POINT('',#6260);
#6260 = CARTESIAN_POINT('',(-20.2,-24.4,2.5));
#6261 = SURFACE_CURVE('',#6262,(#6266,#6273),.PCURVE_S1.);
#6262 = LINE('',#6263,#6264);
#6263 = CARTESIAN_POINT('',(-80.4,-24.4,2.5));
#6264 = VECTOR('',#6265,1.);
#6265 = DIRECTION('',(1.,0.,0.));
#6266 = PCURVE('',#2443,#6267);
#6267 = DEFINITIONAL_REPRESENTATION('',(#6268),#6272);
#6268 = LINE('',#6269,#6270);
#6269 = CARTESIAN_POINT('',(76.5,0.));
#6270 = VECTOR('',#6271,1.);
#6271 = DIRECTION('',(0.,1.));
#6272 = ( GEOMETRIC_REPRESENTATION_CONTEXT(2) 
PARAMETRIC_REPRESENTATION_CONTEXT() REPRESENTATION_CONTEXT('2D SPACE',''
  ) );
#6273 = PCURVE('',#980,#6274);
#6274 = DEFINITIONAL_REPRESENTATION('',(#6275),#6279);
#6275 = LINE('',#6276,#6277);
#6276 = CARTESIAN_POINT('',(0.,0.));
#6277 = VECTOR('',#6278,1.);
#6278 = DIRECTION('',(0.,1.));
#6279 = ( GEOMETRIC_REPRESENTATION_CONTEXT(2) 
PARAMETRIC_REPRESENTATION_CONTEXT() REPRESENTATION_CONTEXT('2D SPACE',''
  ) );
#6280 = ORIENTED_EDGE('',*,*,#6281,.F.);
#6281 = EDGE_CURVE('',#2427,#6259,#6282,.T.);
#6282 = SURFACE_CURVE('',#6283,(#6287,#6293),.PCURVE_S1.);
#6283 = LINE('',#6284,#6285);
#6284 = CARTESIAN_POINT('',(-20.2,-24.4,-39.5));
#6285 = VECTOR('',#6286,1.);
#6286 = DIRECTION('',(0.,0.,1.));
#6287 = PCURVE('',#2443,#6288);
#6288 = DEFINITIONAL_REPRESENTATION('',(#6289),#6292);
#6289 = B_SPLINE_CURVE_WITH_KNOTS('',1,(#6290,#6291),.UNSPECIFIED.,.F.,
  .F.,(2,2),(33.,42.),.PIECEWISE_BEZIER_KNOTS.);
#6290 = CARTESIAN_POINT('',(67.5,60.2));
#6291 = CARTESIAN_POINT('',(76.5,60.2));
#6292 = ( GEOMETRIC_REPRESENTATION_CONTEXT(2) 
PARAMETRIC_REPRESENTATION_CONTEXT() REPRESENTATION_CONTEXT('2D SPACE',''
  ) );
#6293 = PCURVE('',#2383,#6294);
#6294 = DEFINITIONAL_REPRESENTATION('',(#6295),#6298);
#6295 = B_SPLINE_CURVE_WITH_KNOTS('',1,(#6296,#6297),.UNSPECIFIED.,.F.,
  .F.,(2,2),(33.,42.),.PIECEWISE_BEZIER_KNOTS.);
#6296 = CARTESIAN_POINT('',(-1.5,-4.6));
#6297 = CARTESIAN_POINT('',(7.5,-4.6));
#6298 = ( GEOMETRIC_REPRESENTATION_CONTEXT(2) 
PARAMETRIC_REPRESENTATION_CONTEXT() REPRESENTATION_CONTEXT('2D SPACE',''
  ) );
#6299 = ORIENTED_EDGE('',*,*,#2424,.F.);
#6300 = ORIENTED_EDGE('',*,*,#2587,.F.);
#6301 = ORIENTED_EDGE('',*,*,#2658,.F.);
#6302 = ORIENTED_EDGE('',*,*,#6303,.T.);
#6303 = EDGE_CURVE('',#2659,#6304,#6306,.T.);
#6304 = VERTEX_POINT('',#6305);
#6305 = CARTESIAN_POINT('',(-14.6,-24.4,2.5));
#6306 = SURFACE_CURVE('',#6307,(#6311,#6317),.PCURVE_S1.);
#6307 = LINE('',#6308,#6309);
#6308 = CARTESIAN_POINT('',(-14.6,-24.4,-37.));
#6309 = VECTOR('',#6310,1.);
#6310 = DIRECTION('',(0.,0.,1.));
#6311 = PCURVE('',#2443,#6312);
#6312 = DEFINITIONAL_REPRESENTATION('',(#6313),#6316);
#6313 = B_SPLINE_CURVE_WITH_KNOTS('',1,(#6314,#6315),.UNSPECIFIED.,.F.,
  .F.,(2,2),(30.5,39.5),.PIECEWISE_BEZIER_KNOTS.);
#6314 = CARTESIAN_POINT('',(67.5,65.8));
#6315 = CARTESIAN_POINT('',(76.5,65.8));
#6316 = ( GEOMETRIC_REPRESENTATION_CONTEXT(2) 
PARAMETRIC_REPRESENTATION_CONTEXT() REPRESENTATION_CONTEXT('2D SPACE',''
  ) );
#6317 = PCURVE('',#653,#6318);
#6318 = DEFINITIONAL_REPRESENTATION('',(#6319),#6323);
#6319 = LINE('',#6320,#6321);
#6320 = CARTESIAN_POINT('',(-37.,24.4));
#6321 = VECTOR('',#6322,1.);
#6322 = DIRECTION('',(1.,0.));
#6323 = ( GEOMETRIC_REPRESENTATION_CONTEXT(2) 
PARAMETRIC_REPRESENTATION_CONTEXT() REPRESENTATION_CONTEXT('2D SPACE',''
  ) );
#6324 = ORIENTED_EDGE('',*,*,#6325,.T.);
#6325 = EDGE_CURVE('',#6304,#6326,#6328,.T.);
#6326 = VERTEX_POINT('',#6327);
#6327 = CARTESIAN_POINT('',(-1.1,-24.4,2.5));
#6328 = SURFACE_CURVE('',#6329,(#6333,#6340),.PCURVE_S1.);
#6329 = LINE('',#6330,#6331);
#6330 = CARTESIAN_POINT('',(-80.4,-24.4,2.5));
#6331 = VECTOR('',#6332,1.);
#6332 = DIRECTION('',(1.,0.,0.));
#6333 = PCURVE('',#2443,#6334);
#6334 = DEFINITIONAL_REPRESENTATION('',(#6335),#6339);
#6335 = LINE('',#6336,#6337);
#6336 = CARTESIAN_POINT('',(76.5,0.));
#6337 = VECTOR('',#6338,1.);
#6338 = DIRECTION('',(0.,1.));
#6339 = ( GEOMETRIC_REPRESENTATION_CONTEXT(2) 
PARAMETRIC_REPRESENTATION_CONTEXT() REPRESENTATION_CONTEXT('2D SPACE',''
  ) );
#6340 = PCURVE('',#570,#6341);
#6341 = DEFINITIONAL_REPRESENTATION('',(#6342),#6346);
#6342 = LINE('',#6343,#6344);
#6343 = CARTESIAN_POINT('',(0.,0.));
#6344 = VECTOR('',#6345,1.);
#6345 = DIRECTION('',(0.,1.));
#6346 = ( GEOMETRIC_REPRESENTATION_CONTEXT(2) 
PARAMETRIC_REPRESENTATION_CONTEXT() REPRESENTATION_CONTEXT('2D SPACE',''
  ) );
#6347 = ORIENTED_EDGE('',*,*,#6348,.F.);
#6348 = EDGE_CURVE('',#6090,#6326,#6349,.T.);
#6349 = SURFACE_CURVE('',#6350,(#6354,#6361),.PCURVE_S1.);
#6350 = LINE('',#6351,#6352);
#6351 = CARTESIAN_POINT('',(-1.1,-24.4,-74.));
#6352 = VECTOR('',#6353,1.);
#6353 = DIRECTION('',(0.,0.,1.));
#6354 = PCURVE('',#2443,#6355);
#6355 = DEFINITIONAL_REPRESENTATION('',(#6356),#6360);
#6356 = LINE('',#6357,#6358);
#6357 = CARTESIAN_POINT('',(0.,79.3));
#6358 = VECTOR('',#6359,1.);
#6359 = DIRECTION('',(1.,0.));
#6360 = ( GEOMETRIC_REPRESENTATION_CONTEXT(2) 
PARAMETRIC_REPRESENTATION_CONTEXT() REPRESENTATION_CONTEXT('2D SPACE',''
  ) );
#6361 = PCURVE('',#6362,#6367);
#6362 = CYLINDRICAL_SURFACE('',#6363,1.);
#6363 = AXIS2_PLACEMENT_3D('',#6364,#6365,#6366);
#6364 = CARTESIAN_POINT('',(-1.1,-25.4,-74.));
#6365 = DIRECTION('',(0.,0.,1.));
#6366 = DIRECTION('',(1.,0.,-0.));
#6367 = DEFINITIONAL_REPRESENTATION('',(#6368),#6372);
#6368 = LINE('',#6369,#6370);
#6369 = CARTESIAN_POINT('',(1.570796326795,0.));
#6370 = VECTOR('',#6371,1.);
#6371 = DIRECTION('',(0.,1.));
#6372 = ( GEOMETRIC_REPRESENTATION_CONTEXT(2) 
PARAMETRIC_REPRESENTATION_CONTEXT() REPRESENTATION_CONTEXT('2D SPACE',''
  ) );
#6373 = FACE_BOUND('',#6374,.T.);
#6374 = EDGE_LOOP('',(#6375));
#6375 = ORIENTED_EDGE('',*,*,#6376,.F.);
#6376 = EDGE_CURVE('',#6377,#6377,#6379,.T.);
#6377 = VERTEX_POINT('',#6378);
#6378 = CARTESIAN_POINT('',(-27.75,-24.4,-65.85));
#6379 = SURFACE_CURVE('',#6380,(#6385,#6392),.PCURVE_S1.);
#6380 = CIRCLE('',#6381,2.15);
#6381 = AXIS2_PLACEMENT_3D('',#6382,#6383,#6384);
#6382 = CARTESIAN_POINT('',(-27.75,-24.4,-68.));
#6383 = DIRECTION('',(0.,1.,0.));
#6384 = DIRECTION('',(0.,-0.,1.));
#6385 = PCURVE('',#2443,#6386);
#6386 = DEFINITIONAL_REPRESENTATION('',(#6387),#6391);
#6387 = CIRCLE('',#6388,2.15);
#6388 = AXIS2_PLACEMENT_2D('',#6389,#6390);
#6389 = CARTESIAN_POINT('',(6.,52.65));
#6390 = DIRECTION('',(1.,0.));
#6391 = ( GEOMETRIC_REPRESENTATION_CONTEXT(2) 
PARAMETRIC_REPRESENTATION_CONTEXT() REPRESENTATION_CONTEXT('2D SPACE',''
  ) );
#6392 = PCURVE('',#6393,#6398);
#6393 = CYLINDRICAL_SURFACE('',#6394,2.15);
#6394 = AXIS2_PLACEMENT_3D('',#6395,#6396,#6397);
#6395 = CARTESIAN_POINT('',(-27.75,-29.2,-68.));
#6396 = DIRECTION('',(0.,1.,0.));
#6397 = DIRECTION('',(0.,-0.,1.));
#6398 = DEFINITIONAL_REPRESENTATION('',(#6399),#6403);
#6399 = LINE('',#6400,#6401);
#6400 = CARTESIAN_POINT('',(0.,4.8));
#6401 = VECTOR('',#6402,1.);
#6402 = DIRECTION('',(1.,0.));
#6403 = ( GEOMETRIC_REPRESENTATION_CONTEXT(2) 
PARAMETRIC_REPRESENTATION_CONTEXT() REPRESENTATION_CONTEXT('2D SPACE',''
  ) );
#6404 = FACE_BOUND('',#6405,.T.);
#6405 = EDGE_LOOP('',(#6406));
#6406 = ORIENTED_EDGE('',*,*,#6407,.F.);
#6407 = EDGE_CURVE('',#6408,#6408,#6410,.T.);
#6408 = VERTEX_POINT('',#6409);
#6409 = CARTESIAN_POINT('',(-27.75,-24.4,-56.85));
#6410 = SURFACE_CURVE('',#6411,(#6416,#6423),.PCURVE_S1.);
#6411 = CIRCLE('',#6412,2.15);
#6412 = AXIS2_PLACEMENT_3D('',#6413,#6414,#6415);
#6413 = CARTESIAN_POINT('',(-27.75,-24.4,-59.));
#6414 = DIRECTION('',(0.,1.,0.));
#6415 = DIRECTION('',(0.,-0.,1.));
#6416 = PCURVE('',#2443,#6417);
#6417 = DEFINITIONAL_REPRESENTATION('',(#6418),#6422);
#6418 = CIRCLE('',#6419,2.15);
#6419 = AXIS2_PLACEMENT_2D('',#6420,#6421);
#6420 = CARTESIAN_POINT('',(15.,52.65));
#6421 = DIRECTION('',(1.,0.));
#6422 = ( GEOMETRIC_REPRESENTATION_CONTEXT(2) 
PARAMETRIC_REPRESENTATION_CONTEXT() REPRESENTATION_CONTEXT('2D SPACE',''
  ) );
#6423 = PCURVE('',#6424,#6429);
#6424 = CYLINDRICAL_SURFACE('',#6425,2.15);
#6425 = AXIS2_PLACEMENT_3D('',#6426,#6427,#6428);
#6426 = CARTESIAN_POINT('',(-27.75,-29.2,-59.));
#6427 = DIRECTION('',(0.,1.,0.));
#6428 = DIRECTION('',(0.,-0.,1.));
#6429 = DEFINITIONAL_REPRESENTATION('',(#6430),#6434);
#6430 = LINE('',#6431,#6432);
#6431 = CARTESIAN_POINT('',(0.,4.8));
#6432 = VECTOR('',#6433,1.);
#6433 = DIRECTION('',(1.,0.));
#6434 = ( GEOMETRIC_REPRESENTATION_CONTEXT(2) 
PARAMETRIC_REPRESENTATION_CONTEXT() REPRESENTATION_CONTEXT('2D SPACE',''
  ) );
#6435 = ADVANCED_FACE('',(#6436),#6424,.F.);
#6436 = FACE_BOUND('',#6437,.F.);
#6437 = EDGE_LOOP('',(#6438,#6467,#6488,#6489));
#6438 = ORIENTED_EDGE('',*,*,#6439,.T.);
#6439 = EDGE_CURVE('',#6440,#6440,#6442,.T.);
#6440 = VERTEX_POINT('',#6441);
#6441 = CARTESIAN_POINT('',(-27.75,-26.85,-56.85));
#6442 = SURFACE_CURVE('',#6443,(#6448,#6455),.PCURVE_S1.);
#6443 = CIRCLE('',#6444,2.15);
#6444 = AXIS2_PLACEMENT_3D('',#6445,#6446,#6447);
#6445 = CARTESIAN_POINT('',(-27.75,-26.85,-59.));
#6446 = DIRECTION('',(0.,1.,0.));
#6447 = DIRECTION('',(0.,-0.,1.));
#6448 = PCURVE('',#6424,#6449);
#6449 = DEFINITIONAL_REPRESENTATION('',(#6450),#6454);
#6450 = LINE('',#6451,#6452);
#6451 = CARTESIAN_POINT('',(0.,2.35));
#6452 = VECTOR('',#6453,1.);
#6453 = DIRECTION('',(1.,0.));
#6454 = ( GEOMETRIC_REPRESENTATION_CONTEXT(2) 
PARAMETRIC_REPRESENTATION_CONTEXT() REPRESENTATION_CONTEXT('2D SPACE',''
  ) );
#6455 = PCURVE('',#6456,#6461);
#6456 = CONICAL_SURFACE('',#6457,4.3,0.785398163397);
#6457 = AXIS2_PLACEMENT_3D('',#6458,#6459,#6460);
#6458 = CARTESIAN_POINT('',(-27.75,-29.,-59.));
#6459 = DIRECTION('',(-0.,-1.,-0.));
#6460 = DIRECTION('',(0.,-0.,1.));
#6461 = DEFINITIONAL_REPRESENTATION('',(#6462),#6466);
#6462 = LINE('',#6463,#6464);
#6463 = CARTESIAN_POINT('',(-0.,-2.15));
#6464 = VECTOR('',#6465,1.);
#6465 = DIRECTION('',(-1.,-0.));
#6466 = ( GEOMETRIC_REPRESENTATION_CONTEXT(2) 
PARAMETRIC_REPRESENTATION_CONTEXT() REPRESENTATION_CONTEXT('2D SPACE',''
  ) );
#6467 = ORIENTED_EDGE('',*,*,#6468,.T.);
#6468 = EDGE_CURVE('',#6440,#6408,#6469,.T.);
#6469 = SEAM_CURVE('',#6470,(#6474,#6481),.PCURVE_S1.);
#6470 = LINE('',#6471,#6472);
#6471 = CARTESIAN_POINT('',(-27.75,-29.2,-56.85));
#6472 = VECTOR('',#6473,1.);
#6473 = DIRECTION('',(0.,1.,0.));
#6474 = PCURVE('',#6424,#6475);
#6475 = DEFINITIONAL_REPRESENTATION('',(#6476),#6480);
#6476 = LINE('',#6477,#6478);
#6477 = CARTESIAN_POINT('',(0.,-0.));
#6478 = VECTOR('',#6479,1.);
#6479 = DIRECTION('',(0.,1.));
#6480 = ( GEOMETRIC_REPRESENTATION_CONTEXT(2) 
PARAMETRIC_REPRESENTATION_CONTEXT() REPRESENTATION_CONTEXT('2D SPACE',''
  ) );
#6481 = PCURVE('',#6424,#6482);
#6482 = DEFINITIONAL_REPRESENTATION('',(#6483),#6487);
#6483 = LINE('',#6484,#6485);
#6484 = CARTESIAN_POINT('',(6.28318530718,-0.));
#6485 = VECTOR('',#6486,1.);
#6486 = DIRECTION('',(0.,1.));
#6487 = ( GEOMETRIC_REPRESENTATION_CONTEXT(2) 
PARAMETRIC_REPRESENTATION_CONTEXT() REPRESENTATION_CONTEXT('2D SPACE',''
  ) );
#6488 = ORIENTED_EDGE('',*,*,#6407,.F.);
#6489 = ORIENTED_EDGE('',*,*,#6468,.F.);
#6490 = ADVANCED_FACE('',(#6491),#6456,.F.);
#6491 = FACE_BOUND('',#6492,.F.);
#6492 = EDGE_LOOP('',(#6493,#6494,#6517,#6544));
#6493 = ORIENTED_EDGE('',*,*,#6439,.F.);
#6494 = ORIENTED_EDGE('',*,*,#6495,.F.);
#6495 = EDGE_CURVE('',#6496,#6440,#6498,.T.);
#6496 = VERTEX_POINT('',#6497);
#6497 = CARTESIAN_POINT('',(-27.75,-29.,-54.7));
#6498 = SEAM_CURVE('',#6499,(#6503,#6510),.PCURVE_S1.);
#6499 = LINE('',#6500,#6501);
#6500 = CARTESIAN_POINT('',(-27.75,-29.,-54.7));
#6501 = VECTOR('',#6502,1.);
#6502 = DIRECTION('',(1.731912112471E-16,0.707106781187,-0.707106781187)
  );
#6503 = PCURVE('',#6456,#6504);
#6504 = DEFINITIONAL_REPRESENTATION('',(#6505),#6509);
#6505 = LINE('',#6506,#6507);
#6506 = CARTESIAN_POINT('',(-6.28318530718,0.));
#6507 = VECTOR('',#6508,1.);
#6508 = DIRECTION('',(-0.,-1.));
#6509 = ( GEOMETRIC_REPRESENTATION_CONTEXT(2) 
PARAMETRIC_REPRESENTATION_CONTEXT() REPRESENTATION_CONTEXT('2D SPACE',''
  ) );
#6510 = PCURVE('',#6456,#6511);
#6511 = DEFINITIONAL_REPRESENTATION('',(#6512),#6516);
#6512 = LINE('',#6513,#6514);
#6513 = CARTESIAN_POINT('',(0.,-0.));
#6514 = VECTOR('',#6515,1.);
#6515 = DIRECTION('',(-0.,-1.));
#6516 = ( GEOMETRIC_REPRESENTATION_CONTEXT(2) 
PARAMETRIC_REPRESENTATION_CONTEXT() REPRESENTATION_CONTEXT('2D SPACE',''
  ) );
#6517 = ORIENTED_EDGE('',*,*,#6518,.T.);
#6518 = EDGE_CURVE('',#6496,#6496,#6519,.T.);
#6519 = SURFACE_CURVE('',#6520,(#6525,#6532),.PCURVE_S1.);
#6520 = CIRCLE('',#6521,4.3);
#6521 = AXIS2_PLACEMENT_3D('',#6522,#6523,#6524);
#6522 = CARTESIAN_POINT('',(-27.75,-29.,-59.));
#6523 = DIRECTION('',(0.,1.,0.));
#6524 = DIRECTION('',(0.,-0.,1.));
#6525 = PCURVE('',#6456,#6526);
#6526 = DEFINITIONAL_REPRESENTATION('',(#6527),#6531);
#6527 = LINE('',#6528,#6529);
#6528 = CARTESIAN_POINT('',(-0.,-0.));
#6529 = VECTOR('',#6530,1.);
#6530 = DIRECTION('',(-1.,-0.));
#6531 = ( GEOMETRIC_REPRESENTATION_CONTEXT(2) 
PARAMETRIC_REPRESENTATION_CONTEXT() REPRESENTATION_CONTEXT('2D SPACE',''
  ) );
#6532 = PCURVE('',#6533,#6538);
#6533 = PLANE('',#6534);
#6534 = AXIS2_PLACEMENT_3D('',#6535,#6536,#6537);
#6535 = CARTESIAN_POINT('',(-80.4,-29.,-5.));
#6536 = DIRECTION('',(0.,1.,0.));
#6537 = DIRECTION('',(0.,0.,1.));
#6538 = DEFINITIONAL_REPRESENTATION('',(#6539),#6543);
#6539 = CIRCLE('',#6540,4.3);
#6540 = AXIS2_PLACEMENT_2D('',#6541,#6542);
#6541 = CARTESIAN_POINT('',(-54.,52.65));
#6542 = DIRECTION('',(1.,0.));
#6543 = ( GEOMETRIC_REPRESENTATION_CONTEXT(2) 
PARAMETRIC_REPRESENTATION_CONTEXT() REPRESENTATION_CONTEXT('2D SPACE',''
  ) );
#6544 = ORIENTED_EDGE('',*,*,#6495,.T.);
#6545 = ADVANCED_FACE('',(#6546,#6650,#6681),#6533,.F.);
#6546 = FACE_BOUND('',#6547,.F.);
#6547 = EDGE_LOOP('',(#6548,#6573,#6601,#6629));
#6548 = ORIENTED_EDGE('',*,*,#6549,.F.);
#6549 = EDGE_CURVE('',#6550,#6552,#6554,.T.);
#6550 = VERTEX_POINT('',#6551);
#6551 = CARTESIAN_POINT('',(-1.1,-29.,2.5));
#6552 = VERTEX_POINT('',#6553);
#6553 = CARTESIAN_POINT('',(-79.4,-29.,2.5));
#6554 = SURFACE_CURVE('',#6555,(#6559,#6566),.PCURVE_S1.);
#6555 = LINE('',#6556,#6557);
#6556 = CARTESIAN_POINT('',(-1.1,-29.,2.5));
#6557 = VECTOR('',#6558,1.);
#6558 = DIRECTION('',(-1.,0.,0.));
#6559 = PCURVE('',#6533,#6560);
#6560 = DEFINITIONAL_REPRESENTATION('',(#6561),#6565);
#6561 = LINE('',#6562,#6563);
#6562 = CARTESIAN_POINT('',(7.5,79.3));
#6563 = VECTOR('',#6564,1.);
#6564 = DIRECTION('',(0.,-1.));
#6565 = ( GEOMETRIC_REPRESENTATION_CONTEXT(2) 
PARAMETRIC_REPRESENTATION_CONTEXT() REPRESENTATION_CONTEXT('2D SPACE',''
  ) );
#6566 = PCURVE('',#514,#6567);
#6567 = DEFINITIONAL_REPRESENTATION('',(#6568),#6572);
#6568 = LINE('',#6569,#6570);
#6569 = CARTESIAN_POINT('',(-0.,79.3));
#6570 = VECTOR('',#6571,1.);
#6571 = DIRECTION('',(-0.,-1.));
#6572 = ( GEOMETRIC_REPRESENTATION_CONTEXT(2) 
PARAMETRIC_REPRESENTATION_CONTEXT() REPRESENTATION_CONTEXT('2D SPACE',''
  ) );
#6573 = ORIENTED_EDGE('',*,*,#6574,.F.);
#6574 = EDGE_CURVE('',#6575,#6550,#6577,.T.);
#6575 = VERTEX_POINT('',#6576);
#6576 = CARTESIAN_POINT('',(-1.1,-29.,-73.));
#6577 = SURFACE_CURVE('',#6578,(#6582,#6589),.PCURVE_S1.);
#6578 = LINE('',#6579,#6580);
#6579 = CARTESIAN_POINT('',(-1.1,-29.,-74.));
#6580 = VECTOR('',#6581,1.);
#6581 = DIRECTION('',(0.,0.,1.));
#6582 = PCURVE('',#6533,#6583);
#6583 = DEFINITIONAL_REPRESENTATION('',(#6584),#6588);
#6584 = LINE('',#6585,#6586);
#6585 = CARTESIAN_POINT('',(-69.,79.3));
#6586 = VECTOR('',#6587,1.);
#6587 = DIRECTION('',(1.,0.));
#6588 = ( GEOMETRIC_REPRESENTATION_CONTEXT(2) 
PARAMETRIC_REPRESENTATION_CONTEXT() REPRESENTATION_CONTEXT('2D SPACE',''
  ) );
#6589 = PCURVE('',#6590,#6595);
#6590 = CYLINDRICAL_SURFACE('',#6591,1.);
#6591 = AXIS2_PLACEMENT_3D('',#6592,#6593,#6594);
#6592 = CARTESIAN_POINT('',(-1.1,-28.,-74.));
#6593 = DIRECTION('',(0.,0.,1.));
#6594 = DIRECTION('',(1.,0.,-0.));
#6595 = DEFINITIONAL_REPRESENTATION('',(#6596),#6600);
#6596 = LINE('',#6597,#6598);
#6597 = CARTESIAN_POINT('',(-1.570796326795,0.));
#6598 = VECTOR('',#6599,1.);
#6599 = DIRECTION('',(-0.,1.));
#6600 = ( GEOMETRIC_REPRESENTATION_CONTEXT(2) 
PARAMETRIC_REPRESENTATION_CONTEXT() REPRESENTATION_CONTEXT('2D SPACE',''
  ) );
#6601 = ORIENTED_EDGE('',*,*,#6602,.F.);
#6602 = EDGE_CURVE('',#6603,#6575,#6605,.T.);
#6603 = VERTEX_POINT('',#6604);
#6604 = CARTESIAN_POINT('',(-79.4,-29.,-73.));
#6605 = SURFACE_CURVE('',#6606,(#6610,#6617),.PCURVE_S1.);
#6606 = LINE('',#6607,#6608);
#6607 = CARTESIAN_POINT('',(-80.4,-29.,-73.));
#6608 = VECTOR('',#6609,1.);
#6609 = DIRECTION('',(1.,0.,0.));
#6610 = PCURVE('',#6533,#6611);
#6611 = DEFINITIONAL_REPRESENTATION('',(#6612),#6616);
#6612 = LINE('',#6613,#6614);
#6613 = CARTESIAN_POINT('',(-68.,0.));
#6614 = VECTOR('',#6615,1.);
#6615 = DIRECTION('',(0.,1.));
#6616 = ( GEOMETRIC_REPRESENTATION_CONTEXT(2) 
PARAMETRIC_REPRESENTATION_CONTEXT() REPRESENTATION_CONTEXT('2D SPACE',''
  ) );
#6617 = PCURVE('',#6618,#6623);
#6618 = CYLINDRICAL_SURFACE('',#6619,1.);
#6619 = AXIS2_PLACEMENT_3D('',#6620,#6621,#6622);
#6620 = CARTESIAN_POINT('',(-80.4,-28.,-73.));
#6621 = DIRECTION('',(1.,0.,0.));
#6622 = DIRECTION('',(0.,-1.,0.));
#6623 = DEFINITIONAL_REPRESENTATION('',(#6624),#6628);
#6624 = LINE('',#6625,#6626);
#6625 = CARTESIAN_POINT('',(0.,0.));
#6626 = VECTOR('',#6627,1.);
#6627 = DIRECTION('',(0.,1.));
#6628 = ( GEOMETRIC_REPRESENTATION_CONTEXT(2) 
PARAMETRIC_REPRESENTATION_CONTEXT() REPRESENTATION_CONTEXT('2D SPACE',''
  ) );
#6629 = ORIENTED_EDGE('',*,*,#6630,.T.);
#6630 = EDGE_CURVE('',#6603,#6552,#6631,.T.);
#6631 = SURFACE_CURVE('',#6632,(#6636,#6643),.PCURVE_S1.);
#6632 = LINE('',#6633,#6634);
#6633 = CARTESIAN_POINT('',(-79.4,-29.,-73.));
#6634 = VECTOR('',#6635,1.);
#6635 = DIRECTION('',(0.,0.,1.));
#6636 = PCURVE('',#6533,#6637);
#6637 = DEFINITIONAL_REPRESENTATION('',(#6638),#6642);
#6638 = LINE('',#6639,#6640);
#6639 = CARTESIAN_POINT('',(-68.,1.));
#6640 = VECTOR('',#6641,1.);
#6641 = DIRECTION('',(1.,0.));
#6642 = ( GEOMETRIC_REPRESENTATION_CONTEXT(2) 
PARAMETRIC_REPRESENTATION_CONTEXT() REPRESENTATION_CONTEXT('2D SPACE',''
  ) );
#6643 = PCURVE('',#44,#6644);
#6644 = DEFINITIONAL_REPRESENTATION('',(#6645),#6649);
#6645 = LINE('',#6646,#6647);
#6646 = CARTESIAN_POINT('',(1.570796326795,-68.));
#6647 = VECTOR('',#6648,1.);
#6648 = DIRECTION('',(0.,1.));
#6649 = ( GEOMETRIC_REPRESENTATION_CONTEXT(2) 
PARAMETRIC_REPRESENTATION_CONTEXT() REPRESENTATION_CONTEXT('2D SPACE',''
  ) );
#6650 = FACE_BOUND('',#6651,.F.);
#6651 = EDGE_LOOP('',(#6652));
#6652 = ORIENTED_EDGE('',*,*,#6653,.F.);
#6653 = EDGE_CURVE('',#6654,#6654,#6656,.T.);
#6654 = VERTEX_POINT('',#6655);
#6655 = CARTESIAN_POINT('',(-27.75,-29.,-63.7));
#6656 = SURFACE_CURVE('',#6657,(#6662,#6669),.PCURVE_S1.);
#6657 = CIRCLE('',#6658,4.3);
#6658 = AXIS2_PLACEMENT_3D('',#6659,#6660,#6661);
#6659 = CARTESIAN_POINT('',(-27.75,-29.,-68.));
#6660 = DIRECTION('',(0.,1.,0.));
#6661 = DIRECTION('',(0.,-0.,1.));
#6662 = PCURVE('',#6533,#6663);
#6663 = DEFINITIONAL_REPRESENTATION('',(#6664),#6668);
#6664 = CIRCLE('',#6665,4.3);
#6665 = AXIS2_PLACEMENT_2D('',#6666,#6667);
#6666 = CARTESIAN_POINT('',(-63.,52.65));
#6667 = DIRECTION('',(1.,0.));
#6668 = ( GEOMETRIC_REPRESENTATION_CONTEXT(2) 
PARAMETRIC_REPRESENTATION_CONTEXT() REPRESENTATION_CONTEXT('2D SPACE',''
  ) );
#6669 = PCURVE('',#6670,#6675);
#6670 = CONICAL_SURFACE('',#6671,4.3,0.785398163397);
#6671 = AXIS2_PLACEMENT_3D('',#6672,#6673,#6674);
#6672 = CARTESIAN_POINT('',(-27.75,-29.,-68.));
#6673 = DIRECTION('',(-0.,-1.,-0.));
#6674 = DIRECTION('',(0.,-0.,1.));
#6675 = DEFINITIONAL_REPRESENTATION('',(#6676),#6680);
#6676 = LINE('',#6677,#6678);
#6677 = CARTESIAN_POINT('',(-0.,-0.));
#6678 = VECTOR('',#6679,1.);
#6679 = DIRECTION('',(-1.,-0.));
#6680 = ( GEOMETRIC_REPRESENTATION_CONTEXT(2) 
PARAMETRIC_REPRESENTATION_CONTEXT() REPRESENTATION_CONTEXT('2D SPACE',''
  ) );
#6681 = FACE_BOUND('',#6682,.F.);
#6682 = EDGE_LOOP('',(#6683));
#6683 = ORIENTED_EDGE('',*,*,#6518,.F.);
#6684 = ADVANCED_FACE('',(#6685),#6670,.F.);
#6685 = FACE_BOUND('',#6686,.F.);
#6686 = EDGE_LOOP('',(#6687,#6711,#6732,#6733));
#6687 = ORIENTED_EDGE('',*,*,#6688,.F.);
#6688 = EDGE_CURVE('',#6689,#6689,#6691,.T.);
#6689 = VERTEX_POINT('',#6690);
#6690 = CARTESIAN_POINT('',(-27.75,-26.85,-65.85));
#6691 = SURFACE_CURVE('',#6692,(#6697,#6704),.PCURVE_S1.);
#6692 = CIRCLE('',#6693,2.15);
#6693 = AXIS2_PLACEMENT_3D('',#6694,#6695,#6696);
#6694 = CARTESIAN_POINT('',(-27.75,-26.85,-68.));
#6695 = DIRECTION('',(0.,1.,0.));
#6696 = DIRECTION('',(0.,-0.,1.));
#6697 = PCURVE('',#6670,#6698);
#6698 = DEFINITIONAL_REPRESENTATION('',(#6699),#6703);
#6699 = LINE('',#6700,#6701);
#6700 = CARTESIAN_POINT('',(-0.,-2.15));
#6701 = VECTOR('',#6702,1.);
#6702 = DIRECTION('',(-1.,-0.));
#6703 = ( GEOMETRIC_REPRESENTATION_CONTEXT(2) 
PARAMETRIC_REPRESENTATION_CONTEXT() REPRESENTATION_CONTEXT('2D SPACE',''
  ) );
#6704 = PCURVE('',#6393,#6705);
#6705 = DEFINITIONAL_REPRESENTATION('',(#6706),#6710);
#6706 = LINE('',#6707,#6708);
#6707 = CARTESIAN_POINT('',(0.,2.35));
#6708 = VECTOR('',#6709,1.);
#6709 = DIRECTION('',(1.,0.));
#6710 = ( GEOMETRIC_REPRESENTATION_CONTEXT(2) 
PARAMETRIC_REPRESENTATION_CONTEXT() REPRESENTATION_CONTEXT('2D SPACE',''
  ) );
#6711 = ORIENTED_EDGE('',*,*,#6712,.F.);
#6712 = EDGE_CURVE('',#6654,#6689,#6713,.T.);
#6713 = SEAM_CURVE('',#6714,(#6718,#6725),.PCURVE_S1.);
#6714 = LINE('',#6715,#6716);
#6715 = CARTESIAN_POINT('',(-27.75,-29.,-63.7));
#6716 = VECTOR('',#6717,1.);
#6717 = DIRECTION('',(1.731912112471E-16,0.707106781187,-0.707106781187)
  );
#6718 = PCURVE('',#6670,#6719);
#6719 = DEFINITIONAL_REPRESENTATION('',(#6720),#6724);
#6720 = LINE('',#6721,#6722);
#6721 = CARTESIAN_POINT('',(-6.28318530718,0.));
#6722 = VECTOR('',#6723,1.);
#6723 = DIRECTION('',(-0.,-1.));
#6724 = ( GEOMETRIC_REPRESENTATION_CONTEXT(2) 
PARAMETRIC_REPRESENTATION_CONTEXT() REPRESENTATION_CONTEXT('2D SPACE',''
  ) );
#6725 = PCURVE('',#6670,#6726);
#6726 = DEFINITIONAL_REPRESENTATION('',(#6727),#6731);
#6727 = LINE('',#6728,#6729);
#6728 = CARTESIAN_POINT('',(0.,-0.));
#6729 = VECTOR('',#6730,1.);
#6730 = DIRECTION('',(-0.,-1.));
#6731 = ( GEOMETRIC_REPRESENTATION_CONTEXT(2) 
PARAMETRIC_REPRESENTATION_CONTEXT() REPRESENTATION_CONTEXT('2D SPACE',''
  ) );
#6732 = ORIENTED_EDGE('',*,*,#6653,.T.);
#6733 = ORIENTED_EDGE('',*,*,#6712,.T.);
#6734 = ADVANCED_FACE('',(#6735),#6618,.T.);
#6735 = FACE_BOUND('',#6736,.T.);
#6736 = EDGE_LOOP('',(#6737,#6764,#6792,#6817));
#6737 = ORIENTED_EDGE('',*,*,#6738,.F.);
#6738 = EDGE_CURVE('',#6739,#6603,#6741,.T.);
#6739 = VERTEX_POINT('',#6740);
#6740 = CARTESIAN_POINT('',(-79.4,-28.,-74.));
#6741 = SURFACE_CURVE('',#6742,(#6747,#6753),.PCURVE_S1.);
#6742 = CIRCLE('',#6743,1.);
#6743 = AXIS2_PLACEMENT_3D('',#6744,#6745,#6746);
#6744 = CARTESIAN_POINT('',(-79.4,-28.,-73.));
#6745 = DIRECTION('',(-1.,6.123233995737E-17,0.));
#6746 = DIRECTION('',(-6.123233995737E-17,-1.,0.));
#6747 = PCURVE('',#6618,#6748);
#6748 = DEFINITIONAL_REPRESENTATION('',(#6749),#6752);
#6749 = B_SPLINE_CURVE_WITH_KNOTS('',1,(#6750,#6751),.UNSPECIFIED.,.F.,
  .F.,(2,2),(4.712388980385,6.28318530718),.PIECEWISE_BEZIER_KNOTS.);
#6750 = CARTESIAN_POINT('',(1.570796326795,1.));
#6751 = CARTESIAN_POINT('',(0.,1.));
#6752 = ( GEOMETRIC_REPRESENTATION_CONTEXT(2) 
PARAMETRIC_REPRESENTATION_CONTEXT() REPRESENTATION_CONTEXT('2D SPACE',''
  ) );
#6753 = PCURVE('',#6754,#6759);
#6754 = SPHERICAL_SURFACE('',#6755,1.);
#6755 = AXIS2_PLACEMENT_3D('',#6756,#6757,#6758);
#6756 = CARTESIAN_POINT('',(-79.4,-28.,-73.));
#6757 = DIRECTION('',(0.,0.,1.));
#6758 = DIRECTION('',(-1.,0.,0.));
#6759 = DEFINITIONAL_REPRESENTATION('',(#6760),#6763);
#6760 = B_SPLINE_CURVE_WITH_KNOTS('',1,(#6761,#6762),.UNSPECIFIED.,.F.,
  .F.,(2,2),(4.712388980385,6.28318530718),.PIECEWISE_BEZIER_KNOTS.);
#6761 = CARTESIAN_POINT('',(1.570796326795,-1.570796326795));
#6762 = CARTESIAN_POINT('',(1.570796326795,0.));
#6763 = ( GEOMETRIC_REPRESENTATION_CONTEXT(2) 
PARAMETRIC_REPRESENTATION_CONTEXT() REPRESENTATION_CONTEXT('2D SPACE',''
  ) );
#6764 = ORIENTED_EDGE('',*,*,#6765,.T.);
#6765 = EDGE_CURVE('',#6739,#6766,#6768,.T.);
#6766 = VERTEX_POINT('',#6767);
#6767 = CARTESIAN_POINT('',(-1.1,-28.,-74.));
#6768 = SURFACE_CURVE('',#6769,(#6773,#6780),.PCURVE_S1.);
#6769 = LINE('',#6770,#6771);
#6770 = CARTESIAN_POINT('',(-80.4,-28.,-74.));
#6771 = VECTOR('',#6772,1.);
#6772 = DIRECTION('',(1.,0.,0.));
#6773 = PCURVE('',#6618,#6774);
#6774 = DEFINITIONAL_REPRESENTATION('',(#6775),#6779);
#6775 = LINE('',#6776,#6777);
#6776 = CARTESIAN_POINT('',(1.570796326795,0.));
#6777 = VECTOR('',#6778,1.);
#6778 = DIRECTION('',(0.,1.));
#6779 = ( GEOMETRIC_REPRESENTATION_CONTEXT(2) 
PARAMETRIC_REPRESENTATION_CONTEXT() REPRESENTATION_CONTEXT('2D SPACE',''
  ) );
#6780 = PCURVE('',#6781,#6786);
#6781 = PLANE('',#6782);
#6782 = AXIS2_PLACEMENT_3D('',#6783,#6784,#6785);
#6783 = CARTESIAN_POINT('',(-80.4,-29.,-74.));
#6784 = DIRECTION('',(0.,0.,1.));
#6785 = DIRECTION('',(1.,0.,0.));
#6786 = DEFINITIONAL_REPRESENTATION('',(#6787),#6791);
#6787 = LINE('',#6788,#6789);
#6788 = CARTESIAN_POINT('',(0.,1.));
#6789 = VECTOR('',#6790,1.);
#6790 = DIRECTION('',(1.,0.));
#6791 = ( GEOMETRIC_REPRESENTATION_CONTEXT(2) 
PARAMETRIC_REPRESENTATION_CONTEXT() REPRESENTATION_CONTEXT('2D SPACE',''
  ) );
#6792 = ORIENTED_EDGE('',*,*,#6793,.T.);
#6793 = EDGE_CURVE('',#6766,#6575,#6794,.T.);
#6794 = SURFACE_CURVE('',#6795,(#6800,#6806),.PCURVE_S1.);
#6795 = CIRCLE('',#6796,1.);
#6796 = AXIS2_PLACEMENT_3D('',#6797,#6798,#6799);
#6797 = CARTESIAN_POINT('',(-1.1,-28.,-73.));
#6798 = DIRECTION('',(-1.,-6.123233995737E-17,0.));
#6799 = DIRECTION('',(6.123233995737E-17,-1.,-0.));
#6800 = PCURVE('',#6618,#6801);
#6801 = DEFINITIONAL_REPRESENTATION('',(#6802),#6805);
#6802 = B_SPLINE_CURVE_WITH_KNOTS('',1,(#6803,#6804),.UNSPECIFIED.,.F.,
  .F.,(2,2),(4.712388980385,6.28318530718),.PIECEWISE_BEZIER_KNOTS.);
#6803 = CARTESIAN_POINT('',(1.570796326795,79.3));
#6804 = CARTESIAN_POINT('',(0.,79.3));
#6805 = ( GEOMETRIC_REPRESENTATION_CONTEXT(2) 
PARAMETRIC_REPRESENTATION_CONTEXT() REPRESENTATION_CONTEXT('2D SPACE',''
  ) );
#6806 = PCURVE('',#6807,#6812);
#6807 = SPHERICAL_SURFACE('',#6808,1.);
#6808 = AXIS2_PLACEMENT_3D('',#6809,#6810,#6811);
#6809 = CARTESIAN_POINT('',(-1.1,-28.,-73.));
#6810 = DIRECTION('',(0.,0.,1.));
#6811 = DIRECTION('',(1.,0.,-0.));
#6812 = DEFINITIONAL_REPRESENTATION('',(#6813),#6816);
#6813 = B_SPLINE_CURVE_WITH_KNOTS('',1,(#6814,#6815),.UNSPECIFIED.,.F.,
  .F.,(2,2),(4.712388980385,6.28318530718),.PIECEWISE_BEZIER_KNOTS.);
#6814 = CARTESIAN_POINT('',(-1.570796326795,-1.570796326795));
#6815 = CARTESIAN_POINT('',(-1.570796326795,0.));
#6816 = ( GEOMETRIC_REPRESENTATION_CONTEXT(2) 
PARAMETRIC_REPRESENTATION_CONTEXT() REPRESENTATION_CONTEXT('2D SPACE',''
  ) );
#6817 = ORIENTED_EDGE('',*,*,#6602,.F.);
#6818 = ADVANCED_FACE('',(#6819),#6807,.T.);
#6819 = FACE_BOUND('',#6820,.F.);
#6820 = EDGE_LOOP('',(#6821,#6848,#6849));
#6821 = ORIENTED_EDGE('',*,*,#6822,.F.);
#6822 = EDGE_CURVE('',#6766,#6823,#6825,.T.);
#6823 = VERTEX_POINT('',#6824);
#6824 = CARTESIAN_POINT('',(-9.999999999999E-02,-28.,-73.));
#6825 = SURFACE_CURVE('',#6826,(#6831,#6837),.PCURVE_S1.);
#6826 = CIRCLE('',#6827,1.);
#6827 = AXIS2_PLACEMENT_3D('',#6828,#6829,#6830);
#6828 = CARTESIAN_POINT('',(-1.1,-28.,-73.));
#6829 = DIRECTION('',(0.,-1.,0.));
#6830 = DIRECTION('',(1.,0.,0.));
#6831 = PCURVE('',#6807,#6832);
#6832 = DEFINITIONAL_REPRESENTATION('',(#6833),#6836);
#6833 = B_SPLINE_CURVE_WITH_KNOTS('',1,(#6834,#6835),.UNSPECIFIED.,.F.,
  .F.,(2,2),(4.712388980385,6.28318530718),.PIECEWISE_BEZIER_KNOTS.);
#6834 = CARTESIAN_POINT('',(0.,-1.570796326795));
#6835 = CARTESIAN_POINT('',(0.,0.));
#6836 = ( GEOMETRIC_REPRESENTATION_CONTEXT(2) 
PARAMETRIC_REPRESENTATION_CONTEXT() REPRESENTATION_CONTEXT('2D SPACE',''
  ) );
#6837 = PCURVE('',#6838,#6843);
#6838 = CYLINDRICAL_SURFACE('',#6839,1.);
#6839 = AXIS2_PLACEMENT_3D('',#6840,#6841,#6842);
#6840 = CARTESIAN_POINT('',(-1.1,-29.,-73.));
#6841 = DIRECTION('',(0.,1.,0.));
#6842 = DIRECTION('',(1.,0.,-0.));
#6843 = DEFINITIONAL_REPRESENTATION('',(#6844),#6847);
#6844 = B_SPLINE_CURVE_WITH_KNOTS('',1,(#6845,#6846),.UNSPECIFIED.,.F.,
  .F.,(2,2),(4.712388980385,6.28318530718),.PIECEWISE_BEZIER_KNOTS.);
#6845 = CARTESIAN_POINT('',(1.570796326795,1.));
#6846 = CARTESIAN_POINT('',(0.,1.));
#6847 = ( GEOMETRIC_REPRESENTATION_CONTEXT(2) 
PARAMETRIC_REPRESENTATION_CONTEXT() REPRESENTATION_CONTEXT('2D SPACE',''
  ) );
#6848 = ORIENTED_EDGE('',*,*,#6793,.T.);
#6849 = ORIENTED_EDGE('',*,*,#6850,.F.);
#6850 = EDGE_CURVE('',#6823,#6575,#6851,.T.);
#6851 = SURFACE_CURVE('',#6852,(#6857,#6864),.PCURVE_S1.);
#6852 = CIRCLE('',#6853,1.);
#6853 = AXIS2_PLACEMENT_3D('',#6854,#6855,#6856);
#6854 = CARTESIAN_POINT('',(-1.1,-28.,-73.));
#6855 = DIRECTION('',(0.,-0.,-1.));
#6856 = DIRECTION('',(1.,0.,-0.));
#6857 = PCURVE('',#6807,#6858);
#6858 = DEFINITIONAL_REPRESENTATION('',(#6859),#6863);
#6859 = LINE('',#6860,#6861);
#6860 = CARTESIAN_POINT('',(-0.,0.));
#6861 = VECTOR('',#6862,1.);
#6862 = DIRECTION('',(-1.,0.));
#6863 = ( GEOMETRIC_REPRESENTATION_CONTEXT(2) 
PARAMETRIC_REPRESENTATION_CONTEXT() REPRESENTATION_CONTEXT('2D SPACE',''
  ) );
#6864 = PCURVE('',#6590,#6865);
#6865 = DEFINITIONAL_REPRESENTATION('',(#6866),#6870);
#6866 = LINE('',#6867,#6868);
#6867 = CARTESIAN_POINT('',(-0.,1.));
#6868 = VECTOR('',#6869,1.);
#6869 = DIRECTION('',(-1.,0.));
#6870 = ( GEOMETRIC_REPRESENTATION_CONTEXT(2) 
PARAMETRIC_REPRESENTATION_CONTEXT() REPRESENTATION_CONTEXT('2D SPACE',''
  ) );
#6871 = ADVANCED_FACE('',(#6872),#6838,.T.);
#6872 = FACE_BOUND('',#6873,.T.);
#6873 = EDGE_LOOP('',(#6874,#6875,#6898,#6925));
#6874 = ORIENTED_EDGE('',*,*,#6822,.F.);
#6875 = ORIENTED_EDGE('',*,*,#6876,.T.);
#6876 = EDGE_CURVE('',#6766,#6877,#6879,.T.);
#6877 = VERTEX_POINT('',#6878);
#6878 = CARTESIAN_POINT('',(-1.1,-25.4,-74.));
#6879 = SURFACE_CURVE('',#6880,(#6884,#6891),.PCURVE_S1.);
#6880 = LINE('',#6881,#6882);
#6881 = CARTESIAN_POINT('',(-1.1,-29.,-74.));
#6882 = VECTOR('',#6883,1.);
#6883 = DIRECTION('',(0.,1.,0.));
#6884 = PCURVE('',#6838,#6885);
#6885 = DEFINITIONAL_REPRESENTATION('',(#6886),#6890);
#6886 = LINE('',#6887,#6888);
#6887 = CARTESIAN_POINT('',(1.570796326795,0.));
#6888 = VECTOR('',#6889,1.);
#6889 = DIRECTION('',(0.,1.));
#6890 = ( GEOMETRIC_REPRESENTATION_CONTEXT(2) 
PARAMETRIC_REPRESENTATION_CONTEXT() REPRESENTATION_CONTEXT('2D SPACE',''
  ) );
#6891 = PCURVE('',#6781,#6892);
#6892 = DEFINITIONAL_REPRESENTATION('',(#6893),#6897);
#6893 = LINE('',#6894,#6895);
#6894 = CARTESIAN_POINT('',(79.3,0.));
#6895 = VECTOR('',#6896,1.);
#6896 = DIRECTION('',(0.,1.));
#6897 = ( GEOMETRIC_REPRESENTATION_CONTEXT(2) 
PARAMETRIC_REPRESENTATION_CONTEXT() REPRESENTATION_CONTEXT('2D SPACE',''
  ) );
#6898 = ORIENTED_EDGE('',*,*,#6899,.T.);
#6899 = EDGE_CURVE('',#6877,#6900,#6902,.T.);
#6900 = VERTEX_POINT('',#6901);
#6901 = CARTESIAN_POINT('',(-9.999999999999E-02,-25.4,-73.));
#6902 = SURFACE_CURVE('',#6903,(#6908,#6914),.PCURVE_S1.);
#6903 = CIRCLE('',#6904,1.);
#6904 = AXIS2_PLACEMENT_3D('',#6905,#6906,#6907);
#6905 = CARTESIAN_POINT('',(-1.1,-25.4,-73.));
#6906 = DIRECTION('',(0.,-1.,0.));
#6907 = DIRECTION('',(1.,0.,0.));
#6908 = PCURVE('',#6838,#6909);
#6909 = DEFINITIONAL_REPRESENTATION('',(#6910),#6913);
#6910 = B_SPLINE_CURVE_WITH_KNOTS('',1,(#6911,#6912),.UNSPECIFIED.,.F.,
  .F.,(2,2),(4.712388980385,6.28318530718),.PIECEWISE_BEZIER_KNOTS.);
#6911 = CARTESIAN_POINT('',(1.570796326795,3.6));
#6912 = CARTESIAN_POINT('',(0.,3.6));
#6913 = ( GEOMETRIC_REPRESENTATION_CONTEXT(2) 
PARAMETRIC_REPRESENTATION_CONTEXT() REPRESENTATION_CONTEXT('2D SPACE',''
  ) );
#6914 = PCURVE('',#6915,#6920);
#6915 = SPHERICAL_SURFACE('',#6916,1.);
#6916 = AXIS2_PLACEMENT_3D('',#6917,#6918,#6919);
#6917 = CARTESIAN_POINT('',(-1.1,-25.4,-73.));
#6918 = DIRECTION('',(0.,0.,1.));
#6919 = DIRECTION('',(1.,0.,-0.));
#6920 = DEFINITIONAL_REPRESENTATION('',(#6921),#6924);
#6921 = B_SPLINE_CURVE_WITH_KNOTS('',1,(#6922,#6923),.UNSPECIFIED.,.F.,
  .F.,(2,2),(4.712388980385,6.28318530718),.PIECEWISE_BEZIER_KNOTS.);
#6922 = CARTESIAN_POINT('',(0.,-1.570796326795));
#6923 = CARTESIAN_POINT('',(0.,0.));
#6924 = ( GEOMETRIC_REPRESENTATION_CONTEXT(2) 
PARAMETRIC_REPRESENTATION_CONTEXT() REPRESENTATION_CONTEXT('2D SPACE',''
  ) );
#6925 = ORIENTED_EDGE('',*,*,#6926,.F.);
#6926 = EDGE_CURVE('',#6823,#6900,#6927,.T.);
#6927 = SURFACE_CURVE('',#6928,(#6932,#6939),.PCURVE_S1.);
#6928 = LINE('',#6929,#6930);
#6929 = CARTESIAN_POINT('',(-9.999999999999E-02,-29.,-73.));
#6930 = VECTOR('',#6931,1.);
#6931 = DIRECTION('',(0.,1.,0.));
#6932 = PCURVE('',#6838,#6933);
#6933 = DEFINITIONAL_REPRESENTATION('',(#6934),#6938);
#6934 = LINE('',#6935,#6936);
#6935 = CARTESIAN_POINT('',(0.,0.));
#6936 = VECTOR('',#6937,1.);
#6937 = DIRECTION('',(0.,1.));
#6938 = ( GEOMETRIC_REPRESENTATION_CONTEXT(2) 
PARAMETRIC_REPRESENTATION_CONTEXT() REPRESENTATION_CONTEXT('2D SPACE',''
  ) );
#6939 = PCURVE('',#6940,#6945);
#6940 = PLANE('',#6941);
#6941 = AXIS2_PLACEMENT_3D('',#6942,#6943,#6944);
#6942 = CARTESIAN_POINT('',(-9.999999999999E-02,-29.,-74.));
#6943 = DIRECTION('',(1.,0.,0.));
#6944 = DIRECTION('',(0.,0.,1.));
#6945 = DEFINITIONAL_REPRESENTATION('',(#6946),#6950);
#6946 = LINE('',#6947,#6948);
#6947 = CARTESIAN_POINT('',(1.,0.));
#6948 = VECTOR('',#6949,1.);
#6949 = DIRECTION('',(0.,-1.));
#6950 = ( GEOMETRIC_REPRESENTATION_CONTEXT(2) 
PARAMETRIC_REPRESENTATION_CONTEXT() REPRESENTATION_CONTEXT('2D SPACE',''
  ) );
#6951 = ADVANCED_FACE('',(#6952),#6915,.T.);
#6952 = FACE_BOUND('',#6953,.T.);
#6953 = EDGE_LOOP('',(#6954,#6955,#6975));
#6954 = ORIENTED_EDGE('',*,*,#6899,.F.);
#6955 = ORIENTED_EDGE('',*,*,#6956,.T.);
#6956 = EDGE_CURVE('',#6877,#6090,#6957,.T.);
#6957 = SURFACE_CURVE('',#6958,(#6963,#6969),.PCURVE_S1.);
#6958 = CIRCLE('',#6959,1.);
#6959 = AXIS2_PLACEMENT_3D('',#6960,#6961,#6962);
#6960 = CARTESIAN_POINT('',(-1.1,-25.4,-73.));
#6961 = DIRECTION('',(1.,-6.123233995737E-17,0.));
#6962 = DIRECTION('',(6.123233995737E-17,1.,0.));
#6963 = PCURVE('',#6915,#6964);
#6964 = DEFINITIONAL_REPRESENTATION('',(#6965),#6968);
#6965 = B_SPLINE_CURVE_WITH_KNOTS('',1,(#6966,#6967),.UNSPECIFIED.,.F.,
  .F.,(2,2),(4.712388980385,6.28318530718),.PIECEWISE_BEZIER_KNOTS.);
#6966 = CARTESIAN_POINT('',(1.570796326795,-1.570796326795));
#6967 = CARTESIAN_POINT('',(1.570796326795,0.));
#6968 = ( GEOMETRIC_REPRESENTATION_CONTEXT(2) 
PARAMETRIC_REPRESENTATION_CONTEXT() REPRESENTATION_CONTEXT('2D SPACE',''
  ) );
#6969 = PCURVE('',#6105,#6970);
#6970 = DEFINITIONAL_REPRESENTATION('',(#6971),#6974);
#6971 = B_SPLINE_CURVE_WITH_KNOTS('',1,(#6972,#6973),.UNSPECIFIED.,.F.,
  .F.,(2,2),(4.712388980385,6.28318530718),.PIECEWISE_BEZIER_KNOTS.);
#6972 = CARTESIAN_POINT('',(-1.570796326795,79.3));
#6973 = CARTESIAN_POINT('',(0.,79.3));
#6974 = ( GEOMETRIC_REPRESENTATION_CONTEXT(2) 
PARAMETRIC_REPRESENTATION_CONTEXT() REPRESENTATION_CONTEXT('2D SPACE',''
  ) );
#6975 = ORIENTED_EDGE('',*,*,#6976,.F.);
#6976 = EDGE_CURVE('',#6900,#6090,#6977,.T.);
#6977 = SURFACE_CURVE('',#6978,(#6983,#6990),.PCURVE_S1.);
#6978 = CIRCLE('',#6979,1.);
#6979 = AXIS2_PLACEMENT_3D('',#6980,#6981,#6982);
#6980 = CARTESIAN_POINT('',(-1.1,-25.4,-73.));
#6981 = DIRECTION('',(0.,0.,1.));
#6982 = DIRECTION('',(1.,0.,-0.));
#6983 = PCURVE('',#6915,#6984);
#6984 = DEFINITIONAL_REPRESENTATION('',(#6985),#6989);
#6985 = LINE('',#6986,#6987);
#6986 = CARTESIAN_POINT('',(0.,0.));
#6987 = VECTOR('',#6988,1.);
#6988 = DIRECTION('',(1.,0.));
#6989 = ( GEOMETRIC_REPRESENTATION_CONTEXT(2) 
PARAMETRIC_REPRESENTATION_CONTEXT() REPRESENTATION_CONTEXT('2D SPACE',''
  ) );
#6990 = PCURVE('',#6362,#6991);
#6991 = DEFINITIONAL_REPRESENTATION('',(#6992),#6996);
#6992 = LINE('',#6993,#6994);
#6993 = CARTESIAN_POINT('',(0.,1.));
#6994 = VECTOR('',#6995,1.);
#6995 = DIRECTION('',(1.,0.));
#6996 = ( GEOMETRIC_REPRESENTATION_CONTEXT(2) 
PARAMETRIC_REPRESENTATION_CONTEXT() REPRESENTATION_CONTEXT('2D SPACE',''
  ) );
#6997 = ADVANCED_FACE('',(#6998),#6940,.T.);
#6998 = FACE_BOUND('',#6999,.T.);
#6999 = EDGE_LOOP('',(#7000,#7023,#7024,#7047));
#7000 = ORIENTED_EDGE('',*,*,#7001,.F.);
#7001 = EDGE_CURVE('',#6823,#7002,#7004,.T.);
#7002 = VERTEX_POINT('',#7003);
#7003 = CARTESIAN_POINT('',(-9.999999999999E-02,-28.,2.5));
#7004 = SURFACE_CURVE('',#7005,(#7009,#7016),.PCURVE_S1.);
#7005 = LINE('',#7006,#7007);
#7006 = CARTESIAN_POINT('',(-9.999999999999E-02,-28.,-74.));
#7007 = VECTOR('',#7008,1.);
#7008 = DIRECTION('',(0.,0.,1.));
#7009 = PCURVE('',#6940,#7010);
#7010 = DEFINITIONAL_REPRESENTATION('',(#7011),#7015);
#7011 = LINE('',#7012,#7013);
#7012 = CARTESIAN_POINT('',(0.,-1.));
#7013 = VECTOR('',#7014,1.);
#7014 = DIRECTION('',(1.,0.));
#7015 = ( GEOMETRIC_REPRESENTATION_CONTEXT(2) 
PARAMETRIC_REPRESENTATION_CONTEXT() REPRESENTATION_CONTEXT('2D SPACE',''
  ) );
#7016 = PCURVE('',#6590,#7017);
#7017 = DEFINITIONAL_REPRESENTATION('',(#7018),#7022);
#7018 = LINE('',#7019,#7020);
#7019 = CARTESIAN_POINT('',(-0.,0.));
#7020 = VECTOR('',#7021,1.);
#7021 = DIRECTION('',(-0.,1.));
#7022 = ( GEOMETRIC_REPRESENTATION_CONTEXT(2) 
PARAMETRIC_REPRESENTATION_CONTEXT() REPRESENTATION_CONTEXT('2D SPACE',''
  ) );
#7023 = ORIENTED_EDGE('',*,*,#6926,.T.);
#7024 = ORIENTED_EDGE('',*,*,#7025,.T.);
#7025 = EDGE_CURVE('',#6900,#7026,#7028,.T.);
#7026 = VERTEX_POINT('',#7027);
#7027 = CARTESIAN_POINT('',(-9.999999999999E-02,-25.4,2.5));
#7028 = SURFACE_CURVE('',#7029,(#7033,#7040),.PCURVE_S1.);
#7029 = LINE('',#7030,#7031);
#7030 = CARTESIAN_POINT('',(-9.999999999999E-02,-25.4,-74.));
#7031 = VECTOR('',#7032,1.);
#7032 = DIRECTION('',(0.,0.,1.));
#7033 = PCURVE('',#6940,#7034);
#7034 = DEFINITIONAL_REPRESENTATION('',(#7035),#7039);
#7035 = LINE('',#7036,#7037);
#7036 = CARTESIAN_POINT('',(0.,-3.6));
#7037 = VECTOR('',#7038,1.);
#7038 = DIRECTION('',(1.,0.));
#7039 = ( GEOMETRIC_REPRESENTATION_CONTEXT(2) 
PARAMETRIC_REPRESENTATION_CONTEXT() REPRESENTATION_CONTEXT('2D SPACE',''
  ) );
#7040 = PCURVE('',#6362,#7041);
#7041 = DEFINITIONAL_REPRESENTATION('',(#7042),#7046);
#7042 = LINE('',#7043,#7044);
#7043 = CARTESIAN_POINT('',(0.,0.));
#7044 = VECTOR('',#7045,1.);
#7045 = DIRECTION('',(0.,1.));
#7046 = ( GEOMETRIC_REPRESENTATION_CONTEXT(2) 
PARAMETRIC_REPRESENTATION_CONTEXT() REPRESENTATION_CONTEXT('2D SPACE',''
  ) );
#7047 = ORIENTED_EDGE('',*,*,#7048,.F.);
#7048 = EDGE_CURVE('',#7002,#7026,#7049,.T.);
#7049 = SURFACE_CURVE('',#7050,(#7054,#7061),.PCURVE_S1.);
#7050 = LINE('',#7051,#7052);
#7051 = CARTESIAN_POINT('',(-9.999999999999E-02,-29.,2.5));
#7052 = VECTOR('',#7053,1.);
#7053 = DIRECTION('',(0.,1.,0.));
#7054 = PCURVE('',#6940,#7055);
#7055 = DEFINITIONAL_REPRESENTATION('',(#7056),#7060);
#7056 = LINE('',#7057,#7058);
#7057 = CARTESIAN_POINT('',(76.5,0.));
#7058 = VECTOR('',#7059,1.);
#7059 = DIRECTION('',(0.,-1.));
#7060 = ( GEOMETRIC_REPRESENTATION_CONTEXT(2) 
PARAMETRIC_REPRESENTATION_CONTEXT() REPRESENTATION_CONTEXT('2D SPACE',''
  ) );
#7061 = PCURVE('',#542,#7062);
#7062 = DEFINITIONAL_REPRESENTATION('',(#7063),#7067);
#7063 = LINE('',#7064,#7065);
#7064 = CARTESIAN_POINT('',(-0.,0.));
#7065 = VECTOR('',#7066,1.);
#7066 = DIRECTION('',(-0.,1.));
#7067 = ( GEOMETRIC_REPRESENTATION_CONTEXT(2) 
PARAMETRIC_REPRESENTATION_CONTEXT() REPRESENTATION_CONTEXT('2D SPACE',''
  ) );
#7068 = ADVANCED_FACE('',(#7069),#6781,.F.);
#7069 = FACE_BOUND('',#7070,.F.);
#7070 = EDGE_LOOP('',(#7071,#7094,#7095,#7096));
#7071 = ORIENTED_EDGE('',*,*,#7072,.F.);
#7072 = EDGE_CURVE('',#6739,#7073,#7075,.T.);
#7073 = VERTEX_POINT('',#7074);
#7074 = CARTESIAN_POINT('',(-79.4,-25.4,-74.));
#7075 = SURFACE_CURVE('',#7076,(#7080,#7087),.PCURVE_S1.);
#7076 = LINE('',#7077,#7078);
#7077 = CARTESIAN_POINT('',(-79.4,-29.,-74.));
#7078 = VECTOR('',#7079,1.);
#7079 = DIRECTION('',(0.,1.,0.));
#7080 = PCURVE('',#6781,#7081);
#7081 = DEFINITIONAL_REPRESENTATION('',(#7082),#7086);
#7082 = LINE('',#7083,#7084);
#7083 = CARTESIAN_POINT('',(1.,0.));
#7084 = VECTOR('',#7085,1.);
#7085 = DIRECTION('',(0.,1.));
#7086 = ( GEOMETRIC_REPRESENTATION_CONTEXT(2) 
PARAMETRIC_REPRESENTATION_CONTEXT() REPRESENTATION_CONTEXT('2D SPACE',''
  ) );
#7087 = PCURVE('',#72,#7088);
#7088 = DEFINITIONAL_REPRESENTATION('',(#7089),#7093);
#7089 = LINE('',#7090,#7091);
#7090 = CARTESIAN_POINT('',(-1.570796326795,0.));
#7091 = VECTOR('',#7092,1.);
#7092 = DIRECTION('',(-0.,1.));
#7093 = ( GEOMETRIC_REPRESENTATION_CONTEXT(2) 
PARAMETRIC_REPRESENTATION_CONTEXT() REPRESENTATION_CONTEXT('2D SPACE',''
  ) );
#7094 = ORIENTED_EDGE('',*,*,#6765,.T.);
#7095 = ORIENTED_EDGE('',*,*,#6876,.T.);
#7096 = ORIENTED_EDGE('',*,*,#7097,.F.);
#7097 = EDGE_CURVE('',#7073,#6877,#7098,.T.);
#7098 = SURFACE_CURVE('',#7099,(#7103,#7110),.PCURVE_S1.);
#7099 = LINE('',#7100,#7101);
#7100 = CARTESIAN_POINT('',(-80.4,-25.4,-74.));
#7101 = VECTOR('',#7102,1.);
#7102 = DIRECTION('',(1.,0.,0.));
#7103 = PCURVE('',#6781,#7104);
#7104 = DEFINITIONAL_REPRESENTATION('',(#7105),#7109);
#7105 = LINE('',#7106,#7107);
#7106 = CARTESIAN_POINT('',(0.,3.6));
#7107 = VECTOR('',#7108,1.);
#7108 = DIRECTION('',(1.,0.));
#7109 = ( GEOMETRIC_REPRESENTATION_CONTEXT(2) 
PARAMETRIC_REPRESENTATION_CONTEXT() REPRESENTATION_CONTEXT('2D SPACE',''
  ) );
#7110 = PCURVE('',#6105,#7111);
#7111 = DEFINITIONAL_REPRESENTATION('',(#7112),#7116);
#7112 = LINE('',#7113,#7114);
#7113 = CARTESIAN_POINT('',(-1.570796326795,0.));
#7114 = VECTOR('',#7115,1.);
#7115 = DIRECTION('',(-0.,1.));
#7116 = ( GEOMETRIC_REPRESENTATION_CONTEXT(2) 
PARAMETRIC_REPRESENTATION_CONTEXT() REPRESENTATION_CONTEXT('2D SPACE',''
  ) );
#7117 = ADVANCED_FACE('',(#7118),#6754,.T.);
#7118 = FACE_BOUND('',#7119,.T.);
#7119 = EDGE_LOOP('',(#7120,#7140,#7141));
#7120 = ORIENTED_EDGE('',*,*,#7121,.F.);
#7121 = EDGE_CURVE('',#6739,#22,#7122,.T.);
#7122 = SURFACE_CURVE('',#7123,(#7128,#7134),.PCURVE_S1.);
#7123 = CIRCLE('',#7124,1.);
#7124 = AXIS2_PLACEMENT_3D('',#7125,#7126,#7127);
#7125 = CARTESIAN_POINT('',(-79.4,-28.,-73.));
#7126 = DIRECTION('',(0.,1.,-0.));
#7127 = DIRECTION('',(-1.,0.,0.));
#7128 = PCURVE('',#6754,#7129);
#7129 = DEFINITIONAL_REPRESENTATION('',(#7130),#7133);
#7130 = B_SPLINE_CURVE_WITH_KNOTS('',1,(#7131,#7132),.UNSPECIFIED.,.F.,
  .F.,(2,2),(4.712388980385,6.28318530718),.PIECEWISE_BEZIER_KNOTS.);
#7131 = CARTESIAN_POINT('',(0.,-1.570796326795));
#7132 = CARTESIAN_POINT('',(0.,0.));
#7133 = ( GEOMETRIC_REPRESENTATION_CONTEXT(2) 
PARAMETRIC_REPRESENTATION_CONTEXT() REPRESENTATION_CONTEXT('2D SPACE',''
  ) );
#7134 = PCURVE('',#72,#7135);
#7135 = DEFINITIONAL_REPRESENTATION('',(#7136),#7139);
#7136 = B_SPLINE_CURVE_WITH_KNOTS('',1,(#7137,#7138),.UNSPECIFIED.,.F.,
  .F.,(2,2),(4.712388980385,6.28318530718),.PIECEWISE_BEZIER_KNOTS.);
#7137 = CARTESIAN_POINT('',(-1.570796326795,1.));
#7138 = CARTESIAN_POINT('',(0.,1.));
#7139 = ( GEOMETRIC_REPRESENTATION_CONTEXT(2) 
PARAMETRIC_REPRESENTATION_CONTEXT() REPRESENTATION_CONTEXT('2D SPACE',''
  ) );
#7140 = ORIENTED_EDGE('',*,*,#6738,.T.);
#7141 = ORIENTED_EDGE('',*,*,#7142,.F.);
#7142 = EDGE_CURVE('',#22,#6603,#7143,.T.);
#7143 = SURFACE_CURVE('',#7144,(#7149,#7156),.PCURVE_S1.);
#7144 = CIRCLE('',#7145,1.);
#7145 = AXIS2_PLACEMENT_3D('',#7146,#7147,#7148);
#7146 = CARTESIAN_POINT('',(-79.4,-28.,-73.));
#7147 = DIRECTION('',(0.,0.,1.));
#7148 = DIRECTION('',(-1.,0.,0.));
#7149 = PCURVE('',#6754,#7150);
#7150 = DEFINITIONAL_REPRESENTATION('',(#7151),#7155);
#7151 = LINE('',#7152,#7153);
#7152 = CARTESIAN_POINT('',(0.,0.));
#7153 = VECTOR('',#7154,1.);
#7154 = DIRECTION('',(1.,0.));
#7155 = ( GEOMETRIC_REPRESENTATION_CONTEXT(2) 
PARAMETRIC_REPRESENTATION_CONTEXT() REPRESENTATION_CONTEXT('2D SPACE',''
  ) );
#7156 = PCURVE('',#44,#7157);
#7157 = DEFINITIONAL_REPRESENTATION('',(#7158),#7162);
#7158 = LINE('',#7159,#7160);
#7159 = CARTESIAN_POINT('',(0.,-68.));
#7160 = VECTOR('',#7161,1.);
#7161 = DIRECTION('',(1.,0.));
#7162 = ( GEOMETRIC_REPRESENTATION_CONTEXT(2) 
PARAMETRIC_REPRESENTATION_CONTEXT() REPRESENTATION_CONTEXT('2D SPACE',''
  ) );
#7163 = ADVANCED_FACE('',(#7164),#6590,.T.);
#7164 = FACE_BOUND('',#7165,.F.);
#7165 = EDGE_LOOP('',(#7166,#7167,#7168,#7169));
#7166 = ORIENTED_EDGE('',*,*,#7001,.F.);
#7167 = ORIENTED_EDGE('',*,*,#6850,.T.);
#7168 = ORIENTED_EDGE('',*,*,#6574,.T.);
#7169 = ORIENTED_EDGE('',*,*,#7170,.F.);
#7170 = EDGE_CURVE('',#7002,#6550,#7171,.T.);
#7171 = SURFACE_CURVE('',#7172,(#7177,#7184),.PCURVE_S1.);
#7172 = CIRCLE('',#7173,1.);
#7173 = AXIS2_PLACEMENT_3D('',#7174,#7175,#7176);
#7174 = CARTESIAN_POINT('',(-1.1,-28.,2.5));
#7175 = DIRECTION('',(0.,0.,-1.));
#7176 = DIRECTION('',(1.,0.,0.));
#7177 = PCURVE('',#6590,#7178);
#7178 = DEFINITIONAL_REPRESENTATION('',(#7179),#7183);
#7179 = LINE('',#7180,#7181);
#7180 = CARTESIAN_POINT('',(-0.,76.5));
#7181 = VECTOR('',#7182,1.);
#7182 = DIRECTION('',(-1.,0.));
#7183 = ( GEOMETRIC_REPRESENTATION_CONTEXT(2) 
PARAMETRIC_REPRESENTATION_CONTEXT() REPRESENTATION_CONTEXT('2D SPACE',''
  ) );
#7184 = PCURVE('',#7185,#7190);
#7185 = SPHERICAL_SURFACE('',#7186,1.);
#7186 = AXIS2_PLACEMENT_3D('',#7187,#7188,#7189);
#7187 = CARTESIAN_POINT('',(-1.1,-28.,2.5));
#7188 = DIRECTION('',(-0.,-0.,-1.));
#7189 = DIRECTION('',(1.,0.,0.));
#7190 = DEFINITIONAL_REPRESENTATION('',(#7191),#7195);
#7191 = LINE('',#7192,#7193);
#7192 = CARTESIAN_POINT('',(0.,0.));
#7193 = VECTOR('',#7194,1.);
#7194 = DIRECTION('',(1.,0.));
#7195 = ( GEOMETRIC_REPRESENTATION_CONTEXT(2) 
PARAMETRIC_REPRESENTATION_CONTEXT() REPRESENTATION_CONTEXT('2D SPACE',''
  ) );
#7196 = ADVANCED_FACE('',(#7197),#7185,.T.);
#7197 = FACE_BOUND('',#7198,.T.);
#7198 = EDGE_LOOP('',(#7199,#7219,#7239));
#7199 = ORIENTED_EDGE('',*,*,#7200,.F.);
#7200 = EDGE_CURVE('',#499,#7002,#7201,.T.);
#7201 = SURFACE_CURVE('',#7202,(#7207,#7213),.PCURVE_S1.);
#7202 = CIRCLE('',#7203,1.);
#7203 = AXIS2_PLACEMENT_3D('',#7204,#7205,#7206);
#7204 = CARTESIAN_POINT('',(-1.1,-28.,2.5));
#7205 = DIRECTION('',(-0.,1.,0.));
#7206 = DIRECTION('',(1.,0.,0.));
#7207 = PCURVE('',#7185,#7208);
#7208 = DEFINITIONAL_REPRESENTATION('',(#7209),#7212);
#7209 = B_SPLINE_CURVE_WITH_KNOTS('',1,(#7210,#7211),.UNSPECIFIED.,.F.,
  .F.,(2,2),(4.712388980385,6.28318530718),.PIECEWISE_BEZIER_KNOTS.);
#7210 = CARTESIAN_POINT('',(0.,-1.570796326795));
#7211 = CARTESIAN_POINT('',(0.,0.));
#7212 = ( GEOMETRIC_REPRESENTATION_CONTEXT(2) 
PARAMETRIC_REPRESENTATION_CONTEXT() REPRESENTATION_CONTEXT('2D SPACE',''
  ) );
#7213 = PCURVE('',#542,#7214);
#7214 = DEFINITIONAL_REPRESENTATION('',(#7215),#7218);
#7215 = B_SPLINE_CURVE_WITH_KNOTS('',1,(#7216,#7217),.UNSPECIFIED.,.F.,
  .F.,(2,2),(4.712388980385,6.28318530718),.PIECEWISE_BEZIER_KNOTS.);
#7216 = CARTESIAN_POINT('',(-1.570796326795,1.));
#7217 = CARTESIAN_POINT('',(0.,1.));
#7218 = ( GEOMETRIC_REPRESENTATION_CONTEXT(2) 
PARAMETRIC_REPRESENTATION_CONTEXT() REPRESENTATION_CONTEXT('2D SPACE',''
  ) );
#7219 = ORIENTED_EDGE('',*,*,#7220,.T.);
#7220 = EDGE_CURVE('',#499,#6550,#7221,.T.);
#7221 = SURFACE_CURVE('',#7222,(#7227,#7233),.PCURVE_S1.);
#7222 = CIRCLE('',#7223,1.);
#7223 = AXIS2_PLACEMENT_3D('',#7224,#7225,#7226);
#7224 = CARTESIAN_POINT('',(-1.1,-28.,2.5));
#7225 = DIRECTION('',(1.,6.123233995737E-17,0.));
#7226 = DIRECTION('',(6.123233995737E-17,-1.,0.));
#7227 = PCURVE('',#7185,#7228);
#7228 = DEFINITIONAL_REPRESENTATION('',(#7229),#7232);
#7229 = B_SPLINE_CURVE_WITH_KNOTS('',1,(#7230,#7231),.UNSPECIFIED.,.F.,
  .F.,(2,2),(4.712388980385,6.28318530718),.PIECEWISE_BEZIER_KNOTS.);
#7230 = CARTESIAN_POINT('',(1.570796326795,-1.570796326795));
#7231 = CARTESIAN_POINT('',(1.570796326795,0.));
#7232 = ( GEOMETRIC_REPRESENTATION_CONTEXT(2) 
PARAMETRIC_REPRESENTATION_CONTEXT() REPRESENTATION_CONTEXT('2D SPACE',''
  ) );
#7233 = PCURVE('',#514,#7234);
#7234 = DEFINITIONAL_REPRESENTATION('',(#7235),#7238);
#7235 = B_SPLINE_CURVE_WITH_KNOTS('',1,(#7236,#7237),.UNSPECIFIED.,.F.,
  .F.,(2,2),(4.712388980385,6.28318530718),.PIECEWISE_BEZIER_KNOTS.);
#7236 = CARTESIAN_POINT('',(-1.570796326795,79.3));
#7237 = CARTESIAN_POINT('',(0.,79.3));
#7238 = ( GEOMETRIC_REPRESENTATION_CONTEXT(2) 
PARAMETRIC_REPRESENTATION_CONTEXT() REPRESENTATION_CONTEXT('2D SPACE',''
  ) );
#7239 = ORIENTED_EDGE('',*,*,#7170,.F.);
#7240 = ADVANCED_FACE('',(#7241),#6393,.F.);
#7241 = FACE_BOUND('',#7242,.F.);
#7242 = EDGE_LOOP('',(#7243,#7244,#7265,#7266));
#7243 = ORIENTED_EDGE('',*,*,#6688,.T.);
#7244 = ORIENTED_EDGE('',*,*,#7245,.T.);
#7245 = EDGE_CURVE('',#6689,#6377,#7246,.T.);
#7246 = SEAM_CURVE('',#7247,(#7251,#7258),.PCURVE_S1.);
#7247 = LINE('',#7248,#7249);
#7248 = CARTESIAN_POINT('',(-27.75,-29.2,-65.85));
#7249 = VECTOR('',#7250,1.);
#7250 = DIRECTION('',(0.,1.,0.));
#7251 = PCURVE('',#6393,#7252);
#7252 = DEFINITIONAL_REPRESENTATION('',(#7253),#7257);
#7253 = LINE('',#7254,#7255);
#7254 = CARTESIAN_POINT('',(0.,-0.));
#7255 = VECTOR('',#7256,1.);
#7256 = DIRECTION('',(0.,1.));
#7257 = ( GEOMETRIC_REPRESENTATION_CONTEXT(2) 
PARAMETRIC_REPRESENTATION_CONTEXT() REPRESENTATION_CONTEXT('2D SPACE',''
  ) );
#7258 = PCURVE('',#6393,#7259);
#7259 = DEFINITIONAL_REPRESENTATION('',(#7260),#7264);
#7260 = LINE('',#7261,#7262);
#7261 = CARTESIAN_POINT('',(6.28318530718,-0.));
#7262 = VECTOR('',#7263,1.);
#7263 = DIRECTION('',(0.,1.));
#7264 = ( GEOMETRIC_REPRESENTATION_CONTEXT(2) 
PARAMETRIC_REPRESENTATION_CONTEXT() REPRESENTATION_CONTEXT('2D SPACE',''
  ) );
#7265 = ORIENTED_EDGE('',*,*,#6376,.F.);
#7266 = ORIENTED_EDGE('',*,*,#7245,.F.);
#7267 = ADVANCED_FACE('',(#7268),#6155,.F.);
#7268 = FACE_BOUND('',#7269,.F.);
#7269 = EDGE_LOOP('',(#7270,#7293,#7294,#7317));
#7270 = ORIENTED_EDGE('',*,*,#7271,.F.);
#7271 = EDGE_CURVE('',#6118,#7272,#7274,.T.);
#7272 = VERTEX_POINT('',#7273);
#7273 = CARTESIAN_POINT('',(-79.4,-23.16602540378,-5.));
#7274 = SURFACE_CURVE('',#7275,(#7279,#7286),.PCURVE_S1.);
#7275 = LINE('',#7276,#7277);
#7276 = CARTESIAN_POINT('',(-79.4,-29.,-5.));
#7277 = VECTOR('',#7278,1.);
#7278 = DIRECTION('',(0.,1.,0.));
#7279 = PCURVE('',#6155,#7280);
#7280 = DEFINITIONAL_REPRESENTATION('',(#7281),#7285);
#7281 = LINE('',#7282,#7283);
#7282 = CARTESIAN_POINT('',(1.,0.));
#7283 = VECTOR('',#7284,1.);
#7284 = DIRECTION('',(0.,1.));
#7285 = ( GEOMETRIC_REPRESENTATION_CONTEXT(2) 
PARAMETRIC_REPRESENTATION_CONTEXT() REPRESENTATION_CONTEXT('2D SPACE',''
  ) );
#7286 = PCURVE('',#128,#7287);
#7287 = DEFINITIONAL_REPRESENTATION('',(#7288),#7292);
#7288 = LINE('',#7289,#7290);
#7289 = CARTESIAN_POINT('',(-1.570796326795,0.));
#7290 = VECTOR('',#7291,1.);
#7291 = DIRECTION('',(-0.,1.));
#7292 = ( GEOMETRIC_REPRESENTATION_CONTEXT(2) 
PARAMETRIC_REPRESENTATION_CONTEXT() REPRESENTATION_CONTEXT('2D SPACE',''
  ) );
#7293 = ORIENTED_EDGE('',*,*,#6140,.F.);
#7294 = ORIENTED_EDGE('',*,*,#7295,.T.);
#7295 = EDGE_CURVE('',#6141,#7296,#7298,.T.);
#7296 = VERTEX_POINT('',#7297);
#7297 = CARTESIAN_POINT('',(-75.8,-23.16602540378,-5.));
#7298 = SURFACE_CURVE('',#7299,(#7303,#7310),.PCURVE_S1.);
#7299 = LINE('',#7300,#7301);
#7300 = CARTESIAN_POINT('',(-75.8,-29.,-5.));
#7301 = VECTOR('',#7302,1.);
#7302 = DIRECTION('',(0.,1.,0.));
#7303 = PCURVE('',#6155,#7304);
#7304 = DEFINITIONAL_REPRESENTATION('',(#7305),#7309);
#7305 = LINE('',#7306,#7307);
#7306 = CARTESIAN_POINT('',(4.6,0.));
#7307 = VECTOR('',#7308,1.);
#7308 = DIRECTION('',(0.,1.));
#7309 = ( GEOMETRIC_REPRESENTATION_CONTEXT(2) 
PARAMETRIC_REPRESENTATION_CONTEXT() REPRESENTATION_CONTEXT('2D SPACE',''
  ) );
#7310 = PCURVE('',#2283,#7311);
#7311 = DEFINITIONAL_REPRESENTATION('',(#7312),#7316);
#7312 = LINE('',#7313,#7314);
#7313 = CARTESIAN_POINT('',(1.570796326795,0.));
#7314 = VECTOR('',#7315,1.);
#7315 = DIRECTION('',(0.,1.));
#7316 = ( GEOMETRIC_REPRESENTATION_CONTEXT(2) 
PARAMETRIC_REPRESENTATION_CONTEXT() REPRESENTATION_CONTEXT('2D SPACE',''
  ) );
#7317 = ORIENTED_EDGE('',*,*,#7318,.F.);
#7318 = EDGE_CURVE('',#7272,#7296,#7319,.T.);
#7319 = SURFACE_CURVE('',#7320,(#7324,#7330),.PCURVE_S1.);
#7320 = LINE('',#7321,#7322);
#7321 = CARTESIAN_POINT('',(-80.4,-23.16602540378,-5.));
#7322 = VECTOR('',#7323,1.);
#7323 = DIRECTION('',(1.,0.,0.));
#7324 = PCURVE('',#6155,#7325);
#7325 = DEFINITIONAL_REPRESENTATION('',(#7326),#7329);
#7326 = B_SPLINE_CURVE_WITH_KNOTS('',1,(#7327,#7328),.UNSPECIFIED.,.F.,
  .F.,(2,2),(0.9999994,4.96),.PIECEWISE_BEZIER_KNOTS.);
#7327 = CARTESIAN_POINT('',(0.9999994,5.833974596216));
#7328 = CARTESIAN_POINT('',(4.96,5.833974596216));
#7329 = ( GEOMETRIC_REPRESENTATION_CONTEXT(2) 
PARAMETRIC_REPRESENTATION_CONTEXT() REPRESENTATION_CONTEXT('2D SPACE',''
  ) );
#7330 = PCURVE('',#2254,#7331);
#7331 = DEFINITIONAL_REPRESENTATION('',(#7332),#7335);
#7332 = B_SPLINE_CURVE_WITH_KNOTS('',1,(#7333,#7334),.UNSPECIFIED.,.F.,
  .F.,(2,2),(0.9999994,4.96),.PIECEWISE_BEZIER_KNOTS.);
#7333 = CARTESIAN_POINT('',(0.523598775598,0.9999994));
#7334 = CARTESIAN_POINT('',(0.523598775598,4.96));
#7335 = ( GEOMETRIC_REPRESENTATION_CONTEXT(2) 
PARAMETRIC_REPRESENTATION_CONTEXT() REPRESENTATION_CONTEXT('2D SPACE',''
  ) );
#7336 = ADVANCED_FACE('',(#7337),#6362,.T.);
#7337 = FACE_BOUND('',#7338,.T.);
#7338 = EDGE_LOOP('',(#7339,#7340,#7341,#7342));
#7339 = ORIENTED_EDGE('',*,*,#7025,.F.);
#7340 = ORIENTED_EDGE('',*,*,#6976,.T.);
#7341 = ORIENTED_EDGE('',*,*,#6348,.T.);
#7342 = ORIENTED_EDGE('',*,*,#7343,.T.);
#7343 = EDGE_CURVE('',#6326,#7026,#7344,.T.);
#7344 = SURFACE_CURVE('',#7345,(#7350,#7356),.PCURVE_S1.);
#7345 = CIRCLE('',#7346,1.);
#7346 = AXIS2_PLACEMENT_3D('',#7347,#7348,#7349);
#7347 = CARTESIAN_POINT('',(-1.1,-25.4,2.5));
#7348 = DIRECTION('',(0.,0.,-1.));
#7349 = DIRECTION('',(1.,0.,0.));
#7350 = PCURVE('',#6362,#7351);
#7351 = DEFINITIONAL_REPRESENTATION('',(#7352),#7355);
#7352 = B_SPLINE_CURVE_WITH_KNOTS('',1,(#7353,#7354),.UNSPECIFIED.,.F.,
  .F.,(2,2),(4.712388980385,6.28318530718),.PIECEWISE_BEZIER_KNOTS.);
#7353 = CARTESIAN_POINT('',(1.570796326795,76.5));
#7354 = CARTESIAN_POINT('',(0.,76.5));
#7355 = ( GEOMETRIC_REPRESENTATION_CONTEXT(2) 
PARAMETRIC_REPRESENTATION_CONTEXT() REPRESENTATION_CONTEXT('2D SPACE',''
  ) );
#7356 = PCURVE('',#7357,#7362);
#7357 = SPHERICAL_SURFACE('',#7358,1.);
#7358 = AXIS2_PLACEMENT_3D('',#7359,#7360,#7361);
#7359 = CARTESIAN_POINT('',(-1.1,-25.4,2.5));
#7360 = DIRECTION('',(-0.,-1.,-0.));
#7361 = DIRECTION('',(1.,-0.,0.));
#7362 = DEFINITIONAL_REPRESENTATION('',(#7363),#7366);
#7363 = B_SPLINE_CURVE_WITH_KNOTS('',1,(#7364,#7365),.UNSPECIFIED.,.F.,
  .F.,(2,2),(4.712388980385,6.28318530718),.PIECEWISE_BEZIER_KNOTS.);
#7364 = CARTESIAN_POINT('',(0.,-1.570796326795));
#7365 = CARTESIAN_POINT('',(0.,0.));
#7366 = ( GEOMETRIC_REPRESENTATION_CONTEXT(2) 
PARAMETRIC_REPRESENTATION_CONTEXT() REPRESENTATION_CONTEXT('2D SPACE',''
  ) );
#7367 = ADVANCED_FACE('',(#7368),#7357,.T.);
#7368 = FACE_BOUND('',#7369,.T.);
#7369 = EDGE_LOOP('',(#7370,#7371,#7391));
#7370 = ORIENTED_EDGE('',*,*,#7343,.F.);
#7371 = ORIENTED_EDGE('',*,*,#7372,.T.);
#7372 = EDGE_CURVE('',#6326,#527,#7373,.T.);
#7373 = SURFACE_CURVE('',#7374,(#7379,#7385),.PCURVE_S1.);
#7374 = CIRCLE('',#7375,1.);
#7375 = AXIS2_PLACEMENT_3D('',#7376,#7377,#7378);
#7376 = CARTESIAN_POINT('',(-1.1,-25.4,2.5));
#7377 = DIRECTION('',(1.,0.,-6.123233995737E-17));
#7378 = DIRECTION('',(6.123233995737E-17,0.,1.));
#7379 = PCURVE('',#7357,#7380);
#7380 = DEFINITIONAL_REPRESENTATION('',(#7381),#7384);
#7381 = B_SPLINE_CURVE_WITH_KNOTS('',1,(#7382,#7383),.UNSPECIFIED.,.F.,
  .F.,(2,2),(4.712388980385,6.28318530718),.PIECEWISE_BEZIER_KNOTS.);
#7382 = CARTESIAN_POINT('',(1.570796326795,-1.570796326795));
#7383 = CARTESIAN_POINT('',(1.570796326795,0.));
#7384 = ( GEOMETRIC_REPRESENTATION_CONTEXT(2) 
PARAMETRIC_REPRESENTATION_CONTEXT() REPRESENTATION_CONTEXT('2D SPACE',''
  ) );
#7385 = PCURVE('',#570,#7386);
#7386 = DEFINITIONAL_REPRESENTATION('',(#7387),#7390);
#7387 = B_SPLINE_CURVE_WITH_KNOTS('',1,(#7388,#7389),.UNSPECIFIED.,.F.,
  .F.,(2,2),(4.712388980385,6.28318530718),.PIECEWISE_BEZIER_KNOTS.);
#7388 = CARTESIAN_POINT('',(0.,79.3));
#7389 = CARTESIAN_POINT('',(1.570796326795,79.3));
#7390 = ( GEOMETRIC_REPRESENTATION_CONTEXT(2) 
PARAMETRIC_REPRESENTATION_CONTEXT() REPRESENTATION_CONTEXT('2D SPACE',''
  ) );
#7391 = ORIENTED_EDGE('',*,*,#7392,.F.);
#7392 = EDGE_CURVE('',#7026,#527,#7393,.T.);
#7393 = SURFACE_CURVE('',#7394,(#7399,#7406),.PCURVE_S1.);
#7394 = CIRCLE('',#7395,1.);
#7395 = AXIS2_PLACEMENT_3D('',#7396,#7397,#7398);
#7396 = CARTESIAN_POINT('',(-1.1,-25.4,2.5));
#7397 = DIRECTION('',(-0.,-1.,0.));
#7398 = DIRECTION('',(1.,-0.,0.));
#7399 = PCURVE('',#7357,#7400);
#7400 = DEFINITIONAL_REPRESENTATION('',(#7401),#7405);
#7401 = LINE('',#7402,#7403);
#7402 = CARTESIAN_POINT('',(0.,0.));
#7403 = VECTOR('',#7404,1.);
#7404 = DIRECTION('',(1.,0.));
#7405 = ( GEOMETRIC_REPRESENTATION_CONTEXT(2) 
PARAMETRIC_REPRESENTATION_CONTEXT() REPRESENTATION_CONTEXT('2D SPACE',''
  ) );
#7406 = PCURVE('',#542,#7407);
#7407 = DEFINITIONAL_REPRESENTATION('',(#7408),#7412);
#7408 = LINE('',#7409,#7410);
#7409 = CARTESIAN_POINT('',(-0.,3.6));
#7410 = VECTOR('',#7411,1.);
#7411 = DIRECTION('',(-1.,0.));
#7412 = ( GEOMETRIC_REPRESENTATION_CONTEXT(2) 
PARAMETRIC_REPRESENTATION_CONTEXT() REPRESENTATION_CONTEXT('2D SPACE',''
  ) );
#7413 = ADVANCED_FACE('',(#7414),#6105,.T.);
#7414 = FACE_BOUND('',#7415,.F.);
#7415 = EDGE_LOOP('',(#7416,#7441,#7442,#7443));
#7416 = ORIENTED_EDGE('',*,*,#7417,.F.);
#7417 = EDGE_CURVE('',#7073,#6088,#7418,.T.);
#7418 = SURFACE_CURVE('',#7419,(#7424,#7430),.PCURVE_S1.);
#7419 = CIRCLE('',#7420,1.);
#7420 = AXIS2_PLACEMENT_3D('',#7421,#7422,#7423);
#7421 = CARTESIAN_POINT('',(-79.4,-25.4,-73.));
#7422 = DIRECTION('',(1.,6.123233995737E-17,-0.));
#7423 = DIRECTION('',(-6.123233995737E-17,1.,0.));
#7424 = PCURVE('',#6105,#7425);
#7425 = DEFINITIONAL_REPRESENTATION('',(#7426),#7429);
#7426 = B_SPLINE_CURVE_WITH_KNOTS('',1,(#7427,#7428),.UNSPECIFIED.,.F.,
  .F.,(2,2),(4.712388980385,6.28318530718),.PIECEWISE_BEZIER_KNOTS.);
#7427 = CARTESIAN_POINT('',(-1.570796326795,1.));
#7428 = CARTESIAN_POINT('',(0.,1.));
#7429 = ( GEOMETRIC_REPRESENTATION_CONTEXT(2) 
PARAMETRIC_REPRESENTATION_CONTEXT() REPRESENTATION_CONTEXT('2D SPACE',''
  ) );
#7430 = PCURVE('',#7431,#7436);
#7431 = SPHERICAL_SURFACE('',#7432,1.);
#7432 = AXIS2_PLACEMENT_3D('',#7433,#7434,#7435);
#7433 = CARTESIAN_POINT('',(-79.4,-25.4,-73.));
#7434 = DIRECTION('',(0.,0.,1.));
#7435 = DIRECTION('',(-1.,0.,0.));
#7436 = DEFINITIONAL_REPRESENTATION('',(#7437),#7440);
#7437 = B_SPLINE_CURVE_WITH_KNOTS('',1,(#7438,#7439),.UNSPECIFIED.,.F.,
  .F.,(2,2),(4.712388980385,6.28318530718),.PIECEWISE_BEZIER_KNOTS.);
#7438 = CARTESIAN_POINT('',(-1.570796326795,-1.570796326795));
#7439 = CARTESIAN_POINT('',(-1.570796326795,0.));
#7440 = ( GEOMETRIC_REPRESENTATION_CONTEXT(2) 
PARAMETRIC_REPRESENTATION_CONTEXT() REPRESENTATION_CONTEXT('2D SPACE',''
  ) );
#7441 = ORIENTED_EDGE('',*,*,#7097,.T.);
#7442 = ORIENTED_EDGE('',*,*,#6956,.T.);
#7443 = ORIENTED_EDGE('',*,*,#6087,.F.);
#7444 = ADVANCED_FACE('',(#7445),#7431,.T.);
#7445 = FACE_BOUND('',#7446,.F.);
#7446 = EDGE_LOOP('',(#7447,#7467,#7468));
#7447 = ORIENTED_EDGE('',*,*,#7448,.F.);
#7448 = EDGE_CURVE('',#7073,#57,#7449,.T.);
#7449 = SURFACE_CURVE('',#7450,(#7455,#7461),.PCURVE_S1.);
#7450 = CIRCLE('',#7451,1.);
#7451 = AXIS2_PLACEMENT_3D('',#7452,#7453,#7454);
#7452 = CARTESIAN_POINT('',(-79.4,-25.4,-73.));
#7453 = DIRECTION('',(0.,1.,-0.));
#7454 = DIRECTION('',(-1.,0.,0.));
#7455 = PCURVE('',#7431,#7456);
#7456 = DEFINITIONAL_REPRESENTATION('',(#7457),#7460);
#7457 = B_SPLINE_CURVE_WITH_KNOTS('',1,(#7458,#7459),.UNSPECIFIED.,.F.,
  .F.,(2,2),(4.712388980385,6.28318530718),.PIECEWISE_BEZIER_KNOTS.);
#7458 = CARTESIAN_POINT('',(0.,-1.570796326795));
#7459 = CARTESIAN_POINT('',(0.,0.));
#7460 = ( GEOMETRIC_REPRESENTATION_CONTEXT(2) 
PARAMETRIC_REPRESENTATION_CONTEXT() REPRESENTATION_CONTEXT('2D SPACE',''
  ) );
#7461 = PCURVE('',#72,#7462);
#7462 = DEFINITIONAL_REPRESENTATION('',(#7463),#7466);
#7463 = B_SPLINE_CURVE_WITH_KNOTS('',1,(#7464,#7465),.UNSPECIFIED.,.F.,
  .F.,(2,2),(4.712388980385,6.28318530718),.PIECEWISE_BEZIER_KNOTS.);
#7464 = CARTESIAN_POINT('',(-1.570796326795,3.6));
#7465 = CARTESIAN_POINT('',(0.,3.6));
#7466 = ( GEOMETRIC_REPRESENTATION_CONTEXT(2) 
PARAMETRIC_REPRESENTATION_CONTEXT() REPRESENTATION_CONTEXT('2D SPACE',''
  ) );
#7467 = ORIENTED_EDGE('',*,*,#7417,.T.);
#7468 = ORIENTED_EDGE('',*,*,#7469,.F.);
#7469 = EDGE_CURVE('',#57,#6088,#7470,.T.);
#7470 = SURFACE_CURVE('',#7471,(#7476,#7483),.PCURVE_S1.);
#7471 = CIRCLE('',#7472,1.);
#7472 = AXIS2_PLACEMENT_3D('',#7473,#7474,#7475);
#7473 = CARTESIAN_POINT('',(-79.4,-25.4,-73.));
#7474 = DIRECTION('',(-0.,0.,-1.));
#7475 = DIRECTION('',(-1.,0.,0.));
#7476 = PCURVE('',#7431,#7477);
#7477 = DEFINITIONAL_REPRESENTATION('',(#7478),#7482);
#7478 = LINE('',#7479,#7480);
#7479 = CARTESIAN_POINT('',(-0.,0.));
#7480 = VECTOR('',#7481,1.);
#7481 = DIRECTION('',(-1.,0.));
#7482 = ( GEOMETRIC_REPRESENTATION_CONTEXT(2) 
PARAMETRIC_REPRESENTATION_CONTEXT() REPRESENTATION_CONTEXT('2D SPACE',''
  ) );
#7483 = PCURVE('',#100,#7484);
#7484 = DEFINITIONAL_REPRESENTATION('',(#7485),#7489);
#7485 = LINE('',#7486,#7487);
#7486 = CARTESIAN_POINT('',(-0.,1.));
#7487 = VECTOR('',#7488,1.);
#7488 = DIRECTION('',(-1.,0.));
#7489 = ( GEOMETRIC_REPRESENTATION_CONTEXT(2) 
PARAMETRIC_REPRESENTATION_CONTEXT() REPRESENTATION_CONTEXT('2D SPACE',''
  ) );
#7490 = ADVANCED_FACE('',(#7491),#2383,.F.);
#7491 = FACE_BOUND('',#7492,.F.);
#7492 = EDGE_LOOP('',(#7493,#7494,#7495,#7496));
#7493 = ORIENTED_EDGE('',*,*,#6281,.F.);
#7494 = ORIENTED_EDGE('',*,*,#2562,.T.);
#7495 = ORIENTED_EDGE('',*,*,#2367,.T.);
#7496 = ORIENTED_EDGE('',*,*,#7497,.F.);
#7497 = EDGE_CURVE('',#6259,#2345,#7498,.T.);
#7498 = SURFACE_CURVE('',#7499,(#7503,#7510),.PCURVE_S1.);
#7499 = LINE('',#7500,#7501);
#7500 = CARTESIAN_POINT('',(-20.2,-29.,2.5));
#7501 = VECTOR('',#7502,1.);
#7502 = DIRECTION('',(0.,1.,0.));
#7503 = PCURVE('',#2383,#7504);
#7504 = DEFINITIONAL_REPRESENTATION('',(#7505),#7509);
#7505 = LINE('',#7506,#7507);
#7506 = CARTESIAN_POINT('',(7.5,0.));
#7507 = VECTOR('',#7508,1.);
#7508 = DIRECTION('',(0.,-1.));
#7509 = ( GEOMETRIC_REPRESENTATION_CONTEXT(2) 
PARAMETRIC_REPRESENTATION_CONTEXT() REPRESENTATION_CONTEXT('2D SPACE',''
  ) );
#7510 = PCURVE('',#952,#7511);
#7511 = DEFINITIONAL_REPRESENTATION('',(#7512),#7516);
#7512 = LINE('',#7513,#7514);
#7513 = CARTESIAN_POINT('',(0.,0.));
#7514 = VECTOR('',#7515,1.);
#7515 = DIRECTION('',(0.,1.));
#7516 = ( GEOMETRIC_REPRESENTATION_CONTEXT(2) 
PARAMETRIC_REPRESENTATION_CONTEXT() REPRESENTATION_CONTEXT('2D SPACE',''
  ) );
#7517 = ADVANCED_FACE('',(#7518),#2311,.T.);
#7518 = FACE_BOUND('',#7519,.T.);
#7519 = EDGE_LOOP('',(#7520,#7541,#7542,#7563));
#7520 = ORIENTED_EDGE('',*,*,#7521,.T.);
#7521 = EDGE_CURVE('',#6167,#2267,#7522,.T.);
#7522 = SURFACE_CURVE('',#7523,(#7527,#7534),.PCURVE_S1.);
#7523 = LINE('',#7524,#7525);
#7524 = CARTESIAN_POINT('',(-74.8,-29.,-4.));
#7525 = VECTOR('',#7526,1.);
#7526 = DIRECTION('',(0.,1.,0.));
#7527 = PCURVE('',#2311,#7528);
#7528 = DEFINITIONAL_REPRESENTATION('',(#7529),#7533);
#7529 = LINE('',#7530,#7531);
#7530 = CARTESIAN_POINT('',(-4.,29.));
#7531 = VECTOR('',#7532,1.);
#7532 = DIRECTION('',(0.,-1.));
#7533 = ( GEOMETRIC_REPRESENTATION_CONTEXT(2) 
PARAMETRIC_REPRESENTATION_CONTEXT() REPRESENTATION_CONTEXT('2D SPACE',''
  ) );
#7534 = PCURVE('',#2283,#7535);
#7535 = DEFINITIONAL_REPRESENTATION('',(#7536),#7540);
#7536 = LINE('',#7537,#7538);
#7537 = CARTESIAN_POINT('',(0.,0.));
#7538 = VECTOR('',#7539,1.);
#7539 = DIRECTION('',(0.,1.));
#7540 = ( GEOMETRIC_REPRESENTATION_CONTEXT(2) 
PARAMETRIC_REPRESENTATION_CONTEXT() REPRESENTATION_CONTEXT('2D SPACE',''
  ) );
#7541 = ORIENTED_EDGE('',*,*,#2295,.T.);
#7542 = ORIENTED_EDGE('',*,*,#7543,.F.);
#7543 = EDGE_CURVE('',#6191,#2296,#7544,.T.);
#7544 = SURFACE_CURVE('',#7545,(#7549,#7556),.PCURVE_S1.);
#7545 = LINE('',#7546,#7547);
#7546 = CARTESIAN_POINT('',(-74.8,-29.,2.5));
#7547 = VECTOR('',#7548,1.);
#7548 = DIRECTION('',(0.,1.,0.));
#7549 = PCURVE('',#2311,#7550);
#7550 = DEFINITIONAL_REPRESENTATION('',(#7551),#7555);
#7551 = LINE('',#7552,#7553);
#7552 = CARTESIAN_POINT('',(2.5,29.));
#7553 = VECTOR('',#7554,1.);
#7554 = DIRECTION('',(0.,-1.));
#7555 = ( GEOMETRIC_REPRESENTATION_CONTEXT(2) 
PARAMETRIC_REPRESENTATION_CONTEXT() REPRESENTATION_CONTEXT('2D SPACE',''
  ) );
#7556 = PCURVE('',#896,#7557);
#7557 = DEFINITIONAL_REPRESENTATION('',(#7558),#7562);
#7558 = LINE('',#7559,#7560);
#7559 = CARTESIAN_POINT('',(-0.,0.));
#7560 = VECTOR('',#7561,1.);
#7561 = DIRECTION('',(-0.,1.));
#7562 = ( GEOMETRIC_REPRESENTATION_CONTEXT(2) 
PARAMETRIC_REPRESENTATION_CONTEXT() REPRESENTATION_CONTEXT('2D SPACE',''
  ) );
#7563 = ORIENTED_EDGE('',*,*,#6190,.F.);
#7564 = ADVANCED_FACE('',(#7565),#2283,.T.);
#7565 = FACE_BOUND('',#7566,.T.);
#7566 = EDGE_LOOP('',(#7567,#7568,#7569,#7647,#7648));
#7567 = ORIENTED_EDGE('',*,*,#6166,.T.);
#7568 = ORIENTED_EDGE('',*,*,#7295,.T.);
#7569 = ORIENTED_EDGE('',*,*,#7570,.F.);
#7570 = EDGE_CURVE('',#2237,#7296,#7571,.T.);
#7571 = SURFACE_CURVE('',#7572,(#7595,#7621),.PCURVE_S1.);
#7572 = B_SPLINE_CURVE_WITH_KNOTS('',6,(#7573,#7574,#7575,#7576,#7577,
    #7578,#7579,#7580,#7581,#7582,#7583,#7584,#7585,#7586,#7587,#7588,
    #7589,#7590,#7591,#7592,#7593,#7594),.UNSPECIFIED.,.F.,.F.,(7,5,5,5,
    7),(0.,0.159995783653,0.449933222985,0.73308151991,1.),
  .UNSPECIFIED.);
#7573 = CARTESIAN_POINT('',(-74.93397459621,-23.3,-4.5));
#7574 = CARTESIAN_POINT('',(-74.94807784567,-23.3,-4.524427544618));
#7575 = CARTESIAN_POINT('',(-74.96300361627,-23.29928389791,
    -4.548370354367));
#7576 = CARTESIAN_POINT('',(-74.97872469293,-23.29790513903,
    -4.57178326811));
#7577 = CARTESIAN_POINT('',(-74.99520947357,-23.29592013934,
    -4.594623859436));
#7578 = CARTESIAN_POINT('',(-75.01242196904,-23.29338828552,
    -4.616852436662));
#7579 = CARTESIAN_POINT('',(-75.06275910839,-23.28490583486,
    -4.677537671819));
#7580 = CARTESIAN_POINT('',(-75.09744360219,-23.27785039737,
    -4.714500315261));
#7581 = CARTESIAN_POINT('',(-75.13420957027,-23.2695627978,
    -4.749197455398));
#7582 = CARTESIAN_POINT('',(-75.17289286718,-23.26040235619,
    -4.78152148515));
#7583 = CARTESIAN_POINT('',(-75.2133306255,-23.25072954794,
    -4.811375746343));
#7584 = CARTESIAN_POINT('',(-75.29640712677,-23.23131053132,
    -4.865326257081));
#7585 = CARTESIAN_POINT('',(-75.33902622977,-23.22155864954,
    -4.889575993971));
#7586 = CARTESIAN_POINT('',(-75.38306030808,-23.21198551339,
    -4.911315548757));
#7587 = CARTESIAN_POINT('',(-75.42836448401,-23.20292698053,
    -4.93046150334));
#7588 = CARTESIAN_POINT('',(-75.47480648392,-23.19469894948,
    -4.946937095223));
#7589 = CARTESIAN_POINT('',(-75.56700547683,-23.1808646092,
    -4.973592553515));
#7590 = CARTESIAN_POINT('',(-75.61267654194,-23.17513075347,
    -4.984087128981));
#7591 = CARTESIAN_POINT('',(-75.65902722392,-23.17063178987,
    -4.992021552625));
#7592 = CARTESIAN_POINT('',(-75.7058330897,-23.16756299907,
    -4.997336793562));
#7593 = CARTESIAN_POINT('',(-75.75289006893,-23.16602540378,-5.));
#7594 = CARTESIAN_POINT('',(-75.8,-23.16602540378,-5.));
#7595 = PCURVE('',#2283,#7596);
#7596 = DEFINITIONAL_REPRESENTATION('',(#7597),#7620);
#7597 = B_SPLINE_CURVE_WITH_KNOTS('',6,(#7598,#7599,#7600,#7601,#7602,
    #7603,#7604,#7605,#7606,#7607,#7608,#7609,#7610,#7611,#7612,#7613,
    #7614,#7615,#7616,#7617,#7618,#7619),.UNSPECIFIED.,.F.,.F.,(7,5,5,5,
    7),(0.,0.159995783653,0.449933222985,0.73308151991,1.),
  .UNSPECIFIED.);
#7598 = CARTESIAN_POINT('',(0.523598775598,5.7));
#7599 = CARTESIAN_POINT('',(0.55180527452,5.7));
#7600 = CARTESIAN_POINT('',(0.580003079171,5.700716102089));
#7601 = CARTESIAN_POINT('',(0.608180348944,5.702094860969));
#7602 = CARTESIAN_POINT('',(0.636324499087,5.704079860656));
#7603 = CARTESIAN_POINT('',(0.664422200698,5.706611714474));
#7604 = CARTESIAN_POINT('',(0.743267145776,5.715094165134));
#7605 = CARTESIAN_POINT('',(0.793860160855,5.722149602627));
#7606 = CARTESIAN_POINT('',(0.844274500953,5.730437202196));
#7607 = CARTESIAN_POINT('',(0.894548457631,5.73959764381));
#7608 = CARTESIAN_POINT('',(0.944722239656,5.749270452057));
#7609 = CARTESIAN_POINT('',(1.043779610263,5.768689468674));
#7610 = CARTESIAN_POINT('',(1.092730182504,5.778441350459));
#7611 = CARTESIAN_POINT('',(1.141711974213,5.788014486608));
#7612 = CARTESIAN_POINT('',(1.190767794031,5.797073019467));
#7613 = CARTESIAN_POINT('',(1.239958693457,5.805301050518));
#7614 = CARTESIAN_POINT('',(1.335933522191,5.819135390792));
#7615 = CARTESIAN_POINT('',(1.382722469654,5.824869246522));
#7616 = CARTESIAN_POINT('',(1.429635240539,5.829368210124));
#7617 = CARTESIAN_POINT('',(1.476629446221,5.832437000922));
#7618 = CARTESIAN_POINT('',(1.523686395731,5.833974596216));
#7619 = CARTESIAN_POINT('',(1.570796326795,5.833974596216));
#7620 = ( GEOMETRIC_REPRESENTATION_CONTEXT(2) 
PARAMETRIC_REPRESENTATION_CONTEXT() REPRESENTATION_CONTEXT('2D SPACE',''
  ) );
#7621 = PCURVE('',#2254,#7622);
#7622 = DEFINITIONAL_REPRESENTATION('',(#7623),#7646);
#7623 = B_SPLINE_CURVE_WITH_KNOTS('',6,(#7624,#7625,#7626,#7627,#7628,
    #7629,#7630,#7631,#7632,#7633,#7634,#7635,#7636,#7637,#7638,#7639,
    #7640,#7641,#7642,#7643,#7644,#7645),.UNSPECIFIED.,.F.,.F.,(7,5,5,5,
    7),(0.,0.159995783653,0.449933222985,0.73308151991,1.),
  .UNSPECIFIED.);
#7624 = CARTESIAN_POINT('',(0.,5.466025403784));
#7625 = CARTESIAN_POINT('',(2.442754461794E-02,5.451922154324));
#7626 = CARTESIAN_POINT('',(4.837034035767E-02,5.436996383728));
#7627 = CARTESIAN_POINT('',(7.180950931441E-02,5.421275307061));
#7628 = CARTESIAN_POINT('',(9.472361105463E-02,5.404790526425));
#7629 = CARTESIAN_POINT('',(0.117088642616,5.387578030958));
#7630 = CARTESIAN_POINT('',(0.178363839354,5.337240891605));
#7631 = CARTESIAN_POINT('',(0.215947276856,5.302556397805));
#7632 = CARTESIAN_POINT('',(0.251568465464,5.265790429728));
#7633 = CARTESIAN_POINT('',(0.285128567178,5.227107132816));
#7634 = CARTESIAN_POINT('',(0.316494493687,5.186669374495));
#7635 = CARTESIAN_POINT('',(0.373833449165,5.103592873229));
#7636 = CARTESIAN_POINT('',(0.399952668339,5.060973770225));
#7637 = CARTESIAN_POINT('',(0.423691035202,5.016939691911));
#7638 = CARTESIAN_POINT('',(0.444863784453,4.971635515985));
#7639 = CARTESIAN_POINT('',(0.463277578339,4.925193516074));
#7640 = CARTESIAN_POINT('',(0.493309268727,4.832994523163));
#7641 = CARTESIAN_POINT('',(0.505265337797,4.78732345806));
#7642 = CARTESIAN_POINT('',(0.514385955229,4.74097277608));
#7643 = CARTESIAN_POINT('',(0.520523597775,4.694166910295));
#7644 = CARTESIAN_POINT('',(0.523598775598,4.647109931064));
#7645 = CARTESIAN_POINT('',(0.523598775598,4.6));
#7646 = ( GEOMETRIC_REPRESENTATION_CONTEXT(2) 
PARAMETRIC_REPRESENTATION_CONTEXT() REPRESENTATION_CONTEXT('2D SPACE',''
  ) );
#7647 = ORIENTED_EDGE('',*,*,#2266,.F.);
#7648 = ORIENTED_EDGE('',*,*,#7521,.F.);
#7649 = ADVANCED_FACE('',(#7650),#2254,.T.);
#7650 = FACE_BOUND('',#7651,.T.);
#7651 = EDGE_LOOP('',(#7652,#7677,#7678,#7679,#7680,#7681,#7682,#7683));
#7652 = ORIENTED_EDGE('',*,*,#7653,.F.);
#7653 = EDGE_CURVE('',#5991,#7272,#7654,.T.);
#7654 = SURFACE_CURVE('',#7655,(#7660,#7666),.PCURVE_S1.);
#7655 = CIRCLE('',#7656,1.);
#7656 = AXIS2_PLACEMENT_3D('',#7657,#7658,#7659);
#7657 = CARTESIAN_POINT('',(-79.4,-22.3,-4.5));
#7658 = DIRECTION('',(-1.,6.123233995737E-17,0.));
#7659 = DIRECTION('',(-6.123233995737E-17,-1.,0.));
#7660 = PCURVE('',#2254,#7661);
#7661 = DEFINITIONAL_REPRESENTATION('',(#7662),#7665);
#7662 = B_SPLINE_CURVE_WITH_KNOTS('',1,(#7663,#7664),.UNSPECIFIED.,.F.,
  .F.,(2,2),(4.712388980385,6.28318530718),.PIECEWISE_BEZIER_KNOTS.);
#7663 = CARTESIAN_POINT('',(1.570796326795,1.));
#7664 = CARTESIAN_POINT('',(0.,1.));
#7665 = ( GEOMETRIC_REPRESENTATION_CONTEXT(2) 
PARAMETRIC_REPRESENTATION_CONTEXT() REPRESENTATION_CONTEXT('2D SPACE',''
  ) );
#7666 = PCURVE('',#7667,#7672);
#7667 = SPHERICAL_SURFACE('',#7668,1.);
#7668 = AXIS2_PLACEMENT_3D('',#7669,#7670,#7671);
#7669 = CARTESIAN_POINT('',(-79.4,-22.3,-4.5));
#7670 = DIRECTION('',(0.,0.,1.));
#7671 = DIRECTION('',(-1.,0.,0.));
#7672 = DEFINITIONAL_REPRESENTATION('',(#7673),#7676);
#7673 = B_SPLINE_CURVE_WITH_KNOTS('',1,(#7674,#7675),.UNSPECIFIED.,.F.,
  .F.,(2,2),(4.712388980385,6.28318530718),.PIECEWISE_BEZIER_KNOTS.);
#7674 = CARTESIAN_POINT('',(1.570796326795,-1.570796326795));
#7675 = CARTESIAN_POINT('',(1.570796326795,0.));
#7676 = ( GEOMETRIC_REPRESENTATION_CONTEXT(2) 
PARAMETRIC_REPRESENTATION_CONTEXT() REPRESENTATION_CONTEXT('2D SPACE',''
  ) );
#7677 = ORIENTED_EDGE('',*,*,#6015,.T.);
#7678 = ORIENTED_EDGE('',*,*,#2856,.T.);
#7679 = ORIENTED_EDGE('',*,*,#2636,.F.);
#7680 = ORIENTED_EDGE('',*,*,#2483,.F.);
#7681 = ORIENTED_EDGE('',*,*,#2236,.F.);
#7682 = ORIENTED_EDGE('',*,*,#7570,.T.);
#7683 = ORIENTED_EDGE('',*,*,#7318,.F.);
#7684 = ADVANCED_FACE('',(#7685),#7667,.T.);
#7685 = FACE_BOUND('',#7686,.T.);
#7686 = EDGE_LOOP('',(#7687,#7707,#7708,#7788));
#7687 = ORIENTED_EDGE('',*,*,#7688,.F.);
#7688 = EDGE_CURVE('',#5991,#141,#7689,.T.);
#7689 = SURFACE_CURVE('',#7690,(#7695,#7701),.PCURVE_S1.);
#7690 = CIRCLE('',#7691,1.);
#7691 = AXIS2_PLACEMENT_3D('',#7692,#7693,#7694);
#7692 = CARTESIAN_POINT('',(-79.4,-22.3,-4.5));
#7693 = DIRECTION('',(0.,1.,-0.));
#7694 = DIRECTION('',(-1.,0.,0.));
#7695 = PCURVE('',#7667,#7696);
#7696 = DEFINITIONAL_REPRESENTATION('',(#7697),#7700);
#7697 = B_SPLINE_CURVE_WITH_KNOTS('',1,(#7698,#7699),.UNSPECIFIED.,.F.,
  .F.,(2,2),(4.712388980385,6.28318530718),.PIECEWISE_BEZIER_KNOTS.);
#7698 = CARTESIAN_POINT('',(0.,-1.570796326795));
#7699 = CARTESIAN_POINT('',(0.,0.));
#7700 = ( GEOMETRIC_REPRESENTATION_CONTEXT(2) 
PARAMETRIC_REPRESENTATION_CONTEXT() REPRESENTATION_CONTEXT('2D SPACE',''
  ) );
#7701 = PCURVE('',#184,#7702);
#7702 = DEFINITIONAL_REPRESENTATION('',(#7703),#7706);
#7703 = B_SPLINE_CURVE_WITH_KNOTS('',1,(#7704,#7705),.UNSPECIFIED.,.F.,
  .F.,(2,2),(4.712388980385,6.28318530718),.PIECEWISE_BEZIER_KNOTS.);
#7704 = CARTESIAN_POINT('',(-1.570796326795,1.));
#7705 = CARTESIAN_POINT('',(0.,1.));
#7706 = ( GEOMETRIC_REPRESENTATION_CONTEXT(2) 
PARAMETRIC_REPRESENTATION_CONTEXT() REPRESENTATION_CONTEXT('2D SPACE',''
  ) );
#7707 = ORIENTED_EDGE('',*,*,#7653,.T.);
#7708 = ORIENTED_EDGE('',*,*,#7709,.F.);
#7709 = EDGE_CURVE('',#7710,#7272,#7712,.T.);
#7710 = VERTEX_POINT('',#7711);
#7711 = CARTESIAN_POINT('',(-80.26602540378,-22.8,-4.5));
#7712 = SURFACE_CURVE('',#7713,(#7736,#7762),.PCURVE_S1.);
#7713 = B_SPLINE_CURVE_WITH_KNOTS('',6,(#7714,#7715,#7716,#7717,#7718,
    #7719,#7720,#7721,#7722,#7723,#7724,#7725,#7726,#7727,#7728,#7729,
    #7730,#7731,#7732,#7733,#7734,#7735),.UNSPECIFIED.,.F.,.F.,(7,5,5,5,
    7),(0.,0.170325980559,0.44865047649,0.847342088452,1.),
  .UNSPECIFIED.);
#7714 = CARTESIAN_POINT('',(-80.26602540378,-22.79999999999,-4.5));
#7715 = CARTESIAN_POINT('',(-80.25361649074,-22.82149286785,
    -4.521492867851));
#7716 = CARTESIAN_POINT('',(-80.24020232472,-22.84214010809,
    -4.543248705407));
#7717 = CARTESIAN_POINT('',(-80.22576897817,-22.86196576333,
    -4.565128306346));
#7718 = CARTESIAN_POINT('',(-80.21031232421,-22.88098842233,
    -4.587005015922));
#7719 = CARTESIAN_POINT('',(-80.19383642524,-22.89922331872,
    -4.608763695301));
#7720 = CARTESIAN_POINT('',(-80.14778102649,-22.94521709932,
    -4.665490992032));
#7721 = CARTESIAN_POINT('',(-80.11652054187,-22.97167990652,
    -4.700083180123));
#7722 = CARTESIAN_POINT('',(-80.08261885708,-22.99613242231,
    -4.733618798163));
#7723 = CARTESIAN_POINT('',(-80.04619398896,-23.01859855298,
    -4.765685088176));
#7724 = CARTESIAN_POINT('',(-80.00743247187,-23.03909506794,
    -4.79591770929));
#7725 = CARTESIAN_POINT('',(-79.90803397065,-23.08419822427,
    -4.86426136626));
#7726 = CARTESIAN_POINT('',(-79.84516295779,-23.10675997936,
    -4.90014201258));
#7727 = CARTESIAN_POINT('',(-79.77870601827,-23.12532827048,
    -4.930707309457));
#7728 = CARTESIAN_POINT('',(-79.70959802777,-23.13997934031,
    -4.95536438821));
#7729 = CARTESIAN_POINT('',(-79.63867324108,-23.15081505329,
    -4.97383599692));
#7730 = CARTESIAN_POINT('',(-79.53920547639,-23.16061880896,
    -4.990657366008));
#7731 = CARTESIAN_POINT('',(-79.51151200674,-23.16278462657,
    -4.99439117438));
#7732 = CARTESIAN_POINT('',(-79.48370714448,-23.16440584178,
    -4.997194845374));
#7733 = CARTESIAN_POINT('',(-79.45582910884,-23.16548553129,
    -4.999064908685));
#7734 = CARTESIAN_POINT('',(-79.42791452384,-23.16602540378,-5.));
#7735 = CARTESIAN_POINT('',(-79.4,-23.16602540378,-5.));
#7736 = PCURVE('',#7667,#7737);
#7737 = DEFINITIONAL_REPRESENTATION('',(#7738),#7761);
#7738 = B_SPLINE_CURVE_WITH_KNOTS('',6,(#7739,#7740,#7741,#7742,#7743,
    #7744,#7745,#7746,#7747,#7748,#7749,#7750,#7751,#7752,#7753,#7754,
    #7755,#7756,#7757,#7758,#7759,#7760),.UNSPECIFIED.,.F.,.F.,(7,5,5,5,
    7),(0.,0.170325980559,0.44865047649,0.847342088452,1.),
  .UNSPECIFIED.);
#7739 = CARTESIAN_POINT('',(0.523598775597,-1.7763568394E-15));
#7740 = CARTESIAN_POINT('',(0.548416601676,-2.149286785123E-02));
#7741 = CARTESIAN_POINT('',(0.573004707862,-4.3248688026E-02));
#7742 = CARTESIAN_POINT('',(0.597480358387,-6.514620680873E-02));
#7743 = CARTESIAN_POINT('',(0.621951611043,-8.707867859734E-02));
#7744 = CARTESIAN_POINT('',(0.64651910477,-0.108950065426));
#7745 = CARTESIAN_POINT('',(0.711735354044,-0.166165140401));
#7746 = CARTESIAN_POINT('',(0.75269838638,-0.201253485647));
#7747 = CARTESIAN_POINT('',(0.794578835894,-0.235546638562));
#7748 = CARTESIAN_POINT('',(0.837713197613,-0.268676712921));
#7749 = CARTESIAN_POINT('',(0.882369077988,-0.30027086054));
#7750 = CARTESIAN_POINT('',(0.995062250404,-0.372511751062));
#7751 = CARTESIAN_POINT('',(1.064887233485,-0.411181454672));
#7752 = CARTESIAN_POINT('',(1.138538180721,-0.4448659684));
#7753 = CARTESIAN_POINT('',(1.215989236031,-0.472583437419));
#7754 = CARTESIAN_POINT('',(1.296489213001,-0.493588744463));
#7755 = CARTESIAN_POINT('',(1.410351604253,-0.512836067549));
#7756 = CARTESIAN_POINT('',(1.442153915626,-0.517127335769));
#7757 = CARTESIAN_POINT('',(1.474169816551,-0.520359617761));
#7758 = CARTESIAN_POINT('',(1.506330401951,-0.522519049477));
#7759 = CARTESIAN_POINT('',(1.538563411085,-0.523598775598));
#7760 = CARTESIAN_POINT('',(1.570796326795,-0.523598775598));
#7761 = ( GEOMETRIC_REPRESENTATION_CONTEXT(2) 
PARAMETRIC_REPRESENTATION_CONTEXT() REPRESENTATION_CONTEXT('2D SPACE',''
  ) );
#7762 = PCURVE('',#128,#7763);
#7763 = DEFINITIONAL_REPRESENTATION('',(#7764),#7787);
#7764 = B_SPLINE_CURVE_WITH_KNOTS('',6,(#7765,#7766,#7767,#7768,#7769,
    #7770,#7771,#7772,#7773,#7774,#7775,#7776,#7777,#7778,#7779,#7780,
    #7781,#7782,#7783,#7784,#7785,#7786),.UNSPECIFIED.,.F.,.F.,(7,5,5,5,
    7),(0.,0.170325980559,0.44865047649,0.847342088452,1.),
  .UNSPECIFIED.);
#7765 = CARTESIAN_POINT('',(-0.523598775598,6.200000000001));
#7766 = CARTESIAN_POINT('',(-0.548416601677,6.17850713215));
#7767 = CARTESIAN_POINT('',(-0.573964787652,6.157859891909));
#7768 = CARTESIAN_POINT('',(-0.600157276827,6.138034236662));
#7769 = CARTESIAN_POINT('',(-0.626922032848,6.119011577661));
#7770 = CARTESIAN_POINT('',(-0.654199184284,6.10077668128));
#7771 = CARTESIAN_POINT('',(-0.727268233465,6.054782900673));
#7772 = CARTESIAN_POINT('',(-0.773827428842,6.028320093472));
#7773 = CARTESIAN_POINT('',(-0.821398694336,6.003867577686));
#7774 = CARTESIAN_POINT('',(-0.869800564713,5.981401447012));
#7775 = CARTESIAN_POINT('',(-0.918869480612,5.960904932051));
#7776 = CARTESIAN_POINT('',(-1.039496664502,5.915801775721));
#7777 = CARTESIAN_POINT('',(-1.111631966384,5.893240020633));
#7778 = CARTESIAN_POINT('',(-1.184356680474,5.87467172952));
#7779 = CARTESIAN_POINT('',(-1.257307313135,5.86002065969));
#7780 = CARTESIAN_POINT('',(-1.330319257438,5.849184946705));
#7781 = CARTESIAN_POINT('',(-1.431199357903,5.839381191035));
#7782 = CARTESIAN_POINT('',(-1.459127709035,5.83721537343));
#7783 = CARTESIAN_POINT('',(-1.487050039682,5.835594158213));
#7784 = CARTESIAN_POINT('',(-1.514967211168,5.834514468709));
#7785 = CARTESIAN_POINT('',(-1.542881802952,5.833974596216));
#7786 = CARTESIAN_POINT('',(-1.570796326795,5.833974596216));
#7787 = ( GEOMETRIC_REPRESENTATION_CONTEXT(2) 
PARAMETRIC_REPRESENTATION_CONTEXT() REPRESENTATION_CONTEXT('2D SPACE',''
  ) );
#7788 = ORIENTED_EDGE('',*,*,#7789,.F.);
#7789 = EDGE_CURVE('',#141,#7710,#7790,.T.);
#7790 = SURFACE_CURVE('',#7791,(#7796,#7803),.PCURVE_S1.);
#7791 = CIRCLE('',#7792,1.);
#7792 = AXIS2_PLACEMENT_3D('',#7793,#7794,#7795);
#7793 = CARTESIAN_POINT('',(-79.4,-22.3,-4.5));
#7794 = DIRECTION('',(0.,0.,1.));
#7795 = DIRECTION('',(-1.,0.,0.));
#7796 = PCURVE('',#7667,#7797);
#7797 = DEFINITIONAL_REPRESENTATION('',(#7798),#7802);
#7798 = LINE('',#7799,#7800);
#7799 = CARTESIAN_POINT('',(0.,0.));
#7800 = VECTOR('',#7801,1.);
#7801 = DIRECTION('',(1.,0.));
#7802 = ( GEOMETRIC_REPRESENTATION_CONTEXT(2) 
PARAMETRIC_REPRESENTATION_CONTEXT() REPRESENTATION_CONTEXT('2D SPACE',''
  ) );
#7803 = PCURVE('',#156,#7804);
#7804 = DEFINITIONAL_REPRESENTATION('',(#7805),#7809);
#7805 = LINE('',#7806,#7807);
#7806 = CARTESIAN_POINT('',(0.,1.));
#7807 = VECTOR('',#7808,1.);
#7808 = DIRECTION('',(1.,0.));
#7809 = ( GEOMETRIC_REPRESENTATION_CONTEXT(2) 
PARAMETRIC_REPRESENTATION_CONTEXT() REPRESENTATION_CONTEXT('2D SPACE',''
  ) );
#7810 = ADVANCED_FACE('',(#7811),#1746,.T.);
#7811 = FACE_BOUND('',#7812,.F.);
#7812 = EDGE_LOOP('',(#7813,#7891,#7892,#7893,#7914));
#7813 = ORIENTED_EDGE('',*,*,#7814,.T.);
#7814 = EDGE_CURVE('',#1634,#3319,#7815,.T.);
#7815 = SURFACE_CURVE('',#7816,(#7839,#7865),.PCURVE_S1.);
#7816 = B_SPLINE_CURVE_WITH_KNOTS('',6,(#7817,#7818,#7819,#7820,#7821,
    #7822,#7823,#7824,#7825,#7826,#7827,#7828,#7829,#7830,#7831,#7832,
    #7833,#7834,#7835,#7836,#7837,#7838),.UNSPECIFIED.,.F.,.F.,(7,5,5,5,
    7),(0.,0.159995766338,0.449933211643,0.733081514406,1.),
  .UNSPECIFIED.);
#7817 = CARTESIAN_POINT('',(-20.06602540378,-17.3,-4.5));
#7818 = CARTESIAN_POINT('',(-20.05192215247,-17.3,-4.524427547818));
#7819 = CARTESIAN_POINT('',(-20.03699638446,-17.30071610187,
    -4.548370353733));
#7820 = CARTESIAN_POINT('',(-20.02127530914,-17.30209486077,
    -4.571783265113));
#7821 = CARTESIAN_POINT('',(-20.0047905268,-17.30407986075,
    -4.594623858465));
#7822 = CARTESIAN_POINT('',(-19.98757802865,-17.30661171486,
    -4.616852439441));
#7823 = CARTESIAN_POINT('',(-19.9372408916,-17.31509416513,
    -4.67753767182));
#7824 = CARTESIAN_POINT('',(-19.9025563978,-17.32214960262,
    -4.714500315261));
#7825 = CARTESIAN_POINT('',(-19.86579042972,-17.33043720219,
    -4.749197455398));
#7826 = CARTESIAN_POINT('',(-19.82710713281,-17.33959764381,
    -4.78152148515));
#7827 = CARTESIAN_POINT('',(-19.78666937449,-17.34927045205,
    -4.811375746343));
#7828 = CARTESIAN_POINT('',(-19.70359287322,-17.36868946867,
    -4.865326257081));
#7829 = CARTESIAN_POINT('',(-19.66097377022,-17.37844135045,
    -4.889575993971));
#7830 = CARTESIAN_POINT('',(-19.61693969191,-17.3880144866,
    -4.911315548757));
#7831 = CARTESIAN_POINT('',(-19.57163551598,-17.39707301946,
    -4.93046150334));
#7832 = CARTESIAN_POINT('',(-19.52519351607,-17.40530105051,
    -4.946937095223));
#7833 = CARTESIAN_POINT('',(-19.43299452316,-17.41913539079,
    -4.973592553515));
#7834 = CARTESIAN_POINT('',(-19.38732345806,-17.42486924652,
    -4.984087128981));
#7835 = CARTESIAN_POINT('',(-19.34097277608,-17.42936821012,
    -4.992021552625));
#7836 = CARTESIAN_POINT('',(-19.29416691029,-17.43243700092,
    -4.997336793562));
#7837 = CARTESIAN_POINT('',(-19.24710993106,-17.43397459621,-5.));
#7838 = CARTESIAN_POINT('',(-19.2,-17.43397459621,-5.));
#7839 = PCURVE('',#1746,#7840);
#7840 = DEFINITIONAL_REPRESENTATION('',(#7841),#7864);
#7841 = B_SPLINE_CURVE_WITH_KNOTS('',6,(#7842,#7843,#7844,#7845,#7846,
    #7847,#7848,#7849,#7850,#7851,#7852,#7853,#7854,#7855,#7856,#7857,
    #7858,#7859,#7860,#7861,#7862,#7863),.UNSPECIFIED.,.F.,.F.,(7,5,5,5,
    7),(0.,0.159995766338,0.449933211643,0.733081514406,1.),
  .UNSPECIFIED.);
#7842 = CARTESIAN_POINT('',(-0.523598775598,11.7));
#7843 = CARTESIAN_POINT('',(-0.551805278215,11.7));
#7844 = CARTESIAN_POINT('',(-0.580003078225,11.699283898121));
#7845 = CARTESIAN_POINT('',(-0.608180345284,11.697905139229));
#7846 = CARTESIAN_POINT('',(-0.636324498074,11.695920139243));
#7847 = CARTESIAN_POINT('',(-0.664422204309,11.693388285137));
#7848 = CARTESIAN_POINT('',(-0.743267145777,11.684905834866));
#7849 = CARTESIAN_POINT('',(-0.793860160855,11.677850397373));
#7850 = CARTESIAN_POINT('',(-0.844274500952,11.669562797804));
#7851 = CARTESIAN_POINT('',(-0.89454845763,11.66040235619));
#7852 = CARTESIAN_POINT('',(-0.944722239657,11.650729547943));
#7853 = CARTESIAN_POINT('',(-1.043779610263,11.631310531326));
#7854 = CARTESIAN_POINT('',(-1.092730182504,11.621558649541));
#7855 = CARTESIAN_POINT('',(-1.141711974213,11.611985513392));
#7856 = CARTESIAN_POINT('',(-1.190767794031,11.602926980533));
#7857 = CARTESIAN_POINT('',(-1.239958693457,11.594698949482));
#7858 = CARTESIAN_POINT('',(-1.335933522191,11.580864609208));
#7859 = CARTESIAN_POINT('',(-1.382722469654,11.575130753478));
#7860 = CARTESIAN_POINT('',(-1.429635240539,11.570631789876));
#7861 = CARTESIAN_POINT('',(-1.476629446221,11.567562999078));
#7862 = CARTESIAN_POINT('',(-1.523686395731,11.566025403784));
#7863 = CARTESIAN_POINT('',(-1.570796326795,11.566025403784));
#7864 = ( GEOMETRIC_REPRESENTATION_CONTEXT(2) 
PARAMETRIC_REPRESENTATION_CONTEXT() REPRESENTATION_CONTEXT('2D SPACE',''
  ) );
#7865 = PCURVE('',#1649,#7866);
#7866 = DEFINITIONAL_REPRESENTATION('',(#7867),#7890);
#7867 = B_SPLINE_CURVE_WITH_KNOTS('',6,(#7868,#7869,#7870,#7871,#7872,
    #7873,#7874,#7875,#7876,#7877,#7878,#7879,#7880,#7881,#7882,#7883,
    #7884,#7885,#7886,#7887,#7888,#7889),.UNSPECIFIED.,.F.,.F.,(7,5,5,5,
    7),(0.,0.159995766338,0.449933211643,0.733081514406,1.),
  .UNSPECIFIED.);
#7868 = CARTESIAN_POINT('',(0.,60.333974596216));
#7869 = CARTESIAN_POINT('',(-2.442754781779E-02,60.348077847524));
#7870 = CARTESIAN_POINT('',(-4.837033970992E-02,60.363003615531));
#7871 = CARTESIAN_POINT('',(-7.180950630482E-02,60.378724690856));
#7872 = CARTESIAN_POINT('',(-9.47236100921E-02,60.3952094732));
#7873 = CARTESIAN_POINT('',(-0.117088645423,60.412421971347));
#7874 = CARTESIAN_POINT('',(-0.178363839355,60.462759108395));
#7875 = CARTESIAN_POINT('',(-0.215947276856,60.497443602195));
#7876 = CARTESIAN_POINT('',(-0.251568465463,60.534209570271));
#7877 = CARTESIAN_POINT('',(-0.285128567177,60.572892867184));
#7878 = CARTESIAN_POINT('',(-0.316494493688,60.613330625506));
#7879 = CARTESIAN_POINT('',(-0.373833449165,60.696407126771));
#7880 = CARTESIAN_POINT('',(-0.399952668339,60.739026229775));
#7881 = CARTESIAN_POINT('',(-0.423691035202,60.783060308089));
#7882 = CARTESIAN_POINT('',(-0.444863784453,60.828364484015));
#7883 = CARTESIAN_POINT('',(-0.463277578339,60.874806483926));
#7884 = CARTESIAN_POINT('',(-0.493309268727,60.967005476837));
#7885 = CARTESIAN_POINT('',(-0.505265337797,61.01267654194));
#7886 = CARTESIAN_POINT('',(-0.514385955229,61.05902722392));
#7887 = CARTESIAN_POINT('',(-0.520523597775,61.105833089705));
#7888 = CARTESIAN_POINT('',(-0.523598775598,61.152890068936));
#7889 = CARTESIAN_POINT('',(-0.523598775598,61.2));
#7890 = ( GEOMETRIC_REPRESENTATION_CONTEXT(2) 
PARAMETRIC_REPRESENTATION_CONTEXT() REPRESENTATION_CONTEXT('2D SPACE',''
  ) );
#7891 = ORIENTED_EDGE('',*,*,#3318,.T.);
#7892 = ORIENTED_EDGE('',*,*,#3411,.F.);
#7893 = ORIENTED_EDGE('',*,*,#7894,.F.);
#7894 = EDGE_CURVE('',#1711,#3412,#7895,.T.);
#7895 = SURFACE_CURVE('',#7896,(#7900,#7907),.PCURVE_S1.);
#7896 = LINE('',#7897,#7898);
#7897 = CARTESIAN_POINT('',(-20.2,-29.,-4.));
#7898 = VECTOR('',#7899,1.);
#7899 = DIRECTION('',(0.,1.,0.));
#7900 = PCURVE('',#1746,#7901);
#7901 = DEFINITIONAL_REPRESENTATION('',(#7902),#7906);
#7902 = LINE('',#7903,#7904);
#7903 = CARTESIAN_POINT('',(-0.,0.));
#7904 = VECTOR('',#7905,1.);
#7905 = DIRECTION('',(-0.,1.));
#7906 = ( GEOMETRIC_REPRESENTATION_CONTEXT(2) 
PARAMETRIC_REPRESENTATION_CONTEXT() REPRESENTATION_CONTEXT('2D SPACE',''
  ) );
#7907 = PCURVE('',#1194,#7908);
#7908 = DEFINITIONAL_REPRESENTATION('',(#7909),#7913);
#7909 = LINE('',#7910,#7911);
#7910 = CARTESIAN_POINT('',(1.,0.));
#7911 = VECTOR('',#7912,1.);
#7912 = DIRECTION('',(0.,-1.));
#7913 = ( GEOMETRIC_REPRESENTATION_CONTEXT(2) 
PARAMETRIC_REPRESENTATION_CONTEXT() REPRESENTATION_CONTEXT('2D SPACE',''
  ) );
#7914 = ORIENTED_EDGE('',*,*,#1731,.F.);
#7915 = ADVANCED_FACE('',(#7916),#1678,.T.);
#7916 = FACE_BOUND('',#7917,.T.);
#7917 = EDGE_LOOP('',(#7918,#7998,#8026,#8121,#8142));
#7918 = ORIENTED_EDGE('',*,*,#7919,.T.);
#7919 = EDGE_CURVE('',#1632,#7920,#7922,.T.);
#7920 = VERTEX_POINT('',#7921);
#7921 = CARTESIAN_POINT('',(-75.8,-17.43397459621,-5.));
#7922 = SURFACE_CURVE('',#7923,(#7946,#7972),.PCURVE_S1.);
#7923 = B_SPLINE_CURVE_WITH_KNOTS('',6,(#7924,#7925,#7926,#7927,#7928,
    #7929,#7930,#7931,#7932,#7933,#7934,#7935,#7936,#7937,#7938,#7939,
    #7940,#7941,#7942,#7943,#7944,#7945),.UNSPECIFIED.,.F.,.F.,(7,5,5,5,
    7),(0.,0.159995766342,0.44993321165,0.73308151441,1.),
  .UNSPECIFIED.);
#7924 = CARTESIAN_POINT('',(-74.93397459621,-17.3,-4.5));
#7925 = CARTESIAN_POINT('',(-74.94807784752,-17.3,-4.524427547818));
#7926 = CARTESIAN_POINT('',(-74.96300361553,-17.30071610187,
    -4.548370353733));
#7927 = CARTESIAN_POINT('',(-74.97872469085,-17.30209486077,
    -4.571783265113));
#7928 = CARTESIAN_POINT('',(-74.9952094732,-17.30407986075,
    -4.594623858465));
#7929 = CARTESIAN_POINT('',(-75.01242197134,-17.30661171486,
    -4.616852439441));
#7930 = CARTESIAN_POINT('',(-75.06275910839,-17.31509416513,
    -4.677537671819));
#7931 = CARTESIAN_POINT('',(-75.09744360219,-17.32214960262,
    -4.714500315261));
#7932 = CARTESIAN_POINT('',(-75.13420957027,-17.33043720219,
    -4.749197455398));
#7933 = CARTESIAN_POINT('',(-75.17289286718,-17.33959764381,
    -4.78152148515));
#7934 = CARTESIAN_POINT('',(-75.2133306255,-17.34927045205,
    -4.811375746343));
#7935 = CARTESIAN_POINT('',(-75.29640712677,-17.36868946867,
    -4.865326257081));
#7936 = CARTESIAN_POINT('',(-75.33902622977,-17.37844135045,
    -4.889575993971));
#7937 = CARTESIAN_POINT('',(-75.38306030808,-17.3880144866,
    -4.911315548757));
#7938 = CARTESIAN_POINT('',(-75.42836448401,-17.39707301946,
    -4.93046150334));
#7939 = CARTESIAN_POINT('',(-75.47480648392,-17.40530105051,
    -4.946937095223));
#7940 = CARTESIAN_POINT('',(-75.56700547683,-17.41913539079,
    -4.973592553515));
#7941 = CARTESIAN_POINT('',(-75.61267654194,-17.42486924652,
    -4.984087128981));
#7942 = CARTESIAN_POINT('',(-75.65902722392,-17.42936821012,
    -4.992021552625));
#7943 = CARTESIAN_POINT('',(-75.7058330897,-17.43243700092,
    -4.997336793562));
#7944 = CARTESIAN_POINT('',(-75.75289006893,-17.43397459621,-5.));
#7945 = CARTESIAN_POINT('',(-75.8,-17.43397459621,-5.));
#7946 = PCURVE('',#1678,#7947);
#7947 = DEFINITIONAL_REPRESENTATION('',(#7948),#7971);
#7948 = B_SPLINE_CURVE_WITH_KNOTS('',6,(#7949,#7950,#7951,#7952,#7953,
    #7954,#7955,#7956,#7957,#7958,#7959,#7960,#7961,#7962,#7963,#7964,
    #7965,#7966,#7967,#7968,#7969,#7970),.UNSPECIFIED.,.F.,.F.,(7,5,5,5,
    7),(0.,0.159995766342,0.44993321165,0.73308151441,1.),
  .UNSPECIFIED.);
#7949 = CARTESIAN_POINT('',(0.523598775598,11.7));
#7950 = CARTESIAN_POINT('',(0.551805278215,11.7));
#7951 = CARTESIAN_POINT('',(0.580003078225,11.699283898121));
#7952 = CARTESIAN_POINT('',(0.608180345284,11.697905139229));
#7953 = CARTESIAN_POINT('',(0.636324498074,11.695920139243));
#7954 = CARTESIAN_POINT('',(0.664422204309,11.693388285137));
#7955 = CARTESIAN_POINT('',(0.743267145776,11.684905834866));
#7956 = CARTESIAN_POINT('',(0.793860160855,11.677850397373));
#7957 = CARTESIAN_POINT('',(0.844274500953,11.669562797804));
#7958 = CARTESIAN_POINT('',(0.894548457631,11.66040235619));
#7959 = CARTESIAN_POINT('',(0.944722239656,11.650729547943));
#7960 = CARTESIAN_POINT('',(1.043779610263,11.631310531326));
#7961 = CARTESIAN_POINT('',(1.092730182504,11.621558649541));
#7962 = CARTESIAN_POINT('',(1.141711974213,11.611985513392));
#7963 = CARTESIAN_POINT('',(1.190767794031,11.602926980533));
#7964 = CARTESIAN_POINT('',(1.239958693457,11.594698949482));
#7965 = CARTESIAN_POINT('',(1.335933522191,11.580864609208));
#7966 = CARTESIAN_POINT('',(1.382722469654,11.575130753478));
#7967 = CARTESIAN_POINT('',(1.429635240539,11.570631789876));
#7968 = CARTESIAN_POINT('',(1.476629446221,11.567562999078));
#7969 = CARTESIAN_POINT('',(1.523686395731,11.566025403784));
#7970 = CARTESIAN_POINT('',(1.570796326795,11.566025403784));
#7971 = ( GEOMETRIC_REPRESENTATION_CONTEXT(2) 
PARAMETRIC_REPRESENTATION_CONTEXT() REPRESENTATION_CONTEXT('2D SPACE',''
  ) );
#7972 = PCURVE('',#1649,#7973);
#7973 = DEFINITIONAL_REPRESENTATION('',(#7974),#7997);
#7974 = B_SPLINE_CURVE_WITH_KNOTS('',6,(#7975,#7976,#7977,#7978,#7979,
    #7980,#7981,#7982,#7983,#7984,#7985,#7986,#7987,#7988,#7989,#7990,
    #7991,#7992,#7993,#7994,#7995,#7996),.UNSPECIFIED.,.F.,.F.,(7,5,5,5,
    7),(0.,0.159995766342,0.44993321165,0.73308151441,1.),
  .UNSPECIFIED.);
#7975 = CARTESIAN_POINT('',(0.,5.466025403784));
#7976 = CARTESIAN_POINT('',(-2.442754781797E-02,5.451922152476));
#7977 = CARTESIAN_POINT('',(-4.837033970989E-02,5.436996384469));
#7978 = CARTESIAN_POINT('',(-7.180950630466E-02,5.421275309144));
#7979 = CARTESIAN_POINT('',(-9.472361009205E-02,5.4047905268));
#7980 = CARTESIAN_POINT('',(-0.117088645423,5.387578028653));
#7981 = CARTESIAN_POINT('',(-0.178363839354,5.337240891605));
#7982 = CARTESIAN_POINT('',(-0.215947276856,5.302556397805));
#7983 = CARTESIAN_POINT('',(-0.251568465464,5.265790429728));
#7984 = CARTESIAN_POINT('',(-0.285128567178,5.227107132816));
#7985 = CARTESIAN_POINT('',(-0.316494493687,5.186669374495));
#7986 = CARTESIAN_POINT('',(-0.373833449165,5.103592873229));
#7987 = CARTESIAN_POINT('',(-0.399952668339,5.060973770225));
#7988 = CARTESIAN_POINT('',(-0.423691035202,5.016939691911));
#7989 = CARTESIAN_POINT('',(-0.444863784453,4.971635515985));
#7990 = CARTESIAN_POINT('',(-0.463277578339,4.925193516074));
#7991 = CARTESIAN_POINT('',(-0.493309268727,4.832994523163));
#7992 = CARTESIAN_POINT('',(-0.505265337797,4.78732345806));
#7993 = CARTESIAN_POINT('',(-0.514385955229,4.74097277608));
#7994 = CARTESIAN_POINT('',(-0.520523597775,4.694166910295));
#7995 = CARTESIAN_POINT('',(-0.523598775598,4.647109931064));
#7996 = CARTESIAN_POINT('',(-0.523598775598,4.6));
#7997 = ( GEOMETRIC_REPRESENTATION_CONTEXT(2) 
PARAMETRIC_REPRESENTATION_CONTEXT() REPRESENTATION_CONTEXT('2D SPACE',''
  ) );
#7998 = ORIENTED_EDGE('',*,*,#7999,.T.);
#7999 = EDGE_CURVE('',#7920,#8000,#8002,.T.);
#8000 = VERTEX_POINT('',#8001);
#8001 = CARTESIAN_POINT('',(-75.8,-4.153311931459,-5.));
#8002 = SURFACE_CURVE('',#8003,(#8007,#8014),.PCURVE_S1.);
#8003 = LINE('',#8004,#8005);
#8004 = CARTESIAN_POINT('',(-75.8,-29.,-5.));
#8005 = VECTOR('',#8006,1.);
#8006 = DIRECTION('',(0.,1.,0.));
#8007 = PCURVE('',#1678,#8008);
#8008 = DEFINITIONAL_REPRESENTATION('',(#8009),#8013);
#8009 = LINE('',#8010,#8011);
#8010 = CARTESIAN_POINT('',(1.570796326795,0.));
#8011 = VECTOR('',#8012,1.);
#8012 = DIRECTION('',(0.,1.));
#8013 = ( GEOMETRIC_REPRESENTATION_CONTEXT(2) 
PARAMETRIC_REPRESENTATION_CONTEXT() REPRESENTATION_CONTEXT('2D SPACE',''
  ) );
#8014 = PCURVE('',#8015,#8020);
#8015 = PLANE('',#8016);
#8016 = AXIS2_PLACEMENT_3D('',#8017,#8018,#8019);
#8017 = CARTESIAN_POINT('',(-80.4,-29.,-5.));
#8018 = DIRECTION('',(0.,0.,1.));
#8019 = DIRECTION('',(1.,0.,0.));
#8020 = DEFINITIONAL_REPRESENTATION('',(#8021),#8025);
#8021 = LINE('',#8022,#8023);
#8022 = CARTESIAN_POINT('',(4.6,0.));
#8023 = VECTOR('',#8024,1.);
#8024 = DIRECTION('',(0.,1.));
#8025 = ( GEOMETRIC_REPRESENTATION_CONTEXT(2) 
PARAMETRIC_REPRESENTATION_CONTEXT() REPRESENTATION_CONTEXT('2D SPACE',''
  ) );
#8026 = ORIENTED_EDGE('',*,*,#8027,.F.);
#8027 = EDGE_CURVE('',#8028,#8000,#8030,.T.);
#8028 = VERTEX_POINT('',#8029);
#8029 = CARTESIAN_POINT('',(-74.8,-5.12347538298,-4.));
#8030 = SURFACE_CURVE('',#8031,(#8059,#8090),.PCURVE_S1.);
#8031 = B_SPLINE_CURVE_WITH_KNOTS('',6,(#8032,#8033,#8034,#8035,#8036,
    #8037,#8038,#8039,#8040,#8041,#8042,#8043,#8044,#8045,#8046,#8047,
    #8048,#8049,#8050,#8051,#8052,#8053,#8054,#8055,#8056,#8057,#8058),
  .UNSPECIFIED.,.F.,.F.,(7,5,5,5,5,7),(0.,0.119012541113,0.352263517198,
    0.623108207354,0.733073146087,1.),.UNSPECIFIED.);
#8032 = CARTESIAN_POINT('',(-74.8,-5.12347538298,-4.));
#8033 = CARTESIAN_POINT('',(-74.8,-5.098596790371,-4.031866214199));
#8034 = CARTESIAN_POINT('',(-74.80121854404,-5.073484117239,
    -4.063541901997));
#8035 = CARTESIAN_POINT('',(-74.80362832236,-5.048176419821,
    -4.094977411018));
#8036 = CARTESIAN_POINT('',(-74.80720074413,-5.022714675554,
    -4.126125420412));
#8037 = CARTESIAN_POINT('',(-74.81190593742,-4.997141783077,
    -4.156940940863));
#8038 = CARTESIAN_POINT('',(-74.8290934367,-4.921252620226,
    -4.247040967399));
#8039 = CARTESIAN_POINT('',(-74.84470132031,-4.870765833619,
    -4.305238198325));
#8040 = CARTESIAN_POINT('',(-74.86431494158,-4.820300981483,
    -4.361746741793));
#8041 = CARTESIAN_POINT('',(-74.88773601677,-4.770138640452,
    -4.416361118101));
#8042 = CARTESIAN_POINT('',(-74.91478798698,-4.720584296844,
    -4.468889442529));
#8043 = CARTESIAN_POINT('',(-74.98076120421,-4.615523553273,
    -4.577503054468));
#8044 = CARTESIAN_POINT('',(-75.02090879025,-4.560320061302,
    -4.632823329809));
#8045 = CARTESIAN_POINT('',(-75.06555206158,-4.506837300538,
    -4.684859511387));
#8046 = CARTESIAN_POINT('',(-75.11453511129,-4.455640670469,
    -4.733331229081));
#8047 = CARTESIAN_POINT('',(-75.16772656375,-4.407409438935,
    -4.777900963447));
#8048 = CARTESIAN_POINT('',(-75.24824605247,-4.344915349754,
    -4.834491007936));
#8049 = CARTESIAN_POINT('',(-75.27216926536,-4.327492819602,
    -4.850119815708));
#8050 = CARTESIAN_POINT('',(-75.2967469241,-4.310755424656,
    -4.865002245972));
#8051 = CARTESIAN_POINT('',(-75.32196081672,-4.294765844442,
    -4.879104052521));
#8052 = CARTESIAN_POINT('',(-75.34779198179,-4.279587951548,
    -4.892390637713));
#8053 = CARTESIAN_POINT('',(-75.43837330957,-4.23057248966,
    -4.93501497511));
#8054 = CARTESIAN_POINT('',(-75.50641070941,-4.200827208314,
    -4.960364136525));
#8055 = CARTESIAN_POINT('',(-75.57749305539,-4.177429551341,
    -4.979966871263));
#8056 = CARTESIAN_POINT('',(-75.65071957743,-4.16139699193,
    -4.993283916891));
#8057 = CARTESIAN_POINT('',(-75.72518844828,-4.153311931459,-5.));
#8058 = CARTESIAN_POINT('',(-75.8,-4.153311931459,-5.));
#8059 = PCURVE('',#1678,#8060);
#8060 = DEFINITIONAL_REPRESENTATION('',(#8061),#8089);
#8061 = B_SPLINE_CURVE_WITH_KNOTS('',6,(#8062,#8063,#8064,#8065,#8066,
    #8067,#8068,#8069,#8070,#8071,#8072,#8073,#8074,#8075,#8076,#8077,
    #8078,#8079,#8080,#8081,#8082,#8083,#8084,#8085,#8086,#8087,#8088),
  .UNSPECIFIED.,.F.,.F.,(7,5,5,5,5,7),(0.,0.119012541113,0.352263517198,
    0.623108207354,0.733073146087,1.),.UNSPECIFIED.);
#8062 = CARTESIAN_POINT('',(0.,23.87652461702));
#8063 = CARTESIAN_POINT('',(3.186621419875E-02,23.901403209629));
#8064 = CARTESIAN_POINT('',(6.354194411934E-02,23.926515882761));
#8065 = CARTESIAN_POINT('',(9.503565152746E-02,23.951823580179));
#8066 = CARTESIAN_POINT('',(0.126354885048,23.977285324446));
#8067 = CARTESIAN_POINT('',(0.157506280163,24.002858216923));
#8068 = CARTESIAN_POINT('',(0.249231003729,24.078747379774));
#8069 = CARTESIAN_POINT('',(0.309322099718,24.129234166381));
#8070 = CARTESIAN_POINT('',(0.368907957787,24.179699018517));
#8071 = CARTESIAN_POINT('',(0.428111179689,24.229861359548));
#8072 = CARTESIAN_POINT('',(0.487050215963,24.279415703156));
#8073 = CARTESIAN_POINT('',(0.614130435074,24.384476446727));
#8074 = CARTESIAN_POINT('',(0.682254223189,24.439679938698));
#8075 = CARTESIAN_POINT('',(0.750478331371,24.493162699462));
#8076 = CARTESIAN_POINT('',(0.819041986752,24.544359329531));
#8077 = CARTESIAN_POINT('',(0.888188565693,24.592590561065));
#8078 = CARTESIAN_POINT('',(0.986605135435,24.655084650246));
#8079 = CARTESIAN_POINT('',(1.015164622735,24.672507180398));
#8080 = CARTESIAN_POINT('',(1.043871556733,24.689244575344));
#8081 = CARTESIAN_POINT('',(1.072734803683,24.705234155558));
#8082 = CARTESIAN_POINT('',(1.101764760606,24.720412048452));
#8083 = CARTESIAN_POINT('',(1.201873756607,24.76942751034));
#8084 = CARTESIAN_POINT('',(1.274228796603,24.799172791686));
#8085 = CARTESIAN_POINT('',(1.347534918426,24.822570448659));
#8086 = CARTESIAN_POINT('',(1.421516110098,24.83860300807));
#8087 = CARTESIAN_POINT('',(1.495984775082,24.846688068541));
#8088 = CARTESIAN_POINT('',(1.570796326795,24.846688068541));
#8089 = ( GEOMETRIC_REPRESENTATION_CONTEXT(2) 
PARAMETRIC_REPRESENTATION_CONTEXT() REPRESENTATION_CONTEXT('2D SPACE',''
  ) );
#8090 = PCURVE('',#269,#8091);
#8091 = DEFINITIONAL_REPRESENTATION('',(#8092),#8120);
#8092 = B_SPLINE_CURVE_WITH_KNOTS('',6,(#8093,#8094,#8095,#8096,#8097,
    #8098,#8099,#8100,#8101,#8102,#8103,#8104,#8105,#8106,#8107,#8108,
    #8109,#8110,#8111,#8112,#8113,#8114,#8115,#8116,#8117,#8118,#8119),
  .UNSPECIFIED.,.F.,.F.,(7,5,5,5,5,7),(0.,0.119012541113,0.352263517198,
    0.623108207354,0.733073146087,1.),.UNSPECIFIED.);
#8093 = CARTESIAN_POINT('',(2.233670150445,11.));
#8094 = CARTESIAN_POINT('',(2.239889798597,11.));
#8095 = CARTESIAN_POINT('',(2.246108499757,10.998781455954));
#8096 = CARTESIAN_POINT('',(2.252316980762,10.996371677631));
#8097 = CARTESIAN_POINT('',(2.25850604755,10.992799255869));
#8098 = CARTESIAN_POINT('',(2.264666585153,10.988094062576));
#8099 = CARTESIAN_POINT('',(2.282789883976,10.970906563294));
#8100 = CARTESIAN_POINT('',(2.294641599639,10.955298679689));
#8101 = CARTESIAN_POINT('',(2.306295557246,10.935685058419));
#8102 = CARTESIAN_POINT('',(2.317702469804,10.912263983225));
#8103 = CARTESIAN_POINT('',(2.328811447018,10.885212013012));
#8104 = CARTESIAN_POINT('',(2.352059365568,10.819238795789));
#8105 = CARTESIAN_POINT('',(2.364081307936,10.779091209744));
#8106 = CARTESIAN_POINT('',(2.375559580696,10.734447938417));
#8107 = CARTESIAN_POINT('',(2.386404836016,10.685464888707));
#8108 = CARTESIAN_POINT('',(2.39650759659,10.63227343625));
#8109 = CARTESIAN_POINT('',(2.409478154344,10.551753947526));
#8110 = CARTESIAN_POINT('',(2.413078918233,10.527830734639));
#8111 = CARTESIAN_POINT('',(2.416524568456,10.503253075898));
#8112 = CARTESIAN_POINT('',(2.41980447916,10.478039183275));
#8113 = CARTESIAN_POINT('',(2.42290781788,10.452208018201));
#8114 = CARTESIAN_POINT('',(2.43290112883,10.361626690425));
#8115 = CARTESIAN_POINT('',(2.438913355731,10.293589290581));
#8116 = CARTESIAN_POINT('',(2.443609243988,10.222506944604));
#8117 = CARTESIAN_POINT('',(2.44681572787,10.149280422569));
#8118 = CARTESIAN_POINT('',(2.448432746013,10.074811551713));
#8119 = CARTESIAN_POINT('',(2.448432746013,10.));
#8120 = ( GEOMETRIC_REPRESENTATION_CONTEXT(2) 
PARAMETRIC_REPRESENTATION_CONTEXT() REPRESENTATION_CONTEXT('2D SPACE',''
  ) );
#8121 = ORIENTED_EDGE('',*,*,#8122,.F.);
#8122 = EDGE_CURVE('',#1662,#8028,#8123,.T.);
#8123 = SURFACE_CURVE('',#8124,(#8128,#8135),.PCURVE_S1.);
#8124 = LINE('',#8125,#8126);
#8125 = CARTESIAN_POINT('',(-74.8,-29.,-4.));
#8126 = VECTOR('',#8127,1.);
#8127 = DIRECTION('',(0.,1.,0.));
#8128 = PCURVE('',#1678,#8129);
#8129 = DEFINITIONAL_REPRESENTATION('',(#8130),#8134);
#8130 = LINE('',#8131,#8132);
#8131 = CARTESIAN_POINT('',(0.,0.));
#8132 = VECTOR('',#8133,1.);
#8133 = DIRECTION('',(0.,1.));
#8134 = ( GEOMETRIC_REPRESENTATION_CONTEXT(2) 
PARAMETRIC_REPRESENTATION_CONTEXT() REPRESENTATION_CONTEXT('2D SPACE',''
  ) );
#8135 = PCURVE('',#1360,#8136);
#8136 = DEFINITIONAL_REPRESENTATION('',(#8137),#8141);
#8137 = LINE('',#8138,#8139);
#8138 = CARTESIAN_POINT('',(-4.,29.));
#8139 = VECTOR('',#8140,1.);
#8140 = DIRECTION('',(0.,-1.));
#8141 = ( GEOMETRIC_REPRESENTATION_CONTEXT(2) 
PARAMETRIC_REPRESENTATION_CONTEXT() REPRESENTATION_CONTEXT('2D SPACE',''
  ) );
#8142 = ORIENTED_EDGE('',*,*,#1661,.T.);
#8143 = ADVANCED_FACE('',(#8144),#8015,.F.);
#8144 = FACE_BOUND('',#8145,.F.);
#8145 = EDGE_LOOP('',(#8146,#8171,#8190,#8191));
#8146 = ORIENTED_EDGE('',*,*,#8147,.F.);
#8147 = EDGE_CURVE('',#8148,#8150,#8152,.T.);
#8148 = VERTEX_POINT('',#8149);
#8149 = CARTESIAN_POINT('',(-79.4,-17.43397459621,-5.));
#8150 = VERTEX_POINT('',#8151);
#8151 = CARTESIAN_POINT('',(-79.4,-4.153311931459,-5.));
#8152 = SURFACE_CURVE('',#8153,(#8157,#8164),.PCURVE_S1.);
#8153 = LINE('',#8154,#8155);
#8154 = CARTESIAN_POINT('',(-79.4,-29.,-5.));
#8155 = VECTOR('',#8156,1.);
#8156 = DIRECTION('',(0.,1.,0.));
#8157 = PCURVE('',#8015,#8158);
#8158 = DEFINITIONAL_REPRESENTATION('',(#8159),#8163);
#8159 = LINE('',#8160,#8161);
#8160 = CARTESIAN_POINT('',(1.,0.));
#8161 = VECTOR('',#8162,1.);
#8162 = DIRECTION('',(0.,1.));
#8163 = ( GEOMETRIC_REPRESENTATION_CONTEXT(2) 
PARAMETRIC_REPRESENTATION_CONTEXT() REPRESENTATION_CONTEXT('2D SPACE',''
  ) );
#8164 = PCURVE('',#240,#8165);
#8165 = DEFINITIONAL_REPRESENTATION('',(#8166),#8170);
#8166 = LINE('',#8167,#8168);
#8167 = CARTESIAN_POINT('',(-1.570796326795,0.));
#8168 = VECTOR('',#8169,1.);
#8169 = DIRECTION('',(-0.,1.));
#8170 = ( GEOMETRIC_REPRESENTATION_CONTEXT(2) 
PARAMETRIC_REPRESENTATION_CONTEXT() REPRESENTATION_CONTEXT('2D SPACE',''
  ) );
#8171 = ORIENTED_EDGE('',*,*,#8172,.T.);
#8172 = EDGE_CURVE('',#8148,#7920,#8173,.T.);
#8173 = SURFACE_CURVE('',#8174,(#8178,#8184),.PCURVE_S1.);
#8174 = LINE('',#8175,#8176);
#8175 = CARTESIAN_POINT('',(-80.4,-17.43397459621,-5.));
#8176 = VECTOR('',#8177,1.);
#8177 = DIRECTION('',(1.,0.,0.));
#8178 = PCURVE('',#8015,#8179);
#8179 = DEFINITIONAL_REPRESENTATION('',(#8180),#8183);
#8180 = B_SPLINE_CURVE_WITH_KNOTS('',1,(#8181,#8182),.UNSPECIFIED.,.F.,
  .F.,(2,2),(0.9999994,4.96),.PIECEWISE_BEZIER_KNOTS.);
#8181 = CARTESIAN_POINT('',(0.9999994,11.566025403784));
#8182 = CARTESIAN_POINT('',(4.96,11.566025403784));
#8183 = ( GEOMETRIC_REPRESENTATION_CONTEXT(2) 
PARAMETRIC_REPRESENTATION_CONTEXT() REPRESENTATION_CONTEXT('2D SPACE',''
  ) );
#8184 = PCURVE('',#1649,#8185);
#8185 = DEFINITIONAL_REPRESENTATION('',(#8186),#8189);
#8186 = B_SPLINE_CURVE_WITH_KNOTS('',1,(#8187,#8188),.UNSPECIFIED.,.F.,
  .F.,(2,2),(0.9999994,4.96),.PIECEWISE_BEZIER_KNOTS.);
#8187 = CARTESIAN_POINT('',(-0.523598775598,0.9999994));
#8188 = CARTESIAN_POINT('',(-0.523598775598,4.96));
#8189 = ( GEOMETRIC_REPRESENTATION_CONTEXT(2) 
PARAMETRIC_REPRESENTATION_CONTEXT() REPRESENTATION_CONTEXT('2D SPACE',''
  ) );
#8190 = ORIENTED_EDGE('',*,*,#7999,.T.);
#8191 = ORIENTED_EDGE('',*,*,#8192,.F.);
#8192 = EDGE_CURVE('',#8150,#8000,#8193,.T.);
#8193 = SURFACE_CURVE('',#8194,(#8198,#8204),.PCURVE_S1.);
#8194 = LINE('',#8195,#8196);
#8195 = CARTESIAN_POINT('',(-80.4,-4.153311931459,-5.));
#8196 = VECTOR('',#8197,1.);
#8197 = DIRECTION('',(1.,0.,0.));
#8198 = PCURVE('',#8015,#8199);
#8199 = DEFINITIONAL_REPRESENTATION('',(#8200),#8203);
#8200 = B_SPLINE_CURVE_WITH_KNOTS('',1,(#8201,#8202),.UNSPECIFIED.,.F.,
  .F.,(2,2),(0.64,4.96),.PIECEWISE_BEZIER_KNOTS.);
#8201 = CARTESIAN_POINT('',(0.64,24.846688068541));
#8202 = CARTESIAN_POINT('',(4.96,24.846688068541));
#8203 = ( GEOMETRIC_REPRESENTATION_CONTEXT(2) 
PARAMETRIC_REPRESENTATION_CONTEXT() REPRESENTATION_CONTEXT('2D SPACE',''
  ) );
#8204 = PCURVE('',#269,#8205);
#8205 = DEFINITIONAL_REPRESENTATION('',(#8206),#8209);
#8206 = B_SPLINE_CURVE_WITH_KNOTS('',1,(#8207,#8208),.UNSPECIFIED.,.F.,
  .F.,(2,2),(0.64,4.96),.PIECEWISE_BEZIER_KNOTS.);
#8207 = CARTESIAN_POINT('',(2.448432746013,6.04));
#8208 = CARTESIAN_POINT('',(2.448432746013,10.36));
#8209 = ( GEOMETRIC_REPRESENTATION_CONTEXT(2) 
PARAMETRIC_REPRESENTATION_CONTEXT() REPRESENTATION_CONTEXT('2D SPACE',''
  ) );
#8210 = ADVANCED_FACE('',(#8211),#1649,.T.);
#8211 = FACE_BOUND('',#8212,.F.);
#8212 = EDGE_LOOP('',(#8213,#8238,#8239,#8240,#8241,#8242,#8243,#8244));
#8213 = ORIENTED_EDGE('',*,*,#8214,.F.);
#8214 = EDGE_CURVE('',#5993,#8148,#8215,.T.);
#8215 = SURFACE_CURVE('',#8216,(#8221,#8227),.PCURVE_S1.);
#8216 = CIRCLE('',#8217,1.);
#8217 = AXIS2_PLACEMENT_3D('',#8218,#8219,#8220);
#8218 = CARTESIAN_POINT('',(-79.4,-18.3,-4.5));
#8219 = DIRECTION('',(1.,6.123233995737E-17,-0.));
#8220 = DIRECTION('',(-6.123233995737E-17,1.,0.));
#8221 = PCURVE('',#1649,#8222);
#8222 = DEFINITIONAL_REPRESENTATION('',(#8223),#8226);
#8223 = B_SPLINE_CURVE_WITH_KNOTS('',1,(#8224,#8225),.UNSPECIFIED.,.F.,
  .F.,(2,2),(4.712388980385,6.28318530718),.PIECEWISE_BEZIER_KNOTS.);
#8224 = CARTESIAN_POINT('',(-1.570796326795,1.));
#8225 = CARTESIAN_POINT('',(0.,1.));
#8226 = ( GEOMETRIC_REPRESENTATION_CONTEXT(2) 
PARAMETRIC_REPRESENTATION_CONTEXT() REPRESENTATION_CONTEXT('2D SPACE',''
  ) );
#8227 = PCURVE('',#8228,#8233);
#8228 = SPHERICAL_SURFACE('',#8229,1.);
#8229 = AXIS2_PLACEMENT_3D('',#8230,#8231,#8232);
#8230 = CARTESIAN_POINT('',(-79.4,-18.3,-4.5));
#8231 = DIRECTION('',(0.,0.,1.));
#8232 = DIRECTION('',(-1.,0.,0.));
#8233 = DEFINITIONAL_REPRESENTATION('',(#8234),#8237);
#8234 = B_SPLINE_CURVE_WITH_KNOTS('',1,(#8235,#8236),.UNSPECIFIED.,.F.,
  .F.,(2,2),(4.712388980385,6.28318530718),.PIECEWISE_BEZIER_KNOTS.);
#8235 = CARTESIAN_POINT('',(-1.570796326795,-1.570796326795));
#8236 = CARTESIAN_POINT('',(-1.570796326795,0.));
#8237 = ( GEOMETRIC_REPRESENTATION_CONTEXT(2) 
PARAMETRIC_REPRESENTATION_CONTEXT() REPRESENTATION_CONTEXT('2D SPACE',''
  ) );
#8238 = ORIENTED_EDGE('',*,*,#6037,.T.);
#8239 = ORIENTED_EDGE('',*,*,#2983,.T.);
#8240 = ORIENTED_EDGE('',*,*,#3343,.F.);
#8241 = ORIENTED_EDGE('',*,*,#7814,.F.);
#8242 = ORIENTED_EDGE('',*,*,#1631,.F.);
#8243 = ORIENTED_EDGE('',*,*,#7919,.T.);
#8244 = ORIENTED_EDGE('',*,*,#8172,.F.);
#8245 = ADVANCED_FACE('',(#8246),#8228,.T.);
#8246 = FACE_BOUND('',#8247,.F.);
#8247 = EDGE_LOOP('',(#8248,#8268,#8269,#8364));
#8248 = ORIENTED_EDGE('',*,*,#8249,.F.);
#8249 = EDGE_CURVE('',#5993,#169,#8250,.T.);
#8250 = SURFACE_CURVE('',#8251,(#8256,#8262),.PCURVE_S1.);
#8251 = CIRCLE('',#8252,1.);
#8252 = AXIS2_PLACEMENT_3D('',#8253,#8254,#8255);
#8253 = CARTESIAN_POINT('',(-79.4,-18.3,-4.5));
#8254 = DIRECTION('',(0.,1.,-0.));
#8255 = DIRECTION('',(-1.,0.,0.));
#8256 = PCURVE('',#8228,#8257);
#8257 = DEFINITIONAL_REPRESENTATION('',(#8258),#8261);
#8258 = B_SPLINE_CURVE_WITH_KNOTS('',1,(#8259,#8260),.UNSPECIFIED.,.F.,
  .F.,(2,2),(4.712388980385,6.28318530718),.PIECEWISE_BEZIER_KNOTS.);
#8259 = CARTESIAN_POINT('',(0.,-1.570796326795));
#8260 = CARTESIAN_POINT('',(0.,0.));
#8261 = ( GEOMETRIC_REPRESENTATION_CONTEXT(2) 
PARAMETRIC_REPRESENTATION_CONTEXT() REPRESENTATION_CONTEXT('2D SPACE',''
  ) );
#8262 = PCURVE('',#184,#8263);
#8263 = DEFINITIONAL_REPRESENTATION('',(#8264),#8267);
#8264 = B_SPLINE_CURVE_WITH_KNOTS('',1,(#8265,#8266),.UNSPECIFIED.,.F.,
  .F.,(2,2),(4.712388980385,6.28318530718),.PIECEWISE_BEZIER_KNOTS.);
#8265 = CARTESIAN_POINT('',(-1.570796326795,5.));
#8266 = CARTESIAN_POINT('',(0.,5.));
#8267 = ( GEOMETRIC_REPRESENTATION_CONTEXT(2) 
PARAMETRIC_REPRESENTATION_CONTEXT() REPRESENTATION_CONTEXT('2D SPACE',''
  ) );
#8268 = ORIENTED_EDGE('',*,*,#8214,.T.);
#8269 = ORIENTED_EDGE('',*,*,#8270,.T.);
#8270 = EDGE_CURVE('',#8148,#8271,#8273,.T.);
#8271 = VERTEX_POINT('',#8272);
#8272 = CARTESIAN_POINT('',(-80.26602540378,-17.8,-4.5));
#8273 = SURFACE_CURVE('',#8274,(#8302,#8333),.PCURVE_S1.);
#8274 = B_SPLINE_CURVE_WITH_KNOTS('',6,(#8275,#8276,#8277,#8278,#8279,
    #8280,#8281,#8282,#8283,#8284,#8285,#8286,#8287,#8288,#8289,#8290,
    #8291,#8292,#8293,#8294,#8295,#8296,#8297,#8298,#8299,#8300,#8301),
  .UNSPECIFIED.,.F.,.F.,(7,5,5,5,5,7),(0.,0.153296368044,0.351334745855,
    0.551762276251,0.82904798998,1.),.UNSPECIFIED.);
#8275 = CARTESIAN_POINT('',(-79.4,-17.43397459621,-5.));
#8276 = CARTESIAN_POINT('',(-79.42803332574,-17.43397459621,-5.));
#8277 = CARTESIAN_POINT('',(-79.4560667137,-17.434519074,-4.99905693197)
  );
#8278 = CARTESIAN_POINT('',(-79.4840630837,-17.43560797268,
    -4.997170918226));
#8279 = CARTESIAN_POINT('',(-79.51198534081,-17.43724303111,
    -4.994343344581));
#8280 = CARTESIAN_POINT('',(-79.53979476187,-17.43942737767,
    -4.990577743048));
#8281 = CARTESIAN_POINT('',(-79.60317544777,-17.44570192552,
    -4.979812691088));
#8282 = CARTESIAN_POINT('',(-79.6386442759,-17.45016242955,
    -4.97218997484));
#8283 = CARTESIAN_POINT('',(-79.67376421101,-17.45555517721,
    -4.963027213312));
#8284 = CARTESIAN_POINT('',(-79.70843730358,-17.46189140591,
    -4.952347899843));
#8285 = CARTESIAN_POINT('',(-79.74255966381,-17.46918233305,
    -4.94018986543));
#8286 = CARTESIAN_POINT('',(-79.80988765766,-17.48579012484,
    -4.912867936744));
#8287 = CARTESIAN_POINT('',(-79.8430791976,-17.49513078096,
    -4.897668861658));
#8288 = CARTESIAN_POINT('',(-79.87548359837,-17.50546741066,
    -4.881072930805));
#8289 = CARTESIAN_POINT('',(-79.90699085604,-17.51680746721,
    -4.863157995471));
#8290 = CARTESIAN_POINT('',(-79.93749835808,-17.5291568623,
    -4.844020570179));
#8291 = CARTESIAN_POINT('',(-80.00761312937,-17.56100745345,
    -4.795768196949));
#8292 = CARTESIAN_POINT('',(-80.04622330936,-17.58143502848,
    -4.765641601686));
#8293 = CARTESIAN_POINT('',(-80.082513781,-17.60381775071,
    -4.733695691137));
#8294 = CARTESIAN_POINT('',(-80.11630015024,-17.62817221498,
    -4.700290791017));
#8295 = CARTESIAN_POINT('',(-80.14746550339,-17.65452208896,
    -4.665834947573));
#8296 = CARTESIAN_POINT('',(-80.1935298788,-17.70043767198,
    -4.60916832892));
#8297 = CARTESIAN_POINT('',(-80.2100822827,-17.71872863461,
    -4.587330487129));
#8298 = CARTESIAN_POINT('',(-80.22560789081,-17.73781305909,
    -4.565372441049));
#8299 = CARTESIAN_POINT('',(-80.2401025289,-17.75770631774,
    -4.543410540718));
#8300 = CARTESIAN_POINT('',(-80.25357033613,-17.77842719001,
    -4.521572809988));
#8301 = CARTESIAN_POINT('',(-80.26602540378,-17.8,-4.5));
#8302 = PCURVE('',#8228,#8303);
#8303 = DEFINITIONAL_REPRESENTATION('',(#8304),#8332);
#8304 = B_SPLINE_CURVE_WITH_KNOTS('',6,(#8305,#8306,#8307,#8308,#8309,
    #8310,#8311,#8312,#8313,#8314,#8315,#8316,#8317,#8318,#8319,#8320,
    #8321,#8322,#8323,#8324,#8325,#8326,#8327,#8328,#8329,#8330,#8331),
  .UNSPECIFIED.,.F.,.F.,(7,5,5,5,5,7),(0.,0.153296368044,0.351334745855,
    0.551762276251,0.82904798998,1.),.UNSPECIFIED.);
#8305 = CARTESIAN_POINT('',(-1.570796326795,-0.523598775598));
#8306 = CARTESIAN_POINT('',(-1.538426230466,-0.523598775598));
#8307 = CARTESIAN_POINT('',(-1.506056038814,-0.522509839377));
#8308 = CARTESIAN_POINT('',(-1.47375920084,-0.520331987941));
#8309 = CARTESIAN_POINT('',(-1.441608902457,-0.51707219384));
#8310 = CARTESIAN_POINT('',(-1.409674902208,-0.512744559173));
#8311 = CARTESIAN_POINT('',(-1.33712694671,-0.500427920563));
#8312 = CARTESIAN_POINT('',(-1.296698412909,-0.491738724102));
#8313 = CARTESIAN_POINT('',(-1.256874043294,-0.481349222659));
#8314 = CARTESIAN_POINT('',(-1.217768780923,-0.469326298132));
#8315 = CARTESIAN_POINT('',(-1.179468551428,-0.455756000347));
#8316 = CARTESIAN_POINT('',(-1.104130893684,-0.42554717434));
#8317 = CARTESIAN_POINT('',(-1.067112294646,-0.408872723782));
#8318 = CARTESIAN_POINT('',(-1.031025288882,-0.39082626127));
#8319 = CARTESIAN_POINT('',(-0.995882613839,-0.371529798348));
#8320 = CARTESIAN_POINT('',(-0.961660559505,-0.351114909482));
#8321 = CARTESIAN_POINT('',(-0.882159233902,-0.300115384015));
#8322 = CARTESIAN_POINT('',(-0.83767281334,-0.268633412391));
#8323 = CARTESIAN_POINT('',(-0.794695938016,-0.235627583197));
#8324 = CARTESIAN_POINT('',(-0.752964019381,-0.201466596307));
#8325 = CARTESIAN_POINT('',(-0.712144462855,-0.166514325403));
#8326 = CARTESIAN_POINT('',(-0.646976004877,-0.109356802659));
#8327 = CARTESIAN_POINT('',(-0.62231568198,-8.74049828858E-02));
#8328 = CARTESIAN_POINT('',(-0.597753449262,-6.539054232278E-02));
#8329 = CARTESIAN_POINT('',(-0.57318760477,-4.341052294551E-02));
#8330 = CARTESIAN_POINT('',(-0.548508910905,-2.157280998761E-02));
#8331 = CARTESIAN_POINT('',(-0.523598775598,0.));
#8332 = ( GEOMETRIC_REPRESENTATION_CONTEXT(2) 
PARAMETRIC_REPRESENTATION_CONTEXT() REPRESENTATION_CONTEXT('2D SPACE',''
  ) );
#8333 = PCURVE('',#240,#8334);
#8334 = DEFINITIONAL_REPRESENTATION('',(#8335),#8363);
#8335 = B_SPLINE_CURVE_WITH_KNOTS('',6,(#8336,#8337,#8338,#8339,#8340,
    #8341,#8342,#8343,#8344,#8345,#8346,#8347,#8348,#8349,#8350,#8351,
    #8352,#8353,#8354,#8355,#8356,#8357,#8358,#8359,#8360,#8361,#8362),
  .UNSPECIFIED.,.F.,.F.,(7,5,5,5,5,7),(0.,0.153296368044,0.351334745855,
    0.551762276251,0.82904798998,1.),.UNSPECIFIED.);
#8336 = CARTESIAN_POINT('',(-1.570796326795,11.566025403785));
#8337 = CARTESIAN_POINT('',(-1.542763001051,11.566025403785));
#8338 = CARTESIAN_POINT('',(-1.514729606113,11.565480925999));
#8339 = CARTESIAN_POINT('',(-1.486693598738,11.564392027317));
#8340 = CARTESIAN_POINT('',(-1.458652366879,11.562756968881));
#8341 = CARTESIAN_POINT('',(-1.430605052757,11.56057262233));
#8342 = CARTESIAN_POINT('',(-1.366316658087,11.554298074476));
#8343 = CARTESIAN_POINT('',(-1.330072150069,11.549837570443));
#8344 = CARTESIAN_POINT('',(-1.293828283991,11.544444822785));
#8345 = CARTESIAN_POINT('',(-1.257599249583,11.53810859409));
#8346 = CARTESIAN_POINT('',(-1.221409465994,11.530817666946));
#8347 = CARTESIAN_POINT('',(-1.14874897781,11.514209875154));
#8348 = CARTESIAN_POINT('',(-1.112278134029,11.504869219036));
#8349 = CARTESIAN_POINT('',(-1.075923618016,11.494532589332));
#8350 = CARTESIAN_POINT('',(-1.039730408839,11.483192532784));
#8351 = CARTESIAN_POINT('',(-1.00374978344,11.470843137692));
#8352 = CARTESIAN_POINT('',(-0.918635902815,11.438992546549));
#8353 = CARTESIAN_POINT('',(-0.86975052704,11.418564971514));
#8354 = CARTESIAN_POINT('',(-0.821527655257,11.396182249288));
#8355 = CARTESIAN_POINT('',(-0.774129054364,11.371827785011));
#8356 = CARTESIAN_POINT('',(-0.727734146823,11.345477911037));
#8357 = CARTESIAN_POINT('',(-0.654706533201,11.299562328011));
#8358 = CARTESIAN_POINT('',(-0.62732027381,11.281271365389));
#8359 = CARTESIAN_POINT('',(-0.600449555645,11.262186940901));
#8360 = CARTESIAN_POINT('',(-0.574154838941,11.242293682257));
#8361 = CARTESIAN_POINT('',(-0.548508910905,11.221572809988));
#8362 = CARTESIAN_POINT('',(-0.523598775598,11.2));
#8363 = ( GEOMETRIC_REPRESENTATION_CONTEXT(2) 
PARAMETRIC_REPRESENTATION_CONTEXT() REPRESENTATION_CONTEXT('2D SPACE',''
  ) );
#8364 = ORIENTED_EDGE('',*,*,#8365,.F.);
#8365 = EDGE_CURVE('',#169,#8271,#8366,.T.);
#8366 = SURFACE_CURVE('',#8367,(#8372,#8379),.PCURVE_S1.);
#8367 = CIRCLE('',#8368,1.);
#8368 = AXIS2_PLACEMENT_3D('',#8369,#8370,#8371);
#8369 = CARTESIAN_POINT('',(-79.4,-18.3,-4.5));
#8370 = DIRECTION('',(-0.,0.,-1.));
#8371 = DIRECTION('',(-1.,0.,0.));
#8372 = PCURVE('',#8228,#8373);
#8373 = DEFINITIONAL_REPRESENTATION('',(#8374),#8378);
#8374 = LINE('',#8375,#8376);
#8375 = CARTESIAN_POINT('',(-0.,0.));
#8376 = VECTOR('',#8377,1.);
#8377 = DIRECTION('',(-1.,0.));
#8378 = ( GEOMETRIC_REPRESENTATION_CONTEXT(2) 
PARAMETRIC_REPRESENTATION_CONTEXT() REPRESENTATION_CONTEXT('2D SPACE',''
  ) );
#8379 = PCURVE('',#212,#8380);
#8380 = DEFINITIONAL_REPRESENTATION('',(#8381),#8385);
#8381 = LINE('',#8382,#8383);
#8382 = CARTESIAN_POINT('',(-0.,1.));
#8383 = VECTOR('',#8384,1.);
#8384 = DIRECTION('',(-1.,0.));
#8385 = ( GEOMETRIC_REPRESENTATION_CONTEXT(2) 
PARAMETRIC_REPRESENTATION_CONTEXT() REPRESENTATION_CONTEXT('2D SPACE',''
  ) );
#8386 = ADVANCED_FACE('',(#8387,#8442),#1194,.F.);
#8387 = FACE_BOUND('',#8388,.F.);
#8388 = EDGE_LOOP('',(#8389,#8390,#8391,#8392,#8393,#8394,#8417,#8439,
    #8440,#8441));
#8389 = ORIENTED_EDGE('',*,*,#1710,.F.);
#8390 = ORIENTED_EDGE('',*,*,#7894,.T.);
#8391 = ORIENTED_EDGE('',*,*,#3506,.T.);
#8392 = ORIENTED_EDGE('',*,*,#3758,.T.);
#8393 = ORIENTED_EDGE('',*,*,#4034,.T.);
#8394 = ORIENTED_EDGE('',*,*,#8395,.F.);
#8395 = EDGE_CURVE('',#8396,#4012,#8398,.T.);
#8396 = VERTEX_POINT('',#8397);
#8397 = CARTESIAN_POINT('',(-20.2,6.,2.5));
#8398 = SURFACE_CURVE('',#8399,(#8403,#8410),.PCURVE_S1.);
#8399 = LINE('',#8400,#8401);
#8400 = CARTESIAN_POINT('',(-20.2,-29.,2.5));
#8401 = VECTOR('',#8402,1.);
#8402 = DIRECTION('',(0.,1.,0.));
#8403 = PCURVE('',#1194,#8404);
#8404 = DEFINITIONAL_REPRESENTATION('',(#8405),#8409);
#8405 = LINE('',#8406,#8407);
#8406 = CARTESIAN_POINT('',(7.5,0.));
#8407 = VECTOR('',#8408,1.);
#8408 = DIRECTION('',(0.,-1.));
#8409 = ( GEOMETRIC_REPRESENTATION_CONTEXT(2) 
PARAMETRIC_REPRESENTATION_CONTEXT() REPRESENTATION_CONTEXT('2D SPACE',''
  ) );
#8410 = PCURVE('',#1139,#8411);
#8411 = DEFINITIONAL_REPRESENTATION('',(#8412),#8416);
#8412 = LINE('',#8413,#8414);
#8413 = CARTESIAN_POINT('',(0.,0.));
#8414 = VECTOR('',#8415,1.);
#8415 = DIRECTION('',(0.,1.));
#8416 = ( GEOMETRIC_REPRESENTATION_CONTEXT(2) 
PARAMETRIC_REPRESENTATION_CONTEXT() REPRESENTATION_CONTEXT('2D SPACE',''
  ) );
#8417 = ORIENTED_EDGE('',*,*,#8418,.T.);
#8418 = EDGE_CURVE('',#8396,#1152,#8419,.T.);
#8419 = SURFACE_CURVE('',#8420,(#8425,#8432),.PCURVE_S1.);
#8420 = CIRCLE('',#8421,6.5);
#8421 = AXIS2_PLACEMENT_3D('',#8422,#8423,#8424);
#8422 = CARTESIAN_POINT('',(-20.2,0.,0.));
#8423 = DIRECTION('',(1.,0.,0.));
#8424 = DIRECTION('',(-0.,0.,1.));
#8425 = PCURVE('',#1194,#8426);
#8426 = DEFINITIONAL_REPRESENTATION('',(#8427),#8431);
#8427 = CIRCLE('',#8428,6.5);
#8428 = AXIS2_PLACEMENT_2D('',#8429,#8430);
#8429 = CARTESIAN_POINT('',(5.,-29.));
#8430 = DIRECTION('',(1.,0.));
#8431 = ( GEOMETRIC_REPRESENTATION_CONTEXT(2) 
PARAMETRIC_REPRESENTATION_CONTEXT() REPRESENTATION_CONTEXT('2D SPACE',''
  ) );
#8432 = PCURVE('',#1167,#8433);
#8433 = DEFINITIONAL_REPRESENTATION('',(#8434),#8438);
#8434 = LINE('',#8435,#8436);
#8435 = CARTESIAN_POINT('',(0.,0.));
#8436 = VECTOR('',#8437,1.);
#8437 = DIRECTION('',(1.,0.));
#8438 = ( GEOMETRIC_REPRESENTATION_CONTEXT(2) 
PARAMETRIC_REPRESENTATION_CONTEXT() REPRESENTATION_CONTEXT('2D SPACE',''
  ) );
#8439 = ORIENTED_EDGE('',*,*,#1178,.F.);
#8440 = ORIENTED_EDGE('',*,*,#1541,.T.);
#8441 = ORIENTED_EDGE('',*,*,#1515,.F.);
#8442 = FACE_BOUND('',#8443,.F.);
#8443 = EDGE_LOOP('',(#8444));
#8444 = ORIENTED_EDGE('',*,*,#8445,.F.);
#8445 = EDGE_CURVE('',#8446,#8446,#8448,.T.);
#8446 = VERTEX_POINT('',#8447);
#8447 = CARTESIAN_POINT('',(-20.2,4.531193156845E-16,1.85));
#8448 = SURFACE_CURVE('',#8449,(#8454,#8461),.PCURVE_S1.);
#8449 = CIRCLE('',#8450,1.85);
#8450 = AXIS2_PLACEMENT_3D('',#8451,#8452,#8453);
#8451 = CARTESIAN_POINT('',(-20.2,0.,0.));
#8452 = DIRECTION('',(1.,0.,0.));
#8453 = DIRECTION('',(-0.,0.,1.));
#8454 = PCURVE('',#1194,#8455);
#8455 = DEFINITIONAL_REPRESENTATION('',(#8456),#8460);
#8456 = CIRCLE('',#8457,1.85);
#8457 = AXIS2_PLACEMENT_2D('',#8458,#8459);
#8458 = CARTESIAN_POINT('',(5.,-29.));
#8459 = DIRECTION('',(1.,0.));
#8460 = ( GEOMETRIC_REPRESENTATION_CONTEXT(2) 
PARAMETRIC_REPRESENTATION_CONTEXT() REPRESENTATION_CONTEXT('2D SPACE',''
  ) );
#8461 = PCURVE('',#8462,#8467);
#8462 = CYLINDRICAL_SURFACE('',#8463,1.85);
#8463 = AXIS2_PLACEMENT_3D('',#8464,#8465,#8466);
#8464 = CARTESIAN_POINT('',(-20.4,0.,0.));
#8465 = DIRECTION('',(1.,0.,0.));
#8466 = DIRECTION('',(-0.,0.,1.));
#8467 = DEFINITIONAL_REPRESENTATION('',(#8468),#8472);
#8468 = LINE('',#8469,#8470);
#8469 = CARTESIAN_POINT('',(0.,0.2));
#8470 = VECTOR('',#8471,1.);
#8471 = DIRECTION('',(1.,0.));
#8472 = ( GEOMETRIC_REPRESENTATION_CONTEXT(2) 
PARAMETRIC_REPRESENTATION_CONTEXT() REPRESENTATION_CONTEXT('2D SPACE',''
  ) );
#8473 = ADVANCED_FACE('',(#8474),#8462,.F.);
#8474 = FACE_BOUND('',#8475,.F.);
#8475 = EDGE_LOOP('',(#8476,#8500,#8521,#8522));
#8476 = ORIENTED_EDGE('',*,*,#8477,.F.);
#8477 = EDGE_CURVE('',#8478,#8478,#8480,.T.);
#8478 = VERTEX_POINT('',#8479);
#8479 = CARTESIAN_POINT('',(-14.6,4.531193156845E-16,1.85));
#8480 = SURFACE_CURVE('',#8481,(#8486,#8493),.PCURVE_S1.);
#8481 = CIRCLE('',#8482,1.85);
#8482 = AXIS2_PLACEMENT_3D('',#8483,#8484,#8485);
#8483 = CARTESIAN_POINT('',(-14.6,0.,0.));
#8484 = DIRECTION('',(1.,0.,0.));
#8485 = DIRECTION('',(-0.,0.,1.));
#8486 = PCURVE('',#8462,#8487);
#8487 = DEFINITIONAL_REPRESENTATION('',(#8488),#8492);
#8488 = LINE('',#8489,#8490);
#8489 = CARTESIAN_POINT('',(0.,5.8));
#8490 = VECTOR('',#8491,1.);
#8491 = DIRECTION('',(1.,0.));
#8492 = ( GEOMETRIC_REPRESENTATION_CONTEXT(2) 
PARAMETRIC_REPRESENTATION_CONTEXT() REPRESENTATION_CONTEXT('2D SPACE',''
  ) );
#8493 = PCURVE('',#653,#8494);
#8494 = DEFINITIONAL_REPRESENTATION('',(#8495),#8499);
#8495 = CIRCLE('',#8496,1.85);
#8496 = AXIS2_PLACEMENT_2D('',#8497,#8498);
#8497 = CARTESIAN_POINT('',(0.,0.));
#8498 = DIRECTION('',(1.,0.));
#8499 = ( GEOMETRIC_REPRESENTATION_CONTEXT(2) 
PARAMETRIC_REPRESENTATION_CONTEXT() REPRESENTATION_CONTEXT('2D SPACE',''
  ) );
#8500 = ORIENTED_EDGE('',*,*,#8501,.F.);
#8501 = EDGE_CURVE('',#8446,#8478,#8502,.T.);
#8502 = SEAM_CURVE('',#8503,(#8507,#8514),.PCURVE_S1.);
#8503 = LINE('',#8504,#8505);
#8504 = CARTESIAN_POINT('',(-20.4,4.531193156845E-16,1.85));
#8505 = VECTOR('',#8506,1.);
#8506 = DIRECTION('',(1.,0.,0.));
#8507 = PCURVE('',#8462,#8508);
#8508 = DEFINITIONAL_REPRESENTATION('',(#8509),#8513);
#8509 = LINE('',#8510,#8511);
#8510 = CARTESIAN_POINT('',(6.28318530718,-0.));
#8511 = VECTOR('',#8512,1.);
#8512 = DIRECTION('',(0.,1.));
#8513 = ( GEOMETRIC_REPRESENTATION_CONTEXT(2) 
PARAMETRIC_REPRESENTATION_CONTEXT() REPRESENTATION_CONTEXT('2D SPACE',''
  ) );
#8514 = PCURVE('',#8462,#8515);
#8515 = DEFINITIONAL_REPRESENTATION('',(#8516),#8520);
#8516 = LINE('',#8517,#8518);
#8517 = CARTESIAN_POINT('',(0.,-0.));
#8518 = VECTOR('',#8519,1.);
#8519 = DIRECTION('',(0.,1.));
#8520 = ( GEOMETRIC_REPRESENTATION_CONTEXT(2) 
PARAMETRIC_REPRESENTATION_CONTEXT() REPRESENTATION_CONTEXT('2D SPACE',''
  ) );
#8521 = ORIENTED_EDGE('',*,*,#8445,.T.);
#8522 = ORIENTED_EDGE('',*,*,#8501,.T.);
#8523 = ADVANCED_FACE('',(#8524),#1305,.T.);
#8524 = FACE_BOUND('',#8525,.F.);
#8525 = EDGE_LOOP('',(#8526,#8527,#8528,#8608));
#8526 = ORIENTED_EDGE('',*,*,#1594,.F.);
#8527 = ORIENTED_EDGE('',*,*,#1289,.T.);
#8528 = ORIENTED_EDGE('',*,*,#8529,.F.);
#8529 = EDGE_CURVE('',#8530,#1290,#8532,.T.);
#8530 = VERTEX_POINT('',#8531);
#8531 = CARTESIAN_POINT('',(-74.8,-6.,2.5));
#8532 = SURFACE_CURVE('',#8533,(#8556,#8582),.PCURVE_S1.);
#8533 = B_SPLINE_CURVE_WITH_KNOTS('',6,(#8534,#8535,#8536,#8537,#8538,
    #8539,#8540,#8541,#8542,#8543,#8544,#8545,#8546,#8547,#8548,#8549,
    #8550,#8551,#8552,#8553,#8554,#8555),.UNSPECIFIED.,.F.,.F.,(7,5,5,5,
    7),(0.,0.22627843966,0.483667536573,0.647250694726,1.),
  .UNSPECIFIED.);
#8534 = CARTESIAN_POINT('',(-74.8,-6.,2.5));
#8535 = CARTESIAN_POINT('',(-74.8,-5.973310170323,2.564055591226));
#8536 = CARTESIAN_POINT('',(-74.80492405302,-5.945832238566,
    2.627691659776));
#8537 = CARTESIAN_POINT('',(-74.81464975284,-5.917786388753,
    2.690388069457));
#8538 = CARTESIAN_POINT('',(-74.82897562243,-5.889434541448,
    2.751654140642));
#8539 = CARTESIAN_POINT('',(-74.84762059819,-5.861068425042,
    2.811036103745));
#8540 = CARTESIAN_POINT('',(-74.89593406843,-5.801067463087,
    2.933062000276));
#8541 = CARTESIAN_POINT('',(-74.92678512461,-5.769494793487,
    2.995081439732));
#8542 = CARTESIAN_POINT('',(-74.96234374311,-5.738626461749,
    3.053792956306));
#8543 = CARTESIAN_POINT('',(-75.00217457919,-5.708815262522,
    3.108872839301));
#8544 = CARTESIAN_POINT('',(-75.04583883622,-5.680404511255,
    3.160052398599));
#8545 = CARTESIAN_POINT('',(-75.12279854347,-5.636748595799,
    3.237012105853));
#8546 = CARTESIAN_POINT('',(-75.15408502579,-5.620472104961,
    3.265263127199));
#8547 = CARTESIAN_POINT('',(-75.1866469689,-5.604962250941,
    3.291806179227));
#8548 = CARTESIAN_POINT('',(-75.22038073942,-5.590294263712,
    3.316594175912));
#8549 = CARTESIAN_POINT('',(-75.25518460705,-5.576538404018,
    3.339585355867));
#8550 = CARTESIAN_POINT('',(-75.36810127879,-5.536201268546,
    3.406364089383));
#8551 = CARTESIAN_POINT('',(-75.44983163695,-5.513156431903,
    3.443500858309));
#8552 = CARTESIAN_POINT('',(-75.53501706354,-5.495337011706,
    3.471657138511));
#8553 = CARTESIAN_POINT('',(-75.62252194126,-5.483268983973,
    3.490542506862));
#8554 = CARTESIAN_POINT('',(-75.7112232374,-5.477225578433,
    3.499999994708));
#8555 = CARTESIAN_POINT('',(-75.79999994039,-5.477225575052,3.5));
#8556 = PCURVE('',#1305,#8557);
#8557 = DEFINITIONAL_REPRESENTATION('',(#8558),#8581);
#8558 = B_SPLINE_CURVE_WITH_KNOTS('',6,(#8559,#8560,#8561,#8562,#8563,
    #8564,#8565,#8566,#8567,#8568,#8569,#8570,#8571,#8572,#8573,#8574,
    #8575,#8576,#8577,#8578,#8579,#8580),.UNSPECIFIED.,.F.,.F.,(7,5,5,5,
    7),(0.,0.22627843966,0.483667536573,0.647250694726,1.),
  .UNSPECIFIED.);
#8559 = CARTESIAN_POINT('',(0.,23.));
#8560 = CARTESIAN_POINT('',(-6.405559122576E-02,23.026689829677));
#8561 = CARTESIAN_POINT('',(-0.127691794233,23.054167761434));
#8562 = CARTESIAN_POINT('',(-0.190860983467,23.082213611247));
#8563 = CARTESIAN_POINT('',(-0.25351538539,23.110565458552));
#8564 = CARTESIAN_POINT('',(-0.315590932681,23.138931574958));
#8565 = CARTESIAN_POINT('',(-0.446833116564,23.198932536913));
#8566 = CARTESIAN_POINT('',(-0.515854525957,23.230505206513));
#8567 = CARTESIAN_POINT('',(-0.584145906114,23.261373538251));
#8568 = CARTESIAN_POINT('',(-0.651788596981,23.291184737478));
#8569 = CARTESIAN_POINT('',(-0.718853217373,23.319595488745));
#8570 = CARTESIAN_POINT('',(-0.827690679127,23.363251404201));
#8571 = CARTESIAN_POINT('',(-0.869790049902,23.379527895039));
#8572 = CARTESIAN_POINT('',(-0.911719761884,23.395037749059));
#8573 = CARTESIAN_POINT('',(-0.953503170273,23.409705736288));
#8574 = CARTESIAN_POINT('',(-0.995163788211,23.423461595982));
#8575 = CARTESIAN_POINT('',(-1.126349054182,23.463798731454));
#8576 = CARTESIAN_POINT('',(-1.215601869318,23.486843568097));
#8577 = CARTESIAN_POINT('',(-1.304553547063,23.504662988294));
#8578 = CARTESIAN_POINT('',(-1.393318384917,23.516731016027));
#8579 = CARTESIAN_POINT('',(-1.482019564197,23.522774421567));
#8580 = CARTESIAN_POINT('',(-1.57079626719,23.522774424948));
#8581 = ( GEOMETRIC_REPRESENTATION_CONTEXT(2) 
PARAMETRIC_REPRESENTATION_CONTEXT() REPRESENTATION_CONTEXT('2D SPACE',''
  ) );
#8582 = PCURVE('',#1333,#8583);
#8583 = DEFINITIONAL_REPRESENTATION('',(#8584),#8607);
#8584 = B_SPLINE_CURVE_WITH_KNOTS('',6,(#8585,#8586,#8587,#8588,#8589,
    #8590,#8591,#8592,#8593,#8594,#8595,#8596,#8597,#8598,#8599,#8600,
    #8601,#8602,#8603,#8604,#8605,#8606),.UNSPECIFIED.,.F.,.F.,(7,5,5,5,
    7),(0.,0.22627843966,0.483667536573,0.647250694726,1.),
  .UNSPECIFIED.);
#8585 = CARTESIAN_POINT('',(1.176005207095,5.6));
#8586 = CARTESIAN_POINT('',(1.165329275224,5.6));
#8587 = CARTESIAN_POINT('',(1.154666292898,5.595075946976));
#8588 = CARTESIAN_POINT('',(1.144100938224,5.58535024716));
#8589 = CARTESIAN_POINT('',(1.133716272462,5.571024377566));
#8590 = CARTESIAN_POINT('',(1.12359242344,5.552379401802));
#8591 = CARTESIAN_POINT('',(1.102672494457,5.504065931567));
#8592 = CARTESIAN_POINT('',(1.091966858499,5.473214875382));
#8593 = CARTESIAN_POINT('',(1.08176319815,5.43765625689));
#8594 = CARTESIAN_POINT('',(1.07212873357,5.397825420803));
#8595 = CARTESIAN_POINT('',(1.06312349596,5.354161163774));
#8596 = CARTESIAN_POINT('',(1.049511253389,5.277201456521));
#8597 = CARTESIAN_POINT('',(1.044495310505,5.245914974209));
#8598 = CARTESIAN_POINT('',(1.039765846898,5.213353031098));
#8599 = CARTESIAN_POINT('',(1.035334748448,5.179619260579));
#8600 = CARTESIAN_POINT('',(1.031212919117,5.144815392946));
#8601 = CARTESIAN_POINT('',(1.019210469911,5.031898721202));
#8602 = CARTESIAN_POINT('',(1.01248697721,4.95016836305));
#8603 = CARTESIAN_POINT('',(1.007360723126,4.864982936452));
#8604 = CARTESIAN_POINT('',(1.003912714707,4.777478058739));
#8605 = CARTESIAN_POINT('',(1.002186027497,4.688776762598));
#8606 = CARTESIAN_POINT('',(1.002186026531,4.600000059605));
#8607 = ( GEOMETRIC_REPRESENTATION_CONTEXT(2) 
PARAMETRIC_REPRESENTATION_CONTEXT() REPRESENTATION_CONTEXT('2D SPACE',''
  ) );
#8608 = ORIENTED_EDGE('',*,*,#8609,.F.);
#8609 = EDGE_CURVE('',#1567,#8530,#8610,.T.);
#8610 = SURFACE_CURVE('',#8611,(#8615,#8622),.PCURVE_S1.);
#8611 = LINE('',#8612,#8613);
#8612 = CARTESIAN_POINT('',(-74.8,-29.,2.5));
#8613 = VECTOR('',#8614,1.);
#8614 = DIRECTION('',(0.,1.,0.));
#8615 = PCURVE('',#1305,#8616);
#8616 = DEFINITIONAL_REPRESENTATION('',(#8617),#8621);
#8617 = LINE('',#8618,#8619);
#8618 = CARTESIAN_POINT('',(-0.,0.));
#8619 = VECTOR('',#8620,1.);
#8620 = DIRECTION('',(-0.,1.));
#8621 = ( GEOMETRIC_REPRESENTATION_CONTEXT(2) 
PARAMETRIC_REPRESENTATION_CONTEXT() REPRESENTATION_CONTEXT('2D SPACE',''
  ) );
#8622 = PCURVE('',#1360,#8623);
#8623 = DEFINITIONAL_REPRESENTATION('',(#8624),#8628);
#8624 = LINE('',#8625,#8626);
#8625 = CARTESIAN_POINT('',(2.5,29.));
#8626 = VECTOR('',#8627,1.);
#8627 = DIRECTION('',(0.,-1.));
#8628 = ( GEOMETRIC_REPRESENTATION_CONTEXT(2) 
PARAMETRIC_REPRESENTATION_CONTEXT() REPRESENTATION_CONTEXT('2D SPACE',''
  ) );
#8629 = ADVANCED_FACE('',(#8630),#1167,.T.);
#8630 = FACE_BOUND('',#8631,.T.);
#8631 = EDGE_LOOP('',(#8632,#8633,#8711));
#8632 = ORIENTED_EDGE('',*,*,#1151,.T.);
#8633 = ORIENTED_EDGE('',*,*,#8634,.F.);
#8634 = EDGE_CURVE('',#8396,#1124,#8635,.T.);
#8635 = SURFACE_CURVE('',#8636,(#8659,#8685),.PCURVE_S1.);
#8636 = B_SPLINE_CURVE_WITH_KNOTS('',6,(#8637,#8638,#8639,#8640,#8641,
    #8642,#8643,#8644,#8645,#8646,#8647,#8648,#8649,#8650,#8651,#8652,
    #8653,#8654,#8655,#8656,#8657,#8658),.UNSPECIFIED.,.F.,.F.,(7,5,5,5,
    7),(0.,0.22627843966,0.483667536573,0.647250694726,1.),
  .UNSPECIFIED.);
#8637 = CARTESIAN_POINT('',(-20.2,6.,2.5));
#8638 = CARTESIAN_POINT('',(-20.2,5.973310170323,2.564055591226));
#8639 = CARTESIAN_POINT('',(-20.19507594697,5.945832238566,
    2.627691659776));
#8640 = CARTESIAN_POINT('',(-20.18535024716,5.917786388753,
    2.690388069457));
#8641 = CARTESIAN_POINT('',(-20.17102437756,5.889434541448,
    2.751654140642));
#8642 = CARTESIAN_POINT('',(-20.1523794018,5.861068425042,2.811036103745
    ));
#8643 = CARTESIAN_POINT('',(-20.10406593156,5.801067463086,
    2.933062000276));
#8644 = CARTESIAN_POINT('',(-20.07321487538,5.769494793487,
    2.995081439732));
#8645 = CARTESIAN_POINT('',(-20.03765625689,5.738626461749,
    3.053792956306));
#8646 = CARTESIAN_POINT('',(-19.9978254208,5.708815262522,3.108872839301
    ));
#8647 = CARTESIAN_POINT('',(-19.95416116377,5.680404511255,
    3.160052398599));
#8648 = CARTESIAN_POINT('',(-19.87720145652,5.636748595799,
    3.237012105853));
#8649 = CARTESIAN_POINT('',(-19.8459149742,5.620472104961,3.265263127199
    ));
#8650 = CARTESIAN_POINT('',(-19.81335303109,5.604962250941,
    3.291806179227));
#8651 = CARTESIAN_POINT('',(-19.77961926057,5.590294263712,
    3.316594175912));
#8652 = CARTESIAN_POINT('',(-19.74481539294,5.576538404018,
    3.339585355867));
#8653 = CARTESIAN_POINT('',(-19.6318987212,5.536201268546,3.406364089382
    ));
#8654 = CARTESIAN_POINT('',(-19.55016836305,5.513156431903,
    3.443500858309));
#8655 = CARTESIAN_POINT('',(-19.46498293645,5.495337011706,
    3.471657138511));
#8656 = CARTESIAN_POINT('',(-19.37747805873,5.483268983973,
    3.490542506862));
#8657 = CARTESIAN_POINT('',(-19.28877676259,5.477225578433,
    3.499999994708));
#8658 = CARTESIAN_POINT('',(-19.2000000596,5.477225575052,3.5));
#8659 = PCURVE('',#1167,#8660);
#8660 = DEFINITIONAL_REPRESENTATION('',(#8661),#8684);
#8661 = B_SPLINE_CURVE_WITH_KNOTS('',6,(#8662,#8663,#8664,#8665,#8666,
    #8667,#8668,#8669,#8670,#8671,#8672,#8673,#8674,#8675,#8676,#8677,
    #8678,#8679,#8680,#8681,#8682,#8683),.UNSPECIFIED.,.F.,.F.,(7,5,5,5,
    7),(0.,0.22627843966,0.483667536573,0.647250694726,1.),
  .UNSPECIFIED.);
#8662 = CARTESIAN_POINT('',(5.107180100084,0.));
#8663 = CARTESIAN_POINT('',(5.117856031955,0.));
#8664 = CARTESIAN_POINT('',(5.128519014282,4.924053024367E-03));
#8665 = CARTESIAN_POINT('',(5.139084368955,1.464975284024E-02));
#8666 = CARTESIAN_POINT('',(5.149469034718,2.897562243432E-02));
#8667 = CARTESIAN_POINT('',(5.15959288374,4.762059819788E-02));
#8668 = CARTESIAN_POINT('',(5.180512812722,9.593406843317E-02));
#8669 = CARTESIAN_POINT('',(5.191218448681,0.126785124618));
#8670 = CARTESIAN_POINT('',(5.201422109029,0.16234374311));
#8671 = CARTESIAN_POINT('',(5.211056573609,0.202174579197));
#8672 = CARTESIAN_POINT('',(5.220061811219,0.245838836226));
#8673 = CARTESIAN_POINT('',(5.23367405379,0.322798543479));
#8674 = CARTESIAN_POINT('',(5.238689996674,0.354085025791));
#8675 = CARTESIAN_POINT('',(5.243419460281,0.386646968902));
#8676 = CARTESIAN_POINT('',(5.247850558732,0.420380739421));
#8677 = CARTESIAN_POINT('',(5.251972388063,0.455184607054));
#8678 = CARTESIAN_POINT('',(5.263974837269,0.568101278798));
#8679 = CARTESIAN_POINT('',(5.27069832997,0.64983163695));
#8680 = CARTESIAN_POINT('',(5.275824584054,0.735017063548));
#8681 = CARTESIAN_POINT('',(5.279272592472,0.822521941261));
#8682 = CARTESIAN_POINT('',(5.280999279683,0.911223237402));
#8683 = CARTESIAN_POINT('',(5.280999280649,0.999999940395));
#8684 = ( GEOMETRIC_REPRESENTATION_CONTEXT(2) 
PARAMETRIC_REPRESENTATION_CONTEXT() REPRESENTATION_CONTEXT('2D SPACE',''
  ) );
#8685 = PCURVE('',#1139,#8686);
#8686 = DEFINITIONAL_REPRESENTATION('',(#8687),#8710);
#8687 = B_SPLINE_CURVE_WITH_KNOTS('',6,(#8688,#8689,#8690,#8691,#8692,
    #8693,#8694,#8695,#8696,#8697,#8698,#8699,#8700,#8701,#8702,#8703,
    #8704,#8705,#8706,#8707,#8708,#8709),.UNSPECIFIED.,.F.,.F.,(7,5,5,5,
    7),(0.,0.22627843966,0.483667536573,0.647250694726,1.),
  .UNSPECIFIED.);
#8688 = CARTESIAN_POINT('',(0.,35.));
#8689 = CARTESIAN_POINT('',(6.405559122575E-02,34.973310170323));
#8690 = CARTESIAN_POINT('',(0.127691794233,34.945832238566));
#8691 = CARTESIAN_POINT('',(0.190860983467,34.917786388753));
#8692 = CARTESIAN_POINT('',(0.25351538539,34.889434541448));
#8693 = CARTESIAN_POINT('',(0.315590932681,34.861068425042));
#8694 = CARTESIAN_POINT('',(0.446833116564,34.801067463087));
#8695 = CARTESIAN_POINT('',(0.515854525957,34.769494793487));
#8696 = CARTESIAN_POINT('',(0.584145906114,34.738626461749));
#8697 = CARTESIAN_POINT('',(0.651788596981,34.708815262522));
#8698 = CARTESIAN_POINT('',(0.718853217373,34.680404511255));
#8699 = CARTESIAN_POINT('',(0.827690679127,34.636748595799));
#8700 = CARTESIAN_POINT('',(0.869790049902,34.620472104961));
#8701 = CARTESIAN_POINT('',(0.911719761884,34.604962250941));
#8702 = CARTESIAN_POINT('',(0.953503170272,34.590294263712));
#8703 = CARTESIAN_POINT('',(0.995163788211,34.576538404018));
#8704 = CARTESIAN_POINT('',(1.126349054182,34.536201268546));
#8705 = CARTESIAN_POINT('',(1.215601869318,34.513156431903));
#8706 = CARTESIAN_POINT('',(1.304553547063,34.495337011706));
#8707 = CARTESIAN_POINT('',(1.393318384917,34.483268983973));
#8708 = CARTESIAN_POINT('',(1.482019564197,34.477225578433));
#8709 = CARTESIAN_POINT('',(1.57079626719,34.477225575052));
#8710 = ( GEOMETRIC_REPRESENTATION_CONTEXT(2) 
PARAMETRIC_REPRESENTATION_CONTEXT() REPRESENTATION_CONTEXT('2D SPACE',''
  ) );
#8711 = ORIENTED_EDGE('',*,*,#8418,.T.);
#8712 = ADVANCED_FACE('',(#8713),#1333,.T.);
#8713 = FACE_BOUND('',#8714,.T.);
#8714 = EDGE_LOOP('',(#8715,#8737,#8738));
#8715 = ORIENTED_EDGE('',*,*,#8716,.F.);
#8716 = EDGE_CURVE('',#1318,#8530,#8717,.T.);
#8717 = SURFACE_CURVE('',#8718,(#8723,#8730),.PCURVE_S1.);
#8718 = CIRCLE('',#8719,6.5);
#8719 = AXIS2_PLACEMENT_3D('',#8720,#8721,#8722);
#8720 = CARTESIAN_POINT('',(-74.8,0.,0.));
#8721 = DIRECTION('',(1.,0.,0.));
#8722 = DIRECTION('',(-0.,0.,1.));
#8723 = PCURVE('',#1333,#8724);
#8724 = DEFINITIONAL_REPRESENTATION('',(#8725),#8729);
#8725 = LINE('',#8726,#8727);
#8726 = CARTESIAN_POINT('',(0.,5.6));
#8727 = VECTOR('',#8728,1.);
#8728 = DIRECTION('',(1.,0.));
#8729 = ( GEOMETRIC_REPRESENTATION_CONTEXT(2) 
PARAMETRIC_REPRESENTATION_CONTEXT() REPRESENTATION_CONTEXT('2D SPACE',''
  ) );
#8730 = PCURVE('',#1360,#8731);
#8731 = DEFINITIONAL_REPRESENTATION('',(#8732),#8736);
#8732 = CIRCLE('',#8733,6.5);
#8733 = AXIS2_PLACEMENT_2D('',#8734,#8735);
#8734 = CARTESIAN_POINT('',(0.,0.));
#8735 = DIRECTION('',(1.,0.));
#8736 = ( GEOMETRIC_REPRESENTATION_CONTEXT(2) 
PARAMETRIC_REPRESENTATION_CONTEXT() REPRESENTATION_CONTEXT('2D SPACE',''
  ) );
#8737 = ORIENTED_EDGE('',*,*,#1317,.F.);
#8738 = ORIENTED_EDGE('',*,*,#8529,.F.);
#8739 = ADVANCED_FACE('',(#8740),#1139,.T.);
#8740 = FACE_BOUND('',#8741,.T.);
#8741 = EDGE_LOOP('',(#8742,#8743,#8744,#8745));
#8742 = ORIENTED_EDGE('',*,*,#8395,.F.);
#8743 = ORIENTED_EDGE('',*,*,#8634,.T.);
#8744 = ORIENTED_EDGE('',*,*,#1123,.T.);
#8745 = ORIENTED_EDGE('',*,*,#8746,.F.);
#8746 = EDGE_CURVE('',#4012,#1096,#8747,.T.);
#8747 = SURFACE_CURVE('',#8748,(#8753,#8765),.PCURVE_S1.);
#8748 = ELLIPSE('',#8749,1.414213562373,1.);
#8749 = AXIS2_PLACEMENT_3D('',#8750,#8751,#8752);
#8750 = CARTESIAN_POINT('',(-19.2,22.2,2.5));
#8751 = DIRECTION('',(-0.707106781187,0.707106781187,0.));
#8752 = DIRECTION('',(0.707106781187,0.707106781187,0.));
#8753 = PCURVE('',#1139,#8754);
#8754 = DEFINITIONAL_REPRESENTATION('',(#8755),#8764);
#8755 = B_SPLINE_CURVE_WITH_KNOTS('',7,(#8756,#8757,#8758,#8759,#8760,
    #8761,#8762,#8763),.UNSPECIFIED.,.F.,.F.,(8,8),(3.14159265359,
    4.712388980385),.PIECEWISE_BEZIER_KNOTS.);
#8756 = CARTESIAN_POINT('',(0.,50.2));
#8757 = CARTESIAN_POINT('',(0.224399475256,50.2));
#8758 = CARTESIAN_POINT('',(0.448798950513,50.258748672622));
#8759 = CARTESIAN_POINT('',(0.673198425769,50.376237495366));
#8760 = CARTESIAN_POINT('',(0.897597901026,50.545253174227));
#8761 = CARTESIAN_POINT('',(1.121997376282,50.751201960677));
#8762 = CARTESIAN_POINT('',(1.346396851538,50.975600524744));
#8763 = CARTESIAN_POINT('',(1.570796326795,51.2));
#8764 = ( GEOMETRIC_REPRESENTATION_CONTEXT(2) 
PARAMETRIC_REPRESENTATION_CONTEXT() REPRESENTATION_CONTEXT('2D SPACE',''
  ) );
#8765 = PCURVE('',#1111,#8766);
#8766 = DEFINITIONAL_REPRESENTATION('',(#8767),#8776);
#8767 = B_SPLINE_CURVE_WITH_KNOTS('',7,(#8768,#8769,#8770,#8771,#8772,
    #8773,#8774,#8775),.UNSPECIFIED.,.F.,.F.,(8,8),(3.14159265359,
    4.712388980385),.PIECEWISE_BEZIER_KNOTS.);
#8768 = CARTESIAN_POINT('',(0.,60.2));
#8769 = CARTESIAN_POINT('',(-0.224399475256,60.2));
#8770 = CARTESIAN_POINT('',(-0.448798950513,60.258748672604));
#8771 = CARTESIAN_POINT('',(-0.673198425769,60.376237495402));
#8772 = CARTESIAN_POINT('',(-0.897597901026,60.545253174205));
#8773 = CARTESIAN_POINT('',(-1.121997376282,60.751201960684));
#8774 = CARTESIAN_POINT('',(-1.346396851538,60.975600524744));
#8775 = CARTESIAN_POINT('',(-1.570796326795,61.2));
#8776 = ( GEOMETRIC_REPRESENTATION_CONTEXT(2) 
PARAMETRIC_REPRESENTATION_CONTEXT() REPRESENTATION_CONTEXT('2D SPACE',''
  ) );
#8777 = ADVANCED_FACE('',(#8778,#8854),#1360,.T.);
#8778 = FACE_BOUND('',#8779,.T.);
#8779 = EDGE_LOOP('',(#8780,#8781,#8803,#8804,#8805,#8828,#8850,#8851,
    #8852,#8853));
#8780 = ORIENTED_EDGE('',*,*,#8122,.T.);
#8781 = ORIENTED_EDGE('',*,*,#8782,.T.);
#8782 = EDGE_CURVE('',#8028,#5745,#8783,.T.);
#8783 = SURFACE_CURVE('',#8784,(#8789,#8796),.PCURVE_S1.);
#8784 = CIRCLE('',#8785,6.5);
#8785 = AXIS2_PLACEMENT_3D('',#8786,#8787,#8788);
#8786 = CARTESIAN_POINT('',(-74.8,0.,0.));
#8787 = DIRECTION('',(1.,0.,0.));
#8788 = DIRECTION('',(-0.,0.,1.));
#8789 = PCURVE('',#1360,#8790);
#8790 = DEFINITIONAL_REPRESENTATION('',(#8791),#8795);
#8791 = CIRCLE('',#8792,6.5);
#8792 = AXIS2_PLACEMENT_2D('',#8793,#8794);
#8793 = CARTESIAN_POINT('',(0.,0.));
#8794 = DIRECTION('',(1.,0.));
#8795 = ( GEOMETRIC_REPRESENTATION_CONTEXT(2) 
PARAMETRIC_REPRESENTATION_CONTEXT() REPRESENTATION_CONTEXT('2D SPACE',''
  ) );
#8796 = PCURVE('',#269,#8797);
#8797 = DEFINITIONAL_REPRESENTATION('',(#8798),#8802);
#8798 = LINE('',#8799,#8800);
#8799 = CARTESIAN_POINT('',(0.,11.));
#8800 = VECTOR('',#8801,1.);
#8801 = DIRECTION('',(1.,0.));
#8802 = ( GEOMETRIC_REPRESENTATION_CONTEXT(2) 
PARAMETRIC_REPRESENTATION_CONTEXT() REPRESENTATION_CONTEXT('2D SPACE',''
  ) );
#8803 = ORIENTED_EDGE('',*,*,#5744,.T.);
#8804 = ORIENTED_EDGE('',*,*,#3938,.T.);
#8805 = ORIENTED_EDGE('',*,*,#8806,.F.);
#8806 = EDGE_CURVE('',#8807,#3939,#8809,.T.);
#8807 = VERTEX_POINT('',#8808);
#8808 = CARTESIAN_POINT('',(-74.8,6.,2.5));
#8809 = SURFACE_CURVE('',#8810,(#8814,#8821),.PCURVE_S1.);
#8810 = LINE('',#8811,#8812);
#8811 = CARTESIAN_POINT('',(-74.8,-29.,2.5));
#8812 = VECTOR('',#8813,1.);
#8813 = DIRECTION('',(0.,1.,0.));
#8814 = PCURVE('',#1360,#8815);
#8815 = DEFINITIONAL_REPRESENTATION('',(#8816),#8820);
#8816 = LINE('',#8817,#8818);
#8817 = CARTESIAN_POINT('',(2.5,29.));
#8818 = VECTOR('',#8819,1.);
#8819 = DIRECTION('',(0.,-1.));
#8820 = ( GEOMETRIC_REPRESENTATION_CONTEXT(2) 
PARAMETRIC_REPRESENTATION_CONTEXT() REPRESENTATION_CONTEXT('2D SPACE',''
  ) );
#8821 = PCURVE('',#1083,#8822);
#8822 = DEFINITIONAL_REPRESENTATION('',(#8823),#8827);
#8823 = LINE('',#8824,#8825);
#8824 = CARTESIAN_POINT('',(-0.,0.));
#8825 = VECTOR('',#8826,1.);
#8826 = DIRECTION('',(-0.,1.));
#8827 = ( GEOMETRIC_REPRESENTATION_CONTEXT(2) 
PARAMETRIC_REPRESENTATION_CONTEXT() REPRESENTATION_CONTEXT('2D SPACE',''
  ) );
#8828 = ORIENTED_EDGE('',*,*,#8829,.T.);
#8829 = EDGE_CURVE('',#8807,#1345,#8830,.T.);
#8830 = SURFACE_CURVE('',#8831,(#8836,#8843),.PCURVE_S1.);
#8831 = CIRCLE('',#8832,6.5);
#8832 = AXIS2_PLACEMENT_3D('',#8833,#8834,#8835);
#8833 = CARTESIAN_POINT('',(-74.8,0.,0.));
#8834 = DIRECTION('',(1.,0.,0.));
#8835 = DIRECTION('',(-0.,0.,1.));
#8836 = PCURVE('',#1360,#8837);
#8837 = DEFINITIONAL_REPRESENTATION('',(#8838),#8842);
#8838 = CIRCLE('',#8839,6.5);
#8839 = AXIS2_PLACEMENT_2D('',#8840,#8841);
#8840 = CARTESIAN_POINT('',(0.,0.));
#8841 = DIRECTION('',(1.,0.));
#8842 = ( GEOMETRIC_REPRESENTATION_CONTEXT(2) 
PARAMETRIC_REPRESENTATION_CONTEXT() REPRESENTATION_CONTEXT('2D SPACE',''
  ) );
#8843 = PCURVE('',#1386,#8844);
#8844 = DEFINITIONAL_REPRESENTATION('',(#8845),#8849);
#8845 = LINE('',#8846,#8847);
#8846 = CARTESIAN_POINT('',(0.,5.6));
#8847 = VECTOR('',#8848,1.);
#8848 = DIRECTION('',(1.,0.));
#8849 = ( GEOMETRIC_REPRESENTATION_CONTEXT(2) 
PARAMETRIC_REPRESENTATION_CONTEXT() REPRESENTATION_CONTEXT('2D SPACE',''
  ) );
#8850 = ORIENTED_EDGE('',*,*,#1344,.F.);
#8851 = ORIENTED_EDGE('',*,*,#8716,.T.);
#8852 = ORIENTED_EDGE('',*,*,#8609,.F.);
#8853 = ORIENTED_EDGE('',*,*,#1690,.F.);
#8854 = FACE_BOUND('',#8855,.T.);
#8855 = EDGE_LOOP('',(#8856));
#8856 = ORIENTED_EDGE('',*,*,#8857,.T.);
#8857 = EDGE_CURVE('',#8858,#8858,#8860,.T.);
#8858 = VERTEX_POINT('',#8859);
#8859 = CARTESIAN_POINT('',(-74.8,4.531193156845E-16,-1.85));
#8860 = SURFACE_CURVE('',#8861,(#8866,#8877),.PCURVE_S1.);
#8861 = CIRCLE('',#8862,1.85);
#8862 = AXIS2_PLACEMENT_3D('',#8863,#8864,#8865);
#8863 = CARTESIAN_POINT('',(-74.8,0.,0.));
#8864 = DIRECTION('',(-1.,0.,0.));
#8865 = DIRECTION('',(0.,0.,-1.));
#8866 = PCURVE('',#1360,#8867);
#8867 = DEFINITIONAL_REPRESENTATION('',(#8868),#8876);
#8868 = ( BOUNDED_CURVE() B_SPLINE_CURVE(2,(#8869,#8870,#8871,#8872,
#8873,#8874,#8875),.UNSPECIFIED.,.T.,.F.) B_SPLINE_CURVE_WITH_KNOTS((1,2
    ,2,2,2,1),(-2.094395102393,0.,2.094395102393,4.188790204786,
6.28318530718,8.377580409573),.UNSPECIFIED.) CURVE() 
GEOMETRIC_REPRESENTATION_ITEM() RATIONAL_B_SPLINE_CURVE((1.,0.5,1.,0.5,
1.,0.5,1.)) REPRESENTATION_ITEM('') );
#8869 = CARTESIAN_POINT('',(-1.85,0.));
#8870 = CARTESIAN_POINT('',(-1.85,3.204293994002));
#8871 = CARTESIAN_POINT('',(0.925,1.602146997001));
#8872 = CARTESIAN_POINT('',(3.7,4.531193156845E-16));
#8873 = CARTESIAN_POINT('',(0.925,-1.602146997001));
#8874 = CARTESIAN_POINT('',(-1.85,-3.204293994002));
#8875 = CARTESIAN_POINT('',(-1.85,0.));
#8876 = ( GEOMETRIC_REPRESENTATION_CONTEXT(2) 
PARAMETRIC_REPRESENTATION_CONTEXT() REPRESENTATION_CONTEXT('2D SPACE',''
  ) );
#8877 = PCURVE('',#8878,#8883);
#8878 = CYLINDRICAL_SURFACE('',#8879,1.85);
#8879 = AXIS2_PLACEMENT_3D('',#8880,#8881,#8882);
#8880 = CARTESIAN_POINT('',(-74.6,0.,0.));
#8881 = DIRECTION('',(-1.,0.,0.));
#8882 = DIRECTION('',(0.,0.,-1.));
#8883 = DEFINITIONAL_REPRESENTATION('',(#8884),#8888);
#8884 = LINE('',#8885,#8886);
#8885 = CARTESIAN_POINT('',(0.,0.2));
#8886 = VECTOR('',#8887,1.);
#8887 = DIRECTION('',(1.,0.));
#8888 = ( GEOMETRIC_REPRESENTATION_CONTEXT(2) 
PARAMETRIC_REPRESENTATION_CONTEXT() REPRESENTATION_CONTEXT('2D SPACE',''
  ) );
#8889 = ADVANCED_FACE('',(#8890),#8878,.F.);
#8890 = FACE_BOUND('',#8891,.F.);
#8891 = EDGE_LOOP('',(#8892,#8920,#8941,#8942));
#8892 = ORIENTED_EDGE('',*,*,#8893,.F.);
#8893 = EDGE_CURVE('',#8894,#8894,#8896,.T.);
#8894 = VERTEX_POINT('',#8895);
#8895 = CARTESIAN_POINT('',(-85.8,4.531193156845E-16,-1.85));
#8896 = SURFACE_CURVE('',#8897,(#8902,#8909),.PCURVE_S1.);
#8897 = CIRCLE('',#8898,1.85);
#8898 = AXIS2_PLACEMENT_3D('',#8899,#8900,#8901);
#8899 = CARTESIAN_POINT('',(-85.8,0.,0.));
#8900 = DIRECTION('',(-1.,0.,0.));
#8901 = DIRECTION('',(0.,0.,-1.));
#8902 = PCURVE('',#8878,#8903);
#8903 = DEFINITIONAL_REPRESENTATION('',(#8904),#8908);
#8904 = LINE('',#8905,#8906);
#8905 = CARTESIAN_POINT('',(0.,11.2));
#8906 = VECTOR('',#8907,1.);
#8907 = DIRECTION('',(1.,0.));
#8908 = ( GEOMETRIC_REPRESENTATION_CONTEXT(2) 
PARAMETRIC_REPRESENTATION_CONTEXT() REPRESENTATION_CONTEXT('2D SPACE',''
  ) );
#8909 = PCURVE('',#815,#8910);
#8910 = DEFINITIONAL_REPRESENTATION('',(#8911),#8919);
#8911 = ( BOUNDED_CURVE() B_SPLINE_CURVE(2,(#8912,#8913,#8914,#8915,
#8916,#8917,#8918),.UNSPECIFIED.,.T.,.F.) B_SPLINE_CURVE_WITH_KNOTS((1,2
    ,2,2,2,1),(-2.094395102393,0.,2.094395102393,4.188790204786,
6.28318530718,8.377580409573),.UNSPECIFIED.) CURVE() 
GEOMETRIC_REPRESENTATION_ITEM() RATIONAL_B_SPLINE_CURVE((1.,0.5,1.,0.5,
1.,0.5,1.)) REPRESENTATION_ITEM('') );
#8912 = CARTESIAN_POINT('',(-1.85,0.));
#8913 = CARTESIAN_POINT('',(-1.85,3.204293994002));
#8914 = CARTESIAN_POINT('',(0.925,1.602146997001));
#8915 = CARTESIAN_POINT('',(3.7,4.531193156845E-16));
#8916 = CARTESIAN_POINT('',(0.925,-1.602146997001));
#8917 = CARTESIAN_POINT('',(-1.85,-3.204293994002));
#8918 = CARTESIAN_POINT('',(-1.85,0.));
#8919 = ( GEOMETRIC_REPRESENTATION_CONTEXT(2) 
PARAMETRIC_REPRESENTATION_CONTEXT() REPRESENTATION_CONTEXT('2D SPACE',''
  ) );
#8920 = ORIENTED_EDGE('',*,*,#8921,.F.);
#8921 = EDGE_CURVE('',#8858,#8894,#8922,.T.);
#8922 = SEAM_CURVE('',#8923,(#8927,#8934),.PCURVE_S1.);
#8923 = LINE('',#8924,#8925);
#8924 = CARTESIAN_POINT('',(-74.6,4.531193156845E-16,-1.85));
#8925 = VECTOR('',#8926,1.);
#8926 = DIRECTION('',(-1.,0.,0.));
#8927 = PCURVE('',#8878,#8928);
#8928 = DEFINITIONAL_REPRESENTATION('',(#8929),#8933);
#8929 = LINE('',#8930,#8931);
#8930 = CARTESIAN_POINT('',(6.28318530718,-0.));
#8931 = VECTOR('',#8932,1.);
#8932 = DIRECTION('',(0.,1.));
#8933 = ( GEOMETRIC_REPRESENTATION_CONTEXT(2) 
PARAMETRIC_REPRESENTATION_CONTEXT() REPRESENTATION_CONTEXT('2D SPACE',''
  ) );
#8934 = PCURVE('',#8878,#8935);
#8935 = DEFINITIONAL_REPRESENTATION('',(#8936),#8940);
#8936 = LINE('',#8937,#8938);
#8937 = CARTESIAN_POINT('',(0.,-0.));
#8938 = VECTOR('',#8939,1.);
#8939 = DIRECTION('',(0.,1.));
#8940 = ( GEOMETRIC_REPRESENTATION_CONTEXT(2) 
PARAMETRIC_REPRESENTATION_CONTEXT() REPRESENTATION_CONTEXT('2D SPACE',''
  ) );
#8941 = ORIENTED_EDGE('',*,*,#8857,.T.);
#8942 = ORIENTED_EDGE('',*,*,#8921,.T.);
#8943 = ADVANCED_FACE('',(#8944),#1111,.T.);
#8944 = FACE_BOUND('',#8945,.F.);
#8945 = EDGE_LOOP('',(#8946,#8978,#8979,#8980,#8981,#8982,#8983,#8984));
#8946 = ORIENTED_EDGE('',*,*,#8947,.F.);
#8947 = EDGE_CURVE('',#1068,#3939,#8948,.T.);
#8948 = SURFACE_CURVE('',#8949,(#8954,#8966),.PCURVE_S1.);
#8949 = ELLIPSE('',#8950,1.414213562373,1.);
#8950 = AXIS2_PLACEMENT_3D('',#8951,#8952,#8953);
#8951 = CARTESIAN_POINT('',(-75.8,22.2,2.5));
#8952 = DIRECTION('',(0.707106781187,0.707106781187,0.));
#8953 = DIRECTION('',(-0.707106781187,0.707106781187,0.));
#8954 = PCURVE('',#1111,#8955);
#8955 = DEFINITIONAL_REPRESENTATION('',(#8956),#8965);
#8956 = B_SPLINE_CURVE_WITH_KNOTS('',7,(#8957,#8958,#8959,#8960,#8961,
    #8962,#8963,#8964),.UNSPECIFIED.,.F.,.F.,(8,8),(1.570796326795,
    3.14159265359),.PIECEWISE_BEZIER_KNOTS.);
#8957 = CARTESIAN_POINT('',(-1.570796326795,4.6));
#8958 = CARTESIAN_POINT('',(-1.346396851538,4.824399475256));
#8959 = CARTESIAN_POINT('',(-1.121997376282,5.04879803932));
#8960 = CARTESIAN_POINT('',(-0.897597901026,5.254746825772));
#8961 = CARTESIAN_POINT('',(-0.673198425769,5.423762504626));
#8962 = CARTESIAN_POINT('',(-0.448798950513,5.54125132739));
#8963 = CARTESIAN_POINT('',(-0.224399475256,5.6));
#8964 = CARTESIAN_POINT('',(0.,5.6));
#8965 = ( GEOMETRIC_REPRESENTATION_CONTEXT(2) 
PARAMETRIC_REPRESENTATION_CONTEXT() REPRESENTATION_CONTEXT('2D SPACE',''
  ) );
#8966 = PCURVE('',#1083,#8967);
#8967 = DEFINITIONAL_REPRESENTATION('',(#8968),#8977);
#8968 = B_SPLINE_CURVE_WITH_KNOTS('',7,(#8969,#8970,#8971,#8972,#8973,
    #8974,#8975,#8976),.UNSPECIFIED.,.F.,.F.,(8,8),(1.570796326795,
    3.14159265359),.PIECEWISE_BEZIER_KNOTS.);
#8969 = CARTESIAN_POINT('',(-1.570796326795,51.2));
#8970 = CARTESIAN_POINT('',(-1.346396851538,50.975600524744));
#8971 = CARTESIAN_POINT('',(-1.121997376282,50.751201960686));
#8972 = CARTESIAN_POINT('',(-0.897597901026,50.545253174205));
#8973 = CARTESIAN_POINT('',(-0.673198425769,50.37623749538));
#8974 = CARTESIAN_POINT('',(-0.448798950513,50.258748672615));
#8975 = CARTESIAN_POINT('',(-0.224399475256,50.2));
#8976 = CARTESIAN_POINT('',(0.,50.2));
#8977 = ( GEOMETRIC_REPRESENTATION_CONTEXT(2) 
PARAMETRIC_REPRESENTATION_CONTEXT() REPRESENTATION_CONTEXT('2D SPACE',''
  ) );
#8978 = ORIENTED_EDGE('',*,*,#1095,.T.);
#8979 = ORIENTED_EDGE('',*,*,#8746,.F.);
#8980 = ORIENTED_EDGE('',*,*,#4011,.F.);
#8981 = ORIENTED_EDGE('',*,*,#4248,.F.);
#8982 = ORIENTED_EDGE('',*,*,#5722,.F.);
#8983 = ORIENTED_EDGE('',*,*,#4187,.F.);
#8984 = ORIENTED_EDGE('',*,*,#3959,.F.);
#8985 = ADVANCED_FACE('',(#8986),#1386,.T.);
#8986 = FACE_BOUND('',#8987,.T.);
#8987 = EDGE_LOOP('',(#8988,#8989,#9067));
#8988 = ORIENTED_EDGE('',*,*,#8829,.F.);
#8989 = ORIENTED_EDGE('',*,*,#8990,.T.);
#8990 = EDGE_CURVE('',#8807,#1066,#8991,.T.);
#8991 = SURFACE_CURVE('',#8992,(#9015,#9041),.PCURVE_S1.);
#8992 = B_SPLINE_CURVE_WITH_KNOTS('',6,(#8993,#8994,#8995,#8996,#8997,
    #8998,#8999,#9000,#9001,#9002,#9003,#9004,#9005,#9006,#9007,#9008,
    #9009,#9010,#9011,#9012,#9013,#9014),.UNSPECIFIED.,.F.,.F.,(7,5,5,5,
    7),(0.,0.226278430923,0.483667517898,0.647250676975,1.),
  .UNSPECIFIED.);
#8993 = CARTESIAN_POINT('',(-74.8,6.,2.5));
#8994 = CARTESIAN_POINT('',(-74.8,5.973310170323,2.564055591226));
#8995 = CARTESIAN_POINT('',(-74.80492405302,5.945832238566,
    2.627691659776));
#8996 = CARTESIAN_POINT('',(-74.81464975284,5.917786388753,
    2.690388069457));
#8997 = CARTESIAN_POINT('',(-74.82897562243,5.889434541448,
    2.751654140642));
#8998 = CARTESIAN_POINT('',(-74.84762059819,5.861068425042,
    2.811036103745));
#8999 = CARTESIAN_POINT('',(-74.89593406843,5.801067463086,
    2.933062000276));
#9000 = CARTESIAN_POINT('',(-74.92678512461,5.769494793487,
    2.995081439732));
#9001 = CARTESIAN_POINT('',(-74.96234374311,5.738626461749,
    3.053792956306));
#9002 = CARTESIAN_POINT('',(-75.00217457919,5.708815262522,
    3.108872839301));
#9003 = CARTESIAN_POINT('',(-75.04583883622,5.680404511255,
    3.160052398599));
#9004 = CARTESIAN_POINT('',(-75.1227985448,5.636748595048,3.237012107176
    ));
#9005 = CARTESIAN_POINT('',(-75.15408502553,5.620472105239,
    3.265263126685));
#9006 = CARTESIAN_POINT('',(-75.18664696744,5.604962251603,
    3.291806178091));
#9007 = CARTESIAN_POINT('',(-75.22038073889,5.590294263788,
    3.316594175819));
#9008 = CARTESIAN_POINT('',(-75.25518460865,5.576538403448,
    3.339585356812));
#9009 = CARTESIAN_POINT('',(-75.36810127879,5.536201268546,
    3.406364089382));
#9010 = CARTESIAN_POINT('',(-75.44983163695,5.513156431903,
    3.443500858309));
#9011 = CARTESIAN_POINT('',(-75.53501706354,5.495337011706,
    3.471657138511));
#9012 = CARTESIAN_POINT('',(-75.62252194126,5.483268983973,
    3.490542506862));
#9013 = CARTESIAN_POINT('',(-75.7112232374,5.477225578433,3.499999994708
    ));
#9014 = CARTESIAN_POINT('',(-75.79999994039,5.477225575052,3.5));
#9015 = PCURVE('',#1386,#9016);
#9016 = DEFINITIONAL_REPRESENTATION('',(#9017),#9040);
#9017 = B_SPLINE_CURVE_WITH_KNOTS('',6,(#9018,#9019,#9020,#9021,#9022,
    #9023,#9024,#9025,#9026,#9027,#9028,#9029,#9030,#9031,#9032,#9033,
    #9034,#9035,#9036,#9037,#9038,#9039),.UNSPECIFIED.,.F.,.F.,(7,5,5,5,
    7),(0.,0.226278430923,0.483667517898,0.647250676975,1.),
  .UNSPECIFIED.);
#9018 = CARTESIAN_POINT('',(5.107180100084,5.6));
#9019 = CARTESIAN_POINT('',(5.117856031955,5.6));
#9020 = CARTESIAN_POINT('',(5.128519014282,5.595075946976));
#9021 = CARTESIAN_POINT('',(5.139084368955,5.58535024716));
#9022 = CARTESIAN_POINT('',(5.149469034718,5.571024377566));
#9023 = CARTESIAN_POINT('',(5.15959288374,5.552379401802));
#9024 = CARTESIAN_POINT('',(5.180512812722,5.504065931567));
#9025 = CARTESIAN_POINT('',(5.191218448681,5.473214875382));
#9026 = CARTESIAN_POINT('',(5.201422109029,5.43765625689));
#9027 = CARTESIAN_POINT('',(5.211056573609,5.397825420803));
#9028 = CARTESIAN_POINT('',(5.220061811219,5.354161163774));
#9029 = CARTESIAN_POINT('',(5.233674054024,5.277201455197));
#9030 = CARTESIAN_POINT('',(5.238689996585,5.245914974463));
#9031 = CARTESIAN_POINT('',(5.243419460079,5.21335303256));
#9032 = CARTESIAN_POINT('',(5.247850558714,5.179619261105));
#9033 = CARTESIAN_POINT('',(5.251972388233,5.144815391348));
#9034 = CARTESIAN_POINT('',(5.263974837269,5.031898721202));
#9035 = CARTESIAN_POINT('',(5.27069832997,4.95016836305));
#9036 = CARTESIAN_POINT('',(5.275824584054,4.864982936452));
#9037 = CARTESIAN_POINT('',(5.279272592472,4.777478058739));
#9038 = CARTESIAN_POINT('',(5.280999279683,4.688776762598));
#9039 = CARTESIAN_POINT('',(5.280999280649,4.600000059605));
#9040 = ( GEOMETRIC_REPRESENTATION_CONTEXT(2) 
PARAMETRIC_REPRESENTATION_CONTEXT() REPRESENTATION_CONTEXT('2D SPACE',''
  ) );
#9041 = PCURVE('',#1083,#9042);
#9042 = DEFINITIONAL_REPRESENTATION('',(#9043),#9066);
#9043 = B_SPLINE_CURVE_WITH_KNOTS('',6,(#9044,#9045,#9046,#9047,#9048,
    #9049,#9050,#9051,#9052,#9053,#9054,#9055,#9056,#9057,#9058,#9059,
    #9060,#9061,#9062,#9063,#9064,#9065),.UNSPECIFIED.,.F.,.F.,(7,5,5,5,
    7),(0.,0.226278430923,0.483667517898,0.647250676975,1.),
  .UNSPECIFIED.);
#9044 = CARTESIAN_POINT('',(0.,35.));
#9045 = CARTESIAN_POINT('',(-6.405559122575E-02,34.973310170323));
#9046 = CARTESIAN_POINT('',(-0.127691794233,34.945832238566));
#9047 = CARTESIAN_POINT('',(-0.190860983467,34.917786388753));
#9048 = CARTESIAN_POINT('',(-0.25351538539,34.889434541448));
#9049 = CARTESIAN_POINT('',(-0.315590932681,34.861068425042));
#9050 = CARTESIAN_POINT('',(-0.446833116564,34.801067463087));
#9051 = CARTESIAN_POINT('',(-0.515854525957,34.769494793487));
#9052 = CARTESIAN_POINT('',(-0.584145906114,34.738626461749));
#9053 = CARTESIAN_POINT('',(-0.651788596981,34.708815262522));
#9054 = CARTESIAN_POINT('',(-0.718853217373,34.680404511255));
#9055 = CARTESIAN_POINT('',(-0.827690680999,34.636748595048));
#9056 = CARTESIAN_POINT('',(-0.869790049384,34.620472105239));
#9057 = CARTESIAN_POINT('',(-0.91171976002,34.604962251603));
#9058 = CARTESIAN_POINT('',(-0.953503169798,34.590294263788));
#9059 = CARTESIAN_POINT('',(-0.995163790068,34.576538403448));
#9060 = CARTESIAN_POINT('',(-1.126349054182,34.536201268546));
#9061 = CARTESIAN_POINT('',(-1.215601869318,34.513156431903));
#9062 = CARTESIAN_POINT('',(-1.304553547063,34.495337011706));
#9063 = CARTESIAN_POINT('',(-1.393318384917,34.483268983973));
#9064 = CARTESIAN_POINT('',(-1.482019564197,34.477225578433));
#9065 = CARTESIAN_POINT('',(-1.57079626719,34.477225575052));
#9066 = ( GEOMETRIC_REPRESENTATION_CONTEXT(2) 
PARAMETRIC_REPRESENTATION_CONTEXT() REPRESENTATION_CONTEXT('2D SPACE',''
  ) );
#9067 = ORIENTED_EDGE('',*,*,#1372,.T.);
#9068 = ADVANCED_FACE('',(#9069),#1083,.T.);
#9069 = FACE_BOUND('',#9070,.F.);
#9070 = EDGE_LOOP('',(#9071,#9072,#9073,#9074));
#9071 = ORIENTED_EDGE('',*,*,#8806,.F.);
#9072 = ORIENTED_EDGE('',*,*,#8990,.T.);
#9073 = ORIENTED_EDGE('',*,*,#1065,.T.);
#9074 = ORIENTED_EDGE('',*,*,#8947,.T.);
#9075 = ADVANCED_FACE('',(#9076),#896,.T.);
#9076 = FACE_BOUND('',#9077,.F.);
#9077 = EDGE_LOOP('',(#9078,#9110,#9111,#9143));
#9078 = ORIENTED_EDGE('',*,*,#9079,.F.);
#9079 = EDGE_CURVE('',#851,#6191,#9080,.T.);
#9080 = SURFACE_CURVE('',#9081,(#9086,#9098),.PCURVE_S1.);
#9081 = ELLIPSE('',#9082,1.414213562373,1.);
#9082 = AXIS2_PLACEMENT_3D('',#9083,#9084,#9085);
#9083 = CARTESIAN_POINT('',(-75.8,-25.4,2.5));
#9084 = DIRECTION('',(-0.707106781187,0.707106781187,0.));
#9085 = DIRECTION('',(0.707106781187,0.707106781187,0.));
#9086 = PCURVE('',#896,#9087);
#9087 = DEFINITIONAL_REPRESENTATION('',(#9088),#9097);
#9088 = B_SPLINE_CURVE_WITH_KNOTS('',7,(#9089,#9090,#9091,#9092,#9093,
    #9094,#9095,#9096),.UNSPECIFIED.,.F.,.F.,(8,8),(4.712388980385,
    6.28318530718),.PIECEWISE_BEZIER_KNOTS.);
#9089 = CARTESIAN_POINT('',(-1.570796326795,3.6));
#9090 = CARTESIAN_POINT('',(-1.346396851538,3.824399475256));
#9091 = CARTESIAN_POINT('',(-1.121997376282,4.048798039318));
#9092 = CARTESIAN_POINT('',(-0.897597901026,4.254746825776));
#9093 = CARTESIAN_POINT('',(-0.673198425769,4.423762504623));
#9094 = CARTESIAN_POINT('',(-0.448798950513,4.541251327391));
#9095 = CARTESIAN_POINT('',(-0.224399475256,4.6));
#9096 = CARTESIAN_POINT('',(-4.440892098501E-16,4.6));
#9097 = ( GEOMETRIC_REPRESENTATION_CONTEXT(2) 
PARAMETRIC_REPRESENTATION_CONTEXT() REPRESENTATION_CONTEXT('2D SPACE',''
  ) );
#9098 = PCURVE('',#868,#9099);
#9099 = DEFINITIONAL_REPRESENTATION('',(#9100),#9109);
#9100 = B_SPLINE_CURVE_WITH_KNOTS('',7,(#9101,#9102,#9103,#9104,#9105,
    #9106,#9107,#9108),.UNSPECIFIED.,.F.,.F.,(8,8),(4.712388980385,
    6.28318530718),.PIECEWISE_BEZIER_KNOTS.);
#9101 = CARTESIAN_POINT('',(1.570796326795,4.6));
#9102 = CARTESIAN_POINT('',(1.346396851538,4.824399475256));
#9103 = CARTESIAN_POINT('',(1.121997376282,5.04879803932));
#9104 = CARTESIAN_POINT('',(0.897597901026,5.254746825772));
#9105 = CARTESIAN_POINT('',(0.673198425769,5.423762504626));
#9106 = CARTESIAN_POINT('',(0.448798950513,5.54125132739));
#9107 = CARTESIAN_POINT('',(0.224399475256,5.6));
#9108 = CARTESIAN_POINT('',(4.440892098501E-16,5.6));
#9109 = ( GEOMETRIC_REPRESENTATION_CONTEXT(2) 
PARAMETRIC_REPRESENTATION_CONTEXT() REPRESENTATION_CONTEXT('2D SPACE',''
  ) );
#9110 = ORIENTED_EDGE('',*,*,#880,.T.);
#9111 = ORIENTED_EDGE('',*,*,#9112,.T.);
#9112 = EDGE_CURVE('',#881,#2296,#9113,.T.);
#9113 = SURFACE_CURVE('',#9114,(#9119,#9131),.PCURVE_S1.);
#9114 = ELLIPSE('',#9115,1.414213562373,1.);
#9115 = AXIS2_PLACEMENT_3D('',#9116,#9117,#9118);
#9116 = CARTESIAN_POINT('',(-75.8,-22.3,2.5));
#9117 = DIRECTION('',(0.707106781187,0.707106781187,0.));
#9118 = DIRECTION('',(-0.707106781187,0.707106781187,0.));
#9119 = PCURVE('',#896,#9120);
#9120 = DEFINITIONAL_REPRESENTATION('',(#9121),#9130);
#9121 = B_SPLINE_CURVE_WITH_KNOTS('',7,(#9122,#9123,#9124,#9125,#9126,
    #9127,#9128,#9129),.UNSPECIFIED.,.F.,.F.,(8,8),(1.570796326795,
    3.14159265359),.PIECEWISE_BEZIER_KNOTS.);
#9122 = CARTESIAN_POINT('',(-1.570796326795,6.7));
#9123 = CARTESIAN_POINT('',(-1.346396851538,6.475600524744));
#9124 = CARTESIAN_POINT('',(-1.121997376282,6.25120196068));
#9125 = CARTESIAN_POINT('',(-0.897597901026,6.045253174228));
#9126 = CARTESIAN_POINT('',(-0.673198425769,5.876237495373));
#9127 = CARTESIAN_POINT('',(-0.448798950513,5.758748672612));
#9128 = CARTESIAN_POINT('',(-0.224399475256,5.7));
#9129 = CARTESIAN_POINT('',(0.,5.7));
#9130 = ( GEOMETRIC_REPRESENTATION_CONTEXT(2) 
PARAMETRIC_REPRESENTATION_CONTEXT() REPRESENTATION_CONTEXT('2D SPACE',''
  ) );
#9131 = PCURVE('',#924,#9132);
#9132 = DEFINITIONAL_REPRESENTATION('',(#9133),#9142);
#9133 = B_SPLINE_CURVE_WITH_KNOTS('',7,(#9134,#9135,#9136,#9137,#9138,
    #9139,#9140,#9141),.UNSPECIFIED.,.F.,.F.,(8,8),(1.570796326795,
    3.14159265359),.PIECEWISE_BEZIER_KNOTS.);
#9134 = CARTESIAN_POINT('',(-1.570796326795,4.6));
#9135 = CARTESIAN_POINT('',(-1.346396851538,4.824399475256));
#9136 = CARTESIAN_POINT('',(-1.121997376282,5.04879803932));
#9137 = CARTESIAN_POINT('',(-0.897597901026,5.254746825772));
#9138 = CARTESIAN_POINT('',(-0.673198425769,5.423762504626));
#9139 = CARTESIAN_POINT('',(-0.448798950513,5.54125132739));
#9140 = CARTESIAN_POINT('',(-0.224399475256,5.6));
#9141 = CARTESIAN_POINT('',(0.,5.6));
#9142 = ( GEOMETRIC_REPRESENTATION_CONTEXT(2) 
PARAMETRIC_REPRESENTATION_CONTEXT() REPRESENTATION_CONTEXT('2D SPACE',''
  ) );
#9143 = ORIENTED_EDGE('',*,*,#7543,.F.);
#9144 = ADVANCED_FACE('',(#9145),#924,.T.);
#9145 = FACE_BOUND('',#9146,.F.);
#9146 = EDGE_LOOP('',(#9147,#9148,#9149,#9181,#9182,#9183,#9184));
#9147 = ORIENTED_EDGE('',*,*,#9112,.F.);
#9148 = ORIENTED_EDGE('',*,*,#908,.T.);
#9149 = ORIENTED_EDGE('',*,*,#9150,.F.);
#9150 = EDGE_CURVE('',#2345,#909,#9151,.T.);
#9151 = SURFACE_CURVE('',#9152,(#9157,#9169),.PCURVE_S1.);
#9152 = ELLIPSE('',#9153,1.414213562373,1.);
#9153 = AXIS2_PLACEMENT_3D('',#9154,#9155,#9156);
#9154 = CARTESIAN_POINT('',(-19.2,-22.3,2.5));
#9155 = DIRECTION('',(-0.707106781187,0.707106781187,0.));
#9156 = DIRECTION('',(0.707106781187,0.707106781187,0.));
#9157 = PCURVE('',#924,#9158);
#9158 = DEFINITIONAL_REPRESENTATION('',(#9159),#9168);
#9159 = B_SPLINE_CURVE_WITH_KNOTS('',7,(#9160,#9161,#9162,#9163,#9164,
    #9165,#9166,#9167),.UNSPECIFIED.,.F.,.F.,(8,8),(3.14159265359,
    4.712388980385),.PIECEWISE_BEZIER_KNOTS.);
#9160 = CARTESIAN_POINT('',(0.,60.2));
#9161 = CARTESIAN_POINT('',(-0.224399475256,60.2));
#9162 = CARTESIAN_POINT('',(-0.448798950513,60.258748672604));
#9163 = CARTESIAN_POINT('',(-0.673198425769,60.376237495402));
#9164 = CARTESIAN_POINT('',(-0.897597901026,60.545253174205));
#9165 = CARTESIAN_POINT('',(-1.121997376282,60.751201960684));
#9166 = CARTESIAN_POINT('',(-1.346396851538,60.975600524744));
#9167 = CARTESIAN_POINT('',(-1.570796326795,61.2));
#9168 = ( GEOMETRIC_REPRESENTATION_CONTEXT(2) 
PARAMETRIC_REPRESENTATION_CONTEXT() REPRESENTATION_CONTEXT('2D SPACE',''
  ) );
#9169 = PCURVE('',#952,#9170);
#9170 = DEFINITIONAL_REPRESENTATION('',(#9171),#9180);
#9171 = B_SPLINE_CURVE_WITH_KNOTS('',7,(#9172,#9173,#9174,#9175,#9176,
    #9177,#9178,#9179),.UNSPECIFIED.,.F.,.F.,(8,8),(3.14159265359,
    4.712388980385),.PIECEWISE_BEZIER_KNOTS.);
#9172 = CARTESIAN_POINT('',(0.,5.7));
#9173 = CARTESIAN_POINT('',(0.224399475256,5.7));
#9174 = CARTESIAN_POINT('',(0.448798950513,5.75874867261));
#9175 = CARTESIAN_POINT('',(0.673198425769,5.876237495376));
#9176 = CARTESIAN_POINT('',(0.897597901026,6.045253174227));
#9177 = CARTESIAN_POINT('',(1.121997376282,6.251201960681));
#9178 = CARTESIAN_POINT('',(1.346396851538,6.475600524744));
#9179 = CARTESIAN_POINT('',(1.570796326795,6.7));
#9180 = ( GEOMETRIC_REPRESENTATION_CONTEXT(2) 
PARAMETRIC_REPRESENTATION_CONTEXT() REPRESENTATION_CONTEXT('2D SPACE',''
  ) );
#9181 = ORIENTED_EDGE('',*,*,#2344,.F.);
#9182 = ORIENTED_EDGE('',*,*,#1872,.T.);
#9183 = ORIENTED_EDGE('',*,*,#2068,.F.);
#9184 = ORIENTED_EDGE('',*,*,#2322,.F.);
#9185 = ADVANCED_FACE('',(#9186),#952,.T.);
#9186 = FACE_BOUND('',#9187,.T.);
#9187 = EDGE_LOOP('',(#9188,#9220,#9221,#9222));
#9188 = ORIENTED_EDGE('',*,*,#9189,.T.);
#9189 = EDGE_CURVE('',#6259,#937,#9190,.T.);
#9190 = SURFACE_CURVE('',#9191,(#9196,#9208),.PCURVE_S1.);
#9191 = ELLIPSE('',#9192,1.414213562373,1.);
#9192 = AXIS2_PLACEMENT_3D('',#9193,#9194,#9195);
#9193 = CARTESIAN_POINT('',(-19.2,-25.4,2.5));
#9194 = DIRECTION('',(0.707106781187,0.707106781187,0.));
#9195 = DIRECTION('',(-0.707106781187,0.707106781187,0.));
#9196 = PCURVE('',#952,#9197);
#9197 = DEFINITIONAL_REPRESENTATION('',(#9198),#9207);
#9198 = B_SPLINE_CURVE_WITH_KNOTS('',7,(#9199,#9200,#9201,#9202,#9203,
    #9204,#9205,#9206),.UNSPECIFIED.,.F.,.F.,(8,8),(0.,1.570796326795),
  .PIECEWISE_BEZIER_KNOTS.);
#9199 = CARTESIAN_POINT('',(0.,4.6));
#9200 = CARTESIAN_POINT('',(0.224399475256,4.6));
#9201 = CARTESIAN_POINT('',(0.448798950513,4.54125132739));
#9202 = CARTESIAN_POINT('',(0.67319842577,4.423762504624));
#9203 = CARTESIAN_POINT('',(0.897597901026,4.254746825776));
#9204 = CARTESIAN_POINT('',(1.121997376282,4.048798039319));
#9205 = CARTESIAN_POINT('',(1.346396851538,3.824399475256));
#9206 = CARTESIAN_POINT('',(1.570796326795,3.6));
#9207 = ( GEOMETRIC_REPRESENTATION_CONTEXT(2) 
PARAMETRIC_REPRESENTATION_CONTEXT() REPRESENTATION_CONTEXT('2D SPACE',''
  ) );
#9208 = PCURVE('',#980,#9209);
#9209 = DEFINITIONAL_REPRESENTATION('',(#9210),#9219);
#9210 = B_SPLINE_CURVE_WITH_KNOTS('',7,(#9211,#9212,#9213,#9214,#9215,
    #9216,#9217,#9218),.UNSPECIFIED.,.F.,.F.,(8,8),(0.,1.570796326795),
  .PIECEWISE_BEZIER_KNOTS.);
#9211 = CARTESIAN_POINT('',(0.,60.2));
#9212 = CARTESIAN_POINT('',(0.224399475256,60.2));
#9213 = CARTESIAN_POINT('',(0.448798950513,60.258748672604));
#9214 = CARTESIAN_POINT('',(0.67319842577,60.376237495402));
#9215 = CARTESIAN_POINT('',(0.897597901026,60.545253174205));
#9216 = CARTESIAN_POINT('',(1.121997376282,60.751201960684));
#9217 = CARTESIAN_POINT('',(1.346396851538,60.975600524744));
#9218 = CARTESIAN_POINT('',(1.570796326795,61.2));
#9219 = ( GEOMETRIC_REPRESENTATION_CONTEXT(2) 
PARAMETRIC_REPRESENTATION_CONTEXT() REPRESENTATION_CONTEXT('2D SPACE',''
  ) );
#9220 = ORIENTED_EDGE('',*,*,#936,.T.);
#9221 = ORIENTED_EDGE('',*,*,#9150,.F.);
#9222 = ORIENTED_EDGE('',*,*,#7497,.F.);
#9223 = ADVANCED_FACE('',(#9224),#980,.T.);
#9224 = FACE_BOUND('',#9225,.T.);
#9225 = EDGE_LOOP('',(#9226,#9227,#9320,#9321));
#9226 = ORIENTED_EDGE('',*,*,#6258,.F.);
#9227 = ORIENTED_EDGE('',*,*,#9228,.T.);
#9228 = EDGE_CURVE('',#6235,#965,#9229,.T.);
#9229 = SURFACE_CURVE('',#9230,(#9258,#9289),.PCURVE_S1.);
#9230 = B_SPLINE_CURVE_WITH_KNOTS('',6,(#9231,#9232,#9233,#9234,#9235,
    #9236,#9237,#9238,#9239,#9240,#9241,#9242,#9243,#9244,#9245,#9246,
    #9247,#9248,#9249,#9250,#9251,#9252,#9253,#9254,#9255,#9256,#9257),
  .UNSPECIFIED.,.F.,.F.,(7,5,5,5,5,7),(0.,0.140338642611,0.406839181964,
    0.667280507419,0.767615115352,1.),.UNSPECIFIED.);
#9231 = CARTESIAN_POINT('',(-43.98914540318,-24.4,2.5));
#9232 = CARTESIAN_POINT('',(-44.01683012283,-24.4,2.538878810097));
#9233 = CARTESIAN_POINT('',(-44.04502070712,-24.40181385377,
    2.577374423752));
#9234 = CARTESIAN_POINT('',(-44.07365068137,-24.40537459388,
    2.61539556632));
#9235 = CARTESIAN_POINT('',(-44.10264751392,-24.41061246324,
    2.652857752879));
#9236 = CARTESIAN_POINT('',(-44.13193261611,-24.41745491509,
    2.689683288222));
#9237 = CARTESIAN_POINT('',(-44.21741989904,-24.44172431571,
    2.794388653854));
#9238 = CARTESIAN_POINT('',(-44.27412888169,-24.46312959311,
    2.860394004544));
#9239 = CARTESIAN_POINT('',(-44.33114728598,-24.48956838882,
    2.923556184894));
#9240 = CARTESIAN_POINT('',(-44.38805531667,-24.5206570486,
    2.983679595626));
#9241 = CARTESIAN_POINT('',(-44.44438334863,-24.55608948878,
    3.040595118552));
#9242 = CARTESIAN_POINT('',(-44.55352344402,-24.63426036718,
    3.146430029806));
#9243 = CARTESIAN_POINT('',(-44.60640003777,-24.67682452407,
    3.195516236246));
#9244 = CARTESIAN_POINT('',(-44.65779207861,-24.72316588168,
    3.24129975943));
#9245 = CARTESIAN_POINT('',(-44.70714691367,-24.77320767732,
    3.283619203741));
#9246 = CARTESIAN_POINT('',(-44.7537283972,-24.82690694178,
    3.322215802359));
#9247 = CARTESIAN_POINT('',(-44.813071141,-24.90629159426,3.370009250477
    ));
#9248 = CARTESIAN_POINT('',(-44.82902259821,-24.92890868738,
    3.382695573623));
#9249 = CARTESIAN_POINT('',(-44.8443609237,-24.95205602361,
    3.394750816269));
#9250 = CARTESIAN_POINT('',(-44.85902242844,-24.97572414634,
    3.406148190033));
#9251 = CARTESIAN_POINT('',(-44.87294064228,-24.99990349973,
    3.416859790183));
#9252 = CARTESIAN_POINT('',(-44.91640034687,-25.08174790372,
    3.450010186718));
#9253 = CARTESIAN_POINT('',(-44.94261686145,-25.14201848943,
    3.469497552161));
#9254 = CARTESIAN_POINT('',(-44.96335284146,-25.20465743448,
    3.484569408394));
#9255 = CARTESIAN_POINT('',(-44.97761510648,-25.26896209319,
    3.494817925061));
#9256 = CARTESIAN_POINT('',(-44.98482604975,-25.3342854404,3.5));
#9257 = CARTESIAN_POINT('',(-44.98482604975,-25.4,3.5));
#9258 = PCURVE('',#980,#9259);
#9259 = DEFINITIONAL_REPRESENTATION('',(#9260),#9288);
#9260 = B_SPLINE_CURVE_WITH_KNOTS('',6,(#9261,#9262,#9263,#9264,#9265,
    #9266,#9267,#9268,#9269,#9270,#9271,#9272,#9273,#9274,#9275,#9276,
    #9277,#9278,#9279,#9280,#9281,#9282,#9283,#9284,#9285,#9286,#9287),
  .UNSPECIFIED.,.F.,.F.,(7,5,5,5,5,7),(0.,0.140338642611,0.406839181964,
    0.667280507419,0.767615115352,1.),.UNSPECIFIED.);
#9261 = CARTESIAN_POINT('',(0.,36.410854596818));
#9262 = CARTESIAN_POINT('',(3.887881009655E-02,36.383169877169));
#9263 = CARTESIAN_POINT('',(7.737454301281E-02,36.354979292874));
#9264 = CARTESIAN_POINT('',(0.115501324833,36.326349318621));
#9265 = CARTESIAN_POINT('',(0.153270364496,36.297352486077));
#9266 = CARTESIAN_POINT('',(0.190689953796,36.268067383888));
#9267 = CARTESIAN_POINT('',(0.298171195875,36.18258010096));
#9268 = CARTESIAN_POINT('',(0.36730553834,36.125871118302));
#9269 = CARTESIAN_POINT('',(0.435433476813,36.068852714011));
#9270 = CARTESIAN_POINT('',(0.502796661516,36.011944683325));
#9271 = CARTESIAN_POINT('',(0.569629044346,35.955616651365));
#9272 = CARTESIAN_POINT('',(0.701203033678,35.846476555976));
#9273 = CARTESIAN_POINT('',(0.765975153882,35.793599962222));
#9274 = CARTESIAN_POINT('',(0.830829221006,35.742207921385));
#9275 = CARTESIAN_POINT('',(0.896067432774,35.692853086324));
#9276 = CARTESIAN_POINT('',(0.961980047343,35.646271602791));
#9277 = CARTESIAN_POINT('',(1.054641456422,35.586928858998));
#9278 = CARTESIAN_POINT('',(1.080561430809,35.570977401785));
#9279 = CARTESIAN_POINT('',(1.1066408081,35.555639076296));
#9280 = CARTESIAN_POINT('',(1.132890409882,35.540977571556));
#9281 = CARTESIAN_POINT('',(1.159322588433,35.527059357719));
#9282 = CARTESIAN_POINT('',(1.247625789142,35.483599653127));
#9283 = CARTESIAN_POINT('',(1.310803675332,35.457383138546));
#9284 = CARTESIAN_POINT('',(1.374942266466,35.436647158532));
#9285 = CARTESIAN_POINT('',(1.439758594401,35.42238489352));
#9286 = CARTESIAN_POINT('',(1.505081767204,35.415173950247));
#9287 = CARTESIAN_POINT('',(1.570796326795,35.415173950247));
#9288 = ( GEOMETRIC_REPRESENTATION_CONTEXT(2) 
PARAMETRIC_REPRESENTATION_CONTEXT() REPRESENTATION_CONTEXT('2D SPACE',''
  ) );
#9289 = PCURVE('',#1007,#9290);
#9290 = DEFINITIONAL_REPRESENTATION('',(#9291),#9319);
#9291 = B_SPLINE_CURVE_WITH_KNOTS('',6,(#9292,#9293,#9294,#9295,#9296,
    #9297,#9298,#9299,#9300,#9301,#9302,#9303,#9304,#9305,#9306,#9307,
    #9308,#9309,#9310,#9311,#9312,#9313,#9314,#9315,#9316,#9317,#9318),
  .UNSPECIFIED.,.F.,.F.,(7,5,5,5,5,7),(0.,0.140338642611,0.406839181964,
    0.667280507419,0.767615115352,1.),.UNSPECIFIED.);
#9292 = CARTESIAN_POINT('',(0.952010671091,1.9));
#9293 = CARTESIAN_POINT('',(0.940936783231,1.9));
#9294 = CARTESIAN_POINT('',(0.929867271872,1.898186146225));
#9295 = CARTESIAN_POINT('',(0.918825789711,1.894625406113));
#9296 = CARTESIAN_POINT('',(0.907835700302,1.889387536757));
#9297 = CARTESIAN_POINT('',(0.896920078049,1.882545084908));
#9298 = CARTESIAN_POINT('',(0.865557819924,1.858275684282));
#9299 = CARTESIAN_POINT('',(0.845373752251,1.83687040689));
#9300 = CARTESIAN_POINT('',(0.825639613431,1.810431611176));
#9301 = CARTESIAN_POINT('',(0.806439421397,1.779342951393));
#9302 = CARTESIAN_POINT('',(0.787864127113,1.743910511211));
#9303 = CARTESIAN_POINT('',(0.752590751194,1.665739632819));
#9304 = CARTESIAN_POINT('',(0.735854958246,1.623175475922));
#9305 = CARTESIAN_POINT('',(0.719890360224,1.576834118317));
#9306 = CARTESIAN_POINT('',(0.704809295667,1.526792322676));
#9307 = CARTESIAN_POINT('',(0.69077490923,1.473093058213));
#9308 = CARTESIAN_POINT('',(0.673096107407,1.393708405732));
#9309 = CARTESIAN_POINT('',(0.668367387386,1.37109131262));
#9310 = CARTESIAN_POINT('',(0.663841091612,1.347943976384));
#9311 = CARTESIAN_POINT('',(0.65953249485,1.324275853657));
#9312 = CARTESIAN_POINT('',(0.655457615382,1.300096500264));
#9313 = CARTESIAN_POINT('',(0.64277552514,1.218252096271));
#9314 = CARTESIAN_POINT('',(0.635197023514,1.157981510564));
#9315 = CARTESIAN_POINT('',(0.629249537755,1.095342565517));
#9316 = CARTESIAN_POINT('',(0.625174625096,1.031037906808));
#9317 = CARTESIAN_POINT('',(0.62311435097,0.965714559591));
#9318 = CARTESIAN_POINT('',(0.62311435097,0.9));
#9319 = ( GEOMETRIC_REPRESENTATION_CONTEXT(2) 
PARAMETRIC_REPRESENTATION_CONTEXT() REPRESENTATION_CONTEXT('2D SPACE',''
  ) );
#9320 = ORIENTED_EDGE('',*,*,#964,.T.);
#9321 = ORIENTED_EDGE('',*,*,#9189,.F.);
#9322 = ADVANCED_FACE('',(#9323),#1033,.T.);
#9323 = FACE_BOUND('',#9324,.T.);
#9324 = EDGE_LOOP('',(#9325,#9326));
#9325 = ORIENTED_EDGE('',*,*,#1018,.F.);
#9326 = ORIENTED_EDGE('',*,*,#9327,.T.);
#9327 = EDGE_CURVE('',#993,#1019,#9328,.T.);
#9328 = SURFACE_CURVE('',#9329,(#9334,#9341),.PCURVE_S1.);
#9329 = CIRCLE('',#9330,4.31);
#9330 = AXIS2_PLACEMENT_3D('',#9331,#9332,#9333);
#9331 = CARTESIAN_POINT('',(-47.5,-26.3,0.));
#9332 = DIRECTION('',(0.,1.,0.));
#9333 = DIRECTION('',(0.,-0.,1.));
#9334 = PCURVE('',#1033,#9335);
#9335 = DEFINITIONAL_REPRESENTATION('',(#9336),#9340);
#9336 = CIRCLE('',#9337,4.31);
#9337 = AXIS2_PLACEMENT_2D('',#9338,#9339);
#9338 = CARTESIAN_POINT('',(0.,0.));
#9339 = DIRECTION('',(1.,0.));
#9340 = ( GEOMETRIC_REPRESENTATION_CONTEXT(2) 
PARAMETRIC_REPRESENTATION_CONTEXT() REPRESENTATION_CONTEXT('2D SPACE',''
  ) );
#9341 = PCURVE('',#1007,#9342);
#9342 = DEFINITIONAL_REPRESENTATION('',(#9343),#9347);
#9343 = LINE('',#9344,#9345);
#9344 = CARTESIAN_POINT('',(0.,0.));
#9345 = VECTOR('',#9346,1.);
#9346 = DIRECTION('',(1.,0.));
#9347 = ( GEOMETRIC_REPRESENTATION_CONTEXT(2) 
PARAMETRIC_REPRESENTATION_CONTEXT() REPRESENTATION_CONTEXT('2D SPACE',''
  ) );
#9348 = ADVANCED_FACE('',(#9349),#1007,.F.);
#9349 = FACE_BOUND('',#9350,.F.);
#9350 = EDGE_LOOP('',(#9351,#9352,#9353,#9354,#9447,#9448));
#9351 = ORIENTED_EDGE('',*,*,#992,.F.);
#9352 = ORIENTED_EDGE('',*,*,#9327,.T.);
#9353 = ORIENTED_EDGE('',*,*,#1044,.T.);
#9354 = ORIENTED_EDGE('',*,*,#9355,.F.);
#9355 = EDGE_CURVE('',#6212,#853,#9356,.T.);
#9356 = SURFACE_CURVE('',#9357,(#9385,#9416),.PCURVE_S1.);
#9357 = B_SPLINE_CURVE_WITH_KNOTS('',6,(#9358,#9359,#9360,#9361,#9362,
    #9363,#9364,#9365,#9366,#9367,#9368,#9369,#9370,#9371,#9372,#9373,
    #9374,#9375,#9376,#9377,#9378,#9379,#9380,#9381,#9382,#9383,#9384),
  .UNSPECIFIED.,.F.,.F.,(7,5,5,5,5,7),(0.,0.14033860964,0.406839159326,
    0.667280494879,0.767615106656,1.),.UNSPECIFIED.);
#9358 = CARTESIAN_POINT('',(-51.01085459681,-24.4,2.5));
#9359 = CARTESIAN_POINT('',(-50.98316986954,-24.4,2.538878820811));
#9360 = CARTESIAN_POINT('',(-50.95497929516,-24.40181385255,
    2.577374421312));
#9361 = CARTESIAN_POINT('',(-50.92634932649,-24.40537459273,
    2.615395555983));
#9362 = CARTESIAN_POINT('',(-50.89735248801,-24.41061246385,
    2.652857749776));
#9363 = CARTESIAN_POINT('',(-50.86806737581,-24.41745491738,
    2.689683298108));
#9364 = CARTESIAN_POINT('',(-50.78258010096,-24.44172431571,
    2.794388653854));
#9365 = CARTESIAN_POINT('',(-50.7258711183,-24.46312959311,
    2.860394004544));
#9366 = CARTESIAN_POINT('',(-50.66885271401,-24.48956838882,
    2.923556184894));
#9367 = CARTESIAN_POINT('',(-50.61194468332,-24.5206570486,
    2.983679595626));
#9368 = CARTESIAN_POINT('',(-50.55561665136,-24.55608948878,
    3.040595118552));
#9369 = CARTESIAN_POINT('',(-50.44647655597,-24.63426036718,
    3.146430029806));
#9370 = CARTESIAN_POINT('',(-50.39359996222,-24.67682452407,
    3.195516236246));
#9371 = CARTESIAN_POINT('',(-50.34220792138,-24.72316588168,
    3.241299759429));
#9372 = CARTESIAN_POINT('',(-50.29285308632,-24.77320767732,
    3.283619203741));
#9373 = CARTESIAN_POINT('',(-50.24627160279,-24.82690694178,
    3.322215802359));
#9374 = CARTESIAN_POINT('',(-50.186928859,-24.90629159425,3.370009250471
    ));
#9375 = CARTESIAN_POINT('',(-50.17097740178,-24.92890868738,
    3.382695573624));
#9376 = CARTESIAN_POINT('',(-50.15563907629,-24.95205602362,
    3.394750816275));
#9377 = CARTESIAN_POINT('',(-50.14097757155,-24.97572414634,
    3.406148190035));
#9378 = CARTESIAN_POINT('',(-50.12705935772,-24.99990349972,
    3.416859790178));
#9379 = CARTESIAN_POINT('',(-50.08359965314,-25.0817479037,
    3.450010186708));
#9380 = CARTESIAN_POINT('',(-50.05738313853,-25.14201848944,
    3.469497552168));
#9381 = CARTESIAN_POINT('',(-50.03664715852,-25.2046574345,
    3.484569408398));
#9382 = CARTESIAN_POINT('',(-50.02238489352,-25.26896209319,
    3.494817925057));
#9383 = CARTESIAN_POINT('',(-50.01517395024,-25.33428544038,3.5));
#9384 = CARTESIAN_POINT('',(-50.01517395024,-25.4,3.5));
#9385 = PCURVE('',#1007,#9386);
#9386 = DEFINITIONAL_REPRESENTATION('',(#9387),#9415);
#9387 = B_SPLINE_CURVE_WITH_KNOTS('',6,(#9388,#9389,#9390,#9391,#9392,
    #9393,#9394,#9395,#9396,#9397,#9398,#9399,#9400,#9401,#9402,#9403,
    #9404,#9405,#9406,#9407,#9408,#9409,#9410,#9411,#9412,#9413,#9414),
  .UNSPECIFIED.,.F.,.F.,(7,5,5,5,5,7),(0.,0.14033860964,0.406839159326,
    0.667280494879,0.767615106656,1.),.UNSPECIFIED.);
#9388 = CARTESIAN_POINT('',(5.331174636089,1.9));
#9389 = CARTESIAN_POINT('',(5.342248527,1.9));
#9390 = CARTESIAN_POINT('',(5.353318034535,1.89818614745));
#9391 = CARTESIAN_POINT('',(5.364359514452,1.894625407263));
#9392 = CARTESIAN_POINT('',(5.375349606033,1.88938753615));
#9393 = CARTESIAN_POINT('',(5.386265232092,1.882545082617));
#9394 = CARTESIAN_POINT('',(5.417627487255,1.858275684282));
#9395 = CARTESIAN_POINT('',(5.437811554929,1.83687040689));
#9396 = CARTESIAN_POINT('',(5.457545693749,1.810431611176));
#9397 = CARTESIAN_POINT('',(5.476745885783,1.779342951393));
#9398 = CARTESIAN_POINT('',(5.495321180067,1.743910511211));
#9399 = CARTESIAN_POINT('',(5.530594555985,1.665739632819));
#9400 = CARTESIAN_POINT('',(5.547330348934,1.623175475922));
#9401 = CARTESIAN_POINT('',(5.563294946956,1.576834118317));
#9402 = CARTESIAN_POINT('',(5.578376011513,1.526792322676));
#9403 = CARTESIAN_POINT('',(5.59241039795,1.473093058213));
#9404 = CARTESIAN_POINT('',(5.610089199771,1.393708405742));
#9405 = CARTESIAN_POINT('',(5.614817919794,1.371091312616));
#9406 = CARTESIAN_POINT('',(5.61934421557,1.347943976373));
#9407 = CARTESIAN_POINT('',(5.623652812331,1.324275853654));
#9408 = CARTESIAN_POINT('',(5.627727691796,1.300096500275));
#9409 = CARTESIAN_POINT('',(5.640409782036,1.218252096296));
#9410 = CARTESIAN_POINT('',(5.647988283668,1.157981510557));
#9411 = CARTESIAN_POINT('',(5.653935769426,1.095342565491));
#9412 = CARTESIAN_POINT('',(5.658010682082,1.031037906803));
#9413 = CARTESIAN_POINT('',(5.660070956209,0.965714559618));
#9414 = CARTESIAN_POINT('',(5.660070956209,0.9));
#9415 = ( GEOMETRIC_REPRESENTATION_CONTEXT(2) 
PARAMETRIC_REPRESENTATION_CONTEXT() REPRESENTATION_CONTEXT('2D SPACE',''
  ) );
#9416 = PCURVE('',#868,#9417);
#9417 = DEFINITIONAL_REPRESENTATION('',(#9418),#9446);
#9418 = B_SPLINE_CURVE_WITH_KNOTS('',6,(#9419,#9420,#9421,#9422,#9423,
    #9424,#9425,#9426,#9427,#9428,#9429,#9430,#9431,#9432,#9433,#9434,
    #9435,#9436,#9437,#9438,#9439,#9440,#9441,#9442,#9443,#9444,#9445),
  .UNSPECIFIED.,.F.,.F.,(7,5,5,5,5,7),(0.,0.14033860964,0.406839159326,
    0.667280494879,0.767615106656,1.),.UNSPECIFIED.);
#9419 = CARTESIAN_POINT('',(0.,29.389145403182));
#9420 = CARTESIAN_POINT('',(3.887882081097E-02,29.41683013046));
#9421 = CARTESIAN_POINT('',(7.737454043956E-02,29.445020704837));
#9422 = CARTESIAN_POINT('',(0.115501314374,29.473650673501));
#9423 = CARTESIAN_POINT('',(0.153270361469,29.502647511989));
#9424 = CARTESIAN_POINT('',(0.190689963944,29.531932624183));
#9425 = CARTESIAN_POINT('',(0.298171195875,29.61741989904));
#9426 = CARTESIAN_POINT('',(0.36730553834,29.674128881698));
#9427 = CARTESIAN_POINT('',(0.435433476813,29.731147285989));
#9428 = CARTESIAN_POINT('',(0.502796661516,29.788055316675));
#9429 = CARTESIAN_POINT('',(0.569629044346,29.844383348635));
#9430 = CARTESIAN_POINT('',(0.701203033678,29.953523444024));
#9431 = CARTESIAN_POINT('',(0.765975153882,30.006400037778));
#9432 = CARTESIAN_POINT('',(0.830829221006,30.057792078615));
#9433 = CARTESIAN_POINT('',(0.896067432774,30.107146913676));
#9434 = CARTESIAN_POINT('',(0.961980047344,30.153728397209));
#9435 = CARTESIAN_POINT('',(1.054641456411,30.213071140995));
#9436 = CARTESIAN_POINT('',(1.080561430812,30.229022598216));
#9437 = CARTESIAN_POINT('',(1.106640808112,30.24436092371));
#9438 = CARTESIAN_POINT('',(1.132890409885,30.259022428446));
#9439 = CARTESIAN_POINT('',(1.159322588421,30.272940642275));
#9440 = CARTESIAN_POINT('',(1.247625789114,30.316400346859));
#9441 = CARTESIAN_POINT('',(1.310803675342,30.342616861464));
#9442 = CARTESIAN_POINT('',(1.374942266492,30.363352841475));
#9443 = CARTESIAN_POINT('',(1.439758594407,30.377615106474));
#9444 = CARTESIAN_POINT('',(1.505081767177,30.384826049753));
#9445 = CARTESIAN_POINT('',(1.570796326795,30.384826049753));
#9446 = ( GEOMETRIC_REPRESENTATION_CONTEXT(2) 
PARAMETRIC_REPRESENTATION_CONTEXT() REPRESENTATION_CONTEXT('2D SPACE',''
  ) );
#9447 = ORIENTED_EDGE('',*,*,#6234,.F.);
#9448 = ORIENTED_EDGE('',*,*,#9228,.T.);
#9449 = ADVANCED_FACE('',(#9450),#868,.T.);
#9450 = FACE_BOUND('',#9451,.T.);
#9451 = EDGE_LOOP('',(#9452,#9453,#9454,#9455));
#9452 = ORIENTED_EDGE('',*,*,#6211,.F.);
#9453 = ORIENTED_EDGE('',*,*,#9079,.F.);
#9454 = ORIENTED_EDGE('',*,*,#850,.T.);
#9455 = ORIENTED_EDGE('',*,*,#9355,.F.);
#9456 = ADVANCED_FACE('',(#9457),#681,.T.);
#9457 = FACE_BOUND('',#9458,.T.);
#9458 = EDGE_LOOP('',(#9459,#9483,#9561));
#9459 = ORIENTED_EDGE('',*,*,#9460,.F.);
#9460 = EDGE_CURVE('',#9461,#638,#9463,.T.);
#9461 = VERTEX_POINT('',#9462);
#9462 = CARTESIAN_POINT('',(-14.6,6.,2.5));
#9463 = SURFACE_CURVE('',#9464,(#9469,#9476),.PCURVE_S1.);
#9464 = CIRCLE('',#9465,6.5);
#9465 = AXIS2_PLACEMENT_3D('',#9466,#9467,#9468);
#9466 = CARTESIAN_POINT('',(-14.6,0.,0.));
#9467 = DIRECTION('',(1.,0.,0.));
#9468 = DIRECTION('',(-0.,0.,1.));
#9469 = PCURVE('',#681,#9470);
#9470 = DEFINITIONAL_REPRESENTATION('',(#9471),#9475);
#9471 = LINE('',#9472,#9473);
#9472 = CARTESIAN_POINT('',(0.,5.6));
#9473 = VECTOR('',#9474,1.);
#9474 = DIRECTION('',(1.,0.));
#9475 = ( GEOMETRIC_REPRESENTATION_CONTEXT(2) 
PARAMETRIC_REPRESENTATION_CONTEXT() REPRESENTATION_CONTEXT('2D SPACE',''
  ) );
#9476 = PCURVE('',#653,#9477);
#9477 = DEFINITIONAL_REPRESENTATION('',(#9478),#9482);
#9478 = CIRCLE('',#9479,6.5);
#9479 = AXIS2_PLACEMENT_2D('',#9480,#9481);
#9480 = CARTESIAN_POINT('',(0.,0.));
#9481 = DIRECTION('',(1.,0.));
#9482 = ( GEOMETRIC_REPRESENTATION_CONTEXT(2) 
PARAMETRIC_REPRESENTATION_CONTEXT() REPRESENTATION_CONTEXT('2D SPACE',''
  ) );
#9483 = ORIENTED_EDGE('',*,*,#9484,.T.);
#9484 = EDGE_CURVE('',#9461,#666,#9485,.T.);
#9485 = SURFACE_CURVE('',#9486,(#9509,#9535),.PCURVE_S1.);
#9486 = B_SPLINE_CURVE_WITH_KNOTS('',6,(#9487,#9488,#9489,#9490,#9491,
    #9492,#9493,#9494,#9495,#9496,#9497,#9498,#9499,#9500,#9501,#9502,
    #9503,#9504,#9505,#9506,#9507,#9508),.UNSPECIFIED.,.F.,.F.,(7,5,5,5,
    7),(0.,0.22627843966,0.483667536573,0.647250694726,1.),
  .UNSPECIFIED.);
#9487 = CARTESIAN_POINT('',(-14.6,6.,2.5));
#9488 = CARTESIAN_POINT('',(-14.6,5.973310170323,2.564055591226));
#9489 = CARTESIAN_POINT('',(-14.60492405302,5.945832238566,
    2.627691659776));
#9490 = CARTESIAN_POINT('',(-14.61464975284,5.917786388753,
    2.690388069457));
#9491 = CARTESIAN_POINT('',(-14.62897562243,5.889434541448,
    2.751654140642));
#9492 = CARTESIAN_POINT('',(-14.64762059819,5.861068425042,
    2.811036103745));
#9493 = CARTESIAN_POINT('',(-14.69593406843,5.801067463087,
    2.933062000276));
#9494 = CARTESIAN_POINT('',(-14.72678512461,5.769494793487,
    2.995081439732));
#9495 = CARTESIAN_POINT('',(-14.76234374311,5.738626461749,
    3.053792956306));
#9496 = CARTESIAN_POINT('',(-14.80217457919,5.708815262522,
    3.108872839301));
#9497 = CARTESIAN_POINT('',(-14.84583883622,5.680404511255,
    3.160052398599));
#9498 = CARTESIAN_POINT('',(-14.92279854347,5.636748595799,
    3.237012105853));
#9499 = CARTESIAN_POINT('',(-14.95408502579,5.620472104961,
    3.265263127199));
#9500 = CARTESIAN_POINT('',(-14.9866469689,5.604962250941,3.291806179227
    ));
#9501 = CARTESIAN_POINT('',(-15.02038073942,5.590294263712,
    3.316594175912));
#9502 = CARTESIAN_POINT('',(-15.05518460705,5.576538404018,
    3.339585355867));
#9503 = CARTESIAN_POINT('',(-15.16810127879,5.536201268546,
    3.406364089382));
#9504 = CARTESIAN_POINT('',(-15.24983163695,5.513156431903,
    3.443500858309));
#9505 = CARTESIAN_POINT('',(-15.33501706354,5.495337011706,
    3.471657138511));
#9506 = CARTESIAN_POINT('',(-15.42252194126,5.483268983973,
    3.490542506862));
#9507 = CARTESIAN_POINT('',(-15.5112232374,5.477225578433,3.499999994708
    ));
#9508 = CARTESIAN_POINT('',(-15.59999994039,5.477225575052,3.5));
#9509 = PCURVE('',#681,#9510);
#9510 = DEFINITIONAL_REPRESENTATION('',(#9511),#9534);
#9511 = B_SPLINE_CURVE_WITH_KNOTS('',6,(#9512,#9513,#9514,#9515,#9516,
    #9517,#9518,#9519,#9520,#9521,#9522,#9523,#9524,#9525,#9526,#9527,
    #9528,#9529,#9530,#9531,#9532,#9533),.UNSPECIFIED.,.F.,.F.,(7,5,5,5,
    7),(0.,0.22627843966,0.483667536573,0.647250694726,1.),
  .UNSPECIFIED.);
#9512 = CARTESIAN_POINT('',(5.107180100084,5.6));
#9513 = CARTESIAN_POINT('',(5.117856031955,5.6));
#9514 = CARTESIAN_POINT('',(5.128519014282,5.595075946976));
#9515 = CARTESIAN_POINT('',(5.139084368955,5.58535024716));
#9516 = CARTESIAN_POINT('',(5.149469034718,5.571024377566));
#9517 = CARTESIAN_POINT('',(5.15959288374,5.552379401802));
#9518 = CARTESIAN_POINT('',(5.180512812722,5.504065931567));
#9519 = CARTESIAN_POINT('',(5.191218448681,5.473214875382));
#9520 = CARTESIAN_POINT('',(5.201422109029,5.43765625689));
#9521 = CARTESIAN_POINT('',(5.211056573609,5.397825420803));
#9522 = CARTESIAN_POINT('',(5.220061811219,5.354161163774));
#9523 = CARTESIAN_POINT('',(5.23367405379,5.277201456521));
#9524 = CARTESIAN_POINT('',(5.238689996674,5.245914974209));
#9525 = CARTESIAN_POINT('',(5.243419460281,5.213353031098));
#9526 = CARTESIAN_POINT('',(5.247850558732,5.179619260579));
#9527 = CARTESIAN_POINT('',(5.251972388063,5.144815392946));
#9528 = CARTESIAN_POINT('',(5.263974837269,5.031898721202));
#9529 = CARTESIAN_POINT('',(5.27069832997,4.95016836305));
#9530 = CARTESIAN_POINT('',(5.275824584054,4.864982936452));
#9531 = CARTESIAN_POINT('',(5.279272592472,4.777478058739));
#9532 = CARTESIAN_POINT('',(5.280999279683,4.688776762598));
#9533 = CARTESIAN_POINT('',(5.280999280649,4.600000059605));
#9534 = ( GEOMETRIC_REPRESENTATION_CONTEXT(2) 
PARAMETRIC_REPRESENTATION_CONTEXT() REPRESENTATION_CONTEXT('2D SPACE',''
  ) );
#9535 = PCURVE('',#708,#9536);
#9536 = DEFINITIONAL_REPRESENTATION('',(#9537),#9560);
#9537 = B_SPLINE_CURVE_WITH_KNOTS('',6,(#9538,#9539,#9540,#9541,#9542,
    #9543,#9544,#9545,#9546,#9547,#9548,#9549,#9550,#9551,#9552,#9553,
    #9554,#9555,#9556,#9557,#9558,#9559),.UNSPECIFIED.,.F.,.F.,(7,5,5,5,
    7),(0.,0.22627843966,0.483667536573,0.647250694726,1.),
  .UNSPECIFIED.);
#9538 = CARTESIAN_POINT('',(0.,35.));
#9539 = CARTESIAN_POINT('',(-6.405559122575E-02,34.973310170323));
#9540 = CARTESIAN_POINT('',(-0.127691794233,34.945832238566));
#9541 = CARTESIAN_POINT('',(-0.190860983467,34.917786388753));
#9542 = CARTESIAN_POINT('',(-0.25351538539,34.889434541448));
#9543 = CARTESIAN_POINT('',(-0.315590932681,34.861068425042));
#9544 = CARTESIAN_POINT('',(-0.446833116564,34.801067463087));
#9545 = CARTESIAN_POINT('',(-0.515854525957,34.769494793487));
#9546 = CARTESIAN_POINT('',(-0.584145906114,34.738626461749));
#9547 = CARTESIAN_POINT('',(-0.651788596981,34.708815262522));
#9548 = CARTESIAN_POINT('',(-0.718853217373,34.680404511255));
#9549 = CARTESIAN_POINT('',(-0.827690679127,34.636748595799));
#9550 = CARTESIAN_POINT('',(-0.869790049902,34.620472104961));
#9551 = CARTESIAN_POINT('',(-0.911719761884,34.604962250941));
#9552 = CARTESIAN_POINT('',(-0.953503170273,34.590294263712));
#9553 = CARTESIAN_POINT('',(-0.995163788211,34.576538404018));
#9554 = CARTESIAN_POINT('',(-1.126349054182,34.536201268546));
#9555 = CARTESIAN_POINT('',(-1.215601869318,34.513156431903));
#9556 = CARTESIAN_POINT('',(-1.304553547063,34.495337011706));
#9557 = CARTESIAN_POINT('',(-1.393318384917,34.483268983973));
#9558 = CARTESIAN_POINT('',(-1.482019564197,34.477225578433));
#9559 = CARTESIAN_POINT('',(-1.57079626719,34.477225575052));
#9560 = ( GEOMETRIC_REPRESENTATION_CONTEXT(2) 
PARAMETRIC_REPRESENTATION_CONTEXT() REPRESENTATION_CONTEXT('2D SPACE',''
  ) );
#9561 = ORIENTED_EDGE('',*,*,#665,.T.);
#9562 = ADVANCED_FACE('',(#9563),#708,.T.);
#9563 = FACE_BOUND('',#9564,.F.);
#9564 = EDGE_LOOP('',(#9565,#9566,#9567,#9568));
#9565 = ORIENTED_EDGE('',*,*,#9484,.T.);
#9566 = ORIENTED_EDGE('',*,*,#692,.T.);
#9567 = ORIENTED_EDGE('',*,*,#5101,.F.);
#9568 = ORIENTED_EDGE('',*,*,#9569,.T.);
#9569 = EDGE_CURVE('',#5002,#9461,#9570,.T.);
#9570 = SURFACE_CURVE('',#9571,(#9575,#9582),.PCURVE_S1.);
#9571 = LINE('',#9572,#9573);
#9572 = CARTESIAN_POINT('',(-14.6,24.7,2.5));
#9573 = VECTOR('',#9574,1.);
#9574 = DIRECTION('',(-9.499234435295E-17,-1.,-1.424885165294E-15));
#9575 = PCURVE('',#708,#9576);
#9576 = DEFINITIONAL_REPRESENTATION('',(#9577),#9581);
#9577 = LINE('',#9578,#9579);
#9578 = CARTESIAN_POINT('',(-0.,53.7));
#9579 = VECTOR('',#9580,1.);
#9580 = DIRECTION('',(-0.,-1.));
#9581 = ( GEOMETRIC_REPRESENTATION_CONTEXT(2) 
PARAMETRIC_REPRESENTATION_CONTEXT() REPRESENTATION_CONTEXT('2D SPACE',''
  ) );
#9582 = PCURVE('',#653,#9583);
#9583 = DEFINITIONAL_REPRESENTATION('',(#9584),#9588);
#9584 = LINE('',#9585,#9586);
#9585 = CARTESIAN_POINT('',(2.5,-24.7));
#9586 = VECTOR('',#9587,1.);
#9587 = DIRECTION('',(-1.424885165294E-15,1.));
#9588 = ( GEOMETRIC_REPRESENTATION_CONTEXT(2) 
PARAMETRIC_REPRESENTATION_CONTEXT() REPRESENTATION_CONTEXT('2D SPACE',''
  ) );
#9589 = ADVANCED_FACE('',(#9590,#9649),#653,.T.);
#9590 = FACE_BOUND('',#9591,.T.);
#9591 = EDGE_LOOP('',(#9592,#9593,#9594,#9595,#9596,#9597,#9598,#9599,
    #9600,#9601,#9602,#9603,#9627,#9648));
#9592 = ORIENTED_EDGE('',*,*,#2803,.T.);
#9593 = ORIENTED_EDGE('',*,*,#6061,.F.);
#9594 = ORIENTED_EDGE('',*,*,#2958,.T.);
#9595 = ORIENTED_EDGE('',*,*,#5964,.T.);
#9596 = ORIENTED_EDGE('',*,*,#3264,.T.);
#9597 = ORIENTED_EDGE('',*,*,#3385,.T.);
#9598 = ORIENTED_EDGE('',*,*,#5937,.T.);
#9599 = ORIENTED_EDGE('',*,*,#4999,.T.);
#9600 = ORIENTED_EDGE('',*,*,#9569,.T.);
#9601 = ORIENTED_EDGE('',*,*,#9460,.T.);
#9602 = ORIENTED_EDGE('',*,*,#637,.F.);
#9603 = ORIENTED_EDGE('',*,*,#9604,.T.);
#9604 = EDGE_CURVE('',#611,#9605,#9607,.T.);
#9605 = VERTEX_POINT('',#9606);
#9606 = CARTESIAN_POINT('',(-14.6,-6.,2.5));
#9607 = SURFACE_CURVE('',#9608,(#9613,#9620),.PCURVE_S1.);
#9608 = CIRCLE('',#9609,6.5);
#9609 = AXIS2_PLACEMENT_3D('',#9610,#9611,#9612);
#9610 = CARTESIAN_POINT('',(-14.6,0.,0.));
#9611 = DIRECTION('',(1.,0.,0.));
#9612 = DIRECTION('',(-0.,0.,1.));
#9613 = PCURVE('',#653,#9614);
#9614 = DEFINITIONAL_REPRESENTATION('',(#9615),#9619);
#9615 = CIRCLE('',#9616,6.5);
#9616 = AXIS2_PLACEMENT_2D('',#9617,#9618);
#9617 = CARTESIAN_POINT('',(0.,0.));
#9618 = DIRECTION('',(1.,0.));
#9619 = ( GEOMETRIC_REPRESENTATION_CONTEXT(2) 
PARAMETRIC_REPRESENTATION_CONTEXT() REPRESENTATION_CONTEXT('2D SPACE',''
  ) );
#9620 = PCURVE('',#626,#9621);
#9621 = DEFINITIONAL_REPRESENTATION('',(#9622),#9626);
#9622 = LINE('',#9623,#9624);
#9623 = CARTESIAN_POINT('',(0.,5.6));
#9624 = VECTOR('',#9625,1.);
#9625 = DIRECTION('',(1.,0.));
#9626 = ( GEOMETRIC_REPRESENTATION_CONTEXT(2) 
PARAMETRIC_REPRESENTATION_CONTEXT() REPRESENTATION_CONTEXT('2D SPACE',''
  ) );
#9627 = ORIENTED_EDGE('',*,*,#9628,.T.);
#9628 = EDGE_CURVE('',#9605,#6304,#9629,.T.);
#9629 = SURFACE_CURVE('',#9630,(#9634,#9641),.PCURVE_S1.);
#9630 = LINE('',#9631,#9632);
#9631 = CARTESIAN_POINT('',(-14.6,-6.,2.5));
#9632 = VECTOR('',#9633,1.);
#9633 = DIRECTION('',(1.930822651522E-16,-1.,1.255034723489E-15));
#9634 = PCURVE('',#653,#9635);
#9635 = DEFINITIONAL_REPRESENTATION('',(#9636),#9640);
#9636 = LINE('',#9637,#9638);
#9637 = CARTESIAN_POINT('',(2.5,6.));
#9638 = VECTOR('',#9639,1.);
#9639 = DIRECTION('',(1.255034723489E-15,1.));
#9640 = ( GEOMETRIC_REPRESENTATION_CONTEXT(2) 
PARAMETRIC_REPRESENTATION_CONTEXT() REPRESENTATION_CONTEXT('2D SPACE',''
  ) );
#9641 = PCURVE('',#598,#9642);
#9642 = DEFINITIONAL_REPRESENTATION('',(#9643),#9647);
#9643 = LINE('',#9644,#9645);
#9644 = CARTESIAN_POINT('',(-0.,23.));
#9645 = VECTOR('',#9646,1.);
#9646 = DIRECTION('',(-0.,-1.));
#9647 = ( GEOMETRIC_REPRESENTATION_CONTEXT(2) 
PARAMETRIC_REPRESENTATION_CONTEXT() REPRESENTATION_CONTEXT('2D SPACE',''
  ) );
#9648 = ORIENTED_EDGE('',*,*,#6303,.F.);
#9649 = FACE_BOUND('',#9650,.T.);
#9650 = EDGE_LOOP('',(#9651));
#9651 = ORIENTED_EDGE('',*,*,#8477,.F.);
#9652 = ADVANCED_FACE('',(#9653),#736,.T.);
#9653 = FACE_BOUND('',#9654,.T.);
#9654 = EDGE_LOOP('',(#9655,#9656,#9657,#9658,#9659,#9660));
#9655 = ORIENTED_EDGE('',*,*,#5223,.T.);
#9656 = ORIENTED_EDGE('',*,*,#5335,.T.);
#9657 = ORIENTED_EDGE('',*,*,#720,.F.);
#9658 = ORIENTED_EDGE('',*,*,#5081,.F.);
#9659 = ORIENTED_EDGE('',*,*,#4947,.T.);
#9660 = ORIENTED_EDGE('',*,*,#4543,.T.);
#9661 = ADVANCED_FACE('',(#9662),#626,.T.);
#9662 = FACE_BOUND('',#9663,.T.);
#9663 = EDGE_LOOP('',(#9664,#9665,#9666));
#9664 = ORIENTED_EDGE('',*,*,#9604,.F.);
#9665 = ORIENTED_EDGE('',*,*,#610,.F.);
#9666 = ORIENTED_EDGE('',*,*,#9667,.F.);
#9667 = EDGE_CURVE('',#9605,#583,#9668,.T.);
#9668 = SURFACE_CURVE('',#9669,(#9692,#9718),.PCURVE_S1.);
#9669 = B_SPLINE_CURVE_WITH_KNOTS('',6,(#9670,#9671,#9672,#9673,#9674,
    #9675,#9676,#9677,#9678,#9679,#9680,#9681,#9682,#9683,#9684,#9685,
    #9686,#9687,#9688,#9689,#9690,#9691),.UNSPECIFIED.,.F.,.F.,(7,5,5,5,
    7),(0.,0.226278430923,0.483667517898,0.647250676975,1.),
  .UNSPECIFIED.);
#9670 = CARTESIAN_POINT('',(-14.6,-6.,2.5));
#9671 = CARTESIAN_POINT('',(-14.6,-5.973310170323,2.564055591226));
#9672 = CARTESIAN_POINT('',(-14.60492405302,-5.945832238566,
    2.627691659776));
#9673 = CARTESIAN_POINT('',(-14.61464975284,-5.917786388753,
    2.690388069457));
#9674 = CARTESIAN_POINT('',(-14.62897562243,-5.889434541448,
    2.751654140642));
#9675 = CARTESIAN_POINT('',(-14.64762059819,-5.861068425042,
    2.811036103745));
#9676 = CARTESIAN_POINT('',(-14.69593406843,-5.801067463086,
    2.933062000276));
#9677 = CARTESIAN_POINT('',(-14.72678512461,-5.769494793487,
    2.995081439732));
#9678 = CARTESIAN_POINT('',(-14.76234374311,-5.738626461749,
    3.053792956306));
#9679 = CARTESIAN_POINT('',(-14.80217457919,-5.708815262522,
    3.108872839301));
#9680 = CARTESIAN_POINT('',(-14.84583883622,-5.680404511255,
    3.160052398599));
#9681 = CARTESIAN_POINT('',(-14.9227985448,-5.636748595048,
    3.237012107176));
#9682 = CARTESIAN_POINT('',(-14.95408502553,-5.620472105239,
    3.265263126685));
#9683 = CARTESIAN_POINT('',(-14.98664696744,-5.604962251603,
    3.291806178091));
#9684 = CARTESIAN_POINT('',(-15.02038073889,-5.590294263788,
    3.316594175819));
#9685 = CARTESIAN_POINT('',(-15.05518460865,-5.576538403448,
    3.339585356812));
#9686 = CARTESIAN_POINT('',(-15.16810127879,-5.536201268546,
    3.406364089382));
#9687 = CARTESIAN_POINT('',(-15.24983163695,-5.513156431903,
    3.443500858309));
#9688 = CARTESIAN_POINT('',(-15.33501706354,-5.495337011706,
    3.471657138511));
#9689 = CARTESIAN_POINT('',(-15.42252194126,-5.483268983973,
    3.490542506862));
#9690 = CARTESIAN_POINT('',(-15.5112232374,-5.477225578433,
    3.499999994708));
#9691 = CARTESIAN_POINT('',(-15.59999994039,-5.477225575052,3.5));
#9692 = PCURVE('',#626,#9693);
#9693 = DEFINITIONAL_REPRESENTATION('',(#9694),#9717);
#9694 = B_SPLINE_CURVE_WITH_KNOTS('',6,(#9695,#9696,#9697,#9698,#9699,
    #9700,#9701,#9702,#9703,#9704,#9705,#9706,#9707,#9708,#9709,#9710,
    #9711,#9712,#9713,#9714,#9715,#9716),.UNSPECIFIED.,.F.,.F.,(7,5,5,5,
    7),(0.,0.226278430923,0.483667517898,0.647250676975,1.),
  .UNSPECIFIED.);
#9695 = CARTESIAN_POINT('',(1.176005207095,5.6));
#9696 = CARTESIAN_POINT('',(1.165329275224,5.6));
#9697 = CARTESIAN_POINT('',(1.154666292898,5.595075946976));
#9698 = CARTESIAN_POINT('',(1.144100938224,5.58535024716));
#9699 = CARTESIAN_POINT('',(1.133716272462,5.571024377566));
#9700 = CARTESIAN_POINT('',(1.12359242344,5.552379401802));
#9701 = CARTESIAN_POINT('',(1.102672494457,5.504065931567));
#9702 = CARTESIAN_POINT('',(1.091966858499,5.473214875382));
#9703 = CARTESIAN_POINT('',(1.08176319815,5.43765625689));
#9704 = CARTESIAN_POINT('',(1.07212873357,5.397825420803));
#9705 = CARTESIAN_POINT('',(1.06312349596,5.354161163774));
#9706 = CARTESIAN_POINT('',(1.049511253155,5.277201455197));
#9707 = CARTESIAN_POINT('',(1.044495310595,5.245914974463));
#9708 = CARTESIAN_POINT('',(1.0397658471,5.21335303256));
#9709 = CARTESIAN_POINT('',(1.035334748466,5.179619261105));
#9710 = CARTESIAN_POINT('',(1.031212918947,5.144815391348));
#9711 = CARTESIAN_POINT('',(1.019210469911,5.031898721202));
#9712 = CARTESIAN_POINT('',(1.01248697721,4.95016836305));
#9713 = CARTESIAN_POINT('',(1.007360723126,4.864982936452));
#9714 = CARTESIAN_POINT('',(1.003912714707,4.777478058739));
#9715 = CARTESIAN_POINT('',(1.002186027497,4.688776762598));
#9716 = CARTESIAN_POINT('',(1.002186026531,4.600000059605));
#9717 = ( GEOMETRIC_REPRESENTATION_CONTEXT(2) 
PARAMETRIC_REPRESENTATION_CONTEXT() REPRESENTATION_CONTEXT('2D SPACE',''
  ) );
#9718 = PCURVE('',#598,#9719);
#9719 = DEFINITIONAL_REPRESENTATION('',(#9720),#9743);
#9720 = B_SPLINE_CURVE_WITH_KNOTS('',6,(#9721,#9722,#9723,#9724,#9725,
    #9726,#9727,#9728,#9729,#9730,#9731,#9732,#9733,#9734,#9735,#9736,
    #9737,#9738,#9739,#9740,#9741,#9742),.UNSPECIFIED.,.F.,.F.,(7,5,5,5,
    7),(0.,0.226278430923,0.483667517898,0.647250676975,1.),
  .UNSPECIFIED.);
#9721 = CARTESIAN_POINT('',(0.,23.));
#9722 = CARTESIAN_POINT('',(-6.405559122575E-02,23.026689829677));
#9723 = CARTESIAN_POINT('',(-0.127691794233,23.054167761434));
#9724 = CARTESIAN_POINT('',(-0.190860983467,23.082213611247));
#9725 = CARTESIAN_POINT('',(-0.25351538539,23.110565458552));
#9726 = CARTESIAN_POINT('',(-0.315590932681,23.138931574958));
#9727 = CARTESIAN_POINT('',(-0.446833116564,23.198932536913));
#9728 = CARTESIAN_POINT('',(-0.515854525957,23.230505206513));
#9729 = CARTESIAN_POINT('',(-0.584145906114,23.261373538251));
#9730 = CARTESIAN_POINT('',(-0.651788596981,23.291184737478));
#9731 = CARTESIAN_POINT('',(-0.718853217373,23.319595488745));
#9732 = CARTESIAN_POINT('',(-0.827690680999,23.363251404952));
#9733 = CARTESIAN_POINT('',(-0.869790049384,23.379527894761));
#9734 = CARTESIAN_POINT('',(-0.91171976002,23.395037748397));
#9735 = CARTESIAN_POINT('',(-0.953503169798,23.409705736212));
#9736 = CARTESIAN_POINT('',(-0.995163790068,23.423461596552));
#9737 = CARTESIAN_POINT('',(-1.126349054182,23.463798731454));
#9738 = CARTESIAN_POINT('',(-1.215601869318,23.486843568097));
#9739 = CARTESIAN_POINT('',(-1.304553547063,23.504662988294));
#9740 = CARTESIAN_POINT('',(-1.393318384917,23.516731016027));
#9741 = CARTESIAN_POINT('',(-1.482019564197,23.522774421567));
#9742 = CARTESIAN_POINT('',(-1.57079626719,23.522774424948));
#9743 = ( GEOMETRIC_REPRESENTATION_CONTEXT(2) 
PARAMETRIC_REPRESENTATION_CONTEXT() REPRESENTATION_CONTEXT('2D SPACE',''
  ) );
#9744 = ADVANCED_FACE('',(#9745),#764,.T.);
#9745 = FACE_BOUND('',#9746,.T.);
#9746 = EDGE_LOOP('',(#9747,#9748,#9876,#9877));
#9747 = ORIENTED_EDGE('',*,*,#5640,.F.);
#9748 = ORIENTED_EDGE('',*,*,#9749,.F.);
#9749 = EDGE_CURVE('',#749,#5615,#9750,.T.);
#9750 = SURFACE_CURVE('',#9751,(#9774,#9825),.PCURVE_S1.);
#9751 = B_SPLINE_CURVE_WITH_KNOTS('',6,(#9752,#9753,#9754,#9755,#9756,
    #9757,#9758,#9759,#9760,#9761,#9762,#9763,#9764,#9765,#9766,#9767,
    #9768,#9769,#9770,#9771,#9772,#9773),.UNSPECIFIED.,.F.,.F.,(7,5,5,5,
    7),(0.654121500136,1.00687082316,1.170453982238,1.427843069212,
    1.654121500135),.UNSPECIFIED.);
#9752 = CARTESIAN_POINT('',(-79.4000000596,5.477225575052,3.5));
#9753 = CARTESIAN_POINT('',(-79.48877676259,5.477225578433,
    3.499999994708));
#9754 = CARTESIAN_POINT('',(-79.57747805873,5.483268983973,
    3.490542506862));
#9755 = CARTESIAN_POINT('',(-79.66498293634,5.495337011708,
    3.471657138508));
#9756 = CARTESIAN_POINT('',(-79.75016836305,5.513156431903,
    3.443500858309));
#9757 = CARTESIAN_POINT('',(-79.8318987212,5.536201268546,3.406364089383
    ));
#9758 = CARTESIAN_POINT('',(-79.94481539134,5.576538403448,
    3.339585356812));
#9759 = CARTESIAN_POINT('',(-79.9796192611,5.590294263788,3.316594175819
    ));
#9760 = CARTESIAN_POINT('',(-80.01335303256,5.604962251603,
    3.291806178091));
#9761 = CARTESIAN_POINT('',(-80.04591497446,5.620472105239,
    3.265263126685));
#9762 = CARTESIAN_POINT('',(-80.07720145519,5.636748595048,
    3.237012107176));
#9763 = CARTESIAN_POINT('',(-80.15416116377,5.680404511255,
    3.160052398599));
#9764 = CARTESIAN_POINT('',(-80.1978254208,5.708815262522,3.108872839301
    ));
#9765 = CARTESIAN_POINT('',(-80.23765625689,5.738626461749,
    3.053792956306));
#9766 = CARTESIAN_POINT('',(-80.27321487538,5.769494793487,
    2.995081439732));
#9767 = CARTESIAN_POINT('',(-80.30406593156,5.801067463086,
    2.933062000276));
#9768 = CARTESIAN_POINT('',(-80.3523794018,5.861068425042,2.811036103745
    ));
#9769 = CARTESIAN_POINT('',(-80.37102437756,5.889434541448,
    2.751654140642));
#9770 = CARTESIAN_POINT('',(-80.38535024716,5.917786388753,
    2.690388069457));
#9771 = CARTESIAN_POINT('',(-80.39507594697,5.945832238566,
    2.627691659776));
#9772 = CARTESIAN_POINT('',(-80.4,5.973310170323,2.564055591226));
#9773 = CARTESIAN_POINT('',(-80.4,6.,2.5));
#9774 = PCURVE('',#764,#9775);
#9775 = DEFINITIONAL_REPRESENTATION('',(#9776),#9824);
#9776 = B_SPLINE_CURVE_WITH_KNOTS('',3,(#9777,#9778,#9779,#9780,#9781,
    #9782,#9783,#9784,#9785,#9786,#9787,#9788,#9789,#9790,#9791,#9792,
    #9793,#9794,#9795,#9796,#9797,#9798,#9799,#9800,#9801,#9802,#9803,
    #9804,#9805,#9806,#9807,#9808,#9809,#9810,#9811,#9812,#9813,#9814,
    #9815,#9816,#9817,#9818,#9819,#9820,#9821,#9822,#9823),
  .UNSPECIFIED.,.F.,.F.,(4,1,1,1,1,1,1,1,1,1,1,1,1,1,1,1,1,1,1,1,1,1,1,1
    ,1,1,1,1,1,1,1,1,1,1,1,1,1,1,1,1,1,1,1,1,4),(0.654121500136,
    0.676848772863,0.69957604559,0.722303318318,0.745030591045,
    0.767757863772,0.790485136499,0.813212409227,0.835939681954,
    0.858666954681,0.881394227408,0.904121500136,0.926848772863,
    0.94957604559,0.972303318317,0.995030591045,1.017757863772,
    1.040485136499,1.063212409226,1.085939681954,1.108666954681,
    1.131394227408,1.154121500135,1.176848772863,1.19957604559,
    1.222303318317,1.245030591044,1.267757863772,1.290485136499,
    1.313212409226,1.335939681953,1.358666954681,1.381394227408,
    1.404121500135,1.426848772862,1.44957604559,1.472303318317,
    1.495030591044,1.517757863771,1.540485136499,1.563212409226,
    1.585939681953,1.60866695468,1.631394227408,1.654121500135),
  .QUASI_UNIFORM_KNOTS.);
#9777 = CARTESIAN_POINT('',(1.57079626719,34.477225575052));
#9778 = CARTESIAN_POINT('',(1.559356692453,34.477225444317));
#9779 = CARTESIAN_POINT('',(1.536480647062,34.477476548207));
#9780 = CARTESIAN_POINT('',(1.502171580249,34.478604179899));
#9781 = CARTESIAN_POINT('',(1.467863170119,34.480480283309));
#9782 = CARTESIAN_POINT('',(1.433551189732,34.483100198001));
#9783 = CARTESIAN_POINT('',(1.399231494891,34.486457861444));
#9784 = CARTESIAN_POINT('',(1.364900039186,34.490545622478));
#9785 = CARTESIAN_POINT('',(1.330552876278,34.495354311065));
#9786 = CARTESIAN_POINT('',(1.296186166929,34.500873243535));
#9787 = CARTESIAN_POINT('',(1.2617961862,34.507090249449));
#9788 = CARTESIAN_POINT('',(1.227379334378,34.513991696407));
#9789 = CARTESIAN_POINT('',(1.192932144558,34.521562521355));
#9790 = CARTESIAN_POINT('',(1.158451314078,34.529786257839));
#9791 = CARTESIAN_POINT('',(1.123933660356,34.538645092879));
#9792 = CARTESIAN_POINT('',(1.089376373726,34.548119829323));
#9793 = CARTESIAN_POINT('',(1.05477617798,34.55819021653));
#9794 = CARTESIAN_POINT('',(1.020132584505,34.568833922185));
#9795 = CARTESIAN_POINT('',(0.985427648958,34.580033175308));
#9796 = CARTESIAN_POINT('',(0.95065424303,34.591766420296));
#9797 = CARTESIAN_POINT('',(0.915804624005,34.604011488687));
#9798 = CARTESIAN_POINT('',(0.880871212318,34.616745482787));
#9799 = CARTESIAN_POINT('',(0.845846585236,34.629944768373));
#9800 = CARTESIAN_POINT('',(0.810722657365,34.643585359645));
#9801 = CARTESIAN_POINT('',(0.775493903739,34.657641626101));
#9802 = CARTESIAN_POINT('',(0.740142979331,34.672092231173));
#9803 = CARTESIAN_POINT('',(0.704663931831,34.68691087131));
#9804 = CARTESIAN_POINT('',(0.669051724427,34.702070253926));
#9805 = CARTESIAN_POINT('',(0.633300738844,34.717542816527));
#9806 = CARTESIAN_POINT('',(0.597405191416,34.733300609244));
#9807 = CARTESIAN_POINT('',(0.561359031371,34.749315403848));
#9808 = CARTESIAN_POINT('',(0.525155995175,34.765558733417));
#9809 = CARTESIAN_POINT('',(0.488789546366,34.782001982924));
#9810 = CARTESIAN_POINT('',(0.452253103128,34.798616345484));
#9811 = CARTESIAN_POINT('',(0.415539209003,34.815373265049));
#9812 = CARTESIAN_POINT('',(0.378642616575,34.832243067648));
#9813 = CARTESIAN_POINT('',(0.341548743125,34.849200351993));
#9814 = CARTESIAN_POINT('',(0.304259263423,34.866212198033));
#9815 = CARTESIAN_POINT('',(0.266786847889,34.883240828846));
#9816 = CARTESIAN_POINT('',(0.229139977076,34.900250784815));
#9817 = CARTESIAN_POINT('',(0.19132715449,34.91720712082));
#9818 = CARTESIAN_POINT('',(0.153355938457,34.934076003837));
#9819 = CARTESIAN_POINT('',(0.115233360026,34.950824652111));
#9820 = CARTESIAN_POINT('',(7.696595586378E-02,34.967421507591));
#9821 = CARTESIAN_POINT('',(3.855992400602E-02,34.983836133766));
#9822 = CARTESIAN_POINT('',(1.286739653571E-02,34.994638697006));
#9823 = CARTESIAN_POINT('',(0.,35.));
#9824 = ( GEOMETRIC_REPRESENTATION_CONTEXT(2) 
PARAMETRIC_REPRESENTATION_CONTEXT() REPRESENTATION_CONTEXT('2D SPACE',''
  ) );
#9825 = PCURVE('',#269,#9826);
#9826 = DEFINITIONAL_REPRESENTATION('',(#9827),#9875);
#9827 = B_SPLINE_CURVE_WITH_KNOTS('',3,(#9828,#9829,#9830,#9831,#9832,
    #9833,#9834,#9835,#9836,#9837,#9838,#9839,#9840,#9841,#9842,#9843,
    #9844,#9845,#9846,#9847,#9848,#9849,#9850,#9851,#9852,#9853,#9854,
    #9855,#9856,#9857,#9858,#9859,#9860,#9861,#9862,#9863,#9864,#9865,
    #9866,#9867,#9868,#9869,#9870,#9871,#9872,#9873,#9874),
  .UNSPECIFIED.,.F.,.F.,(4,1,1,1,1,1,1,1,1,1,1,1,1,1,1,1,1,1,1,1,1,1,1,1
    ,1,1,1,1,1,1,1,1,1,1,1,1,1,1,1,1,1,1,1,1,4),(0.654121500136,
    0.676848772863,0.69957604559,0.722303318318,0.745030591045,
    0.767757863772,0.790485136499,0.813212409227,0.835939681954,
    0.858666954681,0.881394227408,0.904121500136,0.926848772863,
    0.94957604559,0.972303318317,0.995030591045,1.017757863772,
    1.040485136499,1.063212409226,1.085939681954,1.108666954681,
    1.131394227408,1.154121500135,1.176848772863,1.19957604559,
    1.222303318317,1.245030591044,1.267757863772,1.290485136499,
    1.313212409226,1.335939681953,1.358666954681,1.381394227408,
    1.404121500135,1.426848772862,1.44957604559,1.472303318317,
    1.495030591044,1.517757863771,1.540485136499,1.563212409226,
    1.585939681953,1.60866695468,1.631394227408,1.654121500135),
  .QUASI_UNIFORM_KNOTS.);
#9828 = CARTESIAN_POINT('',(5.280999280649,6.399999940395));
#9829 = CARTESIAN_POINT('',(5.280999300009,6.388560360544));
#9830 = CARTESIAN_POINT('',(5.280927588256,6.365684324426));
#9831 = CARTESIAN_POINT('',(5.280605315697,6.331415649651));
#9832 = CARTESIAN_POINT('',(5.280068792847,6.297228352978));
#9833 = CARTESIAN_POINT('',(5.279318795831,6.263158467941));
#9834 = CARTESIAN_POINT('',(5.2783563122,6.229242057704));
#9835 = CARTESIAN_POINT('',(5.277182571154,6.195515221551));
#9836 = CARTESIAN_POINT('',(5.275799036211,6.162014096503));
#9837 = CARTESIAN_POINT('',(5.274207408003,6.128774858622));
#9838 = CARTESIAN_POINT('',(5.272409624382,6.095833722372));
#9839 = CARTESIAN_POINT('',(5.270407861485,6.063226939964));
#9840 = CARTESIAN_POINT('',(5.268204534116,6.030990794635));
#9841 = CARTESIAN_POINT('',(5.265802298398,5.999161610114));
#9842 = CARTESIAN_POINT('',(5.263204046669,5.967775693313));
#9843 = CARTESIAN_POINT('',(5.260412931896,5.936869519835));
#9844 = CARTESIAN_POINT('',(5.257432282655,5.906479006939));
#9845 = CARTESIAN_POINT('',(5.254265927368,5.876642185723));
#9846 = CARTESIAN_POINT('',(5.250916220261,5.847382154838));
#9847 = CARTESIAN_POINT('',(5.247386526413,5.818731831126));
#9848 = CARTESIAN_POINT('',(5.243680299002,5.790723737689));
#9849 = CARTESIAN_POINT('',(5.239801125369,5.763390784932));
#9850 = CARTESIAN_POINT('',(5.235752744988,5.736766216733));
#9851 = CARTESIAN_POINT('',(5.231538942779,5.710883080876));
#9852 = CARTESIAN_POINT('',(5.227163969683,5.685776437276));
#9853 = CARTESIAN_POINT('',(5.222630694447,5.661473523944));
#9854 = CARTESIAN_POINT('',(5.217943501417,5.638010302423));
#9855 = CARTESIAN_POINT('',(5.213107092309,5.615423382669));
#9856 = CARTESIAN_POINT('',(5.208126277051,5.593749086605));
#9857 = CARTESIAN_POINT('',(5.203006031152,5.573023704543));
#9858 = CARTESIAN_POINT('',(5.197751481138,5.553283430216));
#9859 = CARTESIAN_POINT('',(5.192367912569,5.534564388495));
#9860 = CARTESIAN_POINT('',(5.186860761072,5.51690261377));
#9861 = CARTESIAN_POINT('',(5.181235650209,5.50033413298));
#9862 = CARTESIAN_POINT('',(5.175498260508,5.484894679381));
#9863 = CARTESIAN_POINT('',(5.169654828607,5.470620778725));
#9864 = CARTESIAN_POINT('',(5.163710296369,5.457545715036));
#9865 = CARTESIAN_POINT('',(5.157672423766,5.44570867696));
#9866 = CARTESIAN_POINT('',(5.151551061344,5.435150208746));
#9867 = CARTESIAN_POINT('',(5.145355679754,5.425906785544));
#9868 = CARTESIAN_POINT('',(5.139096015394,5.418012266358));
#9869 = CARTESIAN_POINT('',(5.132781884724,5.411497502972));
#9870 = CARTESIAN_POINT('',(5.126423220872,5.406390474062));
#9871 = CARTESIAN_POINT('',(5.120030053898,5.402716162606));
#9872 = CARTESIAN_POINT('',(5.113612495681,5.400496934906));
#9873 = CARTESIAN_POINT('',(5.109324674772,5.399999758211));
#9874 = CARTESIAN_POINT('',(5.107180100084,5.4));
#9875 = ( GEOMETRIC_REPRESENTATION_CONTEXT(2) 
PARAMETRIC_REPRESENTATION_CONTEXT() REPRESENTATION_CONTEXT('2D SPACE',''
  ) );
#9876 = ORIENTED_EDGE('',*,*,#748,.F.);
#9877 = ORIENTED_EDGE('',*,*,#5355,.F.);
#9878 = ADVANCED_FACE('',(#9879),#598,.T.);
#9879 = FACE_BOUND('',#9880,.F.);
#9880 = EDGE_LOOP('',(#9881,#9913,#9914,#9915));
#9881 = ORIENTED_EDGE('',*,*,#9882,.F.);
#9882 = EDGE_CURVE('',#555,#6304,#9883,.T.);
#9883 = SURFACE_CURVE('',#9884,(#9889,#9901),.PCURVE_S1.);
#9884 = ELLIPSE('',#9885,1.414213562373,1.);
#9885 = AXIS2_PLACEMENT_3D('',#9886,#9887,#9888);
#9886 = CARTESIAN_POINT('',(-15.6,-25.4,2.5));
#9887 = DIRECTION('',(-0.707106781187,0.707106781187,0.));
#9888 = DIRECTION('',(0.707106781187,0.707106781187,0.));
#9889 = PCURVE('',#598,#9890);
#9890 = DEFINITIONAL_REPRESENTATION('',(#9891),#9900);
#9891 = B_SPLINE_CURVE_WITH_KNOTS('',7,(#9892,#9893,#9894,#9895,#9896,
    #9897,#9898,#9899),.UNSPECIFIED.,.F.,.F.,(8,8),(4.712388980385,
    6.28318530718),.PIECEWISE_BEZIER_KNOTS.);
#9892 = CARTESIAN_POINT('',(-1.570796326795,3.6));
#9893 = CARTESIAN_POINT('',(-1.346396851538,3.824399475256));
#9894 = CARTESIAN_POINT('',(-1.121997376282,4.048798039318));
#9895 = CARTESIAN_POINT('',(-0.897597901026,4.254746825776));
#9896 = CARTESIAN_POINT('',(-0.673198425769,4.423762504623));
#9897 = CARTESIAN_POINT('',(-0.448798950513,4.541251327391));
#9898 = CARTESIAN_POINT('',(-0.224399475256,4.6));
#9899 = CARTESIAN_POINT('',(-4.440892098501E-16,4.6));
#9900 = ( GEOMETRIC_REPRESENTATION_CONTEXT(2) 
PARAMETRIC_REPRESENTATION_CONTEXT() REPRESENTATION_CONTEXT('2D SPACE',''
  ) );
#9901 = PCURVE('',#570,#9902);
#9902 = DEFINITIONAL_REPRESENTATION('',(#9903),#9912);
#9903 = B_SPLINE_CURVE_WITH_KNOTS('',7,(#9904,#9905,#9906,#9907,#9908,
    #9909,#9910,#9911),.UNSPECIFIED.,.F.,.F.,(8,8),(4.712388980385,
    6.28318530718),.PIECEWISE_BEZIER_KNOTS.);
#9904 = CARTESIAN_POINT('',(1.570796326795,64.8));
#9905 = CARTESIAN_POINT('',(1.346396851538,65.024399475256));
#9906 = CARTESIAN_POINT('',(1.121997376282,65.248798039318));
#9907 = CARTESIAN_POINT('',(0.897597901026,65.454746825781));
#9908 = CARTESIAN_POINT('',(0.673198425769,65.62376250462));
#9909 = CARTESIAN_POINT('',(0.448798950513,65.741251327388));
#9910 = CARTESIAN_POINT('',(0.224399475256,65.8));
#9911 = CARTESIAN_POINT('',(4.440892098501E-16,65.8));
#9912 = ( GEOMETRIC_REPRESENTATION_CONTEXT(2) 
PARAMETRIC_REPRESENTATION_CONTEXT() REPRESENTATION_CONTEXT('2D SPACE',''
  ) );
#9913 = ORIENTED_EDGE('',*,*,#582,.T.);
#9914 = ORIENTED_EDGE('',*,*,#9667,.F.);
#9915 = ORIENTED_EDGE('',*,*,#9628,.T.);
#9916 = ADVANCED_FACE('',(#9917),#570,.T.);
#9917 = FACE_BOUND('',#9918,.T.);
#9918 = EDGE_LOOP('',(#9919,#9920,#9921,#9922));
#9919 = ORIENTED_EDGE('',*,*,#6325,.F.);
#9920 = ORIENTED_EDGE('',*,*,#9882,.F.);
#9921 = ORIENTED_EDGE('',*,*,#554,.T.);
#9922 = ORIENTED_EDGE('',*,*,#7372,.F.);
#9923 = ADVANCED_FACE('',(#9924,#9949),#815,.F.);
#9924 = FACE_BOUND('',#9925,.F.);
#9925 = EDGE_LOOP('',(#9926,#9927));
#9926 = ORIENTED_EDGE('',*,*,#799,.F.);
#9927 = ORIENTED_EDGE('',*,*,#9928,.T.);
#9928 = EDGE_CURVE('',#800,#777,#9929,.T.);
#9929 = SURFACE_CURVE('',#9930,(#9935,#9942),.PCURVE_S1.);
#9930 = CIRCLE('',#9931,6.5);
#9931 = AXIS2_PLACEMENT_3D('',#9932,#9933,#9934);
#9932 = CARTESIAN_POINT('',(-85.8,0.,0.));
#9933 = DIRECTION('',(1.,0.,0.));
#9934 = DIRECTION('',(-0.,0.,1.));
#9935 = PCURVE('',#815,#9936);
#9936 = DEFINITIONAL_REPRESENTATION('',(#9937),#9941);
#9937 = CIRCLE('',#9938,6.5);
#9938 = AXIS2_PLACEMENT_2D('',#9939,#9940);
#9939 = CARTESIAN_POINT('',(0.,0.));
#9940 = DIRECTION('',(1.,0.));
#9941 = ( GEOMETRIC_REPRESENTATION_CONTEXT(2) 
PARAMETRIC_REPRESENTATION_CONTEXT() REPRESENTATION_CONTEXT('2D SPACE',''
  ) );
#9942 = PCURVE('',#269,#9943);
#9943 = DEFINITIONAL_REPRESENTATION('',(#9944),#9948);
#9944 = LINE('',#9945,#9946);
#9945 = CARTESIAN_POINT('',(0.,0.));
#9946 = VECTOR('',#9947,1.);
#9947 = DIRECTION('',(1.,0.));
#9948 = ( GEOMETRIC_REPRESENTATION_CONTEXT(2) 
PARAMETRIC_REPRESENTATION_CONTEXT() REPRESENTATION_CONTEXT('2D SPACE',''
  ) );
#9949 = FACE_BOUND('',#9950,.F.);
#9950 = EDGE_LOOP('',(#9951));
#9951 = ORIENTED_EDGE('',*,*,#8893,.T.);
#9952 = ADVANCED_FACE('',(#9953),#542,.T.);
#9953 = FACE_BOUND('',#9954,.F.);
#9954 = EDGE_LOOP('',(#9955,#9956,#9957,#9958));
#9955 = ORIENTED_EDGE('',*,*,#7200,.F.);
#9956 = ORIENTED_EDGE('',*,*,#526,.T.);
#9957 = ORIENTED_EDGE('',*,*,#7392,.F.);
#9958 = ORIENTED_EDGE('',*,*,#7048,.F.);
#9959 = ADVANCED_FACE('',(#9960),#514,.T.);
#9960 = FACE_BOUND('',#9961,.F.);
#9961 = EDGE_LOOP('',(#9962,#9982,#9983,#9984));
#9962 = ORIENTED_EDGE('',*,*,#9963,.F.);
#9963 = EDGE_CURVE('',#311,#6552,#9964,.T.);
#9964 = SURFACE_CURVE('',#9965,(#9970,#9976),.PCURVE_S1.);
#9965 = CIRCLE('',#9966,1.);
#9966 = AXIS2_PLACEMENT_3D('',#9967,#9968,#9969);
#9967 = CARTESIAN_POINT('',(-79.4,-28.,2.5));
#9968 = DIRECTION('',(1.,-6.123233995737E-17,0.));
#9969 = DIRECTION('',(-6.123233995737E-17,-1.,0.));
#9970 = PCURVE('',#514,#9971);
#9971 = DEFINITIONAL_REPRESENTATION('',(#9972),#9975);
#9972 = B_SPLINE_CURVE_WITH_KNOTS('',1,(#9973,#9974),.UNSPECIFIED.,.F.,
  .F.,(2,2),(4.712388980385,6.28318530718),.PIECEWISE_BEZIER_KNOTS.);
#9973 = CARTESIAN_POINT('',(-1.570796326795,1.));
#9974 = CARTESIAN_POINT('',(0.,1.));
#9975 = ( GEOMETRIC_REPRESENTATION_CONTEXT(2) 
PARAMETRIC_REPRESENTATION_CONTEXT() REPRESENTATION_CONTEXT('2D SPACE',''
  ) );
#9976 = PCURVE('',#326,#9977);
#9977 = DEFINITIONAL_REPRESENTATION('',(#9978),#9981);
#9978 = B_SPLINE_CURVE_WITH_KNOTS('',1,(#9979,#9980),.UNSPECIFIED.,.F.,
  .F.,(2,2),(4.712388980385,6.28318530718),.PIECEWISE_BEZIER_KNOTS.);
#9979 = CARTESIAN_POINT('',(-1.570796326795,-1.570796326795));
#9980 = CARTESIAN_POINT('',(-1.570796326795,0.));
#9981 = ( GEOMETRIC_REPRESENTATION_CONTEXT(2) 
PARAMETRIC_REPRESENTATION_CONTEXT() REPRESENTATION_CONTEXT('2D SPACE',''
  ) );
#9982 = ORIENTED_EDGE('',*,*,#498,.T.);
#9983 = ORIENTED_EDGE('',*,*,#7220,.T.);
#9984 = ORIENTED_EDGE('',*,*,#6549,.T.);
#9985 = ADVANCED_FACE('',(#9986),#326,.T.);
#9986 = FACE_BOUND('',#9987,.F.);
#9987 = EDGE_LOOP('',(#9988,#9989,#9990));
#9988 = ORIENTED_EDGE('',*,*,#310,.F.);
#9989 = ORIENTED_EDGE('',*,*,#9963,.T.);
#9990 = ORIENTED_EDGE('',*,*,#9991,.F.);
#9991 = EDGE_CURVE('',#24,#6552,#9992,.T.);
#9992 = SURFACE_CURVE('',#9993,(#9998,#10005),.PCURVE_S1.);
#9993 = CIRCLE('',#9994,1.);
#9994 = AXIS2_PLACEMENT_3D('',#9995,#9996,#9997);
#9995 = CARTESIAN_POINT('',(-79.4,-28.,2.5));
#9996 = DIRECTION('',(0.,0.,1.));
#9997 = DIRECTION('',(-1.,0.,0.));
#9998 = PCURVE('',#326,#9999);
#9999 = DEFINITIONAL_REPRESENTATION('',(#10000),#10004);
#10000 = LINE('',#10001,#10002);
#10001 = CARTESIAN_POINT('',(-0.,0.));
#10002 = VECTOR('',#10003,1.);
#10003 = DIRECTION('',(-1.,0.));
#10004 = ( GEOMETRIC_REPRESENTATION_CONTEXT(2) 
PARAMETRIC_REPRESENTATION_CONTEXT() REPRESENTATION_CONTEXT('2D SPACE',''
  ) );
#10005 = PCURVE('',#44,#10006);
#10006 = DEFINITIONAL_REPRESENTATION('',(#10007),#10011);
#10007 = LINE('',#10008,#10009);
#10008 = CARTESIAN_POINT('',(0.,7.5));
#10009 = VECTOR('',#10010,1.);
#10010 = DIRECTION('',(1.,0.));
#10011 = ( GEOMETRIC_REPRESENTATION_CONTEXT(2) 
PARAMETRIC_REPRESENTATION_CONTEXT() REPRESENTATION_CONTEXT('2D SPACE',''
  ) );
#10012 = ADVANCED_FACE('',(#10013),#269,.T.);
#10013 = FACE_BOUND('',#10014,.T.);
#10014 = EDGE_LOOP('',(#10015,#10016,#10017,#10018,#10019,#10020,#10021,
    #10022,#10023,#10024,#10025,#10026,#10027,#10028));
#10015 = ORIENTED_EDGE('',*,*,#252,.F.);
#10016 = ORIENTED_EDGE('',*,*,#365,.F.);
#10017 = ORIENTED_EDGE('',*,*,#827,.F.);
#10018 = ORIENTED_EDGE('',*,*,#9928,.T.);
#10019 = ORIENTED_EDGE('',*,*,#776,.F.);
#10020 = ORIENTED_EDGE('',*,*,#9749,.T.);
#10021 = ORIENTED_EDGE('',*,*,#5614,.F.);
#10022 = ORIENTED_EDGE('',*,*,#5431,.T.);
#10023 = ORIENTED_EDGE('',*,*,#5887,.T.);
#10024 = ORIENTED_EDGE('',*,*,#5767,.F.);
#10025 = ORIENTED_EDGE('',*,*,#8782,.F.);
#10026 = ORIENTED_EDGE('',*,*,#8027,.T.);
#10027 = ORIENTED_EDGE('',*,*,#8192,.F.);
#10028 = ORIENTED_EDGE('',*,*,#10029,.T.);
#10029 = EDGE_CURVE('',#8150,#225,#10030,.T.);
#10030 = SURFACE_CURVE('',#10031,(#10059,#10110),.PCURVE_S1.);
#10031 = B_SPLINE_CURVE_WITH_KNOTS('',6,(#10032,#10033,#10034,#10035,
    #10036,#10037,#10038,#10039,#10040,#10041,#10042,#10043,#10044,
    #10045,#10046,#10047,#10048,#10049,#10050,#10051,#10052,#10053,
    #10054,#10055,#10056,#10057,#10058),.UNSPECIFIED.,.F.,.F.,(7,5,5,5,5
    ,7),(0.680132649183,0.94705950769,1.057024446912,1.327869134857,
    1.56112010904,1.680132649183),.UNSPECIFIED.);
#10032 = CARTESIAN_POINT('',(-79.4,-4.153311931459,-5.));
#10033 = CARTESIAN_POINT('',(-79.47481155171,-4.153311931459,-5.));
#10034 = CARTESIAN_POINT('',(-79.54928042256,-4.16139699193,
    -4.993283916891));
#10035 = CARTESIAN_POINT('',(-79.6225069446,-4.177429551341,
    -4.979966871263));
#10036 = CARTESIAN_POINT('',(-79.69358929058,-4.200827208314,
    -4.960364136525));
#10037 = CARTESIAN_POINT('',(-79.76162669042,-4.23057248966,
    -4.93501497511));
#10038 = CARTESIAN_POINT('',(-79.85220801786,-4.279587951365,
    -4.892390637872));
#10039 = CARTESIAN_POINT('',(-79.87803918334,-4.294765844515,
    -4.879104052454));
#10040 = CARTESIAN_POINT('',(-79.90325307621,-4.310755424862,
    -4.865002245789));
#10041 = CARTESIAN_POINT('',(-79.92783073474,-4.327492819639,
    -4.850119815678));
#10042 = CARTESIAN_POINT('',(-79.95175394723,-4.344915349527,
    -4.834491008142));
#10043 = CARTESIAN_POINT('',(-80.03227343625,-4.407409438935,
    -4.777900963447));
#10044 = CARTESIAN_POINT('',(-80.0854648887,-4.455640670469,
    -4.733331229081));
#10045 = CARTESIAN_POINT('',(-80.13444793841,-4.506837300538,
    -4.684859511387));
#10046 = CARTESIAN_POINT('',(-80.17909120974,-4.560320061302,
    -4.632823329809));
#10047 = CARTESIAN_POINT('',(-80.21923879578,-4.615523553273,
    -4.577503054468));
#10048 = CARTESIAN_POINT('',(-80.28521201301,-4.720584296844,
    -4.468889442529));
#10049 = CARTESIAN_POINT('',(-80.31226398322,-4.770138640452,
    -4.416361118101));
#10050 = CARTESIAN_POINT('',(-80.33568505841,-4.820300981483,
    -4.361746741793));
#10051 = CARTESIAN_POINT('',(-80.35529867968,-4.870765833619,
    -4.305238198325));
#10052 = CARTESIAN_POINT('',(-80.37090656329,-4.921252620226,
    -4.247040967399));
#10053 = CARTESIAN_POINT('',(-80.38809406257,-4.997141783077,
    -4.156940940863));
#10054 = CARTESIAN_POINT('',(-80.39279925586,-5.022714675554,
    -4.126125420412));
#10055 = CARTESIAN_POINT('',(-80.39637167763,-5.048176419821,
    -4.094977411018));
#10056 = CARTESIAN_POINT('',(-80.39878145595,-5.073484117239,
    -4.063541901997));
#10057 = CARTESIAN_POINT('',(-80.4,-5.098596790371,-4.031866214199));
#10058 = CARTESIAN_POINT('',(-80.4,-5.12347538298,-4.));
#10059 = PCURVE('',#269,#10060);
#10060 = DEFINITIONAL_REPRESENTATION('',(#10061),#10109);
#10061 = B_SPLINE_CURVE_WITH_KNOTS('',3,(#10062,#10063,#10064,#10065,
    #10066,#10067,#10068,#10069,#10070,#10071,#10072,#10073,#10074,
    #10075,#10076,#10077,#10078,#10079,#10080,#10081,#10082,#10083,
    #10084,#10085,#10086,#10087,#10088,#10089,#10090,#10091,#10092,
    #10093,#10094,#10095,#10096,#10097,#10098,#10099,#10100,#10101,
    #10102,#10103,#10104,#10105,#10106,#10107,#10108),.UNSPECIFIED.,.F.,
  .F.,(4,1,1,1,1,1,1,1,1,1,1,1,1,1,1,1,1,1,1,1,1,1,1,1,1,1,1,1,1,1,1,1,1
    ,1,1,1,1,1,1,1,1,1,1,1,4),(0.680132649183,0.70285992191,
    0.725587194637,0.748314467364,0.771041740092,0.793769012819,
    0.816496285546,0.839223558274,0.861950831001,0.884678103728,
    0.907405376455,0.930132649183,0.95285992191,0.975587194637,
    0.998314467364,1.021041740092,1.043769012819,1.066496285546,
    1.089223558274,1.111950831001,1.134678103728,1.157405376455,
    1.180132649183,1.20285992191,1.225587194637,1.248314467364,
    1.271041740092,1.293769012819,1.316496285546,1.339223558273,
    1.361950831001,1.384678103728,1.407405376455,1.430132649183,
    1.45285992191,1.475587194637,1.498314467364,1.521041740092,
    1.543769012819,1.566496285546,1.589223558273,1.611950831001,
    1.634678103728,1.657405376455,1.680132649183),
  .QUASI_UNIFORM_KNOTS.);
#10062 = CARTESIAN_POINT('',(2.448432746013,6.4));
#10063 = CARTESIAN_POINT('',(2.448432860457,6.387260462462));
#10064 = CARTESIAN_POINT('',(2.448315428115,6.361806224599));
#10065 = CARTESIAN_POINT('',(2.447790532562,6.323766054812));
#10066 = CARTESIAN_POINT('',(2.446920586765,6.285933748712));
#10067 = CARTESIAN_POINT('',(2.445711177004,6.248375978408));
#10068 = CARTESIAN_POINT('',(2.444169134281,6.211159351752));
#10069 = CARTESIAN_POINT('',(2.44230271585,6.174350361684));
#10070 = CARTESIAN_POINT('',(2.440121560241,6.138015260073));
#10071 = CARTESIAN_POINT('',(2.437636727328,6.102220131268));
#10072 = CARTESIAN_POINT('',(2.434860630986,6.067030149103));
#10073 = CARTESIAN_POINT('',(2.431807323609,6.032511807138));
#10074 = CARTESIAN_POINT('',(2.42849148902,5.998723979259));
#10075 = CARTESIAN_POINT('',(2.424932259626,5.965750592401));
#10076 = CARTESIAN_POINT('',(2.421137219203,5.933561777181));
#10077 = CARTESIAN_POINT('',(2.417115910518,5.902160963392));
#10078 = CARTESIAN_POINT('',(2.412880347905,5.871572797968));
#10079 = CARTESIAN_POINT('',(2.408441672225,5.841815370981));
#10080 = CARTESIAN_POINT('',(2.403811232986,5.812908826744));
#10081 = CARTESIAN_POINT('',(2.398999505922,5.784868106521));
#10082 = CARTESIAN_POINT('',(2.394015512123,5.757701595809));
#10083 = CARTESIAN_POINT('',(2.388868025677,5.731419014719));
#10084 = CARTESIAN_POINT('',(2.383565352765,5.706029927035));
#10085 = CARTESIAN_POINT('',(2.378115411459,5.681544233986));
#10086 = CARTESIAN_POINT('',(2.372525731139,5.657972136299));
#10087 = CARTESIAN_POINT('',(2.366803473433,5.635324238423));
#10088 = CARTESIAN_POINT('',(2.360955448186,5.613611615789));
#10089 = CARTESIAN_POINT('',(2.354988128506,5.592845887746));
#10090 = CARTESIAN_POINT('',(2.348907675252,5.573039304766));
#10091 = CARTESIAN_POINT('',(2.34271992547,5.55420477291));
#10092 = CARTESIAN_POINT('',(2.336430516396,5.536356114943));
#10093 = CARTESIAN_POINT('',(2.330043709622,5.519505253167));
#10094 = CARTESIAN_POINT('',(2.323565602191,5.503670874553));
#10095 = CARTESIAN_POINT('',(2.317001948611,5.488871480073));
#10096 = CARTESIAN_POINT('',(2.310358496021,5.475126481157));
#10097 = CARTESIAN_POINT('',(2.303640906554,5.462455918279));
#10098 = CARTESIAN_POINT('',(2.29685478668,5.450880545166));
#10099 = CARTESIAN_POINT('',(2.290005702196,5.440421828393));
#10100 = CARTESIAN_POINT('',(2.283099144373,5.4311019198));
#10101 = CARTESIAN_POINT('',(2.276140706595,5.422943822238));
#10102 = CARTESIAN_POINT('',(2.269135468533,5.415970809182));
#10103 = CARTESIAN_POINT('',(2.262090573746,5.410208858699));
#10104 = CARTESIAN_POINT('',(2.255014038578,5.405683983048));
#10105 = CARTESIAN_POINT('',(2.247913363415,5.402421024174));
#10106 = CARTESIAN_POINT('',(2.240796228089,5.400444416897));
#10107 = CARTESIAN_POINT('',(2.236045628762,5.399999948889));
#10108 = CARTESIAN_POINT('',(2.233670150445,5.4));
#10109 = ( GEOMETRIC_REPRESENTATION_CONTEXT(2) 
PARAMETRIC_REPRESENTATION_CONTEXT() REPRESENTATION_CONTEXT('2D SPACE',''
  ) );
#10110 = PCURVE('',#240,#10111);
#10111 = DEFINITIONAL_REPRESENTATION('',(#10112),#10160);
#10112 = B_SPLINE_CURVE_WITH_KNOTS('',3,(#10113,#10114,#10115,#10116,
    #10117,#10118,#10119,#10120,#10121,#10122,#10123,#10124,#10125,
    #10126,#10127,#10128,#10129,#10130,#10131,#10132,#10133,#10134,
    #10135,#10136,#10137,#10138,#10139,#10140,#10141,#10142,#10143,
    #10144,#10145,#10146,#10147,#10148,#10149,#10150,#10151,#10152,
    #10153,#10154,#10155,#10156,#10157,#10158,#10159),.UNSPECIFIED.,.F.,
  .F.,(4,1,1,1,1,1,1,1,1,1,1,1,1,1,1,1,1,1,1,1,1,1,1,1,1,1,1,1,1,1,1,1,1
    ,1,1,1,1,1,1,1,1,1,1,1,4),(0.680132649183,0.70285992191,
    0.725587194637,0.748314467364,0.771041740092,0.793769012819,
    0.816496285546,0.839223558274,0.861950831001,0.884678103728,
    0.907405376455,0.930132649183,0.95285992191,0.975587194637,
    0.998314467364,1.021041740092,1.043769012819,1.066496285546,
    1.089223558274,1.111950831001,1.134678103728,1.157405376455,
    1.180132649183,1.20285992191,1.225587194637,1.248314467364,
    1.271041740092,1.293769012819,1.316496285546,1.339223558273,
    1.361950831001,1.384678103728,1.407405376455,1.430132649183,
    1.45285992191,1.475587194637,1.498314467364,1.521041740092,
    1.543769012819,1.566496285546,1.589223558273,1.611950831001,
    1.634678103728,1.657405376455,1.680132649183),
  .QUASI_UNIFORM_KNOTS.);
#10113 = CARTESIAN_POINT('',(-1.570796326795,24.846688068541));
#10114 = CARTESIAN_POINT('',(-1.558056868259,24.846688765538));
#10115 = CARTESIAN_POINT('',(-1.532602495138,24.846101382242));
#10116 = CARTESIAN_POINT('',(-1.494506811125,24.843477553812));
#10117 = CARTESIAN_POINT('',(-1.456508816124,24.839131282081));
#10118 = CARTESIAN_POINT('',(-1.41862183013,24.833094315918));
#10119 = CARTESIAN_POINT('',(-1.380860448939,24.825405809463));
#10120 = CARTESIAN_POINT('',(-1.343240921726,24.816113295941));
#10121 = CARTESIAN_POINT('',(-1.305781324808,24.805272267182));
#10122 = CARTESIAN_POINT('',(-1.268502037923,24.79294621743));
#10123 = CARTESIAN_POINT('',(-1.231425343141,24.779206118649));
#10124 = CARTESIAN_POINT('',(-1.194578391271,24.764131599878));
#10125 = CARTESIAN_POINT('',(-1.157983765758,24.747805773242));
#10126 = CARTESIAN_POINT('',(-1.121696506,24.730333663632));
#10127 = CARTESIAN_POINT('',(-1.085650018218,24.711763541627));
#10128 = CARTESIAN_POINT('',(-1.049813186828,24.692153738556));
#10129 = CARTESIAN_POINT('',(-1.014180376454,24.671574533847));
#10130 = CARTESIAN_POINT('',(-0.978740150626,24.65009181002));
#10131 = CARTESIAN_POINT('',(-0.943484922936,24.627772385546));
#10132 = CARTESIAN_POINT('',(-0.908402397892,24.604678497852));
#10133 = CARTESIAN_POINT('',(-0.873472785107,24.580865182534));
#10134 = CARTESIAN_POINT('',(-0.838678139411,24.556386014083));
#10135 = CARTESIAN_POINT('',(-0.804000418643,24.531292028166));
#10136 = CARTESIAN_POINT('',(-0.769421913844,24.505632104499));
#10137 = CARTESIAN_POINT('',(-0.734925049931,24.479452958554));
#10138 = CARTESIAN_POINT('',(-0.700492359097,24.452799237348));
#10139 = CARTESIAN_POINT('',(-0.666106415153,24.425713590071));
#10140 = CARTESIAN_POINT('',(-0.63174976867,24.398236735255));
#10141 = CARTESIAN_POINT('',(-0.597404930184,24.370407566971));
#10142 = CARTESIAN_POINT('',(-0.563054167383,24.342263108358));
#10143 = CARTESIAN_POINT('',(-0.528680000213,24.313839036793));
#10144 = CARTESIAN_POINT('',(-0.49425873787,24.285164530365));
#10145 = CARTESIAN_POINT('',(-0.459777717212,24.256276641819));
#10146 = CARTESIAN_POINT('',(-0.425222947094,24.227210364218));
#10147 = CARTESIAN_POINT('',(-0.390580892227,24.198000145996));
#10148 = CARTESIAN_POINT('',(-0.355837910145,24.168679513294));
#10149 = CARTESIAN_POINT('',(-0.320980293541,24.139281183627));
#10150 = CARTESIAN_POINT('',(-0.285994217971,24.109837106971));
#10151 = CARTESIAN_POINT('',(-0.250865442887,24.080378305809));
#10152 = CARTESIAN_POINT('',(-0.215580074608,24.050935591944));
#10153 = CARTESIAN_POINT('',(-0.180121309494,24.021536977281));
#10154 = CARTESIAN_POINT('',(-0.144482362039,23.992218404735));
#10155 = CARTESIAN_POINT('',(-0.108660287501,23.963018474857));
#10156 = CARTESIAN_POINT('',(-7.264895652273E-02,23.93397253941));
#10157 = CARTESIAN_POINT('',(-3.644261348155E-02,23.905115739965));
#10158 = CARTESIAN_POINT('',(-1.217064518787E-02,23.886026439222));
#10159 = CARTESIAN_POINT('',(0.,23.87652461702));
#10160 = ( GEOMETRIC_REPRESENTATION_CONTEXT(2) 
PARAMETRIC_REPRESENTATION_CONTEXT() REPRESENTATION_CONTEXT('2D SPACE',''
  ) );
#10161 = ADVANCED_FACE('',(#10162),#240,.T.);
#10162 = FACE_BOUND('',#10163,.F.);
#10163 = EDGE_LOOP('',(#10164,#10165,#10166,#10167,#10168));
#10164 = ORIENTED_EDGE('',*,*,#8270,.F.);
#10165 = ORIENTED_EDGE('',*,*,#8147,.T.);
#10166 = ORIENTED_EDGE('',*,*,#10029,.T.);
#10167 = ORIENTED_EDGE('',*,*,#224,.F.);
#10168 = ORIENTED_EDGE('',*,*,#10169,.F.);
#10169 = EDGE_CURVE('',#8271,#197,#10170,.T.);
#10170 = SURFACE_CURVE('',#10171,(#10176,#10186),.PCURVE_S1.);
#10171 = ELLIPSE('',#10172,1.414213562373,1.);
#10172 = AXIS2_PLACEMENT_3D('',#10173,#10174,#10175);
#10173 = CARTESIAN_POINT('',(-79.4,-18.3,-4.));
#10174 = DIRECTION('',(0.,0.707106781187,0.707106781187));
#10175 = DIRECTION('',(0.,0.707106781187,-0.707106781187));
#10176 = PCURVE('',#240,#10177);
#10177 = DEFINITIONAL_REPRESENTATION('',(#10178),#10185);
#10178 = B_SPLINE_CURVE_WITH_KNOTS('',5,(#10179,#10180,#10181,#10182,
    #10183,#10184),.UNSPECIFIED.,.F.,.F.,(6,6),(1.047196858376,
    1.570796326795),.PIECEWISE_BEZIER_KNOTS.);
#10179 = CARTESIAN_POINT('',(-0.523599468419,11.2000006));
#10180 = CARTESIAN_POINT('',(-0.418879574735,11.109310548065));
#10181 = CARTESIAN_POINT('',(-0.314159681051,11.011766757118));
#10182 = CARTESIAN_POINT('',(-0.209439787368,10.909439931149));
#10183 = CARTESIAN_POINT('',(-0.104719893684,10.804719893684));
#10184 = CARTESIAN_POINT('',(0.,10.7));
#10185 = ( GEOMETRIC_REPRESENTATION_CONTEXT(2) 
PARAMETRIC_REPRESENTATION_CONTEXT() REPRESENTATION_CONTEXT('2D SPACE',''
  ) );
#10186 = PCURVE('',#212,#10187);
#10187 = DEFINITIONAL_REPRESENTATION('',(#10188),#10195);
#10188 = B_SPLINE_CURVE_WITH_KNOTS('',5,(#10189,#10190,#10191,#10192,
    #10193,#10194),.UNSPECIFIED.,.F.,.F.,(6,6),(1.047196858376,
    1.570796326795),.PIECEWISE_BEZIER_KNOTS.);
#10189 = CARTESIAN_POINT('',(-0.523599468419,0.9999994));
#10190 = CARTESIAN_POINT('',(-0.418879574735,1.090689451935));
#10191 = CARTESIAN_POINT('',(-0.314159681051,1.188233242882));
#10192 = CARTESIAN_POINT('',(-0.209439787368,1.290560068851));
#10193 = CARTESIAN_POINT('',(-0.104719893684,1.395280106316));
#10194 = CARTESIAN_POINT('',(0.,1.5));
#10195 = ( GEOMETRIC_REPRESENTATION_CONTEXT(2) 
PARAMETRIC_REPRESENTATION_CONTEXT() REPRESENTATION_CONTEXT('2D SPACE',''
  ) );
#10196 = ADVANCED_FACE('',(#10197),#212,.T.);
#10197 = FACE_BOUND('',#10198,.F.);
#10198 = EDGE_LOOP('',(#10199,#10200,#10201));
#10199 = ORIENTED_EDGE('',*,*,#196,.F.);
#10200 = ORIENTED_EDGE('',*,*,#8365,.T.);
#10201 = ORIENTED_EDGE('',*,*,#10169,.T.);
#10202 = ADVANCED_FACE('',(#10203),#184,.T.);
#10203 = FACE_BOUND('',#10204,.F.);
#10204 = EDGE_LOOP('',(#10205,#10206,#10207,#10208));
#10205 = ORIENTED_EDGE('',*,*,#7688,.F.);
#10206 = ORIENTED_EDGE('',*,*,#5990,.T.);
#10207 = ORIENTED_EDGE('',*,*,#8249,.T.);
#10208 = ORIENTED_EDGE('',*,*,#168,.F.);
#10209 = ADVANCED_FACE('',(#10210),#156,.T.);
#10210 = FACE_BOUND('',#10211,.T.);
#10211 = EDGE_LOOP('',(#10212,#10213,#10214));
#10212 = ORIENTED_EDGE('',*,*,#140,.F.);
#10213 = ORIENTED_EDGE('',*,*,#7789,.T.);
#10214 = ORIENTED_EDGE('',*,*,#10215,.T.);
#10215 = EDGE_CURVE('',#7710,#113,#10216,.T.);
#10216 = SURFACE_CURVE('',#10217,(#10222,#10232),.PCURVE_S1.);
#10217 = ELLIPSE('',#10218,1.414213562373,1.);
#10218 = AXIS2_PLACEMENT_3D('',#10219,#10220,#10221);
#10219 = CARTESIAN_POINT('',(-79.4,-22.3,-4.));
#10220 = DIRECTION('',(0.,0.707106781187,-0.707106781187));
#10221 = DIRECTION('',(0.,0.707106781187,0.707106781187));
#10222 = PCURVE('',#156,#10223);
#10223 = DEFINITIONAL_REPRESENTATION('',(#10224),#10231);
#10224 = B_SPLINE_CURVE_WITH_KNOTS('',5,(#10225,#10226,#10227,#10228,
    #10229,#10230),.UNSPECIFIED.,.F.,.F.,(6,6),(4.188789511966,
    4.712388980385),.PIECEWISE_BEZIER_KNOTS.);
#10225 = CARTESIAN_POINT('',(0.523599468419,0.9999994));
#10226 = CARTESIAN_POINT('',(0.418879574735,1.090689451935));
#10227 = CARTESIAN_POINT('',(0.314159681051,1.188233242882));
#10228 = CARTESIAN_POINT('',(0.209439787368,1.290560068851));
#10229 = CARTESIAN_POINT('',(0.104719893684,1.395280106316));
#10230 = CARTESIAN_POINT('',(0.,1.5));
#10231 = ( GEOMETRIC_REPRESENTATION_CONTEXT(2) 
PARAMETRIC_REPRESENTATION_CONTEXT() REPRESENTATION_CONTEXT('2D SPACE',''
  ) );
#10232 = PCURVE('',#128,#10233);
#10233 = DEFINITIONAL_REPRESENTATION('',(#10234),#10241);
#10234 = B_SPLINE_CURVE_WITH_KNOTS('',5,(#10235,#10236,#10237,#10238,
    #10239,#10240),.UNSPECIFIED.,.F.,.F.,(6,6),(4.188789511966,
    4.712388980385),.PIECEWISE_BEZIER_KNOTS.);
#10235 = CARTESIAN_POINT('',(-0.523599468419,6.1999994));
#10236 = CARTESIAN_POINT('',(-0.418879574735,6.290689451935));
#10237 = CARTESIAN_POINT('',(-0.314159681051,6.388233242882));
#10238 = CARTESIAN_POINT('',(-0.209439787368,6.490560068851));
#10239 = CARTESIAN_POINT('',(-0.104719893684,6.595280106316));
#10240 = CARTESIAN_POINT('',(0.,6.7));
#10241 = ( GEOMETRIC_REPRESENTATION_CONTEXT(2) 
PARAMETRIC_REPRESENTATION_CONTEXT() REPRESENTATION_CONTEXT('2D SPACE',''
  ) );
#10242 = ADVANCED_FACE('',(#10243),#128,.T.);
#10243 = FACE_BOUND('',#10244,.F.);
#10244 = EDGE_LOOP('',(#10245,#10277,#10278,#10279,#10280));
#10245 = ORIENTED_EDGE('',*,*,#10246,.F.);
#10246 = EDGE_CURVE('',#6118,#85,#10247,.T.);
#10247 = SURFACE_CURVE('',#10248,(#10253,#10265),.PCURVE_S1.);
#10248 = ELLIPSE('',#10249,1.414213562373,1.);
#10249 = AXIS2_PLACEMENT_3D('',#10250,#10251,#10252);
#10250 = CARTESIAN_POINT('',(-79.4,-25.4,-4.));
#10251 = DIRECTION('',(0.,0.707106781187,0.707106781187));
#10252 = DIRECTION('',(0.,0.707106781187,-0.707106781187));
#10253 = PCURVE('',#128,#10254);
#10254 = DEFINITIONAL_REPRESENTATION('',(#10255),#10264);
#10255 = B_SPLINE_CURVE_WITH_KNOTS('',7,(#10256,#10257,#10258,#10259,
    #10260,#10261,#10262,#10263),.UNSPECIFIED.,.F.,.F.,(8,8),(0.,
    1.570796326795),.PIECEWISE_BEZIER_KNOTS.);
#10256 = CARTESIAN_POINT('',(-1.570796326795,4.6));
#10257 = CARTESIAN_POINT('',(-1.346396851538,4.6));
#10258 = CARTESIAN_POINT('',(-1.121997376282,4.54125132739));
#10259 = CARTESIAN_POINT('',(-0.897597901026,4.423762504624));
#10260 = CARTESIAN_POINT('',(-0.673198425769,4.254746825776));
#10261 = CARTESIAN_POINT('',(-0.448798950513,4.048798039319));
#10262 = CARTESIAN_POINT('',(-0.224399475256,3.824399475256));
#10263 = CARTESIAN_POINT('',(0.,3.6));
#10264 = ( GEOMETRIC_REPRESENTATION_CONTEXT(2) 
PARAMETRIC_REPRESENTATION_CONTEXT() REPRESENTATION_CONTEXT('2D SPACE',''
  ) );
#10265 = PCURVE('',#100,#10266);
#10266 = DEFINITIONAL_REPRESENTATION('',(#10267),#10276);
#10267 = B_SPLINE_CURVE_WITH_KNOTS('',7,(#10268,#10269,#10270,#10271,
    #10272,#10273,#10274,#10275),.UNSPECIFIED.,.F.,.F.,(8,8),(0.,
    1.570796326795),.PIECEWISE_BEZIER_KNOTS.);
#10268 = CARTESIAN_POINT('',(-1.570796326795,69.));
#10269 = CARTESIAN_POINT('',(-1.346396851538,69.));
#10270 = CARTESIAN_POINT('',(-1.121997376282,69.058748672605));
#10271 = CARTESIAN_POINT('',(-0.897597901026,69.176237495369));
#10272 = CARTESIAN_POINT('',(-0.67319842577,69.34525317423));
#10273 = CARTESIAN_POINT('',(-0.448798950513,69.551201960679));
#10274 = CARTESIAN_POINT('',(-0.224399475256,69.775600524744));
#10275 = CARTESIAN_POINT('',(0.,70.));
#10276 = ( GEOMETRIC_REPRESENTATION_CONTEXT(2) 
PARAMETRIC_REPRESENTATION_CONTEXT() REPRESENTATION_CONTEXT('2D SPACE',''
  ) );
#10277 = ORIENTED_EDGE('',*,*,#7271,.T.);
#10278 = ORIENTED_EDGE('',*,*,#7709,.F.);
#10279 = ORIENTED_EDGE('',*,*,#10215,.T.);
#10280 = ORIENTED_EDGE('',*,*,#112,.F.);
#10281 = ADVANCED_FACE('',(#10282),#100,.T.);
#10282 = FACE_BOUND('',#10283,.F.);
#10283 = EDGE_LOOP('',(#10284,#10285,#10286,#10287));
#10284 = ORIENTED_EDGE('',*,*,#84,.F.);
#10285 = ORIENTED_EDGE('',*,*,#7469,.T.);
#10286 = ORIENTED_EDGE('',*,*,#6117,.T.);
#10287 = ORIENTED_EDGE('',*,*,#10246,.T.);
#10288 = ADVANCED_FACE('',(#10289),#72,.T.);
#10289 = FACE_BOUND('',#10290,.F.);
#10290 = EDGE_LOOP('',(#10291,#10292,#10293,#10294));
#10291 = ORIENTED_EDGE('',*,*,#7121,.F.);
#10292 = ORIENTED_EDGE('',*,*,#7072,.T.);
#10293 = ORIENTED_EDGE('',*,*,#7448,.T.);
#10294 = ORIENTED_EDGE('',*,*,#56,.F.);
#10295 = ADVANCED_FACE('',(#10296),#44,.T.);
#10296 = FACE_BOUND('',#10297,.T.);
#10297 = EDGE_LOOP('',(#10298,#10299,#10300,#10301));
#10298 = ORIENTED_EDGE('',*,*,#21,.F.);
#10299 = ORIENTED_EDGE('',*,*,#7142,.T.);
#10300 = ORIENTED_EDGE('',*,*,#6630,.T.);
#10301 = ORIENTED_EDGE('',*,*,#9991,.F.);
#10302 = ( GEOMETRIC_REPRESENTATION_CONTEXT(3) 
GLOBAL_UNCERTAINTY_ASSIGNED_CONTEXT((#10306)) 
GLOBAL_UNIT_ASSIGNED_CONTEXT((#10303,#10304,#10305)) 
REPRESENTATION_CONTEXT('Context #1',
  '3D Context with UNIT and UNCERTAINTY') );
#10303 = ( LENGTH_UNIT() NAMED_UNIT(*) SI_UNIT(.MILLI.,.METRE.) );
#10304 = ( NAMED_UNIT(*) PLANE_ANGLE_UNIT() SI_UNIT($,.RADIAN.) );
#10305 = ( NAMED_UNIT(*) SI_UNIT($,.STERADIAN.) SOLID_ANGLE_UNIT() );
#10306 = UNCERTAINTY_MEASURE_WITH_UNIT(LENGTH_MEASURE(2.E-07),#10303,
  'distance_accuracy_value','confusion accuracy');
#10307 = PRODUCT_RELATED_PRODUCT_CATEGORY('part',$,(#7));
ENDSEC;
END-ISO-10303-21;
