ISO-10303-21;
HEADER;
FILE_DESCRIPTION(('Open CASCADE Model'),'2;1');
FILE_NAME('Open CASCADE Shape Model','2026-09-29T16:42:39',('Author'),(
    'Open CASCADE'),'Open CASCADE STEP processor 7.9','Open CASCADE 7.9'
  ,'Unknown');
FILE_SCHEMA(('AUTOMOTIVE_DESIGN { 1 0 10303 214 1 1 1 1 }'));
ENDSEC;
DATA;
#1 = APPLICATION_PROTOCOL_DEFINITION('international standard',
  'automotive_design',2000,#2);
#2 = APPLICATION_CONTEXT(
  'core data for automotive mechanical design processes');
#3 = SHAPE_DEFINITION_REPRESENTATION(#4,#10);
#4 = PRODUCT_DEFINITION_SHAPE('','',#5);
#5 = PRODUCT_DEFINITION('design','',#6,#9);
#6 = PRODUCT_DEFINITION_FORMATION('','',#7);
#7 = PRODUCT('Open CASCADE STEP translator 7.9 12',
  'Open CASCADE STEP translator 7.9 12','',(#8));
#8 = PRODUCT_CONTEXT('',#2,'mechanical');
#9 = PRODUCT_DEFINITION_CONTEXT('part definition',#2,'design');
#10 = ADVANCED_BREP_SHAPE_REPRESENTATION('',(#11,#15),#4720);
#11 = AXIS2_PLACEMENT_3D('',#12,#13,#14);
#12 = CARTESIAN_POINT('',(0.,0.,0.));
#13 = DIRECTION('',(0.,0.,1.));
#14 = DIRECTION('',(1.,0.,-0.));
#15 = MANIFOLD_SOLID_BREP('',#16);
#16 = CLOSED_SHELL('',(#17,#479,#605,#792,#944,#1383,#1802,#1963,#2394,
    #2422,#2457,#2616,#2715,#2774,#2854,#2927,#2995,#3063,#3195,#3353,
    #3360,#3410,#3440,#3447,#3475,#3610,#3689,#3716,#3818,#4195,#4265,
    #4293,#4321,#4666,#4693));
#17 = ADVANCED_FACE('',(#18),#33,.T.);
#18 = FACE_BOUND('',#19,.T.);
#19 = EDGE_LOOP('',(#20,#62,#99,#169,#212,#254,#286,#412,#444));
#20 = ORIENTED_EDGE('',*,*,#21,.F.);
#21 = EDGE_CURVE('',#22,#24,#26,.T.);
#22 = VERTEX_POINT('',#23);
#23 = CARTESIAN_POINT('',(67.206851600395,-1.678605193881E-15,6.));
#24 = VERTEX_POINT('',#25);
#25 = CARTESIAN_POINT('',(67.206851600395,-0.418538842465,5.985384301559
    ));
#26 = SURFACE_CURVE('',#27,(#32,#50),.PCURVE_S1.);
#27 = CIRCLE('',#28,6.);
#28 = AXIS2_PLACEMENT_3D('',#29,#30,#31);
#29 = CARTESIAN_POINT('',(67.206851600395,0.,0.));
#30 = DIRECTION('',(1.,0.,0.));
#31 = DIRECTION('',(-0.,0.,1.));
#32 = PCURVE('',#33,#38);
#33 = SPHERICAL_SURFACE('',#34,20.6);
#34 = AXIS2_PLACEMENT_3D('',#35,#36,#37);
#35 = CARTESIAN_POINT('',(47.5,0.,0.));
#36 = DIRECTION('',(0.,0.,1.));
#37 = DIRECTION('',(1.,0.,-0.));
#38 = DEFINITIONAL_REPRESENTATION('',(#39),#49);
#39 = B_SPLINE_CURVE_WITH_KNOTS('',8,(#40,#41,#42,#43,#44,#45,#46,#47,
    #48),.UNSPECIFIED.,.F.,.F.,(9,9),(0.,6.981317007977E-02),
  .PIECEWISE_BEZIER_KNOTS.);
#40 = CARTESIAN_POINT('',(6.28318530718,0.295545911348));
#41 = CARTESIAN_POINT('',(6.280528369449,0.295545911348));
#42 = CARTESIAN_POINT('',(6.277871431728,0.295519412847));
#43 = CARTESIAN_POINT('',(6.275214859496,0.295466415874));
#44 = CARTESIAN_POINT('',(6.272559018235,0.295386925948));
#45 = CARTESIAN_POINT('',(6.269904273197,0.295280954082));
#46 = CARTESIAN_POINT('',(6.267250989177,0.295148516775));
#47 = CARTESIAN_POINT('',(6.26459953028,0.294989636005));
#48 = CARTESIAN_POINT('',(6.261950259702,0.294804339208));
#49 = ( GEOMETRIC_REPRESENTATION_CONTEXT(2) 
PARAMETRIC_REPRESENTATION_CONTEXT() REPRESENTATION_CONTEXT('2D SPACE',''
  ) );
#50 = PCURVE('',#51,#56);
#51 = CYLINDRICAL_SURFACE('',#52,6.);
#52 = AXIS2_PLACEMENT_3D('',#53,#54,#55);
#53 = CARTESIAN_POINT('',(66.6,0.,0.));
#54 = DIRECTION('',(1.,0.,0.));
#55 = DIRECTION('',(-0.,0.,1.));
#56 = DEFINITIONAL_REPRESENTATION('',(#57),#61);
#57 = LINE('',#58,#59);
#58 = CARTESIAN_POINT('',(0.,0.606851600395));
#59 = VECTOR('',#60,1.);
#60 = DIRECTION('',(1.,0.));
#61 = ( GEOMETRIC_REPRESENTATION_CONTEXT(2) 
PARAMETRIC_REPRESENTATION_CONTEXT() REPRESENTATION_CONTEXT('2D SPACE',''
  ) );
#62 = ORIENTED_EDGE('',*,*,#63,.F.);
#63 = EDGE_CURVE('',#64,#22,#66,.T.);
#64 = VERTEX_POINT('',#65);
#65 = CARTESIAN_POINT('',(67.206851600395,4.388122209715,4.091990160375)
  );
#66 = SURFACE_CURVE('',#67,(#72,#92),.PCURVE_S1.);
#67 = CIRCLE('',#68,6.);
#68 = AXIS2_PLACEMENT_3D('',#69,#70,#71);
#69 = CARTESIAN_POINT('',(67.206851600395,0.,0.));
#70 = DIRECTION('',(1.,0.,0.));
#71 = DIRECTION('',(-0.,0.,1.));
#72 = PCURVE('',#33,#73);
#73 = DEFINITIONAL_REPRESENTATION('',(#74),#91);
#74 = B_SPLINE_CURVE_WITH_KNOTS('',8,(#75,#76,#77,#78,#79,#80,#81,#82,
    #83,#84,#85,#86,#87,#88,#89,#90),.UNSPECIFIED.,.F.,.F.,(9,7,9),(
    5.462880558742,5.497787143782,6.28318530718),.UNSPECIFIED.);
#75 = CARTESIAN_POINT('',(6.502280801511,0.19997037825));
#76 = CARTESIAN_POINT('',(6.50141758755,0.200918732634));
#77 = CARTESIAN_POINT('',(6.500549378271,0.201862885368));
#78 = CARTESIAN_POINT('',(6.499676193293,0.202802807008));
#79 = CARTESIAN_POINT('',(6.498798052515,0.203738468231));
#80 = CARTESIAN_POINT('',(6.497914976118,0.204669839827));
#81 = CARTESIAN_POINT('',(6.497026984566,0.205596892709));
#82 = CARTESIAN_POINT('',(6.496134098609,0.206519597914));
#83 = CARTESIAN_POINT('',(6.475036754542,0.228100322151));
#84 = CARTESIAN_POINT('',(6.45237000273,0.246547098263));
#85 = CARTESIAN_POINT('',(6.427475497118,0.262449649566));
#86 = CARTESIAN_POINT('',(6.400665964286,0.27551168846));
#87 = CARTESIAN_POINT('',(6.372336570152,0.285484805288));
#88 = CARTESIAN_POINT('',(6.342966405028,0.292192194714));
#89 = CARTESIAN_POINT('',(6.313075856644,0.295545911348));
#90 = CARTESIAN_POINT('',(6.28318530718,0.295545911348));
#91 = ( GEOMETRIC_REPRESENTATION_CONTEXT(2) 
PARAMETRIC_REPRESENTATION_CONTEXT() REPRESENTATION_CONTEXT('2D SPACE',''
  ) );
#92 = PCURVE('',#51,#93);
#93 = DEFINITIONAL_REPRESENTATION('',(#94),#98);
#94 = LINE('',#95,#96);
#95 = CARTESIAN_POINT('',(0.,0.606851600395));
#96 = VECTOR('',#97,1.);
#97 = DIRECTION('',(1.,0.));
#98 = ( GEOMETRIC_REPRESENTATION_CONTEXT(2) 
PARAMETRIC_REPRESENTATION_CONTEXT() REPRESENTATION_CONTEXT('2D SPACE',''
  ) );
#99 = ORIENTED_EDGE('',*,*,#100,.F.);
#100 = EDGE_CURVE('',#101,#64,#103,.T.);
#101 = VERTEX_POINT('',#102);
#102 = CARTESIAN_POINT('',(27.793148399605,4.388122209715,4.091990160375
    ));
#103 = SURFACE_CURVE('',#104,(#109,#157),.PCURVE_S1.);
#104 = CIRCLE('',#105,20.6);
#105 = AXIS2_PLACEMENT_3D('',#106,#107,#108);
#106 = CARTESIAN_POINT('',(47.5,-4.845889805427E-15,5.196580599568E-15)
  );
#107 = DIRECTION('',(0.,0.681998360062,-0.731353701619));
#108 = DIRECTION('',(0.,0.731353701619,0.681998360062));
#109 = PCURVE('',#33,#110);
#110 = DEFINITIONAL_REPRESENTATION('',(#111),#156);
#111 = B_SPLINE_CURVE_WITH_KNOTS('',8,(#112,#113,#114,#115,#116,#117,
    #118,#119,#120,#121,#122,#123,#124,#125,#126,#127,#128,#129,#130,
    #131,#132,#133,#134,#135,#136,#137,#138,#139,#140,#141,#142,#143,
    #144,#145,#146,#147,#148,#149,#150,#151,#152,#153,#154,#155),
  .UNSPECIFIED.,.F.,.F.,(9,7,7,7,7,7,9),(5.007934891733,5.497787143782,
    6.08683576633,6.528622233241,6.859962083425,7.3569718587,
    7.558435722626),.UNSPECIFIED.);
#112 = CARTESIAN_POINT('',(9.205682468504,0.19997037999));
#113 = CARTESIAN_POINT('',(9.159060971571,0.24073189362));
#114 = CARTESIAN_POINT('',(9.11155909753,0.281009799741));
#115 = CARTESIAN_POINT('',(9.062923866306,0.320658435708));
#116 = CARTESIAN_POINT('',(9.012893420969,0.359520011393));
#117 = CARTESIAN_POINT('',(8.961195204371,0.39741933165));
#118 = CARTESIAN_POINT('',(8.907547608213,0.434158125911));
#119 = CARTESIAN_POINT('',(8.851670064892,0.469509240681));
#120 = CARTESIAN_POINT('',(8.723148770929,0.543749234044));
#121 = CARTESIAN_POINT('',(8.649401278674,0.581904846454));
#122 = CARTESIAN_POINT('',(8.571648757715,0.617238002396));
#123 = CARTESIAN_POINT('',(8.489541655468,0.649241178737));
#124 = CARTESIAN_POINT('',(8.402885066264,0.677353816139));
#125 = CARTESIAN_POINT('',(8.311799697831,0.700965174344));
#126 = CARTESIAN_POINT('',(8.216988920617,0.719540887903));
#127 = CARTESIAN_POINT('',(8.046447130749,0.742604128817));
#128 = CARTESIAN_POINT('',(7.971871882992,0.749452699415));
#129 = CARTESIAN_POINT('',(7.896268916577,0.753113139982));
#130 = CARTESIAN_POINT('',(7.820217085289,0.753487340909));
#131 = CARTESIAN_POINT('',(7.744385513446,0.750553060142));
#132 = CARTESIAN_POINT('',(7.6694154836,0.74437882724));
#133 = CARTESIAN_POINT('',(7.595827022419,0.73510009646));
#134 = CARTESIAN_POINT('',(7.470140145025,0.713744306001));
#135 = CARTESIAN_POINT('',(7.417268471574,0.702946751869));
#136 = CARTESIAN_POINT('',(7.365553538425,0.690579980394));
#137 = CARTESIAN_POINT('',(7.315114893256,0.676733974492));
#138 = CARTESIAN_POINT('',(7.266023984137,0.66150688398));
#139 = CARTESIAN_POINT('',(7.218309825108,0.644999482119));
#140 = CARTESIAN_POINT('',(7.171968970635,0.627310988828));
#141 = CARTESIAN_POINT('',(7.059480054384,0.580376541288));
#142 = CARTESIAN_POINT('',(6.995013548995,0.549773955348));
#143 = CARTESIAN_POINT('',(6.933479875913,0.517052788476));
#144 = CARTESIAN_POINT('',(6.874659303627,0.48251815568));
#145 = CARTESIAN_POINT('',(6.818276081415,0.446441185804));
#146 = CARTESIAN_POINT('',(6.764038494654,0.409059144821));
#147 = CARTESIAN_POINT('',(6.711657013657,0.370582271096));
#148 = CARTESIAN_POINT('',(6.640252854728,0.315233716383));
#149 = CARTESIAN_POINT('',(6.619915860839,0.299120217682));
#150 = CARTESIAN_POINT('',(6.599818431354,0.282870153033));
#151 = CARTESIAN_POINT('',(6.579941903439,0.266495422257));
#152 = CARTESIAN_POINT('',(6.560267869805,0.250007387968));
#153 = CARTESIAN_POINT('',(6.540778201545,0.23341694004));
#154 = CARTESIAN_POINT('',(6.521455045023,0.216734558938));
#155 = CARTESIAN_POINT('',(6.502280801021,0.199970377759));
#156 = ( GEOMETRIC_REPRESENTATION_CONTEXT(2) 
PARAMETRIC_REPRESENTATION_CONTEXT() REPRESENTATION_CONTEXT('2D SPACE',''
  ) );
#157 = PCURVE('',#158,#163);
#158 = PLANE('',#159);
#159 = AXIS2_PLACEMENT_3D('',#160,#161,#162);
#160 = CARTESIAN_POINT('',(17.5,58.508296129534,54.559868805));
#161 = DIRECTION('',(0.,0.681998360062,-0.731353701619));
#162 = DIRECTION('',(0.,-0.731353701619,-0.681998360062));
#163 = DEFINITIONAL_REPRESENTATION('',(#164),#168);
#164 = CIRCLE('',#165,20.6);
#165 = AXIS2_PLACEMENT_2D('',#166,#167);
#166 = CARTESIAN_POINT('',(80.,-30.));
#167 = DIRECTION('',(-1.,0.));
#168 = ( GEOMETRIC_REPRESENTATION_CONTEXT(2) 
PARAMETRIC_REPRESENTATION_CONTEXT() REPRESENTATION_CONTEXT('2D SPACE',''
  ) );
#169 = ORIENTED_EDGE('',*,*,#170,.T.);
#170 = EDGE_CURVE('',#101,#171,#173,.T.);
#171 = VERTEX_POINT('',#172);
#172 = CARTESIAN_POINT('',(27.793148399605,-0.418538842465,
    5.985384301559));
#173 = SURFACE_CURVE('',#174,(#179,#200),.PCURVE_S1.);
#174 = CIRCLE('',#175,6.);
#175 = AXIS2_PLACEMENT_3D('',#176,#177,#178);
#176 = CARTESIAN_POINT('',(27.793148399605,0.,0.));
#177 = DIRECTION('',(1.,0.,0.));
#178 = DIRECTION('',(-0.,0.731353701619,0.681998360062));
#179 = PCURVE('',#33,#180);
#180 = DEFINITIONAL_REPRESENTATION('',(#181),#199);
#181 = B_SPLINE_CURVE_WITH_KNOTS('',8,(#182,#183,#184,#185,#186,#187,
    #188,#189,#190,#191,#192,#193,#194,#195,#196,#197,#198),
  .UNSPECIFIED.,.F.,.F.,(9,7,1,9),(0.,3.490658503988E-02,0.820304748437,
    0.890117918517),.UNSPECIFIED.);
#182 = CARTESIAN_POINT('',(9.205682466438,0.19997037825));
#183 = CARTESIAN_POINT('',(9.206545680399,0.200918732634));
#184 = CARTESIAN_POINT('',(9.207413889678,0.201862885368));
#185 = CARTESIAN_POINT('',(9.208287074656,0.202802807008));
#186 = CARTESIAN_POINT('',(9.209165215434,0.203738468231));
#187 = CARTESIAN_POINT('',(9.210048291831,0.204669839827));
#188 = CARTESIAN_POINT('',(9.210936283383,0.205596892709));
#189 = CARTESIAN_POINT('',(9.21182916934,0.206519597914));
#190 = CARTESIAN_POINT('',(9.232926513407,0.228100322151));
#191 = CARTESIAN_POINT('',(9.257608087603,0.248186811695));
#192 = CARTESIAN_POINT('',(9.28493106271,0.265256667281));
#193 = CARTESIAN_POINT('',(9.314491686019,0.278927360077));
#194 = CARTESIAN_POINT('',(9.345770308007,0.288883583869));
#195 = CARTESIAN_POINT('',(9.378129110771,0.294914037494));
#196 = CARTESIAN_POINT('',(9.410883366242,0.296935926705));
#197 = CARTESIAN_POINT('',(9.443363737668,0.294989636005));
#198 = CARTESIAN_POINT('',(9.446013008247,0.294804339208));
#199 = ( GEOMETRIC_REPRESENTATION_CONTEXT(2) 
PARAMETRIC_REPRESENTATION_CONTEXT() REPRESENTATION_CONTEXT('2D SPACE',''
  ) );
#200 = PCURVE('',#201,#206);
#201 = CYLINDRICAL_SURFACE('',#202,6.);
#202 = AXIS2_PLACEMENT_3D('',#203,#204,#205);
#203 = CARTESIAN_POINT('',(23.6,0.,0.));
#204 = DIRECTION('',(1.,0.,0.));
#205 = DIRECTION('',(-0.,0.,1.));
#206 = DEFINITIONAL_REPRESENTATION('',(#207),#211);
#207 = LINE('',#208,#209);
#208 = CARTESIAN_POINT('',(5.462880558742,4.193148399605));
#209 = VECTOR('',#210,1.);
#210 = DIRECTION('',(1.,0.));
#211 = ( GEOMETRIC_REPRESENTATION_CONTEXT(2) 
PARAMETRIC_REPRESENTATION_CONTEXT() REPRESENTATION_CONTEXT('2D SPACE',''
  ) );
#212 = ORIENTED_EDGE('',*,*,#213,.F.);
#213 = EDGE_CURVE('',#214,#171,#216,.T.);
#214 = VERTEX_POINT('',#215);
#215 = CARTESIAN_POINT('',(30.,-0.758102368065,10.841368954127));
#216 = SURFACE_CURVE('',#217,(#222,#242),.PCURVE_S1.);
#217 = CIRCLE('',#218,20.6);
#218 = AXIS2_PLACEMENT_3D('',#219,#220,#221);
#219 = CARTESIAN_POINT('',(47.5,0.,0.));
#220 = DIRECTION('',(0.,-0.99756405026,-6.975647374413E-02));
#221 = DIRECTION('',(0.,6.975647374413E-02,-0.99756405026));
#222 = PCURVE('',#33,#223);
#223 = DEFINITIONAL_REPRESENTATION('',(#224),#241);
#224 = B_SPLINE_CURVE_WITH_KNOTS('',8,(#225,#226,#227,#228,#229,#230,
    #231,#232,#233,#234,#235,#236,#237,#238,#239,#240),.UNSPECIFIED.,.F.
  ,.F.,(9,7,9),(4.15665711875,4.292244828371,4.416843069036),
  .UNSPECIFIED.);
#225 = CARTESIAN_POINT('',(9.468071028283,0.554219798513));
#226 = CARTESIAN_POINT('',(9.466435872431,0.537328462443));
#227 = CARTESIAN_POINT('',(9.464839790074,0.52043575895));
#228 = CARTESIAN_POINT('',(9.463279729586,0.503541794957));
#229 = CARTESIAN_POINT('',(9.46175293772,0.48664666691));
#230 = CARTESIAN_POINT('',(9.460256907826,0.469750462598));
#231 = CARTESIAN_POINT('',(9.458789340738,0.452853262532));
#232 = CARTESIAN_POINT('',(9.457348113545,0.435955141039));
#233 = CARTESIAN_POINT('',(9.454629255267,0.403526864889));
#234 = CARTESIAN_POINT('',(9.453347825853,0.387996843101));
#235 = CARTESIAN_POINT('',(9.452085459763,0.37246615451));
#236 = CARTESIAN_POINT('',(9.450840741996,0.35693484864));
#237 = CARTESIAN_POINT('',(9.449612348631,0.341402971824));
#238 = CARTESIAN_POINT('',(9.44839903563,0.325870567593));
#239 = CARTESIAN_POINT('',(9.4471996286,0.310337677038));
#240 = CARTESIAN_POINT('',(9.446013013507,0.294804339133));
#241 = ( GEOMETRIC_REPRESENTATION_CONTEXT(2) 
PARAMETRIC_REPRESENTATION_CONTEXT() REPRESENTATION_CONTEXT('2D SPACE',''
  ) );
#242 = PCURVE('',#243,#248);
#243 = PLANE('',#244);
#244 = AXIS2_PLACEMENT_3D('',#245,#246,#247);
#245 = CARTESIAN_POINT('',(17.5,0.,0.));
#246 = DIRECTION('',(0.,-0.99756405026,-6.975647374413E-02));
#247 = DIRECTION('',(0.,-6.975647374413E-02,0.99756405026));
#248 = DEFINITIONAL_REPRESENTATION('',(#249),#253);
#249 = CIRCLE('',#250,20.6);
#250 = AXIS2_PLACEMENT_2D('',#251,#252);
#251 = CARTESIAN_POINT('',(0.,-30.));
#252 = DIRECTION('',(-1.,-0.));
#253 = ( GEOMETRIC_REPRESENTATION_CONTEXT(2) 
PARAMETRIC_REPRESENTATION_CONTEXT() REPRESENTATION_CONTEXT('2D SPACE',''
  ) );
#254 = ORIENTED_EDGE('',*,*,#255,.F.);
#255 = EDGE_CURVE('',#256,#214,#258,.T.);
#256 = VERTEX_POINT('',#257);
#257 = CARTESIAN_POINT('',(30.,1.512511337598,10.762077376308));
#258 = SURFACE_CURVE('',#259,(#264,#274),.PCURVE_S1.);
#259 = CIRCLE('',#260,10.867842472175);
#260 = AXIS2_PLACEMENT_3D('',#261,#262,#263);
#261 = CARTESIAN_POINT('',(30.,0.,0.));
#262 = DIRECTION('',(1.,0.,-0.));
#263 = DIRECTION('',(0.,0.,1.));
#264 = PCURVE('',#33,#265);
#265 = DEFINITIONAL_REPRESENTATION('',(#266),#273);
#266 = B_SPLINE_CURVE_WITH_KNOTS('',5,(#267,#268,#269,#270,#271,#272),
  .UNSPECIFIED.,.F.,.F.,(6,6),(6.14355896702,6.352998477259),
  .PIECEWISE_BEZIER_KNOTS.);
#267 = CARTESIAN_POINT('',(9.338562990518,0.549699405785));
#268 = CARTESIAN_POINT('',(9.364132034617,0.55330630298));
#269 = CARTESIAN_POINT('',(9.390030493737,0.55557938848));
#270 = CARTESIAN_POINT('',(9.416101061856,0.556490692627));
#271 = CARTESIAN_POINT('',(9.442169793697,0.556032691718));
#272 = CARTESIAN_POINT('',(9.468071027788,0.554219798807));
#273 = ( GEOMETRIC_REPRESENTATION_CONTEXT(2) 
PARAMETRIC_REPRESENTATION_CONTEXT() REPRESENTATION_CONTEXT('2D SPACE',''
  ) );
#274 = PCURVE('',#275,#280);
#275 = PLANE('',#276);
#276 = AXIS2_PLACEMENT_3D('',#277,#278,#279);
#277 = CARTESIAN_POINT('',(30.,-40.,-40.));
#278 = DIRECTION('',(1.,0.,-0.));
#279 = DIRECTION('',(0.,0.,1.));
#280 = DEFINITIONAL_REPRESENTATION('',(#281),#285);
#281 = CIRCLE('',#282,10.867842472175);
#282 = AXIS2_PLACEMENT_2D('',#283,#284);
#283 = CARTESIAN_POINT('',(40.,-40.));
#284 = DIRECTION('',(1.,0.));
#285 = ( GEOMETRIC_REPRESENTATION_CONTEXT(2) 
PARAMETRIC_REPRESENTATION_CONTEXT() REPRESENTATION_CONTEXT('2D SPACE',''
  ) );
#286 = ORIENTED_EDGE('',*,*,#287,.T.);
#287 = EDGE_CURVE('',#256,#288,#290,.T.);
#288 = VERTEX_POINT('',#289);
#289 = CARTESIAN_POINT('',(65.,1.512511337598,10.762077376308));
#290 = SURFACE_CURVE('',#291,(#296,#400),.PCURVE_S1.);
#291 = CIRCLE('',#292,20.6);
#292 = AXIS2_PLACEMENT_3D('',#293,#294,#295);
#293 = CARTESIAN_POINT('',(47.5,1.759069456749E-15,-2.47221089751E-16));
#294 = DIRECTION('',(0.,0.990268068742,-0.13917310096));
#295 = DIRECTION('',(0.,0.13917310096,0.990268068742));
#296 = PCURVE('',#33,#297);
#297 = DEFINITIONAL_REPRESENTATION('',(#298),#399);
#298 = B_SPLINE_CURVE_WITH_KNOTS('',8,(#299,#300,#301,#302,#303,#304,
    #305,#306,#307,#308,#309,#310,#311,#312,#313,#314,#315,#316,#317,
    #318,#319,#320,#321,#322,#323,#324,#325,#326,#327,#328,#329,#330,
    #331,#332,#333,#334,#335,#336,#337,#338,#339,#340,#341,#342,#343,
    #344,#345,#346,#347,#348,#349,#350,#351,#352,#353,#354,#355,#356,
    #357,#358,#359,#360,#361,#362,#363,#364,#365,#366,#367,#368,#369,
    #370,#371,#372,#373,#374,#375,#376,#377,#378,#379,#380,#381,#382,
    #383,#384,#385,#386,#387,#388,#389,#390,#391,#392,#393,#394,#395,
    #396,#397,#398),.UNSPECIFIED.,.F.,.F.,(9,7,7,7,7,7,7,7,7,7,7,7,7,7,9
    ),(5.268120842019,5.521886958309,5.743932310063,5.938221992848,
    6.023223729066,6.102912856771,6.177621413994,6.24766068639,
    6.313322504262,6.374880458517,6.432591040631,6.540798382095,
    6.730161229656,7.014205500998,7.29824977234),.UNSPECIFIED.);
#299 = CARTESIAN_POINT('',(9.338562991069,0.549699404866));
#300 = CARTESIAN_POINT('',(9.332491083295,0.580994794146));
#301 = CARTESIAN_POINT('',(9.32615306573,0.612271414102));
#302 = CARTESIAN_POINT('',(9.31951055563,0.643526544139));
#303 = CARTESIAN_POINT('',(9.312518478954,0.674756985745));
#304 = CARTESIAN_POINT('',(9.30512256376,0.705958879712));
#305 = CARTESIAN_POINT('',(9.297256676828,0.737127515153));
#306 = CARTESIAN_POINT('',(9.288837627687,0.768256950362));
#307 = CARTESIAN_POINT('',(9.271807821297,0.82653629134));
#308 = CARTESIAN_POINT('',(9.263352591494,0.85369724231));
#309 = CARTESIAN_POINT('',(9.254315278684,0.88081679853));
#310 = CARTESIAN_POINT('',(9.24460628384,0.90788851734));
#311 = CARTESIAN_POINT('',(9.234113548059,0.934904300542));
#312 = CARTESIAN_POINT('',(9.222695975146,0.961853920919));
#313 = CARTESIAN_POINT('',(9.21016853922,0.988723893125));
#314 = CARTESIAN_POINT('',(9.184109495954,1.038919669737));
#315 = CARTESIAN_POINT('',(9.170899125737,1.062268648891));
#316 = CARTESIAN_POINT('',(9.15646444989,1.085529019972));
#317 = CARTESIAN_POINT('',(9.140585478604,1.108684423574));
#318 = CARTESIAN_POINT('',(9.122980584566,1.131713854094));
#319 = CARTESIAN_POINT('',(9.103275348315,1.15458886602));
#320 = CARTESIAN_POINT('',(9.080959297578,1.177270512726));
#321 = CARTESIAN_POINT('',(9.044012976798,1.209508619135));
#322 = CARTESIAN_POINT('',(9.032120388652,1.219271379617));
#323 = CARTESIAN_POINT('',(9.01951486542,1.228980137864));
#324 = CARTESIAN_POINT('',(9.006121777084,1.238628865881));
#325 = CARTESIAN_POINT('',(8.991854784964,1.24821051533));
#326 = CARTESIAN_POINT('',(8.97661306047,1.257716724597));
#327 = CARTESIAN_POINT('',(8.960277680606,1.267137390398));
#328 = CARTESIAN_POINT('',(8.926234874861,1.285200147842));
#329 = CARTESIAN_POINT('',(8.908677000552,1.293854098862));
#330 = CARTESIAN_POINT('',(8.889917093233,1.302411725643));
#331 = CARTESIAN_POINT('',(8.869821017165,1.310860988015));
#332 = CARTESIAN_POINT('',(8.848234520774,1.319187600204));
#333 = CARTESIAN_POINT('',(8.824978764009,1.327374406322));
#334 = CARTESIAN_POINT('',(8.79984729581,1.335400533826));
#335 = CARTESIAN_POINT('',(8.747071044548,1.350590062742));
#336 = CARTESIAN_POINT('',(8.719681520441,1.357776030326));
#337 = CARTESIAN_POINT('',(8.690248161427,1.364777042209));
#338 = CARTESIAN_POINT('',(8.658559996566,1.371568169524));
#339 = CARTESIAN_POINT('',(8.624389049164,1.378120112295));
#340 = CARTESIAN_POINT('',(8.587496503009,1.384398086389));
#341 = CARTESIAN_POINT('',(8.547654985753,1.390361161519));
#342 = CARTESIAN_POINT('',(8.464429078792,1.401214764137));
#343 = CARTESIAN_POINT('',(8.42142175812,1.406149034055));
#344 = CARTESIAN_POINT('',(8.375541759313,1.410727689661));
#345 = CARTESIAN_POINT('',(8.326701757799,1.414908442553));
#346 = CARTESIAN_POINT('',(8.274897326629,1.418645738247));
#347 = CARTESIAN_POINT('',(8.220262465773,1.421892328857));
#348 = CARTESIAN_POINT('',(8.163131023401,1.424605068868));
#349 = CARTESIAN_POINT('',(8.048566268383,1.428761163371));
#350 = CARTESIAN_POINT('',(7.991374927998,1.430273244774));
#351 = CARTESIAN_POINT('',(7.932837809653,1.431258614165));
#352 = CARTESIAN_POINT('',(7.873490477743,1.431696364405));
#353 = CARTESIAN_POINT('',(7.813981316961,1.431577052434));
#354 = CARTESIAN_POINT('',(7.754975049645,1.430904727314));
#355 = CARTESIAN_POINT('',(7.697049907008,1.429695938372));
#356 = CARTESIAN_POINT('',(7.587807734559,1.426362137042));
#357 = CARTESIAN_POINT('',(7.536303974525,1.424299126118));
#358 = CARTESIAN_POINT('',(7.486535268328,1.42180653075));
#359 = CARTESIAN_POINT('',(7.43879049525,1.418911230122));
#360 = CARTESIAN_POINT('',(7.393240237798,1.41564382315));
#361 = CARTESIAN_POINT('',(7.349952991595,1.412035768137));
#362 = CARTESIAN_POINT('',(7.308927602648,1.408117288192));
#363 = CARTESIAN_POINT('',(7.233727161228,1.399978853565));
#364 = CARTESIAN_POINT('',(7.199284249482,1.39579303689));
#365 = CARTESIAN_POINT('',(7.166744905229,1.391382788076));
#366 = CARTESIAN_POINT('',(7.136031408454,1.386769967893));
#367 = CARTESIAN_POINT('',(7.10704620094,1.381974443471));
#368 = CARTESIAN_POINT('',(7.079684114076,1.377013925768));
#369 = CARTESIAN_POINT('',(7.053839773787,1.371904066627));
#370 = CARTESIAN_POINT('',(6.983604699065,1.35682396943));
#371 = CARTESIAN_POINT('',(6.942773078058,1.34651311119));
#372 = CARTESIAN_POINT('',(6.906237348709,1.335818002542));
#373 = CARTESIAN_POINT('',(6.873356165072,1.324808249616));
#374 = CARTESIAN_POINT('',(6.843607204401,1.313536317976));
#375 = CARTESIAN_POINT('',(6.816554662984,1.302043401214));
#376 = CARTESIAN_POINT('',(6.791840497154,1.290362061511));
#377 = CARTESIAN_POINT('',(6.729486336676,1.2577925559));
#378 = CARTESIAN_POINT('',(6.696053786227,1.236570057452));
#379 = CARTESIAN_POINT('',(6.667269512957,1.214991770501));
#380 = CARTESIAN_POINT('',(6.642103905215,1.193140209656));
#381 = CARTESIAN_POINT('',(6.619840041204,1.171071679193));
#382 = CARTESIAN_POINT('',(6.599947229355,1.148827935541));
#383 = CARTESIAN_POINT('',(6.58202584331,1.126439014161));
#384 = CARTESIAN_POINT('',(6.541372271412,1.070163125538));
#385 = CARTESIAN_POINT('',(6.520715052126,1.036124300433));
#386 = CARTESIAN_POINT('',(6.502742920978,1.001891566906));
#387 = CARTESIAN_POINT('',(6.48685590071,0.967508785071));
#388 = CARTESIAN_POINT('',(6.472623399364,0.933007582226));
#389 = CARTESIAN_POINT('',(6.459742054488,0.898409858498));
#390 = CARTESIAN_POINT('',(6.447978497234,0.863732507392));
#391 = CARTESIAN_POINT('',(6.426327697571,0.794244374796));
#392 = CARTESIAN_POINT('',(6.416440395492,0.759433598956));
#393 = CARTESIAN_POINT('',(6.407311328687,0.724569052396));
#394 = CARTESIAN_POINT('',(6.398811983408,0.689659921981));
#395 = CARTESIAN_POINT('',(6.390843463913,0.654713256112));
#396 = CARTESIAN_POINT('',(6.383326425854,0.619734699919));
#397 = CARTESIAN_POINT('',(6.376196655547,0.584728809793));
#398 = CARTESIAN_POINT('',(6.36940027688,0.549699404866));
#399 = ( GEOMETRIC_REPRESENTATION_CONTEXT(2) 
PARAMETRIC_REPRESENTATION_CONTEXT() REPRESENTATION_CONTEXT('2D SPACE',''
  ) );
#400 = PCURVE('',#401,#406);
#401 = PLANE('',#402);
#402 = AXIS2_PLACEMENT_3D('',#403,#404,#405);
#403 = CARTESIAN_POINT('',(17.5,11.133848076805,79.221445499326));
#404 = DIRECTION('',(0.,0.990268068742,-0.13917310096));
#405 = DIRECTION('',(0.,-0.13917310096,-0.990268068742));
#406 = DEFINITIONAL_REPRESENTATION('',(#407),#411);
#407 = CIRCLE('',#408,20.6);
#408 = AXIS2_PLACEMENT_2D('',#409,#410);
#409 = CARTESIAN_POINT('',(80.,-30.));
#410 = DIRECTION('',(-1.,0.));
#411 = ( GEOMETRIC_REPRESENTATION_CONTEXT(2) 
PARAMETRIC_REPRESENTATION_CONTEXT() REPRESENTATION_CONTEXT('2D SPACE',''
  ) );
#412 = ORIENTED_EDGE('',*,*,#413,.T.);
#413 = EDGE_CURVE('',#288,#414,#416,.T.);
#414 = VERTEX_POINT('',#415);
#415 = CARTESIAN_POINT('',(65.,-0.758102368065,10.841368954127));
#416 = SURFACE_CURVE('',#417,(#422,#432),.PCURVE_S1.);
#417 = CIRCLE('',#418,10.867842472175);
#418 = AXIS2_PLACEMENT_3D('',#419,#420,#421);
#419 = CARTESIAN_POINT('',(65.,0.,0.));
#420 = DIRECTION('',(1.,0.,0.));
#421 = DIRECTION('',(-0.,0.13917310096,0.990268068742));
#422 = PCURVE('',#33,#423);
#423 = DEFINITIONAL_REPRESENTATION('',(#424),#431);
#424 = B_SPLINE_CURVE_WITH_KNOTS('',5,(#425,#426,#427,#428,#429,#430),
  .UNSPECIFIED.,.F.,.F.,(6,6),(0.,0.209439510239),
  .PIECEWISE_BEZIER_KNOTS.);
#425 = CARTESIAN_POINT('',(6.369400277028,0.549699405009));
#426 = CARTESIAN_POINT('',(6.343831230601,0.553306297678));
#427 = CARTESIAN_POINT('',(6.317932765061,0.555579370232));
#428 = CARTESIAN_POINT('',(6.291862220158,0.556490724342));
#429 = CARTESIAN_POINT('',(6.265793456997,0.556032657962));
#430 = CARTESIAN_POINT('',(6.23989224007,0.55421979853));
#431 = ( GEOMETRIC_REPRESENTATION_CONTEXT(2) 
PARAMETRIC_REPRESENTATION_CONTEXT() REPRESENTATION_CONTEXT('2D SPACE',''
  ) );
#432 = PCURVE('',#433,#438);
#433 = PLANE('',#434);
#434 = AXIS2_PLACEMENT_3D('',#435,#436,#437);
#435 = CARTESIAN_POINT('',(65.,-40.,-40.));
#436 = DIRECTION('',(1.,0.,-0.));
#437 = DIRECTION('',(0.,0.,1.));
#438 = DEFINITIONAL_REPRESENTATION('',(#439),#443);
#439 = CIRCLE('',#440,10.867842472175);
#440 = AXIS2_PLACEMENT_2D('',#441,#442);
#441 = CARTESIAN_POINT('',(40.,-40.));
#442 = DIRECTION('',(0.990268068742,-0.13917310096));
#443 = ( GEOMETRIC_REPRESENTATION_CONTEXT(2) 
PARAMETRIC_REPRESENTATION_CONTEXT() REPRESENTATION_CONTEXT('2D SPACE',''
  ) );
#444 = ORIENTED_EDGE('',*,*,#445,.F.);
#445 = EDGE_CURVE('',#24,#414,#446,.T.);
#446 = SURFACE_CURVE('',#447,(#452,#472),.PCURVE_S1.);
#447 = CIRCLE('',#448,20.6);
#448 = AXIS2_PLACEMENT_3D('',#449,#450,#451);
#449 = CARTESIAN_POINT('',(47.5,0.,0.));
#450 = DIRECTION('',(0.,-0.99756405026,-6.975647374413E-02));
#451 = DIRECTION('',(0.,6.975647374413E-02,-0.99756405026));
#452 = PCURVE('',#33,#453);
#453 = DEFINITIONAL_REPRESENTATION('',(#454),#471);
#454 = B_SPLINE_CURVE_WITH_KNOTS('',8,(#455,#456,#457,#458,#459,#460,
    #461,#462,#463,#464,#465,#466,#467,#468,#469,#470),.UNSPECIFIED.,.F.
  ,.F.,(9,7,9),(1.866342238143,1.963495408494,2.126528188429),
  .UNSPECIFIED.);
#455 = CARTESIAN_POINT('',(6.261950258469,0.294804339274));
#456 = CARTESIAN_POINT('',(6.261025017218,0.306916171794));
#457 = CARTESIAN_POINT('',(6.260091998179,0.319027732314));
#458 = CARTESIAN_POINT('',(6.259150673164,0.331139002356));
#459 = CARTESIAN_POINT('',(6.258200491784,0.343249962664));
#460 = CARTESIAN_POINT('',(6.257240878846,0.355360593111));
#461 = CARTESIAN_POINT('',(6.256271231553,0.367470872603));
#462 = CARTESIAN_POINT('',(6.255290916516,0.379580778974));
#463 = CARTESIAN_POINT('',(6.252635178356,0.412011263015));
#464 = CARTESIAN_POINT('',(6.250939168441,0.432331120601));
#465 = CARTESIAN_POINT('',(6.249208063518,0.45264975056));
#466 = CARTESIAN_POINT('',(6.247438425277,0.472967032531));
#467 = CARTESIAN_POINT('',(6.24562647362,0.493282834167));
#468 = CARTESIAN_POINT('',(6.243768018857,0.513597008745));
#469 = CARTESIAN_POINT('',(6.24185837688,0.533909392189));
#470 = CARTESIAN_POINT('',(6.239892241283,0.554219798571));
#471 = ( GEOMETRIC_REPRESENTATION_CONTEXT(2) 
PARAMETRIC_REPRESENTATION_CONTEXT() REPRESENTATION_CONTEXT('2D SPACE',''
  ) );
#472 = PCURVE('',#243,#473);
#473 = DEFINITIONAL_REPRESENTATION('',(#474),#478);
#474 = CIRCLE('',#475,20.6);
#475 = AXIS2_PLACEMENT_2D('',#476,#477);
#476 = CARTESIAN_POINT('',(0.,-30.));
#477 = DIRECTION('',(-1.,-0.));
#478 = ( GEOMETRIC_REPRESENTATION_CONTEXT(2) 
PARAMETRIC_REPRESENTATION_CONTEXT() REPRESENTATION_CONTEXT('2D SPACE',''
  ) );
#479 = ADVANCED_FACE('',(#480),#51,.T.);
#480 = FACE_BOUND('',#481,.T.);
#481 = EDGE_LOOP('',(#482,#505,#532,#533,#534,#556,#585,#604));
#482 = ORIENTED_EDGE('',*,*,#483,.T.);
#483 = EDGE_CURVE('',#22,#484,#486,.T.);
#484 = VERTEX_POINT('',#485);
#485 = CARTESIAN_POINT('',(71.4,1.469576158977E-15,6.));
#486 = SEAM_CURVE('',#487,(#491,#498),.PCURVE_S1.);
#487 = LINE('',#488,#489);
#488 = CARTESIAN_POINT('',(66.6,1.469576158977E-15,6.));
#489 = VECTOR('',#490,1.);
#490 = DIRECTION('',(1.,0.,0.));
#491 = PCURVE('',#51,#492);
#492 = DEFINITIONAL_REPRESENTATION('',(#493),#497);
#493 = LINE('',#494,#495);
#494 = CARTESIAN_POINT('',(6.28318530718,-0.));
#495 = VECTOR('',#496,1.);
#496 = DIRECTION('',(0.,1.));
#497 = ( GEOMETRIC_REPRESENTATION_CONTEXT(2) 
PARAMETRIC_REPRESENTATION_CONTEXT() REPRESENTATION_CONTEXT('2D SPACE',''
  ) );
#498 = PCURVE('',#51,#499);
#499 = DEFINITIONAL_REPRESENTATION('',(#500),#504);
#500 = LINE('',#501,#502);
#501 = CARTESIAN_POINT('',(0.,-0.));
#502 = VECTOR('',#503,1.);
#503 = DIRECTION('',(0.,1.));
#504 = ( GEOMETRIC_REPRESENTATION_CONTEXT(2) 
PARAMETRIC_REPRESENTATION_CONTEXT() REPRESENTATION_CONTEXT('2D SPACE',''
  ) );
#505 = ORIENTED_EDGE('',*,*,#506,.F.);
#506 = EDGE_CURVE('',#484,#484,#507,.T.);
#507 = SURFACE_CURVE('',#508,(#513,#520),.PCURVE_S1.);
#508 = CIRCLE('',#509,6.);
#509 = AXIS2_PLACEMENT_3D('',#510,#511,#512);
#510 = CARTESIAN_POINT('',(71.4,0.,0.));
#511 = DIRECTION('',(1.,0.,0.));
#512 = DIRECTION('',(-0.,0.,1.));
#513 = PCURVE('',#51,#514);
#514 = DEFINITIONAL_REPRESENTATION('',(#515),#519);
#515 = LINE('',#516,#517);
#516 = CARTESIAN_POINT('',(0.,4.8));
#517 = VECTOR('',#518,1.);
#518 = DIRECTION('',(1.,0.));
#519 = ( GEOMETRIC_REPRESENTATION_CONTEXT(2) 
PARAMETRIC_REPRESENTATION_CONTEXT() REPRESENTATION_CONTEXT('2D SPACE',''
  ) );
#520 = PCURVE('',#521,#526);
#521 = PLANE('',#522);
#522 = AXIS2_PLACEMENT_3D('',#523,#524,#525);
#523 = CARTESIAN_POINT('',(71.4,0.,0.));
#524 = DIRECTION('',(1.,0.,0.));
#525 = DIRECTION('',(-0.,0.,1.));
#526 = DEFINITIONAL_REPRESENTATION('',(#527),#531);
#527 = CIRCLE('',#528,6.);
#528 = AXIS2_PLACEMENT_2D('',#529,#530);
#529 = CARTESIAN_POINT('',(0.,0.));
#530 = DIRECTION('',(1.,0.));
#531 = ( GEOMETRIC_REPRESENTATION_CONTEXT(2) 
PARAMETRIC_REPRESENTATION_CONTEXT() REPRESENTATION_CONTEXT('2D SPACE',''
  ) );
#532 = ORIENTED_EDGE('',*,*,#483,.F.);
#533 = ORIENTED_EDGE('',*,*,#21,.T.);
#534 = ORIENTED_EDGE('',*,*,#535,.F.);
#535 = EDGE_CURVE('',#536,#24,#538,.T.);
#536 = VERTEX_POINT('',#537);
#537 = CARTESIAN_POINT('',(66.6,-0.418538842465,5.985384301559));
#538 = SURFACE_CURVE('',#539,(#543,#549),.PCURVE_S1.);
#539 = LINE('',#540,#541);
#540 = CARTESIAN_POINT('',(66.6,-0.418538842465,5.985384301559));
#541 = VECTOR('',#542,1.);
#542 = DIRECTION('',(1.,0.,0.));
#543 = PCURVE('',#51,#544);
#544 = DEFINITIONAL_REPRESENTATION('',(#545),#548);
#545 = B_SPLINE_CURVE_WITH_KNOTS('',1,(#546,#547),.UNSPECIFIED.,.F.,.F.,
  (2,2),(-6.000000070117E-07,4.8000006),.PIECEWISE_BEZIER_KNOTS.);
#546 = CARTESIAN_POINT('',(6.981317007977E-02,-6.000000070117E-07));
#547 = CARTESIAN_POINT('',(6.981317007977E-02,4.8000006));
#548 = ( GEOMETRIC_REPRESENTATION_CONTEXT(2) 
PARAMETRIC_REPRESENTATION_CONTEXT() REPRESENTATION_CONTEXT('2D SPACE',''
  ) );
#549 = PCURVE('',#243,#550);
#550 = DEFINITIONAL_REPRESENTATION('',(#551),#555);
#551 = LINE('',#552,#553);
#552 = CARTESIAN_POINT('',(6.,-49.1));
#553 = VECTOR('',#554,1.);
#554 = DIRECTION('',(0.,-1.));
#555 = ( GEOMETRIC_REPRESENTATION_CONTEXT(2) 
PARAMETRIC_REPRESENTATION_CONTEXT() REPRESENTATION_CONTEXT('2D SPACE',''
  ) );
#556 = ORIENTED_EDGE('',*,*,#557,.T.);
#557 = EDGE_CURVE('',#536,#558,#560,.T.);
#558 = VERTEX_POINT('',#559);
#559 = CARTESIAN_POINT('',(66.6,4.388122209715,4.091990160375));
#560 = SURFACE_CURVE('',#561,(#566,#573),.PCURVE_S1.);
#561 = CIRCLE('',#562,6.);
#562 = AXIS2_PLACEMENT_3D('',#563,#564,#565);
#563 = CARTESIAN_POINT('',(66.6,0.,0.));
#564 = DIRECTION('',(1.,0.,0.));
#565 = DIRECTION('',(-0.,0.,1.));
#566 = PCURVE('',#51,#567);
#567 = DEFINITIONAL_REPRESENTATION('',(#568),#572);
#568 = LINE('',#569,#570);
#569 = CARTESIAN_POINT('',(0.,0.));
#570 = VECTOR('',#571,1.);
#571 = DIRECTION('',(1.,0.));
#572 = ( GEOMETRIC_REPRESENTATION_CONTEXT(2) 
PARAMETRIC_REPRESENTATION_CONTEXT() REPRESENTATION_CONTEXT('2D SPACE',''
  ) );
#573 = PCURVE('',#574,#579);
#574 = PLANE('',#575);
#575 = AXIS2_PLACEMENT_3D('',#576,#577,#578);
#576 = CARTESIAN_POINT('',(66.6,0.,0.));
#577 = DIRECTION('',(1.,0.,0.));
#578 = DIRECTION('',(-0.,0.,1.));
#579 = DEFINITIONAL_REPRESENTATION('',(#580),#584);
#580 = CIRCLE('',#581,6.);
#581 = AXIS2_PLACEMENT_2D('',#582,#583);
#582 = CARTESIAN_POINT('',(0.,0.));
#583 = DIRECTION('',(1.,0.));
#584 = ( GEOMETRIC_REPRESENTATION_CONTEXT(2) 
PARAMETRIC_REPRESENTATION_CONTEXT() REPRESENTATION_CONTEXT('2D SPACE',''
  ) );
#585 = ORIENTED_EDGE('',*,*,#586,.T.);
#586 = EDGE_CURVE('',#558,#64,#587,.T.);
#587 = SURFACE_CURVE('',#588,(#592,#598),.PCURVE_S1.);
#588 = LINE('',#589,#590);
#589 = CARTESIAN_POINT('',(66.6,4.388122209715,4.091990160375));
#590 = VECTOR('',#591,1.);
#591 = DIRECTION('',(1.,0.,0.));
#592 = PCURVE('',#51,#593);
#593 = DEFINITIONAL_REPRESENTATION('',(#594),#597);
#594 = B_SPLINE_CURVE_WITH_KNOTS('',1,(#595,#596),.UNSPECIFIED.,.F.,.F.,
  (2,2),(-6.000000070117E-07,4.8000006),.PIECEWISE_BEZIER_KNOTS.);
#595 = CARTESIAN_POINT('',(5.462880558742,-6.000000070117E-07));
#596 = CARTESIAN_POINT('',(5.462880558742,4.8000006));
#597 = ( GEOMETRIC_REPRESENTATION_CONTEXT(2) 
PARAMETRIC_REPRESENTATION_CONTEXT() REPRESENTATION_CONTEXT('2D SPACE',''
  ) );
#598 = PCURVE('',#158,#599);
#599 = DEFINITIONAL_REPRESENTATION('',(#600),#603);
#600 = B_SPLINE_CURVE_WITH_KNOTS('',1,(#601,#602),.UNSPECIFIED.,.F.,.F.,
  (2,2),(-6.000000070117E-07,4.8000006),.PIECEWISE_BEZIER_KNOTS.);
#601 = CARTESIAN_POINT('',(74.,-49.0999994));
#602 = CARTESIAN_POINT('',(74.,-53.9000006));
#603 = ( GEOMETRIC_REPRESENTATION_CONTEXT(2) 
PARAMETRIC_REPRESENTATION_CONTEXT() REPRESENTATION_CONTEXT('2D SPACE',''
  ) );
#604 = ORIENTED_EDGE('',*,*,#63,.T.);
#605 = ADVANCED_FACE('',(#606),#158,.T.);
#606 = FACE_BOUND('',#607,.T.);
#607 = EDGE_LOOP('',(#608,#636,#663,#682,#683,#684,#705,#731));
#608 = ORIENTED_EDGE('',*,*,#609,.T.);
#609 = EDGE_CURVE('',#610,#612,#614,.T.);
#610 = VERTEX_POINT('',#611);
#611 = CARTESIAN_POINT('',(29.427922089588,3.217956287124,3.000792784275
    ));
#612 = VERTEX_POINT('',#613);
#613 = CARTESIAN_POINT('',(28.4,3.217956287124,3.000792784275));
#614 = SURFACE_CURVE('',#615,(#619,#625),.PCURVE_S1.);
#615 = LINE('',#616,#617);
#616 = CARTESIAN_POINT('',(30.5,3.217956287124,3.000792784275));
#617 = VECTOR('',#618,1.);
#618 = DIRECTION('',(-1.,0.,0.));
#619 = PCURVE('',#158,#620);
#620 = DEFINITIONAL_REPRESENTATION('',(#621),#624);
#621 = B_SPLINE_CURVE_WITH_KNOTS('',1,(#622,#623),.UNSPECIFIED.,.F.,.F.,
  (2,2),(-5.999999999062E-07,5.3000006),.PIECEWISE_BEZIER_KNOTS.);
#622 = CARTESIAN_POINT('',(75.6,-13.0000006));
#623 = CARTESIAN_POINT('',(75.6,-7.6999994));
#624 = ( GEOMETRIC_REPRESENTATION_CONTEXT(2) 
PARAMETRIC_REPRESENTATION_CONTEXT() REPRESENTATION_CONTEXT('2D SPACE',''
  ) );
#625 = PCURVE('',#626,#631);
#626 = CYLINDRICAL_SURFACE('',#627,4.4);
#627 = AXIS2_PLACEMENT_3D('',#628,#629,#630);
#628 = CARTESIAN_POINT('',(30.5,0.,0.));
#629 = DIRECTION('',(-1.,0.,0.));
#630 = DIRECTION('',(0.,0.,-1.));
#631 = DEFINITIONAL_REPRESENTATION('',(#632),#635);
#632 = B_SPLINE_CURVE_WITH_KNOTS('',1,(#633,#634),.UNSPECIFIED.,.F.,.F.,
  (2,2),(-5.999999999062E-07,5.3000006),.PIECEWISE_BEZIER_KNOTS.);
#633 = CARTESIAN_POINT('',(3.961897402027,-5.999999999062E-07));
#634 = CARTESIAN_POINT('',(3.961897402027,5.3000006));
#635 = ( GEOMETRIC_REPRESENTATION_CONTEXT(2) 
PARAMETRIC_REPRESENTATION_CONTEXT() REPRESENTATION_CONTEXT('2D SPACE',''
  ) );
#636 = ORIENTED_EDGE('',*,*,#637,.F.);
#637 = EDGE_CURVE('',#638,#612,#640,.T.);
#638 = VERTEX_POINT('',#639);
#639 = CARTESIAN_POINT('',(28.4,4.388122209715,4.091990160375));
#640 = SURFACE_CURVE('',#641,(#645,#651),.PCURVE_S1.);
#641 = LINE('',#642,#643);
#642 = CARTESIAN_POINT('',(28.4,29.254148064767,27.2799344025));
#643 = VECTOR('',#644,1.);
#644 = DIRECTION('',(0.,-0.731353701619,-0.681998360062));
#645 = PCURVE('',#158,#646);
#646 = DEFINITIONAL_REPRESENTATION('',(#647),#650);
#647 = B_SPLINE_CURVE_WITH_KNOTS('',1,(#648,#649),.UNSPECIFIED.,.F.,.F.,
  (2,2),(31.796035233408,40.),.PIECEWISE_BEZIER_KNOTS.);
#648 = CARTESIAN_POINT('',(71.796035233408,-10.9));
#649 = CARTESIAN_POINT('',(80.,-10.9));
#650 = ( GEOMETRIC_REPRESENTATION_CONTEXT(2) 
PARAMETRIC_REPRESENTATION_CONTEXT() REPRESENTATION_CONTEXT('2D SPACE',''
  ) );
#651 = PCURVE('',#652,#657);
#652 = PLANE('',#653);
#653 = AXIS2_PLACEMENT_3D('',#654,#655,#656);
#654 = CARTESIAN_POINT('',(28.4,0.,0.));
#655 = DIRECTION('',(1.,0.,0.));
#656 = DIRECTION('',(-0.,0.,1.));
#657 = DEFINITIONAL_REPRESENTATION('',(#658),#662);
#658 = LINE('',#659,#660);
#659 = CARTESIAN_POINT('',(27.2799344025,-29.25414806476));
#660 = VECTOR('',#661,1.);
#661 = DIRECTION('',(-0.681998360062,0.731353701619));
#662 = ( GEOMETRIC_REPRESENTATION_CONTEXT(2) 
PARAMETRIC_REPRESENTATION_CONTEXT() REPRESENTATION_CONTEXT('2D SPACE',''
  ) );
#663 = ORIENTED_EDGE('',*,*,#664,.F.);
#664 = EDGE_CURVE('',#101,#638,#665,.T.);
#665 = SURFACE_CURVE('',#666,(#670,#676),.PCURVE_S1.);
#666 = LINE('',#667,#668);
#667 = CARTESIAN_POINT('',(23.6,4.388122209715,4.091990160375));
#668 = VECTOR('',#669,1.);
#669 = DIRECTION('',(1.,0.,0.));
#670 = PCURVE('',#158,#671);
#671 = DEFINITIONAL_REPRESENTATION('',(#672),#675);
#672 = B_SPLINE_CURVE_WITH_KNOTS('',1,(#673,#674),.UNSPECIFIED.,.F.,.F.,
  (2,2),(-5.999999999062E-07,4.8000006),.PIECEWISE_BEZIER_KNOTS.);
#673 = CARTESIAN_POINT('',(74.,-6.0999994));
#674 = CARTESIAN_POINT('',(74.,-10.9000006));
#675 = ( GEOMETRIC_REPRESENTATION_CONTEXT(2) 
PARAMETRIC_REPRESENTATION_CONTEXT() REPRESENTATION_CONTEXT('2D SPACE',''
  ) );
#676 = PCURVE('',#201,#677);
#677 = DEFINITIONAL_REPRESENTATION('',(#678),#681);
#678 = B_SPLINE_CURVE_WITH_KNOTS('',1,(#679,#680),.UNSPECIFIED.,.F.,.F.,
  (2,2),(4.193148399605,4.8),.PIECEWISE_BEZIER_KNOTS.);
#679 = CARTESIAN_POINT('',(5.462880558742,4.193148399605));
#680 = CARTESIAN_POINT('',(5.462880558742,4.8));
#681 = ( GEOMETRIC_REPRESENTATION_CONTEXT(2) 
PARAMETRIC_REPRESENTATION_CONTEXT() REPRESENTATION_CONTEXT('2D SPACE',''
  ) );
#682 = ORIENTED_EDGE('',*,*,#100,.T.);
#683 = ORIENTED_EDGE('',*,*,#586,.F.);
#684 = ORIENTED_EDGE('',*,*,#685,.T.);
#685 = EDGE_CURVE('',#558,#686,#688,.T.);
#686 = VERTEX_POINT('',#687);
#687 = CARTESIAN_POINT('',(66.6,3.217956287124,3.000792784275));
#688 = SURFACE_CURVE('',#689,(#693,#699),.PCURVE_S1.);
#689 = LINE('',#690,#691);
#690 = CARTESIAN_POINT('',(66.6,29.254148064767,27.2799344025));
#691 = VECTOR('',#692,1.);
#692 = DIRECTION('',(0.,-0.731353701619,-0.681998360062));
#693 = PCURVE('',#158,#694);
#694 = DEFINITIONAL_REPRESENTATION('',(#695),#698);
#695 = B_SPLINE_CURVE_WITH_KNOTS('',1,(#696,#697),.UNSPECIFIED.,.F.,.F.,
  (2,2),(31.796035233408,40.),.PIECEWISE_BEZIER_KNOTS.);
#696 = CARTESIAN_POINT('',(71.796035233408,-49.1));
#697 = CARTESIAN_POINT('',(80.,-49.1));
#698 = ( GEOMETRIC_REPRESENTATION_CONTEXT(2) 
PARAMETRIC_REPRESENTATION_CONTEXT() REPRESENTATION_CONTEXT('2D SPACE',''
  ) );
#699 = PCURVE('',#574,#700);
#700 = DEFINITIONAL_REPRESENTATION('',(#701),#704);
#701 = B_SPLINE_CURVE_WITH_KNOTS('',1,(#702,#703),.UNSPECIFIED.,.F.,.F.,
  (2,2),(31.796035233408,40.),.PIECEWISE_BEZIER_KNOTS.);
#702 = CARTESIAN_POINT('',(5.595090516826,-6.));
#703 = CARTESIAN_POINT('',(-1.7763568394E-14,3.19744231092E-14));
#704 = ( GEOMETRIC_REPRESENTATION_CONTEXT(2) 
PARAMETRIC_REPRESENTATION_CONTEXT() REPRESENTATION_CONTEXT('2D SPACE',''
  ) );
#705 = ORIENTED_EDGE('',*,*,#706,.F.);
#706 = EDGE_CURVE('',#707,#686,#709,.T.);
#707 = VERTEX_POINT('',#708);
#708 = CARTESIAN_POINT('',(65.572077910412,3.217956287124,3.000792784275
    ));
#709 = SURFACE_CURVE('',#710,(#714,#720),.PCURVE_S1.);
#710 = LINE('',#711,#712);
#711 = CARTESIAN_POINT('',(64.5,3.217956287124,3.000792784275));
#712 = VECTOR('',#713,1.);
#713 = DIRECTION('',(1.,0.,0.));
#714 = PCURVE('',#158,#715);
#715 = DEFINITIONAL_REPRESENTATION('',(#716),#719);
#716 = B_SPLINE_CURVE_WITH_KNOTS('',1,(#717,#718),.UNSPECIFIED.,.F.,.F.,
  (2,2),(-6.000000070117E-07,5.3000006),.PIECEWISE_BEZIER_KNOTS.);
#717 = CARTESIAN_POINT('',(75.6,-46.9999994));
#718 = CARTESIAN_POINT('',(75.6,-52.3000006));
#719 = ( GEOMETRIC_REPRESENTATION_CONTEXT(2) 
PARAMETRIC_REPRESENTATION_CONTEXT() REPRESENTATION_CONTEXT('2D SPACE',''
  ) );
#720 = PCURVE('',#721,#726);
#721 = CYLINDRICAL_SURFACE('',#722,4.4);
#722 = AXIS2_PLACEMENT_3D('',#723,#724,#725);
#723 = CARTESIAN_POINT('',(64.5,0.,0.));
#724 = DIRECTION('',(1.,0.,0.));
#725 = DIRECTION('',(-0.,0.,1.));
#726 = DEFINITIONAL_REPRESENTATION('',(#727),#730);
#727 = B_SPLINE_CURVE_WITH_KNOTS('',1,(#728,#729),.UNSPECIFIED.,.F.,.F.,
  (2,2),(-6.000000070117E-07,5.3000006),.PIECEWISE_BEZIER_KNOTS.);
#728 = CARTESIAN_POINT('',(5.462880558742,-6.000000070117E-07));
#729 = CARTESIAN_POINT('',(5.462880558742,5.3000006));
#730 = ( GEOMETRIC_REPRESENTATION_CONTEXT(2) 
PARAMETRIC_REPRESENTATION_CONTEXT() REPRESENTATION_CONTEXT('2D SPACE',''
  ) );
#731 = ORIENTED_EDGE('',*,*,#732,.F.);
#732 = EDGE_CURVE('',#610,#707,#733,.T.);
#733 = SURFACE_CURVE('',#734,(#739,#746),.PCURVE_S1.);
#734 = CIRCLE('',#735,18.6);
#735 = AXIS2_PLACEMENT_3D('',#736,#737,#738);
#736 = CARTESIAN_POINT('',(47.5,-4.845889805427E-15,5.196580599568E-15)
  );
#737 = DIRECTION('',(0.,0.681998360062,-0.731353701619));
#738 = DIRECTION('',(0.,0.731353701619,0.681998360062));
#739 = PCURVE('',#158,#740);
#740 = DEFINITIONAL_REPRESENTATION('',(#741),#745);
#741 = CIRCLE('',#742,18.6);
#742 = AXIS2_PLACEMENT_2D('',#743,#744);
#743 = CARTESIAN_POINT('',(80.,-30.));
#744 = DIRECTION('',(-1.,0.));
#745 = ( GEOMETRIC_REPRESENTATION_CONTEXT(2) 
PARAMETRIC_REPRESENTATION_CONTEXT() REPRESENTATION_CONTEXT('2D SPACE',''
  ) );
#746 = PCURVE('',#747,#752);
#747 = SPHERICAL_SURFACE('',#748,18.6);
#748 = AXIS2_PLACEMENT_3D('',#749,#750,#751);
#749 = CARTESIAN_POINT('',(47.5,0.,0.));
#750 = DIRECTION('',(0.,0.,1.));
#751 = DIRECTION('',(1.,0.,-0.));
#752 = DEFINITIONAL_REPRESENTATION('',(#753),#791);
#753 = B_SPLINE_CURVE_WITH_KNOTS('',8,(#754,#755,#756,#757,#758,#759,
    #760,#761,#762,#763,#764,#765,#766,#767,#768,#769,#770,#771,#772,
    #773,#774,#775,#776,#777,#778,#779,#780,#781,#782,#783,#784,#785,
    #786,#787,#788,#789,#790),.UNSPECIFIED.,.F.,.F.,(9,7,7,7,7,9),(
    4.712388980385,5.497787143782,6.08683576633,6.528622233241,
    7.191301933608,7.853981633974),.UNSPECIFIED.);
#754 = CARTESIAN_POINT('',(3.14159265359,-4.516312382393E-16));
#755 = CARTESIAN_POINT('',(3.069792171834,6.695503242914E-02));
#756 = CARTESIAN_POINT('',(2.997991714912,0.133910099905));
#757 = CARTESIAN_POINT('',(2.925210070809,0.200338913121));
#758 = CARTESIAN_POINT('',(2.850467448083,0.265716778336));
#759 = CARTESIAN_POINT('',(2.772731192068,0.329462612972));
#760 = CARTESIAN_POINT('',(2.69088737981,0.390902422123));
#761 = CARTESIAN_POINT('',(2.603690904863,0.449172500751));
#762 = CARTESIAN_POINT('',(2.439963463749,0.543749234044));
#763 = CARTESIAN_POINT('',(2.366215971495,0.581904846455));
#764 = CARTESIAN_POINT('',(2.288463450534,0.617238002395));
#765 = CARTESIAN_POINT('',(2.20635634829,0.649241178739));
#766 = CARTESIAN_POINT('',(2.119699759082,0.677353816136));
#767 = CARTESIAN_POINT('',(2.028614390652,0.700965174345));
#768 = CARTESIAN_POINT('',(1.933803613437,0.719540887903));
#769 = CARTESIAN_POINT('',(1.763261823569,0.742604128817));
#770 = CARTESIAN_POINT('',(1.688686575812,0.749452699415));
#771 = CARTESIAN_POINT('',(1.613083609397,0.753113139982));
#772 = CARTESIAN_POINT('',(1.537031778109,0.753487340908));
#773 = CARTESIAN_POINT('',(1.461200206268,0.750553060142));
#774 = CARTESIAN_POINT('',(1.38623017642,0.74437882724));
#775 = CARTESIAN_POINT('',(1.312641715239,0.73510009646));
#776 = CARTESIAN_POINT('',(1.133089033249,0.704591824376));
#777 = CARTESIAN_POINT('',(1.029333996456,0.679706666459));
#778 = CARTESIAN_POINT('',(0.930855755552,0.648847378998));
#779 = CARTESIAN_POINT('',(0.838270402548,0.612849477108));
#780 = CARTESIAN_POINT('',(0.751321962091,0.572577436823));
#781 = CARTESIAN_POINT('',(0.669501438562,0.528765327357));
#782 = CARTESIAN_POINT('',(0.592163641082,0.482054391028));
#783 = CARTESIAN_POINT('',(0.445111291973,0.383926034867));
#784 = CARTESIAN_POINT('',(0.375396667994,0.332508711301));
#785 = CARTESIAN_POINT('',(0.308821595807,0.279284809609));
#786 = CARTESIAN_POINT('',(0.24468342518,0.224709559408));
#787 = CARTESIAN_POINT('',(0.182334273665,0.169163945557));
#788 = CARTESIAN_POINT('',(0.121163303389,0.112986623446));
#789 = CARTESIAN_POINT('',(6.058165648137E-02,5.649330861209E-02));
#790 = CARTESIAN_POINT('',(0.,4.881878309088E-16));
#791 = ( GEOMETRIC_REPRESENTATION_CONTEXT(2) 
PARAMETRIC_REPRESENTATION_CONTEXT() REPRESENTATION_CONTEXT('2D SPACE',''
  ) );
#792 = ADVANCED_FACE('',(#793),#201,.T.);
#793 = FACE_BOUND('',#794,.T.);
#794 = EDGE_LOOP('',(#795,#823,#846,#866,#867,#868,#891,#917));
#795 = ORIENTED_EDGE('',*,*,#796,.T.);
#796 = EDGE_CURVE('',#797,#799,#801,.T.);
#797 = VERTEX_POINT('',#798);
#798 = CARTESIAN_POINT('',(23.6,0.418538842465,-5.985384301559));
#799 = VERTEX_POINT('',#800);
#800 = CARTESIAN_POINT('',(28.4,0.418538842465,-5.985384301559));
#801 = SURFACE_CURVE('',#802,(#806,#812),.PCURVE_S1.);
#802 = LINE('',#803,#804);
#803 = CARTESIAN_POINT('',(23.6,0.418538842465,-5.985384301559));
#804 = VECTOR('',#805,1.);
#805 = DIRECTION('',(1.,0.,0.));
#806 = PCURVE('',#201,#807);
#807 = DEFINITIONAL_REPRESENTATION('',(#808),#811);
#808 = B_SPLINE_CURVE_WITH_KNOTS('',1,(#809,#810),.UNSPECIFIED.,.F.,.F.,
  (2,2),(0.,4.8),.PIECEWISE_BEZIER_KNOTS.);
#809 = CARTESIAN_POINT('',(9.494591130849,0.));
#810 = CARTESIAN_POINT('',(9.494591130849,4.8));
#811 = ( GEOMETRIC_REPRESENTATION_CONTEXT(2) 
PARAMETRIC_REPRESENTATION_CONTEXT() REPRESENTATION_CONTEXT('2D SPACE',''
  ) );
#812 = PCURVE('',#813,#818);
#813 = PLANE('',#814);
#814 = AXIS2_PLACEMENT_3D('',#815,#816,#817);
#815 = CARTESIAN_POINT('',(22.6,1.167100312894,-16.69031206279));
#816 = DIRECTION('',(0.,-0.99756405026,-6.975647374413E-02));
#817 = DIRECTION('',(0.,-6.975647374413E-02,0.99756405026));
#818 = DEFINITIONAL_REPRESENTATION('',(#819),#822);
#819 = B_SPLINE_CURVE_WITH_KNOTS('',1,(#820,#821),.UNSPECIFIED.,.F.,.F.,
  (2,2),(-5.999999999062E-07,4.8000006),.PIECEWISE_BEZIER_KNOTS.);
#820 = CARTESIAN_POINT('',(10.731068103794,-0.9999994));
#821 = CARTESIAN_POINT('',(10.731068103794,-5.8000006));
#822 = ( GEOMETRIC_REPRESENTATION_CONTEXT(2) 
PARAMETRIC_REPRESENTATION_CONTEXT() REPRESENTATION_CONTEXT('2D SPACE',''
  ) );
#823 = ORIENTED_EDGE('',*,*,#824,.F.);
#824 = EDGE_CURVE('',#825,#799,#827,.T.);
#825 = VERTEX_POINT('',#826);
#826 = CARTESIAN_POINT('',(28.4,-0.418538842465,5.985384301559));
#827 = SURFACE_CURVE('',#828,(#833,#839),.PCURVE_S1.);
#828 = CIRCLE('',#829,6.);
#829 = AXIS2_PLACEMENT_3D('',#830,#831,#832);
#830 = CARTESIAN_POINT('',(28.4,0.,0.));
#831 = DIRECTION('',(1.,0.,0.));
#832 = DIRECTION('',(-0.,0.,1.));
#833 = PCURVE('',#201,#834);
#834 = DEFINITIONAL_REPRESENTATION('',(#835),#838);
#835 = B_SPLINE_CURVE_WITH_KNOTS('',1,(#836,#837),.UNSPECIFIED.,.F.,.F.,
  (2,2),(6.981317007977E-02,3.21140582367),.PIECEWISE_BEZIER_KNOTS.);
#836 = CARTESIAN_POINT('',(6.352998477259,4.8));
#837 = CARTESIAN_POINT('',(9.494591130849,4.8));
#838 = ( GEOMETRIC_REPRESENTATION_CONTEXT(2) 
PARAMETRIC_REPRESENTATION_CONTEXT() REPRESENTATION_CONTEXT('2D SPACE',''
  ) );
#839 = PCURVE('',#652,#840);
#840 = DEFINITIONAL_REPRESENTATION('',(#841),#845);
#841 = CIRCLE('',#842,6.);
#842 = AXIS2_PLACEMENT_2D('',#843,#844);
#843 = CARTESIAN_POINT('',(0.,0.));
#844 = DIRECTION('',(1.,0.));
#845 = ( GEOMETRIC_REPRESENTATION_CONTEXT(2) 
PARAMETRIC_REPRESENTATION_CONTEXT() REPRESENTATION_CONTEXT('2D SPACE',''
  ) );
#846 = ORIENTED_EDGE('',*,*,#847,.F.);
#847 = EDGE_CURVE('',#171,#825,#848,.T.);
#848 = SURFACE_CURVE('',#849,(#853,#859),.PCURVE_S1.);
#849 = LINE('',#850,#851);
#850 = CARTESIAN_POINT('',(23.6,-0.418538842465,5.985384301559));
#851 = VECTOR('',#852,1.);
#852 = DIRECTION('',(1.,0.,0.));
#853 = PCURVE('',#201,#854);
#854 = DEFINITIONAL_REPRESENTATION('',(#855),#858);
#855 = B_SPLINE_CURVE_WITH_KNOTS('',1,(#856,#857),.UNSPECIFIED.,.F.,.F.,
  (2,2),(4.193148399605,4.8),.PIECEWISE_BEZIER_KNOTS.);
#856 = CARTESIAN_POINT('',(6.352998477259,4.193148399605));
#857 = CARTESIAN_POINT('',(6.352998477259,4.8));
#858 = ( GEOMETRIC_REPRESENTATION_CONTEXT(2) 
PARAMETRIC_REPRESENTATION_CONTEXT() REPRESENTATION_CONTEXT('2D SPACE',''
  ) );
#859 = PCURVE('',#243,#860);
#860 = DEFINITIONAL_REPRESENTATION('',(#861),#865);
#861 = LINE('',#862,#863);
#862 = CARTESIAN_POINT('',(6.,-6.1));
#863 = VECTOR('',#864,1.);
#864 = DIRECTION('',(0.,-1.));
#865 = ( GEOMETRIC_REPRESENTATION_CONTEXT(2) 
PARAMETRIC_REPRESENTATION_CONTEXT() REPRESENTATION_CONTEXT('2D SPACE',''
  ) );
#866 = ORIENTED_EDGE('',*,*,#170,.F.);
#867 = ORIENTED_EDGE('',*,*,#664,.T.);
#868 = ORIENTED_EDGE('',*,*,#869,.F.);
#869 = EDGE_CURVE('',#870,#638,#872,.T.);
#870 = VERTEX_POINT('',#871);
#871 = CARTESIAN_POINT('',(28.4,3.526711513755,-4.85410196625));
#872 = SURFACE_CURVE('',#873,(#878,#884),.PCURVE_S1.);
#873 = CIRCLE('',#874,6.);
#874 = AXIS2_PLACEMENT_3D('',#875,#876,#877);
#875 = CARTESIAN_POINT('',(28.4,0.,0.));
#876 = DIRECTION('',(1.,0.,0.));
#877 = DIRECTION('',(-0.,0.,1.));
#878 = PCURVE('',#201,#879);
#879 = DEFINITIONAL_REPRESENTATION('',(#880),#883);
#880 = B_SPLINE_CURVE_WITH_KNOTS('',1,(#881,#882),.UNSPECIFIED.,.F.,.F.,
  (2,2),(3.769911184308,5.462880558742),.PIECEWISE_BEZIER_KNOTS.);
#881 = CARTESIAN_POINT('',(3.769911184308,4.8));
#882 = CARTESIAN_POINT('',(5.462880558742,4.8));
#883 = ( GEOMETRIC_REPRESENTATION_CONTEXT(2) 
PARAMETRIC_REPRESENTATION_CONTEXT() REPRESENTATION_CONTEXT('2D SPACE',''
  ) );
#884 = PCURVE('',#652,#885);
#885 = DEFINITIONAL_REPRESENTATION('',(#886),#890);
#886 = CIRCLE('',#887,6.);
#887 = AXIS2_PLACEMENT_2D('',#888,#889);
#888 = CARTESIAN_POINT('',(0.,0.));
#889 = DIRECTION('',(1.,0.));
#890 = ( GEOMETRIC_REPRESENTATION_CONTEXT(2) 
PARAMETRIC_REPRESENTATION_CONTEXT() REPRESENTATION_CONTEXT('2D SPACE',''
  ) );
#891 = ORIENTED_EDGE('',*,*,#892,.F.);
#892 = EDGE_CURVE('',#893,#870,#895,.T.);
#893 = VERTEX_POINT('',#894);
#894 = CARTESIAN_POINT('',(23.6,3.526711513755,-4.85410196625));
#895 = SURFACE_CURVE('',#896,(#900,#906),.PCURVE_S1.);
#896 = LINE('',#897,#898);
#897 = CARTESIAN_POINT('',(23.6,3.526711513755,-4.85410196625));
#898 = VECTOR('',#899,1.);
#899 = DIRECTION('',(1.,0.,0.));
#900 = PCURVE('',#201,#901);
#901 = DEFINITIONAL_REPRESENTATION('',(#902),#905);
#902 = B_SPLINE_CURVE_WITH_KNOTS('',1,(#903,#904),.UNSPECIFIED.,.F.,.F.,
  (2,2),(0.,4.8),.PIECEWISE_BEZIER_KNOTS.);
#903 = CARTESIAN_POINT('',(3.769911184308,0.));
#904 = CARTESIAN_POINT('',(3.769911184308,4.8));
#905 = ( GEOMETRIC_REPRESENTATION_CONTEXT(2) 
PARAMETRIC_REPRESENTATION_CONTEXT() REPRESENTATION_CONTEXT('2D SPACE',''
  ) );
#906 = PCURVE('',#907,#912);
#907 = PLANE('',#908);
#908 = AXIS2_PLACEMENT_3D('',#909,#910,#911);
#909 = CARTESIAN_POINT('',(22.6,0.,0.));
#910 = DIRECTION('',(-0.,0.809016994375,0.587785252292));
#911 = DIRECTION('',(0.,0.587785252292,-0.809016994375));
#912 = DEFINITIONAL_REPRESENTATION('',(#913),#916);
#913 = B_SPLINE_CURVE_WITH_KNOTS('',1,(#914,#915),.UNSPECIFIED.,.F.,.F.,
  (2,2),(-5.999999999062E-07,4.8000006),.PIECEWISE_BEZIER_KNOTS.);
#914 = CARTESIAN_POINT('',(6.,-0.9999994));
#915 = CARTESIAN_POINT('',(6.,-5.8000006));
#916 = ( GEOMETRIC_REPRESENTATION_CONTEXT(2) 
PARAMETRIC_REPRESENTATION_CONTEXT() REPRESENTATION_CONTEXT('2D SPACE',''
  ) );
#917 = ORIENTED_EDGE('',*,*,#918,.T.);
#918 = EDGE_CURVE('',#893,#797,#919,.T.);
#919 = SURFACE_CURVE('',#920,(#925,#932),.PCURVE_S1.);
#920 = CIRCLE('',#921,6.);
#921 = AXIS2_PLACEMENT_3D('',#922,#923,#924);
#922 = CARTESIAN_POINT('',(23.6,0.,0.));
#923 = DIRECTION('',(1.,-0.,0.));
#924 = DIRECTION('',(0.,0.587785252292,-0.809016994375));
#925 = PCURVE('',#201,#926);
#926 = DEFINITIONAL_REPRESENTATION('',(#927),#931);
#927 = LINE('',#928,#929);
#928 = CARTESIAN_POINT('',(3.769911184308,0.));
#929 = VECTOR('',#930,1.);
#930 = DIRECTION('',(1.,0.));
#931 = ( GEOMETRIC_REPRESENTATION_CONTEXT(2) 
PARAMETRIC_REPRESENTATION_CONTEXT() REPRESENTATION_CONTEXT('2D SPACE',''
  ) );
#932 = PCURVE('',#933,#938);
#933 = PLANE('',#934);
#934 = AXIS2_PLACEMENT_3D('',#935,#936,#937);
#935 = CARTESIAN_POINT('',(23.6,0.,0.));
#936 = DIRECTION('',(1.,0.,0.));
#937 = DIRECTION('',(-0.,0.,1.));
#938 = DEFINITIONAL_REPRESENTATION('',(#939),#943);
#939 = CIRCLE('',#940,6.);
#940 = AXIS2_PLACEMENT_2D('',#941,#942);
#941 = CARTESIAN_POINT('',(0.,0.));
#942 = DIRECTION('',(-0.809016994375,-0.587785252292));
#943 = ( GEOMETRIC_REPRESENTATION_CONTEXT(2) 
PARAMETRIC_REPRESENTATION_CONTEXT() REPRESENTATION_CONTEXT('2D SPACE',''
  ) );
#944 = ADVANCED_FACE('',(#945),#243,.T.);
#945 = FACE_BOUND('',#946,.T.);
#946 = EDGE_LOOP('',(#947,#1105,#1126,#1146,#1147,#1148,#1171,#1318,
    #1339,#1340,#1341,#1364));
#947 = ORIENTED_EDGE('',*,*,#948,.F.);
#948 = EDGE_CURVE('',#949,#951,#953,.T.);
#949 = VERTEX_POINT('',#950);
#950 = CARTESIAN_POINT('',(65.572077910412,-0.306928484474,
    4.389281821143));
#951 = VERTEX_POINT('',#952);
#952 = CARTESIAN_POINT('',(29.427922089588,-0.306928484474,
    4.389281821143));
#953 = SURFACE_CURVE('',#954,(#959,#966),.PCURVE_S1.);
#954 = CIRCLE('',#955,18.6);
#955 = AXIS2_PLACEMENT_3D('',#956,#957,#958);
#956 = CARTESIAN_POINT('',(47.5,0.,0.));
#957 = DIRECTION('',(0.,-0.99756405026,-6.975647374413E-02));
#958 = DIRECTION('',(0.,6.975647374413E-02,-0.99756405026));
#959 = PCURVE('',#243,#960);
#960 = DEFINITIONAL_REPRESENTATION('',(#961),#965);
#961 = CIRCLE('',#962,18.6);
#962 = AXIS2_PLACEMENT_2D('',#963,#964);
#963 = CARTESIAN_POINT('',(0.,-30.));
#964 = DIRECTION('',(-1.,-0.));
#965 = ( GEOMETRIC_REPRESENTATION_CONTEXT(2) 
PARAMETRIC_REPRESENTATION_CONTEXT() REPRESENTATION_CONTEXT('2D SPACE',''
  ) );
#966 = PCURVE('',#747,#967);
#967 = DEFINITIONAL_REPRESENTATION('',(#968),#1104);
#968 = B_SPLINE_CURVE_WITH_KNOTS('',8,(#969,#970,#971,#972,#973,#974,
    #975,#976,#977,#978,#979,#980,#981,#982,#983,#984,#985,#986,#987,
    #988,#989,#990,#991,#992,#993,#994,#995,#996,#997,#998,#999,#1000,
    #1001,#1002,#1003,#1004,#1005,#1006,#1007,#1008,#1009,#1010,#1011,
    #1012,#1013,#1014,#1015,#1016,#1017,#1018,#1019,#1020,#1021,#1022,
    #1023,#1024,#1025,#1026,#1027,#1028,#1029,#1030,#1031,#1032,#1033,
    #1034,#1035,#1036,#1037,#1038,#1039,#1040,#1041,#1042,#1043,#1044,
    #1045,#1046,#1047,#1048,#1049,#1050,#1051,#1052,#1053,#1054,#1055,
    #1056,#1057,#1058,#1059,#1060,#1061,#1062,#1063,#1064,#1065,#1066,
    #1067,#1068,#1069,#1070,#1071,#1072,#1073,#1074,#1075,#1076,#1077,
    #1078,#1079,#1080,#1081,#1082,#1083,#1084,#1085,#1086,#1087,#1088,
    #1089,#1090,#1091,#1092,#1093,#1094,#1095,#1096,#1097,#1098,#1099,
    #1100,#1101,#1102,#1103),.UNSPECIFIED.,.F.,.F.,(9,7,7,7,7,7,7,7,7,7,
    7,7,7,7,7,7,7,7,7,9),(1.570796326795,1.963495408494,2.30710710498,
    2.607767339406,2.739306191967,2.862623866243,2.978234185877,
    3.032426523205,3.084925349992,3.110354469217,3.135386258454,
    3.160026925984,3.208538240184,3.255533575815,3.346587038601,
    3.431949659962,3.592004575015,3.872100676358,4.292244828371,
    4.712388980385),.UNSPECIFIED.);
#969 = CARTESIAN_POINT('',(6.28318530718,1.932450257791E-15));
#970 = CARTESIAN_POINT('',(6.279761144282,4.896781080909E-02));
#971 = CARTESIAN_POINT('',(6.276336954981,9.793562068962E-02));
#972 = CARTESIAN_POINT('',(6.272887841621,0.14690255916));
#973 = CARTESIAN_POINT('',(6.269388573266,0.19586774402));
#974 = CARTESIAN_POINT('',(6.265812678102,0.24483024964));
#975 = CARTESIAN_POINT('',(6.2621306939,0.293789045659));
#976 = CARTESIAN_POINT('',(6.25830757654,0.342742906096));
#977 = CARTESIAN_POINT('',(6.250791995359,0.434519248803));
#978 = CARTESIAN_POINT('',(6.247142925542,0.477343248909));
#979 = CARTESIAN_POINT('',(6.243322347845,0.5201612493));
#980 = CARTESIAN_POINT('',(6.239295324111,0.562972026873));
#981 = CARTESIAN_POINT('',(6.235018493545,0.605774062769));
#982 = CARTESIAN_POINT('',(6.230437667342,0.648565458252));
#983 = CARTESIAN_POINT('',(6.225481404645,0.691343708624));
#984 = CARTESIAN_POINT('',(6.215289576136,0.771521438977));
#985 = CARTESIAN_POINT('',(6.21016633114,0.808924853872));
#986 = CARTESIAN_POINT('',(6.204606496107,0.846312968735));
#987 = CARTESIAN_POINT('',(6.198520272646,0.883682627692));
#988 = CARTESIAN_POINT('',(6.191792498514,0.921029784561));
#989 = CARTESIAN_POINT('',(6.184259569347,0.958348675251));
#990 = CARTESIAN_POINT('',(6.175697444188,0.995631410416));
#991 = CARTESIAN_POINT('',(6.161341706725,1.049153251464));
#992 = CARTESIAN_POINT('',(6.15669986377,1.065432906446));
#993 = CARTESIAN_POINT('',(6.151752412916,1.081701795967));
#994 = CARTESIAN_POINT('',(6.14645954495,1.097958508218));
#995 = CARTESIAN_POINT('',(6.140773718203,1.114201355792));
#996 = CARTESIAN_POINT('',(6.134636605905,1.130428265261));
#997 = CARTESIAN_POINT('',(6.127973816564,1.146636584591));
#998 = CARTESIAN_POINT('',(6.113856360019,1.177997393199));
#999 = CARTESIAN_POINT('',(6.10647719652,1.193152557694));
#1000 = CARTESIAN_POINT('',(6.098468712845,1.208285394997));
#1001 = CARTESIAN_POINT('',(6.089731717863,1.223392350281));
#1002 = CARTESIAN_POINT('',(6.080139820103,1.238468870093));
#1003 = CARTESIAN_POINT('',(6.069531711046,1.253509128913));
#1004 = CARTESIAN_POINT('',(6.057691622436,1.268505294822));
#1005 = CARTESIAN_POINT('',(6.0317543733,1.297452516205));
#1006 = CARTESIAN_POINT('',(6.017844465225,1.311410307808));
#1007 = CARTESIAN_POINT('',(6.002315459147,1.325309651018));
#1008 = CARTESIAN_POINT('',(5.984829042845,1.339137965521));
#1009 = CARTESIAN_POINT('',(5.964937993485,1.352878734441));
#1010 = CARTESIAN_POINT('',(5.942012666334,1.366507897222));
#1011 = CARTESIAN_POINT('',(5.915155914229,1.379991564261));
#1012 = CARTESIAN_POINT('',(5.867680432103,1.399490854493));
#1013 = CARTESIAN_POINT('',(5.851327415246,1.405668426476));
#1014 = CARTESIAN_POINT('',(5.83361508379,1.411793995339));
#1015 = CARTESIAN_POINT('',(5.814354020221,1.417859802644));
#1016 = CARTESIAN_POINT('',(5.793316272947,1.423856270393));
#1017 = CARTESIAN_POINT('',(5.770222253336,1.429771398912));
#1018 = CARTESIAN_POINT('',(5.744724638185,1.43558972873));
#1019 = CARTESIAN_POINT('',(5.688945194175,1.446813267959));
#1020 = CARTESIAN_POINT('',(5.658837793194,1.452225706488));
#1021 = CARTESIAN_POINT('',(5.62567820699,1.457509070389));
#1022 = CARTESIAN_POINT('',(5.589001408778,1.462639992618));
#1023 = CARTESIAN_POINT('',(5.548257814444,1.467588803773));
#1024 = CARTESIAN_POINT('',(5.50281103716,1.472317994413));
#1025 = CARTESIAN_POINT('',(5.451953158259,1.476778060877));
#1026 = CARTESIAN_POINT('',(5.367628445111,1.482909009518));
#1027 = CARTESIAN_POINT('',(5.338715899851,1.484832271254));
#1028 = CARTESIAN_POINT('',(5.308345917799,1.486671281038));
#1029 = CARTESIAN_POINT('',(5.276466606332,1.488418545207));
#1030 = CARTESIAN_POINT('',(5.243040987568,1.490065987874));
#1031 = CARTESIAN_POINT('',(5.208056743475,1.491605065651));
#1032 = CARTESIAN_POINT('',(5.171536891196,1.493027023996));
#1033 = CARTESIAN_POINT('',(5.096152693502,1.495599411417));
#1034 = CARTESIAN_POINT('',(5.057333863635,1.49675373607));
#1035 = CARTESIAN_POINT('',(5.017155090075,1.497778191536));
#1036 = CARTESIAN_POINT('',(4.97572001403,1.498664875424));
#1037 = CARTESIAN_POINT('',(4.933180621376,1.499406484326));
#1038 = CARTESIAN_POINT('',(4.889738082454,1.499996886058));
#1039 = CARTESIAN_POINT('',(4.845633857155,1.500431647076));
#1040 = CARTESIAN_POINT('',(4.75731907434,1.500980574204));
#1041 = CARTESIAN_POINT('',(4.713120988306,1.501099642726));
#1042 = CARTESIAN_POINT('',(4.668783364323,1.501063100063));
#1043 = CARTESIAN_POINT('',(4.624574318469,1.500870369396));
#1044 = CARTESIAN_POINT('',(4.580762975633,1.500522941008));
#1045 = CARTESIAN_POINT('',(4.537597281331,1.500024249499));
#1046 = CARTESIAN_POINT('',(4.495287012386,1.499379300782));
#1047 = CARTESIAN_POINT('',(4.372719516123,1.497048497368));
#1048 = CARTESIAN_POINT('',(4.295408337322,1.494959544078));
#1049 = CARTESIAN_POINT('',(4.223354988053,1.492373777962));
#1050 = CARTESIAN_POINT('',(4.157229247819,1.489354541299));
#1051 = CARTESIAN_POINT('',(4.096919058031,1.485967226045));
#1052 = CARTESIAN_POINT('',(4.042066562239,1.482267074363));
#1053 = CARTESIAN_POINT('',(3.992192755096,1.478301507576));
#1054 = CARTESIAN_POINT('',(3.902831550588,1.470048877934));
#1055 = CARTESIAN_POINT('',(3.863068236652,1.465775740837));
#1056 = CARTESIAN_POINT('',(3.827062702474,1.461325957904));
#1057 = CARTESIAN_POINT('',(3.79434778434,1.456728204862));
#1058 = CARTESIAN_POINT('',(3.764514363198,1.452004985264));
#1059 = CARTESIAN_POINT('',(3.737208391088,1.447174434931));
#1060 = CARTESIAN_POINT('',(3.712127995694,1.442251239039));
#1061 = CARTESIAN_POINT('',(3.644234165308,1.427552684633));
#1062 = CARTESIAN_POINT('',(3.606839459151,1.417555450668));
#1063 = CARTESIAN_POINT('',(3.574953910203,1.407343592735));
#1064 = CARTESIAN_POINT('',(3.547328987635,1.396967984553));
#1065 = CARTESIAN_POINT('',(3.523112554038,1.38646378434));
#1066 = CARTESIAN_POINT('',(3.501666869745,1.375855806459));
#1067 = CARTESIAN_POINT('',(3.482517911377,1.365162610831));
#1068 = CARTESIAN_POINT('',(3.449151006282,1.344306824048));
#1069 = CARTESIAN_POINT('',(3.434699721743,1.334152842361));
#1070 = CARTESIAN_POINT('',(3.4216387388,1.323948037145));
#1071 = CARTESIAN_POINT('',(3.409747195582,1.313700709759));
#1072 = CARTESIAN_POINT('',(3.398854868726,1.303417197627));
#1073 = CARTESIAN_POINT('',(3.38882591642,1.293102531191));
#1074 = CARTESIAN_POINT('',(3.379550864286,1.282760731647));
#1075 = CARTESIAN_POINT('',(3.354792167792,1.252959587929));
#1076 = CARTESIAN_POINT('',(3.340977249093,1.233440330508));
#1077 = CARTESIAN_POINT('',(3.32889832301,1.213859164032));
#1078 = CARTESIAN_POINT('',(3.318196734932,1.194228999886));
#1079 = CARTESIAN_POINT('',(3.308611086843,1.17455924997));
#1080 = CARTESIAN_POINT('',(3.299952293494,1.154856668982));
#1081 = CARTESIAN_POINT('',(3.292073346415,1.135126508197));
#1082 = CARTESIAN_POINT('',(3.272235179734,1.080803957829));
#1083 = CARTESIAN_POINT('',(3.261647542268,1.046163116959));
#1084 = CARTESIAN_POINT('',(3.252481077006,1.011472246158));
#1085 = CARTESIAN_POINT('',(3.244411046207,0.976742806654));
#1086 = CARTESIAN_POINT('',(3.237200829924,0.941983166363));
#1087 = CARTESIAN_POINT('',(3.230690574208,0.907198950113));
#1088 = CARTESIAN_POINT('',(3.224756151864,0.872394531099));
#1089 = CARTESIAN_POINT('',(3.211124717695,0.785341238115));
#1090 = CARTESIAN_POINT('',(3.20402988885,0.733071246176));
#1091 = CARTESIAN_POINT('',(3.197700807164,0.680774432155));
#1092 = CARTESIAN_POINT('',(3.191960276523,0.628457009243));
#1093 = CARTESIAN_POINT('',(3.186677661281,0.576123559756));
#1094 = CARTESIAN_POINT('',(3.181760790075,0.523777311603));
#1095 = CARTESIAN_POINT('',(3.177136328334,0.471420833495));
#1096 = CARTESIAN_POINT('',(3.168355589755,0.366691499959));
#1097 = CARTESIAN_POINT('',(3.164199239269,0.314318647136));
#1098 = CARTESIAN_POINT('',(3.160218698087,0.261939645883));
#1099 = CARTESIAN_POINT('',(3.156369101504,0.209556065855));
#1100 = CARTESIAN_POINT('',(3.15261363554,0.157169194547));
#1101 = CARTESIAN_POINT('',(3.148919642389,0.104780173905));
#1102 = CARTESIAN_POINT('',(3.145256125403,5.239008774695E-02));
#1103 = CARTESIAN_POINT('',(3.14159265359,1.832495431643E-16));
#1104 = ( GEOMETRIC_REPRESENTATION_CONTEXT(2) 
PARAMETRIC_REPRESENTATION_CONTEXT() REPRESENTATION_CONTEXT('2D SPACE',''
  ) );
#1105 = ORIENTED_EDGE('',*,*,#1106,.T.);
#1106 = EDGE_CURVE('',#949,#1107,#1109,.T.);
#1107 = VERTEX_POINT('',#1108);
#1108 = CARTESIAN_POINT('',(66.6,-0.306928484474,4.389281821143));
#1109 = SURFACE_CURVE('',#1110,(#1114,#1120),.PCURVE_S1.);
#1110 = LINE('',#1111,#1112);
#1111 = CARTESIAN_POINT('',(64.5,-0.306928484474,4.389281821143));
#1112 = VECTOR('',#1113,1.);
#1113 = DIRECTION('',(1.,0.,0.));
#1114 = PCURVE('',#243,#1115);
#1115 = DEFINITIONAL_REPRESENTATION('',(#1116),#1119);
#1116 = B_SPLINE_CURVE_WITH_KNOTS('',1,(#1117,#1118),.UNSPECIFIED.,.F.,
  .F.,(2,2),(-6.000000070117E-07,5.3000006),.PIECEWISE_BEZIER_KNOTS.);
#1117 = CARTESIAN_POINT('',(4.4,-46.9999994));
#1118 = CARTESIAN_POINT('',(4.4,-52.3000006));
#1119 = ( GEOMETRIC_REPRESENTATION_CONTEXT(2) 
PARAMETRIC_REPRESENTATION_CONTEXT() REPRESENTATION_CONTEXT('2D SPACE',''
  ) );
#1120 = PCURVE('',#721,#1121);
#1121 = DEFINITIONAL_REPRESENTATION('',(#1122),#1125);
#1122 = B_SPLINE_CURVE_WITH_KNOTS('',1,(#1123,#1124),.UNSPECIFIED.,.F.,
  .F.,(2,2),(-6.000000070117E-07,5.3000006),.PIECEWISE_BEZIER_KNOTS.);
#1123 = CARTESIAN_POINT('',(6.981317007977E-02,-6.000000070117E-07));
#1124 = CARTESIAN_POINT('',(6.981317007977E-02,5.3000006));
#1125 = ( GEOMETRIC_REPRESENTATION_CONTEXT(2) 
PARAMETRIC_REPRESENTATION_CONTEXT() REPRESENTATION_CONTEXT('2D SPACE',''
  ) );
#1126 = ORIENTED_EDGE('',*,*,#1127,.T.);
#1127 = EDGE_CURVE('',#1107,#536,#1128,.T.);
#1128 = SURFACE_CURVE('',#1129,(#1133,#1140),.PCURVE_S1.);
#1129 = LINE('',#1130,#1131);
#1130 = CARTESIAN_POINT('',(66.6,0.,0.));
#1131 = VECTOR('',#1132,1.);
#1132 = DIRECTION('',(0.,-6.975647374413E-02,0.99756405026));
#1133 = PCURVE('',#243,#1134);
#1134 = DEFINITIONAL_REPRESENTATION('',(#1135),#1139);
#1135 = LINE('',#1136,#1137);
#1136 = CARTESIAN_POINT('',(0.,-49.1));
#1137 = VECTOR('',#1138,1.);
#1138 = DIRECTION('',(1.,0.));
#1139 = ( GEOMETRIC_REPRESENTATION_CONTEXT(2) 
PARAMETRIC_REPRESENTATION_CONTEXT() REPRESENTATION_CONTEXT('2D SPACE',''
  ) );
#1140 = PCURVE('',#574,#1141);
#1141 = DEFINITIONAL_REPRESENTATION('',(#1142),#1145);
#1142 = B_SPLINE_CURVE_WITH_KNOTS('',1,(#1143,#1144),.UNSPECIFIED.,.F.,
  .F.,(2,2),(-1.261386203122E-15,6.014651388487),
  .PIECEWISE_BEZIER_KNOTS.);
#1143 = CARTESIAN_POINT('',(-1.258313529728E-15,-8.798985355927E-17));
#1144 = CARTESIAN_POINT('',(6.,0.419560871661));
#1145 = ( GEOMETRIC_REPRESENTATION_CONTEXT(2) 
PARAMETRIC_REPRESENTATION_CONTEXT() REPRESENTATION_CONTEXT('2D SPACE',''
  ) );
#1146 = ORIENTED_EDGE('',*,*,#535,.T.);
#1147 = ORIENTED_EDGE('',*,*,#445,.T.);
#1148 = ORIENTED_EDGE('',*,*,#1149,.T.);
#1149 = EDGE_CURVE('',#414,#1150,#1152,.T.);
#1150 = VERTEX_POINT('',#1151);
#1151 = CARTESIAN_POINT('',(65.,-0.809746175377,11.579909806707));
#1152 = SURFACE_CURVE('',#1153,(#1157,#1164),.PCURVE_S1.);
#1153 = LINE('',#1154,#1155);
#1154 = CARTESIAN_POINT('',(65.,1.294411697016,-18.51094967781));
#1155 = VECTOR('',#1156,1.);
#1156 = DIRECTION('',(0.,-6.975647374413E-02,0.99756405026));
#1157 = PCURVE('',#243,#1158);
#1158 = DEFINITIONAL_REPRESENTATION('',(#1159),#1163);
#1159 = LINE('',#1160,#1161);
#1160 = CARTESIAN_POINT('',(-18.55615153031,-47.5));
#1161 = VECTOR('',#1162,1.);
#1162 = DIRECTION('',(1.,0.));
#1163 = ( GEOMETRIC_REPRESENTATION_CONTEXT(2) 
PARAMETRIC_REPRESENTATION_CONTEXT() REPRESENTATION_CONTEXT('2D SPACE',''
  ) );
#1164 = PCURVE('',#433,#1165);
#1165 = DEFINITIONAL_REPRESENTATION('',(#1166),#1170);
#1166 = LINE('',#1167,#1168);
#1167 = CARTESIAN_POINT('',(21.489050322185,-41.29441169701));
#1168 = VECTOR('',#1169,1.);
#1169 = DIRECTION('',(0.99756405026,6.975647374413E-02));
#1170 = ( GEOMETRIC_REPRESENTATION_CONTEXT(2) 
PARAMETRIC_REPRESENTATION_CONTEXT() REPRESENTATION_CONTEXT('2D SPACE',''
  ) );
#1171 = ORIENTED_EDGE('',*,*,#1172,.T.);
#1172 = EDGE_CURVE('',#1150,#1173,#1175,.T.);
#1173 = VERTEX_POINT('',#1174);
#1174 = CARTESIAN_POINT('',(30.,-0.809746175376,11.579909806707));
#1175 = SURFACE_CURVE('',#1176,(#1181,#1188),.PCURVE_S1.);
#1176 = CIRCLE('',#1177,21.);
#1177 = AXIS2_PLACEMENT_3D('',#1178,#1179,#1180);
#1178 = CARTESIAN_POINT('',(47.5,0.,0.));
#1179 = DIRECTION('',(0.,-0.99756405026,-6.975647374413E-02));
#1180 = DIRECTION('',(0.,6.975647374413E-02,-0.99756405026));
#1181 = PCURVE('',#243,#1182);
#1182 = DEFINITIONAL_REPRESENTATION('',(#1183),#1187);
#1183 = CIRCLE('',#1184,21.);
#1184 = AXIS2_PLACEMENT_2D('',#1185,#1186);
#1185 = CARTESIAN_POINT('',(0.,-30.));
#1186 = DIRECTION('',(-1.,-0.));
#1187 = ( GEOMETRIC_REPRESENTATION_CONTEXT(2) 
PARAMETRIC_REPRESENTATION_CONTEXT() REPRESENTATION_CONTEXT('2D SPACE',''
  ) );
#1188 = PCURVE('',#1189,#1194);
#1189 = SPHERICAL_SURFACE('',#1190,21.);
#1190 = AXIS2_PLACEMENT_3D('',#1191,#1192,#1193);
#1191 = CARTESIAN_POINT('',(47.5,0.,0.));
#1192 = DIRECTION('',(0.,0.,1.));
#1193 = DIRECTION('',(1.,0.,-0.));
#1194 = DEFINITIONAL_REPRESENTATION('',(#1195),#1317);
#1195 = B_SPLINE_CURVE_WITH_KNOTS('',8,(#1196,#1197,#1198,#1199,#1200,
    #1201,#1202,#1203,#1204,#1205,#1206,#1207,#1208,#1209,#1210,#1211,
    #1212,#1213,#1214,#1215,#1216,#1217,#1218,#1219,#1220,#1221,#1222,
    #1223,#1224,#1225,#1226,#1227,#1228,#1229,#1230,#1231,#1232,#1233,
    #1234,#1235,#1236,#1237,#1238,#1239,#1240,#1241,#1242,#1243,#1244,
    #1245,#1246,#1247,#1248,#1249,#1250,#1251,#1252,#1253,#1254,#1255,
    #1256,#1257,#1258,#1259,#1260,#1261,#1262,#1263,#1264,#1265,#1266,
    #1267,#1268,#1269,#1270,#1271,#1272,#1273,#1274,#1275,#1276,#1277,
    #1278,#1279,#1280,#1281,#1282,#1283,#1284,#1285,#1286,#1287,#1288,
    #1289,#1290,#1291,#1292,#1293,#1294,#1295,#1296,#1297,#1298,#1299,
    #1300,#1301,#1302,#1303,#1304,#1305,#1306,#1307,#1308,#1309,#1310,
    #1311,#1312,#1313,#1314,#1315,#1316),.UNSPECIFIED.,.F.,.F.,(9,7,7,7,
    7,7,7,7,7,7,7,7,7,7,7,7,7,9),(2.156481870252,2.402759566086,
    2.618252549942,2.806808910815,2.889302318697,2.966639888586,
    3.039143860358,3.073130097125,3.106054263994,3.137949550648,
    3.168848109595,3.198781088574,3.256776235346,3.311146685445,
    3.41309127938,3.591494318767,3.859098877847,4.126703436928),
  .UNSPECIFIED.);
#1196 = CARTESIAN_POINT('',(6.236947077405,0.584070581505));
#1197 = CARTESIAN_POINT('',(6.233861380507,0.61474748103));
#1198 = CARTESIAN_POINT('',(6.230632631426,0.64541937359));
#1199 = CARTESIAN_POINT('',(6.227240569869,0.676085549206));
#1200 = CARTESIAN_POINT('',(6.223660726057,0.706745149814));
#1201 = CARTESIAN_POINT('',(6.219863989428,0.737397154372));
#1202 = CARTESIAN_POINT('',(6.215814622082,0.768040308793));
#1203 = CARTESIAN_POINT('',(6.211466716986,0.798673000717));
#1204 = CARTESIAN_POINT('',(6.202639936858,0.856085647734));
#1205 = CARTESIAN_POINT('',(6.198245355489,0.882868558653));
#1206 = CARTESIAN_POINT('',(6.193534106069,0.909640361138));
#1207 = CARTESIAN_POINT('',(6.188456079107,0.936399292338));
#1208 = CARTESIAN_POINT('',(6.182947657898,0.963143110996));
#1209 = CARTESIAN_POINT('',(6.176928043331,0.989868968439));
#1210 = CARTESIAN_POINT('',(6.17028959101,1.016573064101));
#1211 = CARTESIAN_POINT('',(6.156387607355,1.066592005405));
#1212 = CARTESIAN_POINT('',(6.149305894579,1.089913254168));
#1213 = CARTESIAN_POINT('',(6.141524912739,1.113209855157));
#1214 = CARTESIAN_POINT('',(6.132909043034,1.136476991909));
#1215 = CARTESIAN_POINT('',(6.123283560082,1.159708461513));
#1216 = CARTESIAN_POINT('',(6.112403318883,1.182895504081));
#1217 = CARTESIAN_POINT('',(6.099931309746,1.206026086614));
#1218 = CARTESIAN_POINT('',(6.078884758464,1.239165111905));
#1219 = CARTESIAN_POINT('',(6.072064110943,1.249236097353));
#1220 = CARTESIAN_POINT('',(6.064779892774,1.259290526575));
#1221 = CARTESIAN_POINT('',(6.056974948452,1.269326326036));
#1222 = CARTESIAN_POINT('',(6.048580569525,1.279340992373));
#1223 = CARTESIAN_POINT('',(6.039513272024,1.289331472053));
#1224 = CARTESIAN_POINT('',(6.0296690383,1.299293938299));
#1225 = CARTESIAN_POINT('',(6.008829054403,1.318532222354));
#1226 = CARTESIAN_POINT('',(5.997943739145,1.327812040686));
#1227 = CARTESIAN_POINT('',(5.986145646288,1.337058688909));
#1228 = CARTESIAN_POINT('',(5.973299842115,1.346267129108));
#1229 = CARTESIAN_POINT('',(5.959238817894,1.355431035378));
#1230 = CARTESIAN_POINT('',(5.943752193734,1.36454240498));
#1231 = CARTESIAN_POINT('',(5.926566746425,1.37359070559));
#1232 = CARTESIAN_POINT('',(5.889253728465,1.390970829678));
#1233 = CARTESIAN_POINT('',(5.869377197037,1.399312087171));
#1234 = CARTESIAN_POINT('',(5.847370154399,1.407572623463));
#1235 = CARTESIAN_POINT('',(5.822847460651,1.415736846223));
#1236 = CARTESIAN_POINT('',(5.795312131293,1.423784406624));
#1237 = CARTESIAN_POINT('',(5.764127671055,1.431688010708));
#1238 = CARTESIAN_POINT('',(5.72842042304,1.439409494864));
#1239 = CARTESIAN_POINT('',(5.667628354682,1.450397749344));
#1240 = CARTESIAN_POINT('',(5.646977907735,1.453851878285));
#1241 = CARTESIAN_POINT('',(5.624959336011,1.457247275101));
#1242 = CARTESIAN_POINT('',(5.60143933529,1.460577005089));
#1243 = CARTESIAN_POINT('',(5.57627047944,1.463832990999));
#1244 = CARTESIAN_POINT('',(5.549290658441,1.467005742516));
#1245 = CARTESIAN_POINT('',(5.520326859854,1.470084078972));
#1246 = CARTESIAN_POINT('',(5.459061564474,1.475932941608));
#1247 = CARTESIAN_POINT('',(5.426892712873,1.478710080909));
#1248 = CARTESIAN_POINT('',(5.392545588585,1.481374467581));
#1249 = CARTESIAN_POINT('',(5.355867438715,1.483912561431));
#1250 = CARTESIAN_POINT('',(5.316716693968,1.486309034382));
#1251 = CARTESIAN_POINT('',(5.274986945964,1.488546719553));
#1252 = CARTESIAN_POINT('',(5.230640998608,1.490607042845));
#1253 = CARTESIAN_POINT('',(5.138322751326,1.494277383024));
#1254 = CARTESIAN_POINT('',(5.090507043681,1.495899460138));
#1255 = CARTESIAN_POINT('',(5.040365457045,1.497320603364));
#1256 = CARTESIAN_POINT('',(4.988055495927,1.498523772671));
#1257 = CARTESIAN_POINT('',(4.933852970207,1.499492899326));
#1258 = CARTESIAN_POINT('',(4.878181841109,1.500214723617));
#1259 = CARTESIAN_POINT('',(4.821567818135,1.500680888999));
#1260 = CARTESIAN_POINT('',(4.709349080621,1.501089269737));
#1261 = CARTESIAN_POINT('',(4.653768122199,1.501047403255));
#1262 = CARTESIAN_POINT('',(4.598331457566,1.500759933201));
#1263 = CARTESIAN_POINT('',(4.543573353181,1.500228722247));
#1264 = CARTESIAN_POINT('',(4.489999590109,1.499460773819));
#1265 = CARTESIAN_POINT('',(4.43800977457,1.498467321027));
#1266 = CARTESIAN_POINT('',(4.387889467408,1.497261968372));
#1267 = CARTESIAN_POINT('',(4.293255823969,1.494500815851));
#1268 = CARTESIAN_POINT('',(4.248616174974,1.492957144961));
#1269 = CARTESIAN_POINT('',(4.206069222259,1.491241877164));
#1270 = CARTESIAN_POINT('',(4.165690161204,1.489369449575));
#1271 = CARTESIAN_POINT('',(4.127476219876,1.487354136317));
#1272 = CARTESIAN_POINT('',(4.09137186294,1.485209367401));
#1273 = CARTESIAN_POINT('',(4.057293090862,1.482947436528));
#1274 = CARTESIAN_POINT('',(3.962837944351,1.475991562372));
#1275 = CARTESIAN_POINT('',(3.907759742841,1.471005627221));
#1276 = CARTESIAN_POINT('',(3.859165648506,1.465702666294));
#1277 = CARTESIAN_POINT('',(3.816080437049,1.460147000344));
#1278 = CARTESIAN_POINT('',(3.77767622325,1.454385313712));
#1279 = CARTESIAN_POINT('',(3.743254720352,1.448453887638));
#1280 = CARTESIAN_POINT('',(3.712242048788,1.442380566662));
#1281 = CARTESIAN_POINT('',(3.657841283651,1.43038135924));
#1282 = CARTESIAN_POINT('',(3.634097847937,1.424469986595));
#1283 = CARTESIAN_POINT('',(3.612543200755,1.418471444772));
#1284 = CARTESIAN_POINT('',(3.592865181301,1.412399413046));
#1285 = CARTESIAN_POINT('',(3.574812162634,1.406264479258));
#1286 = CARTESIAN_POINT('',(3.558178537442,1.400075123539));
#1287 = CARTESIAN_POINT('',(3.542793721512,1.393838321106));
#1288 = CARTESIAN_POINT('',(3.501741462603,1.375787469822));
#1289 = CARTESIAN_POINT('',(3.478855759042,1.363868405741));
#1290 = CARTESIAN_POINT('',(3.458915051426,1.35184028298));
#1291 = CARTESIAN_POINT('',(3.441317471243,1.339726020811));
#1292 = CARTESIAN_POINT('',(3.425627550403,1.327542180905));
#1293 = CARTESIAN_POINT('',(3.41152272889,1.315300769635));
#1294 = CARTESIAN_POINT('',(3.39875354196,1.303011061334));
#1295 = CARTESIAN_POINT('',(3.366771639933,1.269101421536));
#1296 = CARTESIAN_POINT('',(3.349908831307,1.247396790328));
#1297 = CARTESIAN_POINT('',(3.335484046846,1.225605130837));
#1298 = CARTESIAN_POINT('',(3.322936553441,1.203746594346));
#1299 = CARTESIAN_POINT('',(3.311862419367,1.181835784878));
#1300 = CARTESIAN_POINT('',(3.301987554493,1.159882472345));
#1301 = CARTESIAN_POINT('',(3.293101062388,1.137894203014));
#1302 = CARTESIAN_POINT('',(3.272957507109,1.082850308473));
#1303 = CARTESIAN_POINT('',(3.262736587992,1.049758080823));
#1304 = CARTESIAN_POINT('',(3.253841705082,1.016619161715));
#1305 = CARTESIAN_POINT('',(3.245977616009,0.983443978336));
#1306 = CARTESIAN_POINT('',(3.238929448558,0.950240129526));
#1307 = CARTESIAN_POINT('',(3.232548984864,0.917012833788));
#1308 = CARTESIAN_POINT('',(3.226721163272,0.883766145488));
#1309 = CARTESIAN_POINT('',(3.215994859488,0.817240172206));
#1310 = CARTESIAN_POINT('',(3.211096334296,0.783960888825));
#1311 = CARTESIAN_POINT('',(3.206574241648,0.750668411366));
#1312 = CARTESIAN_POINT('',(3.202365719852,0.717364947807));
#1313 = CARTESIAN_POINT('',(3.198422417171,0.684052195172));
#1314 = CARTESIAN_POINT('',(3.194705552118,0.650731513988));
#1315 = CARTESIAN_POINT('',(3.191183791776,0.617404002721));
#1316 = CARTESIAN_POINT('',(3.187830883364,0.584070581505));
#1317 = ( GEOMETRIC_REPRESENTATION_CONTEXT(2) 
PARAMETRIC_REPRESENTATION_CONTEXT() REPRESENTATION_CONTEXT('2D SPACE',''
  ) );
#1318 = ORIENTED_EDGE('',*,*,#1319,.F.);
#1319 = EDGE_CURVE('',#214,#1173,#1320,.T.);
#1320 = SURFACE_CURVE('',#1321,(#1325,#1332),.PCURVE_S1.);
#1321 = LINE('',#1322,#1323);
#1322 = CARTESIAN_POINT('',(30.,1.294411697016,-18.51094967781));
#1323 = VECTOR('',#1324,1.);
#1324 = DIRECTION('',(0.,-6.975647374413E-02,0.99756405026));
#1325 = PCURVE('',#243,#1326);
#1326 = DEFINITIONAL_REPRESENTATION('',(#1327),#1331);
#1327 = LINE('',#1328,#1329);
#1328 = CARTESIAN_POINT('',(-18.55615153031,-12.5));
#1329 = VECTOR('',#1330,1.);
#1330 = DIRECTION('',(1.,0.));
#1331 = ( GEOMETRIC_REPRESENTATION_CONTEXT(2) 
PARAMETRIC_REPRESENTATION_CONTEXT() REPRESENTATION_CONTEXT('2D SPACE',''
  ) );
#1332 = PCURVE('',#275,#1333);
#1333 = DEFINITIONAL_REPRESENTATION('',(#1334),#1338);
#1334 = LINE('',#1335,#1336);
#1335 = CARTESIAN_POINT('',(21.489050322185,-41.29441169701));
#1336 = VECTOR('',#1337,1.);
#1337 = DIRECTION('',(0.99756405026,6.975647374413E-02));
#1338 = ( GEOMETRIC_REPRESENTATION_CONTEXT(2) 
PARAMETRIC_REPRESENTATION_CONTEXT() REPRESENTATION_CONTEXT('2D SPACE',''
  ) );
#1339 = ORIENTED_EDGE('',*,*,#213,.T.);
#1340 = ORIENTED_EDGE('',*,*,#847,.T.);
#1341 = ORIENTED_EDGE('',*,*,#1342,.F.);
#1342 = EDGE_CURVE('',#1343,#825,#1345,.T.);
#1343 = VERTEX_POINT('',#1344);
#1344 = CARTESIAN_POINT('',(28.4,-0.306928484474,4.389281821143));
#1345 = SURFACE_CURVE('',#1346,(#1350,#1357),.PCURVE_S1.);
#1346 = LINE('',#1347,#1348);
#1347 = CARTESIAN_POINT('',(28.4,0.,0.));
#1348 = VECTOR('',#1349,1.);
#1349 = DIRECTION('',(0.,-6.975647374413E-02,0.99756405026));
#1350 = PCURVE('',#243,#1351);
#1351 = DEFINITIONAL_REPRESENTATION('',(#1352),#1356);
#1352 = LINE('',#1353,#1354);
#1353 = CARTESIAN_POINT('',(0.,-10.9));
#1354 = VECTOR('',#1355,1.);
#1355 = DIRECTION('',(1.,0.));
#1356 = ( GEOMETRIC_REPRESENTATION_CONTEXT(2) 
PARAMETRIC_REPRESENTATION_CONTEXT() REPRESENTATION_CONTEXT('2D SPACE',''
  ) );
#1357 = PCURVE('',#652,#1358);
#1358 = DEFINITIONAL_REPRESENTATION('',(#1359),#1363);
#1359 = LINE('',#1360,#1361);
#1360 = CARTESIAN_POINT('',(0.,0.));
#1361 = VECTOR('',#1362,1.);
#1362 = DIRECTION('',(0.99756405026,6.975647374413E-02));
#1363 = ( GEOMETRIC_REPRESENTATION_CONTEXT(2) 
PARAMETRIC_REPRESENTATION_CONTEXT() REPRESENTATION_CONTEXT('2D SPACE',''
  ) );
#1364 = ORIENTED_EDGE('',*,*,#1365,.F.);
#1365 = EDGE_CURVE('',#951,#1343,#1366,.T.);
#1366 = SURFACE_CURVE('',#1367,(#1371,#1377),.PCURVE_S1.);
#1367 = LINE('',#1368,#1369);
#1368 = CARTESIAN_POINT('',(30.5,-0.306928484474,4.389281821143));
#1369 = VECTOR('',#1370,1.);
#1370 = DIRECTION('',(-1.,0.,0.));
#1371 = PCURVE('',#243,#1372);
#1372 = DEFINITIONAL_REPRESENTATION('',(#1373),#1376);
#1373 = B_SPLINE_CURVE_WITH_KNOTS('',1,(#1374,#1375),.UNSPECIFIED.,.F.,
  .F.,(2,2),(-5.999999999062E-07,5.3000006),.PIECEWISE_BEZIER_KNOTS.);
#1374 = CARTESIAN_POINT('',(4.4,-13.0000006));
#1375 = CARTESIAN_POINT('',(4.4,-7.6999994));
#1376 = ( GEOMETRIC_REPRESENTATION_CONTEXT(2) 
PARAMETRIC_REPRESENTATION_CONTEXT() REPRESENTATION_CONTEXT('2D SPACE',''
  ) );
#1377 = PCURVE('',#626,#1378);
#1378 = DEFINITIONAL_REPRESENTATION('',(#1379),#1382);
#1379 = B_SPLINE_CURVE_WITH_KNOTS('',1,(#1380,#1381),.UNSPECIFIED.,.F.,
  .F.,(2,2),(-5.999999999062E-07,5.3000006),.PIECEWISE_BEZIER_KNOTS.);
#1380 = CARTESIAN_POINT('',(3.07177948351,-5.999999999062E-07));
#1381 = CARTESIAN_POINT('',(3.07177948351,5.3000006));
#1382 = ( GEOMETRIC_REPRESENTATION_CONTEXT(2) 
PARAMETRIC_REPRESENTATION_CONTEXT() REPRESENTATION_CONTEXT('2D SPACE',''
  ) );
#1383 = ADVANCED_FACE('',(#1384),#275,.F.);
#1384 = FACE_BOUND('',#1385,.F.);
#1385 = EDGE_LOOP('',(#1386,#1409,#1472,#1772,#1800,#1801));
#1386 = ORIENTED_EDGE('',*,*,#1387,.T.);
#1387 = EDGE_CURVE('',#256,#1388,#1390,.T.);
#1388 = VERTEX_POINT('',#1389);
#1389 = CARTESIAN_POINT('',(30.,2.077132305577,14.779564316485));
#1390 = SURFACE_CURVE('',#1391,(#1395,#1402),.PCURVE_S1.);
#1391 = LINE('',#1392,#1393);
#1392 = CARTESIAN_POINT('',(30.,1.512511337598,10.762077376308));
#1393 = VECTOR('',#1394,1.);
#1394 = DIRECTION('',(-8.757063721387E-16,0.13917310096,0.990268068742)
  );
#1395 = PCURVE('',#275,#1396);
#1396 = DEFINITIONAL_REPRESENTATION('',(#1397),#1401);
#1397 = LINE('',#1398,#1399);
#1398 = CARTESIAN_POINT('',(50.762077376308,-41.51251133759));
#1399 = VECTOR('',#1400,1.);
#1400 = DIRECTION('',(0.990268068742,-0.13917310096));
#1401 = ( GEOMETRIC_REPRESENTATION_CONTEXT(2) 
PARAMETRIC_REPRESENTATION_CONTEXT() REPRESENTATION_CONTEXT('2D SPACE',''
  ) );
#1402 = PCURVE('',#401,#1403);
#1403 = DEFINITIONAL_REPRESENTATION('',(#1404),#1408);
#1404 = LINE('',#1405,#1406);
#1405 = CARTESIAN_POINT('',(69.132157527825,-12.5));
#1406 = VECTOR('',#1407,1.);
#1407 = DIRECTION('',(-1.,8.757063721387E-16));
#1408 = ( GEOMETRIC_REPRESENTATION_CONTEXT(2) 
PARAMETRIC_REPRESENTATION_CONTEXT() REPRESENTATION_CONTEXT('2D SPACE',''
  ) );
#1409 = ORIENTED_EDGE('',*,*,#1410,.T.);
#1410 = EDGE_CURVE('',#1388,#1411,#1413,.T.);
#1411 = VERTEX_POINT('',#1412);
#1412 = CARTESIAN_POINT('',(30.,-1.921125387742,14.800651243934));
#1413 = SURFACE_CURVE('',#1414,(#1419,#1426),.PCURVE_S1.);
#1414 = CIRCLE('',#1415,14.924811556599);
#1415 = AXIS2_PLACEMENT_3D('',#1416,#1417,#1418);
#1416 = CARTESIAN_POINT('',(30.,0.,0.));
#1417 = DIRECTION('',(1.,0.,-0.));
#1418 = DIRECTION('',(0.,0.,1.));
#1419 = PCURVE('',#275,#1420);
#1420 = DEFINITIONAL_REPRESENTATION('',(#1421),#1425);
#1421 = CIRCLE('',#1422,14.924811556599);
#1422 = AXIS2_PLACEMENT_2D('',#1423,#1424);
#1423 = CARTESIAN_POINT('',(40.,-40.));
#1424 = DIRECTION('',(1.,0.));
#1425 = ( GEOMETRIC_REPRESENTATION_CONTEXT(2) 
PARAMETRIC_REPRESENTATION_CONTEXT() REPRESENTATION_CONTEXT('2D SPACE',''
  ) );
#1426 = PCURVE('',#1427,#1432);
#1427 = SPHERICAL_SURFACE('',#1428,23.);
#1428 = AXIS2_PLACEMENT_3D('',#1429,#1430,#1431);
#1429 = CARTESIAN_POINT('',(47.5,0.,0.));
#1430 = DIRECTION('',(0.,0.,1.));
#1431 = DIRECTION('',(1.,0.,-0.));
#1432 = DEFINITIONAL_REPRESENTATION('',(#1433),#1471);
#1433 = B_SPLINE_CURVE_WITH_KNOTS('',8,(#1434,#1435,#1436,#1437,#1438,
    #1439,#1440,#1441,#1442,#1443,#1444,#1445,#1446,#1447,#1448,#1449,
    #1450,#1451,#1452,#1453,#1454,#1455,#1456,#1457,#1458,#1459,#1460,
    #1461,#1462,#1463,#1464,#1465,#1466,#1467,#1468,#1469,#1470),
  .UNSPECIFIED.,.F.,.F.,(9,7,7,7,7,9),(4.712388980385,5.497787143782,
    6.08683576633,6.528622233241,7.191301933608,7.853981633975),
  .UNSPECIFIED.);
#1434 = CARTESIAN_POINT('',(2.435448441492,-1.164606757645E-14));
#1435 = CARTESIAN_POINT('',(2.435448441492,6.370608470437E-02));
#1436 = CARTESIAN_POINT('',(2.440887005453,0.127412194266));
#1437 = CARTESIAN_POINT('',(2.451764010244,0.190576440197));
#1438 = CARTESIAN_POINT('',(2.468250553949,0.252658092366));
#1439 = CARTESIAN_POINT('',(2.49068743494,0.313066323163));
#1440 = CARTESIAN_POINT('',(2.519569236871,0.371125176558));
#1441 = CARTESIAN_POINT('',(2.555515439571,0.425995733997));
#1442 = CARTESIAN_POINT('',(2.631492653083,0.514719211843));
#1443 = CARTESIAN_POINT('',(2.668255777904,0.550397124709));
#1444 = CARTESIAN_POINT('',(2.709391955059,0.583314142774));
#1445 = CARTESIAN_POINT('',(2.755002943764,0.613009492187));
#1446 = CARTESIAN_POINT('',(2.805052929309,0.638986212998));
#1447 = CARTESIAN_POINT('',(2.859229368107,0.660724989645));
#1448 = CARTESIAN_POINT('',(2.916790551009,0.677784473854));
#1449 = CARTESIAN_POINT('',(3.021668644337,0.698932807559));
#1450 = CARTESIAN_POINT('',(3.06794897821,0.705198037062));
#1451 = CARTESIAN_POINT('',(3.115133029,0.708540582721));
#1452 = CARTESIAN_POINT('',(3.162703708476,0.708880699276));
#1453 = CARTESIAN_POINT('',(3.210084455108,0.706202865507));
#1454 = CARTESIAN_POINT('',(3.256714923013,0.700559471557));
#1455 = CARTESIAN_POINT('',(3.302120850815,0.692061042115));
#1456 = CARTESIAN_POINT('',(3.411632107877,0.664047115499));
#1457 = CARTESIAN_POINT('',(3.473735691747,0.641147869149));
#1458 = CARTESIAN_POINT('',(3.530966654274,0.61265738543));
#1459 = CARTESIAN_POINT('',(3.582552353269,0.579273905603));
#1460 = CARTESIAN_POINT('',(3.628389228092,0.54175126665));
#1461 = CARTESIAN_POINT('',(3.668638404628,0.500757956279));
#1462 = CARTESIAN_POINT('',(3.703578936106,0.456891470726));
#1463 = CARTESIAN_POINT('',(3.763444193661,0.364455190661));
#1464 = CARTESIAN_POINT('',(3.788368910031,0.31588545658));
#1465 = CARTESIAN_POINT('',(3.808586423844,0.265486286116));
#1466 = CARTESIAN_POINT('',(3.824419709352,0.213706650311));
#1467 = CARTESIAN_POINT('',(3.836121521677,0.160930631304));
#1468 = CARTESIAN_POINT('',(3.843865087802,0.107504022817));
#1469 = CARTESIAN_POINT('',(3.847736865688,5.375200896931E-02));
#1470 = CARTESIAN_POINT('',(3.847736865687,-1.132819587731E-14));
#1471 = ( GEOMETRIC_REPRESENTATION_CONTEXT(2) 
PARAMETRIC_REPRESENTATION_CONTEXT() REPRESENTATION_CONTEXT('2D SPACE',''
  ) );
#1472 = ORIENTED_EDGE('',*,*,#1473,.F.);
#1473 = EDGE_CURVE('',#1474,#1411,#1476,.T.);
#1474 = VERTEX_POINT('',#1475);
#1475 = CARTESIAN_POINT('',(30.,-1.494208634911,11.511617634171));
#1476 = SURFACE_CURVE('',#1477,(#1590,#1706),.PCURVE_S1.);
#1477 = B_SPLINE_CURVE_WITH_KNOTS('',6,(#1478,#1479,#1480,#1481,#1482,
    #1483,#1484,#1485,#1486,#1487,#1488,#1489,#1490,#1491,#1492,#1493,
    #1494,#1495,#1496,#1497,#1498,#1499,#1500,#1501,#1502,#1503,#1504,
    #1505,#1506,#1507,#1508,#1509,#1510,#1511,#1512,#1513,#1514,#1515,
    #1516,#1517,#1518,#1519,#1520,#1521,#1522,#1523,#1524,#1525,#1526,
    #1527,#1528,#1529,#1530,#1531,#1532,#1533,#1534,#1535,#1536,#1537,
    #1538,#1539,#1540,#1541,#1542,#1543,#1544,#1545,#1546,#1547,#1548,
    #1549,#1550,#1551,#1552,#1553,#1554,#1555,#1556,#1557,#1558,#1559,
    #1560,#1561,#1562,#1563,#1564,#1565,#1566,#1567,#1568,#1569,#1570,
    #1571,#1572,#1573,#1574,#1575,#1576,#1577,#1578,#1579,#1580,#1581,
    #1582,#1583,#1584,#1585,#1586,#1587,#1588,#1589),.UNSPECIFIED.,.T.,
  .F.,(7,5,5,5,5,5,5,5,5,5,5,5,5,5,5,5,5,5,5,5,5,5,7),(0.,
    5.785013619936E-02,9.45512628293E-02,0.141154848005,0.177213907874,
    0.268552233263,0.359773917477,0.390328147506,0.427769955334,
    0.45609361639,0.47091914676,0.499692236136,0.529079185763,
    0.543904629326,0.572228017614,0.609669363257,0.64022324327,
    0.731444618352,0.822783855264,0.858843454667,0.905447721488,
    0.942149284269,1.),.UNSPECIFIED.);
#1478 = CARTESIAN_POINT('',(30.,-1.921125387742,14.800651243934));
#1479 = CARTESIAN_POINT('',(30.,-1.849498105359,14.809948469332));
#1480 = CARTESIAN_POINT('',(30.,-1.776595588323,14.809682614959));
#1481 = CARTESIAN_POINT('',(30.,-1.703655704366,14.799677479538));
#1482 = CARTESIAN_POINT('',(30.,-1.631782523465,14.780405878727));
#1483 = CARTESIAN_POINT('',(30.,-1.561865028715,14.752662681461));
#1484 = CARTESIAN_POINT('',(30.,-1.451899884877,14.695076574279));
#1485 = CARTESIAN_POINT('',(30.,-1.410256139786,14.669698090191));
#1486 = CARTESIAN_POINT('',(30.,-1.369802650577,14.641525948908));
#1487 = CARTESIAN_POINT('',(30.,-1.330646124739,14.610800447542));
#1488 = CARTESIAN_POINT('',(30.,-1.292857837481,14.577754026802));
#1489 = CARTESIAN_POINT('',(30.,-1.210289874712,14.497950172667));
#1490 = CARTESIAN_POINT('',(30.,-1.166379407891,14.44990367759));
#1491 = CARTESIAN_POINT('',(30.,-1.124831995371,14.398880353235));
#1492 = CARTESIAN_POINT('',(30.,-1.085680826636,14.345263587113));
#1493 = CARTESIAN_POINT('',(30.,-1.048924416268,14.289385828804));
#1494 = CARTESIAN_POINT('',(30.,-0.987936888231,14.186744847994));
#1495 = CARTESIAN_POINT('',(30.,-0.962755232683,14.14078298149));
#1496 = CARTESIAN_POINT('',(30.,-0.938986646926,14.093761748835));
#1497 = CARTESIAN_POINT('',(30.,-0.916618440011,14.045796343987));
#1498 = CARTESIAN_POINT('',(30.,-0.895635808957,13.996988960056));
#1499 = CARTESIAN_POINT('',(30.,-0.826344039408,13.821892957354));
#1500 = CARTESIAN_POINT('',(30.,-0.785473734727,13.69157606021));
#1501 = CARTESIAN_POINT('',(30.,-0.753120683061,13.557866971397));
#1502 = CARTESIAN_POINT('',(30.,-0.729102576895,13.421884996555));
#1503 = CARTESIAN_POINT('',(30.,-0.713287766745,13.284583937858));
#1504 = CARTESIAN_POINT('',(30.,-0.698176501748,13.009162155506));
#1505 = CARTESIAN_POINT('',(30.,-0.698865158384,12.871147829113));
#1506 = CARTESIAN_POINT('',(30.,-0.70781590508,12.733520868668));
#1507 = CARTESIAN_POINT('',(30.,-0.725277920828,12.597248214596));
#1508 = CARTESIAN_POINT('',(30.,-0.751603947685,12.463513161993));
#1509 = CARTESIAN_POINT('',(30.,-0.799531111603,12.290528618752));
#1510 = CARTESIAN_POINT('',(30.,-0.812628490827,12.247599765784));
#1511 = CARTESIAN_POINT('',(30.,-0.826823306122,12.205209100441));
#1512 = CARTESIAN_POINT('',(30.,-0.842142836436,12.163433220289));
#1513 = CARTESIAN_POINT('',(30.,-0.858616400331,12.122361029572));
#1514 = CARTESIAN_POINT('',(30.,-0.897915018431,12.032749339234));
#1515 = CARTESIAN_POINT('',(30.,-0.921332632871,11.9846187487));
#1516 = CARTESIAN_POINT('',(30.,-0.946587018809,11.937883788836));
#1517 = CARTESIAN_POINT('',(30.,-0.973734869522,11.892776526578));
#1518 = CARTESIAN_POINT('',(30.,-1.002822483897,11.849575081962));
#1519 = CARTESIAN_POINT('',(30.,-1.05736973204,11.777602526204));
#1520 = CARTESIAN_POINT('',(30.,-1.081985827922,11.747882023498));
#1521 = CARTESIAN_POINT('',(30.,-1.107735484036,11.71957745453));
#1522 = CARTESIAN_POINT('',(30.,-1.134616658771,11.692849528744));
#1523 = CARTESIAN_POINT('',(30.,-1.162609021269,11.667870448821));
#1524 = CARTESIAN_POINT('',(30.,-1.206877508495,11.632745838357));
#1525 = CARTESIAN_POINT('',(30.,-1.222379400911,11.621204270294));
#1526 = CARTESIAN_POINT('',(30.,-1.238166398571,11.610215052021));
#1527 = CARTESIAN_POINT('',(30.,-1.254229547794,11.599802956333));
#1528 = CARTESIAN_POINT('',(30.,-1.270557621783,11.58999199422));
#1529 = CARTESIAN_POINT('',(30.,-1.319314276505,11.562976287544));
#1530 = CARTESIAN_POINT('',(30.,-1.352442711078,11.547495949784));
#1531 = CARTESIAN_POINT('',(30.,-1.386414842629,11.534536483925));
#1532 = CARTESIAN_POINT('',(30.,-1.421097429129,11.524237500457));
#1533 = CARTESIAN_POINT('',(30.,-1.456330827763,11.516689703015));
#1534 = CARTESIAN_POINT('',(30.,-1.52828513542,11.507045411366));
#1535 = CARTESIAN_POINT('',(30.,-1.565030262959,11.505067508779));
#1536 = CARTESIAN_POINT('',(30.,-1.601964517618,11.506013962359));
#1537 = CARTESIAN_POINT('',(30.,-1.638898416537,11.509837358199));
#1538 = CARTESIAN_POINT('',(30.,-1.675656134034,11.516431122006));
#1539 = CARTESIAN_POINT('',(30.,-1.730454783732,11.530296309023));
#1540 = CARTESIAN_POINT('',(30.,-1.748746359331,11.535613499066));
#1541 = CARTESIAN_POINT('',(30.,-1.766935261305,11.541579527913));
#1542 = CARTESIAN_POINT('',(30.,-1.78500450521,11.548174047081));
#1543 = CARTESIAN_POINT('',(30.,-1.802939109836,11.555375391203));
#1544 = CARTESIAN_POINT('',(30.,-1.854707390756,11.578033851031));
#1545 = CARTESIAN_POINT('',(30.,-1.888148912885,11.595038367134));
#1546 = CARTESIAN_POINT('',(30.,-1.920962568995,11.614017423622));
#1547 = CARTESIAN_POINT('',(30.,-1.953084739804,11.634809720526));
#1548 = CARTESIAN_POINT('',(30.,-1.984472422674,11.657260400297));
#1549 = CARTESIAN_POINT('',(30.,-2.05558585075,11.712920818239));
#1550 = CARTESIAN_POINT('',(30.,-2.094738413647,11.747263810455));
#1551 = CARTESIAN_POINT('',(30.,-2.13250209117,11.783944643265));
#1552 = CARTESIAN_POINT('',(30.,-2.168850643289,11.822682602151));
#1553 = CARTESIAN_POINT('',(30.,-2.203779636857,11.863238843599));
#1554 = CARTESIAN_POINT('',(30.,-2.264653307895,11.939846434732));
#1555 = CARTESIAN_POINT('',(30.,-2.29106649982,11.975351154813));
#1556 = CARTESIAN_POINT('',(30.,-2.316543577184,12.011830859708));
#1557 = CARTESIAN_POINT('',(30.,-2.341090189333,12.049192108308));
#1558 = CARTESIAN_POINT('',(30.,-2.364713155602,12.087353878683));
#1559 = CARTESIAN_POINT('',(30.,-2.45521519434,12.242368199158));
#1560 = CARTESIAN_POINT('',(30.,-2.514811704652,12.364949255971));
#1561 = CARTESIAN_POINT('',(30.,-2.566485871673,12.492246852441));
#1562 = CARTESIAN_POINT('',(30.,-2.610276661753,12.623026848044));
#1563 = CARTESIAN_POINT('',(30.,-2.646178148615,12.756290733819));
#1564 = CARTESIAN_POINT('',(30.,-2.701884622556,13.026443208967));
#1565 = CARTESIAN_POINT('',(30.,-2.721647834166,13.163232771842));
#1566 = CARTESIAN_POINT('',(30.,-2.733142741498,13.300841348959));
#1567 = CARTESIAN_POINT('',(30.,-2.735998555345,13.438380342648));
#1568 = CARTESIAN_POINT('',(30.,-2.729753251958,13.574814073604));
#1569 = CARTESIAN_POINT('',(30.,-2.707460557453,13.761799794954));
#1570 = CARTESIAN_POINT('',(30.,-2.699633970258,13.81434738665));
#1571 = CARTESIAN_POINT('',(30.,-2.690252735493,13.866434641942));
#1572 = CARTESIAN_POINT('',(30.,-2.679276449726,13.917966531505));
#1573 = CARTESIAN_POINT('',(30.,-2.666663432256,13.968834916442));
#1574 = CARTESIAN_POINT('',(30.,-2.633901318794,14.083646332006));
#1575 = CARTESIAN_POINT('',(30.,-2.61262857713,14.147057232809));
#1576 = CARTESIAN_POINT('',(30.,-2.588463146137,14.208893438312));
#1577 = CARTESIAN_POINT('',(30.,-2.561318711669,14.268833887572));
#1578 = CARTESIAN_POINT('',(30.,-2.531129481011,14.326499414906));
#1579 = CARTESIAN_POINT('',(30.,-2.471671282328,14.424739670223));
#1580 = CARTESIAN_POINT('',(30.,-2.443571852706,14.466338857642));
#1581 = CARTESIAN_POINT('',(30.,-2.413556962035,14.506043328556));
#1582 = CARTESIAN_POINT('',(30.,-2.38163618054,14.543610142884));
#1583 = CARTESIAN_POINT('',(30.,-2.347851331571,14.578779717727));
#1584 = CARTESIAN_POINT('',(30.,-2.256231396177,14.662532565215));
#1585 = CARTESIAN_POINT('',(30.,-2.195713294234,14.70720681704));
#1586 = CARTESIAN_POINT('',(30.,-2.131141466678,14.744189376023));
#1587 = CARTESIAN_POINT('',(30.,-2.063172511094,14.772484777108));
#1588 = CARTESIAN_POINT('',(30.,-1.992753171117,14.791353953508));
#1589 = CARTESIAN_POINT('',(30.,-1.921125387742,14.800651243934));
#1590 = PCURVE('',#275,#1591);
#1591 = DEFINITIONAL_REPRESENTATION('',(#1592),#1705);
#1592 = B_SPLINE_CURVE_WITH_KNOTS('',6,(#1593,#1594,#1595,#1596,#1597,
    #1598,#1599,#1600,#1601,#1602,#1603,#1604,#1605,#1606,#1607,#1608,
    #1609,#1610,#1611,#1612,#1613,#1614,#1615,#1616,#1617,#1618,#1619,
    #1620,#1621,#1622,#1623,#1624,#1625,#1626,#1627,#1628,#1629,#1630,
    #1631,#1632,#1633,#1634,#1635,#1636,#1637,#1638,#1639,#1640,#1641,
    #1642,#1643,#1644,#1645,#1646,#1647,#1648,#1649,#1650,#1651,#1652,
    #1653,#1654,#1655,#1656,#1657,#1658,#1659,#1660,#1661,#1662,#1663,
    #1664,#1665,#1666,#1667,#1668,#1669,#1670,#1671,#1672,#1673,#1674,
    #1675,#1676,#1677,#1678,#1679,#1680,#1681,#1682,#1683,#1684,#1685,
    #1686,#1687,#1688,#1689,#1690,#1691,#1692,#1693,#1694,#1695,#1696,
    #1697,#1698,#1699,#1700,#1701,#1702,#1703,#1704),.UNSPECIFIED.,.T.,
  .F.,(7,5,5,5,5,5,5,5,5,5,5,5,5,5,5,5,5,5,5,5,5,5,7),(0.,
    5.785013619936E-02,9.45512628293E-02,0.141154848005,0.177213907874,
    0.268552233263,0.359773917477,0.390328147506,0.427769955334,
    0.45609361639,0.47091914676,0.499692236136,0.529079185763,
    0.543904629326,0.572228017614,0.609669363257,0.64022324327,
    0.731444618352,0.822783855264,0.858843454667,0.905447721488,
    0.942149284269,1.),.UNSPECIFIED.);
#1593 = CARTESIAN_POINT('',(54.800651243934,-38.07887461225));
#1594 = CARTESIAN_POINT('',(54.809948469332,-38.15050189464));
#1595 = CARTESIAN_POINT('',(54.809682614959,-38.22340441167));
#1596 = CARTESIAN_POINT('',(54.799677479538,-38.29634429563));
#1597 = CARTESIAN_POINT('',(54.780405878727,-38.36821747653));
#1598 = CARTESIAN_POINT('',(54.752662681461,-38.43813497128));
#1599 = CARTESIAN_POINT('',(54.695076574279,-38.54810011512));
#1600 = CARTESIAN_POINT('',(54.669698090191,-38.58974386021));
#1601 = CARTESIAN_POINT('',(54.641525948908,-38.63019734942));
#1602 = CARTESIAN_POINT('',(54.610800447542,-38.66935387526));
#1603 = CARTESIAN_POINT('',(54.577754026802,-38.70714216251));
#1604 = CARTESIAN_POINT('',(54.497950172667,-38.78971012528));
#1605 = CARTESIAN_POINT('',(54.44990367759,-38.8336205921));
#1606 = CARTESIAN_POINT('',(54.398880353235,-38.87516800462));
#1607 = CARTESIAN_POINT('',(54.345263587113,-38.91431917336));
#1608 = CARTESIAN_POINT('',(54.289385828804,-38.95107558373));
#1609 = CARTESIAN_POINT('',(54.186744847994,-39.01206311176));
#1610 = CARTESIAN_POINT('',(54.14078298149,-39.03724476731));
#1611 = CARTESIAN_POINT('',(54.093761748835,-39.06101335307));
#1612 = CARTESIAN_POINT('',(54.045796343987,-39.08338155998));
#1613 = CARTESIAN_POINT('',(53.996988960056,-39.10436419104));
#1614 = CARTESIAN_POINT('',(53.821892957354,-39.17365596059));
#1615 = CARTESIAN_POINT('',(53.69157606021,-39.21452626527));
#1616 = CARTESIAN_POINT('',(53.557866971397,-39.24687931693));
#1617 = CARTESIAN_POINT('',(53.421884996555,-39.2708974231));
#1618 = CARTESIAN_POINT('',(53.284583937858,-39.28671223325));
#1619 = CARTESIAN_POINT('',(53.009162155506,-39.30182349825));
#1620 = CARTESIAN_POINT('',(52.871147829113,-39.30113484161));
#1621 = CARTESIAN_POINT('',(52.733520868668,-39.29218409492));
#1622 = CARTESIAN_POINT('',(52.597248214596,-39.27472207917));
#1623 = CARTESIAN_POINT('',(52.463513161993,-39.24839605231));
#1624 = CARTESIAN_POINT('',(52.290528618752,-39.20046888839));
#1625 = CARTESIAN_POINT('',(52.247599765784,-39.18737150917));
#1626 = CARTESIAN_POINT('',(52.205209100441,-39.17317669387));
#1627 = CARTESIAN_POINT('',(52.163433220289,-39.15785716356));
#1628 = CARTESIAN_POINT('',(52.122361029572,-39.14138359966));
#1629 = CARTESIAN_POINT('',(52.032749339234,-39.10208498156));
#1630 = CARTESIAN_POINT('',(51.9846187487,-39.07866736712));
#1631 = CARTESIAN_POINT('',(51.937883788836,-39.05341298119));
#1632 = CARTESIAN_POINT('',(51.892776526578,-39.02626513047));
#1633 = CARTESIAN_POINT('',(51.849575081962,-38.9971775161));
#1634 = CARTESIAN_POINT('',(51.777602526204,-38.94263026796));
#1635 = CARTESIAN_POINT('',(51.747882023498,-38.91801417207));
#1636 = CARTESIAN_POINT('',(51.71957745453,-38.89226451596));
#1637 = CARTESIAN_POINT('',(51.692849528744,-38.86538334122));
#1638 = CARTESIAN_POINT('',(51.667870448821,-38.83739097873));
#1639 = CARTESIAN_POINT('',(51.632745838357,-38.7931224915));
#1640 = CARTESIAN_POINT('',(51.621204270294,-38.77762059908));
#1641 = CARTESIAN_POINT('',(51.610215052021,-38.76183360142));
#1642 = CARTESIAN_POINT('',(51.599802956333,-38.7457704522));
#1643 = CARTESIAN_POINT('',(51.58999199422,-38.72944237821));
#1644 = CARTESIAN_POINT('',(51.562976287544,-38.68068572349));
#1645 = CARTESIAN_POINT('',(51.547495949784,-38.64755728892));
#1646 = CARTESIAN_POINT('',(51.534536483925,-38.61358515737));
#1647 = CARTESIAN_POINT('',(51.524237500457,-38.57890257087));
#1648 = CARTESIAN_POINT('',(51.516689703015,-38.54366917223));
#1649 = CARTESIAN_POINT('',(51.507045411366,-38.47171486458));
#1650 = CARTESIAN_POINT('',(51.505067508779,-38.43496973704));
#1651 = CARTESIAN_POINT('',(51.506013962359,-38.39803548238));
#1652 = CARTESIAN_POINT('',(51.509837358199,-38.36110158346));
#1653 = CARTESIAN_POINT('',(51.516431122006,-38.32434386596));
#1654 = CARTESIAN_POINT('',(51.530296309023,-38.26954521626));
#1655 = CARTESIAN_POINT('',(51.535613499066,-38.25125364066));
#1656 = CARTESIAN_POINT('',(51.541579527913,-38.23306473869));
#1657 = CARTESIAN_POINT('',(51.548174047081,-38.21499549479));
#1658 = CARTESIAN_POINT('',(51.555375391203,-38.19706089016));
#1659 = CARTESIAN_POINT('',(51.578033851031,-38.14529260924));
#1660 = CARTESIAN_POINT('',(51.595038367134,-38.11185108711));
#1661 = CARTESIAN_POINT('',(51.614017423622,-38.079037431));
#1662 = CARTESIAN_POINT('',(51.634809720526,-38.04691526019));
#1663 = CARTESIAN_POINT('',(51.657260400297,-38.01552757732));
#1664 = CARTESIAN_POINT('',(51.712920818239,-37.94441414925));
#1665 = CARTESIAN_POINT('',(51.747263810455,-37.90526158635));
#1666 = CARTESIAN_POINT('',(51.783944643265,-37.86749790883));
#1667 = CARTESIAN_POINT('',(51.822682602151,-37.83114935671));
#1668 = CARTESIAN_POINT('',(51.863238843599,-37.79622036314));
#1669 = CARTESIAN_POINT('',(51.939846434732,-37.7353466921));
#1670 = CARTESIAN_POINT('',(51.975351154813,-37.70893350018));
#1671 = CARTESIAN_POINT('',(52.011830859708,-37.68345642281));
#1672 = CARTESIAN_POINT('',(52.049192108308,-37.65890981066));
#1673 = CARTESIAN_POINT('',(52.087353878683,-37.63528684439));
#1674 = CARTESIAN_POINT('',(52.242368199158,-37.54478480566));
#1675 = CARTESIAN_POINT('',(52.364949255971,-37.48518829534));
#1676 = CARTESIAN_POINT('',(52.492246852441,-37.43351412832));
#1677 = CARTESIAN_POINT('',(52.623026848044,-37.38972333824));
#1678 = CARTESIAN_POINT('',(52.756290733819,-37.35382185138));
#1679 = CARTESIAN_POINT('',(53.026443208967,-37.29811537744));
#1680 = CARTESIAN_POINT('',(53.163232771842,-37.27835216583));
#1681 = CARTESIAN_POINT('',(53.300841348959,-37.2668572585));
#1682 = CARTESIAN_POINT('',(53.438380342648,-37.26400144465));
#1683 = CARTESIAN_POINT('',(53.574814073604,-37.27024674804));
#1684 = CARTESIAN_POINT('',(53.761799794954,-37.29253944254));
#1685 = CARTESIAN_POINT('',(53.81434738665,-37.30036602974));
#1686 = CARTESIAN_POINT('',(53.866434641942,-37.3097472645));
#1687 = CARTESIAN_POINT('',(53.917966531505,-37.32072355027));
#1688 = CARTESIAN_POINT('',(53.968834916442,-37.33333656774));
#1689 = CARTESIAN_POINT('',(54.083646332006,-37.3660986812));
#1690 = CARTESIAN_POINT('',(54.147057232809,-37.38737142287));
#1691 = CARTESIAN_POINT('',(54.208893438312,-37.41153685386));
#1692 = CARTESIAN_POINT('',(54.268833887572,-37.43868128833));
#1693 = CARTESIAN_POINT('',(54.326499414906,-37.46887051898));
#1694 = CARTESIAN_POINT('',(54.424739670223,-37.52832871767));
#1695 = CARTESIAN_POINT('',(54.466338857642,-37.55642814729));
#1696 = CARTESIAN_POINT('',(54.506043328556,-37.58644303796));
#1697 = CARTESIAN_POINT('',(54.543610142884,-37.61836381946));
#1698 = CARTESIAN_POINT('',(54.578779717727,-37.65214866842));
#1699 = CARTESIAN_POINT('',(54.662532565215,-37.74376860382));
#1700 = CARTESIAN_POINT('',(54.70720681704,-37.80428670576));
#1701 = CARTESIAN_POINT('',(54.744189376023,-37.86885853332));
#1702 = CARTESIAN_POINT('',(54.772484777108,-37.9368274889));
#1703 = CARTESIAN_POINT('',(54.791353953508,-38.00724682888));
#1704 = CARTESIAN_POINT('',(54.800651243934,-38.07887461225));
#1705 = ( GEOMETRIC_REPRESENTATION_CONTEXT(2) 
PARAMETRIC_REPRESENTATION_CONTEXT() REPRESENTATION_CONTEXT('2D SPACE',''
  ) );
#1706 = PCURVE('',#1707,#1712);
#1707 = TOROIDAL_SURFACE('',#1708,22.,1.);
#1708 = AXIS2_PLACEMENT_3D('',#1709,#1710,#1711);
#1709 = CARTESIAN_POINT('',(47.5,0.,0.));
#1710 = DIRECTION('',(0.,0.991680946041,0.128720244169));
#1711 = DIRECTION('',(0.,-0.128720244169,0.991680946041));
#1712 = DEFINITIONAL_REPRESENTATION('',(#1713),#1771);
#1713 = B_SPLINE_CURVE_WITH_KNOTS('',6,(#1714,#1715,#1716,#1717,#1718,
    #1719,#1720,#1721,#1722,#1723,#1724,#1725,#1726,#1727,#1728,#1729,
    #1730,#1731,#1732,#1733,#1734,#1735,#1736,#1737,#1738,#1739,#1740,
    #1741,#1742,#1743,#1744,#1745,#1746,#1747,#1748,#1749,#1750,#1751,
    #1752,#1753,#1754,#1755,#1756,#1757,#1758,#1759,#1760,#1761,#1762,
    #1763,#1764,#1765,#1766,#1767,#1768,#1769,#1770),.UNSPECIFIED.,.F.,
  .F.,(7,5,5,5,5,5,5,5,5,5,5,7),(0.499999352999,0.529079185763,
    0.543904629326,0.572228017614,0.609669363257,0.64022324327,
    0.731444618352,0.822783855264,0.858843454667,0.905447721488,
    0.942149284269,1.),.UNSPECIFIED.);
#1714 = CARTESIAN_POINT('',(5.298074523843,3.14159265345));
#1715 = CARTESIAN_POINT('',(5.298074523868,3.177891403368));
#1716 = CARTESIAN_POINT('',(5.298188030376,3.21419395374));
#1717 = CARTESIAN_POINT('',(5.298415086475,3.250392392554));
#1718 = CARTESIAN_POINT('',(5.298752762533,3.286396342495));
#1719 = CARTESIAN_POINT('',(5.299195865358,3.322128336763));
#1720 = CARTESIAN_POINT('',(5.30001385798,3.375562117431));
#1721 = CARTESIAN_POINT('',(5.300315744814,3.393517754711));
#1722 = CARTESIAN_POINT('',(5.300642420102,3.411378357354));
#1723 = CARTESIAN_POINT('',(5.300992952162,3.42913753913));
#1724 = CARTESIAN_POINT('',(5.301366365393,3.44679027695));
#1725 = CARTESIAN_POINT('',(5.302516796378,3.497847377412));
#1726 = CARTESIAN_POINT('',(5.303351752953,3.530958891734));
#1727 = CARTESIAN_POINT('',(5.304259556995,3.563644198428));
#1728 = CARTESIAN_POINT('',(5.305233195637,3.595894407561));
#1729 = CARTESIAN_POINT('',(5.306266029392,3.627712455499));
#1730 = CARTESIAN_POINT('',(5.308788093163,3.700616457838));
#1731 = CARTESIAN_POINT('',(5.31031704514,3.741383905702));
#1732 = CARTESIAN_POINT('',(5.311925660264,3.78144728213));
#1733 = CARTESIAN_POINT('',(5.313602173164,3.820848162121));
#1734 = CARTESIAN_POINT('',(5.315336670245,3.859636208851));
#1735 = CARTESIAN_POINT('',(5.318577615062,3.929070660765));
#1736 = CARTESIAN_POINT('',(5.320067193465,3.959900011786));
#1737 = CARTESIAN_POINT('',(5.32158565993,3.99038748436));
#1738 = CARTESIAN_POINT('',(5.323129180857,4.020561717849));
#1739 = CARTESIAN_POINT('',(5.324694450095,4.050450619347));
#1740 = CARTESIAN_POINT('',(5.331008577455,4.168546633597));
#1741 = CARTESIAN_POINT('',(5.33590494843,4.254666731117));
#1742 = CARTESIAN_POINT('',(5.340897187679,4.339256940932));
#1743 = CARTESIAN_POINT('',(5.345935915393,4.422835725552));
#1744 = CARTESIAN_POINT('',(5.350982615721,4.5059039853));
#1745 = CARTESIAN_POINT('',(5.361040738046,4.672239634471));
#1746 = CARTESIAN_POINT('',(5.366048253938,4.755445080999));
#1747 = CARTESIAN_POINT('',(5.371000567215,4.839171390924));
#1748 = CARTESIAN_POINT('',(5.375865156658,4.923855386314));
#1749 = CARTESIAN_POINT('',(5.380606017964,5.009929422774));
#1750 = CARTESIAN_POINT('',(5.386986845226,5.132710056558));
#1751 = CARTESIAN_POINT('',(5.388766750614,5.167761987762));
#1752 = CARTESIAN_POINT('',(5.390517744877,5.203145143795));
#1753 = CARTESIAN_POINT('',(5.39223669373,5.238889933051));
#1754 = CARTESIAN_POINT('',(5.393920077646,5.275026698376));
#1755 = CARTESIAN_POINT('',(5.397688610156,5.358838333721));
#1756 = CARTESIAN_POINT('',(5.39974711204,5.406793135786));
#1757 = CARTESIAN_POINT('',(5.401731241043,5.455522834133));
#1758 = CARTESIAN_POINT('',(5.403630819952,5.50508637186));
#1759 = CARTESIAN_POINT('',(5.405434018785,5.555531842267));
#1760 = CARTESIAN_POINT('',(5.408461372931,5.647349885951));
#1761 = CARTESIAN_POINT('',(5.409727044126,5.688369585295));
#1762 = CARTESIAN_POINT('',(5.410918128153,5.72997226234));
#1763 = CARTESIAN_POINT('',(5.412027277602,5.772160856049));
#1764 = CARTESIAN_POINT('',(5.413046770017,5.814922792023));
#1765 = CARTESIAN_POINT('',(5.415422573416,5.926483948067));
#1766 = CARTESIAN_POINT('',(5.416635574463,5.996139328815));
#1767 = CARTESIAN_POINT('',(5.417575208027,6.066969516182));
#1768 = CARTESIAN_POINT('',(5.418214027826,6.138694483669));
#1769 = CARTESIAN_POINT('',(5.418533192482,6.210956649706));
#1770 = CARTESIAN_POINT('',(5.418533192482,6.28318530718));
#1771 = ( GEOMETRIC_REPRESENTATION_CONTEXT(2) 
PARAMETRIC_REPRESENTATION_CONTEXT() REPRESENTATION_CONTEXT('2D SPACE',''
  ) );
#1772 = ORIENTED_EDGE('',*,*,#1773,.F.);
#1773 = EDGE_CURVE('',#1173,#1474,#1774,.T.);
#1774 = SURFACE_CURVE('',#1775,(#1780,#1787),.PCURVE_S1.);
#1775 = CIRCLE('',#1776,11.608186766244);
#1776 = AXIS2_PLACEMENT_3D('',#1777,#1778,#1779);
#1777 = CARTESIAN_POINT('',(30.,0.,0.));
#1778 = DIRECTION('',(1.,0.,-0.));
#1779 = DIRECTION('',(0.,0.,1.));
#1780 = PCURVE('',#275,#1781);
#1781 = DEFINITIONAL_REPRESENTATION('',(#1782),#1786);
#1782 = CIRCLE('',#1783,11.608186766244);
#1783 = AXIS2_PLACEMENT_2D('',#1784,#1785);
#1784 = CARTESIAN_POINT('',(40.,-40.));
#1785 = DIRECTION('',(1.,0.));
#1786 = ( GEOMETRIC_REPRESENTATION_CONTEXT(2) 
PARAMETRIC_REPRESENTATION_CONTEXT() REPRESENTATION_CONTEXT('2D SPACE',''
  ) );
#1787 = PCURVE('',#1189,#1788);
#1788 = DEFINITIONAL_REPRESENTATION('',(#1789),#1799);
#1789 = B_SPLINE_CURVE_WITH_KNOTS('',8,(#1790,#1791,#1792,#1793,#1794,
    #1795,#1796,#1797,#1798),.UNSPECIFIED.,.F.,.F.,(9,9),(
    6.981317007977E-02,0.129078379745),.PIECEWISE_BEZIER_KNOTS.);
#1790 = CARTESIAN_POINT('',(3.187830882901,0.584070581234));
#1791 = CARTESIAN_POINT('',(3.192722451374,0.583728163751));
#1792 = CARTESIAN_POINT('',(3.197608593278,0.583344376283));
#1793 = CARTESIAN_POINT('',(3.202488550365,0.582919284839));
#1794 = CARTESIAN_POINT('',(3.207361569211,0.582452966455));
#1795 = CARTESIAN_POINT('',(3.21222690221,0.581945509088));
#1796 = CARTESIAN_POINT('',(3.21708380853,0.581397011475));
#1797 = CARTESIAN_POINT('',(3.221931555048,0.58080758296));
#1798 = CARTESIAN_POINT('',(3.226769417212,0.580177343304));
#1799 = ( GEOMETRIC_REPRESENTATION_CONTEXT(2) 
PARAMETRIC_REPRESENTATION_CONTEXT() REPRESENTATION_CONTEXT('2D SPACE',''
  ) );
#1800 = ORIENTED_EDGE('',*,*,#1319,.F.);
#1801 = ORIENTED_EDGE('',*,*,#255,.F.);
#1802 = ADVANCED_FACE('',(#1803),#401,.T.);
#1803 = FACE_BOUND('',#1804,.T.);
#1804 = EDGE_LOOP('',(#1805,#1806,#1941,#1962));
#1805 = ORIENTED_EDGE('',*,*,#1387,.T.);
#1806 = ORIENTED_EDGE('',*,*,#1807,.T.);
#1807 = EDGE_CURVE('',#1388,#1808,#1810,.T.);
#1808 = VERTEX_POINT('',#1809);
#1809 = CARTESIAN_POINT('',(65.,2.077132305577,14.779564316485));
#1810 = SURFACE_CURVE('',#1811,(#1816,#1823),.PCURVE_S1.);
#1811 = CIRCLE('',#1812,23.);
#1812 = AXIS2_PLACEMENT_3D('',#1813,#1814,#1815);
#1813 = CARTESIAN_POINT('',(47.5,1.759069456749E-15,-2.47221089751E-16)
  );
#1814 = DIRECTION('',(0.,0.990268068742,-0.13917310096));
#1815 = DIRECTION('',(0.,0.13917310096,0.990268068742));
#1816 = PCURVE('',#401,#1817);
#1817 = DEFINITIONAL_REPRESENTATION('',(#1818),#1822);
#1818 = CIRCLE('',#1819,23.);
#1819 = AXIS2_PLACEMENT_2D('',#1820,#1821);
#1820 = CARTESIAN_POINT('',(80.,-30.));
#1821 = DIRECTION('',(-1.,0.));
#1822 = ( GEOMETRIC_REPRESENTATION_CONTEXT(2) 
PARAMETRIC_REPRESENTATION_CONTEXT() REPRESENTATION_CONTEXT('2D SPACE',''
  ) );
#1823 = PCURVE('',#1427,#1824);
#1824 = DEFINITIONAL_REPRESENTATION('',(#1825),#1940);
#1825 = B_SPLINE_CURVE_WITH_KNOTS('',8,(#1826,#1827,#1828,#1829,#1830,
    #1831,#1832,#1833,#1834,#1835,#1836,#1837,#1838,#1839,#1840,#1841,
    #1842,#1843,#1844,#1845,#1846,#1847,#1848,#1849,#1850,#1851,#1852,
    #1853,#1854,#1855,#1856,#1857,#1858,#1859,#1860,#1861,#1862,#1863,
    #1864,#1865,#1866,#1867,#1868,#1869,#1870,#1871,#1872,#1873,#1874,
    #1875,#1876,#1877,#1878,#1879,#1880,#1881,#1882,#1883,#1884,#1885,
    #1886,#1887,#1888,#1889,#1890,#1891,#1892,#1893,#1894,#1895,#1896,
    #1897,#1898,#1899,#1900,#1901,#1902,#1903,#1904,#1905,#1906,#1907,
    #1908,#1909,#1910,#1911,#1912,#1913,#1914,#1915,#1916,#1917,#1918,
    #1919,#1920,#1921,#1922,#1923,#1924,#1925,#1926,#1927,#1928,#1929,
    #1930,#1931,#1932,#1933,#1934,#1935,#1936,#1937,#1938,#1939),
  .UNSPECIFIED.,.F.,.F.,(9,7,7,7,7,7,7,7,7,7,7,7,7,7,7,7,9),(
    4.712388980385,5.105088062083,5.44869975857,5.749359992995,
    6.012437698118,6.127534194109,6.181485676605,6.233751175272,
    6.284383377107,6.333433322634,6.380950457363,6.473014905902,
    6.559325326406,6.721157364852,7.004363432133,7.429172533054,
    7.853981633974),.UNSPECIFIED.);
#1826 = CARTESIAN_POINT('',(3.14159265359,-1.92658036135E-16));
#1827 = CARTESIAN_POINT('',(3.134761009972,4.86096701538E-02));
#1828 = CARTESIAN_POINT('',(3.127929370084,9.72193405795E-02));
#1829 = CARTESIAN_POINT('',(3.121048513377,0.145825552465));
#1830 = CARTESIAN_POINT('',(3.114069310373,0.194424853633));
#1831 = CARTESIAN_POINT('',(3.106939526241,0.243013571739));
#1832 = CARTESIAN_POINT('',(3.0996011648,0.29158762681));
#1833 = CARTESIAN_POINT('',(3.091986257127,0.340142232162));
#1834 = CARTESIAN_POINT('',(3.07702889807,0.431134295732));
#1835 = CARTESIAN_POINT('',(3.069771390235,0.473577732975));
#1836 = CARTESIAN_POINT('',(3.062178831451,0.515997575878));
#1837 = CARTESIAN_POINT('',(3.054183566333,0.558389046004));
#1838 = CARTESIAN_POINT('',(3.04570220371,0.600746240014));
#1839 = CARTESIAN_POINT('',(3.036630926152,0.643061799025));
#1840 = CARTESIAN_POINT('',(3.026833817941,0.685326066139));
#1841 = CARTESIAN_POINT('',(3.006738276821,0.764449322001));
#1842 = CARTESIAN_POINT('',(2.996655547448,0.801323587896));
#1843 = CARTESIAN_POINT('',(2.985737649182,0.83813862546));
#1844 = CARTESIAN_POINT('',(2.973818348806,0.874882514956));
#1845 = CARTESIAN_POINT('',(2.960684321039,0.911539959926));
#1846 = CARTESIAN_POINT('',(2.946041190427,0.948089648091));
#1847 = CARTESIAN_POINT('',(2.929484968548,0.984502342943));
#1848 = CARTESIAN_POINT('',(2.893595862042,1.052426290111));
#1849 = CARTESIAN_POINT('',(2.87486872196,1.083981239806));
#1850 = CARTESIAN_POINT('',(2.853712782611,1.115360342329));
#1851 = CARTESIAN_POINT('',(2.829519276354,1.146517169605));
#1852 = CARTESIAN_POINT('',(2.801442995298,1.177390829258));
#1853 = CARTESIAN_POINT('',(2.768223176658,1.207880078045));
#1854 = CARTESIAN_POINT('',(2.72794510099,1.237843214166));
#1855 = CARTESIAN_POINT('',(2.654448816011,1.279689261053));
#1856 = CARTESIAN_POINT('',(2.630003712994,1.292261768911));
#1857 = CARTESIAN_POINT('',(2.603164295841,1.304643625003));
#1858 = CARTESIAN_POINT('',(2.57354572503,1.316800639545));
#1859 = CARTESIAN_POINT('',(2.540672228834,1.328689101944));
#1860 = CARTESIAN_POINT('',(2.503965765911,1.340252699586));
#1861 = CARTESIAN_POINT('',(2.462695507825,1.351415417796));
#1862 = CARTESIAN_POINT('',(2.394201183744,1.367070653008));
#1863 = CARTESIAN_POINT('',(2.371162677823,1.371956302687));
#1864 = CARTESIAN_POINT('',(2.346863000121,1.376720632153));
#1865 = CARTESIAN_POINT('',(2.321216727201,1.381351771111));
#1866 = CARTESIAN_POINT('',(2.29413673747,1.38583636395));
#1867 = CARTESIAN_POINT('',(2.26553833743,1.390159461338));
#1868 = CARTESIAN_POINT('',(2.235346345406,1.394304536656));
#1869 = CARTESIAN_POINT('',(2.172658958014,1.402079308822));
#1870 = CARTESIAN_POINT('',(2.140265065512,1.405721067615));
#1871 = CARTESIAN_POINT('',(2.106272895873,1.409162585668));
#1872 = CARTESIAN_POINT('',(2.070649729653,1.412386345422));
#1873 = CARTESIAN_POINT('',(2.033388570907,1.415373798999));
#1874 = CARTESIAN_POINT('',(1.994521336487,1.41810589598));
#1875 = CARTESIAN_POINT('',(1.954130495249,1.420563970511));
#1876 = CARTESIAN_POINT('',(1.871879676078,1.424830287249));
#1877 = CARTESIAN_POINT('',(1.830105007951,1.426656435134));
#1878 = CARTESIAN_POINT('',(1.787152325991,1.428193942342));
#1879 = CARTESIAN_POINT('',(1.743191881503,1.429428729502));
#1880 = CARTESIAN_POINT('',(1.698444776441,1.430349138157));
#1881 = CARTESIAN_POINT('',(1.653173149897,1.430947083515));
#1882 = CARTESIAN_POINT('',(1.607660666138,1.431218831264));
#1883 = CARTESIAN_POINT('',(1.518136448426,1.431112614968));
#1884 = CARTESIAN_POINT('',(1.474122318886,1.430754689241));
#1885 = CARTESIAN_POINT('',(1.430400903221,1.430091563547));
#1886 = CARTESIAN_POINT('',(1.387226294632,1.4291274315));
#1887 = CARTESIAN_POINT('',(1.344830670918,1.427870222563));
#1888 = CARTESIAN_POINT('',(1.303408745711,1.426330894927));
#1889 = CARTESIAN_POINT('',(1.263110493554,1.424522444466));
#1890 = CARTESIAN_POINT('',(1.18620071078,1.420460147996));
#1891 = CARTESIAN_POINT('',(1.149513294083,1.418221987231));
#1892 = CARTESIAN_POINT('',(1.114082197799,1.415757467354));
#1893 = CARTESIAN_POINT('',(1.079970099832,1.413080542686));
#1894 = CARTESIAN_POINT('',(1.047205271156,1.410205468296));
#1895 = CARTESIAN_POINT('',(1.01578852049,1.407146235459));
#1896 = CARTESIAN_POINT('',(0.985701226433,1.403916211196));
#1897 = CARTESIAN_POINT('',(0.901129219168,1.393963313787));
#1898 = CARTESIAN_POINT('',(0.850215819402,1.386804768293));
#1899 = CARTESIAN_POINT('',(0.803933882491,1.379144039045));
#1900 = CARTESIAN_POINT('',(0.761849608845,1.371061439401));
#1901 = CARTESIAN_POINT('',(0.723502689185,1.362622308701));
#1902 = CARTESIAN_POINT('',(0.688468774092,1.353879123424));
#1903 = CARTESIAN_POINT('',(0.656366561772,1.344875197346));
#1904 = CARTESIAN_POINT('',(0.59920199352,1.326993328856));
#1905 = CARTESIAN_POINT('',(0.573825046336,1.318142694729));
#1906 = CARTESIAN_POINT('',(0.550456151694,1.309123113249));
#1907 = CARTESIAN_POINT('',(0.528856551729,1.299957810939));
#1908 = CARTESIAN_POINT('',(0.50882338922,1.290665601251));
#1909 = CARTESIAN_POINT('',(0.490184351204,1.281261974927));
#1910 = CARTESIAN_POINT('',(0.472791388633,1.271759858153));
#1911 = CARTESIAN_POINT('',(0.426003463841,1.244189435938));
#1912 = CARTESIAN_POINT('',(0.399423189164,1.225900784133));
#1913 = CARTESIAN_POINT('',(0.375937636875,1.207375947713));
#1914 = CARTESIAN_POINT('',(0.354962114562,1.188661913251));
#1915 = CARTESIAN_POINT('',(0.336065417029,1.169792599763));
#1916 = CARTESIAN_POINT('',(0.318915883986,1.150793900215));
#1917 = CARTESIAN_POINT('',(0.303254047128,1.131685566466));
#1918 = CARTESIAN_POINT('',(0.263702622823,1.078879725528));
#1919 = CARTESIAN_POINT('',(0.242451999864,1.044988756231));
#1920 = CARTESIAN_POINT('',(0.22400521926,1.010895091043));
#1921 = CARTESIAN_POINT('',(0.207730368766,0.976644972126));
#1922 = CARTESIAN_POINT('',(0.193174849106,0.942271709787));
#1923 = CARTESIAN_POINT('',(0.180021159289,0.907798238896));
#1924 = CARTESIAN_POINT('',(0.168025455287,0.873242233201));
#1925 = CARTESIAN_POINT('',(0.140463148203,0.786679548587));
#1926 = CARTESIAN_POINT('',(0.126109876736,0.734586548478));
#1927 = CARTESIAN_POINT('',(0.113307977726,0.682383714573));
#1928 = CARTESIAN_POINT('',(0.101698884019,0.630096543427));
#1929 = CARTESIAN_POINT('',(9.101951310362E-02,0.577743767913));
#1930 = CARTESIAN_POINT('',(8.108263476777E-02,0.52533863408));
#1931 = CARTESIAN_POINT('',(7.173974210727E-02,0.472891655177));
#1932 = CARTESIAN_POINT('',(5.400509527632E-02,0.367930727604));
#1933 = CARTESIAN_POINT('',(4.561329795991E-02,0.315416782273));
#1934 = CARTESIAN_POINT('',(3.757839421199E-02,0.262877732987));
#1935 = CARTESIAN_POINT('',(2.981007747061E-02,0.210319941281));
#1936 = CARTESIAN_POINT('',(2.223305576938E-02,0.157748704653));
#1937 = CARTESIAN_POINT('',(1.478049201951E-02,0.105168722568));
#1938 = CARTESIAN_POINT('',(7.3902499864E-03,5.258436099408E-02));
#1939 = CARTESIAN_POINT('',(-1.7763568394E-15,-1.114151805673E-14));
#1940 = ( GEOMETRIC_REPRESENTATION_CONTEXT(2) 
PARAMETRIC_REPRESENTATION_CONTEXT() REPRESENTATION_CONTEXT('2D SPACE',''
  ) );
#1941 = ORIENTED_EDGE('',*,*,#1942,.F.);
#1942 = EDGE_CURVE('',#288,#1808,#1943,.T.);
#1943 = SURFACE_CURVE('',#1944,(#1948,#1955),.PCURVE_S1.);
#1944 = LINE('',#1945,#1946);
#1945 = CARTESIAN_POINT('',(65.,1.512511337598,10.762077376308));
#1946 = VECTOR('',#1947,1.);
#1947 = DIRECTION('',(0.,0.13917310096,0.990268068742));
#1948 = PCURVE('',#401,#1949);
#1949 = DEFINITIONAL_REPRESENTATION('',(#1950),#1954);
#1950 = LINE('',#1951,#1952);
#1951 = CARTESIAN_POINT('',(69.132157527825,-47.5));
#1952 = VECTOR('',#1953,1.);
#1953 = DIRECTION('',(-1.,0.));
#1954 = ( GEOMETRIC_REPRESENTATION_CONTEXT(2) 
PARAMETRIC_REPRESENTATION_CONTEXT() REPRESENTATION_CONTEXT('2D SPACE',''
  ) );
#1955 = PCURVE('',#433,#1956);
#1956 = DEFINITIONAL_REPRESENTATION('',(#1957),#1961);
#1957 = LINE('',#1958,#1959);
#1958 = CARTESIAN_POINT('',(50.762077376308,-41.51251133759));
#1959 = VECTOR('',#1960,1.);
#1960 = DIRECTION('',(0.990268068742,-0.13917310096));
#1961 = ( GEOMETRIC_REPRESENTATION_CONTEXT(2) 
PARAMETRIC_REPRESENTATION_CONTEXT() REPRESENTATION_CONTEXT('2D SPACE',''
  ) );
#1962 = ORIENTED_EDGE('',*,*,#287,.F.);
#1963 = ADVANCED_FACE('',(#1964),#433,.T.);
#1964 = FACE_BOUND('',#1965,.T.);
#1965 = EDGE_LOOP('',(#1966,#1967,#2011,#2055,#2350,#2392,#2393));
#1966 = ORIENTED_EDGE('',*,*,#1942,.T.);
#1967 = ORIENTED_EDGE('',*,*,#1968,.T.);
#1968 = EDGE_CURVE('',#1808,#1969,#1971,.T.);
#1969 = VERTEX_POINT('',#1970);
#1970 = CARTESIAN_POINT('',(65.,-4.286263797016E-15,14.924811556599));
#1971 = SURFACE_CURVE('',#1972,(#1977,#1984),.PCURVE_S1.);
#1972 = CIRCLE('',#1973,14.924811556599);
#1973 = AXIS2_PLACEMENT_3D('',#1974,#1975,#1976);
#1974 = CARTESIAN_POINT('',(65.,0.,0.));
#1975 = DIRECTION('',(1.,0.,-0.));
#1976 = DIRECTION('',(0.,0.,1.));
#1977 = PCURVE('',#433,#1978);
#1978 = DEFINITIONAL_REPRESENTATION('',(#1979),#1983);
#1979 = CIRCLE('',#1980,14.924811556599);
#1980 = AXIS2_PLACEMENT_2D('',#1981,#1982);
#1981 = CARTESIAN_POINT('',(40.,-40.));
#1982 = DIRECTION('',(1.,0.));
#1983 = ( GEOMETRIC_REPRESENTATION_CONTEXT(2) 
PARAMETRIC_REPRESENTATION_CONTEXT() REPRESENTATION_CONTEXT('2D SPACE',''
  ) );
#1984 = PCURVE('',#1427,#1985);
#1985 = DEFINITIONAL_REPRESENTATION('',(#1986),#2010);
#1986 = B_SPLINE_CURVE_WITH_KNOTS('',8,(#1987,#1988,#1989,#1990,#1991,
    #1992,#1993,#1994,#1995,#1996,#1997,#1998,#1999,#2000,#2001,#2002,
    #2003,#2004,#2005,#2006,#2007,#2008,#2009),.UNSPECIFIED.,.F.,.F.,(9,
    7,7,9),(4.712388980385,5.497787143782,5.890486225481,6.28318530718),
  .UNSPECIFIED.);
#1987 = CARTESIAN_POINT('',(0.706144212098,-1.164606757645E-14));
#1988 = CARTESIAN_POINT('',(0.706144212098,6.370608470437E-02));
#1989 = CARTESIAN_POINT('',(0.700705648134,0.127412194266));
#1990 = CARTESIAN_POINT('',(0.689828643351,0.190576440197));
#1991 = CARTESIAN_POINT('',(0.673342099617,0.252658092366));
#1992 = CARTESIAN_POINT('',(0.650905218657,0.313066323163));
#1993 = CARTESIAN_POINT('',(0.622023416715,0.371125176558));
#1994 = CARTESIAN_POINT('',(0.586077214019,0.425995733997));
#1995 = CARTESIAN_POINT('',(0.520953888152,0.502044429293));
#1996 = CARTESIAN_POINT('',(0.497378786564,0.526351148551));
#1997 = CARTESIAN_POINT('',(0.471885548433,0.549492131151));
#1998 = CARTESIAN_POINT('',(0.444437156988,0.57133565636));
#1999 = CARTESIAN_POINT('',(0.415019001923,0.591741631089));
#2000 = CARTESIAN_POINT('',(0.3836551632,0.610564401296));
#2001 = CARTESIAN_POINT('',(0.350424749927,0.62765859024));
#2002 = CARTESIAN_POINT('',(0.280516607264,0.65811868293));
#2003 = CARTESIAN_POINT('',(0.243838793949,0.671484580035));
#2004 = CARTESIAN_POINT('',(0.205580437487,0.682850727681));
#2005 = CARTESIAN_POINT('',(0.165946371118,0.692091187041));
#2006 = CARTESIAN_POINT('',(0.125214922059,0.699098540397));
#2007 = CARTESIAN_POINT('',(8.37279319058E-02,0.703795642501));
#2008 = CARTESIAN_POINT('',(4.186399852002E-02,0.706144212098));
#2009 = CARTESIAN_POINT('',(2.08887116579E-16,0.706144212098));
#2010 = ( GEOMETRIC_REPRESENTATION_CONTEXT(2) 
PARAMETRIC_REPRESENTATION_CONTEXT() REPRESENTATION_CONTEXT('2D SPACE',''
  ) );
#2011 = ORIENTED_EDGE('',*,*,#2012,.T.);
#2012 = EDGE_CURVE('',#1969,#2013,#2015,.T.);
#2013 = VERTEX_POINT('',#2014);
#2014 = CARTESIAN_POINT('',(65.,-1.921125387742,14.800651243934));
#2015 = SURFACE_CURVE('',#2016,(#2021,#2028),.PCURVE_S1.);
#2016 = CIRCLE('',#2017,14.924811556599);
#2017 = AXIS2_PLACEMENT_3D('',#2018,#2019,#2020);
#2018 = CARTESIAN_POINT('',(65.,0.,0.));
#2019 = DIRECTION('',(1.,0.,-0.));
#2020 = DIRECTION('',(0.,0.,1.));
#2021 = PCURVE('',#433,#2022);
#2022 = DEFINITIONAL_REPRESENTATION('',(#2023),#2027);
#2023 = CIRCLE('',#2024,14.924811556599);
#2024 = AXIS2_PLACEMENT_2D('',#2025,#2026);
#2025 = CARTESIAN_POINT('',(40.,-40.));
#2026 = DIRECTION('',(1.,0.));
#2027 = ( GEOMETRIC_REPRESENTATION_CONTEXT(2) 
PARAMETRIC_REPRESENTATION_CONTEXT() REPRESENTATION_CONTEXT('2D SPACE',''
  ) );
#2028 = PCURVE('',#1427,#2029);
#2029 = DEFINITIONAL_REPRESENTATION('',(#2030),#2054);
#2030 = B_SPLINE_CURVE_WITH_KNOTS('',8,(#2031,#2032,#2033,#2034,#2035,
    #2036,#2037,#2038,#2039,#2040,#2041,#2042,#2043,#2044,#2045,#2046,
    #2047,#2048,#2049,#2050,#2051,#2052,#2053),.UNSPECIFIED.,.F.,.F.,(9,
    7,7,9),(0.,0.392699081699,0.981747704247,1.570796326795),
  .UNSPECIFIED.);
#2031 = CARTESIAN_POINT('',(6.28318530718,0.706144212098));
#2032 = CARTESIAN_POINT('',(6.24132130866,0.706144212098));
#2033 = CARTESIAN_POINT('',(6.199457375274,0.703795642501));
#2034 = CARTESIAN_POINT('',(6.157970385121,0.699098540397));
#2035 = CARTESIAN_POINT('',(6.117238936061,0.692091187041));
#2036 = CARTESIAN_POINT('',(6.077604869693,0.682850727681));
#2037 = CARTESIAN_POINT('',(6.03934651323,0.671484580036));
#2038 = CARTESIAN_POINT('',(6.002668699916,0.65811868293));
#2039 = CARTESIAN_POINT('',(5.915283521587,0.620043567067));
#2040 = CARTESIAN_POINT('',(5.866730662808,0.593004182795));
#2041 = CARTESIAN_POINT('',(5.822538168852,0.562227963843));
#2042 = CARTESIAN_POINT('',(5.782866717969,0.528222191946));
#2043 = CARTESIAN_POINT('',(5.747614181764,0.491471499261));
#2044 = CARTESIAN_POINT('',(5.716593315865,0.452406125905));
#2045 = CARTESIAN_POINT('',(5.689581848235,0.411408312616));
#2046 = CARTESIAN_POINT('',(5.643153133899,0.32622565082));
#2047 = CARTESIAN_POINT('',(5.623735889541,0.282040801525));
#2048 = CARTESIAN_POINT('',(5.607902868569,0.236601607338));
#2049 = CARTESIAN_POINT('',(5.595450404535,0.190204136032));
#2050 = CARTESIAN_POINT('',(5.586218503432,0.143110221624));
#2051 = CARTESIAN_POINT('',(5.580100316183,9.55591139276E-02));
#2052 = CARTESIAN_POINT('',(5.577041095082,4.777956352828E-02));
#2053 = CARTESIAN_POINT('',(5.577041095082,-1.119896008465E-14));
#2054 = ( GEOMETRIC_REPRESENTATION_CONTEXT(2) 
PARAMETRIC_REPRESENTATION_CONTEXT() REPRESENTATION_CONTEXT('2D SPACE',''
  ) );
#2055 = ORIENTED_EDGE('',*,*,#2056,.F.);
#2056 = EDGE_CURVE('',#2057,#2013,#2059,.T.);
#2057 = VERTEX_POINT('',#2058);
#2058 = CARTESIAN_POINT('',(65.,-1.494208634911,11.511617634171));
#2059 = SURFACE_CURVE('',#2060,(#2173,#2289),.PCURVE_S1.);
#2060 = B_SPLINE_CURVE_WITH_KNOTS('',6,(#2061,#2062,#2063,#2064,#2065,
    #2066,#2067,#2068,#2069,#2070,#2071,#2072,#2073,#2074,#2075,#2076,
    #2077,#2078,#2079,#2080,#2081,#2082,#2083,#2084,#2085,#2086,#2087,
    #2088,#2089,#2090,#2091,#2092,#2093,#2094,#2095,#2096,#2097,#2098,
    #2099,#2100,#2101,#2102,#2103,#2104,#2105,#2106,#2107,#2108,#2109,
    #2110,#2111,#2112,#2113,#2114,#2115,#2116,#2117,#2118,#2119,#2120,
    #2121,#2122,#2123,#2124,#2125,#2126,#2127,#2128,#2129,#2130,#2131,
    #2132,#2133,#2134,#2135,#2136,#2137,#2138,#2139,#2140,#2141,#2142,
    #2143,#2144,#2145,#2146,#2147,#2148,#2149,#2150,#2151,#2152,#2153,
    #2154,#2155,#2156,#2157,#2158,#2159,#2160,#2161,#2162,#2163,#2164,
    #2165,#2166,#2167,#2168,#2169,#2170,#2171,#2172),.UNSPECIFIED.,.T.,
  .F.,(7,5,5,5,5,5,5,5,5,5,5,5,5,5,5,5,5,5,5,5,5,5,7),(0.,
    5.78583605577E-02,9.455999896879E-02,0.141163695174,0.177222564988,
    0.268560572173,0.35977972173,0.390332296642,0.427772277823,
    0.456094778183,0.470919813926,0.499692242178,0.529078518561,
    0.543903467033,0.572225693751,0.609665211604,0.640217435571,
    0.731436273177,0.82277518909,0.858834597334,0.905438973774,
    0.942141047239,1.),.UNSPECIFIED.);
#2061 = CARTESIAN_POINT('',(65.,-1.921125387742,14.800651243934));
#2062 = CARTESIAN_POINT('',(65.,-1.849506760493,14.809947403378));
#2063 = CARTESIAN_POINT('',(65.,-1.776593332337,14.809685166386));
#2064 = CARTESIAN_POINT('',(65.,-1.703647008353,14.799675587982));
#2065 = CARTESIAN_POINT('',(65.,-1.631780588186,14.780402788121));
#2066 = CARTESIAN_POINT('',(65.,-1.561873104606,14.752666869155));
#2067 = CARTESIAN_POINT('',(65.,-1.451900228102,14.69507681674));
#2068 = CARTESIAN_POINT('',(65.,-1.410256014374,14.66969805455));
#2069 = CARTESIAN_POINT('',(65.,-1.369802346169,14.641525675134));
#2070 = CARTESIAN_POINT('',(65.,-1.330646087384,14.610800341038));
#2071 = CARTESIAN_POINT('',(65.,-1.292858102029,14.577754341556));
#2072 = CARTESIAN_POINT('',(65.,-1.210290117078,14.497950452704));
#2073 = CARTESIAN_POINT('',(65.,-1.166379310376,14.449903619164));
#2074 = CARTESIAN_POINT('',(65.,-1.124831790347,14.398880052755));
#2075 = CARTESIAN_POINT('',(65.,-1.085680814021,14.34526348722));
#2076 = CARTESIAN_POINT('',(65.,-1.048924581987,14.289386154569));
#2077 = CARTESIAN_POINT('',(65.,-0.987936782855,14.18674482808));
#2078 = CARTESIAN_POINT('',(65.,-0.962755411401,14.140783020267));
#2079 = CARTESIAN_POINT('',(65.,-0.938986639788,14.093761742735));
#2080 = CARTESIAN_POINT('',(65.,-0.916618257684,14.045796301736));
#2081 = CARTESIAN_POINT('',(65.,-0.895635929103,13.996988991615));
#2082 = CARTESIAN_POINT('',(65.,-0.826344048463,13.821892838928));
#2083 = CARTESIAN_POINT('',(65.,-0.785473673567,13.691576148949));
#2084 = CARTESIAN_POINT('',(65.,-0.753120701701,13.557866824646));
#2085 = CARTESIAN_POINT('',(65.,-0.729102591042,13.421884965933));
#2086 = CARTESIAN_POINT('',(65.,-0.713287774912,13.284584181674));
#2087 = CARTESIAN_POINT('',(65.,-0.69817653272,13.009165037838));
#2088 = CARTESIAN_POINT('',(65.,-0.698864921305,12.871146927826));
#2089 = CARTESIAN_POINT('',(65.,-0.70781623082,12.733517933094));
#2090 = CARTESIAN_POINT('',(65.,-0.725278334913,12.597247157805));
#2091 = CARTESIAN_POINT('',(65.,-0.751603223795,12.463516627191));
#2092 = CARTESIAN_POINT('',(65.,-0.799531125956,12.290528568326));
#2093 = CARTESIAN_POINT('',(65.,-0.812628503734,12.24759970745));
#2094 = CARTESIAN_POINT('',(65.,-0.826823307539,12.205209083782));
#2095 = CARTESIAN_POINT('',(65.,-0.842142824458,12.163433270187));
#2096 = CARTESIAN_POINT('',(65.,-0.85861638358,12.122361114437));
#2097 = CARTESIAN_POINT('',(65.,-0.897915066247,12.032749171822));
#2098 = CARTESIAN_POINT('',(65.,-0.921332635104,11.984618789931));
#2099 = CARTESIAN_POINT('',(65.,-0.946586950423,11.937883952474));
#2100 = CARTESIAN_POINT('',(65.,-0.973734829653,11.892776570861));
#2101 = CARTESIAN_POINT('',(65.,-1.002822569948,11.849574917698));
#2102 = CARTESIAN_POINT('',(65.,-1.057369847341,11.77760231499));
#2103 = CARTESIAN_POINT('',(65.,-1.081985817007,11.747882085473));
#2104 = CARTESIAN_POINT('',(65.,-1.107735342224,11.719577649587));
#2105 = CARTESIAN_POINT('',(65.,-1.13461659289,11.692849567965));
#2106 = CARTESIAN_POINT('',(65.,-1.162609186685,11.667870262834));
#2107 = CARTESIAN_POINT('',(65.,-1.206877550835,11.632745887456));
#2108 = CARTESIAN_POINT('',(65.,-1.222379416279,11.621204323226));
#2109 = CARTESIAN_POINT('',(65.,-1.238166381649,11.610215064622));
#2110 = CARTESIAN_POINT('',(65.,-1.254229524308,11.599802909701));
#2111 = CARTESIAN_POINT('',(65.,-1.270557615555,11.589991918866));
#2112 = CARTESIAN_POINT('',(65.,-1.319314627164,11.562976081585));
#2113 = CARTESIAN_POINT('',(65.,-1.35244262903,11.547496061241));
#2114 = CARTESIAN_POINT('',(65.,-1.38641447399,11.534536618975));
#2115 = CARTESIAN_POINT('',(65.,-1.421097315028,11.524237460098));
#2116 = CARTESIAN_POINT('',(65.,-1.456331215528,11.516689636553));
#2117 = CARTESIAN_POINT('',(65.,-1.528284739788,11.507045451554));
#2118 = CARTESIAN_POINT('',(65.,-1.565030378552,11.505067435408));
#2119 = CARTESIAN_POINT('',(65.,-1.601964922394,11.506013998036));
#2120 = CARTESIAN_POINT('',(65.,-1.63889851923,11.509837449609));
#2121 = CARTESIAN_POINT('',(65.,-1.675655726139,11.516431007998));
#2122 = CARTESIAN_POINT('',(65.,-1.730454770567,11.530296234594));
#2123 = CARTESIAN_POINT('',(65.,-1.748746370185,11.535613448001));
#2124 = CARTESIAN_POINT('',(65.,-1.766935280935,11.541579535794));
#2125 = CARTESIAN_POINT('',(65.,-1.785004503917,11.548174102199));
#2126 = CARTESIAN_POINT('',(65.,-1.802939081487,11.555375449503));
#2127 = CARTESIAN_POINT('',(65.,-1.8547071834,11.578033713472));
#2128 = CARTESIAN_POINT('',(65.,-1.888148986643,11.595038388263));
#2129 = CARTESIAN_POINT('',(65.,-1.920962755949,11.614017576033));
#2130 = CARTESIAN_POINT('',(65.,-1.95308476623,11.634809777691));
#2131 = CARTESIAN_POINT('',(65.,-1.984472257327,11.657260225564));
#2132 = CARTESIAN_POINT('',(65.,-2.055585725663,11.71292068143));
#2133 = CARTESIAN_POINT('',(65.,-2.094738463548,11.747263843138));
#2134 = CARTESIAN_POINT('',(65.,-2.132502199114,11.783944784069));
#2135 = CARTESIAN_POINT('',(65.,-2.168850651703,11.822682642637));
#2136 = CARTESIAN_POINT('',(65.,-2.203779547931,11.863238693996));
#2137 = CARTESIAN_POINT('',(65.,-2.264653345801,11.939846512557));
#2138 = CARTESIAN_POINT('',(65.,-2.291066524183,11.975351200055));
#2139 = CARTESIAN_POINT('',(65.,-2.316543571604,12.011830844026));
#2140 = CARTESIAN_POINT('',(65.,-2.341090162002,12.049192055271));
#2141 = CARTESIAN_POINT('',(65.,-2.364713128888,12.087353833662));
#2142 = CARTESIAN_POINT('',(65.,-2.455216778964,12.242371364781));
#2143 = CARTESIAN_POINT('',(65.,-2.514811034511,12.364948339989));
#2144 = CARTESIAN_POINT('',(65.,-2.566484807287,12.492244097379));
#2145 = CARTESIAN_POINT('',(65.,-2.610276660893,12.623025916173));
#2146 = CARTESIAN_POINT('',(65.,-2.646178854575,12.756293528641));
#2147 = CARTESIAN_POINT('',(65.,-2.701884676924,13.026443446903));
#2148 = CARTESIAN_POINT('',(65.,-2.721647812677,13.16323274592));
#2149 = CARTESIAN_POINT('',(65.,-2.733142686011,13.300841211888));
#2150 = CARTESIAN_POINT('',(65.,-2.735998637137,13.438380412907));
#2151 = CARTESIAN_POINT('',(65.,-2.729753212962,13.574813961509));
#2152 = CARTESIAN_POINT('',(65.,-2.707460449333,13.761799856221));
#2153 = CARTESIAN_POINT('',(65.,-2.699634135745,13.814347299318));
#2154 = CARTESIAN_POINT('',(65.,-2.690252740823,13.866434634296));
#2155 = CARTESIAN_POINT('',(65.,-2.679276286812,13.917966614704));
#2156 = CARTESIAN_POINT('',(65.,-2.66666352904,13.968834870351));
#2157 = CARTESIAN_POINT('',(65.,-2.633901241711,14.083646689361));
#2158 = CARTESIAN_POINT('',(65.,-2.612628563799,14.147057133068));
#2159 = CARTESIAN_POINT('',(65.,-2.588463267629,14.2088930955));
#2160 = CARTESIAN_POINT('',(65.,-2.561318791009,14.268833806245));
#2161 = CARTESIAN_POINT('',(65.,-2.531129318135,14.326499747605));
#2162 = CARTESIAN_POINT('',(65.,-2.471671106864,14.424740042152));
#2163 = CARTESIAN_POINT('',(65.,-2.443571861596,14.466338745176));
#2164 = CARTESIAN_POINT('',(65.,-2.41355718643,14.506042986173));
#2165 = CARTESIAN_POINT('',(65.,-2.381636292662,14.543610076448));
#2166 = CARTESIAN_POINT('',(65.,-2.347851061571,14.578780039833));
#2167 = CARTESIAN_POINT('',(65.,-2.256224642893,14.662538688908));
#2168 = CARTESIAN_POINT('',(65.,-2.195714382519,14.707203323216));
#2169 = CARTESIAN_POINT('',(65.,-2.131149409427,14.744185321266));
#2170 = CARTESIAN_POINT('',(65.,-2.063175345432,14.772486672739));
#2171 = CARTESIAN_POINT('',(65.,-1.992744505541,14.791355136652));
#2172 = CARTESIAN_POINT('',(65.,-1.921125387742,14.800651243934));
#2173 = PCURVE('',#433,#2174);
#2174 = DEFINITIONAL_REPRESENTATION('',(#2175),#2288);
#2175 = B_SPLINE_CURVE_WITH_KNOTS('',6,(#2176,#2177,#2178,#2179,#2180,
    #2181,#2182,#2183,#2184,#2185,#2186,#2187,#2188,#2189,#2190,#2191,
    #2192,#2193,#2194,#2195,#2196,#2197,#2198,#2199,#2200,#2201,#2202,
    #2203,#2204,#2205,#2206,#2207,#2208,#2209,#2210,#2211,#2212,#2213,
    #2214,#2215,#2216,#2217,#2218,#2219,#2220,#2221,#2222,#2223,#2224,
    #2225,#2226,#2227,#2228,#2229,#2230,#2231,#2232,#2233,#2234,#2235,
    #2236,#2237,#2238,#2239,#2240,#2241,#2242,#2243,#2244,#2245,#2246,
    #2247,#2248,#2249,#2250,#2251,#2252,#2253,#2254,#2255,#2256,#2257,
    #2258,#2259,#2260,#2261,#2262,#2263,#2264,#2265,#2266,#2267,#2268,
    #2269,#2270,#2271,#2272,#2273,#2274,#2275,#2276,#2277,#2278,#2279,
    #2280,#2281,#2282,#2283,#2284,#2285,#2286,#2287),.UNSPECIFIED.,.F.,
  .F.,(7,5,5,5,5,5,5,5,5,5,5,5,5,5,5,5,5,5,5,5,5,5,7),(0.,
    5.78583605577E-02,9.455999896879E-02,0.141163695174,0.177222564988,
    0.268560572173,0.35977972173,0.390332296642,0.427772277823,
    0.456094778183,0.470919813926,0.499692242178,0.529078518561,
    0.543903467033,0.572225693751,0.609665211604,0.640217435571,
    0.731436273177,0.82277518909,0.858834597334,0.905438973774,
    0.942141047239,1.),.UNSPECIFIED.);
#2176 = CARTESIAN_POINT('',(54.800651243934,-38.07887461225));
#2177 = CARTESIAN_POINT('',(54.809947403378,-38.1504932395));
#2178 = CARTESIAN_POINT('',(54.809685166386,-38.22340666766));
#2179 = CARTESIAN_POINT('',(54.799675587982,-38.29635299164));
#2180 = CARTESIAN_POINT('',(54.780402788121,-38.36821941181));
#2181 = CARTESIAN_POINT('',(54.752666869155,-38.43812689539));
#2182 = CARTESIAN_POINT('',(54.69507681674,-38.54809977189));
#2183 = CARTESIAN_POINT('',(54.66969805455,-38.58974398562));
#2184 = CARTESIAN_POINT('',(54.641525675134,-38.63019765383));
#2185 = CARTESIAN_POINT('',(54.610800341038,-38.66935391261));
#2186 = CARTESIAN_POINT('',(54.577754341556,-38.70714189797));
#2187 = CARTESIAN_POINT('',(54.497950452704,-38.78970988292));
#2188 = CARTESIAN_POINT('',(54.449903619164,-38.83362068962));
#2189 = CARTESIAN_POINT('',(54.398880052755,-38.87516820965));
#2190 = CARTESIAN_POINT('',(54.34526348722,-38.91431918597));
#2191 = CARTESIAN_POINT('',(54.289386154569,-38.95107541801));
#2192 = CARTESIAN_POINT('',(54.18674482808,-39.01206321714));
#2193 = CARTESIAN_POINT('',(54.140783020267,-39.03724458859));
#2194 = CARTESIAN_POINT('',(54.093761742735,-39.06101336021));
#2195 = CARTESIAN_POINT('',(54.045796301736,-39.08338174231));
#2196 = CARTESIAN_POINT('',(53.996988991615,-39.10436407089));
#2197 = CARTESIAN_POINT('',(53.821892838928,-39.17365595153));
#2198 = CARTESIAN_POINT('',(53.691576148949,-39.21452632643));
#2199 = CARTESIAN_POINT('',(53.557866824646,-39.24687929829));
#2200 = CARTESIAN_POINT('',(53.421884965933,-39.27089740895));
#2201 = CARTESIAN_POINT('',(53.284584181674,-39.28671222508));
#2202 = CARTESIAN_POINT('',(53.009165037838,-39.30182346728));
#2203 = CARTESIAN_POINT('',(52.871146927826,-39.30113507869));
#2204 = CARTESIAN_POINT('',(52.733517933094,-39.29218376918));
#2205 = CARTESIAN_POINT('',(52.597247157805,-39.27472166508));
#2206 = CARTESIAN_POINT('',(52.463516627191,-39.2483967762));
#2207 = CARTESIAN_POINT('',(52.290528568326,-39.20046887404));
#2208 = CARTESIAN_POINT('',(52.24759970745,-39.18737149626));
#2209 = CARTESIAN_POINT('',(52.205209083782,-39.17317669246));
#2210 = CARTESIAN_POINT('',(52.163433270187,-39.15785717554));
#2211 = CARTESIAN_POINT('',(52.122361114437,-39.14138361642));
#2212 = CARTESIAN_POINT('',(52.032749171822,-39.10208493375));
#2213 = CARTESIAN_POINT('',(51.984618789931,-39.07866736489));
#2214 = CARTESIAN_POINT('',(51.937883952474,-39.05341304957));
#2215 = CARTESIAN_POINT('',(51.892776570861,-39.02626517034));
#2216 = CARTESIAN_POINT('',(51.849574917698,-38.99717743005));
#2217 = CARTESIAN_POINT('',(51.77760231499,-38.94263015265));
#2218 = CARTESIAN_POINT('',(51.747882085473,-38.91801418299));
#2219 = CARTESIAN_POINT('',(51.719577649587,-38.89226465777));
#2220 = CARTESIAN_POINT('',(51.692849567965,-38.86538340711));
#2221 = CARTESIAN_POINT('',(51.667870262834,-38.83739081331));
#2222 = CARTESIAN_POINT('',(51.632745887456,-38.79312244916));
#2223 = CARTESIAN_POINT('',(51.621204323226,-38.77762058372));
#2224 = CARTESIAN_POINT('',(51.610215064622,-38.76183361835));
#2225 = CARTESIAN_POINT('',(51.599802909701,-38.74577047569));
#2226 = CARTESIAN_POINT('',(51.589991918866,-38.72944238444));
#2227 = CARTESIAN_POINT('',(51.562976081585,-38.68068537283));
#2228 = CARTESIAN_POINT('',(51.547496061241,-38.64755737097));
#2229 = CARTESIAN_POINT('',(51.534536618975,-38.61358552601));
#2230 = CARTESIAN_POINT('',(51.524237460098,-38.57890268497));
#2231 = CARTESIAN_POINT('',(51.516689636553,-38.54366878447));
#2232 = CARTESIAN_POINT('',(51.507045451554,-38.47171526021));
#2233 = CARTESIAN_POINT('',(51.505067435408,-38.43496962144));
#2234 = CARTESIAN_POINT('',(51.506013998036,-38.3980350776));
#2235 = CARTESIAN_POINT('',(51.509837449609,-38.36110148077));
#2236 = CARTESIAN_POINT('',(51.516431007998,-38.32434427386));
#2237 = CARTESIAN_POINT('',(51.530296234594,-38.26954522943));
#2238 = CARTESIAN_POINT('',(51.535613448001,-38.25125362981));
#2239 = CARTESIAN_POINT('',(51.541579535794,-38.23306471906));
#2240 = CARTESIAN_POINT('',(51.548174102199,-38.21499549608));
#2241 = CARTESIAN_POINT('',(51.555375449503,-38.19706091851));
#2242 = CARTESIAN_POINT('',(51.578033713472,-38.1452928166));
#2243 = CARTESIAN_POINT('',(51.595038388263,-38.11185101335));
#2244 = CARTESIAN_POINT('',(51.614017576033,-38.07903724405));
#2245 = CARTESIAN_POINT('',(51.634809777691,-38.04691523377));
#2246 = CARTESIAN_POINT('',(51.657260225564,-38.01552774267));
#2247 = CARTESIAN_POINT('',(51.71292068143,-37.94441427433));
#2248 = CARTESIAN_POINT('',(51.747263843138,-37.90526153645));
#2249 = CARTESIAN_POINT('',(51.783944784069,-37.86749780088));
#2250 = CARTESIAN_POINT('',(51.822682642637,-37.83114934829));
#2251 = CARTESIAN_POINT('',(51.863238693996,-37.79622045206));
#2252 = CARTESIAN_POINT('',(51.939846512557,-37.73534665419));
#2253 = CARTESIAN_POINT('',(51.975351200055,-37.70893347581));
#2254 = CARTESIAN_POINT('',(52.011830844026,-37.68345642839));
#2255 = CARTESIAN_POINT('',(52.049192055271,-37.65890983799));
#2256 = CARTESIAN_POINT('',(52.087353833662,-37.63528687111));
#2257 = CARTESIAN_POINT('',(52.242371364781,-37.54478322103));
#2258 = CARTESIAN_POINT('',(52.364948339989,-37.48518896548));
#2259 = CARTESIAN_POINT('',(52.492244097379,-37.43351519271));
#2260 = CARTESIAN_POINT('',(52.623025916173,-37.3897233391));
#2261 = CARTESIAN_POINT('',(52.756293528641,-37.35382114542));
#2262 = CARTESIAN_POINT('',(53.026443446903,-37.29811532307));
#2263 = CARTESIAN_POINT('',(53.16323274592,-37.27835218732));
#2264 = CARTESIAN_POINT('',(53.300841211888,-37.26685731398));
#2265 = CARTESIAN_POINT('',(53.438380412907,-37.26400136286));
#2266 = CARTESIAN_POINT('',(53.574813961509,-37.27024678703));
#2267 = CARTESIAN_POINT('',(53.761799856221,-37.29253955066));
#2268 = CARTESIAN_POINT('',(53.814347299318,-37.30036586425));
#2269 = CARTESIAN_POINT('',(53.866434634296,-37.30974725917));
#2270 = CARTESIAN_POINT('',(53.917966614704,-37.32072371318));
#2271 = CARTESIAN_POINT('',(53.968834870351,-37.33333647096));
#2272 = CARTESIAN_POINT('',(54.083646689361,-37.36609875828));
#2273 = CARTESIAN_POINT('',(54.147057133068,-37.3873714362));
#2274 = CARTESIAN_POINT('',(54.2088930955,-37.41153673237));
#2275 = CARTESIAN_POINT('',(54.268833806245,-37.43868120899));
#2276 = CARTESIAN_POINT('',(54.326499747605,-37.46887068186));
#2277 = CARTESIAN_POINT('',(54.424740042152,-37.52832889313));
#2278 = CARTESIAN_POINT('',(54.466338745176,-37.5564281384));
#2279 = CARTESIAN_POINT('',(54.506042986173,-37.58644281357));
#2280 = CARTESIAN_POINT('',(54.543610076448,-37.61836370733));
#2281 = CARTESIAN_POINT('',(54.578780039833,-37.65214893842));
#2282 = CARTESIAN_POINT('',(54.662538688908,-37.7437753571));
#2283 = CARTESIAN_POINT('',(54.707203323216,-37.80428561748));
#2284 = CARTESIAN_POINT('',(54.744185321266,-37.86885059057));
#2285 = CARTESIAN_POINT('',(54.772486672739,-37.93682465456));
#2286 = CARTESIAN_POINT('',(54.791355136652,-38.00725549445));
#2287 = CARTESIAN_POINT('',(54.800651243934,-38.07887461225));
#2288 = ( GEOMETRIC_REPRESENTATION_CONTEXT(2) 
PARAMETRIC_REPRESENTATION_CONTEXT() REPRESENTATION_CONTEXT('2D SPACE',''
  ) );
#2289 = PCURVE('',#1707,#2290);
#2290 = DEFINITIONAL_REPRESENTATION('',(#2291),#2349);
#2291 = B_SPLINE_CURVE_WITH_KNOTS('',6,(#2292,#2293,#2294,#2295,#2296,
    #2297,#2298,#2299,#2300,#2301,#2302,#2303,#2304,#2305,#2306,#2307,
    #2308,#2309,#2310,#2311,#2312,#2313,#2314,#2315,#2316,#2317,#2318,
    #2319,#2320,#2321,#2322,#2323,#2324,#2325,#2326,#2327,#2328,#2329,
    #2330,#2331,#2332,#2333,#2334,#2335,#2336,#2337,#2338,#2339,#2340,
    #2341,#2342,#2343,#2344,#2345,#2346,#2347,#2348),.UNSPECIFIED.,.F.,
  .F.,(7,5,5,5,5,5,5,5,5,5,5,7),(0.499999355043,0.529078518561,
    0.543903467033,0.572225693751,0.609665211604,0.640217435571,
    0.731436273177,0.82277518909,0.858834597334,0.905438973774,
    0.942141047239,1.),.UNSPECIFIED.);
#2292 = CARTESIAN_POINT('',(7.268296090761,3.141592654389));
#2293 = CARTESIAN_POINT('',(7.268296090686,3.177891077543));
#2294 = CARTESIAN_POINT('',(7.268182586005,3.214194096372));
#2295 = CARTESIAN_POINT('',(7.267955524561,3.250392768742));
#2296 = CARTESIAN_POINT('',(7.2676178479,3.286396427502));
#2297 = CARTESIAN_POINT('',(7.26717475515,3.322127977891));
#2298 = CARTESIAN_POINT('',(7.266356759512,3.37556211321));
#2299 = CARTESIAN_POINT('',(7.266054871608,3.393517771665));
#2300 = CARTESIAN_POINT('',(7.265728193846,3.411378376014));
#2301 = CARTESIAN_POINT('',(7.265377659926,3.42913753126));
#2302 = CARTESIAN_POINT('',(7.26500424668,3.446790241699));
#2303 = CARTESIAN_POINT('',(7.263853824602,3.49784718955));
#2304 = CARTESIAN_POINT('',(7.26301886015,3.530958957572));
#2305 = CARTESIAN_POINT('',(7.262111050303,3.563644371596));
#2306 = CARTESIAN_POINT('',(7.261137416342,3.595894435769));
#2307 = CARTESIAN_POINT('',(7.260104592789,3.627712301268));
#2308 = CARTESIAN_POINT('',(7.25758252757,3.700616337991));
#2309 = CARTESIAN_POINT('',(7.256053567567,3.741383950916));
#2310 = CARTESIAN_POINT('',(7.254444947737,3.781447390626));
#2311 = CARTESIAN_POINT('',(7.25276843956,3.820848176206));
#2312 = CARTESIAN_POINT('',(7.251033950716,3.859636115311));
#2313 = CARTESIAN_POINT('',(7.247792995444,3.929070568913));
#2314 = CARTESIAN_POINT('',(7.246303418462,3.959899930058));
#2315 = CARTESIAN_POINT('',(7.244784955032,3.990387477108));
#2316 = CARTESIAN_POINT('',(7.243241436242,4.020561796721));
#2317 = CARTESIAN_POINT('',(7.241676166875,4.050450728246));
#2318 = CARTESIAN_POINT('',(7.235361909183,4.168548643117));
#2319 = CARTESIAN_POINT('',(7.230465705953,4.254666320179));
#2320 = CARTESIAN_POINT('',(7.225473534092,4.339255180888));
#2321 = CARTESIAN_POINT('',(7.220434730531,4.422834799235));
#2322 = CARTESIAN_POINT('',(7.215387894228,4.505906011927));
#2323 = CARTESIAN_POINT('',(7.205329867381,4.672239628335));
#2324 = CARTESIAN_POINT('',(7.20032236171,4.755445269021));
#2325 = CARTESIAN_POINT('',(7.195370052164,4.839171328258));
#2326 = CARTESIAN_POINT('',(7.190505454773,4.923855196115));
#2327 = CARTESIAN_POINT('',(7.185764600569,5.009929512425));
#2328 = CARTESIAN_POINT('',(7.179383768394,5.132709959013));
#2329 = CARTESIAN_POINT('',(7.177603864651,5.167762154074));
#2330 = CARTESIAN_POINT('',(7.175852869682,5.203145136707));
#2331 = CARTESIAN_POINT('',(7.174133919836,5.238889763172));
#2332 = CARTESIAN_POINT('',(7.172450537066,5.275026810645));
#2333 = CARTESIAN_POINT('',(7.168681993029,5.35883855061));
#2334 = CARTESIAN_POINT('',(7.16662350574,5.406793094571));
#2335 = CARTESIAN_POINT('',(7.164639383764,5.455522594823));
#2336 = CARTESIAN_POINT('',(7.162739796545,5.505086283656));
#2337 = CARTESIAN_POINT('',(7.16093658582,5.555532099548));
#2338 = CARTESIAN_POINT('',(7.15790923011,5.647350151019));
#2339 = CARTESIAN_POINT('',(7.156643573919,5.688369534293));
#2340 = CARTESIAN_POINT('',(7.155452496318,5.7299719683));
#2341 = CARTESIAN_POINT('',(7.154343338363,5.772160747547));
#2342 = CARTESIAN_POINT('',(7.15332383518,5.814923108347));
#2343 = CARTESIAN_POINT('',(7.150947868205,5.926492218398));
#2344 = CARTESIAN_POINT('',(7.149735150602,5.996136954588));
#2345 = CARTESIAN_POINT('',(7.148795504505,6.06696130429));
#2346 = CARTESIAN_POINT('',(7.148156513673,6.138692012526));
#2347 = CARTESIAN_POINT('',(7.147837419157,6.210965338975));
#2348 = CARTESIAN_POINT('',(7.147837421877,6.28318530718));
#2349 = ( GEOMETRIC_REPRESENTATION_CONTEXT(2) 
PARAMETRIC_REPRESENTATION_CONTEXT() REPRESENTATION_CONTEXT('2D SPACE',''
  ) );
#2350 = ORIENTED_EDGE('',*,*,#2351,.F.);
#2351 = EDGE_CURVE('',#1150,#2057,#2352,.T.);
#2352 = SURFACE_CURVE('',#2353,(#2358,#2365),.PCURVE_S1.);
#2353 = CIRCLE('',#2354,11.608186766244);
#2354 = AXIS2_PLACEMENT_3D('',#2355,#2356,#2357);
#2355 = CARTESIAN_POINT('',(65.,0.,0.));
#2356 = DIRECTION('',(1.,0.,-0.));
#2357 = DIRECTION('',(0.,0.,1.));
#2358 = PCURVE('',#433,#2359);
#2359 = DEFINITIONAL_REPRESENTATION('',(#2360),#2364);
#2360 = CIRCLE('',#2361,11.608186766244);
#2361 = AXIS2_PLACEMENT_2D('',#2362,#2363);
#2362 = CARTESIAN_POINT('',(40.,-40.));
#2363 = DIRECTION('',(1.,0.));
#2364 = ( GEOMETRIC_REPRESENTATION_CONTEXT(2) 
PARAMETRIC_REPRESENTATION_CONTEXT() REPRESENTATION_CONTEXT('2D SPACE',''
  ) );
#2365 = PCURVE('',#1189,#2366);
#2366 = DEFINITIONAL_REPRESENTATION('',(#2367),#2391);
#2367 = B_SPLINE_CURVE_WITH_KNOTS('',8,(#2368,#2369,#2370,#2371,#2372,
    #2373,#2374,#2375,#2376,#2377,#2378,#2379,#2380,#2381,#2382,#2383,
    #2384,#2385,#2386,#2387,#2388,#2389,#2390),.UNSPECIFIED.,.F.,.F.,(9,
    7,7,9),(0.,0.392699081699,0.981747704247,1.570796326795),
  .UNSPECIFIED.);
#2368 = CARTESIAN_POINT('',(6.28318530718,0.585685543457));
#2369 = CARTESIAN_POINT('',(6.250624419442,0.585685543457));
#2370 = CARTESIAN_POINT('',(6.218063546753,0.58385887957));
#2371 = CARTESIAN_POINT('',(6.185727350952,0.580205568836));
#2372 = CARTESIAN_POINT('',(6.153840884113,0.57474734002));
#2373 = CARTESIAN_POINT('',(6.12261515144,0.567527873262));
#2374 = CARTESIAN_POINT('',(6.09223525083,0.55860958717));
#2375 = CARTESIAN_POINT('',(6.062853822616,0.548068833864));
#2376 = CARTESIAN_POINT('',(5.99220062369,0.517875155433));
#2377 = CARTESIAN_POINT('',(5.952329008913,0.496301341624));
#2378 = CARTESIAN_POINT('',(5.915387950157,0.4715593035));
#2379 = CARTESIAN_POINT('',(5.88162919162,0.443986410249));
#2380 = CARTESIAN_POINT('',(5.851146468081,0.4139329641));
#2381 = CARTESIAN_POINT('',(5.823942391216,0.38173460053));
#2382 = CARTESIAN_POINT('',(5.799970556455,0.347707563844));
#2383 = CARTESIAN_POINT('',(5.758358854796,0.276587296369));
#2384 = CARTESIAN_POINT('',(5.740718994403,0.239494062637));
#2385 = CARTESIAN_POINT('',(5.726178829477,0.201163412597));
#2386 = CARTESIAN_POINT('',(5.714652290026,0.161870383599));
#2387 = CARTESIAN_POINT('',(5.7060622018,0.121869850312));
#2388 = CARTESIAN_POINT('',(5.700353931615,8.140221197915E-02));
#2389 = CARTESIAN_POINT('',(5.697499763722,4.070110967223E-02));
#2390 = CARTESIAN_POINT('',(5.697499763722,-1.199465035779E-14));
#2391 = ( GEOMETRIC_REPRESENTATION_CONTEXT(2) 
PARAMETRIC_REPRESENTATION_CONTEXT() REPRESENTATION_CONTEXT('2D SPACE',''
  ) );
#2392 = ORIENTED_EDGE('',*,*,#1149,.F.);
#2393 = ORIENTED_EDGE('',*,*,#413,.F.);
#2394 = ADVANCED_FACE('',(#2395),#574,.F.);
#2395 = FACE_BOUND('',#2396,.F.);
#2396 = EDGE_LOOP('',(#2397,#2419,#2420,#2421));
#2397 = ORIENTED_EDGE('',*,*,#2398,.F.);
#2398 = EDGE_CURVE('',#1107,#686,#2399,.T.);
#2399 = SURFACE_CURVE('',#2400,(#2405,#2412),.PCURVE_S1.);
#2400 = CIRCLE('',#2401,4.4);
#2401 = AXIS2_PLACEMENT_3D('',#2402,#2403,#2404);
#2402 = CARTESIAN_POINT('',(66.6,0.,0.));
#2403 = DIRECTION('',(1.,0.,0.));
#2404 = DIRECTION('',(-0.,0.,1.));
#2405 = PCURVE('',#574,#2406);
#2406 = DEFINITIONAL_REPRESENTATION('',(#2407),#2411);
#2407 = CIRCLE('',#2408,4.4);
#2408 = AXIS2_PLACEMENT_2D('',#2409,#2410);
#2409 = CARTESIAN_POINT('',(0.,0.));
#2410 = DIRECTION('',(1.,0.));
#2411 = ( GEOMETRIC_REPRESENTATION_CONTEXT(2) 
PARAMETRIC_REPRESENTATION_CONTEXT() REPRESENTATION_CONTEXT('2D SPACE',''
  ) );
#2412 = PCURVE('',#721,#2413);
#2413 = DEFINITIONAL_REPRESENTATION('',(#2414),#2418);
#2414 = LINE('',#2415,#2416);
#2415 = CARTESIAN_POINT('',(0.,2.1));
#2416 = VECTOR('',#2417,1.);
#2417 = DIRECTION('',(1.,0.));
#2418 = ( GEOMETRIC_REPRESENTATION_CONTEXT(2) 
PARAMETRIC_REPRESENTATION_CONTEXT() REPRESENTATION_CONTEXT('2D SPACE',''
  ) );
#2419 = ORIENTED_EDGE('',*,*,#1127,.T.);
#2420 = ORIENTED_EDGE('',*,*,#557,.T.);
#2421 = ORIENTED_EDGE('',*,*,#685,.T.);
#2422 = ADVANCED_FACE('',(#2423,#2426),#521,.T.);
#2423 = FACE_BOUND('',#2424,.T.);
#2424 = EDGE_LOOP('',(#2425));
#2425 = ORIENTED_EDGE('',*,*,#506,.T.);
#2426 = FACE_BOUND('',#2427,.T.);
#2427 = EDGE_LOOP('',(#2428));
#2428 = ORIENTED_EDGE('',*,*,#2429,.F.);
#2429 = EDGE_CURVE('',#2430,#2430,#2432,.T.);
#2430 = VERTEX_POINT('',#2431);
#2431 = CARTESIAN_POINT('',(71.4,5.265981236334E-16,2.15));
#2432 = SURFACE_CURVE('',#2433,(#2438,#2445),.PCURVE_S1.);
#2433 = CIRCLE('',#2434,2.15);
#2434 = AXIS2_PLACEMENT_3D('',#2435,#2436,#2437);
#2435 = CARTESIAN_POINT('',(71.4,0.,0.));
#2436 = DIRECTION('',(1.,0.,0.));
#2437 = DIRECTION('',(-0.,0.,1.));
#2438 = PCURVE('',#521,#2439);
#2439 = DEFINITIONAL_REPRESENTATION('',(#2440),#2444);
#2440 = CIRCLE('',#2441,2.15);
#2441 = AXIS2_PLACEMENT_2D('',#2442,#2443);
#2442 = CARTESIAN_POINT('',(0.,0.));
#2443 = DIRECTION('',(1.,0.));
#2444 = ( GEOMETRIC_REPRESENTATION_CONTEXT(2) 
PARAMETRIC_REPRESENTATION_CONTEXT() REPRESENTATION_CONTEXT('2D SPACE',''
  ) );
#2445 = PCURVE('',#2446,#2451);
#2446 = CYLINDRICAL_SURFACE('',#2447,2.15);
#2447 = AXIS2_PLACEMENT_3D('',#2448,#2449,#2450);
#2448 = CARTESIAN_POINT('',(69.6,0.,0.));
#2449 = DIRECTION('',(1.,0.,0.));
#2450 = DIRECTION('',(-0.,0.,1.));
#2451 = DEFINITIONAL_REPRESENTATION('',(#2452),#2456);
#2452 = LINE('',#2453,#2454);
#2453 = CARTESIAN_POINT('',(0.,1.8));
#2454 = VECTOR('',#2455,1.);
#2455 = DIRECTION('',(1.,0.));
#2456 = ( GEOMETRIC_REPRESENTATION_CONTEXT(2) 
PARAMETRIC_REPRESENTATION_CONTEXT() REPRESENTATION_CONTEXT('2D SPACE',''
  ) );
#2457 = ADVANCED_FACE('',(#2458),#626,.F.);
#2458 = FACE_BOUND('',#2459,.F.);
#2459 = EDGE_LOOP('',(#2460,#2485,#2512,#2513,#2539,#2540,#2589,#2590));
#2460 = ORIENTED_EDGE('',*,*,#2461,.T.);
#2461 = EDGE_CURVE('',#2462,#2464,#2466,.T.);
#2462 = VERTEX_POINT('',#2463);
#2463 = CARTESIAN_POINT('',(28.4,1.07768918325E-15,-4.4));
#2464 = VERTEX_POINT('',#2465);
#2465 = CARTESIAN_POINT('',(25.2,1.07768918325E-15,-4.4));
#2466 = SEAM_CURVE('',#2467,(#2471,#2478),.PCURVE_S1.);
#2467 = LINE('',#2468,#2469);
#2468 = CARTESIAN_POINT('',(30.5,1.07768918325E-15,-4.4));
#2469 = VECTOR('',#2470,1.);
#2470 = DIRECTION('',(-1.,0.,0.));
#2471 = PCURVE('',#626,#2472);
#2472 = DEFINITIONAL_REPRESENTATION('',(#2473),#2477);
#2473 = LINE('',#2474,#2475);
#2474 = CARTESIAN_POINT('',(6.28318530718,-0.));
#2475 = VECTOR('',#2476,1.);
#2476 = DIRECTION('',(0.,1.));
#2477 = ( GEOMETRIC_REPRESENTATION_CONTEXT(2) 
PARAMETRIC_REPRESENTATION_CONTEXT() REPRESENTATION_CONTEXT('2D SPACE',''
  ) );
#2478 = PCURVE('',#626,#2479);
#2479 = DEFINITIONAL_REPRESENTATION('',(#2480),#2484);
#2480 = LINE('',#2481,#2482);
#2481 = CARTESIAN_POINT('',(0.,-0.));
#2482 = VECTOR('',#2483,1.);
#2483 = DIRECTION('',(0.,1.));
#2484 = ( GEOMETRIC_REPRESENTATION_CONTEXT(2) 
PARAMETRIC_REPRESENTATION_CONTEXT() REPRESENTATION_CONTEXT('2D SPACE',''
  ) );
#2485 = ORIENTED_EDGE('',*,*,#2486,.F.);
#2486 = EDGE_CURVE('',#2464,#2464,#2487,.T.);
#2487 = SURFACE_CURVE('',#2488,(#2493,#2500),.PCURVE_S1.);
#2488 = CIRCLE('',#2489,4.4);
#2489 = AXIS2_PLACEMENT_3D('',#2490,#2491,#2492);
#2490 = CARTESIAN_POINT('',(25.2,0.,0.));
#2491 = DIRECTION('',(-1.,0.,0.));
#2492 = DIRECTION('',(0.,0.,-1.));
#2493 = PCURVE('',#626,#2494);
#2494 = DEFINITIONAL_REPRESENTATION('',(#2495),#2499);
#2495 = LINE('',#2496,#2497);
#2496 = CARTESIAN_POINT('',(0.,5.3));
#2497 = VECTOR('',#2498,1.);
#2498 = DIRECTION('',(1.,0.));
#2499 = ( GEOMETRIC_REPRESENTATION_CONTEXT(2) 
PARAMETRIC_REPRESENTATION_CONTEXT() REPRESENTATION_CONTEXT('2D SPACE',''
  ) );
#2500 = PCURVE('',#2501,#2506);
#2501 = PLANE('',#2502);
#2502 = AXIS2_PLACEMENT_3D('',#2503,#2504,#2505);
#2503 = CARTESIAN_POINT('',(25.2,0.,0.));
#2504 = DIRECTION('',(-1.,0.,0.));
#2505 = DIRECTION('',(0.,0.,-1.));
#2506 = DEFINITIONAL_REPRESENTATION('',(#2507),#2511);
#2507 = CIRCLE('',#2508,4.4);
#2508 = AXIS2_PLACEMENT_2D('',#2509,#2510);
#2509 = CARTESIAN_POINT('',(0.,0.));
#2510 = DIRECTION('',(1.,0.));
#2511 = ( GEOMETRIC_REPRESENTATION_CONTEXT(2) 
PARAMETRIC_REPRESENTATION_CONTEXT() REPRESENTATION_CONTEXT('2D SPACE',''
  ) );
#2512 = ORIENTED_EDGE('',*,*,#2461,.F.);
#2513 = ORIENTED_EDGE('',*,*,#2514,.T.);
#2514 = EDGE_CURVE('',#2462,#1343,#2515,.T.);
#2515 = SURFACE_CURVE('',#2516,(#2521,#2528),.PCURVE_S1.);
#2516 = CIRCLE('',#2517,4.4);
#2517 = AXIS2_PLACEMENT_3D('',#2518,#2519,#2520);
#2518 = CARTESIAN_POINT('',(28.4,0.,0.));
#2519 = DIRECTION('',(-1.,0.,0.));
#2520 = DIRECTION('',(0.,0.,-1.));
#2521 = PCURVE('',#626,#2522);
#2522 = DEFINITIONAL_REPRESENTATION('',(#2523),#2527);
#2523 = LINE('',#2524,#2525);
#2524 = CARTESIAN_POINT('',(0.,2.1));
#2525 = VECTOR('',#2526,1.);
#2526 = DIRECTION('',(1.,0.));
#2527 = ( GEOMETRIC_REPRESENTATION_CONTEXT(2) 
PARAMETRIC_REPRESENTATION_CONTEXT() REPRESENTATION_CONTEXT('2D SPACE',''
  ) );
#2528 = PCURVE('',#652,#2529);
#2529 = DEFINITIONAL_REPRESENTATION('',(#2530),#2538);
#2530 = ( BOUNDED_CURVE() B_SPLINE_CURVE(2,(#2531,#2532,#2533,#2534,
#2535,#2536,#2537),.UNSPECIFIED.,.T.,.F.) B_SPLINE_CURVE_WITH_KNOTS((1,2
    ,2,2,2,1),(-2.094395102393,0.,2.094395102393,4.188790204786,
6.28318530718,8.377580409573),.UNSPECIFIED.) CURVE() 
GEOMETRIC_REPRESENTATION_ITEM() RATIONAL_B_SPLINE_CURVE((1.,0.5,1.,0.5,
1.,0.5,1.)) REPRESENTATION_ITEM('') );
#2531 = CARTESIAN_POINT('',(-4.4,0.));
#2532 = CARTESIAN_POINT('',(-4.4,7.621023553303));
#2533 = CARTESIAN_POINT('',(2.2,3.810511776652));
#2534 = CARTESIAN_POINT('',(8.8,1.07768918325E-15));
#2535 = CARTESIAN_POINT('',(2.2,-3.810511776652));
#2536 = CARTESIAN_POINT('',(-4.4,-7.621023553303));
#2537 = CARTESIAN_POINT('',(-4.4,0.));
#2538 = ( GEOMETRIC_REPRESENTATION_CONTEXT(2) 
PARAMETRIC_REPRESENTATION_CONTEXT() REPRESENTATION_CONTEXT('2D SPACE',''
  ) );
#2539 = ORIENTED_EDGE('',*,*,#1365,.F.);
#2540 = ORIENTED_EDGE('',*,*,#2541,.T.);
#2541 = EDGE_CURVE('',#951,#610,#2542,.T.);
#2542 = SURFACE_CURVE('',#2543,(#2548,#2555),.PCURVE_S1.);
#2543 = CIRCLE('',#2544,4.4);
#2544 = AXIS2_PLACEMENT_3D('',#2545,#2546,#2547);
#2545 = CARTESIAN_POINT('',(29.427922089588,0.,0.));
#2546 = DIRECTION('',(-1.,0.,0.));
#2547 = DIRECTION('',(0.,0.,-1.));
#2548 = PCURVE('',#626,#2549);
#2549 = DEFINITIONAL_REPRESENTATION('',(#2550),#2554);
#2550 = LINE('',#2551,#2552);
#2551 = CARTESIAN_POINT('',(0.,1.072077910412));
#2552 = VECTOR('',#2553,1.);
#2553 = DIRECTION('',(1.,0.));
#2554 = ( GEOMETRIC_REPRESENTATION_CONTEXT(2) 
PARAMETRIC_REPRESENTATION_CONTEXT() REPRESENTATION_CONTEXT('2D SPACE',''
  ) );
#2555 = PCURVE('',#747,#2556);
#2556 = DEFINITIONAL_REPRESENTATION('',(#2557),#2588);
#2557 = B_SPLINE_CURVE_WITH_KNOTS('',8,(#2558,#2559,#2560,#2561,#2562,
    #2563,#2564,#2565,#2566,#2567,#2568,#2569,#2570,#2571,#2572,#2573,
    #2574,#2575,#2576,#2577,#2578,#2579,#2580,#2581,#2582,#2583,#2584,
    #2585,#2586,#2587),.UNSPECIFIED.,.F.,.F.,(9,7,7,7,9),(1.570796326795
    ,2.356194490192,2.94524311274,3.828816046563,4.712388980385),
  .UNSPECIFIED.);
#2558 = CARTESIAN_POINT('',(3.38041559445,-1.866145673058E-14));
#2559 = CARTESIAN_POINT('',(3.38041559445,2.322413924023E-02));
#2560 = CARTESIAN_POINT('',(3.377883825413,4.64482864099E-02));
#2561 = CARTESIAN_POINT('',(3.37282018611,6.935038586592E-02));
#2562 = CARTESIAN_POINT('',(3.365259557838,9.160857938468E-02));
#2563 = CARTESIAN_POINT('',(3.35527058433,0.112905586232));
#2564 = CARTESIAN_POINT('',(3.34296285031,0.132934294276));
#2565 = CARTESIAN_POINT('',(3.328495503115,0.151405984494));
#2566 = CARTESIAN_POINT('',(3.299769005904,0.180555081286));
#2567 = CARTESIAN_POINT('',(3.286362001933,0.19202655093));
#2568 = CARTESIAN_POINT('',(3.271948711338,0.202368236108));
#2569 = CARTESIAN_POINT('',(3.256634922907,0.211480686034));
#2570 = CARTESIAN_POINT('',(3.240543715702,0.219277060251));
#2571 = CARTESIAN_POINT('',(3.223814239096,0.225685980315));
#2572 = CARTESIAN_POINT('',(3.206598409926,0.230653956082));
#2573 = CARTESIAN_POINT('',(3.162741202104,0.23938753244));
#2574 = CARTESIAN_POINT('',(3.135691000018,0.241309896251));
#2575 = CARTESIAN_POINT('',(3.10844268964,0.239800746358));
#2576 = CARTESIAN_POINT('',(3.081571307166,0.234845304283));
#2577 = CARTESIAN_POINT('',(3.055652354786,0.226539240266));
#2578 = CARTESIAN_POINT('',(3.031201241384,0.215083177174));
#2579 = CARTESIAN_POINT('',(3.008650405782,0.200756616482));
#2580 = CARTESIAN_POINT('',(2.968045988407,0.167038288221));
#2581 = CARTESIAN_POINT('',(2.94999237134,0.147646541817));
#2582 = CARTESIAN_POINT('',(2.934535834202,0.126059874272));
#2583 = CARTESIAN_POINT('',(2.921939842835,0.102674820708));
#2584 = CARTESIAN_POINT('',(2.912382715252,7.792291013403E-02));
#2585 = CARTESIAN_POINT('',(2.905973966882,5.225433617533E-02));
#2586 = CARTESIAN_POINT('',(2.90276971273,2.612715664526E-02));
#2587 = CARTESIAN_POINT('',(2.90276971273,-1.865604313264E-14));
#2588 = ( GEOMETRIC_REPRESENTATION_CONTEXT(2) 
PARAMETRIC_REPRESENTATION_CONTEXT() REPRESENTATION_CONTEXT('2D SPACE',''
  ) );
#2589 = ORIENTED_EDGE('',*,*,#609,.T.);
#2590 = ORIENTED_EDGE('',*,*,#2591,.T.);
#2591 = EDGE_CURVE('',#612,#2462,#2592,.T.);
#2592 = SURFACE_CURVE('',#2593,(#2598,#2605),.PCURVE_S1.);
#2593 = CIRCLE('',#2594,4.4);
#2594 = AXIS2_PLACEMENT_3D('',#2595,#2596,#2597);
#2595 = CARTESIAN_POINT('',(28.4,0.,0.));
#2596 = DIRECTION('',(-1.,0.,0.));
#2597 = DIRECTION('',(0.,0.,-1.));
#2598 = PCURVE('',#626,#2599);
#2599 = DEFINITIONAL_REPRESENTATION('',(#2600),#2604);
#2600 = LINE('',#2601,#2602);
#2601 = CARTESIAN_POINT('',(0.,2.1));
#2602 = VECTOR('',#2603,1.);
#2603 = DIRECTION('',(1.,0.));
#2604 = ( GEOMETRIC_REPRESENTATION_CONTEXT(2) 
PARAMETRIC_REPRESENTATION_CONTEXT() REPRESENTATION_CONTEXT('2D SPACE',''
  ) );
#2605 = PCURVE('',#652,#2606);
#2606 = DEFINITIONAL_REPRESENTATION('',(#2607),#2615);
#2607 = ( BOUNDED_CURVE() B_SPLINE_CURVE(2,(#2608,#2609,#2610,#2611,
#2612,#2613,#2614),.UNSPECIFIED.,.T.,.F.) B_SPLINE_CURVE_WITH_KNOTS((1,2
    ,2,2,2,1),(-2.094395102393,0.,2.094395102393,4.188790204786,
6.28318530718,8.377580409573),.UNSPECIFIED.) CURVE() 
GEOMETRIC_REPRESENTATION_ITEM() RATIONAL_B_SPLINE_CURVE((1.,0.5,1.,0.5,
1.,0.5,1.)) REPRESENTATION_ITEM('') );
#2608 = CARTESIAN_POINT('',(-4.4,0.));
#2609 = CARTESIAN_POINT('',(-4.4,7.621023553303));
#2610 = CARTESIAN_POINT('',(2.2,3.810511776652));
#2611 = CARTESIAN_POINT('',(8.8,1.07768918325E-15));
#2612 = CARTESIAN_POINT('',(2.2,-3.810511776652));
#2613 = CARTESIAN_POINT('',(-4.4,-7.621023553303));
#2614 = CARTESIAN_POINT('',(-4.4,0.));
#2615 = ( GEOMETRIC_REPRESENTATION_CONTEXT(2) 
PARAMETRIC_REPRESENTATION_CONTEXT() REPRESENTATION_CONTEXT('2D SPACE',''
  ) );
#2616 = ADVANCED_FACE('',(#2617),#747,.F.);
#2617 = FACE_BOUND('',#2618,.F.);
#2618 = EDGE_LOOP('',(#2619,#2654,#2678,#2679,#2712,#2713,#2714));
#2619 = ORIENTED_EDGE('',*,*,#2620,.F.);
#2620 = EDGE_CURVE('',#2621,#949,#2623,.T.);
#2621 = VERTEX_POINT('',#2622);
#2622 = CARTESIAN_POINT('',(65.572077910412,-1.674346645068E-15,
    4.399999999999));
#2623 = SURFACE_CURVE('',#2624,(#2629,#2647),.PCURVE_S1.);
#2624 = CIRCLE('',#2625,4.4);
#2625 = AXIS2_PLACEMENT_3D('',#2626,#2627,#2628);
#2626 = CARTESIAN_POINT('',(65.572077910412,0.,0.));
#2627 = DIRECTION('',(1.,0.,0.));
#2628 = DIRECTION('',(-0.,0.,1.));
#2629 = PCURVE('',#747,#2630);
#2630 = DEFINITIONAL_REPRESENTATION('',(#2631),#2646);
#2631 = B_SPLINE_CURVE_WITH_KNOTS('',7,(#2632,#2633,#2634,#2635,#2636,
    #2637,#2638,#2639,#2640,#2641,#2642,#2643,#2644,#2645),
  .UNSPECIFIED.,.F.,.F.,(8,6,8),(0.,0.785398163397,1.570796326795),
  .UNSPECIFIED.);
#2632 = CARTESIAN_POINT('',(6.28318530718,0.23882294086));
#2633 = CARTESIAN_POINT('',(6.255868091749,0.23882294086));
#2634 = CARTESIAN_POINT('',(6.228550931121,0.235247117771));
#2635 = CARTESIAN_POINT('',(6.201861660212,0.228095543872));
#2636 = CARTESIAN_POINT('',(6.17643026855,0.217497785113));
#2637 = CARTESIAN_POINT('',(6.152815052832,0.203714801266));
#2638 = CARTESIAN_POINT('',(6.131457760362,0.187098756076));
#2639 = CARTESIAN_POINT('',(6.093937437474,0.149026466388));
#2640 = CARTESIAN_POINT('',(6.077774334787,0.127570236905));
#2641 = CARTESIAN_POINT('',(6.064547201432,0.104106795828));
#2642 = CARTESIAN_POINT('',(6.054489604433,7.911036294102E-02));
#2643 = CARTESIAN_POINT('',(6.04773805837,5.308375740739E-02));
#2644 = CARTESIAN_POINT('',(6.04436236632,2.654187341741E-02));
#2645 = CARTESIAN_POINT('',(6.04436236632,-1.863248659124E-14));
#2646 = ( GEOMETRIC_REPRESENTATION_CONTEXT(2) 
PARAMETRIC_REPRESENTATION_CONTEXT() REPRESENTATION_CONTEXT('2D SPACE',''
  ) );
#2647 = PCURVE('',#721,#2648);
#2648 = DEFINITIONAL_REPRESENTATION('',(#2649),#2653);
#2649 = LINE('',#2650,#2651);
#2650 = CARTESIAN_POINT('',(0.,1.072077910412));
#2651 = VECTOR('',#2652,1.);
#2652 = DIRECTION('',(1.,0.));
#2653 = ( GEOMETRIC_REPRESENTATION_CONTEXT(2) 
PARAMETRIC_REPRESENTATION_CONTEXT() REPRESENTATION_CONTEXT('2D SPACE',''
  ) );
#2654 = ORIENTED_EDGE('',*,*,#2655,.T.);
#2655 = EDGE_CURVE('',#2621,#2656,#2658,.T.);
#2656 = VERTEX_POINT('',#2657);
#2657 = CARTESIAN_POINT('',(47.5,0.,18.6));
#2658 = SEAM_CURVE('',#2659,(#2664,#2671),.PCURVE_S1.);
#2659 = CIRCLE('',#2660,18.6);
#2660 = AXIS2_PLACEMENT_3D('',#2661,#2662,#2663);
#2661 = CARTESIAN_POINT('',(47.5,0.,0.));
#2662 = DIRECTION('',(-2.449293598295E-16,-1.,0.));
#2663 = DIRECTION('',(1.,-2.449293598295E-16,0.));
#2664 = PCURVE('',#747,#2665);
#2665 = DEFINITIONAL_REPRESENTATION('',(#2666),#2670);
#2666 = LINE('',#2667,#2668);
#2667 = CARTESIAN_POINT('',(0.,-6.28318530718));
#2668 = VECTOR('',#2669,1.);
#2669 = DIRECTION('',(0.,1.));
#2670 = ( GEOMETRIC_REPRESENTATION_CONTEXT(2) 
PARAMETRIC_REPRESENTATION_CONTEXT() REPRESENTATION_CONTEXT('2D SPACE',''
  ) );
#2671 = PCURVE('',#747,#2672);
#2672 = DEFINITIONAL_REPRESENTATION('',(#2673),#2677);
#2673 = LINE('',#2674,#2675);
#2674 = CARTESIAN_POINT('',(6.28318530718,-6.28318530718));
#2675 = VECTOR('',#2676,1.);
#2676 = DIRECTION('',(0.,1.));
#2677 = ( GEOMETRIC_REPRESENTATION_CONTEXT(2) 
PARAMETRIC_REPRESENTATION_CONTEXT() REPRESENTATION_CONTEXT('2D SPACE',''
  ) );
#2678 = ORIENTED_EDGE('',*,*,#2655,.F.);
#2679 = ORIENTED_EDGE('',*,*,#2680,.F.);
#2680 = EDGE_CURVE('',#707,#2621,#2681,.T.);
#2681 = SURFACE_CURVE('',#2682,(#2687,#2705),.PCURVE_S1.);
#2682 = CIRCLE('',#2683,4.4);
#2683 = AXIS2_PLACEMENT_3D('',#2684,#2685,#2686);
#2684 = CARTESIAN_POINT('',(65.572077910412,0.,0.));
#2685 = DIRECTION('',(1.,0.,0.));
#2686 = DIRECTION('',(-0.,0.,1.));
#2687 = PCURVE('',#747,#2688);
#2688 = DEFINITIONAL_REPRESENTATION('',(#2689),#2704);
#2689 = B_SPLINE_CURVE_WITH_KNOTS('',7,(#2690,#2691,#2692,#2693,#2694,
    #2695,#2696,#2697,#2698,#2699,#2700,#2701,#2702,#2703),
  .UNSPECIFIED.,.F.,.F.,(8,6,8),(4.712388980385,5.497787143782,
    6.28318530718),.UNSPECIFIED.);
#2690 = CARTESIAN_POINT('',(0.23882294086,-1.874295355065E-14));
#2691 = CARTESIAN_POINT('',(0.23882294086,2.654187341741E-02));
#2692 = CARTESIAN_POINT('',(0.23544724881,5.308375740736E-02));
#2693 = CARTESIAN_POINT('',(0.228695702747,7.911036294107E-02));
#2694 = CARTESIAN_POINT('',(0.218638105748,0.104106795828));
#2695 = CARTESIAN_POINT('',(0.205410972392,0.127570236905));
#2696 = CARTESIAN_POINT('',(0.189247869706,0.149026466388));
#2697 = CARTESIAN_POINT('',(0.151727546817,0.187098756076));
#2698 = CARTESIAN_POINT('',(0.130370254348,0.203714801266));
#2699 = CARTESIAN_POINT('',(0.106755038629,0.217497785113));
#2700 = CARTESIAN_POINT('',(8.132364696771E-02,0.228095543872));
#2701 = CARTESIAN_POINT('',(5.463437605875E-02,0.235247117771));
#2702 = CARTESIAN_POINT('',(2.731721543098E-02,0.23882294086));
#2703 = CARTESIAN_POINT('',(5.96328318521E-17,0.23882294086));
#2704 = ( GEOMETRIC_REPRESENTATION_CONTEXT(2) 
PARAMETRIC_REPRESENTATION_CONTEXT() REPRESENTATION_CONTEXT('2D SPACE',''
  ) );
#2705 = PCURVE('',#721,#2706);
#2706 = DEFINITIONAL_REPRESENTATION('',(#2707),#2711);
#2707 = LINE('',#2708,#2709);
#2708 = CARTESIAN_POINT('',(0.,1.072077910412));
#2709 = VECTOR('',#2710,1.);
#2710 = DIRECTION('',(1.,0.));
#2711 = ( GEOMETRIC_REPRESENTATION_CONTEXT(2) 
PARAMETRIC_REPRESENTATION_CONTEXT() REPRESENTATION_CONTEXT('2D SPACE',''
  ) );
#2712 = ORIENTED_EDGE('',*,*,#732,.F.);
#2713 = ORIENTED_EDGE('',*,*,#2541,.F.);
#2714 = ORIENTED_EDGE('',*,*,#948,.F.);
#2715 = ADVANCED_FACE('',(#2716),#721,.F.);
#2716 = FACE_BOUND('',#2717,.F.);
#2717 = EDGE_LOOP('',(#2718,#2741,#2768,#2769,#2770,#2771,#2772,#2773));
#2718 = ORIENTED_EDGE('',*,*,#2719,.T.);
#2719 = EDGE_CURVE('',#2621,#2720,#2722,.T.);
#2720 = VERTEX_POINT('',#2721);
#2721 = CARTESIAN_POINT('',(69.8,1.07768918325E-15,4.4));
#2722 = SEAM_CURVE('',#2723,(#2727,#2734),.PCURVE_S1.);
#2723 = LINE('',#2724,#2725);
#2724 = CARTESIAN_POINT('',(64.5,1.07768918325E-15,4.4));
#2725 = VECTOR('',#2726,1.);
#2726 = DIRECTION('',(1.,0.,0.));
#2727 = PCURVE('',#721,#2728);
#2728 = DEFINITIONAL_REPRESENTATION('',(#2729),#2733);
#2729 = LINE('',#2730,#2731);
#2730 = CARTESIAN_POINT('',(6.28318530718,-0.));
#2731 = VECTOR('',#2732,1.);
#2732 = DIRECTION('',(0.,1.));
#2733 = ( GEOMETRIC_REPRESENTATION_CONTEXT(2) 
PARAMETRIC_REPRESENTATION_CONTEXT() REPRESENTATION_CONTEXT('2D SPACE',''
  ) );
#2734 = PCURVE('',#721,#2735);
#2735 = DEFINITIONAL_REPRESENTATION('',(#2736),#2740);
#2736 = LINE('',#2737,#2738);
#2737 = CARTESIAN_POINT('',(0.,-0.));
#2738 = VECTOR('',#2739,1.);
#2739 = DIRECTION('',(0.,1.));
#2740 = ( GEOMETRIC_REPRESENTATION_CONTEXT(2) 
PARAMETRIC_REPRESENTATION_CONTEXT() REPRESENTATION_CONTEXT('2D SPACE',''
  ) );
#2741 = ORIENTED_EDGE('',*,*,#2742,.F.);
#2742 = EDGE_CURVE('',#2720,#2720,#2743,.T.);
#2743 = SURFACE_CURVE('',#2744,(#2749,#2756),.PCURVE_S1.);
#2744 = CIRCLE('',#2745,4.4);
#2745 = AXIS2_PLACEMENT_3D('',#2746,#2747,#2748);
#2746 = CARTESIAN_POINT('',(69.8,0.,0.));
#2747 = DIRECTION('',(1.,0.,0.));
#2748 = DIRECTION('',(-0.,0.,1.));
#2749 = PCURVE('',#721,#2750);
#2750 = DEFINITIONAL_REPRESENTATION('',(#2751),#2755);
#2751 = LINE('',#2752,#2753);
#2752 = CARTESIAN_POINT('',(0.,5.3));
#2753 = VECTOR('',#2754,1.);
#2754 = DIRECTION('',(1.,0.));
#2755 = ( GEOMETRIC_REPRESENTATION_CONTEXT(2) 
PARAMETRIC_REPRESENTATION_CONTEXT() REPRESENTATION_CONTEXT('2D SPACE',''
  ) );
#2756 = PCURVE('',#2757,#2762);
#2757 = PLANE('',#2758);
#2758 = AXIS2_PLACEMENT_3D('',#2759,#2760,#2761);
#2759 = CARTESIAN_POINT('',(69.8,0.,0.));
#2760 = DIRECTION('',(1.,0.,0.));
#2761 = DIRECTION('',(-0.,0.,1.));
#2762 = DEFINITIONAL_REPRESENTATION('',(#2763),#2767);
#2763 = CIRCLE('',#2764,4.4);
#2764 = AXIS2_PLACEMENT_2D('',#2765,#2766);
#2765 = CARTESIAN_POINT('',(0.,0.));
#2766 = DIRECTION('',(1.,0.));
#2767 = ( GEOMETRIC_REPRESENTATION_CONTEXT(2) 
PARAMETRIC_REPRESENTATION_CONTEXT() REPRESENTATION_CONTEXT('2D SPACE',''
  ) );
#2768 = ORIENTED_EDGE('',*,*,#2719,.F.);
#2769 = ORIENTED_EDGE('',*,*,#2620,.T.);
#2770 = ORIENTED_EDGE('',*,*,#1106,.T.);
#2771 = ORIENTED_EDGE('',*,*,#2398,.T.);
#2772 = ORIENTED_EDGE('',*,*,#706,.F.);
#2773 = ORIENTED_EDGE('',*,*,#2680,.T.);
#2774 = ADVANCED_FACE('',(#2775),#652,.T.);
#2775 = FACE_BOUND('',#2776,.T.);
#2776 = EDGE_LOOP('',(#2777,#2778,#2779,#2801,#2830,#2850,#2851,#2852,
    #2853));
#2777 = ORIENTED_EDGE('',*,*,#1342,.T.);
#2778 = ORIENTED_EDGE('',*,*,#824,.T.);
#2779 = ORIENTED_EDGE('',*,*,#2780,.T.);
#2780 = EDGE_CURVE('',#799,#2781,#2783,.T.);
#2781 = VERTEX_POINT('',#2782);
#2782 = CARTESIAN_POINT('',(28.4,0.976590632418,-13.96589670363));
#2783 = SURFACE_CURVE('',#2784,(#2788,#2795),.PCURVE_S1.);
#2784 = LINE('',#2785,#2786);
#2785 = CARTESIAN_POINT('',(28.4,0.583550156447,-8.345156031397));
#2786 = VECTOR('',#2787,1.);
#2787 = DIRECTION('',(0.,6.975647374413E-02,-0.99756405026));
#2788 = PCURVE('',#652,#2789);
#2789 = DEFINITIONAL_REPRESENTATION('',(#2790),#2794);
#2790 = LINE('',#2791,#2792);
#2791 = CARTESIAN_POINT('',(-8.345156031397,-0.583550156447));
#2792 = VECTOR('',#2793,1.);
#2793 = DIRECTION('',(-0.99756405026,-6.975647374413E-02));
#2794 = ( GEOMETRIC_REPRESENTATION_CONTEXT(2) 
PARAMETRIC_REPRESENTATION_CONTEXT() REPRESENTATION_CONTEXT('2D SPACE',''
  ) );
#2795 = PCURVE('',#813,#2796);
#2796 = DEFINITIONAL_REPRESENTATION('',(#2797),#2800);
#2797 = B_SPLINE_CURVE_WITH_KNOTS('',1,(#2798,#2799),.UNSPECIFIED.,.F.,
  .F.,(2,2),(-8.365534051897,5.668652521239),.PIECEWISE_BEZIER_KNOTS.);
#2798 = CARTESIAN_POINT('',(16.731068103794,-5.8));
#2799 = CARTESIAN_POINT('',(2.696881530658,-5.8));
#2800 = ( GEOMETRIC_REPRESENTATION_CONTEXT(2) 
PARAMETRIC_REPRESENTATION_CONTEXT() REPRESENTATION_CONTEXT('2D SPACE',''
  ) );
#2801 = ORIENTED_EDGE('',*,*,#2802,.T.);
#2802 = EDGE_CURVE('',#2781,#2803,#2805,.T.);
#2803 = VERTEX_POINT('',#2804);
#2804 = CARTESIAN_POINT('',(28.4,8.228993532095,-11.32623792124));
#2805 = SURFACE_CURVE('',#2806,(#2811,#2818),.PCURVE_S1.);
#2806 = CIRCLE('',#2807,14.);
#2807 = AXIS2_PLACEMENT_3D('',#2808,#2809,#2810);
#2808 = CARTESIAN_POINT('',(28.4,0.,0.));
#2809 = DIRECTION('',(1.,0.,0.));
#2810 = DIRECTION('',(-0.,0.,1.));
#2811 = PCURVE('',#652,#2812);
#2812 = DEFINITIONAL_REPRESENTATION('',(#2813),#2817);
#2813 = CIRCLE('',#2814,14.);
#2814 = AXIS2_PLACEMENT_2D('',#2815,#2816);
#2815 = CARTESIAN_POINT('',(0.,0.));
#2816 = DIRECTION('',(1.,0.));
#2817 = ( GEOMETRIC_REPRESENTATION_CONTEXT(2) 
PARAMETRIC_REPRESENTATION_CONTEXT() REPRESENTATION_CONTEXT('2D SPACE',''
  ) );
#2818 = PCURVE('',#2819,#2824);
#2819 = CYLINDRICAL_SURFACE('',#2820,14.);
#2820 = AXIS2_PLACEMENT_3D('',#2821,#2822,#2823);
#2821 = CARTESIAN_POINT('',(23.6,0.,0.));
#2822 = DIRECTION('',(1.,0.,0.));
#2823 = DIRECTION('',(-0.,0.,1.));
#2824 = DEFINITIONAL_REPRESENTATION('',(#2825),#2829);
#2825 = LINE('',#2826,#2827);
#2826 = CARTESIAN_POINT('',(0.,4.8));
#2827 = VECTOR('',#2828,1.);
#2828 = DIRECTION('',(1.,0.));
#2829 = ( GEOMETRIC_REPRESENTATION_CONTEXT(2) 
PARAMETRIC_REPRESENTATION_CONTEXT() REPRESENTATION_CONTEXT('2D SPACE',''
  ) );
#2830 = ORIENTED_EDGE('',*,*,#2831,.T.);
#2831 = EDGE_CURVE('',#2803,#870,#2832,.T.);
#2832 = SURFACE_CURVE('',#2833,(#2837,#2844),.PCURVE_S1.);
#2833 = LINE('',#2834,#2835);
#2834 = CARTESIAN_POINT('',(28.4,0.,0.));
#2835 = VECTOR('',#2836,1.);
#2836 = DIRECTION('',(0.,-0.587785252292,0.809016994375));
#2837 = PCURVE('',#652,#2838);
#2838 = DEFINITIONAL_REPRESENTATION('',(#2839),#2843);
#2839 = LINE('',#2840,#2841);
#2840 = CARTESIAN_POINT('',(0.,0.));
#2841 = VECTOR('',#2842,1.);
#2842 = DIRECTION('',(0.809016994375,0.587785252292));
#2843 = ( GEOMETRIC_REPRESENTATION_CONTEXT(2) 
PARAMETRIC_REPRESENTATION_CONTEXT() REPRESENTATION_CONTEXT('2D SPACE',''
  ) );
#2844 = PCURVE('',#907,#2845);
#2845 = DEFINITIONAL_REPRESENTATION('',(#2846),#2849);
#2846 = B_SPLINE_CURVE_WITH_KNOTS('',1,(#2847,#2848),.UNSPECIFIED.,.F.,
  .F.,(2,2),(-16.73106810379,-0.),.PIECEWISE_BEZIER_KNOTS.);
#2847 = CARTESIAN_POINT('',(16.731068103794,-5.8));
#2848 = CARTESIAN_POINT('',(0.,-5.8));
#2849 = ( GEOMETRIC_REPRESENTATION_CONTEXT(2) 
PARAMETRIC_REPRESENTATION_CONTEXT() REPRESENTATION_CONTEXT('2D SPACE',''
  ) );
#2850 = ORIENTED_EDGE('',*,*,#869,.T.);
#2851 = ORIENTED_EDGE('',*,*,#637,.T.);
#2852 = ORIENTED_EDGE('',*,*,#2591,.T.);
#2853 = ORIENTED_EDGE('',*,*,#2514,.T.);
#2854 = ADVANCED_FACE('',(#2855),#813,.T.);
#2855 = FACE_BOUND('',#2856,.T.);
#2856 = EDGE_LOOP('',(#2857,#2858,#2880,#2907,#2926));
#2857 = ORIENTED_EDGE('',*,*,#796,.F.);
#2858 = ORIENTED_EDGE('',*,*,#2859,.T.);
#2859 = EDGE_CURVE('',#797,#2860,#2862,.T.);
#2860 = VERTEX_POINT('',#2861);
#2861 = CARTESIAN_POINT('',(23.6,0.592930026825,-8.479294427208));
#2862 = SURFACE_CURVE('',#2863,(#2867,#2873),.PCURVE_S1.);
#2863 = LINE('',#2864,#2865);
#2864 = CARTESIAN_POINT('',(23.6,0.583550156447,-8.345156031397));
#2865 = VECTOR('',#2866,1.);
#2866 = DIRECTION('',(0.,6.975647374413E-02,-0.99756405026));
#2867 = PCURVE('',#813,#2868);
#2868 = DEFINITIONAL_REPRESENTATION('',(#2869),#2872);
#2869 = B_SPLINE_CURVE_WITH_KNOTS('',1,(#2870,#2871),.UNSPECIFIED.,.F.,
  .F.,(2,2),(-8.365534051897,5.668652521239),.PIECEWISE_BEZIER_KNOTS.);
#2870 = CARTESIAN_POINT('',(16.731068103794,-1.));
#2871 = CARTESIAN_POINT('',(2.696881530658,-1.));
#2872 = ( GEOMETRIC_REPRESENTATION_CONTEXT(2) 
PARAMETRIC_REPRESENTATION_CONTEXT() REPRESENTATION_CONTEXT('2D SPACE',''
  ) );
#2873 = PCURVE('',#933,#2874);
#2874 = DEFINITIONAL_REPRESENTATION('',(#2875),#2879);
#2875 = LINE('',#2876,#2877);
#2876 = CARTESIAN_POINT('',(-8.345156031397,-0.583550156447));
#2877 = VECTOR('',#2878,1.);
#2878 = DIRECTION('',(-0.99756405026,-6.975647374413E-02));
#2879 = ( GEOMETRIC_REPRESENTATION_CONTEXT(2) 
PARAMETRIC_REPRESENTATION_CONTEXT() REPRESENTATION_CONTEXT('2D SPACE',''
  ) );
#2880 = ORIENTED_EDGE('',*,*,#2881,.T.);
#2881 = EDGE_CURVE('',#2860,#2882,#2884,.T.);
#2882 = VERTEX_POINT('',#2883);
#2883 = CARTESIAN_POINT('',(23.6,0.976590632418,-13.96589670363));
#2884 = SURFACE_CURVE('',#2885,(#2889,#2895),.PCURVE_S1.);
#2885 = LINE('',#2886,#2887);
#2886 = CARTESIAN_POINT('',(23.6,0.583550156447,-8.345156031397));
#2887 = VECTOR('',#2888,1.);
#2888 = DIRECTION('',(0.,6.975647374413E-02,-0.99756405026));
#2889 = PCURVE('',#813,#2890);
#2890 = DEFINITIONAL_REPRESENTATION('',(#2891),#2894);
#2891 = B_SPLINE_CURVE_WITH_KNOTS('',1,(#2892,#2893),.UNSPECIFIED.,.F.,
  .F.,(2,2),(-8.365534051897,5.668652521239),.PIECEWISE_BEZIER_KNOTS.);
#2892 = CARTESIAN_POINT('',(16.731068103794,-1.));
#2893 = CARTESIAN_POINT('',(2.696881530658,-1.));
#2894 = ( GEOMETRIC_REPRESENTATION_CONTEXT(2) 
PARAMETRIC_REPRESENTATION_CONTEXT() REPRESENTATION_CONTEXT('2D SPACE',''
  ) );
#2895 = PCURVE('',#2896,#2901);
#2896 = PLANE('',#2897);
#2897 = AXIS2_PLACEMENT_3D('',#2898,#2899,#2900);
#2898 = CARTESIAN_POINT('',(23.6,0.,0.));
#2899 = DIRECTION('',(1.,0.,0.));
#2900 = DIRECTION('',(-0.,0.,1.));
#2901 = DEFINITIONAL_REPRESENTATION('',(#2902),#2906);
#2902 = LINE('',#2903,#2904);
#2903 = CARTESIAN_POINT('',(-8.345156031397,-0.583550156447));
#2904 = VECTOR('',#2905,1.);
#2905 = DIRECTION('',(-0.99756405026,-6.975647374413E-02));
#2906 = ( GEOMETRIC_REPRESENTATION_CONTEXT(2) 
PARAMETRIC_REPRESENTATION_CONTEXT() REPRESENTATION_CONTEXT('2D SPACE',''
  ) );
#2907 = ORIENTED_EDGE('',*,*,#2908,.T.);
#2908 = EDGE_CURVE('',#2882,#2781,#2909,.T.);
#2909 = SURFACE_CURVE('',#2910,(#2914,#2920),.PCURVE_S1.);
#2910 = LINE('',#2911,#2912);
#2911 = CARTESIAN_POINT('',(23.6,0.976590632418,-13.96589670363));
#2912 = VECTOR('',#2913,1.);
#2913 = DIRECTION('',(1.,0.,0.));
#2914 = PCURVE('',#813,#2915);
#2915 = DEFINITIONAL_REPRESENTATION('',(#2916),#2919);
#2916 = B_SPLINE_CURVE_WITH_KNOTS('',1,(#2917,#2918),.UNSPECIFIED.,.F.,
  .F.,(2,2),(-5.999999999062E-07,4.8000006),.PIECEWISE_BEZIER_KNOTS.);
#2917 = CARTESIAN_POINT('',(2.731068103794,-0.9999994));
#2918 = CARTESIAN_POINT('',(2.731068103794,-5.8000006));
#2919 = ( GEOMETRIC_REPRESENTATION_CONTEXT(2) 
PARAMETRIC_REPRESENTATION_CONTEXT() REPRESENTATION_CONTEXT('2D SPACE',''
  ) );
#2920 = PCURVE('',#2819,#2921);
#2921 = DEFINITIONAL_REPRESENTATION('',(#2922),#2925);
#2922 = B_SPLINE_CURVE_WITH_KNOTS('',1,(#2923,#2924),.UNSPECIFIED.,.F.,
  .F.,(2,2),(-5.999999999062E-07,4.8000006),.PIECEWISE_BEZIER_KNOTS.);
#2923 = CARTESIAN_POINT('',(3.21140582367,-5.999999999062E-07));
#2924 = CARTESIAN_POINT('',(3.21140582367,4.8000006));
#2925 = ( GEOMETRIC_REPRESENTATION_CONTEXT(2) 
PARAMETRIC_REPRESENTATION_CONTEXT() REPRESENTATION_CONTEXT('2D SPACE',''
  ) );
#2926 = ORIENTED_EDGE('',*,*,#2780,.F.);
#2927 = ADVANCED_FACE('',(#2928),#907,.T.);
#2928 = FACE_BOUND('',#2929,.T.);
#2929 = EDGE_LOOP('',(#2930,#2951,#2973,#2993,#2994));
#2930 = ORIENTED_EDGE('',*,*,#2931,.F.);
#2931 = EDGE_CURVE('',#2932,#2803,#2934,.T.);
#2932 = VERTEX_POINT('',#2933);
#2933 = CARTESIAN_POINT('',(23.6,8.228993532095,-11.32623792124));
#2934 = SURFACE_CURVE('',#2935,(#2939,#2945),.PCURVE_S1.);
#2935 = LINE('',#2936,#2937);
#2936 = CARTESIAN_POINT('',(23.6,8.228993532095,-11.32623792124));
#2937 = VECTOR('',#2938,1.);
#2938 = DIRECTION('',(1.,0.,0.));
#2939 = PCURVE('',#907,#2940);
#2940 = DEFINITIONAL_REPRESENTATION('',(#2941),#2944);
#2941 = B_SPLINE_CURVE_WITH_KNOTS('',1,(#2942,#2943),.UNSPECIFIED.,.F.,
  .F.,(2,2),(-5.999999999062E-07,4.8000006),.PIECEWISE_BEZIER_KNOTS.);
#2942 = CARTESIAN_POINT('',(14.,-0.9999994));
#2943 = CARTESIAN_POINT('',(14.,-5.8000006));
#2944 = ( GEOMETRIC_REPRESENTATION_CONTEXT(2) 
PARAMETRIC_REPRESENTATION_CONTEXT() REPRESENTATION_CONTEXT('2D SPACE',''
  ) );
#2945 = PCURVE('',#2819,#2946);
#2946 = DEFINITIONAL_REPRESENTATION('',(#2947),#2950);
#2947 = B_SPLINE_CURVE_WITH_KNOTS('',1,(#2948,#2949),.UNSPECIFIED.,.F.,
  .F.,(2,2),(-5.999999999062E-07,4.8000006),.PIECEWISE_BEZIER_KNOTS.);
#2948 = CARTESIAN_POINT('',(3.769911184308,-5.999999999062E-07));
#2949 = CARTESIAN_POINT('',(3.769911184308,4.8000006));
#2950 = ( GEOMETRIC_REPRESENTATION_CONTEXT(2) 
PARAMETRIC_REPRESENTATION_CONTEXT() REPRESENTATION_CONTEXT('2D SPACE',''
  ) );
#2951 = ORIENTED_EDGE('',*,*,#2952,.T.);
#2952 = EDGE_CURVE('',#2932,#2953,#2955,.T.);
#2953 = VERTEX_POINT('',#2954);
#2954 = CARTESIAN_POINT('',(23.6,4.996174644486,-6.876644452187));
#2955 = SURFACE_CURVE('',#2956,(#2960,#2966),.PCURVE_S1.);
#2956 = LINE('',#2957,#2958);
#2957 = CARTESIAN_POINT('',(23.6,0.,0.));
#2958 = VECTOR('',#2959,1.);
#2959 = DIRECTION('',(0.,-0.587785252292,0.809016994375));
#2960 = PCURVE('',#907,#2961);
#2961 = DEFINITIONAL_REPRESENTATION('',(#2962),#2965);
#2962 = B_SPLINE_CURVE_WITH_KNOTS('',1,(#2963,#2964),.UNSPECIFIED.,.F.,
  .F.,(2,2),(-16.73106810379,-0.),.PIECEWISE_BEZIER_KNOTS.);
#2963 = CARTESIAN_POINT('',(16.731068103794,-1.));
#2964 = CARTESIAN_POINT('',(0.,-1.));
#2965 = ( GEOMETRIC_REPRESENTATION_CONTEXT(2) 
PARAMETRIC_REPRESENTATION_CONTEXT() REPRESENTATION_CONTEXT('2D SPACE',''
  ) );
#2966 = PCURVE('',#2896,#2967);
#2967 = DEFINITIONAL_REPRESENTATION('',(#2968),#2972);
#2968 = LINE('',#2969,#2970);
#2969 = CARTESIAN_POINT('',(0.,0.));
#2970 = VECTOR('',#2971,1.);
#2971 = DIRECTION('',(0.809016994375,0.587785252292));
#2972 = ( GEOMETRIC_REPRESENTATION_CONTEXT(2) 
PARAMETRIC_REPRESENTATION_CONTEXT() REPRESENTATION_CONTEXT('2D SPACE',''
  ) );
#2973 = ORIENTED_EDGE('',*,*,#2974,.T.);
#2974 = EDGE_CURVE('',#2953,#893,#2975,.T.);
#2975 = SURFACE_CURVE('',#2976,(#2980,#2986),.PCURVE_S1.);
#2976 = LINE('',#2977,#2978);
#2977 = CARTESIAN_POINT('',(23.6,0.,0.));
#2978 = VECTOR('',#2979,1.);
#2979 = DIRECTION('',(0.,-0.587785252292,0.809016994375));
#2980 = PCURVE('',#907,#2981);
#2981 = DEFINITIONAL_REPRESENTATION('',(#2982),#2985);
#2982 = B_SPLINE_CURVE_WITH_KNOTS('',1,(#2983,#2984),.UNSPECIFIED.,.F.,
  .F.,(2,2),(-16.73106810379,-0.),.PIECEWISE_BEZIER_KNOTS.);
#2983 = CARTESIAN_POINT('',(16.731068103794,-1.));
#2984 = CARTESIAN_POINT('',(0.,-1.));
#2985 = ( GEOMETRIC_REPRESENTATION_CONTEXT(2) 
PARAMETRIC_REPRESENTATION_CONTEXT() REPRESENTATION_CONTEXT('2D SPACE',''
  ) );
#2986 = PCURVE('',#933,#2987);
#2987 = DEFINITIONAL_REPRESENTATION('',(#2988),#2992);
#2988 = LINE('',#2989,#2990);
#2989 = CARTESIAN_POINT('',(0.,0.));
#2990 = VECTOR('',#2991,1.);
#2991 = DIRECTION('',(0.809016994375,0.587785252292));
#2992 = ( GEOMETRIC_REPRESENTATION_CONTEXT(2) 
PARAMETRIC_REPRESENTATION_CONTEXT() REPRESENTATION_CONTEXT('2D SPACE',''
  ) );
#2993 = ORIENTED_EDGE('',*,*,#892,.T.);
#2994 = ORIENTED_EDGE('',*,*,#2831,.F.);
#2995 = ADVANCED_FACE('',(#2996,#3028),#933,.F.);
#2996 = FACE_BOUND('',#2997,.F.);
#2997 = EDGE_LOOP('',(#2998,#2999,#3000,#3027));
#2998 = ORIENTED_EDGE('',*,*,#918,.T.);
#2999 = ORIENTED_EDGE('',*,*,#2859,.T.);
#3000 = ORIENTED_EDGE('',*,*,#3001,.T.);
#3001 = EDGE_CURVE('',#2860,#2953,#3002,.T.);
#3002 = SURFACE_CURVE('',#3003,(#3008,#3015),.PCURVE_S1.);
#3003 = CIRCLE('',#3004,8.5);
#3004 = AXIS2_PLACEMENT_3D('',#3005,#3006,#3007);
#3005 = CARTESIAN_POINT('',(23.6,0.,0.));
#3006 = DIRECTION('',(1.,0.,0.));
#3007 = DIRECTION('',(-0.,0.,1.));
#3008 = PCURVE('',#933,#3009);
#3009 = DEFINITIONAL_REPRESENTATION('',(#3010),#3014);
#3010 = CIRCLE('',#3011,8.5);
#3011 = AXIS2_PLACEMENT_2D('',#3012,#3013);
#3012 = CARTESIAN_POINT('',(0.,0.));
#3013 = DIRECTION('',(1.,0.));
#3014 = ( GEOMETRIC_REPRESENTATION_CONTEXT(2) 
PARAMETRIC_REPRESENTATION_CONTEXT() REPRESENTATION_CONTEXT('2D SPACE',''
  ) );
#3015 = PCURVE('',#3016,#3021);
#3016 = CYLINDRICAL_SURFACE('',#3017,8.5);
#3017 = AXIS2_PLACEMENT_3D('',#3018,#3019,#3020);
#3018 = CARTESIAN_POINT('',(18.3,0.,0.));
#3019 = DIRECTION('',(1.,0.,0.));
#3020 = DIRECTION('',(-0.,0.,1.));
#3021 = DEFINITIONAL_REPRESENTATION('',(#3022),#3026);
#3022 = LINE('',#3023,#3024);
#3023 = CARTESIAN_POINT('',(0.,5.3));
#3024 = VECTOR('',#3025,1.);
#3025 = DIRECTION('',(1.,0.));
#3026 = ( GEOMETRIC_REPRESENTATION_CONTEXT(2) 
PARAMETRIC_REPRESENTATION_CONTEXT() REPRESENTATION_CONTEXT('2D SPACE',''
  ) );
#3027 = ORIENTED_EDGE('',*,*,#2974,.T.);
#3028 = FACE_BOUND('',#3029,.F.);
#3029 = EDGE_LOOP('',(#3030));
#3030 = ORIENTED_EDGE('',*,*,#3031,.T.);
#3031 = EDGE_CURVE('',#3032,#3032,#3034,.T.);
#3032 = VERTEX_POINT('',#3033);
#3033 = CARTESIAN_POINT('',(23.6,5.265981236334E-16,-2.15));
#3034 = SURFACE_CURVE('',#3035,(#3040,#3051),.PCURVE_S1.);
#3035 = CIRCLE('',#3036,2.15);
#3036 = AXIS2_PLACEMENT_3D('',#3037,#3038,#3039);
#3037 = CARTESIAN_POINT('',(23.6,0.,0.));
#3038 = DIRECTION('',(-1.,0.,0.));
#3039 = DIRECTION('',(0.,0.,-1.));
#3040 = PCURVE('',#933,#3041);
#3041 = DEFINITIONAL_REPRESENTATION('',(#3042),#3050);
#3042 = ( BOUNDED_CURVE() B_SPLINE_CURVE(2,(#3043,#3044,#3045,#3046,
#3047,#3048,#3049),.UNSPECIFIED.,.T.,.F.) B_SPLINE_CURVE_WITH_KNOTS((1,2
    ,2,2,2,1),(-2.094395102393,0.,2.094395102393,4.188790204786,
6.28318530718,8.377580409573),.UNSPECIFIED.) CURVE() 
GEOMETRIC_REPRESENTATION_ITEM() RATIONAL_B_SPLINE_CURVE((1.,0.5,1.,0.5,
1.,0.5,1.)) REPRESENTATION_ITEM('') );
#3043 = CARTESIAN_POINT('',(-2.15,0.));
#3044 = CARTESIAN_POINT('',(-2.15,3.723909236273));
#3045 = CARTESIAN_POINT('',(1.075,1.861954618137));
#3046 = CARTESIAN_POINT('',(4.3,5.265981236334E-16));
#3047 = CARTESIAN_POINT('',(1.075,-1.861954618137));
#3048 = CARTESIAN_POINT('',(-2.15,-3.723909236273));
#3049 = CARTESIAN_POINT('',(-2.15,0.));
#3050 = ( GEOMETRIC_REPRESENTATION_CONTEXT(2) 
PARAMETRIC_REPRESENTATION_CONTEXT() REPRESENTATION_CONTEXT('2D SPACE',''
  ) );
#3051 = PCURVE('',#3052,#3057);
#3052 = CYLINDRICAL_SURFACE('',#3053,2.15);
#3053 = AXIS2_PLACEMENT_3D('',#3054,#3055,#3056);
#3054 = CARTESIAN_POINT('',(25.4,0.,0.));
#3055 = DIRECTION('',(-1.,0.,0.));
#3056 = DIRECTION('',(0.,0.,-1.));
#3057 = DEFINITIONAL_REPRESENTATION('',(#3058),#3062);
#3058 = LINE('',#3059,#3060);
#3059 = CARTESIAN_POINT('',(0.,1.8));
#3060 = VECTOR('',#3061,1.);
#3061 = DIRECTION('',(1.,0.));
#3062 = ( GEOMETRIC_REPRESENTATION_CONTEXT(2) 
PARAMETRIC_REPRESENTATION_CONTEXT() REPRESENTATION_CONTEXT('2D SPACE',''
  ) );
#3063 = ADVANCED_FACE('',(#3064),#1189,.F.);
#3064 = FACE_BOUND('',#3065,.F.);
#3065 = EDGE_LOOP('',(#3066,#3067,#3068,#3069));
#3066 = ORIENTED_EDGE('',*,*,#2351,.F.);
#3067 = ORIENTED_EDGE('',*,*,#1172,.T.);
#3068 = ORIENTED_EDGE('',*,*,#1773,.T.);
#3069 = ORIENTED_EDGE('',*,*,#3070,.F.);
#3070 = EDGE_CURVE('',#2057,#1474,#3071,.T.);
#3071 = SURFACE_CURVE('',#3072,(#3077,#3188),.PCURVE_S1.);
#3072 = CIRCLE('',#3073,21.);
#3073 = AXIS2_PLACEMENT_3D('',#3074,#3075,#3076);
#3074 = CARTESIAN_POINT('',(47.5,0.,0.));
#3075 = DIRECTION('',(6.938893903907E-18,-0.991680946041,-0.128720244169
    ));
#3076 = DIRECTION('',(0.833333333333,-7.115279213861E-02,0.548172268294)
  );
#3077 = PCURVE('',#1189,#3078);
#3078 = DEFINITIONAL_REPRESENTATION('',(#3079),#3187);
#3079 = B_SPLINE_CURVE_WITH_KNOTS('',8,(#3080,#3081,#3082,#3083,#3084,
    #3085,#3086,#3087,#3088,#3089,#3090,#3091,#3092,#3093,#3094,#3095,
    #3096,#3097,#3098,#3099,#3100,#3101,#3102,#3103,#3104,#3105,#3106,
    #3107,#3108,#3109,#3110,#3111,#3112,#3113,#3114,#3115,#3116,#3117,
    #3118,#3119,#3120,#3121,#3122,#3123,#3124,#3125,#3126,#3127,#3128,
    #3129,#3130,#3131,#3132,#3133,#3134,#3135,#3136,#3137,#3138,#3139,
    #3140,#3141,#3142,#3143,#3144,#3145,#3146,#3147,#3148,#3149,#3150,
    #3151,#3152,#3153,#3154,#3155,#3156,#3157,#3158,#3159,#3160,#3161,
    #3162,#3163,#3164,#3165,#3166,#3167,#3168,#3169,#3170,#3171,#3172,
    #3173,#3174,#3175,#3176,#3177,#3178,#3179,#3180,#3181,#3182,#3183,
    #3184,#3185,#3186),.UNSPECIFIED.,.F.,.F.,(9,7,7,7,7,7,7,7,7,7,7,7,7,
    7,7,9),(0.,0.150625234728,0.451285469154,0.582824321715,
    0.706141995991,0.821752315625,0.875944652953,0.92844347974,
    0.97930171819,1.028570636688,1.076299901483,1.168775352024,
    1.255471086905,1.418025589809,1.70249596989,1.970221566675),
  .UNSPECIFIED.);
#3080 = CARTESIAN_POINT('',(6.198008545802,0.5801773423));
#3081 = CARTESIAN_POINT('',(6.194543870344,0.59878117338));
#3082 = CARTESIAN_POINT('',(6.190982631629,0.617378714696));
#3083 = CARTESIAN_POINT('',(6.187316504329,0.63596942149));
#3084 = CARTESIAN_POINT('',(6.183536242164,0.654552688246));
#3085 = CARTESIAN_POINT('',(6.179631501296,0.673127836944));
#3086 = CARTESIAN_POINT('',(6.175590609926,0.691694101676));
#3087 = CARTESIAN_POINT('',(6.171400260236,0.710250608025));
#3088 = CARTESIAN_POINT('',(6.158351841803,0.765815147911));
#3089 = CARTESIAN_POINT('',(6.149001875988,0.802791040456));
#3090 = CARTESIAN_POINT('',(6.138873172527,0.83971599454));
#3091 = CARTESIAN_POINT('',(6.127809762089,0.87657971079));
#3092 = CARTESIAN_POINT('',(6.115611455582,0.91336897192));
#3093 = CARTESIAN_POINT('',(6.102000574057,0.950065289043));
#3094 = CARTESIAN_POINT('',(6.086596019403,0.986643302212));
#3095 = CARTESIAN_POINT('',(6.060952859623,1.03899178152));
#3096 = CARTESIAN_POINT('',(6.052682456638,1.054892976746));
#3097 = CARTESIAN_POINT('',(6.043892636417,1.070759604579));
#3098 = CARTESIAN_POINT('',(6.034519843822,1.086587337623));
#3099 = CARTESIAN_POINT('',(6.024488816198,1.102371034984));
#3100 = CARTESIAN_POINT('',(6.013708560004,1.118104447246));
#3101 = CARTESIAN_POINT('',(6.002065910639,1.133779729289));
#3102 = CARTESIAN_POINT('',(5.977558017486,1.164018353102));
#3103 = CARTESIAN_POINT('',(5.964814626241,1.178589957158));
#3104 = CARTESIAN_POINT('',(5.951067446954,1.193093206623));
#3105 = CARTESIAN_POINT('',(5.936173036626,1.207517963875));
#3106 = CARTESIAN_POINT('',(5.919955568686,1.221851622989));
#3107 = CARTESIAN_POINT('',(5.902196429012,1.23607834631));
#3108 = CARTESIAN_POINT('',(5.88261636945,1.250177533054));
#3109 = CARTESIAN_POINT('',(5.840434699507,1.277192648084));
#3110 = CARTESIAN_POINT('',(5.818098449475,1.290127454743));
#3111 = CARTESIAN_POINT('',(5.79353108686,1.302901847087));
#3112 = CARTESIAN_POINT('',(5.766358391789,1.315486448216));
#3113 = CARTESIAN_POINT('',(5.736109446399,1.327843434407));
#3114 = CARTESIAN_POINT('',(5.702199463219,1.339923389958));
#3115 = CARTESIAN_POINT('',(5.663861168718,1.351658713036));
#3116 = CARTESIAN_POINT('',(5.599696711156,1.368248140045));
#3117 = CARTESIAN_POINT('',(5.578043570746,1.373445871799));
#3118 = CARTESIAN_POINT('',(5.555120616585,1.378536977803));
#3119 = CARTESIAN_POINT('',(5.530825849114,1.383510235312));
#3120 = CARTESIAN_POINT('',(5.505050975191,1.38835286433));
#3121 = CARTESIAN_POINT('',(5.477683466285,1.393050262494));
#3122 = CARTESIAN_POINT('',(5.448612021086,1.397585809723));
#3123 = CARTESIAN_POINT('',(5.387828384571,1.406159861241));
#3124 = CARTESIAN_POINT('',(5.356227131351,1.410209469657));
#3125 = CARTESIAN_POINT('',(5.322844009349,1.414072777249));
#3126 = CARTESIAN_POINT('',(5.287600588435,1.417731107434));
#3127 = CARTESIAN_POINT('',(5.250437834255,1.421164049071));
#3128 = CARTESIAN_POINT('',(5.211332619941,1.424349747072));
#3129 = CARTESIAN_POINT('',(5.170316317862,1.427265680965));
#3130 = CARTESIAN_POINT('',(5.085999723997,1.432432583264));
#3131 = CARTESIAN_POINT('',(5.042810759081,1.434701462231));
#3132 = CARTESIAN_POINT('',(4.998013099846,1.43667713525));
#3133 = CARTESIAN_POINT('',(4.95175596891,1.43834037939));
#3134 = CARTESIAN_POINT('',(4.904261260345,1.439674106932));
#3135 = CARTESIAN_POINT('',(4.855821032552,1.440664819035));
#3136 = CARTESIAN_POINT('',(4.806777892203,1.441303795858));
#3137 = CARTESIAN_POINT('',(4.709738946973,1.441863368313));
#3138 = CARTESIAN_POINT('',(4.661758384434,1.441805767311));
#3139 = CARTESIAN_POINT('',(4.613870585544,1.44141239123));
#3140 = CARTESIAN_POINT('',(4.566414035993,1.440685138298));
#3141 = CARTESIAN_POINT('',(4.51971079972,1.439631065413));
#3142 = CARTESIAN_POINT('',(4.474037773619,1.438261625526));
#3143 = CARTESIAN_POINT('',(4.429609904785,1.436591346728));
#3144 = CARTESIAN_POINT('',(4.344905044953,1.432742847436));
#3145 = CARTESIAN_POINT('',(4.30454166271,1.430582139196));
#3146 = CARTESIAN_POINT('',(4.265638482263,1.428169276195));
#3147 = CARTESIAN_POINT('',(4.228287357153,1.425520739253));
#3148 = CARTESIAN_POINT('',(4.192530116173,1.422653534049));
#3149 = CARTESIAN_POINT('',(4.158369051847,1.419584361991));
#3150 = CARTESIAN_POINT('',(4.125779534281,1.4163290992));
#3151 = CARTESIAN_POINT('',(4.034536049034,1.406263798661));
#3152 = CARTESIAN_POINT('',(3.980089823056,1.398982204507));
#3153 = CARTESIAN_POINT('',(3.931062642088,1.391166098787));
#3154 = CARTESIAN_POINT('',(3.886872520032,1.382908672789));
#3155 = CARTESIAN_POINT('',(3.846925132319,1.374283709235));
#3156 = CARTESIAN_POINT('',(3.810691989251,1.3653490165));
#3157 = CARTESIAN_POINT('',(3.777706245266,1.356151723561));
#3158 = CARTESIAN_POINT('',(3.719314658489,1.337896222834));
#3159 = CARTESIAN_POINT('',(3.693563872558,1.328865266904));
#3160 = CARTESIAN_POINT('',(3.669986668307,1.319667837932));
#3161 = CARTESIAN_POINT('',(3.648304188409,1.310328216139));
#3162 = CARTESIAN_POINT('',(3.628284097259,1.300865760035));
#3163 = CARTESIAN_POINT('',(3.609732067198,1.291296219266));
#3164 = CARTESIAN_POINT('',(3.592483160344,1.281632593632));
#3165 = CARTESIAN_POINT('',(3.546236221234,1.253610405819));
#3166 = CARTESIAN_POINT('',(3.520163796547,1.235042501011));
#3167 = CARTESIAN_POINT('',(3.497255969974,1.216253543853));
#3168 = CARTESIAN_POINT('',(3.47688953744,1.197289022832));
#3169 = CARTESIAN_POINT('',(3.458612039031,1.178181362426));
#3170 = CARTESIAN_POINT('',(3.442078348308,1.158955168834));
#3171 = CARTESIAN_POINT('',(3.427022191267,1.139628954769));
#3172 = CARTESIAN_POINT('',(3.389096027882,1.086247555134));
#3173 = CARTESIAN_POINT('',(3.368834800812,1.052016609405));
#3174 = CARTESIAN_POINT('',(3.35130967499,1.017603654988));
#3175 = CARTESIAN_POINT('',(3.335894097918,0.98305077638));
#3176 = CARTESIAN_POINT('',(3.32213881445,0.94838834979));
#3177 = CARTESIAN_POINT('',(3.309733333858,0.913636998691));
#3178 = CARTESIAN_POINT('',(3.298439136966,0.878812630557));
#3179 = CARTESIAN_POINT('',(3.278319660971,0.81109540474));
#3180 = CARTESIAN_POINT('',(3.26938811815,0.778209519703));
#3181 = CARTESIAN_POINT('',(3.261127800685,0.745279703585));
#3182 = CARTESIAN_POINT('',(3.253428854982,0.712313198931));
#3183 = CARTESIAN_POINT('',(3.246205991803,0.679315614587));
#3184 = CARTESIAN_POINT('',(3.239390905583,0.646291433626));
#3185 = CARTESIAN_POINT('',(3.232927631403,0.613244323088));
#3186 = CARTESIAN_POINT('',(3.226769418596,0.580177342043));
#3187 = ( GEOMETRIC_REPRESENTATION_CONTEXT(2) 
PARAMETRIC_REPRESENTATION_CONTEXT() REPRESENTATION_CONTEXT('2D SPACE',''
  ) );
#3188 = PCURVE('',#1707,#3189);
#3189 = DEFINITIONAL_REPRESENTATION('',(#3190),#3194);
#3190 = LINE('',#3191,#3192);
#3191 = CARTESIAN_POINT('',(7.268296090517,3.14159265359));
#3192 = VECTOR('',#3193,1.);
#3193 = DIRECTION('',(-1.,0.));
#3194 = ( GEOMETRIC_REPRESENTATION_CONTEXT(2) 
PARAMETRIC_REPRESENTATION_CONTEXT() REPRESENTATION_CONTEXT('2D SPACE',''
  ) );
#3195 = ADVANCED_FACE('',(#3196),#1427,.T.);
#3196 = FACE_BOUND('',#3197,.T.);
#3197 = EDGE_LOOP('',(#3198,#3222,#3223,#3224,#3225,#3351,#3352));
#3198 = ORIENTED_EDGE('',*,*,#3199,.F.);
#3199 = EDGE_CURVE('',#1969,#3200,#3202,.T.);
#3200 = VERTEX_POINT('',#3201);
#3201 = CARTESIAN_POINT('',(47.5,0.,23.));
#3202 = SEAM_CURVE('',#3203,(#3208,#3215),.PCURVE_S1.);
#3203 = CIRCLE('',#3204,23.);
#3204 = AXIS2_PLACEMENT_3D('',#3205,#3206,#3207);
#3205 = CARTESIAN_POINT('',(47.5,0.,0.));
#3206 = DIRECTION('',(-2.449293598295E-16,-1.,0.));
#3207 = DIRECTION('',(1.,-2.449293598295E-16,0.));
#3208 = PCURVE('',#1427,#3209);
#3209 = DEFINITIONAL_REPRESENTATION('',(#3210),#3214);
#3210 = LINE('',#3211,#3212);
#3211 = CARTESIAN_POINT('',(0.,-6.28318530718));
#3212 = VECTOR('',#3213,1.);
#3213 = DIRECTION('',(0.,1.));
#3214 = ( GEOMETRIC_REPRESENTATION_CONTEXT(2) 
PARAMETRIC_REPRESENTATION_CONTEXT() REPRESENTATION_CONTEXT('2D SPACE',''
  ) );
#3215 = PCURVE('',#1427,#3216);
#3216 = DEFINITIONAL_REPRESENTATION('',(#3217),#3221);
#3217 = LINE('',#3218,#3219);
#3218 = CARTESIAN_POINT('',(6.28318530718,-6.28318530718));
#3219 = VECTOR('',#3220,1.);
#3220 = DIRECTION('',(0.,1.));
#3221 = ( GEOMETRIC_REPRESENTATION_CONTEXT(2) 
PARAMETRIC_REPRESENTATION_CONTEXT() REPRESENTATION_CONTEXT('2D SPACE',''
  ) );
#3222 = ORIENTED_EDGE('',*,*,#1968,.F.);
#3223 = ORIENTED_EDGE('',*,*,#1807,.F.);
#3224 = ORIENTED_EDGE('',*,*,#1410,.T.);
#3225 = ORIENTED_EDGE('',*,*,#3226,.F.);
#3226 = EDGE_CURVE('',#2013,#1411,#3227,.T.);
#3227 = SURFACE_CURVE('',#3228,(#3233,#3344),.PCURVE_S1.);
#3228 = CIRCLE('',#3229,23.);
#3229 = AXIS2_PLACEMENT_3D('',#3230,#3231,#3232);
#3230 = CARTESIAN_POINT('',(47.5,0.,0.));
#3231 = DIRECTION('',(-6.938893903907E-17,-0.991680946041,
    -0.128720244169));
#3232 = DIRECTION('',(0.760869565217,-8.352719077141E-02,0.643506575823)
  );
#3233 = PCURVE('',#1427,#3234);
#3234 = DEFINITIONAL_REPRESENTATION('',(#3235),#3343);
#3235 = B_SPLINE_CURVE_WITH_KNOTS('',8,(#3236,#3237,#3238,#3239,#3240,
    #3241,#3242,#3243,#3244,#3245,#3246,#3247,#3248,#3249,#3250,#3251,
    #3252,#3253,#3254,#3255,#3256,#3257,#3258,#3259,#3260,#3261,#3262,
    #3263,#3264,#3265,#3266,#3267,#3268,#3269,#3270,#3271,#3272,#3273,
    #3274,#3275,#3276,#3277,#3278,#3279,#3280,#3281,#3282,#3283,#3284,
    #3285,#3286,#3287,#3288,#3289,#3290,#3291,#3292,#3293,#3294,#3295,
    #3296,#3297,#3298,#3299,#3300,#3301,#3302,#3303,#3304,#3305,#3306,
    #3307,#3308,#3309,#3310,#3311,#3312,#3313,#3314,#3315,#3316,#3317,
    #3318,#3319,#3320,#3321,#3322,#3323,#3324,#3325,#3326,#3327,#3328,
    #3329,#3330,#3331,#3332,#3333,#3334,#3335,#3336,#3337,#3338,#3339,
    #3340,#3341,#3342),.UNSPECIFIED.,.F.,.F.,(9,7,7,7,7,7,7,7,7,7,7,7,7,
    7,7,9),(0.,3.016656608741E-02,0.330826800513,0.462365653074,
    0.58568332735,0.701293646984,0.755485984313,0.807984811099,
    0.858843049549,0.908111968047,0.955841232843,1.048316683383,
    1.135012418265,1.297566921168,1.582037301249,1.729304229394),
  .UNSPECIFIED.);
#3236 = CARTESIAN_POINT('',(6.173844546263,0.69907061451));
#3237 = CARTESIAN_POINT('',(6.173016108721,0.70278773455));
#3238 = CARTESIAN_POINT('',(6.172181753718,0.70650446824));
#3239 = CARTESIAN_POINT('',(6.171341373117,0.710220808471));
#3240 = CARTESIAN_POINT('',(6.17049485598,0.713936747952));
#3241 = CARTESIAN_POINT('',(6.169642088455,0.717652279195));
#3242 = CARTESIAN_POINT('',(6.168782953656,0.721367394512));
#3243 = CARTESIAN_POINT('',(6.167917331536,0.725082086005));
#3244 = CARTESIAN_POINT('',(6.158351841803,0.765815147911));
#3245 = CARTESIAN_POINT('',(6.149001875988,0.802791040456));
#3246 = CARTESIAN_POINT('',(6.138873172527,0.839715994537));
#3247 = CARTESIAN_POINT('',(6.127809762089,0.876579710795));
#3248 = CARTESIAN_POINT('',(6.115611455582,0.913368971917));
#3249 = CARTESIAN_POINT('',(6.102000574057,0.950065289043));
#3250 = CARTESIAN_POINT('',(6.086596019403,0.986643302212));
#3251 = CARTESIAN_POINT('',(6.060952859623,1.03899178152));
#3252 = CARTESIAN_POINT('',(6.052682456638,1.054892976746));
#3253 = CARTESIAN_POINT('',(6.043892636417,1.070759604579));
#3254 = CARTESIAN_POINT('',(6.034519843822,1.086587337623));
#3255 = CARTESIAN_POINT('',(6.024488816198,1.102371034984));
#3256 = CARTESIAN_POINT('',(6.013708560004,1.118104447246));
#3257 = CARTESIAN_POINT('',(6.002065910639,1.133779729289));
#3258 = CARTESIAN_POINT('',(5.977558017486,1.164018353102));
#3259 = CARTESIAN_POINT('',(5.964814626242,1.178589957158));
#3260 = CARTESIAN_POINT('',(5.951067446956,1.193093206623));
#3261 = CARTESIAN_POINT('',(5.936173036626,1.207517963875));
#3262 = CARTESIAN_POINT('',(5.919955568685,1.221851622989));
#3263 = CARTESIAN_POINT('',(5.902196429011,1.23607834631));
#3264 = CARTESIAN_POINT('',(5.88261636945,1.250177533054));
#3265 = CARTESIAN_POINT('',(5.840434699507,1.277192648084));
#3266 = CARTESIAN_POINT('',(5.818098449476,1.290127454743));
#3267 = CARTESIAN_POINT('',(5.793531086856,1.302901847092));
#3268 = CARTESIAN_POINT('',(5.766358391797,1.315486448222));
#3269 = CARTESIAN_POINT('',(5.736109446378,1.327843434404));
#3270 = CARTESIAN_POINT('',(5.702199463217,1.339923389958));
#3271 = CARTESIAN_POINT('',(5.663861168718,1.351658713036));
#3272 = CARTESIAN_POINT('',(5.599696711156,1.368248140045));
#3273 = CARTESIAN_POINT('',(5.578043570746,1.373445871799));
#3274 = CARTESIAN_POINT('',(5.555120616583,1.378536977803));
#3275 = CARTESIAN_POINT('',(5.530825849114,1.383510235312));
#3276 = CARTESIAN_POINT('',(5.505050975193,1.38835286433));
#3277 = CARTESIAN_POINT('',(5.477683466285,1.393050262494));
#3278 = CARTESIAN_POINT('',(5.448612021086,1.397585809723));
#3279 = CARTESIAN_POINT('',(5.387828384571,1.406159861241));
#3280 = CARTESIAN_POINT('',(5.356227131351,1.410209469657));
#3281 = CARTESIAN_POINT('',(5.322844009348,1.414072777249));
#3282 = CARTESIAN_POINT('',(5.287600588435,1.417731107434));
#3283 = CARTESIAN_POINT('',(5.250437834255,1.421164049071));
#3284 = CARTESIAN_POINT('',(5.211332619941,1.424349747072));
#3285 = CARTESIAN_POINT('',(5.170316317862,1.427265680965));
#3286 = CARTESIAN_POINT('',(5.085999723997,1.432432583264));
#3287 = CARTESIAN_POINT('',(5.042810783937,1.434701484228));
#3288 = CARTESIAN_POINT('',(4.998013051935,1.436677094003));
#3289 = CARTESIAN_POINT('',(4.951755969899,1.438340379383));
#3290 = CARTESIAN_POINT('',(4.904261308688,1.439674148176));
#3291 = CARTESIAN_POINT('',(4.855821006087,1.44066479705));
#3292 = CARTESIAN_POINT('',(4.806777892203,1.441303795858));
#3293 = CARTESIAN_POINT('',(4.709738946973,1.441863368313));
#3294 = CARTESIAN_POINT('',(4.661758384435,1.44180576731));
#3295 = CARTESIAN_POINT('',(4.613870585545,1.441412391231));
#3296 = CARTESIAN_POINT('',(4.566414035984,1.440685138299));
#3297 = CARTESIAN_POINT('',(4.519710799792,1.439631065392));
#3298 = CARTESIAN_POINT('',(4.47403777316,1.438261625768));
#3299 = CARTESIAN_POINT('',(4.429609907209,1.436591345047));
#3300 = CARTESIAN_POINT('',(4.344905044953,1.432742847436));
#3301 = CARTESIAN_POINT('',(4.30454166271,1.430582139196));
#3302 = CARTESIAN_POINT('',(4.265638482264,1.428169276195));
#3303 = CARTESIAN_POINT('',(4.228287357153,1.425520739253));
#3304 = CARTESIAN_POINT('',(4.192530116172,1.422653534049));
#3305 = CARTESIAN_POINT('',(4.158369051847,1.419584361991));
#3306 = CARTESIAN_POINT('',(4.125779534281,1.4163290992));
#3307 = CARTESIAN_POINT('',(4.034536049034,1.406263798661));
#3308 = CARTESIAN_POINT('',(3.980089823056,1.398982204507));
#3309 = CARTESIAN_POINT('',(3.931062642088,1.391166098787));
#3310 = CARTESIAN_POINT('',(3.886872520032,1.382908672789));
#3311 = CARTESIAN_POINT('',(3.846925132319,1.374283709234));
#3312 = CARTESIAN_POINT('',(3.810691989251,1.3653490165));
#3313 = CARTESIAN_POINT('',(3.777706245266,1.356151723561));
#3314 = CARTESIAN_POINT('',(3.719314658489,1.337896222834));
#3315 = CARTESIAN_POINT('',(3.693563872559,1.328865266905));
#3316 = CARTESIAN_POINT('',(3.669986668307,1.319667837931));
#3317 = CARTESIAN_POINT('',(3.648304188409,1.310328216139));
#3318 = CARTESIAN_POINT('',(3.62828409726,1.300865760035));
#3319 = CARTESIAN_POINT('',(3.609732067198,1.291296219266));
#3320 = CARTESIAN_POINT('',(3.592483160344,1.281632593632));
#3321 = CARTESIAN_POINT('',(3.546236221234,1.253610405819));
#3322 = CARTESIAN_POINT('',(3.520163796547,1.235042501011));
#3323 = CARTESIAN_POINT('',(3.497255969974,1.216253543853));
#3324 = CARTESIAN_POINT('',(3.47688953744,1.197289022832));
#3325 = CARTESIAN_POINT('',(3.458612039031,1.178181362427));
#3326 = CARTESIAN_POINT('',(3.442078348308,1.158955168834));
#3327 = CARTESIAN_POINT('',(3.427022191267,1.139628954769));
#3328 = CARTESIAN_POINT('',(3.389096027882,1.086247555134));
#3329 = CARTESIAN_POINT('',(3.368834800809,1.052016609406));
#3330 = CARTESIAN_POINT('',(3.351309675005,1.017603654984));
#3331 = CARTESIAN_POINT('',(3.335894097903,0.983050776385));
#3332 = CARTESIAN_POINT('',(3.322138814465,0.948388349788));
#3333 = CARTESIAN_POINT('',(3.309733333854,0.913636998692));
#3334 = CARTESIAN_POINT('',(3.298439136966,0.878812630557));
#3335 = CARTESIAN_POINT('',(3.28270861959,0.825867563914));
#3336 = CARTESIAN_POINT('',(3.277591952947,0.807791499263));
#3337 = CARTESIAN_POINT('',(3.272699063056,0.789700771444));
#3338 = CARTESIAN_POINT('',(3.268008516353,0.771596797543));
#3339 = CARTESIAN_POINT('',(3.263501849034,0.753480795946));
#3340 = CARTESIAN_POINT('',(3.259162960533,0.735353827429));
#3341 = CARTESIAN_POINT('',(3.254977675396,0.717216824708));
#3342 = CARTESIAN_POINT('',(3.250933413784,0.699070614565));
#3343 = ( GEOMETRIC_REPRESENTATION_CONTEXT(2) 
PARAMETRIC_REPRESENTATION_CONTEXT() REPRESENTATION_CONTEXT('2D SPACE',''
  ) );
#3344 = PCURVE('',#1707,#3345);
#3345 = DEFINITIONAL_REPRESENTATION('',(#3346),#3350);
#3346 = LINE('',#3347,#3348);
#3347 = CARTESIAN_POINT('',(7.147837421877,6.28318530718));
#3348 = VECTOR('',#3349,1.);
#3349 = DIRECTION('',(-1.,-0.));
#3350 = ( GEOMETRIC_REPRESENTATION_CONTEXT(2) 
PARAMETRIC_REPRESENTATION_CONTEXT() REPRESENTATION_CONTEXT('2D SPACE',''
  ) );
#3351 = ORIENTED_EDGE('',*,*,#2012,.F.);
#3352 = ORIENTED_EDGE('',*,*,#3199,.T.);
#3353 = ADVANCED_FACE('',(#3354),#1707,.T.);
#3354 = FACE_BOUND('',#3355,.T.);
#3355 = EDGE_LOOP('',(#3356,#3357,#3358,#3359));
#3356 = ORIENTED_EDGE('',*,*,#2056,.T.);
#3357 = ORIENTED_EDGE('',*,*,#3226,.T.);
#3358 = ORIENTED_EDGE('',*,*,#1473,.F.);
#3359 = ORIENTED_EDGE('',*,*,#3070,.F.);
#3360 = ADVANCED_FACE('',(#3361),#2446,.F.);
#3361 = FACE_BOUND('',#3362,.F.);
#3362 = EDGE_LOOP('',(#3363,#3364,#3387,#3409));
#3363 = ORIENTED_EDGE('',*,*,#2429,.F.);
#3364 = ORIENTED_EDGE('',*,*,#3365,.F.);
#3365 = EDGE_CURVE('',#3366,#2430,#3368,.T.);
#3366 = VERTEX_POINT('',#3367);
#3367 = CARTESIAN_POINT('',(69.8,5.265981236334E-16,2.15));
#3368 = SEAM_CURVE('',#3369,(#3373,#3380),.PCURVE_S1.);
#3369 = LINE('',#3370,#3371);
#3370 = CARTESIAN_POINT('',(69.6,5.265981236334E-16,2.15));
#3371 = VECTOR('',#3372,1.);
#3372 = DIRECTION('',(1.,0.,0.));
#3373 = PCURVE('',#2446,#3374);
#3374 = DEFINITIONAL_REPRESENTATION('',(#3375),#3379);
#3375 = LINE('',#3376,#3377);
#3376 = CARTESIAN_POINT('',(6.28318530718,-0.));
#3377 = VECTOR('',#3378,1.);
#3378 = DIRECTION('',(0.,1.));
#3379 = ( GEOMETRIC_REPRESENTATION_CONTEXT(2) 
PARAMETRIC_REPRESENTATION_CONTEXT() REPRESENTATION_CONTEXT('2D SPACE',''
  ) );
#3380 = PCURVE('',#2446,#3381);
#3381 = DEFINITIONAL_REPRESENTATION('',(#3382),#3386);
#3382 = LINE('',#3383,#3384);
#3383 = CARTESIAN_POINT('',(0.,-0.));
#3384 = VECTOR('',#3385,1.);
#3385 = DIRECTION('',(0.,1.));
#3386 = ( GEOMETRIC_REPRESENTATION_CONTEXT(2) 
PARAMETRIC_REPRESENTATION_CONTEXT() REPRESENTATION_CONTEXT('2D SPACE',''
  ) );
#3387 = ORIENTED_EDGE('',*,*,#3388,.T.);
#3388 = EDGE_CURVE('',#3366,#3366,#3389,.T.);
#3389 = SURFACE_CURVE('',#3390,(#3395,#3402),.PCURVE_S1.);
#3390 = CIRCLE('',#3391,2.15);
#3391 = AXIS2_PLACEMENT_3D('',#3392,#3393,#3394);
#3392 = CARTESIAN_POINT('',(69.8,0.,0.));
#3393 = DIRECTION('',(1.,0.,0.));
#3394 = DIRECTION('',(-0.,0.,1.));
#3395 = PCURVE('',#2446,#3396);
#3396 = DEFINITIONAL_REPRESENTATION('',(#3397),#3401);
#3397 = LINE('',#3398,#3399);
#3398 = CARTESIAN_POINT('',(0.,0.2));
#3399 = VECTOR('',#3400,1.);
#3400 = DIRECTION('',(1.,0.));
#3401 = ( GEOMETRIC_REPRESENTATION_CONTEXT(2) 
PARAMETRIC_REPRESENTATION_CONTEXT() REPRESENTATION_CONTEXT('2D SPACE',''
  ) );
#3402 = PCURVE('',#2757,#3403);
#3403 = DEFINITIONAL_REPRESENTATION('',(#3404),#3408);
#3404 = CIRCLE('',#3405,2.15);
#3405 = AXIS2_PLACEMENT_2D('',#3406,#3407);
#3406 = CARTESIAN_POINT('',(0.,0.));
#3407 = DIRECTION('',(1.,0.));
#3408 = ( GEOMETRIC_REPRESENTATION_CONTEXT(2) 
PARAMETRIC_REPRESENTATION_CONTEXT() REPRESENTATION_CONTEXT('2D SPACE',''
  ) );
#3409 = ORIENTED_EDGE('',*,*,#3365,.T.);
#3410 = ADVANCED_FACE('',(#3411,#3414),#2501,.F.);
#3411 = FACE_BOUND('',#3412,.F.);
#3412 = EDGE_LOOP('',(#3413));
#3413 = ORIENTED_EDGE('',*,*,#2486,.T.);
#3414 = FACE_BOUND('',#3415,.F.);
#3415 = EDGE_LOOP('',(#3416));
#3416 = ORIENTED_EDGE('',*,*,#3417,.F.);
#3417 = EDGE_CURVE('',#3418,#3418,#3420,.T.);
#3418 = VERTEX_POINT('',#3419);
#3419 = CARTESIAN_POINT('',(25.2,5.265981236334E-16,-2.15));
#3420 = SURFACE_CURVE('',#3421,(#3426,#3433),.PCURVE_S1.);
#3421 = CIRCLE('',#3422,2.15);
#3422 = AXIS2_PLACEMENT_3D('',#3423,#3424,#3425);
#3423 = CARTESIAN_POINT('',(25.2,0.,0.));
#3424 = DIRECTION('',(-1.,0.,0.));
#3425 = DIRECTION('',(0.,0.,-1.));
#3426 = PCURVE('',#2501,#3427);
#3427 = DEFINITIONAL_REPRESENTATION('',(#3428),#3432);
#3428 = CIRCLE('',#3429,2.15);
#3429 = AXIS2_PLACEMENT_2D('',#3430,#3431);
#3430 = CARTESIAN_POINT('',(0.,0.));
#3431 = DIRECTION('',(1.,0.));
#3432 = ( GEOMETRIC_REPRESENTATION_CONTEXT(2) 
PARAMETRIC_REPRESENTATION_CONTEXT() REPRESENTATION_CONTEXT('2D SPACE',''
  ) );
#3433 = PCURVE('',#3052,#3434);
#3434 = DEFINITIONAL_REPRESENTATION('',(#3435),#3439);
#3435 = LINE('',#3436,#3437);
#3436 = CARTESIAN_POINT('',(0.,0.2));
#3437 = VECTOR('',#3438,1.);
#3438 = DIRECTION('',(1.,0.));
#3439 = ( GEOMETRIC_REPRESENTATION_CONTEXT(2) 
PARAMETRIC_REPRESENTATION_CONTEXT() REPRESENTATION_CONTEXT('2D SPACE',''
  ) );
#3440 = ADVANCED_FACE('',(#3441,#3444),#2757,.F.);
#3441 = FACE_BOUND('',#3442,.F.);
#3442 = EDGE_LOOP('',(#3443));
#3443 = ORIENTED_EDGE('',*,*,#2742,.T.);
#3444 = FACE_BOUND('',#3445,.F.);
#3445 = EDGE_LOOP('',(#3446));
#3446 = ORIENTED_EDGE('',*,*,#3388,.F.);
#3447 = ADVANCED_FACE('',(#3448),#2819,.T.);
#3448 = FACE_BOUND('',#3449,.T.);
#3449 = EDGE_LOOP('',(#3450,#3451,#3452,#3474));
#3450 = ORIENTED_EDGE('',*,*,#2802,.F.);
#3451 = ORIENTED_EDGE('',*,*,#2908,.F.);
#3452 = ORIENTED_EDGE('',*,*,#3453,.T.);
#3453 = EDGE_CURVE('',#2882,#2932,#3454,.T.);
#3454 = SURFACE_CURVE('',#3455,(#3460,#3467),.PCURVE_S1.);
#3455 = CIRCLE('',#3456,14.);
#3456 = AXIS2_PLACEMENT_3D('',#3457,#3458,#3459);
#3457 = CARTESIAN_POINT('',(23.6,0.,0.));
#3458 = DIRECTION('',(1.,0.,0.));
#3459 = DIRECTION('',(-0.,0.,1.));
#3460 = PCURVE('',#2819,#3461);
#3461 = DEFINITIONAL_REPRESENTATION('',(#3462),#3466);
#3462 = LINE('',#3463,#3464);
#3463 = CARTESIAN_POINT('',(0.,0.));
#3464 = VECTOR('',#3465,1.);
#3465 = DIRECTION('',(1.,0.));
#3466 = ( GEOMETRIC_REPRESENTATION_CONTEXT(2) 
PARAMETRIC_REPRESENTATION_CONTEXT() REPRESENTATION_CONTEXT('2D SPACE',''
  ) );
#3467 = PCURVE('',#2896,#3468);
#3468 = DEFINITIONAL_REPRESENTATION('',(#3469),#3473);
#3469 = CIRCLE('',#3470,14.);
#3470 = AXIS2_PLACEMENT_2D('',#3471,#3472);
#3471 = CARTESIAN_POINT('',(0.,0.));
#3472 = DIRECTION('',(1.,0.));
#3473 = ( GEOMETRIC_REPRESENTATION_CONTEXT(2) 
PARAMETRIC_REPRESENTATION_CONTEXT() REPRESENTATION_CONTEXT('2D SPACE',''
  ) );
#3474 = ORIENTED_EDGE('',*,*,#2931,.T.);
#3475 = ADVANCED_FACE('',(#3476),#2896,.T.);
#3476 = FACE_BOUND('',#3477,.T.);
#3477 = EDGE_LOOP('',(#3478,#3502,#3529,#3558,#3585,#3607,#3608,#3609));
#3478 = ORIENTED_EDGE('',*,*,#3479,.F.);
#3479 = EDGE_CURVE('',#3480,#2860,#3482,.T.);
#3480 = VERTEX_POINT('',#3481);
#3481 = CARTESIAN_POINT('',(23.6,-1.476009510169,-8.370865900604));
#3482 = SURFACE_CURVE('',#3483,(#3488,#3495),.PCURVE_S1.);
#3483 = CIRCLE('',#3484,8.5);
#3484 = AXIS2_PLACEMENT_3D('',#3485,#3486,#3487);
#3485 = CARTESIAN_POINT('',(23.6,0.,0.));
#3486 = DIRECTION('',(1.,0.,0.));
#3487 = DIRECTION('',(-0.,0.,1.));
#3488 = PCURVE('',#2896,#3489);
#3489 = DEFINITIONAL_REPRESENTATION('',(#3490),#3494);
#3490 = CIRCLE('',#3491,8.5);
#3491 = AXIS2_PLACEMENT_2D('',#3492,#3493);
#3492 = CARTESIAN_POINT('',(0.,0.));
#3493 = DIRECTION('',(1.,0.));
#3494 = ( GEOMETRIC_REPRESENTATION_CONTEXT(2) 
PARAMETRIC_REPRESENTATION_CONTEXT() REPRESENTATION_CONTEXT('2D SPACE',''
  ) );
#3495 = PCURVE('',#3016,#3496);
#3496 = DEFINITIONAL_REPRESENTATION('',(#3497),#3501);
#3497 = LINE('',#3498,#3499);
#3498 = CARTESIAN_POINT('',(0.,5.3));
#3499 = VECTOR('',#3500,1.);
#3500 = DIRECTION('',(1.,0.));
#3501 = ( GEOMETRIC_REPRESENTATION_CONTEXT(2) 
PARAMETRIC_REPRESENTATION_CONTEXT() REPRESENTATION_CONTEXT('2D SPACE',''
  ) );
#3502 = ORIENTED_EDGE('',*,*,#3503,.T.);
#3503 = EDGE_CURVE('',#3480,#3504,#3506,.T.);
#3504 = VERTEX_POINT('',#3505);
#3505 = CARTESIAN_POINT('',(23.6,-3.125667198005,-17.72653955422));
#3506 = SURFACE_CURVE('',#3507,(#3511,#3517),.PCURVE_S1.);
#3507 = LINE('',#3508,#3509);
#3508 = CARTESIAN_POINT('',(23.6,-1.932012994322,-10.95699016996));
#3509 = VECTOR('',#3510,1.);
#3510 = DIRECTION('',(0.,-0.173648177667,-0.984807753012));
#3511 = PCURVE('',#2896,#3512);
#3512 = DEFINITIONAL_REPRESENTATION('',(#3513),#3516);
#3513 = B_SPLINE_CURVE_WITH_KNOTS('',1,(#3514,#3515),.UNSPECIFIED.,.F.,
  .F.,(2,2),(-11.12601940475,7.151659609192),.PIECEWISE_BEZIER_KNOTS.);
#3514 = CARTESIAN_POINT('',(1.7763568394E-15,-4.440892098501E-16));
#3515 = CARTESIAN_POINT('',(-18.,3.173885652752));
#3516 = ( GEOMETRIC_REPRESENTATION_CONTEXT(2) 
PARAMETRIC_REPRESENTATION_CONTEXT() REPRESENTATION_CONTEXT('2D SPACE',''
  ) );
#3517 = PCURVE('',#3518,#3523);
#3518 = PLANE('',#3519);
#3519 = AXIS2_PLACEMENT_3D('',#3520,#3521,#3522);
#3520 = CARTESIAN_POINT('',(18.3,-3.864025988644,-21.91398033992));
#3521 = DIRECTION('',(0.,-0.984807753012,0.173648177667));
#3522 = DIRECTION('',(0.,0.173648177667,0.984807753012));
#3523 = DEFINITIONAL_REPRESENTATION('',(#3524),#3528);
#3524 = LINE('',#3525,#3526);
#3525 = CARTESIAN_POINT('',(11.126019404752,-5.3));
#3526 = VECTOR('',#3527,1.);
#3527 = DIRECTION('',(-1.,-0.));
#3528 = ( GEOMETRIC_REPRESENTATION_CONTEXT(2) 
PARAMETRIC_REPRESENTATION_CONTEXT() REPRESENTATION_CONTEXT('2D SPACE',''
  ) );
#3529 = ORIENTED_EDGE('',*,*,#3530,.T.);
#3530 = EDGE_CURVE('',#3504,#3531,#3533,.T.);
#3531 = VERTEX_POINT('',#3532);
#3532 = CARTESIAN_POINT('',(23.6,11.570176974358,-13.78879997614));
#3533 = SURFACE_CURVE('',#3534,(#3539,#3546),.PCURVE_S1.);
#3534 = CIRCLE('',#3535,18.);
#3535 = AXIS2_PLACEMENT_3D('',#3536,#3537,#3538);
#3536 = CARTESIAN_POINT('',(23.6,0.,0.));
#3537 = DIRECTION('',(1.,0.,0.));
#3538 = DIRECTION('',(-0.,0.,1.));
#3539 = PCURVE('',#2896,#3540);
#3540 = DEFINITIONAL_REPRESENTATION('',(#3541),#3545);
#3541 = CIRCLE('',#3542,18.);
#3542 = AXIS2_PLACEMENT_2D('',#3543,#3544);
#3543 = CARTESIAN_POINT('',(0.,0.));
#3544 = DIRECTION('',(1.,0.));
#3545 = ( GEOMETRIC_REPRESENTATION_CONTEXT(2) 
PARAMETRIC_REPRESENTATION_CONTEXT() REPRESENTATION_CONTEXT('2D SPACE',''
  ) );
#3546 = PCURVE('',#3547,#3552);
#3547 = CYLINDRICAL_SURFACE('',#3548,18.);
#3548 = AXIS2_PLACEMENT_3D('',#3549,#3550,#3551);
#3549 = CARTESIAN_POINT('',(19.3,0.,0.));
#3550 = DIRECTION('',(1.,0.,0.));
#3551 = DIRECTION('',(-0.,0.,1.));
#3552 = DEFINITIONAL_REPRESENTATION('',(#3553),#3557);
#3553 = LINE('',#3554,#3555);
#3554 = CARTESIAN_POINT('',(0.,4.3));
#3555 = VECTOR('',#3556,1.);
#3556 = DIRECTION('',(1.,0.));
#3557 = ( GEOMETRIC_REPRESENTATION_CONTEXT(2) 
PARAMETRIC_REPRESENTATION_CONTEXT() REPRESENTATION_CONTEXT('2D SPACE',''
  ) );
#3558 = ORIENTED_EDGE('',*,*,#3559,.T.);
#3559 = EDGE_CURVE('',#3531,#3560,#3562,.T.);
#3560 = VERTEX_POINT('',#3561);
#3561 = CARTESIAN_POINT('',(23.6,5.463694682336,-6.511377766511));
#3562 = SURFACE_CURVE('',#3563,(#3567,#3573),.PCURVE_S1.);
#3563 = LINE('',#3564,#3565);
#3564 = CARTESIAN_POINT('',(23.6,0.,0.));
#3565 = VECTOR('',#3566,1.);
#3566 = DIRECTION('',(0.,-0.642787609687,0.766044443119));
#3567 = PCURVE('',#2896,#3568);
#3568 = DEFINITIONAL_REPRESENTATION('',(#3569),#3572);
#3569 = B_SPLINE_CURVE_WITH_KNOTS('',1,(#3570,#3571),.UNSPECIFIED.,.F.,
  .F.,(2,2),(-22.2520388095,-0.),.PIECEWISE_BEZIER_KNOTS.);
#3570 = CARTESIAN_POINT('',(-17.04605067808,-14.30333483701));
#3571 = CARTESIAN_POINT('',(0.,0.));
#3572 = ( GEOMETRIC_REPRESENTATION_CONTEXT(2) 
PARAMETRIC_REPRESENTATION_CONTEXT() REPRESENTATION_CONTEXT('2D SPACE',''
  ) );
#3573 = PCURVE('',#3574,#3579);
#3574 = PLANE('',#3575);
#3575 = AXIS2_PLACEMENT_3D('',#3576,#3577,#3578);
#3576 = CARTESIAN_POINT('',(18.3,0.,0.));
#3577 = DIRECTION('',(-0.,0.766044443119,0.642787609687));
#3578 = DIRECTION('',(0.,0.642787609687,-0.766044443119));
#3579 = DEFINITIONAL_REPRESENTATION('',(#3580),#3584);
#3580 = LINE('',#3581,#3582);
#3581 = CARTESIAN_POINT('',(0.,-5.3));
#3582 = VECTOR('',#3583,1.);
#3583 = DIRECTION('',(-1.,-0.));
#3584 = ( GEOMETRIC_REPRESENTATION_CONTEXT(2) 
PARAMETRIC_REPRESENTATION_CONTEXT() REPRESENTATION_CONTEXT('2D SPACE',''
  ) );
#3585 = ORIENTED_EDGE('',*,*,#3586,.F.);
#3586 = EDGE_CURVE('',#2953,#3560,#3587,.T.);
#3587 = SURFACE_CURVE('',#3588,(#3593,#3600),.PCURVE_S1.);
#3588 = CIRCLE('',#3589,8.5);
#3589 = AXIS2_PLACEMENT_3D('',#3590,#3591,#3592);
#3590 = CARTESIAN_POINT('',(23.6,0.,0.));
#3591 = DIRECTION('',(1.,0.,0.));
#3592 = DIRECTION('',(-0.,0.,1.));
#3593 = PCURVE('',#2896,#3594);
#3594 = DEFINITIONAL_REPRESENTATION('',(#3595),#3599);
#3595 = CIRCLE('',#3596,8.5);
#3596 = AXIS2_PLACEMENT_2D('',#3597,#3598);
#3597 = CARTESIAN_POINT('',(0.,0.));
#3598 = DIRECTION('',(1.,0.));
#3599 = ( GEOMETRIC_REPRESENTATION_CONTEXT(2) 
PARAMETRIC_REPRESENTATION_CONTEXT() REPRESENTATION_CONTEXT('2D SPACE',''
  ) );
#3600 = PCURVE('',#3016,#3601);
#3601 = DEFINITIONAL_REPRESENTATION('',(#3602),#3606);
#3602 = LINE('',#3603,#3604);
#3603 = CARTESIAN_POINT('',(0.,5.3));
#3604 = VECTOR('',#3605,1.);
#3605 = DIRECTION('',(1.,0.));
#3606 = ( GEOMETRIC_REPRESENTATION_CONTEXT(2) 
PARAMETRIC_REPRESENTATION_CONTEXT() REPRESENTATION_CONTEXT('2D SPACE',''
  ) );
#3607 = ORIENTED_EDGE('',*,*,#2952,.F.);
#3608 = ORIENTED_EDGE('',*,*,#3453,.F.);
#3609 = ORIENTED_EDGE('',*,*,#2881,.F.);
#3610 = ADVANCED_FACE('',(#3611),#3016,.F.);
#3611 = FACE_BOUND('',#3612,.F.);
#3612 = EDGE_LOOP('',(#3613,#3614,#3637,#3666,#3687,#3688));
#3613 = ORIENTED_EDGE('',*,*,#3479,.F.);
#3614 = ORIENTED_EDGE('',*,*,#3615,.F.);
#3615 = EDGE_CURVE('',#3616,#3480,#3618,.T.);
#3616 = VERTEX_POINT('',#3617);
#3617 = CARTESIAN_POINT('',(19.3,-1.476009510169,-8.370865900604));
#3618 = SURFACE_CURVE('',#3619,(#3623,#3630),.PCURVE_S1.);
#3619 = LINE('',#3620,#3621);
#3620 = CARTESIAN_POINT('',(19.3,-1.476009510169,-8.370865900604));
#3621 = VECTOR('',#3622,1.);
#3622 = DIRECTION('',(1.,0.,0.));
#3623 = PCURVE('',#3016,#3624);
#3624 = DEFINITIONAL_REPRESENTATION('',(#3625),#3629);
#3625 = LINE('',#3626,#3627);
#3626 = CARTESIAN_POINT('',(2.96705972839,1.));
#3627 = VECTOR('',#3628,1.);
#3628 = DIRECTION('',(0.,1.));
#3629 = ( GEOMETRIC_REPRESENTATION_CONTEXT(2) 
PARAMETRIC_REPRESENTATION_CONTEXT() REPRESENTATION_CONTEXT('2D SPACE',''
  ) );
#3630 = PCURVE('',#3518,#3631);
#3631 = DEFINITIONAL_REPRESENTATION('',(#3632),#3636);
#3632 = LINE('',#3633,#3634);
#3633 = CARTESIAN_POINT('',(13.752038809504,-1.));
#3634 = VECTOR('',#3635,1.);
#3635 = DIRECTION('',(0.,-1.));
#3636 = ( GEOMETRIC_REPRESENTATION_CONTEXT(2) 
PARAMETRIC_REPRESENTATION_CONTEXT() REPRESENTATION_CONTEXT('2D SPACE',''
  ) );
#3637 = ORIENTED_EDGE('',*,*,#3638,.T.);
#3638 = EDGE_CURVE('',#3616,#3639,#3641,.T.);
#3639 = VERTEX_POINT('',#3640);
#3640 = CARTESIAN_POINT('',(19.3,5.463694682336,-6.511377766511));
#3641 = SURFACE_CURVE('',#3642,(#3647,#3654),.PCURVE_S1.);
#3642 = CIRCLE('',#3643,8.5);
#3643 = AXIS2_PLACEMENT_3D('',#3644,#3645,#3646);
#3644 = CARTESIAN_POINT('',(19.3,0.,0.));
#3645 = DIRECTION('',(1.,0.,0.));
#3646 = DIRECTION('',(-0.,0.,1.));
#3647 = PCURVE('',#3016,#3648);
#3648 = DEFINITIONAL_REPRESENTATION('',(#3649),#3653);
#3649 = LINE('',#3650,#3651);
#3650 = CARTESIAN_POINT('',(0.,1.));
#3651 = VECTOR('',#3652,1.);
#3652 = DIRECTION('',(1.,0.));
#3653 = ( GEOMETRIC_REPRESENTATION_CONTEXT(2) 
PARAMETRIC_REPRESENTATION_CONTEXT() REPRESENTATION_CONTEXT('2D SPACE',''
  ) );
#3654 = PCURVE('',#3655,#3660);
#3655 = PLANE('',#3656);
#3656 = AXIS2_PLACEMENT_3D('',#3657,#3658,#3659);
#3657 = CARTESIAN_POINT('',(19.3,0.,0.));
#3658 = DIRECTION('',(1.,0.,0.));
#3659 = DIRECTION('',(-0.,0.,1.));
#3660 = DEFINITIONAL_REPRESENTATION('',(#3661),#3665);
#3661 = CIRCLE('',#3662,8.5);
#3662 = AXIS2_PLACEMENT_2D('',#3663,#3664);
#3663 = CARTESIAN_POINT('',(0.,0.));
#3664 = DIRECTION('',(1.,0.));
#3665 = ( GEOMETRIC_REPRESENTATION_CONTEXT(2) 
PARAMETRIC_REPRESENTATION_CONTEXT() REPRESENTATION_CONTEXT('2D SPACE',''
  ) );
#3666 = ORIENTED_EDGE('',*,*,#3667,.F.);
#3667 = EDGE_CURVE('',#3560,#3639,#3668,.T.);
#3668 = SURFACE_CURVE('',#3669,(#3673,#3680),.PCURVE_S1.);
#3669 = LINE('',#3670,#3671);
#3670 = CARTESIAN_POINT('',(23.6,5.463694682336,-6.511377766511));
#3671 = VECTOR('',#3672,1.);
#3672 = DIRECTION('',(-1.,0.,0.));
#3673 = PCURVE('',#3016,#3674);
#3674 = DEFINITIONAL_REPRESENTATION('',(#3675),#3679);
#3675 = LINE('',#3676,#3677);
#3676 = CARTESIAN_POINT('',(3.839724354388,5.3));
#3677 = VECTOR('',#3678,1.);
#3678 = DIRECTION('',(-0.,-1.));
#3679 = ( GEOMETRIC_REPRESENTATION_CONTEXT(2) 
PARAMETRIC_REPRESENTATION_CONTEXT() REPRESENTATION_CONTEXT('2D SPACE',''
  ) );
#3680 = PCURVE('',#3574,#3681);
#3681 = DEFINITIONAL_REPRESENTATION('',(#3682),#3686);
#3682 = LINE('',#3683,#3684);
#3683 = CARTESIAN_POINT('',(8.5,-5.3));
#3684 = VECTOR('',#3685,1.);
#3685 = DIRECTION('',(0.,1.));
#3686 = ( GEOMETRIC_REPRESENTATION_CONTEXT(2) 
PARAMETRIC_REPRESENTATION_CONTEXT() REPRESENTATION_CONTEXT('2D SPACE',''
  ) );
#3687 = ORIENTED_EDGE('',*,*,#3586,.F.);
#3688 = ORIENTED_EDGE('',*,*,#3001,.F.);
#3689 = ADVANCED_FACE('',(#3690),#3052,.F.);
#3690 = FACE_BOUND('',#3691,.F.);
#3691 = EDGE_LOOP('',(#3692,#3693,#3714,#3715));
#3692 = ORIENTED_EDGE('',*,*,#3031,.F.);
#3693 = ORIENTED_EDGE('',*,*,#3694,.F.);
#3694 = EDGE_CURVE('',#3418,#3032,#3695,.T.);
#3695 = SEAM_CURVE('',#3696,(#3700,#3707),.PCURVE_S1.);
#3696 = LINE('',#3697,#3698);
#3697 = CARTESIAN_POINT('',(25.4,5.265981236334E-16,-2.15));
#3698 = VECTOR('',#3699,1.);
#3699 = DIRECTION('',(-1.,0.,0.));
#3700 = PCURVE('',#3052,#3701);
#3701 = DEFINITIONAL_REPRESENTATION('',(#3702),#3706);
#3702 = LINE('',#3703,#3704);
#3703 = CARTESIAN_POINT('',(6.28318530718,-0.));
#3704 = VECTOR('',#3705,1.);
#3705 = DIRECTION('',(0.,1.));
#3706 = ( GEOMETRIC_REPRESENTATION_CONTEXT(2) 
PARAMETRIC_REPRESENTATION_CONTEXT() REPRESENTATION_CONTEXT('2D SPACE',''
  ) );
#3707 = PCURVE('',#3052,#3708);
#3708 = DEFINITIONAL_REPRESENTATION('',(#3709),#3713);
#3709 = LINE('',#3710,#3711);
#3710 = CARTESIAN_POINT('',(0.,-0.));
#3711 = VECTOR('',#3712,1.);
#3712 = DIRECTION('',(0.,1.));
#3713 = ( GEOMETRIC_REPRESENTATION_CONTEXT(2) 
PARAMETRIC_REPRESENTATION_CONTEXT() REPRESENTATION_CONTEXT('2D SPACE',''
  ) );
#3714 = ORIENTED_EDGE('',*,*,#3417,.T.);
#3715 = ORIENTED_EDGE('',*,*,#3694,.T.);
#3716 = ADVANCED_FACE('',(#3717),#3574,.T.);
#3717 = FACE_BOUND('',#3718,.T.);
#3718 = EDGE_LOOP('',(#3719,#3742,#3769,#3796,#3816,#3817));
#3719 = ORIENTED_EDGE('',*,*,#3720,.T.);
#3720 = EDGE_CURVE('',#3531,#3721,#3723,.T.);
#3721 = VERTEX_POINT('',#3722);
#3722 = CARTESIAN_POINT('',(3.8,11.570176974358,-13.78879997614));
#3723 = SURFACE_CURVE('',#3724,(#3728,#3735),.PCURVE_S1.);
#3724 = LINE('',#3725,#3726);
#3725 = CARTESIAN_POINT('',(23.6,11.570176974358,-13.78879997614));
#3726 = VECTOR('',#3727,1.);
#3727 = DIRECTION('',(-1.,0.,0.));
#3728 = PCURVE('',#3574,#3729);
#3729 = DEFINITIONAL_REPRESENTATION('',(#3730),#3734);
#3730 = LINE('',#3731,#3732);
#3731 = CARTESIAN_POINT('',(18.,-5.3));
#3732 = VECTOR('',#3733,1.);
#3733 = DIRECTION('',(0.,1.));
#3734 = ( GEOMETRIC_REPRESENTATION_CONTEXT(2) 
PARAMETRIC_REPRESENTATION_CONTEXT() REPRESENTATION_CONTEXT('2D SPACE',''
  ) );
#3735 = PCURVE('',#3547,#3736);
#3736 = DEFINITIONAL_REPRESENTATION('',(#3737),#3741);
#3737 = LINE('',#3738,#3739);
#3738 = CARTESIAN_POINT('',(3.839724354388,4.3));
#3739 = VECTOR('',#3740,1.);
#3740 = DIRECTION('',(-0.,-1.));
#3741 = ( GEOMETRIC_REPRESENTATION_CONTEXT(2) 
PARAMETRIC_REPRESENTATION_CONTEXT() REPRESENTATION_CONTEXT('2D SPACE',''
  ) );
#3742 = ORIENTED_EDGE('',*,*,#3743,.T.);
#3743 = EDGE_CURVE('',#3721,#3744,#3746,.T.);
#3744 = VERTEX_POINT('',#3745);
#3745 = CARTESIAN_POINT('',(3.8,8.356238925925,-9.958577760547));
#3746 = SURFACE_CURVE('',#3747,(#3751,#3758),.PCURVE_S1.);
#3747 = LINE('',#3748,#3749);
#3748 = CARTESIAN_POINT('',(3.8,0.,0.));
#3749 = VECTOR('',#3750,1.);
#3750 = DIRECTION('',(0.,-0.642787609687,0.766044443119));
#3751 = PCURVE('',#3574,#3752);
#3752 = DEFINITIONAL_REPRESENTATION('',(#3753),#3757);
#3753 = LINE('',#3754,#3755);
#3754 = CARTESIAN_POINT('',(0.,14.5));
#3755 = VECTOR('',#3756,1.);
#3756 = DIRECTION('',(-1.,-0.));
#3757 = ( GEOMETRIC_REPRESENTATION_CONTEXT(2) 
PARAMETRIC_REPRESENTATION_CONTEXT() REPRESENTATION_CONTEXT('2D SPACE',''
  ) );
#3758 = PCURVE('',#3759,#3764);
#3759 = PLANE('',#3760);
#3760 = AXIS2_PLACEMENT_3D('',#3761,#3762,#3763);
#3761 = CARTESIAN_POINT('',(3.8,0.,0.));
#3762 = DIRECTION('',(1.,0.,0.));
#3763 = DIRECTION('',(-0.,0.,1.));
#3764 = DEFINITIONAL_REPRESENTATION('',(#3765),#3768);
#3765 = B_SPLINE_CURVE_WITH_KNOTS('',1,(#3766,#3767),.UNSPECIFIED.,.F.,
  .F.,(2,2),(-22.2520388095,-0.),.PIECEWISE_BEZIER_KNOTS.);
#3766 = CARTESIAN_POINT('',(-17.04605067808,-14.30333483701));
#3767 = CARTESIAN_POINT('',(0.,0.));
#3768 = ( GEOMETRIC_REPRESENTATION_CONTEXT(2) 
PARAMETRIC_REPRESENTATION_CONTEXT() REPRESENTATION_CONTEXT('2D SPACE',''
  ) );
#3769 = ORIENTED_EDGE('',*,*,#3770,.T.);
#3770 = EDGE_CURVE('',#3744,#3771,#3773,.T.);
#3771 = VERTEX_POINT('',#3772);
#3772 = CARTESIAN_POINT('',(19.3,8.356238925925,-9.958577760547));
#3773 = SURFACE_CURVE('',#3774,(#3778,#3785),.PCURVE_S1.);
#3774 = LINE('',#3775,#3776);
#3775 = CARTESIAN_POINT('',(2.8,8.356238925925,-9.958577760547));
#3776 = VECTOR('',#3777,1.);
#3777 = DIRECTION('',(1.,0.,0.));
#3778 = PCURVE('',#3574,#3779);
#3779 = DEFINITIONAL_REPRESENTATION('',(#3780),#3784);
#3780 = LINE('',#3781,#3782);
#3781 = CARTESIAN_POINT('',(13.,15.5));
#3782 = VECTOR('',#3783,1.);
#3783 = DIRECTION('',(0.,-1.));
#3784 = ( GEOMETRIC_REPRESENTATION_CONTEXT(2) 
PARAMETRIC_REPRESENTATION_CONTEXT() REPRESENTATION_CONTEXT('2D SPACE',''
  ) );
#3785 = PCURVE('',#3786,#3791);
#3786 = CYLINDRICAL_SURFACE('',#3787,13.);
#3787 = AXIS2_PLACEMENT_3D('',#3788,#3789,#3790);
#3788 = CARTESIAN_POINT('',(2.8,0.,0.));
#3789 = DIRECTION('',(1.,0.,0.));
#3790 = DIRECTION('',(-0.,0.,1.));
#3791 = DEFINITIONAL_REPRESENTATION('',(#3792),#3795);
#3792 = B_SPLINE_CURVE_WITH_KNOTS('',1,(#3793,#3794),.UNSPECIFIED.,.F.,
  .F.,(2,2),(0.9999994,16.5000006),.PIECEWISE_BEZIER_KNOTS.);
#3793 = CARTESIAN_POINT('',(3.839724354388,0.9999994));
#3794 = CARTESIAN_POINT('',(3.839724354388,16.5000006));
#3795 = ( GEOMETRIC_REPRESENTATION_CONTEXT(2) 
PARAMETRIC_REPRESENTATION_CONTEXT() REPRESENTATION_CONTEXT('2D SPACE',''
  ) );
#3796 = ORIENTED_EDGE('',*,*,#3797,.T.);
#3797 = EDGE_CURVE('',#3771,#3639,#3798,.T.);
#3798 = SURFACE_CURVE('',#3799,(#3803,#3810),.PCURVE_S1.);
#3799 = LINE('',#3800,#3801);
#3800 = CARTESIAN_POINT('',(19.3,0.,0.));
#3801 = VECTOR('',#3802,1.);
#3802 = DIRECTION('',(0.,-0.642787609687,0.766044443119));
#3803 = PCURVE('',#3574,#3804);
#3804 = DEFINITIONAL_REPRESENTATION('',(#3805),#3809);
#3805 = LINE('',#3806,#3807);
#3806 = CARTESIAN_POINT('',(0.,-1.));
#3807 = VECTOR('',#3808,1.);
#3808 = DIRECTION('',(-1.,-0.));
#3809 = ( GEOMETRIC_REPRESENTATION_CONTEXT(2) 
PARAMETRIC_REPRESENTATION_CONTEXT() REPRESENTATION_CONTEXT('2D SPACE',''
  ) );
#3810 = PCURVE('',#3655,#3811);
#3811 = DEFINITIONAL_REPRESENTATION('',(#3812),#3815);
#3812 = B_SPLINE_CURVE_WITH_KNOTS('',1,(#3813,#3814),.UNSPECIFIED.,.F.,
  .F.,(2,2),(-22.2520388095,-0.),.PIECEWISE_BEZIER_KNOTS.);
#3813 = CARTESIAN_POINT('',(-17.04605067808,-14.30333483701));
#3814 = CARTESIAN_POINT('',(0.,0.));
#3815 = ( GEOMETRIC_REPRESENTATION_CONTEXT(2) 
PARAMETRIC_REPRESENTATION_CONTEXT() REPRESENTATION_CONTEXT('2D SPACE',''
  ) );
#3816 = ORIENTED_EDGE('',*,*,#3667,.F.);
#3817 = ORIENTED_EDGE('',*,*,#3559,.F.);
#3818 = ADVANCED_FACE('',(#3819,#3868,#4042),#3547,.T.);
#3819 = FACE_BOUND('',#3820,.T.);
#3820 = EDGE_LOOP('',(#3821,#3822,#3845,#3867));
#3821 = ORIENTED_EDGE('',*,*,#3530,.F.);
#3822 = ORIENTED_EDGE('',*,*,#3823,.T.);
#3823 = EDGE_CURVE('',#3504,#3824,#3826,.T.);
#3824 = VERTEX_POINT('',#3825);
#3825 = CARTESIAN_POINT('',(3.8,-3.125667198005,-17.72653955422));
#3826 = SURFACE_CURVE('',#3827,(#3831,#3838),.PCURVE_S1.);
#3827 = LINE('',#3828,#3829);
#3828 = CARTESIAN_POINT('',(23.6,-3.125667198005,-17.72653955422));
#3829 = VECTOR('',#3830,1.);
#3830 = DIRECTION('',(-1.,0.,0.));
#3831 = PCURVE('',#3547,#3832);
#3832 = DEFINITIONAL_REPRESENTATION('',(#3833),#3837);
#3833 = LINE('',#3834,#3835);
#3834 = CARTESIAN_POINT('',(2.96705972839,4.3));
#3835 = VECTOR('',#3836,1.);
#3836 = DIRECTION('',(-0.,-1.));
#3837 = ( GEOMETRIC_REPRESENTATION_CONTEXT(2) 
PARAMETRIC_REPRESENTATION_CONTEXT() REPRESENTATION_CONTEXT('2D SPACE',''
  ) );
#3838 = PCURVE('',#3518,#3839);
#3839 = DEFINITIONAL_REPRESENTATION('',(#3840),#3844);
#3840 = LINE('',#3841,#3842);
#3841 = CARTESIAN_POINT('',(4.252038809504,-5.3));
#3842 = VECTOR('',#3843,1.);
#3843 = DIRECTION('',(0.,1.));
#3844 = ( GEOMETRIC_REPRESENTATION_CONTEXT(2) 
PARAMETRIC_REPRESENTATION_CONTEXT() REPRESENTATION_CONTEXT('2D SPACE',''
  ) );
#3845 = ORIENTED_EDGE('',*,*,#3846,.T.);
#3846 = EDGE_CURVE('',#3824,#3721,#3847,.T.);
#3847 = SURFACE_CURVE('',#3848,(#3853,#3860),.PCURVE_S1.);
#3848 = CIRCLE('',#3849,18.);
#3849 = AXIS2_PLACEMENT_3D('',#3850,#3851,#3852);
#3850 = CARTESIAN_POINT('',(3.8,0.,0.));
#3851 = DIRECTION('',(1.,0.,0.));
#3852 = DIRECTION('',(-0.,0.,1.));
#3853 = PCURVE('',#3547,#3854);
#3854 = DEFINITIONAL_REPRESENTATION('',(#3855),#3859);
#3855 = LINE('',#3856,#3857);
#3856 = CARTESIAN_POINT('',(0.,-15.5));
#3857 = VECTOR('',#3858,1.);
#3858 = DIRECTION('',(1.,0.));
#3859 = ( GEOMETRIC_REPRESENTATION_CONTEXT(2) 
PARAMETRIC_REPRESENTATION_CONTEXT() REPRESENTATION_CONTEXT('2D SPACE',''
  ) );
#3860 = PCURVE('',#3759,#3861);
#3861 = DEFINITIONAL_REPRESENTATION('',(#3862),#3866);
#3862 = CIRCLE('',#3863,18.);
#3863 = AXIS2_PLACEMENT_2D('',#3864,#3865);
#3864 = CARTESIAN_POINT('',(0.,0.));
#3865 = DIRECTION('',(1.,0.));
#3866 = ( GEOMETRIC_REPRESENTATION_CONTEXT(2) 
PARAMETRIC_REPRESENTATION_CONTEXT() REPRESENTATION_CONTEXT('2D SPACE',''
  ) );
#3867 = ORIENTED_EDGE('',*,*,#3720,.F.);
#3868 = FACE_BOUND('',#3869,.T.);
#3869 = EDGE_LOOP('',(#3870));
#3870 = ORIENTED_EDGE('',*,*,#3871,.T.);
#3871 = EDGE_CURVE('',#3872,#3872,#3874,.T.);
#3872 = VERTEX_POINT('',#3873);
#3873 = CARTESIAN_POINT('',(7.7,6.70213086696,-16.70573080838));
#3874 = SURFACE_CURVE('',#3875,(#3927,#3982),.PCURVE_S1.);
#3875 = B_SPLINE_CURVE_WITH_KNOTS('',8,(#3876,#3877,#3878,#3879,#3880,
    #3881,#3882,#3883,#3884,#3885,#3886,#3887,#3888,#3889,#3890,#3891,
    #3892,#3893,#3894,#3895,#3896,#3897,#3898,#3899,#3900,#3901,#3902,
    #3903,#3904,#3905,#3906,#3907,#3908,#3909,#3910,#3911,#3912,#3913,
    #3914,#3915,#3916,#3917,#3918,#3919,#3920,#3921,#3922,#3923,#3924,
    #3925,#3926),.UNSPECIFIED.,.T.,.F.,(9,7,7,7,7,7,7,9),(0.,
    0.154328701848,0.286450483796,0.411719097905,0.56877085943,
    0.707233272057,0.828130877331,1.),.UNSPECIFIED.);
#3876 = CARTESIAN_POINT('',(7.7,6.70213086696,-16.70573080838));
#3877 = CARTESIAN_POINT('',(7.475545541624,6.70213086696,-16.70573080838
    ));
#3878 = CARTESIAN_POINT('',(7.251405053189,6.677096995002,
    -16.71577388514));
#3879 = CARTESIAN_POINT('',(7.029294295797,6.627153595093,
    -16.73581131916));
#3880 = CARTESIAN_POINT('',(6.811132984623,6.551684228551,
    -16.76584371838));
#3881 = CARTESIAN_POINT('',(6.599440697096,6.449589071906,
    -16.80583360937));
#3882 = CARTESIAN_POINT('',(6.397581421395,6.319431341953,
    -16.85556567638));
#3883 = CARTESIAN_POINT('',(6.210100350624,6.159646064828,
    -16.91447910871));
#3884 = CARTESIAN_POINT('',(5.900680326609,5.805757934256,
    -17.03887054654));
#3885 = CARTESIAN_POINT('',(5.767924252296,5.613877593689,
    -17.10430182596));
#3886 = CARTESIAN_POINT('',(5.65656905316,5.395868312068,-17.17569163808
    ));
#3887 = CARTESIAN_POINT('',(5.575168969965,5.156662826844,
    -17.25000702033));
#3888 = CARTESIAN_POINT('',(5.529399053881,4.903207098665,
    -17.32381372609));
#3889 = CARTESIAN_POINT('',(5.52197965566,4.643663454743,-17.39420750176
    ));
#3890 = CARTESIAN_POINT('',(5.552559703617,4.386650741157,
    -17.45913555563));
#3891 = CARTESIAN_POINT('',(5.679161848363,3.906576776749,-17.572600768)
  );
#3892 = CARTESIAN_POINT('',(5.769863814275,3.689432056075,
    -17.62016220235));
#3893 = CARTESIAN_POINT('',(5.884263554931,3.491215558456,
    -17.66046692057));
#3894 = CARTESIAN_POINT('',(6.017680136089,3.313380444628,
    -17.69424007289));
#3895 = CARTESIAN_POINT('',(6.165951449002,3.156681881334,
    -17.72226977502));
#3896 = CARTESIAN_POINT('',(6.325329777637,3.021334131262,
    -17.74529026557));
#3897 = CARTESIAN_POINT('',(6.492433862103,2.907090870512,
    -17.76394779974));
#3898 = CARTESIAN_POINT('',(6.879613346706,2.69569178215,-17.79739929396
    ));
#3899 = CARTESIAN_POINT('',(7.104643864216,2.608985597137,
    -17.81020834775));
#3900 = CARTESIAN_POINT('',(7.335549827866,2.552004473224,
    -17.81824395843));
#3901 = CARTESIAN_POINT('',(7.569592223569,2.52390906703,-17.82211366047
    ));
#3902 = CARTESIAN_POINT('',(7.80448468196,2.524274444671,-17.82208292477
    ));
#3903 = CARTESIAN_POINT('',(8.038081642495,2.553137349611,
    -17.81811260343));
#3904 = CARTESIAN_POINT('',(8.268078487858,2.611029253864,
    -17.80984128597));
#3905 = CARTESIAN_POINT('',(8.688415731995,2.776595180924,
    -17.78473152949));
#3906 = CARTESIAN_POINT('',(8.881248386158,2.877968081712,-17.7689616062
    ));
#3907 = CARTESIAN_POINT('',(9.06712712795,3.004023812485,-17.74862911784
    ));
#3908 = CARTESIAN_POINT('',(9.242639333019,3.155501693415,
    -17.72298074496));
#3909 = CARTESIAN_POINT('',(9.403656405789,3.332793097463,
    -17.69108691938));
#3910 = CARTESIAN_POINT('',(9.545234125455,3.535781978135,-17.6518310947
    ));
#3911 = CARTESIAN_POINT('',(9.661412398686,3.763556454471,-17.6040209052
    ));
#3912 = CARTESIAN_POINT('',(9.817556006192,4.232336335393,
    -17.49678762018));
#3913 = CARTESIAN_POINT('',(9.864226688445,4.464717112729,
    -17.44035781567));
#3914 = CARTESIAN_POINT('',(9.879764719228,4.704350704354,
    -17.37823216931));
#3915 = CARTESIAN_POINT('',(9.862082888632,4.943734185648,
    -17.31182874624));
#3916 = CARTESIAN_POINT('',(9.811925303721,5.175313871818,
    -17.24332735258));
#3917 = CARTESIAN_POINT('',(9.732791942523,5.392232623457,
    -17.17554688066));
#3918 = CARTESIAN_POINT('',(9.630919960276,5.589016324024,
    -17.11128933128));
#3919 = CARTESIAN_POINT('',(9.350945829408,6.007829614154,
    -16.96977708585));
#3920 = CARTESIAN_POINT('',(9.153404762891,6.213613126524,
    -16.89573125495));
#3921 = CARTESIAN_POINT('',(8.933666015319,6.380553723404,
    -16.83278484444));
#3922 = CARTESIAN_POINT('',(8.699111139344,6.510951673768,
    -16.78203892796));
#3923 = CARTESIAN_POINT('',(8.455054738033,6.606980641443,
    -16.74390315906));
#3924 = CARTESIAN_POINT('',(8.205339180807,6.67037217064,-16.71847215048
    ));
#3925 = CARTESIAN_POINT('',(7.952811422586,6.70213086696,-16.70573080838
    ));
#3926 = CARTESIAN_POINT('',(7.7,6.70213086696,-16.70573080838));
#3927 = PCURVE('',#3547,#3928);
#3928 = DEFINITIONAL_REPRESENTATION('',(#3929),#3981);
#3929 = B_SPLINE_CURVE_WITH_KNOTS('',8,(#3930,#3931,#3932,#3933,#3934,
    #3935,#3936,#3937,#3938,#3939,#3940,#3941,#3942,#3943,#3944,#3945,
    #3946,#3947,#3948,#3949,#3950,#3951,#3952,#3953,#3954,#3955,#3956,
    #3957,#3958,#3959,#3960,#3961,#3962,#3963,#3964,#3965,#3966,#3967,
    #3968,#3969,#3970,#3971,#3972,#3973,#3974,#3975,#3976,#3977,#3978,
    #3979,#3980),.UNSPECIFIED.,.F.,.F.,(9,7,7,7,7,7,7,9),(0.,
    0.154328701848,0.286450483796,0.411719097905,0.56877085943,
    0.707233272057,0.828130877331,1.),.UNSPECIFIED.);
#3930 = CARTESIAN_POINT('',(3.523122343399,-11.6));
#3931 = CARTESIAN_POINT('',(3.523122343399,-11.82445445837));
#3932 = CARTESIAN_POINT('',(3.521623827112,-12.04859494681));
#3933 = CARTESIAN_POINT('',(3.518634215397,-12.2707057042));
#3934 = CARTESIAN_POINT('',(3.514121710779,-12.48886701537));
#3935 = CARTESIAN_POINT('',(3.50803036767,-12.7005593029));
#3936 = CARTESIAN_POINT('',(3.500290172114,-12.9024185786));
#3937 = CARTESIAN_POINT('',(3.490830152986,-13.08989964937));
#3938 = CARTESIAN_POINT('',(3.469990521437,-13.39931967339));
#3939 = CARTESIAN_POINT('',(3.458728259665,-13.5320757477));
#3940 = CARTESIAN_POINT('',(3.445985384846,-13.64343094684));
#3941 = CARTESIAN_POINT('',(3.432073067907,-13.72483103003));
#3942 = CARTESIAN_POINT('',(3.417412274056,-13.77060094611));
#3943 = CARTESIAN_POINT('',(3.402476004529,-13.77802034434));
#3944 = CARTESIAN_POINT('',(3.387750681751,-13.74744029638));
#3945 = CARTESIAN_POINT('',(3.360345099408,-13.62083815163));
#3946 = CARTESIAN_POINT('',(3.347997197515,-13.53013618572));
#3947 = CARTESIAN_POINT('',(3.336761765769,-13.41573644506));
#3948 = CARTESIAN_POINT('',(3.326706800083,-13.28231986391));
#3949 = CARTESIAN_POINT('',(3.317863821726,-13.13404855099));
#3950 = CARTESIAN_POINT('',(3.310236813248,-12.97467022236));
#3951 = CARTESIAN_POINT('',(3.303805957811,-12.80756613789));
#3952 = CARTESIAN_POINT('',(3.291915436502,-12.42038665329));
#3953 = CARTESIAN_POINT('',(3.287046400789,-12.19535613578));
#3954 = CARTESIAN_POINT('',(3.283849483512,-11.96445017213));
#3955 = CARTESIAN_POINT('',(3.282273842882,-11.73040777643));
#3956 = CARTESIAN_POINT('',(3.282294212804,-11.49551531804));
#3957 = CARTESIAN_POINT('',(3.283912825039,-11.2619183575));
#3958 = CARTESIAN_POINT('',(3.287161585652,-11.03192151214));
#3959 = CARTESIAN_POINT('',(3.296464873282,-10.611584268));
#3960 = CARTESIAN_POINT('',(3.302164404233,-10.41875161384));
#3961 = CARTESIAN_POINT('',(3.30925780028,-10.23287287205));
#3962 = CARTESIAN_POINT('',(3.317792502353,-10.05736066698));
#3963 = CARTESIAN_POINT('',(3.327798858857,-9.896343594211));
#3964 = CARTESIAN_POINT('',(3.339282833102,-9.754765874545));
#3965 = CARTESIAN_POINT('',(3.352210630732,-9.638587601314));
#3966 = CARTESIAN_POINT('',(3.378926647231,-9.482443993808));
#3967 = CARTESIAN_POINT('',(3.392210692916,-9.435773311555));
#3968 = CARTESIAN_POINT('',(3.405961055558,-9.420235280772));
#3969 = CARTESIAN_POINT('',(3.419758318459,-9.437917111368));
#3970 = CARTESIAN_POINT('',(3.433171605919,-9.488074696279));
#3971 = CARTESIAN_POINT('',(3.445795533896,-9.567208057477));
#3972 = CARTESIAN_POINT('',(3.457295447771,-9.669080039724));
#3973 = CARTESIAN_POINT('',(3.481855168861,-9.949054170592));
#3974 = CARTESIAN_POINT('',(3.494002837299,-10.1465952371));
#3975 = CARTESIAN_POINT('',(3.503913307551,-10.36633398468));
#3976 = CARTESIAN_POINT('',(3.511686517549,-10.60088886065));
#3977 = CARTESIAN_POINT('',(3.517426685342,-10.84494526196));
#3978 = CARTESIAN_POINT('',(3.521221276349,-11.09466081919));
#3979 = CARTESIAN_POINT('',(3.523122343399,-11.34718857741));
#3980 = CARTESIAN_POINT('',(3.523122343399,-11.6));
#3981 = ( GEOMETRIC_REPRESENTATION_CONTEXT(2) 
PARAMETRIC_REPRESENTATION_CONTEXT() REPRESENTATION_CONTEXT('2D SPACE',''
  ) );
#3982 = PCURVE('',#3983,#3988);
#3983 = CYLINDRICAL_SURFACE('',#3984,2.15);
#3984 = AXIS2_PLACEMENT_3D('',#3985,#3986,#3987);
#3985 = CARTESIAN_POINT('',(7.7,4.710506620866,-17.57985003846));
#3986 = DIRECTION('',(0.,-0.258819045103,0.965925826289));
#3987 = DIRECTION('',(0.,0.965925826289,0.258819045103));
#3988 = DEFINITIONAL_REPRESENTATION('',(#3989),#4041);
#3989 = B_SPLINE_CURVE_WITH_KNOTS('',8,(#3990,#3991,#3992,#3993,#3994,
    #3995,#3996,#3997,#3998,#3999,#4000,#4001,#4002,#4003,#4004,#4005,
    #4006,#4007,#4008,#4009,#4010,#4011,#4012,#4013,#4014,#4015,#4016,
    #4017,#4018,#4019,#4020,#4021,#4022,#4023,#4024,#4025,#4026,#4027,
    #4028,#4029,#4030,#4031,#4032,#4033,#4034,#4035,#4036,#4037,#4038,
    #4039,#4040),.UNSPECIFIED.,.F.,.F.,(9,7,7,7,7,7,7,9),(0.,
    0.154328701848,0.286450483796,0.411719097905,0.56877085943,
    0.707233272057,0.828130877331,1.),.UNSPECIFIED.);
#3990 = CARTESIAN_POINT('',(0.,0.328864054012));
#3991 = CARTESIAN_POINT('',(0.104397422501,0.328864054012));
#3992 = CARTESIAN_POINT('',(0.208648445716,0.325642429631));
#3993 = CARTESIAN_POINT('',(0.313690894276,0.319214057685));
#3994 = CARTESIAN_POINT('',(0.420340754499,0.30973789704));
#3995 = CARTESIAN_POINT('',(0.52938888048,0.297534799493));
#3996 = CARTESIAN_POINT('',(0.641644069904,0.283184610956));
#3997 = CARTESIAN_POINT('',(0.758005303623,0.267634077997));
#3998 = CARTESIAN_POINT('',(0.983783267041,0.23907416366));
#3999 = CARTESIAN_POINT('',(1.095634192793,0.225534687535));
#4000 = CARTESIAN_POINT('',(1.212457184997,0.213002378365));
#4001 = CARTESIAN_POINT('',(1.332527191079,0.203130166631));
#4002 = CARTESIAN_POINT('',(1.45460835792,0.197437532927));
#4003 = CARTESIAN_POINT('',(1.577633776391,0.196617205085));
#4004 = CARTESIAN_POINT('',(1.700581687677,0.200421306104));
#4005 = CARTESIAN_POINT('',(1.937361394153,0.215074612142));
#4006 = CARTESIAN_POINT('',(2.047890109603,0.225334983619));
#4007 = CARTESIAN_POINT('',(2.15440674619,0.237705820007));
#4008 = CARTESIAN_POINT('',(2.257362332368,0.251110574288));
#4009 = CARTESIAN_POINT('',(2.357090745671,0.264592533618));
#4010 = CARTESIAN_POINT('',(2.45383695819,0.277387022701));
#4011 = CARTESIAN_POINT('',(2.547754004326,0.288933560244));
#4012 = CARTESIAN_POINT('',(2.753256809807,0.311336008236));
#4013 = CARTESIAN_POINT('',(2.864485147151,0.321404624379));
#4014 = CARTESIAN_POINT('',(2.973673340401,0.328390620571));
#4015 = CARTESIAN_POINT('',(3.081686097188,0.331924401629));
#4016 = CARTESIAN_POINT('',(3.189334617741,0.331859523347));
#4017 = CARTESIAN_POINT('',(3.297430081373,0.328224289775));
#4018 = CARTESIAN_POINT('',(3.406834333559,0.321230241551));
#4019 = CARTESIAN_POINT('',(3.617106047154,0.30263278868));
#4020 = CARTESIAN_POINT('',(3.717961228364,0.291628127487));
#4021 = CARTESIAN_POINT('',(3.821554045618,0.278642179236));
#4022 = CARTESIAN_POINT('',(3.928301728519,0.264211244506));
#4023 = CARTESIAN_POINT('',(4.038684304017,0.249131922428));
#4024 = CARTESIAN_POINT('',(4.153265802523,0.234512749065));
#4025 = CARTESIAN_POINT('',(4.272761923924,0.221741473398));
#4026 = CARTESIAN_POINT('',(4.507781146316,0.20399171169));
#4027 = CARTESIAN_POINT('',(4.620241317316,0.198354146345));
#4028 = CARTESIAN_POINT('',(4.733980024694,0.196341175287));
#4029 = CARTESIAN_POINT('',(4.847785309081,0.198524952541));
#4030 = CARTESIAN_POINT('',(4.960518184803,0.204754984572));
#4031 = CARTESIAN_POINT('',(5.070951957902,0.214083188751));
#4032 = CARTESIAN_POINT('',(5.177517889238,0.225219845762));
#4033 = CARTESIAN_POINT('',(5.42054516448,0.253513322531));
#4034 = CARTESIAN_POINT('',(5.555362982354,0.271775410756));
#4035 = CARTESIAN_POINT('',(5.684272113922,0.289369568468));
#4036 = CARTESIAN_POINT('',(5.808590849163,0.304636886781));
#4037 = CARTESIAN_POINT('',(5.929521766922,0.316619085147));
#4038 = CARTESIAN_POINT('',(6.048143356987,0.324776618066));
#4039 = CARTESIAN_POINT('',(6.165598599,0.328864054012));
#4040 = CARTESIAN_POINT('',(6.28318530718,0.328864054012));
#4041 = ( GEOMETRIC_REPRESENTATION_CONTEXT(2) 
PARAMETRIC_REPRESENTATION_CONTEXT() REPRESENTATION_CONTEXT('2D SPACE',''
  ) );
#4042 = FACE_BOUND('',#4043,.T.);
#4043 = EDGE_LOOP('',(#4044));
#4044 = ORIENTED_EDGE('',*,*,#4045,.T.);
#4045 = EDGE_CURVE('',#4046,#4046,#4048,.T.);
#4046 = VERTEX_POINT('',#4047);
#4047 = CARTESIAN_POINT('',(14.9,6.232905943982,-16.88641120823));
#4048 = SURFACE_CURVE('',#4049,(#4094,#4142),.PCURVE_S1.);
#4049 = B_SPLINE_CURVE_WITH_KNOTS('',7,(#4050,#4051,#4052,#4053,#4054,
    #4055,#4056,#4057,#4058,#4059,#4060,#4061,#4062,#4063,#4064,#4065,
    #4066,#4067,#4068,#4069,#4070,#4071,#4072,#4073,#4074,#4075,#4076,
    #4077,#4078,#4079,#4080,#4081,#4082,#4083,#4084,#4085,#4086,#4087,
    #4088,#4089,#4090,#4091,#4092,#4093),.UNSPECIFIED.,.T.,.F.,(8,6,6,6,
    6,6,6,8),(0.,0.152574358126,0.285802237729,0.422071344728,
    0.588481789116,0.714355739442,0.838012687166,1.),.UNSPECIFIED.);
#4050 = CARTESIAN_POINT('',(14.9,6.232905943982,-16.88641120823));
#4051 = CARTESIAN_POINT('',(14.702624332505,6.232905943982,
    -16.88641120823));
#4052 = CARTESIAN_POINT('',(14.505327824605,6.206956375111,
    -16.89598926649));
#4053 = CARTESIAN_POINT('',(14.310568916901,6.155087420105,
    -16.91513517549));
#4054 = CARTESIAN_POINT('',(14.121123083857,6.076502176985,
    -16.94385440689));
#4055 = CARTESIAN_POINT('',(13.940588974221,5.969892129235,
    -16.98206819617));
#4056 = CARTESIAN_POINT('',(13.773939773816,5.83367207896,-17.0293634232
    ));
#4057 = CARTESIAN_POINT('',(13.501788916526,5.520891282379,
    -17.13310704475));
#4058 = CARTESIAN_POINT('',(13.386788645776,5.346550652122,
    -17.18932024284));
#4059 = CARTESIAN_POINT('',(13.296739122161,5.146906525562,
    -17.25120450272));
#4060 = CARTESIAN_POINT('',(13.240623930848,4.928842507868,
    -17.31524980962));
#4061 = CARTESIAN_POINT('',(13.223255475233,4.701764565309,
    -17.3777330709));
#4062 = CARTESIAN_POINT('',(13.24507020527,4.476042073554,
    -17.43599598032));
#4063 = CARTESIAN_POINT('',(13.359901211266,4.041404603439,
    -17.54189886185));
#4064 = CARTESIAN_POINT('',(13.452523494692,3.840585560615,
    -17.58741651568));
#4065 = CARTESIAN_POINT('',(13.571936548501,3.662532832736,
    -17.62507785861));
#4066 = CARTESIAN_POINT('',(13.711606434221,3.509173840917,
    -17.65569310352));
#4067 = CARTESIAN_POINT('',(13.865754885473,3.381301145925,
    -17.68009674997));
#4068 = CARTESIAN_POINT('',(14.029228460485,3.278770792982,
    -17.69903875105));
#4069 = CARTESIAN_POINT('',(14.402911901119,3.105132516828,
    -17.7304135066));
#4070 = CARTESIAN_POINT('',(14.618288553124,3.044677902086,
    -17.74071724823));
#4071 = CARTESIAN_POINT('',(14.838755046465,3.017796355167,
    -17.7451554713));
#4072 = CARTESIAN_POINT('',(15.060817292562,3.024115774074,
    -17.74410273381));
#4073 = CARTESIAN_POINT('',(15.280703426131,3.063981284361,
    -17.73747363861));
#4074 = CARTESIAN_POINT('',(15.49403411687,3.138085979918,
    -17.72469150374));
#4075 = CARTESIAN_POINT('',(15.846824962642,3.329471103286,
    -17.68959140018));
#4076 = CARTESIAN_POINT('',(15.993686548874,3.432957252775,
    -17.6701492465));
#4077 = CARTESIAN_POINT('',(16.131476347884,3.558161529979,
    -17.64583422476));
#4078 = CARTESIAN_POINT('',(16.255822848355,3.704977255261,
    -17.6160480112));
#4079 = CARTESIAN_POINT('',(16.361977037809,3.872507593307,
    -17.58016192859));
#4080 = CARTESIAN_POINT('',(16.444735660326,4.058955247714,
    -17.53762250758));
#4081 = CARTESIAN_POINT('',(16.550647775963,4.459834553751,
    -17.43994507161));
#4082 = CARTESIAN_POINT('',(16.573463739197,4.668564256731,
    -17.38629659858));
#4083 = CARTESIAN_POINT('',(16.5627117436,4.879514197367,-17.32878145555
    ));
#4084 = CARTESIAN_POINT('',(16.518280410466,5.084041026186,
    -17.26954774186));
#4085 = CARTESIAN_POINT('',(16.443645467658,5.274111665616,
    -17.21158028674));
#4086 = CARTESIAN_POINT('',(16.345732584112,5.443526125311,
    -17.15783702008));
#4087 = CARTESIAN_POINT('',(16.089661537073,5.779046013518,
    -17.04824603447));
#4088 = CARTESIAN_POINT('',(15.917307732406,5.93430501638,-16.9948014794
    ));
#4089 = CARTESIAN_POINT('',(15.727666925295,6.055551948448,
    -16.95150507016));
#4090 = CARTESIAN_POINT('',(15.527051801586,6.144751612285,
    -16.91895089384));
#4091 = CARTESIAN_POINT('',(15.32007849555,6.203509234596,
    -16.89726145739));
#4092 = CARTESIAN_POINT('',(15.110070671506,6.232905943982,
    -16.88641120823));
#4093 = CARTESIAN_POINT('',(14.9,6.232905943982,-16.88641120823));
#4094 = PCURVE('',#3547,#4095);
#4095 = DEFINITIONAL_REPRESENTATION('',(#4096),#4141);
#4096 = B_SPLINE_CURVE_WITH_KNOTS('',7,(#4097,#4098,#4099,#4100,#4101,
    #4102,#4103,#4104,#4105,#4106,#4107,#4108,#4109,#4110,#4111,#4112,
    #4113,#4114,#4115,#4116,#4117,#4118,#4119,#4120,#4121,#4122,#4123,
    #4124,#4125,#4126,#4127,#4128,#4129,#4130,#4131,#4132,#4133,#4134,
    #4135,#4136,#4137,#4138,#4139,#4140),.UNSPECIFIED.,.T.,.F.,(8,6,6,6,
    6,6,6,8),(0.,0.152574358126,0.285802237729,0.422071344728,
    0.588481789116,0.714355739442,0.838012687166,1.),.UNSPECIFIED.);
#4097 = CARTESIAN_POINT('',(3.49518757169,-4.4));
#4098 = CARTESIAN_POINT('',(3.49518757169,-4.597375667495));
#4099 = CARTESIAN_POINT('',(3.493650860811,-4.794672175395));
#4100 = CARTESIAN_POINT('',(3.49057921025,-4.989431083099));
#4101 = CARTESIAN_POINT('',(3.485930978023,-5.178876916143));
#4102 = CARTESIAN_POINT('',(3.479639475577,-5.359411025779));
#4103 = CARTESIAN_POINT('',(3.47162931356,-5.526060226184));
#4104 = CARTESIAN_POINT('',(3.453321708235,-5.798211083474));
#4105 = CARTESIAN_POINT('',(3.44314546156,-5.913211354224));
#4106 = CARTESIAN_POINT('',(3.431534649166,-6.003260877839));
#4107 = CARTESIAN_POINT('',(3.418911274106,-6.059376069152));
#4108 = CARTESIAN_POINT('',(3.405829709459,-6.076744524767));
#4109 = CARTESIAN_POINT('',(3.392879748678,-6.05492979473));
#4110 = CARTESIAN_POINT('',(3.368026776655,-5.940098788734));
#4111 = CARTESIAN_POINT('',(3.356588654827,-5.847476505308));
#4112 = CARTESIAN_POINT('',(3.346479440479,-5.728063451499));
#4113 = CARTESIAN_POINT('',(3.337791974691,-5.588393565779));
#4114 = CARTESIAN_POINT('',(3.330559948633,-5.434245114527));
#4115 = CARTESIAN_POINT('',(3.324767468165,-5.270771539515));
#4116 = CARTESIAN_POINT('',(3.314964686651,-4.897088098881));
#4117 = CARTESIAN_POINT('',(3.311557830967,-4.681711446876));
#4118 = CARTESIAN_POINT('',(3.310044122509,-4.461244953535));
#4119 = CARTESIAN_POINT('',(3.310400051251,-4.239182707438));
#4120 = CARTESIAN_POINT('',(3.312645277378,-4.019296573869));
#4121 = CARTESIAN_POINT('',(3.316822767007,-3.80596588313));
#4122 = CARTESIAN_POINT('',(3.327632610875,-3.453175037358));
#4123 = CARTESIAN_POINT('',(3.333482370597,-3.306313451126));
#4124 = CARTESIAN_POINT('',(3.340567888824,-3.168523652117));
#4125 = CARTESIAN_POINT('',(3.348889918728,-3.044177151645));
#4126 = CARTESIAN_POINT('',(3.358407100101,-2.938022962191));
#4127 = CARTESIAN_POINT('',(3.369030338707,-2.855264339674));
#4128 = CARTESIAN_POINT('',(3.391952987724,-2.749352224037));
#4129 = CARTESIAN_POINT('',(3.403925044473,-2.726536260803));
#4130 = CARTESIAN_POINT('',(3.416070137833,-2.7372882564));
#4131 = CARTESIAN_POINT('',(3.427897236672,-2.781719589534));
#4132 = CARTESIAN_POINT('',(3.438935783456,-2.856354532342));
#4133 = CARTESIAN_POINT('',(3.448809563146,-2.954267415888));
#4134 = CARTESIAN_POINT('',(3.468418689541,-3.210338462927));
#4135 = CARTESIAN_POINT('',(3.477539775442,-3.382692267594));
#4136 = CARTESIAN_POINT('',(3.484691898206,-3.572333074705));
#4137 = CARTESIAN_POINT('',(3.489967121815,-3.772948198414));
#4138 = CARTESIAN_POINT('',(3.493446726359,-3.97992150445));
#4139 = CARTESIAN_POINT('',(3.49518757169,-4.189929328494));
#4140 = CARTESIAN_POINT('',(3.49518757169,-4.4));
#4141 = ( GEOMETRIC_REPRESENTATION_CONTEXT(2) 
PARAMETRIC_REPRESENTATION_CONTEXT() REPRESENTATION_CONTEXT('2D SPACE',''
  ) );
#4142 = PCURVE('',#4143,#4148);
#4143 = CYLINDRICAL_SURFACE('',#4144,1.65);
#4144 = AXIS2_PLACEMENT_3D('',#4145,#4146,#4147);
#4145 = CARTESIAN_POINT('',(14.9,4.710506620866,-17.57985003846));
#4146 = DIRECTION('',(0.,-0.258819045103,0.965925826289));
#4147 = DIRECTION('',(0.,0.965925826289,0.258819045103));
#4148 = DEFINITIONAL_REPRESENTATION('',(#4149),#4194);
#4149 = B_SPLINE_CURVE_WITH_KNOTS('',7,(#4150,#4151,#4152,#4153,#4154,
    #4155,#4156,#4157,#4158,#4159,#4160,#4161,#4162,#4163,#4164,#4165,
    #4166,#4167,#4168,#4169,#4170,#4171,#4172,#4173,#4174,#4175,#4176,
    #4177,#4178,#4179,#4180,#4181,#4182,#4183,#4184,#4185,#4186,#4187,
    #4188,#4189,#4190,#4191,#4192,#4193),.UNSPECIFIED.,.F.,.F.,(8,6,6,6,
    6,6,6,8),(0.,0.152574358126,0.285802237729,0.422071344728,
    0.588481789116,0.714355739442,0.838012687166,1.),.UNSPECIFIED.);
#4150 = CARTESIAN_POINT('',(0.,0.275784535997));
#4151 = CARTESIAN_POINT('',(0.119621616663,0.275784535997));
#4152 = CARTESIAN_POINT('',(0.239194529286,0.273249084791));
#4153 = CARTESIAN_POINT('',(0.360029359789,0.268180230224));
#4154 = CARTESIAN_POINT('',(0.483215779578,0.26077894049));
#4155 = CARTESIAN_POINT('',(0.609967329361,0.251459965262));
#4156 = CARTESIAN_POINT('',(0.741507904509,0.241032627348));
#4157 = CARTESIAN_POINT('',(1.000268033029,0.221777611081));
#4158 = CARTESIAN_POINT('',(1.130129215278,0.212602506712));
#4159 = CARTESIAN_POINT('',(1.265307523605,0.204498604049));
#4160 = CARTESIAN_POINT('',(1.403690644762,0.199074708892));
#4161 = CARTESIAN_POINT('',(1.543652705053,0.197492609363));
#4162 = CARTESIAN_POINT('',(1.683780384452,0.19963624022));
#4163 = CARTESIAN_POINT('',(1.963625093386,0.209834366853));
#4164 = CARTESIAN_POINT('',(2.098369578762,0.217843482363));
#4165 = CARTESIAN_POINT('',(2.22767155561,0.227548855581));
#4166 = CARTESIAN_POINT('',(2.352242221088,0.237669027666));
#4167 = CARTESIAN_POINT('',(2.47261780464,0.247192804116));
#4168 = CARTESIAN_POINT('',(2.589084020075,0.255433044119));
#4169 = CARTESIAN_POINT('',(2.839380263858,0.270068250259));
#4170 = CARTESIAN_POINT('',(2.973245940214,0.275762405774));
#4171 = CARTESIAN_POINT('',(3.105394527143,0.278432867792));
#4172 = CARTESIAN_POINT('',(3.237264058792,0.277814148156));
#4173 = CARTESIAN_POINT('',(3.370167694429,0.273899409113));
#4174 = CARTESIAN_POINT('',(3.50533150276,0.267066296756));
#4175 = CARTESIAN_POINT('',(3.749324432029,0.251436278411));
#4176 = CARTESIAN_POINT('',(3.857976178146,0.243431770376));
#4177 = CARTESIAN_POINT('',(3.97020053557,0.234513026374));
#4178 = CARTESIAN_POINT('',(4.08615693773,0.225285593497));
#4179 = CARTESIAN_POINT('',(4.206204198084,0.216588845373));
#4180 = CARTESIAN_POINT('',(4.330860332344,0.209422566893));
#4181 = CARTESIAN_POINT('',(4.588969585295,0.200016525747));
#4182 = CARTESIAN_POINT('',(4.718912276889,0.197813748976));
#4183 = CARTESIAN_POINT('',(4.849063175867,0.198771248835));
#4184 = CARTESIAN_POINT('',(4.978073114724,0.203051184143));
#4185 = CARTESIAN_POINT('',(5.104469717829,0.209849544726));
#4186 = CARTESIAN_POINT('',(5.22640629056,0.217913865295));
#4187 = CARTESIAN_POINT('',(5.490439070147,0.236931691549));
#4188 = CARTESIAN_POINT('',(5.632152615189,0.248371180698));
#4189 = CARTESIAN_POINT('',(5.768100896427,0.258811285392));
#4190 = CARTESIAN_POINT('',(5.899780104822,0.267169633233));
#4191 = CARTESIAN_POINT('',(6.028593102591,0.272912428359));
#4192 = CARTESIAN_POINT('',(6.155869748691,0.275784535997));
#4193 = CARTESIAN_POINT('',(6.28318530718,0.275784535997));
#4194 = ( GEOMETRIC_REPRESENTATION_CONTEXT(2) 
PARAMETRIC_REPRESENTATION_CONTEXT() REPRESENTATION_CONTEXT('2D SPACE',''
  ) );
#4195 = ADVANCED_FACE('',(#4196),#3518,.T.);
#4196 = FACE_BOUND('',#4197,.T.);
#4197 = EDGE_LOOP('',(#4198,#4199,#4221,#4243,#4263,#4264));
#4198 = ORIENTED_EDGE('',*,*,#3615,.F.);
#4199 = ORIENTED_EDGE('',*,*,#4200,.T.);
#4200 = EDGE_CURVE('',#3616,#4201,#4203,.T.);
#4201 = VERTEX_POINT('',#4202);
#4202 = CARTESIAN_POINT('',(19.3,-2.25742630967,-12.80250078915));
#4203 = SURFACE_CURVE('',#4204,(#4208,#4215),.PCURVE_S1.);
#4204 = LINE('',#4205,#4206);
#4205 = CARTESIAN_POINT('',(19.3,-1.932012994322,-10.95699016996));
#4206 = VECTOR('',#4207,1.);
#4207 = DIRECTION('',(0.,-0.173648177667,-0.984807753012));
#4208 = PCURVE('',#3518,#4209);
#4209 = DEFINITIONAL_REPRESENTATION('',(#4210),#4214);
#4210 = LINE('',#4211,#4212);
#4211 = CARTESIAN_POINT('',(11.126019404752,-1.));
#4212 = VECTOR('',#4213,1.);
#4213 = DIRECTION('',(-1.,-0.));
#4214 = ( GEOMETRIC_REPRESENTATION_CONTEXT(2) 
PARAMETRIC_REPRESENTATION_CONTEXT() REPRESENTATION_CONTEXT('2D SPACE',''
  ) );
#4215 = PCURVE('',#3655,#4216);
#4216 = DEFINITIONAL_REPRESENTATION('',(#4217),#4220);
#4217 = B_SPLINE_CURVE_WITH_KNOTS('',1,(#4218,#4219),.UNSPECIFIED.,.F.,
  .F.,(2,2),(-11.12601940475,7.151659609192),.PIECEWISE_BEZIER_KNOTS.);
#4218 = CARTESIAN_POINT('',(1.7763568394E-15,-4.440892098501E-16));
#4219 = CARTESIAN_POINT('',(-18.,3.173885652752));
#4220 = ( GEOMETRIC_REPRESENTATION_CONTEXT(2) 
PARAMETRIC_REPRESENTATION_CONTEXT() REPRESENTATION_CONTEXT('2D SPACE',''
  ) );
#4221 = ORIENTED_EDGE('',*,*,#4222,.F.);
#4222 = EDGE_CURVE('',#4223,#4201,#4225,.T.);
#4223 = VERTEX_POINT('',#4224);
#4224 = CARTESIAN_POINT('',(3.8,-2.25742630967,-12.80250078915));
#4225 = SURFACE_CURVE('',#4226,(#4230,#4237),.PCURVE_S1.);
#4226 = LINE('',#4227,#4228);
#4227 = CARTESIAN_POINT('',(2.8,-2.25742630967,-12.80250078915));
#4228 = VECTOR('',#4229,1.);
#4229 = DIRECTION('',(1.,0.,0.));
#4230 = PCURVE('',#3518,#4231);
#4231 = DEFINITIONAL_REPRESENTATION('',(#4232),#4236);
#4232 = LINE('',#4233,#4234);
#4233 = CARTESIAN_POINT('',(9.252038809504,15.5));
#4234 = VECTOR('',#4235,1.);
#4235 = DIRECTION('',(0.,-1.));
#4236 = ( GEOMETRIC_REPRESENTATION_CONTEXT(2) 
PARAMETRIC_REPRESENTATION_CONTEXT() REPRESENTATION_CONTEXT('2D SPACE',''
  ) );
#4237 = PCURVE('',#3786,#4238);
#4238 = DEFINITIONAL_REPRESENTATION('',(#4239),#4242);
#4239 = B_SPLINE_CURVE_WITH_KNOTS('',1,(#4240,#4241),.UNSPECIFIED.,.F.,
  .F.,(2,2),(0.9999994,16.5000006),.PIECEWISE_BEZIER_KNOTS.);
#4240 = CARTESIAN_POINT('',(2.96705972839,0.9999994));
#4241 = CARTESIAN_POINT('',(2.96705972839,16.5000006));
#4242 = ( GEOMETRIC_REPRESENTATION_CONTEXT(2) 
PARAMETRIC_REPRESENTATION_CONTEXT() REPRESENTATION_CONTEXT('2D SPACE',''
  ) );
#4243 = ORIENTED_EDGE('',*,*,#4244,.T.);
#4244 = EDGE_CURVE('',#4223,#3824,#4245,.T.);
#4245 = SURFACE_CURVE('',#4246,(#4250,#4257),.PCURVE_S1.);
#4246 = LINE('',#4247,#4248);
#4247 = CARTESIAN_POINT('',(3.8,-1.932012994322,-10.95699016996));
#4248 = VECTOR('',#4249,1.);
#4249 = DIRECTION('',(0.,-0.173648177667,-0.984807753012));
#4250 = PCURVE('',#3518,#4251);
#4251 = DEFINITIONAL_REPRESENTATION('',(#4252),#4256);
#4252 = LINE('',#4253,#4254);
#4253 = CARTESIAN_POINT('',(11.126019404752,14.5));
#4254 = VECTOR('',#4255,1.);
#4255 = DIRECTION('',(-1.,-0.));
#4256 = ( GEOMETRIC_REPRESENTATION_CONTEXT(2) 
PARAMETRIC_REPRESENTATION_CONTEXT() REPRESENTATION_CONTEXT('2D SPACE',''
  ) );
#4257 = PCURVE('',#3759,#4258);
#4258 = DEFINITIONAL_REPRESENTATION('',(#4259),#4262);
#4259 = B_SPLINE_CURVE_WITH_KNOTS('',1,(#4260,#4261),.UNSPECIFIED.,.F.,
  .F.,(2,2),(-11.12601940475,7.151659609192),.PIECEWISE_BEZIER_KNOTS.);
#4260 = CARTESIAN_POINT('',(1.7763568394E-15,-4.440892098501E-16));
#4261 = CARTESIAN_POINT('',(-18.,3.173885652752));
#4262 = ( GEOMETRIC_REPRESENTATION_CONTEXT(2) 
PARAMETRIC_REPRESENTATION_CONTEXT() REPRESENTATION_CONTEXT('2D SPACE',''
  ) );
#4263 = ORIENTED_EDGE('',*,*,#3823,.F.);
#4264 = ORIENTED_EDGE('',*,*,#3503,.F.);
#4265 = ADVANCED_FACE('',(#4266),#3655,.F.);
#4266 = FACE_BOUND('',#4267,.F.);
#4267 = EDGE_LOOP('',(#4268,#4269,#4270,#4292));
#4268 = ORIENTED_EDGE('',*,*,#3638,.F.);
#4269 = ORIENTED_EDGE('',*,*,#4200,.T.);
#4270 = ORIENTED_EDGE('',*,*,#4271,.T.);
#4271 = EDGE_CURVE('',#4201,#3771,#4272,.T.);
#4272 = SURFACE_CURVE('',#4273,(#4278,#4285),.PCURVE_S1.);
#4273 = CIRCLE('',#4274,13.);
#4274 = AXIS2_PLACEMENT_3D('',#4275,#4276,#4277);
#4275 = CARTESIAN_POINT('',(19.3,0.,0.));
#4276 = DIRECTION('',(1.,0.,0.));
#4277 = DIRECTION('',(-0.,0.,1.));
#4278 = PCURVE('',#3655,#4279);
#4279 = DEFINITIONAL_REPRESENTATION('',(#4280),#4284);
#4280 = CIRCLE('',#4281,13.);
#4281 = AXIS2_PLACEMENT_2D('',#4282,#4283);
#4282 = CARTESIAN_POINT('',(0.,0.));
#4283 = DIRECTION('',(1.,0.));
#4284 = ( GEOMETRIC_REPRESENTATION_CONTEXT(2) 
PARAMETRIC_REPRESENTATION_CONTEXT() REPRESENTATION_CONTEXT('2D SPACE',''
  ) );
#4285 = PCURVE('',#3786,#4286);
#4286 = DEFINITIONAL_REPRESENTATION('',(#4287),#4291);
#4287 = LINE('',#4288,#4289);
#4288 = CARTESIAN_POINT('',(0.,16.5));
#4289 = VECTOR('',#4290,1.);
#4290 = DIRECTION('',(1.,0.));
#4291 = ( GEOMETRIC_REPRESENTATION_CONTEXT(2) 
PARAMETRIC_REPRESENTATION_CONTEXT() REPRESENTATION_CONTEXT('2D SPACE',''
  ) );
#4292 = ORIENTED_EDGE('',*,*,#3797,.T.);
#4293 = ADVANCED_FACE('',(#4294),#3759,.F.);
#4294 = FACE_BOUND('',#4295,.F.);
#4295 = EDGE_LOOP('',(#4296,#4297,#4298,#4299));
#4296 = ORIENTED_EDGE('',*,*,#4244,.T.);
#4297 = ORIENTED_EDGE('',*,*,#3846,.T.);
#4298 = ORIENTED_EDGE('',*,*,#3743,.T.);
#4299 = ORIENTED_EDGE('',*,*,#4300,.F.);
#4300 = EDGE_CURVE('',#4223,#3744,#4301,.T.);
#4301 = SURFACE_CURVE('',#4302,(#4307,#4314),.PCURVE_S1.);
#4302 = CIRCLE('',#4303,13.);
#4303 = AXIS2_PLACEMENT_3D('',#4304,#4305,#4306);
#4304 = CARTESIAN_POINT('',(3.8,0.,0.));
#4305 = DIRECTION('',(1.,0.,0.));
#4306 = DIRECTION('',(-0.,0.,1.));
#4307 = PCURVE('',#3759,#4308);
#4308 = DEFINITIONAL_REPRESENTATION('',(#4309),#4313);
#4309 = CIRCLE('',#4310,13.);
#4310 = AXIS2_PLACEMENT_2D('',#4311,#4312);
#4311 = CARTESIAN_POINT('',(0.,0.));
#4312 = DIRECTION('',(1.,0.));
#4313 = ( GEOMETRIC_REPRESENTATION_CONTEXT(2) 
PARAMETRIC_REPRESENTATION_CONTEXT() REPRESENTATION_CONTEXT('2D SPACE',''
  ) );
#4314 = PCURVE('',#3786,#4315);
#4315 = DEFINITIONAL_REPRESENTATION('',(#4316),#4320);
#4316 = LINE('',#4317,#4318);
#4317 = CARTESIAN_POINT('',(0.,1.));
#4318 = VECTOR('',#4319,1.);
#4319 = DIRECTION('',(1.,0.));
#4320 = ( GEOMETRIC_REPRESENTATION_CONTEXT(2) 
PARAMETRIC_REPRESENTATION_CONTEXT() REPRESENTATION_CONTEXT('2D SPACE',''
  ) );
#4321 = ADVANCED_FACE('',(#4322,#4328,#4497),#3786,.F.);
#4322 = FACE_BOUND('',#4323,.F.);
#4323 = EDGE_LOOP('',(#4324,#4325,#4326,#4327));
#4324 = ORIENTED_EDGE('',*,*,#4271,.F.);
#4325 = ORIENTED_EDGE('',*,*,#4222,.F.);
#4326 = ORIENTED_EDGE('',*,*,#4300,.T.);
#4327 = ORIENTED_EDGE('',*,*,#3770,.T.);
#4328 = FACE_BOUND('',#4329,.F.);
#4329 = EDGE_LOOP('',(#4330));
#4330 = ORIENTED_EDGE('',*,*,#4331,.T.);
#4331 = EDGE_CURVE('',#4332,#4332,#4334,.T.);
#4332 = VERTEX_POINT('',#4333);
#4333 = CARTESIAN_POINT('',(7.7,5.395054043161,-11.82765369257));
#4334 = SURFACE_CURVE('',#4335,(#4387,#4442),.PCURVE_S1.);
#4335 = B_SPLINE_CURVE_WITH_KNOTS('',8,(#4336,#4337,#4338,#4339,#4340,
    #4341,#4342,#4343,#4344,#4345,#4346,#4347,#4348,#4349,#4350,#4351,
    #4352,#4353,#4354,#4355,#4356,#4357,#4358,#4359,#4360,#4361,#4362,
    #4363,#4364,#4365,#4366,#4367,#4368,#4369,#4370,#4371,#4372,#4373,
    #4374,#4375,#4376,#4377,#4378,#4379,#4380,#4381,#4382,#4383,#4384,
    #4385,#4386),.UNSPECIFIED.,.T.,.F.,(9,7,7,7,7,7,7,9),(0.,
    0.154435591431,0.286621823373,0.422867034383,0.578564358538,
    0.706371473192,0.827629358726,1.),.UNSPECIFIED.);
#4336 = CARTESIAN_POINT('',(7.7,5.395054043161,-11.82765369257));
#4337 = CARTESIAN_POINT('',(7.475258486726,5.395054043161,
    -11.82765369257));
#4338 = CARTESIAN_POINT('',(7.250846334559,5.370285357752,
    -11.83895139122));
#4339 = CARTESIAN_POINT('',(7.028558606736,5.320877046614,
    -11.86148945759));
#4340 = CARTESIAN_POINT('',(6.810362436208,5.246242019527,
    -11.89518107815));
#4341 = CARTESIAN_POINT('',(6.598778852451,5.145305848068,
    -11.93982764842));
#4342 = CARTESIAN_POINT('',(6.397129626506,5.016619732952,
    -11.99496366676));
#4343 = CARTESIAN_POINT('',(6.20989104551,4.85854084306,-12.05966585683)
  );
#4344 = CARTESIAN_POINT('',(5.900888685762,4.507997021792,
    -12.19458776143));
#4345 = CARTESIAN_POINT('',(5.768138632739,4.317597214441,
    -12.26504466949));
#4346 = CARTESIAN_POINT('',(5.656727570637,4.100885829828,
    -12.34110125544));
#4347 = CARTESIAN_POINT('',(5.57526398993,3.862663366024,-12.41909196242
    ));
#4348 = CARTESIAN_POINT('',(5.529428289761,3.609743009306,
    -12.49502823225));
#4349 = CARTESIAN_POINT('',(5.521952317148,3.35020753722,-12.56575871121
    ));
#4350 = CARTESIAN_POINT('',(5.552513989258,3.092687968044,
    -12.62931282762));
#4351 = CARTESIAN_POINT('',(5.684575330825,2.59038899431,-12.74198388403
    ));
#4352 = CARTESIAN_POINT('',(5.785919686859,2.355007028543,
    -12.78863140209));
#4353 = CARTESIAN_POINT('',(5.914474688219,2.142226605542,
    -12.82582369915));
#4354 = CARTESIAN_POINT('',(6.064329653716,1.953684025294,
    -12.85509022144));
#4355 = CARTESIAN_POINT('',(6.230397477789,1.790124221887,
    -12.87791487644));
#4356 = CARTESIAN_POINT('',(6.408257177967,1.651634980659,
    -12.89555985115));
#4357 = CARTESIAN_POINT('',(6.594088094867,1.537763260624,
    -12.90904732468));
#4358 = CARTESIAN_POINT('',(7.002257236159,1.344714318683,-12.9306796579
    ));
#4359 = CARTESIAN_POINT('',(7.229703899589,1.271067998461,-12.9379827507
    ));
#4360 = CARTESIAN_POINT('',(7.463345688302,1.226838478114,
    -12.94198929586));
#4361 = CARTESIAN_POINT('',(7.7,1.212088433079,-12.94326222859));
#4362 = CARTESIAN_POINT('',(7.936654311698,1.226838478114,
    -12.94198929586));
#4363 = CARTESIAN_POINT('',(8.17029610041,1.27106799846,-12.9379827507)
  );
#4364 = CARTESIAN_POINT('',(8.397742763841,1.344714318683,-12.9306796579
    ));
#4365 = CARTESIAN_POINT('',(8.794114478828,1.53218351332,-12.90967257003
    ));
#4366 = CARTESIAN_POINT('',(8.968308484361,1.637432096337,
    -12.89723885129));
#4367 = CARTESIAN_POINT('',(9.13553109009,1.764058247125,-12.8812195528)
  );
#4368 = CARTESIAN_POINT('',(9.292855045083,1.91248733382,-12.86079270076
    ));
#4369 = CARTESIAN_POINT('',(9.436849850186,2.082832536951,
    -12.83493882383));
#4370 = CARTESIAN_POINT('',(9.563499513487,2.274764833736,
    -12.80244727311));
#4371 = CARTESIAN_POINT('',(9.668053199544,2.487306019548,
    -12.76202197547));
#4372 = CARTESIAN_POINT('',(9.817558538652,2.937851864933,
    -12.66567569269));
#4373 = CARTESIAN_POINT('',(9.864250819127,3.170865227552,
    -12.61132407654));
#4374 = CARTESIAN_POINT('',(9.879785079683,3.410793281074,
    -12.54991752463));
#4375 = CARTESIAN_POINT('',(9.862068920814,3.650049506093,
    -12.48267371893));
#4376 = CARTESIAN_POINT('',(9.811852896355,3.881075389198,
    -12.41183484406));
#4377 = CARTESIAN_POINT('',(9.732649886926,4.09707275144,-12.34057167969
    ));
#4378 = CARTESIAN_POINT('',(9.630755412213,4.29265048689,-12.27218435672
    ));
#4379 = CARTESIAN_POINT('',(9.351189900962,4.708020986415,
    -12.12031120887));
#4380 = CARTESIAN_POINT('',(9.153958620667,4.911773864444,
    -12.03950279854));
#4381 = CARTESIAN_POINT('',(8.934488665499,5.076928195534,
    -11.96994533016));
#4382 = CARTESIAN_POINT('',(8.700058222315,5.205913490745,-11.9133663065
    ));
#4383 = CARTESIAN_POINT('',(8.455926213745,5.300919631312,
    -11.87059109354));
#4384 = CARTESIAN_POINT('',(8.205953826122,5.363643718835,
    -11.84198136533));
#4385 = CARTESIAN_POINT('',(7.953086874454,5.395054043161,
    -11.82765369257));
#4386 = CARTESIAN_POINT('',(7.7,5.395054043161,-11.82765369257));
#4387 = PCURVE('',#3786,#4388);
#4388 = DEFINITIONAL_REPRESENTATION('',(#4389),#4441);
#4389 = B_SPLINE_CURVE_WITH_KNOTS('',8,(#4390,#4391,#4392,#4393,#4394,
    #4395,#4396,#4397,#4398,#4399,#4400,#4401,#4402,#4403,#4404,#4405,
    #4406,#4407,#4408,#4409,#4410,#4411,#4412,#4413,#4414,#4415,#4416,
    #4417,#4418,#4419,#4420,#4421,#4422,#4423,#4424,#4425,#4426,#4427,
    #4428,#4429,#4430,#4431,#4432,#4433,#4434,#4435,#4436,#4437,#4438,
    #4439,#4440),.UNSPECIFIED.,.F.,.F.,(9,7,7,7,7,7,7,9),(0.,
    0.154435591431,0.286621823373,0.422867034383,0.578564358538,
    0.706371473192,0.827629358726,1.),.UNSPECIFIED.);
#4390 = CARTESIAN_POINT('',(3.569540025779,4.9));
#4391 = CARTESIAN_POINT('',(3.569540025779,4.675258486726));
#4392 = CARTESIAN_POINT('',(3.56744589991,4.450846334559));
#4393 = CARTESIAN_POINT('',(3.56326851406,4.228558606736));
#4394 = CARTESIAN_POINT('',(3.556969552192,4.010362436208));
#4395 = CARTESIAN_POINT('',(3.548480124537,3.798778852451));
#4396 = CARTESIAN_POINT('',(3.537712628103,3.597129626505));
#4397 = CARTESIAN_POINT('',(3.524576488048,3.40989104551));
#4398 = CARTESIAN_POINT('',(3.495683204399,3.100888685762));
#4399 = CARTESIAN_POINT('',(3.480067768782,2.968138632739));
#4400 = CARTESIAN_POINT('',(3.462405074554,2.856727570637));
#4401 = CARTESIAN_POINT('',(3.443132391244,2.77526398993));
#4402 = CARTESIAN_POINT('',(3.422832122203,2.729428289761));
#4403 = CARTESIAN_POINT('',(3.402149724585,2.721952317148));
#4404 = CARTESIAN_POINT('',(3.381750821051,2.752513989258));
#4405 = CARTESIAN_POINT('',(3.34215231636,2.884575330825));
#4406 = CARTESIAN_POINT('',(3.323699667627,2.985919686859));
#4407 = CARTESIAN_POINT('',(3.307090181579,3.114474688219));
#4408 = CARTESIAN_POINT('',(3.292417350353,3.264329653716));
#4409 = CARTESIAN_POINT('',(3.279715753653,3.430397477789));
#4410 = CARTESIAN_POINT('',(3.268977395549,3.608257177967));
#4411 = CARTESIAN_POINT('',(3.260156962266,3.794088094867));
#4412 = CARTESIAN_POINT('',(3.245214102297,4.202257236159));
#4413 = CARTESIAN_POINT('',(3.239521677503,4.429703899589));
#4414 = CARTESIAN_POINT('',(3.236105476267,4.663345688302));
#4415 = CARTESIAN_POINT('',(3.234966547601,4.9));
#4416 = CARTESIAN_POINT('',(3.236105476267,5.136654311698));
#4417 = CARTESIAN_POINT('',(3.239521677503,5.37029610041));
#4418 = CARTESIAN_POINT('',(3.245214102297,5.597742763841));
#4419 = CARTESIAN_POINT('',(3.259725064625,5.994114478828));
#4420 = CARTESIAN_POINT('',(3.267877271752,6.168308484361));
#4421 = CARTESIAN_POINT('',(3.277694772581,6.33553109009));
#4422 = CARTESIAN_POINT('',(3.289218582753,6.492855045083));
#4423 = CARTESIAN_POINT('',(3.302469094941,6.636849850186));
#4424 = CARTESIAN_POINT('',(3.317438558908,6.763499513487));
#4425 = CARTESIAN_POINT('',(3.334076677142,6.868053199544));
#4426 = CARTESIAN_POINT('',(3.369517616011,7.017558538652));
#4427 = CARTESIAN_POINT('',(3.387919717187,7.064250819126));
#4428 = CARTESIAN_POINT('',(3.406963329301,7.079785079683));
#4429 = CARTESIAN_POINT('',(3.426070118799,7.062068920813));
#4430 = CARTESIAN_POINT('',(3.444649215584,7.011852896355));
#4431 = CARTESIAN_POINT('',(3.462140728913,6.932649886926));
#4432 = CARTESIAN_POINT('',(3.478076776584,6.830755412213));
#4433 = CARTESIAN_POINT('',(3.512097141605,6.551189900962));
#4434 = CARTESIAN_POINT('',(3.528951914435,6.353958620667));
#4435 = CARTESIAN_POINT('',(3.542733099557,6.134488665499));
#4436 = CARTESIAN_POINT('',(3.553566631476,5.900058222315));
#4437 = CARTESIAN_POINT('',(3.561581193373,5.655926213745));
#4438 = CARTESIAN_POINT('',(3.566884356012,5.405953826122));
#4439 = CARTESIAN_POINT('',(3.569540025779,5.153086874454));
#4440 = CARTESIAN_POINT('',(3.569540025779,4.9));
#4441 = ( GEOMETRIC_REPRESENTATION_CONTEXT(2) 
PARAMETRIC_REPRESENTATION_CONTEXT() REPRESENTATION_CONTEXT('2D SPACE',''
  ) );
#4442 = PCURVE('',#3983,#4443);
#4443 = DEFINITIONAL_REPRESENTATION('',(#4444),#4496);
#4444 = B_SPLINE_CURVE_WITH_KNOTS('',8,(#4445,#4446,#4447,#4448,#4449,
    #4450,#4451,#4452,#4453,#4454,#4455,#4456,#4457,#4458,#4459,#4460,
    #4461,#4462,#4463,#4464,#4465,#4466,#4467,#4468,#4469,#4470,#4471,
    #4472,#4473,#4474,#4475,#4476,#4477,#4478,#4479,#4480,#4481,#4482,
    #4483,#4484,#4485,#4486,#4487,#4488,#4489,#4490,#4491,#4492,#4493,
    #4494,#4495),.UNSPECIFIED.,.F.,.F.,(9,7,7,7,7,7,7,9),(0.,
    0.154435591431,0.286621823373,0.422867034383,0.578564358538,
    0.706371473192,0.827629358726,1.),.UNSPECIFIED.);
#4445 = CARTESIAN_POINT('',(0.,5.379021098216));
#4446 = CARTESIAN_POINT('',(0.104530936407,5.379021098216));
#4447 = CARTESIAN_POINT('',(0.208908302061,5.374518966812));
#4448 = CARTESIAN_POINT('',(0.314039781325,5.365536678337));
#4449 = CARTESIAN_POINT('',(0.420724654401,5.352310038359));
#4450 = CARTESIAN_POINT('',(0.529748084332,5.335308966591));
#4451 = CARTESIAN_POINT('',(0.641922428438,5.31535807995));
#4452 = CARTESIAN_POINT('',(0.758158029622,5.293774390879));
#4453 = CARTESIAN_POINT('',(0.983631231292,5.254177255776));
#4454 = CARTESIAN_POINT('',(1.095434027674,5.235400204963));
#4455 = CARTESIAN_POINT('',(1.212249534121,5.218024217965));
#4456 = CARTESIAN_POINT('',(1.332328045685,5.204347490485));
#4457 = CARTESIAN_POINT('',(1.45442978278,5.196459291517));
#4458 = CARTESIAN_POINT('',(1.577490022336,5.195311618239));
#4459 = CARTESIAN_POINT('',(1.70049618966,5.200574024821));
#4460 = CARTESIAN_POINT('',(1.947486047184,5.221746682298));
#4461 = CARTESIAN_POINT('',(2.067075685479,5.237609975493));
#4462 = CARTESIAN_POINT('',(2.181872369386,5.256756601114));
#4463 = CARTESIAN_POINT('',(2.292517516018,5.277285721971));
#4464 = CARTESIAN_POINT('',(2.399491133835,5.297571190365));
#4465 = CARTESIAN_POINT('',(2.503172280221,5.316371106757));
#4466 = CARTESIAN_POINT('',(2.603852253019,5.332815377588));
#4467 = CARTESIAN_POINT('',(2.813667058745,5.361884891061));
#4468 = CARTESIAN_POINT('',(2.92384995177,5.373891715392));
#4469 = CARTESIAN_POINT('',(3.03297896159,5.381469132172));
#4470 = CARTESIAN_POINT('',(3.14159265359,5.384057166136));
#4471 = CARTESIAN_POINT('',(3.25020634559,5.381469132172));
#4472 = CARTESIAN_POINT('',(3.359335355409,5.373891715392));
#4473 = CARTESIAN_POINT('',(3.469518248435,5.361884891061));
#4474 = CARTESIAN_POINT('',(3.673268718429,5.333655581827));
#4475 = CARTESIAN_POINT('',(3.767347941085,5.318425294124));
#4476 = CARTESIAN_POINT('',(3.863949493422,5.301125488817));
#4477 = CARTESIAN_POINT('',(3.96337969111,5.282440038273));
#4478 = CARTESIAN_POINT('',(4.066011017385,5.263324382892));
#4479 = CARTESIAN_POINT('',(4.172286813406,5.245033077096));
#4480 = CARTESIAN_POINT('',(4.282757311367,5.229071209368));
#4481 = CARTESIAN_POINT('',(4.507784958042,5.205524726692));
#4482 = CARTESIAN_POINT('',(4.620280612252,5.197716060421));
#4483 = CARTESIAN_POINT('',(4.734062371613,5.194932285104));
#4484 = CARTESIAN_POINT('',(4.847910381566,5.197960746002));
#4485 = CARTESIAN_POINT('',(4.960677932211,5.20659194628));
#4486 = CARTESIAN_POINT('',(5.07112687459,5.219522646164));
#4487 = CARTESIAN_POINT('',(5.177660722676,5.23496048488));
#4488 = CARTESIAN_POINT('',(5.420333301889,5.27415288466));
#4489 = CARTESIAN_POINT('',(5.554990981909,5.299472689853));
#4490 = CARTESIAN_POINT('',(5.683807863476,5.323914958706));
#4491 = CARTESIAN_POINT('',(5.808112893926,5.345182247941));
#4492 = CARTESIAN_POINT('',(5.929108256947,5.361910532288));
#4493 = CARTESIAN_POINT('',(6.047857488674,5.373311219207));
#4494 = CARTESIAN_POINT('',(6.165470481852,5.379021098216));
#4495 = CARTESIAN_POINT('',(6.28318530718,5.379021098216));
#4496 = ( GEOMETRIC_REPRESENTATION_CONTEXT(2) 
PARAMETRIC_REPRESENTATION_CONTEXT() REPRESENTATION_CONTEXT('2D SPACE',''
  ) );
#4497 = FACE_BOUND('',#4498,.F.);
#4498 = EDGE_LOOP('',(#4499));
#4499 = ORIENTED_EDGE('',*,*,#4500,.T.);
#4500 = EDGE_CURVE('',#4501,#4501,#4503,.T.);
#4501 = VERTEX_POINT('',#4502);
#4502 = CARTESIAN_POINT('',(14.9,4.931213824171,-12.02843008128));
#4503 = SURFACE_CURVE('',#4504,(#4556,#4611),.PCURVE_S1.);
#4504 = B_SPLINE_CURVE_WITH_KNOTS('',8,(#4505,#4506,#4507,#4508,#4509,
    #4510,#4511,#4512,#4513,#4514,#4515,#4516,#4517,#4518,#4519,#4520,
    #4521,#4522,#4523,#4524,#4525,#4526,#4527,#4528,#4529,#4530,#4531,
    #4532,#4533,#4534,#4535,#4536,#4537,#4538,#4539,#4540,#4541,#4542,
    #4543,#4544,#4545,#4546,#4547,#4548,#4549,#4550,#4551,#4552,#4553,
    #4554,#4555),.UNSPECIFIED.,.T.,.F.,(9,7,7,7,7,7,7,9),(0.,
    0.152594403244,0.285886039649,0.422179215854,0.588481154466,
    0.714360821077,0.838040300099,1.),.UNSPECIFIED.);
#4505 = CARTESIAN_POINT('',(14.9,4.931213824171,-12.02843008128));
#4506 = CARTESIAN_POINT('',(14.727178337717,4.931213824171,
    -12.02843008128));
#4507 = CARTESIAN_POINT('',(14.554417389892,4.911917252179,
    -12.03634083757));
#4508 = CARTESIAN_POINT('',(14.383283555384,4.873343514271,
    -12.05215516368));
#4509 = CARTESIAN_POINT('',(14.21549373932,4.815103095288,-12.0758282841
    ));
#4510 = CARTESIAN_POINT('',(14.05309990455,4.736509033802,-12.1072404202
    ));
#4511 = CARTESIAN_POINT('',(13.898688234117,4.636663855665,
    -12.14611018175));
#4512 = CARTESIAN_POINT('',(13.755658989503,4.514597286764,-12.191888129
    ));
#4513 = CARTESIAN_POINT('',(13.517713194234,4.242813443753,
    -12.2888826295));
#4514 = CARTESIAN_POINT('',(13.415602675164,4.094667012193,
    -12.3400636116));
#4515 = CARTESIAN_POINT('',(13.33055436614,3.927051324518,
    -12.39552760805));
#4516 = CARTESIAN_POINT('',(13.268710478062,3.743721360695,
    -12.45290405605));
#4517 = CARTESIAN_POINT('',(13.234121258735,3.549863103418,
    -12.50957848637));
#4518 = CARTESIAN_POINT('',(13.228700949455,3.351532801939,
    -12.56337800812));
#4519 = CARTESIAN_POINT('',(13.252150565687,3.155121346712,
    -12.61279890492));
#4520 = CARTESIAN_POINT('',(13.352643888723,2.773863081346,
    -12.7021603615));
#4521 = CARTESIAN_POINT('',(13.429360842479,2.595146099601,
    -12.74050989835));
#4522 = CARTESIAN_POINT('',(13.527121040621,2.432897307061,
    -12.77241357448));
#4523 = CARTESIAN_POINT('',(13.641691020456,2.288613540822,
    -12.79859153309));
#4524 = CARTESIAN_POINT('',(13.769286043332,2.163128089725,
    -12.81982085632));
#4525 = CARTESIAN_POINT('',(13.906474607646,2.056750852294,
    -12.83680935988));
#4526 = CARTESIAN_POINT('',(14.050139772164,1.969330369172,
    -12.85015984997));
#4527 = CARTESIAN_POINT('',(14.377226160436,1.816054335729,
    -12.87280846122));
#4528 = CARTESIAN_POINT('',(14.564457228905,1.758238107271,
    -12.88070726124));
#4529 = CARTESIAN_POINT('',(14.756119985132,1.726008502963,
    -12.88489056387));
#4530 = CARTESIAN_POINT('',(14.949843445843,1.719027169519,
    -12.8857659687));
#4531 = CARTESIAN_POINT('',(15.143327865594,1.737328531168,
    -12.88342303719));
#4532 = CARTESIAN_POINT('',(15.334067157648,1.781192781836,
    -12.8776502455));
#4533 = CARTESIAN_POINT('',(15.519149104947,1.85101052273,
    -12.86791403778));
#4534 = CARTESIAN_POINT('',(15.827920596595,2.0198920657,-12.84233044884
    ));
#4535 = CARTESIAN_POINT('',(15.957076784512,2.108530989353,
    -12.8284211201));
#4536 = CARTESIAN_POINT('',(16.079889658408,2.213424437348,
    -12.81119874837));
#4537 = CARTESIAN_POINT('',(16.193697612393,2.334564995596,
    -12.79016459841));
#4538 = CARTESIAN_POINT('',(16.295645611866,2.471550763457,
    -12.7647580896));
#4539 = CARTESIAN_POINT('',(16.382663606159,2.623554466718,
    -12.73439368198));
#4540 = CARTESIAN_POINT('',(16.451409959536,2.789242841,-12.69855556693)
  );
#4541 = CARTESIAN_POINT('',(16.544097312937,3.140886298609,
    -12.61613539556));
#4542 = CARTESIAN_POINT('',(16.567768165445,3.322522193256,
    -12.57066887231));
#4543 = CARTESIAN_POINT('',(16.56673995289,3.506566927958,
    -12.52128339679));
#4544 = CARTESIAN_POINT('',(16.54047636497,3.687702510652,
    -12.46916516635));
#4545 = CARTESIAN_POINT('',(16.490254484121,3.860782423177,
    -12.41606509815));
#4546 = CARTESIAN_POINT('',(16.419111024792,4.021298996188,
    -12.36406860913));
#4547 = CARTESIAN_POINT('',(16.331817019376,4.165774984937,
    -12.31520282647));
#4548 = CARTESIAN_POINT('',(16.107935333518,4.457455271976,
    -12.21318103569));
#4549 = CARTESIAN_POINT('',(15.96064823606,4.596619929879,
    -12.16164556753));
#4550 = CARTESIAN_POINT('',(15.799132900834,4.710275882269,
    -12.11770792213));
#4551 = CARTESIAN_POINT('',(15.627750969541,4.799581528335,
    -12.0821336566));
#4552 = CARTESIAN_POINT('',(15.449800682062,4.865649070303,
    -12.05531009057));
#4553 = CARTESIAN_POINT('',(15.267849858976,4.909350037628,
    -12.03739312521));
#4554 = CARTESIAN_POINT('',(15.083953657407,4.931213824171,
    -12.02843008128));
#4555 = CARTESIAN_POINT('',(14.9,4.931213824171,-12.02843008128));
#4556 = PCURVE('',#3786,#4557);
#4557 = DEFINITIONAL_REPRESENTATION('',(#4558),#4610);
#4558 = B_SPLINE_CURVE_WITH_KNOTS('',8,(#4559,#4560,#4561,#4562,#4563,
    #4564,#4565,#4566,#4567,#4568,#4569,#4570,#4571,#4572,#4573,#4574,
    #4575,#4576,#4577,#4578,#4579,#4580,#4581,#4582,#4583,#4584,#4585,
    #4586,#4587,#4588,#4589,#4590,#4591,#4592,#4593,#4594,#4595,#4596,
    #4597,#4598,#4599,#4600,#4601,#4602,#4603,#4604,#4605,#4606,#4607,
    #4608,#4609),.UNSPECIFIED.,.T.,.F.,(9,7,7,7,7,7,7,9),(0.,
    0.152594403244,0.285886039649,0.422179215854,0.588481154466,
    0.714360821077,0.838040300099,1.),.UNSPECIFIED.);
#4559 = CARTESIAN_POINT('',(3.530658389842,12.1));
#4560 = CARTESIAN_POINT('',(3.530658389842,11.927178337717));
#4561 = CARTESIAN_POINT('',(3.529054146046,11.754417389892));
#4562 = CARTESIAN_POINT('',(3.525847252382,11.583283555384));
#4563 = CARTESIAN_POINT('',(3.521011287532,11.41549373932));
#4564 = CARTESIAN_POINT('',(3.514500846195,11.25309990455));
#4565 = CARTESIAN_POINT('',(3.506259767544,11.098688234117));
#4566 = CARTESIAN_POINT('',(3.496232729174,10.955658989503));
#4567 = CARTESIAN_POINT('',(3.474034804215,10.717713194234));
#4568 = CARTESIAN_POINT('',(3.461978645163,10.615602675164));
#4569 = CARTESIAN_POINT('',(3.448399537439,10.53055436614));
#4570 = CARTESIAN_POINT('',(3.43362685856,10.468710478062));
#4571 = CARTESIAN_POINT('',(3.418096329568,10.434121258735));
#4572 = CARTESIAN_POINT('',(3.402293251694,10.428700949455));
#4573 = CARTESIAN_POINT('',(3.38671580539,10.452150565687));
#4574 = CARTESIAN_POINT('',(3.356593438105,10.552643888723));
#4575 = CARTESIAN_POINT('',(3.342535538579,10.629360842479));
#4576 = CARTESIAN_POINT('',(3.329818736501,10.727121040621));
#4577 = CARTESIAN_POINT('',(3.318540687183,10.841691020456));
#4578 = CARTESIAN_POINT('',(3.308751657104,10.969286043332));
#4579 = CARTESIAN_POINT('',(3.300465452621,11.106474607646));
#4580 = CARTESIAN_POINT('',(3.293662909265,11.250139772164));
#4581 = CARTESIAN_POINT('',(3.281744423296,11.577226160436));
#4582 = CARTESIAN_POINT('',(3.277255972347,11.764457228905));
#4583 = CARTESIAN_POINT('',(3.274755951414,11.956119985132));
#4584 = CARTESIAN_POINT('',(3.274214665369,12.149843445843));
#4585 = CARTESIAN_POINT('',(3.275634031537,12.343327865594));
#4586 = CARTESIAN_POINT('',(3.279037280211,12.534067157648));
#4587 = CARTESIAN_POINT('',(3.284459470627,12.719149104947));
#4588 = CARTESIAN_POINT('',(3.297598575183,13.027920596595));
#4589 = CARTESIAN_POINT('',(3.304500298011,13.157076784512));
#4590 = CARTESIAN_POINT('',(3.31267669659,13.279889658408));
#4591 = CARTESIAN_POINT('',(3.322133787588,13.393697612393));
#4592 = CARTESIAN_POINT('',(3.33284920632,13.495645611866));
#4593 = CARTESIAN_POINT('',(3.344770498205,13.582663606158));
#4594 = CARTESIAN_POINT('',(3.357808558697,13.651409959536));
#4595 = CARTESIAN_POINT('',(3.385591125911,13.744097312937));
#4596 = CARTESIAN_POINT('',(3.399992585453,13.767768165445));
#4597 = CARTESIAN_POINT('',(3.414647142529,13.766739952889));
#4598 = CARTESIAN_POINT('',(3.429141441369,13.74047636497));
#4599 = CARTESIAN_POINT('',(3.443064086384,13.690254484121));
#4600 = CARTESIAN_POINT('',(3.456041413088,13.619111024792));
#4601 = CARTESIAN_POINT('',(3.46777278399,13.531817019376));
#4602 = CARTESIAN_POINT('',(3.491542616649,13.307935333518));
#4603 = CARTESIAN_POINT('',(3.502956147767,13.16064823606));
#4604 = CARTESIAN_POINT('',(3.512328289667,12.999132900834));
#4605 = CARTESIAN_POINT('',(3.519722567046,12.827750969541));
#4606 = CARTESIAN_POINT('',(3.525207554542,12.649800682062));
#4607 = CARTESIAN_POINT('',(3.528840720561,12.467849858976));
#4608 = CARTESIAN_POINT('',(3.530658389842,12.283953657407));
#4609 = CARTESIAN_POINT('',(3.530658389842,12.1));
#4610 = ( GEOMETRIC_REPRESENTATION_CONTEXT(2) 
PARAMETRIC_REPRESENTATION_CONTEXT() REPRESENTATION_CONTEXT('2D SPACE',''
  ) );
#4611 = PCURVE('',#4143,#4612);
#4612 = DEFINITIONAL_REPRESENTATION('',(#4613),#4665);
#4613 = B_SPLINE_CURVE_WITH_KNOTS('',8,(#4614,#4615,#4616,#4617,#4618,
    #4619,#4620,#4621,#4622,#4623,#4624,#4625,#4626,#4627,#4628,#4629,
    #4630,#4631,#4632,#4633,#4634,#4635,#4636,#4637,#4638,#4639,#4640,
    #4641,#4642,#4643,#4644,#4645,#4646,#4647,#4648,#4649,#4650,#4651,
    #4652,#4653,#4654,#4655,#4656,#4657,#4658,#4659,#4660,#4661,#4662,
    #4663,#4664),.UNSPECIFIED.,.F.,.F.,(9,7,7,7,7,7,7,9),(0.,
    0.152594403244,0.285886039649,0.422179215854,0.588481154466,
    0.714360821077,0.838040300099,1.),.UNSPECIFIED.);
#4614 = CARTESIAN_POINT('',(0.,5.305136681608));
#4615 = CARTESIAN_POINT('',(0.104740401384,5.305136681608));
#4616 = CARTESIAN_POINT('',(0.209443468674,5.302489798141));
#4617 = CARTESIAN_POINT('',(0.314913771056,5.297197950134));
#4618 = CARTESIAN_POINT('',(0.421850271784,5.289405201355));
#4619 = CARTESIAN_POINT('',(0.530973674219,5.279405047789));
#4620 = CARTESIAN_POINT('',(0.643041134371,5.267701574901));
#4621 = CARTESIAN_POINT('',(0.758889213338,5.255076626186));
#4622 = CARTESIAN_POINT('',(0.985127282832,5.231729967865));
#4623 = CARTESIAN_POINT('',(1.097584209122,5.220636053396));
#4624 = CARTESIAN_POINT('',(1.214536322749,5.210444079017));
#4625 = CARTESIAN_POINT('',(1.334419184139,5.202471972247));
#4626 = CARTESIAN_POINT('',(1.456105284202,5.197902885352));
#4627 = CARTESIAN_POINT('',(1.578623339051,5.197268197095));
#4628 = CARTESIAN_POINT('',(1.701035318193,5.200366301801));
#4629 = CARTESIAN_POINT('',(1.945938900556,5.212726663201));
#4630 = CARTESIAN_POINT('',(2.064664603492,5.221939213688));
#4631 = CARTESIAN_POINT('',(2.179133823029,5.233115706516));
#4632 = CARTESIAN_POINT('',(2.289875749748,5.245173126818));
#4633 = CARTESIAN_POINT('',(2.397278816231,5.257145199859));
#4634 = CARTESIAN_POINT('',(2.501626389697,5.268268020534));
#4635 = CARTESIAN_POINT('',(2.603090588729,5.277998523329));
#4636 = CARTESIAN_POINT('',(2.822175743367,5.295792401404));
#4637 = CARTESIAN_POINT('',(2.939788522522,5.303126687504));
#4638 = CARTESIAN_POINT('',(3.055863074934,5.30742756287));
#4639 = CARTESIAN_POINT('',(3.171362800131,5.308388888795));
#4640 = CARTESIAN_POINT('',(3.287135082111,5.305915245902));
#4641 = CARTESIAN_POINT('',(3.403979312607,5.300138431014));
#4642 = CARTESIAN_POINT('',(3.522701226445,5.291472724472));
#4643 = CARTESIAN_POINT('',(3.736250023486,5.272474814071));
#4644 = CARTESIAN_POINT('',(3.830893249114,5.262968752347));
#4645 = CARTESIAN_POINT('',(3.928190236126,5.25245586394));
#4646 = CARTESIAN_POINT('',(4.028231461632,5.241419809012));
#4647 = CARTESIAN_POINT('',(4.13120072852,5.230506086399));
#4648 = CARTESIAN_POINT('',(4.237370620999,5.220494398591));
#4649 = CARTESIAN_POINT('',(4.347125689454,5.212228052666));
#4650 = CARTESIAN_POINT('',(4.573006018633,5.200827800882));
#4651 = CARTESIAN_POINT('',(4.686471891961,5.197734261114));
#4652 = CARTESIAN_POINT('',(4.800316143692,5.197802684874));
#4653 = CARTESIAN_POINT('',(4.913637829569,5.201263691127));
#4654 = CARTESIAN_POINT('',(5.025548341317,5.207758040686));
#4655 = CARTESIAN_POINT('',(5.135030904199,5.216438046161));
#4656 = CARTESIAN_POINT('',(5.240754516489,5.226245630211));
#4657 = CARTESIAN_POINT('',(5.471597106853,5.249298699403));
#4658 = CARTESIAN_POINT('',(5.596516021454,5.263059675196));
#4659 = CARTESIAN_POINT('',(5.716869094587,5.276083856566));
#4660 = CARTESIAN_POINT('',(5.833684623417,5.287331956358));
#4661 = CARTESIAN_POINT('',(5.947859604617,5.296141993409));
#4662 = CARTESIAN_POINT('',(6.060246603168,5.302137810352));
#4663 = CARTESIAN_POINT('',(6.171698242085,5.305136681608));
#4664 = CARTESIAN_POINT('',(6.28318530718,5.305136681608));
#4665 = ( GEOMETRIC_REPRESENTATION_CONTEXT(2) 
PARAMETRIC_REPRESENTATION_CONTEXT() REPRESENTATION_CONTEXT('2D SPACE',''
  ) );
#4666 = ADVANCED_FACE('',(#4667),#3983,.F.);
#4667 = FACE_BOUND('',#4668,.F.);
#4668 = EDGE_LOOP('',(#4669,#4670,#4691,#4692));
#4669 = ORIENTED_EDGE('',*,*,#4331,.F.);
#4670 = ORIENTED_EDGE('',*,*,#4671,.F.);
#4671 = EDGE_CURVE('',#3872,#4332,#4672,.T.);
#4672 = SEAM_CURVE('',#4673,(#4677,#4684),.PCURVE_S1.);
#4673 = LINE('',#4674,#4675);
#4674 = CARTESIAN_POINT('',(7.7,6.787247147387,-17.02338909149));
#4675 = VECTOR('',#4676,1.);
#4676 = DIRECTION('',(0.,-0.258819045103,0.965925826289));
#4677 = PCURVE('',#3983,#4678);
#4678 = DEFINITIONAL_REPRESENTATION('',(#4679),#4683);
#4679 = LINE('',#4680,#4681);
#4680 = CARTESIAN_POINT('',(6.28318530718,-0.));
#4681 = VECTOR('',#4682,1.);
#4682 = DIRECTION('',(0.,1.));
#4683 = ( GEOMETRIC_REPRESENTATION_CONTEXT(2) 
PARAMETRIC_REPRESENTATION_CONTEXT() REPRESENTATION_CONTEXT('2D SPACE',''
  ) );
#4684 = PCURVE('',#3983,#4685);
#4685 = DEFINITIONAL_REPRESENTATION('',(#4686),#4690);
#4686 = LINE('',#4687,#4688);
#4687 = CARTESIAN_POINT('',(0.,-0.));
#4688 = VECTOR('',#4689,1.);
#4689 = DIRECTION('',(0.,1.));
#4690 = ( GEOMETRIC_REPRESENTATION_CONTEXT(2) 
PARAMETRIC_REPRESENTATION_CONTEXT() REPRESENTATION_CONTEXT('2D SPACE',''
  ) );
#4691 = ORIENTED_EDGE('',*,*,#3871,.T.);
#4692 = ORIENTED_EDGE('',*,*,#4671,.T.);
#4693 = ADVANCED_FACE('',(#4694),#4143,.F.);
#4694 = FACE_BOUND('',#4695,.F.);
#4695 = EDGE_LOOP('',(#4696,#4697,#4718,#4719));
#4696 = ORIENTED_EDGE('',*,*,#4500,.F.);
#4697 = ORIENTED_EDGE('',*,*,#4698,.F.);
#4698 = EDGE_CURVE('',#4046,#4501,#4699,.T.);
#4699 = SEAM_CURVE('',#4700,(#4704,#4711),.PCURVE_S1.);
#4700 = LINE('',#4701,#4702);
#4701 = CARTESIAN_POINT('',(14.9,6.304284234243,-17.15279861404));
#4702 = VECTOR('',#4703,1.);
#4703 = DIRECTION('',(0.,-0.258819045103,0.965925826289));
#4704 = PCURVE('',#4143,#4705);
#4705 = DEFINITIONAL_REPRESENTATION('',(#4706),#4710);
#4706 = LINE('',#4707,#4708);
#4707 = CARTESIAN_POINT('',(6.28318530718,-0.));
#4708 = VECTOR('',#4709,1.);
#4709 = DIRECTION('',(0.,1.));
#4710 = ( GEOMETRIC_REPRESENTATION_CONTEXT(2) 
PARAMETRIC_REPRESENTATION_CONTEXT() REPRESENTATION_CONTEXT('2D SPACE',''
  ) );
#4711 = PCURVE('',#4143,#4712);
#4712 = DEFINITIONAL_REPRESENTATION('',(#4713),#4717);
#4713 = LINE('',#4714,#4715);
#4714 = CARTESIAN_POINT('',(0.,-0.));
#4715 = VECTOR('',#4716,1.);
#4716 = DIRECTION('',(0.,1.));
#4717 = ( GEOMETRIC_REPRESENTATION_CONTEXT(2) 
PARAMETRIC_REPRESENTATION_CONTEXT() REPRESENTATION_CONTEXT('2D SPACE',''
  ) );
#4718 = ORIENTED_EDGE('',*,*,#4045,.T.);
#4719 = ORIENTED_EDGE('',*,*,#4698,.T.);
#4720 = ( GEOMETRIC_REPRESENTATION_CONTEXT(3) 
GLOBAL_UNCERTAINTY_ASSIGNED_CONTEXT((#4724)) 
GLOBAL_UNIT_ASSIGNED_CONTEXT((#4721,#4722,#4723)) REPRESENTATION_CONTEXT
('Context #1','3D Context with UNIT and UNCERTAINTY') );
#4721 = ( LENGTH_UNIT() NAMED_UNIT(*) SI_UNIT(.MILLI.,.METRE.) );
#4722 = ( NAMED_UNIT(*) PLANE_ANGLE_UNIT() SI_UNIT($,.RADIAN.) );
#4723 = ( NAMED_UNIT(*) SI_UNIT($,.STERADIAN.) SOLID_ANGLE_UNIT() );
#4724 = UNCERTAINTY_MEASURE_WITH_UNIT(LENGTH_MEASURE(1.E-06),#4721,
  'distance_accuracy_value','confusion accuracy');
#4725 = PRODUCT_RELATED_PRODUCT_CATEGORY('part',$,(#7));
ENDSEC;
END-ISO-10303-21;
