ISO-10303-21;
HEADER;
FILE_DESCRIPTION(('Open CASCADE Model'),'2;1');
FILE_NAME('Open CASCADE Shape Model','2026-09-30T02:35:14',('Author'),(
    'Open CASCADE'),'Open CASCADE STEP processor 7.9','Open CASCADE 7.9'
  ,'Unknown');
FILE_SCHEMA(('AUTOMOTIVE_DESIGN { 1 0 10303 214 1 1 1 1 }'));
ENDSEC;
DATA;
#1 = APPLICATION_PROTOCOL_DEFINITION('international standard',
  'automotive_design',2000,#2);
#2 = APPLICATION_CONTEXT(
  'core data for automotive mechanical design processes');
#3 = SHAPE_DEFINITION_REPRESENTATION(#4,#10);
#4 = PRODUCT_DEFINITION_SHAPE('','',#5);
#5 = PRODUCT_DEFINITION('design','',#6,#9);
#6 = PRODUCT_DEFINITION_FORMATION('','',#7);
#7 = PRODUCT('Open CASCADE STEP translator 7.9 13',
  'Open CASCADE STEP translator 7.9 13','',(#8));
#8 = PRODUCT_CONTEXT('',#2,'mechanical');
#9 = PRODUCT_DEFINITION_CONTEXT('part definition',#2,'design');
#10 = ADVANCED_BREP_SHAPE_REPRESENTATION('',(#11,#15),#6541);
#11 = AXIS2_PLACEMENT_3D('',#12,#13,#14);
#12 = CARTESIAN_POINT('',(0.,0.,0.));
#13 = DIRECTION('',(0.,0.,1.));
#14 = DIRECTION('',(1.,0.,-0.));
#15 = MANIFOLD_SOLID_BREP('',#16);
#16 = CLOSED_SHELL('',(#17,#923,#1037,#1592,#1696,#1746,#1818,#2084,
    #2289,#2336,#2443,#2520,#2693,#2872,#2879,#2942,#3004,#3011,#3155,
    #3283,#3359,#3385,#3412,#3462,#3675,#3702,#4302,#4537,#4585,#4656,
    #4704,#4752,#5238,#5263,#5322,#5347,#5374,#5399,#5424,#5431,#5505,
    #5554,#5603,#5652,#5701,#5750,#5797,#5846,#5895,#5944,#5993,#6020,
    #6096,#6145,#6194,#6243,#6292,#6319,#6369,#6419,#6458,#6479,#6514));
#17 = ADVANCED_FACE('',(#18),#33,.T.);
#18 = FACE_BOUND('',#19,.T.);
#19 = EDGE_LOOP('',(#20,#111,#151,#183,#216,#249,#284,#752,#792,#825,
    #858,#890));
#20 = ORIENTED_EDGE('',*,*,#21,.F.);
#21 = EDGE_CURVE('',#22,#24,#26,.T.);
#22 = VERTEX_POINT('',#23);
#23 = CARTESIAN_POINT('',(-27.9193973535,-4.445813570938,4.603774722167)
  );
#24 = VERTEX_POINT('',#25);
#25 = CARTESIAN_POINT('',(-67.08060264649,-4.445813570938,4.603774722167
    ));
#26 = SURFACE_CURVE('',#27,(#32,#99),.PCURVE_S1.);
#27 = CIRCLE('',#28,20.6);
#28 = AXIS2_PLACEMENT_3D('',#29,#30,#31);
#29 = CARTESIAN_POINT('',(-47.5,0.,0.));
#30 = DIRECTION('',(0.,-0.719339800339,-0.694658370459));
#31 = DIRECTION('',(0.,0.694658370459,-0.719339800339));
#32 = PCURVE('',#33,#38);
#33 = SPHERICAL_SURFACE('',#34,20.6);
#34 = AXIS2_PLACEMENT_3D('',#35,#36,#37);
#35 = CARTESIAN_POINT('',(-47.5,0.,0.));
#36 = DIRECTION('',(0.,0.,1.));
#37 = DIRECTION('',(1.,0.,-0.));
#38 = DEFINITIONAL_REPRESENTATION('',(#39),#98);
#39 = B_SPLINE_CURVE_WITH_KNOTS('',8,(#40,#41,#42,#43,#44,#45,#46,#47,
    #48,#49,#50,#51,#52,#53,#54,#55,#56,#57,#58,#59,#60,#61,#62,#63,#64,
    #65,#66,#67,#68,#69,#70,#71,#72,#73,#74,#75,#76,#77,#78,#79,#80,#81,
    #82,#83,#84,#85,#86,#87,#88,#89,#90,#91,#92,#93,#94,#95,#96,#97),
  .UNSPECIFIED.,.F.,.F.,(9,7,7,7,7,7,7,7,9),(1.570796326795,
    2.356194490192,2.650718801466,2.908427573831,3.13392274965,
    3.528539307334,3.824501725597,4.268445352991,4.712388980385),
  .UNSPECIFIED.);
#40 = CARTESIAN_POINT('',(6.28318530718,2.831012532716E-15));
#41 = CARTESIAN_POINT('',(6.214987381136,7.062101975559E-02));
#42 = CARTESIAN_POINT('',(6.1467895385,0.14124208604));
#43 = CARTESIAN_POINT('',(6.077554446892,0.211362288051));
#44 = CARTESIAN_POINT('',(6.006248820002,0.280482785023));
#45 = CARTESIAN_POINT('',(5.931756114773,0.348042320379));
#46 = CARTESIAN_POINT('',(5.852849285275,0.413379453131));
#47 = CARTESIAN_POINT('',(5.76805416164,0.475615958128));
#48 = CARTESIAN_POINT('',(5.641553021857,0.555366193068));
#49 = CARTESIAN_POINT('',(5.606039408178,0.576520543343));
#50 = CARTESIAN_POINT('',(5.569443092184,0.597019257176));
#51 = CARTESIAN_POINT('',(5.53169773732,0.616797545786));
#52 = CARTESIAN_POINT('',(5.492743224802,0.635785225169));
#53 = CARTESIAN_POINT('',(5.452530412263,0.653906998856));
#54 = CARTESIAN_POINT('',(5.411027496198,0.671083552484));
#55 = CARTESIAN_POINT('',(5.330778399991,0.701364629469));
#56 = CARTESIAN_POINT('',(5.292336046595,0.714709775371));
#57 = CARTESIAN_POINT('',(5.252896737617,0.727214422332));
#58 = CARTESIAN_POINT('',(5.212470274801,0.738822872434));
#59 = CARTESIAN_POINT('',(5.171085398159,0.749479482128));
#60 = CARTESIAN_POINT('',(5.128792919686,0.759130375382));
#61 = CARTESIAN_POINT('',(5.085667034643,0.767725593259));
#62 = CARTESIAN_POINT('',(5.003425364267,0.781780755777));
#63 = CARTESIAN_POINT('',(4.964482137318,0.787498294483));
#64 = CARTESIAN_POINT('',(4.925039916231,0.792345188612));
#65 = CARTESIAN_POINT('',(4.885176702249,0.796295953135));
#66 = CARTESIAN_POINT('',(4.844982476619,0.799330101186));
#67 = CARTESIAN_POINT('',(4.804556633595,0.801433132549));
#68 = CARTESIAN_POINT('',(4.764004081034,0.802597134892));
#69 = CARTESIAN_POINT('',(4.652425381846,0.803212757766));
#70 = CARTESIAN_POINT('',(4.581354924967,0.800725312866));
#71 = CARTESIAN_POINT('',(4.510782952091,0.795352601889));
#72 = CARTESIAN_POINT('',(4.441279703817,0.787151220362));
#73 = CARTESIAN_POINT('',(4.373347046505,0.776242774707));
#74 = CARTESIAN_POINT('',(4.307339529762,0.76279475152));
#75 = CARTESIAN_POINT('',(4.243479258421,0.746995994692));
#76 = CARTESIAN_POINT('',(4.135675169225,0.715577412308));
#77 = CARTESIAN_POINT('',(4.090743504674,0.700900274034));
#78 = CARTESIAN_POINT('',(4.047128726761,0.685093765476));
#79 = CARTESIAN_POINT('',(4.004842399981,0.668242766045));
#80 = CARTESIAN_POINT('',(3.963867162374,0.650430617792));
#81 = CARTESIAN_POINT('',(3.924164829192,0.631736906651));
#82 = CARTESIAN_POINT('',(3.885683860648,0.612236408805));
#83 = CARTESIAN_POINT('',(3.792383613671,0.561642463108));
#84 = CARTESIAN_POINT('',(3.739015440814,0.529627651601));
#85 = CARTESIAN_POINT('',(3.68805522406,0.496189708912));
#86 = CARTESIAN_POINT('',(3.639254526257,0.461537864577));
#87 = CARTESIAN_POINT('',(3.592358211424,0.425853750814));
#88 = CARTESIAN_POINT('',(3.547119645819,0.389295239582));
#89 = CARTESIAN_POINT('',(3.503303581712,0.35200194888));
#90 = CARTESIAN_POINT('',(3.418070267422,0.276195524099));
#91 = CARTESIAN_POINT('',(3.376653058633,0.237682405407));
#92 = CARTESIAN_POINT('',(3.33621190194,0.1986842797));
#93 = CARTESIAN_POINT('',(3.296536064482,0.159311596573));
#94 = CARTESIAN_POINT('',(3.257425857093,0.119664494846));
#95 = CARTESIAN_POINT('',(3.21868990347,7.983657284615E-02));
#96 = CARTESIAN_POINT('',(3.180141298187,3.99182900364E-02));
#97 = CARTESIAN_POINT('',(3.14159265359,1.321405775976E-16));
#98 = ( GEOMETRIC_REPRESENTATION_CONTEXT(2) 
PARAMETRIC_REPRESENTATION_CONTEXT() REPRESENTATION_CONTEXT('2D SPACE',''
  ) );
#99 = PCURVE('',#100,#105);
#100 = PLANE('',#101);
#101 = AXIS2_PLACEMENT_3D('',#102,#103,#104);
#102 = CARTESIAN_POINT('',(-77.5,0.,0.));
#103 = DIRECTION('',(0.,-0.719339800339,-0.694658370459));
#104 = DIRECTION('',(0.,-0.694658370459,0.719339800339));
#105 = DEFINITIONAL_REPRESENTATION('',(#106),#110);
#106 = CIRCLE('',#107,20.6);
#107 = AXIS2_PLACEMENT_2D('',#108,#109);
#108 = CARTESIAN_POINT('',(0.,-30.));
#109 = DIRECTION('',(-1.,-0.));
#110 = ( GEOMETRIC_REPRESENTATION_CONTEXT(2) 
PARAMETRIC_REPRESENTATION_CONTEXT() REPRESENTATION_CONTEXT('2D SPACE',''
  ) );
#111 = ORIENTED_EDGE('',*,*,#112,.F.);
#112 = EDGE_CURVE('',#113,#22,#115,.T.);
#113 = VERTEX_POINT('',#114);
#114 = CARTESIAN_POINT('',(-27.9193973535,-4.113840701994,4.902684435961
    ));
#115 = SURFACE_CURVE('',#116,(#121,#139),.PCURVE_S1.);
#116 = CIRCLE('',#117,6.4);
#117 = AXIS2_PLACEMENT_3D('',#118,#119,#120);
#118 = CARTESIAN_POINT('',(-27.9193973535,0.,0.));
#119 = DIRECTION('',(1.,0.,0.));
#120 = DIRECTION('',(-0.,0.,1.));
#121 = PCURVE('',#33,#122);
#122 = DEFINITIONAL_REPRESENTATION('',(#123),#138);
#123 = B_SPLINE_CURVE_WITH_KNOTS('',7,(#124,#125,#126,#127,#128,#129,
    #130,#131,#132,#133,#134,#135,#136,#137),.UNSPECIFIED.,.F.,.F.,(8,6,
    8),(0.156689154276,0.778556606258,1.40042405824),.UNSPECIFIED.);
#124 = CARTESIAN_POINT('',(6.232224286536,0.311906373333));
#125 = CARTESIAN_POINT('',(6.203617300996,0.307381046935));
#126 = CARTESIAN_POINT('',(6.175576150692,0.299894612713));
#127 = CARTESIAN_POINT('',(6.14853953725,0.289523387736));
#128 = CARTESIAN_POINT('',(6.122917186408,0.276417275099));
#129 = CARTESIAN_POINT('',(6.099049108103,0.2607911735));
#130 = CARTESIAN_POINT('',(6.077197151565,0.242900360207));
#131 = CARTESIAN_POINT('',(6.037921725212,0.203151230249));
#132 = CARTESIAN_POINT('',(6.020498226271,0.181292914126));
#133 = CARTESIAN_POINT('',(6.005486960434,0.157731741782));
#134 = CARTESIAN_POINT('',(5.993021109237,0.132774300819));
#135 = CARTESIAN_POINT('',(5.983181730772,0.106736718411));
#136 = CARTESIAN_POINT('',(5.976019240324,7.993831380198E-02));
#137 = CARTESIAN_POINT('',(5.971558839005,5.269988221286E-02));
#138 = ( GEOMETRIC_REPRESENTATION_CONTEXT(2) 
PARAMETRIC_REPRESENTATION_CONTEXT() REPRESENTATION_CONTEXT('2D SPACE',''
  ) );
#139 = PCURVE('',#140,#145);
#140 = CYLINDRICAL_SURFACE('',#141,6.4);
#141 = AXIS2_PLACEMENT_3D('',#142,#143,#144);
#142 = CARTESIAN_POINT('',(-30.5,0.,0.));
#143 = DIRECTION('',(1.,0.,0.));
#144 = DIRECTION('',(-0.,0.,1.));
#145 = DEFINITIONAL_REPRESENTATION('',(#146),#150);
#146 = LINE('',#147,#148);
#147 = CARTESIAN_POINT('',(0.,2.580602646497));
#148 = VECTOR('',#149,1.);
#149 = DIRECTION('',(1.,0.));
#150 = ( GEOMETRIC_REPRESENTATION_CONTEXT(2) 
PARAMETRIC_REPRESENTATION_CONTEXT() REPRESENTATION_CONTEXT('2D SPACE',''
  ) );
#151 = ORIENTED_EDGE('',*,*,#152,.T.);
#152 = EDGE_CURVE('',#113,#153,#155,.T.);
#153 = VERTEX_POINT('',#154);
#154 = CARTESIAN_POINT('',(-29.77685129555,-6.749269901709,
    8.043466652749));
#155 = SURFACE_CURVE('',#156,(#161,#171),.PCURVE_S1.);
#156 = CIRCLE('',#157,20.6);
#157 = AXIS2_PLACEMENT_3D('',#158,#159,#160);
#158 = CARTESIAN_POINT('',(-47.5,0.,0.));
#159 = DIRECTION('',(0.,-0.766044443119,-0.642787609687));
#160 = DIRECTION('',(0.,0.642787609687,-0.766044443119));
#161 = PCURVE('',#33,#162);
#162 = DEFINITIONAL_REPRESENTATION('',(#163),#170);
#163 = B_SPLINE_CURVE_WITH_KNOTS('',5,(#164,#165,#166,#167,#168,#169),
  .UNSPECIFIED.,.F.,.F.,(6,6),(1.886704269085,2.105642542812),
  .PIECEWISE_BEZIER_KNOTS.);
#164 = CARTESIAN_POINT('',(6.076099486539,0.240300384011));
#165 = CARTESIAN_POINT('',(6.046263367135,0.273126996082));
#166 = CARTESIAN_POINT('',(6.015827243979,0.305696400744));
#167 = CARTESIAN_POINT('',(5.984639442044,0.337940758926));
#168 = CARTESIAN_POINT('',(5.952534086564,0.369783502167));
#169 = CARTESIAN_POINT('',(5.919324896041,0.401130710243));
#170 = ( GEOMETRIC_REPRESENTATION_CONTEXT(2) 
PARAMETRIC_REPRESENTATION_CONTEXT() REPRESENTATION_CONTEXT('2D SPACE',''
  ) );
#171 = PCURVE('',#172,#177);
#172 = PLANE('',#173);
#173 = AXIS2_PLACEMENT_3D('',#174,#175,#176);
#174 = CARTESIAN_POINT('',(-32.5,0.,0.));
#175 = DIRECTION('',(0.,-0.766044443119,-0.642787609687));
#176 = DIRECTION('',(0.,-0.642787609687,0.766044443119));
#177 = DEFINITIONAL_REPRESENTATION('',(#178),#182);
#178 = CIRCLE('',#179,20.6);
#179 = AXIS2_PLACEMENT_2D('',#180,#181);
#180 = CARTESIAN_POINT('',(0.,15.));
#181 = DIRECTION('',(-1.,-0.));
#182 = ( GEOMETRIC_REPRESENTATION_CONTEXT(2) 
PARAMETRIC_REPRESENTATION_CONTEXT() REPRESENTATION_CONTEXT('2D SPACE',''
  ) );
#183 = ORIENTED_EDGE('',*,*,#184,.F.);
#184 = EDGE_CURVE('',#185,#153,#187,.T.);
#185 = VERTEX_POINT('',#186);
#186 = CARTESIAN_POINT('',(-29.77685129555,-3.244678440937,
    9.986093421099));
#187 = SURFACE_CURVE('',#188,(#193,#204),.PCURVE_S1.);
#188 = CIRCLE('',#189,10.5);
#189 = AXIS2_PLACEMENT_3D('',#190,#191,#192);
#190 = CARTESIAN_POINT('',(-29.77685129555,0.,0.));
#191 = DIRECTION('',(1.,0.,0.));
#192 = DIRECTION('',(-0.,0.,1.));
#193 = PCURVE('',#33,#194);
#194 = DEFINITIONAL_REPRESENTATION('',(#195),#203);
#195 = B_SPLINE_CURVE_WITH_KNOTS('',6,(#196,#197,#198,#199,#200,#201,
    #202),.UNSPECIFIED.,.F.,.F.,(7,7),(0.314159265359,0.698131700798),
  .PIECEWISE_BEZIER_KNOTS.);
#196 = CARTESIAN_POINT('',(6.102114767767,0.506090827365));
#197 = CARTESIAN_POINT('',(6.06722596773,0.49456636098));
#198 = CARTESIAN_POINT('',(6.033742461313,0.480406457945));
#199 = CARTESIAN_POINT('',(6.002009490224,0.463768850944));
#200 = CARTESIAN_POINT('',(5.972277821068,0.44486026385));
#201 = CARTESIAN_POINT('',(5.944690056395,0.423905686213));
#202 = CARTESIAN_POINT('',(5.919324896041,0.401130710243));
#203 = ( GEOMETRIC_REPRESENTATION_CONTEXT(2) 
PARAMETRIC_REPRESENTATION_CONTEXT() REPRESENTATION_CONTEXT('2D SPACE',''
  ) );
#204 = PCURVE('',#205,#210);
#205 = CYLINDRICAL_SURFACE('',#206,10.5);
#206 = AXIS2_PLACEMENT_3D('',#207,#208,#209);
#207 = CARTESIAN_POINT('',(-31.5,0.,0.));
#208 = DIRECTION('',(1.,0.,0.));
#209 = DIRECTION('',(-0.,0.,1.));
#210 = DEFINITIONAL_REPRESENTATION('',(#211),#215);
#211 = LINE('',#212,#213);
#212 = CARTESIAN_POINT('',(0.,1.723148704449));
#213 = VECTOR('',#214,1.);
#214 = DIRECTION('',(1.,0.));
#215 = ( GEOMETRIC_REPRESENTATION_CONTEXT(2) 
PARAMETRIC_REPRESENTATION_CONTEXT() REPRESENTATION_CONTEXT('2D SPACE',''
  ) );
#216 = ORIENTED_EDGE('',*,*,#217,.T.);
#217 = EDGE_CURVE('',#185,#218,#220,.T.);
#218 = VERTEX_POINT('',#219);
#219 = CARTESIAN_POINT('',(-27.9193973535,-1.977708764,6.086761704289));
#220 = SURFACE_CURVE('',#221,(#226,#237),.PCURVE_S1.);
#221 = CIRCLE('',#222,20.6);
#222 = AXIS2_PLACEMENT_3D('',#223,#224,#225);
#223 = CARTESIAN_POINT('',(-47.5,4.223539368443E-16,1.372311128622E-16)
  );
#224 = DIRECTION('',(-0.,0.951056516295,0.309016994375));
#225 = DIRECTION('',(0.,-0.309016994375,0.951056516295));
#226 = PCURVE('',#33,#227);
#227 = DEFINITIONAL_REPRESENTATION('',(#228),#236);
#228 = B_SPLINE_CURVE_WITH_KNOTS('',6,(#229,#230,#231,#232,#233,#234,
    #235),.UNSPECIFIED.,.F.,.F.,(7,7),(1.035950110778,1.254888384505),
  .PIECEWISE_BEZIER_KNOTS.);
#229 = CARTESIAN_POINT('',(6.102114767767,0.506090827365));
#230 = CARTESIAN_POINT('',(6.116854444964,0.471954404453));
#231 = CARTESIAN_POINT('',(6.13092484,0.437707443201));
#232 = CARTESIAN_POINT('',(6.144442014328,0.403369557614));
#233 = CARTESIAN_POINT('',(6.157497468725,0.368955997908));
#234 = CARTESIAN_POINT('',(6.170168668395,0.334479599368));
#235 = CARTESIAN_POINT('',(6.182523221489,0.299951496489));
#236 = ( GEOMETRIC_REPRESENTATION_CONTEXT(2) 
PARAMETRIC_REPRESENTATION_CONTEXT() REPRESENTATION_CONTEXT('2D SPACE',''
  ) );
#237 = PCURVE('',#238,#243);
#238 = PLANE('',#239);
#239 = AXIS2_PLACEMENT_3D('',#240,#241,#242);
#240 = CARTESIAN_POINT('',(-32.5,-3.949007723159,12.153796057743));
#241 = DIRECTION('',(-0.,0.951056516295,0.309016994375));
#242 = DIRECTION('',(0.,0.309016994375,-0.951056516295));
#243 = DEFINITIONAL_REPRESENTATION('',(#244),#248);
#244 = CIRCLE('',#245,20.6);
#245 = AXIS2_PLACEMENT_2D('',#246,#247);
#246 = CARTESIAN_POINT('',(12.779257435813,15.));
#247 = DIRECTION('',(-1.,-0.));
#248 = ( GEOMETRIC_REPRESENTATION_CONTEXT(2) 
PARAMETRIC_REPRESENTATION_CONTEXT() REPRESENTATION_CONTEXT('2D SPACE',''
  ) );
#249 = ORIENTED_EDGE('',*,*,#250,.F.);
#250 = EDGE_CURVE('',#251,#218,#253,.T.);
#251 = VERTEX_POINT('',#252);
#252 = CARTESIAN_POINT('',(-27.9193972375,-1.53268579928,6.213764900661)
  );
#253 = SURFACE_CURVE('',#254,(#259,#277),.PCURVE_S1.);
#254 = CIRCLE('',#255,6.4);
#255 = AXIS2_PLACEMENT_3D('',#256,#257,#258);
#256 = CARTESIAN_POINT('',(-27.9193973535,0.,0.));
#257 = DIRECTION('',(1.,0.,0.));
#258 = DIRECTION('',(-0.,0.,1.));
#259 = PCURVE('',#33,#260);
#260 = DEFINITIONAL_REPRESENTATION('',(#261),#276);
#261 = B_SPLINE_CURVE_WITH_KNOTS('',7,(#262,#263,#264,#265,#266,#267,
    #268,#269,#270,#271,#272,#273,#274,#275),.UNSPECIFIED.,.F.,.F.,(8,6,
    8),(0.156689154276,0.778556606258,1.40042405824),.UNSPECIFIED.);
#262 = CARTESIAN_POINT('',(6.232224286536,0.311906373333));
#263 = CARTESIAN_POINT('',(6.203617300996,0.307381046935));
#264 = CARTESIAN_POINT('',(6.175576150692,0.299894612713));
#265 = CARTESIAN_POINT('',(6.14853953725,0.289523387736));
#266 = CARTESIAN_POINT('',(6.122917186408,0.276417275099));
#267 = CARTESIAN_POINT('',(6.099049108103,0.2607911735));
#268 = CARTESIAN_POINT('',(6.077197151565,0.242900360207));
#269 = CARTESIAN_POINT('',(6.037921725212,0.203151230249));
#270 = CARTESIAN_POINT('',(6.020498226271,0.181292914126));
#271 = CARTESIAN_POINT('',(6.005486960434,0.157731741782));
#272 = CARTESIAN_POINT('',(5.993021109237,0.132774300819));
#273 = CARTESIAN_POINT('',(5.983181730772,0.106736718411));
#274 = CARTESIAN_POINT('',(5.976019240324,7.993831380198E-02));
#275 = CARTESIAN_POINT('',(5.971558839005,5.269988221286E-02));
#276 = ( GEOMETRIC_REPRESENTATION_CONTEXT(2) 
PARAMETRIC_REPRESENTATION_CONTEXT() REPRESENTATION_CONTEXT('2D SPACE',''
  ) );
#277 = PCURVE('',#140,#278);
#278 = DEFINITIONAL_REPRESENTATION('',(#279),#283);
#279 = LINE('',#280,#281);
#280 = CARTESIAN_POINT('',(0.,2.580602646497));
#281 = VECTOR('',#282,1.);
#282 = DIRECTION('',(1.,0.));
#283 = ( GEOMETRIC_REPRESENTATION_CONTEXT(2) 
PARAMETRIC_REPRESENTATION_CONTEXT() REPRESENTATION_CONTEXT('2D SPACE',''
  ) );
#284 = ORIENTED_EDGE('',*,*,#285,.F.);
#285 = EDGE_CURVE('',#286,#251,#288,.T.);
#286 = VERTEX_POINT('',#287);
#287 = CARTESIAN_POINT('',(-67.0806027625,-1.53268579928,6.213764900661)
  );
#288 = SURFACE_CURVE('',#289,(#388,#450),.PCURVE_S1.);
#289 = B_SPLINE_CURVE_WITH_KNOTS('',13,(#290,#291,#292,#293,#294,#295,
    #296,#297,#298,#299,#300,#301,#302,#303,#304,#305,#306,#307,#308,
    #309,#310,#311,#312,#313,#314,#315,#316,#317,#318,#319,#320,#321,
    #322,#323,#324,#325,#326,#327,#328,#329,#330,#331,#332,#333,#334,
    #335,#336,#337,#338,#339,#340,#341,#342,#343,#344,#345,#346,#347,
    #348,#349,#350,#351,#352,#353,#354,#355,#356,#357,#358,#359,#360,
    #361,#362,#363,#364,#365,#366,#367,#368,#369,#370,#371,#372,#373,
    #374,#375,#376,#377,#378,#379,#380,#381,#382,#383,#384,#385,#386,
    #387),.UNSPECIFIED.,.F.,.F.,(14,12,12,12,12,12,12,12,14),(
    -3.216482699007,3.981204856336E-15,16.179202165987,24.268803248981,
    32.358404331975,40.448005414968,48.537606497962,64.716808663949,
    67.93329136296),.UNSPECIFIED.);
#290 = CARTESIAN_POINT('',(-68.07849118036,-0.634010215626,
    -3.293229731711));
#291 = CARTESIAN_POINT('',(-68.07849118035,-0.657361145209,
    -3.046202699653));
#292 = CARTESIAN_POINT('',(-68.07849118035,-0.680703968915,
    -2.799261418816));
#293 = CARTESIAN_POINT('',(-68.07849118035,-0.704038686745,
    -2.552405889197));
#294 = CARTESIAN_POINT('',(-68.07849118035,-0.727365298697,
    -2.305636110799));
#295 = CARTESIAN_POINT('',(-68.07849118035,-0.750683804773,
    -2.05895208362));
#296 = CARTESIAN_POINT('',(-68.07849118035,-0.773994204972,
    -1.812353807661));
#297 = CARTESIAN_POINT('',(-68.07849118035,-0.797296499294,
    -1.565841282921));
#298 = CARTESIAN_POINT('',(-68.07849118035,-0.82059068774,
    -1.319414509401));
#299 = CARTESIAN_POINT('',(-68.07849118035,-0.843876770308,
    -1.073073487101));
#300 = CARTESIAN_POINT('',(-68.07849118036,-0.867154747,-0.826818216021)
  );
#301 = CARTESIAN_POINT('',(-68.07849118036,-0.890424617815,
    -0.58064869616));
#302 = CARTESIAN_POINT('',(-68.07849118036,-0.913686382753,
    -0.334564927519));
#303 = CARTESIAN_POINT('',(-68.07849118038,-1.053908073748,
    1.148825617311));
#304 = CARTESIAN_POINT('',(-67.99716509548,-1.170901934459,
    2.386491384666));
#305 = CARTESIAN_POINT('',(-67.83445554332,-1.287364791618,
    3.618539721098));
#306 = CARTESIAN_POINT('',(-67.59079409799,-1.402742087905,
    4.839104023109));
#307 = CARTESIAN_POINT('',(-67.26709004655,-1.516485187433,
    6.042380328999));
#308 = CARTESIAN_POINT('',(-66.86471732509,-1.628054889504,
    7.222664491702));
#309 = CARTESIAN_POINT('',(-66.38549965966,-1.736924810154,
    8.374387950045));
#310 = CARTESIAN_POINT('',(-65.83169387814,-1.842584630881,
    9.492152098712));
#311 = CARTESIAN_POINT('',(-65.20597143146,-1.944543215226,
    10.570761256191));
#312 = CARTESIAN_POINT('',(-64.511398087,-2.042331592568,11.605254231825
    ));
#313 = CARTESIAN_POINT('',(-63.7514118252,-2.135505809669,
    12.590934490684));
#314 = CARTESIAN_POINT('',(-62.92979891691,-2.223649649577,
    13.523398917406));
#315 = CARTESIAN_POINT('',(-61.61110283487,-2.347741002405,
    14.836148308584));
#316 = CARTESIAN_POINT('',(-61.15715787291,-2.387750720671,
    15.259406916847));
#317 = CARTESIAN_POINT('',(-60.68934671681,-2.426358139406,
    15.667830745576));
#318 = CARTESIAN_POINT('',(-60.20820281983,-2.463516917287,
    16.060929554937));
#319 = CARTESIAN_POINT('',(-59.71427881834,-2.499182686769,
    16.438233985001));
#320 = CARTESIAN_POINT('',(-59.20814563012,-2.533313131259,
    16.799296373517));
#321 = CARTESIAN_POINT('',(-58.69039151969,-2.565868058515,
    17.143691530257));
#322 = CARTESIAN_POINT('',(-58.16162112159,-2.5968094693,17.471017466071
    ));
#323 = CARTESIAN_POINT('',(-57.62245443385,-2.626101622544,
    17.780896079224));
#324 = CARTESIAN_POINT('',(-57.07352576761,-2.653711095639,
    18.072973795993));
#325 = CARTESIAN_POINT('',(-56.51548266661,-2.679606841156,
    18.346922168559));
#326 = CARTESIAN_POINT('',(-55.94898478516,-2.703760238953,
    18.602438427597));
#327 = CARTESIAN_POINT('',(-54.80042067992,-2.748530049787,
    19.076053555277));
#328 = CARTESIAN_POINT('',(-54.21835446033,-2.76914646215,
    19.294152416826));
#329 = CARTESIAN_POINT('',(-53.62917469395,-2.787968235133,
    19.49326597677));
#330 = CARTESIAN_POINT('',(-53.03356297051,-2.804971695604,
    19.673143799702));
#331 = CARTESIAN_POINT('',(-52.43221070822,-2.820135689934,
    19.833562103278));
#332 = CARTESIAN_POINT('',(-51.82581798071,-2.833441624791,
    19.974324191097));
#333 = CARTESIAN_POINT('',(-51.2150923273,-2.844873503035,
    20.095260830454));
#334 = CARTESIAN_POINT('',(-50.60074753083,-2.854417953214,
    20.196230566815));
#335 = CARTESIAN_POINT('',(-49.98350239291,-2.862064254127,
    20.277119981178));
#336 = CARTESIAN_POINT('',(-49.3640794817,-2.867804352577,20.33784387999
    ));
#337 = CARTESIAN_POINT('',(-48.74320388359,-2.871632875821,
    20.378345425345));
#338 = CARTESIAN_POINT('',(-48.12160194178,-2.873547137438,
    20.398596197995));
#339 = CARTESIAN_POINT('',(-46.87839805822,-2.873547137439,
    20.398596197999));
#340 = CARTESIAN_POINT('',(-46.25679611639,-2.871632875817,
    20.378345425326));
#341 = CARTESIAN_POINT('',(-45.63592051832,-2.867804352588,
    20.337843880042));
#342 = CARTESIAN_POINT('',(-45.01649760703,-2.862064254106,
    20.277119981074));
#343 = CARTESIAN_POINT('',(-44.39925246923,-2.854417953247,
    20.196230566976));
#344 = CARTESIAN_POINT('',(-43.78490767261,-2.844873502994,
    20.095260830259));
#345 = CARTESIAN_POINT('',(-43.17418201935,-2.833441624832,
    19.974324191283));
#346 = CARTESIAN_POINT('',(-42.56778929171,-2.820135689901,
    19.833562103137));
#347 = CARTESIAN_POINT('',(-41.96643702952,-2.804971695625,
    19.673143799785));
#348 = CARTESIAN_POINT('',(-41.37082530602,-2.787968235123,
    19.493265976734));
#349 = CARTESIAN_POINT('',(-40.78164553967,-2.769146462154,
    19.294152416837));
#350 = CARTESIAN_POINT('',(-40.19957932007,-2.748530049786,
    19.076053555276));
#351 = CARTESIAN_POINT('',(-39.05101521483,-2.703760238953,
    18.602438427596));
#352 = CARTESIAN_POINT('',(-38.48451733342,-2.679606841156,
    18.346922168564));
#353 = CARTESIAN_POINT('',(-37.92647423227,-2.653711095639,
    18.072973795979));
#354 = CARTESIAN_POINT('',(-37.37754556635,-2.626101622543,
    17.780896079251));
#355 = CARTESIAN_POINT('',(-36.8383788781,-2.596809469302,
    17.471017466035));
#356 = CARTESIAN_POINT('',(-36.30960848064,-2.565868058511,
    17.143691530296));
#357 = CARTESIAN_POINT('',(-35.79185436956,-2.533313131264,
    16.799296373485));
#358 = CARTESIAN_POINT('',(-35.28572118187,-2.499182686764,
    16.438233985022));
#359 = CARTESIAN_POINT('',(-34.79179718003,-2.46351691729,
    16.060929554925));
#360 = CARTESIAN_POINT('',(-34.31065328324,-2.426358139404,
    15.667830745582));
#361 = CARTESIAN_POINT('',(-33.84284212706,-2.387750720671,
    15.259406916845));
#362 = CARTESIAN_POINT('',(-33.38889716513,-2.347741002405,
    14.836148308584));
#363 = CARTESIAN_POINT('',(-32.07020108308,-2.223649649577,
    13.523398917405));
#364 = CARTESIAN_POINT('',(-31.24858817482,-2.135505809669,
    12.590934490687));
#365 = CARTESIAN_POINT('',(-30.48860191292,-2.042331592568,
    11.605254231818));
#366 = CARTESIAN_POINT('',(-29.79402856867,-1.944543215225,
    10.570761256204));
#367 = CARTESIAN_POINT('',(-29.16830612163,-1.842584630884,
    9.492152098697));
#368 = CARTESIAN_POINT('',(-28.61450034063,-1.73692481015,8.374387950057
    ));
#369 = CARTESIAN_POINT('',(-28.13528267456,-1.628054889509,
    7.222664491698));
#370 = CARTESIAN_POINT('',(-27.73290995376,-1.516485187427,
    6.042380328994));
#371 = CARTESIAN_POINT('',(-27.40920590176,-1.40274208791,4.839104023117
    ));
#372 = CARTESIAN_POINT('',(-27.16554445681,-1.287364791615,
    3.618539721092));
#373 = CARTESIAN_POINT('',(-27.00283490445,-1.17090193446,2.386491384669
    ));
#374 = CARTESIAN_POINT('',(-26.92150881963,-1.053908073748,1.14882561731
    ));
#375 = CARTESIAN_POINT('',(-26.92150881963,-0.913686382753,
    -0.334564927519));
#376 = CARTESIAN_POINT('',(-26.92150881963,-0.890424617815,
    -0.58064869616));
#377 = CARTESIAN_POINT('',(-26.92150881963,-0.867154747,-0.826818216021)
  );
#378 = CARTESIAN_POINT('',(-26.92150881963,-0.843876770308,
    -1.073073487102));
#379 = CARTESIAN_POINT('',(-26.92150881963,-0.82059068774,
    -1.319414509402));
#380 = CARTESIAN_POINT('',(-26.92150881963,-0.797296499294,
    -1.565841282922));
#381 = CARTESIAN_POINT('',(-26.92150881963,-0.773994204972,
    -1.812353807661));
#382 = CARTESIAN_POINT('',(-26.92150881963,-0.750683804773,
    -2.05895208362));
#383 = CARTESIAN_POINT('',(-26.92150881963,-0.727365298698,
    -2.305636110799));
#384 = CARTESIAN_POINT('',(-26.92150881963,-0.704038686745,
    -2.552405889198));
#385 = CARTESIAN_POINT('',(-26.92150881963,-0.680703968916,
    -2.799261418816));
#386 = CARTESIAN_POINT('',(-26.92150881963,-0.657361145209,
    -3.046202699654));
#387 = CARTESIAN_POINT('',(-26.92150881963,-0.634010215626,
    -3.293229731711));
#388 = PCURVE('',#33,#389);
#389 = DEFINITIONAL_REPRESENTATION('',(#390),#449);
#390 = B_SPLINE_CURVE_WITH_KNOTS('',8,(#391,#392,#393,#394,#395,#396,
    #397,#398,#399,#400,#401,#402,#403,#404,#405,#406,#407,#408,#409,
    #410,#411,#412,#413,#414,#415,#416,#417,#418,#419,#420,#421,#422,
    #423,#424,#425,#426,#427,#428,#429,#430,#431,#432,#433,#434,#435,
    #436,#437,#438,#439,#440,#441,#442,#443,#444,#445,#446,#447,#448),
  .UNSPECIFIED.,.F.,.F.,(9,7,7,7,7,7,7,7,9),(1.181021555881,
    16.769712943928,24.564058637951,28.461231484963,32.358404331975,
    36.255577178986,40.152750025998,47.947095720022,63.535787108069),
  .UNSPECIFIED.);
#391 = CARTESIAN_POINT('',(3.192555254379,5.269988221286E-02));
#392 = CARTESIAN_POINT('',(3.201712291712,0.146738335219));
#393 = CARTESIAN_POINT('',(3.211429545208,0.240751323944));
#394 = CARTESIAN_POINT('',(3.22197887762,0.334704711268));
#395 = CARTESIAN_POINT('',(3.233672488492,0.428564701925));
#396 = CARTESIAN_POINT('',(3.246978885265,0.522300991384));
#397 = CARTESIAN_POINT('',(3.262480415692,0.615876933307));
#398 = CARTESIAN_POINT('',(3.281232634172,0.709213126049));
#399 = CARTESIAN_POINT('',(3.318512344891,0.848559664994));
#400 = CARTESIAN_POINT('',(3.332468590797,0.894898754326));
#401 = CARTESIAN_POINT('',(3.348279638738,0.941104788847));
#402 = CARTESIAN_POINT('',(3.366568798156,0.987131559632));
#403 = CARTESIAN_POINT('',(3.38802207506,1.032930280242));
#404 = CARTESIAN_POINT('',(3.41361467469,1.078431773814));
#405 = CARTESIAN_POINT('',(3.445299493364,1.123490513662));
#406 = CARTESIAN_POINT('',(3.508086652579,1.189940519245));
#407 = CARTESIAN_POINT('',(3.531568201429,1.211899192397));
#408 = CARTESIAN_POINT('',(3.55814565924,1.233627410751));
#409 = CARTESIAN_POINT('',(3.58852401595,1.255064502303));
#410 = CARTESIAN_POINT('',(3.623650503715,1.276134141979));
#411 = CARTESIAN_POINT('',(3.664874519589,1.296728355223));
#412 = CARTESIAN_POINT('',(3.714186805423,1.316669632321));
#413 = CARTESIAN_POINT('',(3.834888964557,1.35463267463));
#414 = CARTESIAN_POINT('',(3.906304186427,1.372649148198));
#415 = CARTESIAN_POINT('',(3.991428826357,1.389424640382));
#416 = CARTESIAN_POINT('',(4.095082311252,1.404388510034));
#417 = CARTESIAN_POINT('',(4.218659731125,1.417155337658));
#418 = CARTESIAN_POINT('',(4.3737477075,1.426296207839));
#419 = CARTESIAN_POINT('',(4.543044497121,1.43084736109));
#420 = CARTESIAN_POINT('',(4.881733463649,1.43084736109));
#421 = CARTESIAN_POINT('',(5.051030253268,1.426296207838));
#422 = CARTESIAN_POINT('',(5.206118229647,1.417155337659));
#423 = CARTESIAN_POINT('',(5.329695649515,1.404388510033));
#424 = CARTESIAN_POINT('',(5.433349134414,1.389424640383));
#425 = CARTESIAN_POINT('',(5.518473774342,1.372649148198));
#426 = CARTESIAN_POINT('',(5.589888996213,1.35463267463));
#427 = CARTESIAN_POINT('',(5.710591155346,1.316669632321));
#428 = CARTESIAN_POINT('',(5.75990344118,1.296728355223));
#429 = CARTESIAN_POINT('',(5.801127457054,1.276134141979));
#430 = CARTESIAN_POINT('',(5.83625394482,1.255064502303));
#431 = CARTESIAN_POINT('',(5.86663230153,1.233627410751));
#432 = CARTESIAN_POINT('',(5.89320975934,1.211899192397));
#433 = CARTESIAN_POINT('',(5.916691308191,1.189940519245));
#434 = CARTESIAN_POINT('',(5.979478467405,1.123490513662));
#435 = CARTESIAN_POINT('',(6.01116328608,1.078431773814));
#436 = CARTESIAN_POINT('',(6.03675588571,1.032930280242));
#437 = CARTESIAN_POINT('',(6.058209162614,0.987131559632));
#438 = CARTESIAN_POINT('',(6.076498322032,0.941104788847));
#439 = CARTESIAN_POINT('',(6.092309369972,0.894898754326));
#440 = CARTESIAN_POINT('',(6.106265615878,0.848559664994));
#441 = CARTESIAN_POINT('',(6.143545326597,0.709213126049));
#442 = CARTESIAN_POINT('',(6.162297545077,0.615876933307));
#443 = CARTESIAN_POINT('',(6.177799075504,0.522300991384));
#444 = CARTESIAN_POINT('',(6.191105472278,0.428564701925));
#445 = CARTESIAN_POINT('',(6.202799083149,0.334704711268));
#446 = CARTESIAN_POINT('',(6.213348415562,0.240751323944));
#447 = CARTESIAN_POINT('',(6.223065669057,0.146738335219));
#448 = CARTESIAN_POINT('',(6.23222270639,5.269988221286E-02));
#449 = ( GEOMETRIC_REPRESENTATION_CONTEXT(2) 
PARAMETRIC_REPRESENTATION_CONTEXT() REPRESENTATION_CONTEXT('2D SPACE',''
  ) );
#450 = PCURVE('',#451,#746);
#451 = ( BOUNDED_SURFACE() B_SPLINE_SURFACE(2,13,(
    (#452,#453,#454,#455,#456,#457,#458,#459,#460,#461,#462,#463,#464
      ,#465,#466,#467,#468,#469,#470,#471,#472,#473,#474,#475,#476,#477
      ,#478,#479,#480,#481,#482,#483,#484,#485,#486,#487,#488,#489,#490
      ,#491,#492,#493,#494,#495,#496,#497,#498,#499,#500,#501,#502,#503
      ,#504,#505,#506,#507,#508,#509,#510,#511,#512,#513,#514,#515,#516
      ,#517,#518,#519,#520,#521,#522,#523,#524,#525,#526,#527,#528,#529
      ,#530,#531,#532,#533,#534,#535,#536,#537,#538,#539,#540,#541,#542
      ,#543,#544,#545,#546,#547,#548,#549)
    ,(#550,#551,#552,#553,#554,#555,#556,#557,#558,#559,#560,#561,#562
      ,#563,#564,#565,#566,#567,#568,#569,#570,#571,#572,#573,#574,#575
      ,#576,#577,#578,#579,#580,#581,#582,#583,#584,#585,#586,#587,#588
      ,#589,#590,#591,#592,#593,#594,#595,#596,#597,#598,#599,#600,#601
      ,#602,#603,#604,#605,#606,#607,#608,#609,#610,#611,#612,#613,#614
      ,#615,#616,#617,#618,#619,#620,#621,#622,#623,#624,#625,#626,#627
      ,#628,#629,#630,#631,#632,#633,#634,#635,#636,#637,#638,#639,#640
      ,#641,#642,#643,#644,#645,#646,#647)
    ,(#648,#649,#650,#651,#652,#653,#654,#655,#656,#657,#658,#659,#660
      ,#661,#662,#663,#664,#665,#666,#667,#668,#669,#670,#671,#672,#673
      ,#674,#675,#676,#677,#678,#679,#680,#681,#682,#683,#684,#685,#686
      ,#687,#688,#689,#690,#691,#692,#693,#694,#695,#696,#697,#698,#699
      ,#700,#701,#702,#703,#704,#705,#706,#707,#708,#709,#710,#711,#712
      ,#713,#714,#715,#716,#717,#718,#719,#720,#721,#722,#723,#724,#725
      ,#726,#727,#728,#729,#730,#731,#732,#733,#734,#735,#736,#737,#738
      ,#739,#740,#741,#742,#743,#744,#745
)),.UNSPECIFIED.,.F.,.F.,.F.) B_SPLINE_SURFACE_WITH_KNOTS((3,3),(14,12,
    12,12,12,12,12,12,14),(0.,64.716808663949),(-3.216482699007,
    3.981204856336E-15,16.179202165987,24.268803248981,32.358404331975,
    40.448005414968,48.537606497962,64.716808663949,67.93329136296),
.UNSPECIFIED.) GEOMETRIC_REPRESENTATION_ITEM() RATIONAL_B_SPLINE_SURFACE
((
    (1.,1.,1.,1.,1.,1.,1.,1.,1.,1.,1.,1.,1.,1.,1.,1.,1.,1.,1.,1.,1.,1.
      ,1.,1.,1.,1.,1.,1.,1.,1.,1.,1.,1.,1.,1.,1.,1.,1.,1.,1.,1.,1.,1.,1.
      ,1.,1.,1.,1.,1.,1.,1.,1.,1.,1.,1.,1.,1.,1.,1.,1.,1.,1.,1.,1.,1.,1.
      ,1.,1.,1.,1.,1.,1.,1.,1.,1.,1.,1.,1.,1.,1.,1.,1.,1.,1.,1.,1.,1.,1.
      ,1.,1.,1.,1.,1.,1.,1.,1.,1.,1.)
    ,(0.690765778253,0.690765778253,0.690765778253,0.690765778253
      ,0.690765778253,0.690765778253,0.690765778253,0.690765778253
      ,0.690765778253,0.690765778253,0.690765778253,0.690765778253
      ,0.690765778253,0.690765778254,0.690765778253,0.690765778254
      ,0.690765778244,0.690765778249,0.690765778233,0.690765778245
      ,0.690765778236,0.690765778248,0.690765778248,0.690765778252
      ,0.690765778252,0.690765778254,0.690765778253,0.690765778254
      ,0.690765778253,0.690765778254,0.690765778251,0.690765778253
      ,0.690765778251,0.690765778252,0.690765778251,0.690765778251
      ,0.690765778251,0.690765778251,0.69076577825,0.690765778253
      ,0.690765778248,0.690765778257,0.690765778245,0.690765778259
      ,0.690765778247,0.690765778257,0.690765778251,0.690765778254
      ,0.690765778253,0.690765778254,0.690765778253,0.690765778254
      ,0.69076577825,0.690765778257,0.690765778248,0.690765778257
      ,0.690765778248,0.690765778254,0.69076577825,0.690765778251
      ,0.690765778251,0.690765778251,0.690765778251,0.69076577825
      ,0.690765778253,0.69076577825,0.690765778254,0.690765778251
      ,0.690765778254,0.690765778253,0.690765778254,0.690765778254
      ,0.690765778254,0.690765778253,0.690765778252,0.690765778249
      ,0.690765778245,0.690765778241,0.690765778239,0.69076577824
      ,0.690765778243,0.690765778248,0.690765778252,0.690765778254
      ,0.690765778253,0.690765778253,0.690765778253,0.690765778253
      ,0.690765778253,0.690765778253,0.690765778253,0.690765778253
      ,0.690765778253,0.690765778253,0.690765778253,0.690765778253
      ,0.690765778253,0.690765778253)
    ,(1.,1.,1.,1.,1.,1.,1.,1.,1.,1.,1.,1.,1.,1.,1.,1.,1.,1.,1.,1.,1.,1.
      ,1.,1.,1.,1.,1.,1.,1.,1.,1.,1.,1.,1.,1.,1.,1.,1.,1.,1.,1.,1.,1.,1.
      ,1.,1.,1.,1.,1.,1.,1.,1.,1.,1.,1.,1.,1.,1.,1.,1.,1.,1.,1.,1.,1.,1.
      ,1.,1.,1.,1.,1.,1.,1.,1.,1.,1.,1.,1.,1.,1.,1.,1.,1.,1.,1.,1.,1.,1.
,1.,1.,1.,1.,1.,1.,1.,1.,1.,1.))) REPRESENTATION_ITEM('') SURFACE() );
#452 = CARTESIAN_POINT('',(-68.07849118036,-0.634010215626,
    -3.293229731711));
#453 = CARTESIAN_POINT('',(-68.07849118035,-0.657361145209,
    -3.046202699653));
#454 = CARTESIAN_POINT('',(-68.07849118035,-0.680703968915,
    -2.799261418816));
#455 = CARTESIAN_POINT('',(-68.07849118035,-0.704038686745,
    -2.552405889197));
#456 = CARTESIAN_POINT('',(-68.07849118035,-0.727365298697,
    -2.305636110799));
#457 = CARTESIAN_POINT('',(-68.07849118035,-0.750683804773,
    -2.05895208362));
#458 = CARTESIAN_POINT('',(-68.07849118035,-0.773994204972,
    -1.812353807661));
#459 = CARTESIAN_POINT('',(-68.07849118035,-0.797296499294,
    -1.565841282921));
#460 = CARTESIAN_POINT('',(-68.07849118035,-0.82059068774,
    -1.319414509401));
#461 = CARTESIAN_POINT('',(-68.07849118035,-0.843876770308,
    -1.073073487101));
#462 = CARTESIAN_POINT('',(-68.07849118036,-0.867154747,-0.826818216021)
  );
#463 = CARTESIAN_POINT('',(-68.07849118036,-0.890424617815,
    -0.58064869616));
#464 = CARTESIAN_POINT('',(-68.07849118036,-0.913686382753,
    -0.334564927519));
#465 = CARTESIAN_POINT('',(-68.07849118038,-1.053908073748,
    1.148825617311));
#466 = CARTESIAN_POINT('',(-67.99716509548,-1.170901934459,
    2.386491384666));
#467 = CARTESIAN_POINT('',(-67.83445554332,-1.287364791618,
    3.618539721098));
#468 = CARTESIAN_POINT('',(-67.59079409799,-1.402742087905,
    4.839104023109));
#469 = CARTESIAN_POINT('',(-67.26709004655,-1.516485187433,
    6.042380328999));
#470 = CARTESIAN_POINT('',(-66.86471732509,-1.628054889504,
    7.222664491702));
#471 = CARTESIAN_POINT('',(-66.38549965966,-1.736924810154,
    8.374387950045));
#472 = CARTESIAN_POINT('',(-65.83169387814,-1.842584630881,
    9.492152098712));
#473 = CARTESIAN_POINT('',(-65.20597143146,-1.944543215226,
    10.570761256191));
#474 = CARTESIAN_POINT('',(-64.511398087,-2.042331592568,11.605254231825
    ));
#475 = CARTESIAN_POINT('',(-63.7514118252,-2.135505809669,
    12.590934490684));
#476 = CARTESIAN_POINT('',(-62.92979891691,-2.223649649577,
    13.523398917406));
#477 = CARTESIAN_POINT('',(-61.61110283487,-2.347741002405,
    14.836148308584));
#478 = CARTESIAN_POINT('',(-61.15715787291,-2.387750720671,
    15.259406916847));
#479 = CARTESIAN_POINT('',(-60.68934671681,-2.426358139406,
    15.667830745576));
#480 = CARTESIAN_POINT('',(-60.20820281983,-2.463516917287,
    16.060929554937));
#481 = CARTESIAN_POINT('',(-59.71427881834,-2.499182686769,
    16.438233985001));
#482 = CARTESIAN_POINT('',(-59.20814563012,-2.533313131259,
    16.799296373517));
#483 = CARTESIAN_POINT('',(-58.69039151969,-2.565868058515,
    17.143691530257));
#484 = CARTESIAN_POINT('',(-58.16162112159,-2.5968094693,17.471017466071
    ));
#485 = CARTESIAN_POINT('',(-57.62245443385,-2.626101622544,
    17.780896079224));
#486 = CARTESIAN_POINT('',(-57.07352576761,-2.653711095639,
    18.072973795993));
#487 = CARTESIAN_POINT('',(-56.51548266661,-2.679606841156,
    18.346922168559));
#488 = CARTESIAN_POINT('',(-55.94898478516,-2.703760238953,
    18.602438427597));
#489 = CARTESIAN_POINT('',(-54.80042067992,-2.748530049787,
    19.076053555277));
#490 = CARTESIAN_POINT('',(-54.21835446033,-2.76914646215,
    19.294152416826));
#491 = CARTESIAN_POINT('',(-53.62917469395,-2.787968235133,
    19.49326597677));
#492 = CARTESIAN_POINT('',(-53.03356297051,-2.804971695604,
    19.673143799702));
#493 = CARTESIAN_POINT('',(-52.43221070822,-2.820135689934,
    19.833562103278));
#494 = CARTESIAN_POINT('',(-51.82581798071,-2.833441624791,
    19.974324191097));
#495 = CARTESIAN_POINT('',(-51.2150923273,-2.844873503035,
    20.095260830454));
#496 = CARTESIAN_POINT('',(-50.60074753083,-2.854417953214,
    20.196230566815));
#497 = CARTESIAN_POINT('',(-49.98350239291,-2.862064254127,
    20.277119981178));
#498 = CARTESIAN_POINT('',(-49.3640794817,-2.867804352577,20.33784387999
    ));
#499 = CARTESIAN_POINT('',(-48.74320388359,-2.871632875821,
    20.378345425345));
#500 = CARTESIAN_POINT('',(-48.12160194178,-2.873547137438,
    20.398596197995));
#501 = CARTESIAN_POINT('',(-46.87839805822,-2.873547137439,
    20.398596197999));
#502 = CARTESIAN_POINT('',(-46.25679611639,-2.871632875817,
    20.378345425326));
#503 = CARTESIAN_POINT('',(-45.63592051832,-2.867804352588,
    20.337843880042));
#504 = CARTESIAN_POINT('',(-45.01649760703,-2.862064254106,
    20.277119981074));
#505 = CARTESIAN_POINT('',(-44.39925246923,-2.854417953247,
    20.196230566976));
#506 = CARTESIAN_POINT('',(-43.78490767261,-2.844873502994,
    20.095260830259));
#507 = CARTESIAN_POINT('',(-43.17418201935,-2.833441624832,
    19.974324191283));
#508 = CARTESIAN_POINT('',(-42.56778929171,-2.820135689901,
    19.833562103137));
#509 = CARTESIAN_POINT('',(-41.96643702952,-2.804971695625,
    19.673143799785));
#510 = CARTESIAN_POINT('',(-41.37082530602,-2.787968235123,
    19.493265976734));
#511 = CARTESIAN_POINT('',(-40.78164553967,-2.769146462154,
    19.294152416837));
#512 = CARTESIAN_POINT('',(-40.19957932007,-2.748530049786,
    19.076053555276));
#513 = CARTESIAN_POINT('',(-39.05101521483,-2.703760238953,
    18.602438427596));
#514 = CARTESIAN_POINT('',(-38.48451733342,-2.679606841156,
    18.346922168564));
#515 = CARTESIAN_POINT('',(-37.92647423227,-2.653711095639,
    18.072973795979));
#516 = CARTESIAN_POINT('',(-37.37754556635,-2.626101622543,
    17.780896079251));
#517 = CARTESIAN_POINT('',(-36.8383788781,-2.596809469302,
    17.471017466035));
#518 = CARTESIAN_POINT('',(-36.30960848064,-2.565868058511,
    17.143691530296));
#519 = CARTESIAN_POINT('',(-35.79185436956,-2.533313131264,
    16.799296373485));
#520 = CARTESIAN_POINT('',(-35.28572118187,-2.499182686764,
    16.438233985022));
#521 = CARTESIAN_POINT('',(-34.79179718003,-2.46351691729,
    16.060929554925));
#522 = CARTESIAN_POINT('',(-34.31065328324,-2.426358139404,
    15.667830745582));
#523 = CARTESIAN_POINT('',(-33.84284212706,-2.387750720671,
    15.259406916845));
#524 = CARTESIAN_POINT('',(-33.38889716513,-2.347741002405,
    14.836148308584));
#525 = CARTESIAN_POINT('',(-32.07020108308,-2.223649649577,
    13.523398917405));
#526 = CARTESIAN_POINT('',(-31.24858817482,-2.135505809669,
    12.590934490687));
#527 = CARTESIAN_POINT('',(-30.48860191292,-2.042331592568,
    11.605254231818));
#528 = CARTESIAN_POINT('',(-29.79402856867,-1.944543215225,
    10.570761256204));
#529 = CARTESIAN_POINT('',(-29.16830612163,-1.842584630884,
    9.492152098697));
#530 = CARTESIAN_POINT('',(-28.61450034063,-1.73692481015,8.374387950057
    ));
#531 = CARTESIAN_POINT('',(-28.13528267456,-1.628054889509,
    7.222664491698));
#532 = CARTESIAN_POINT('',(-27.73290995376,-1.516485187427,
    6.042380328994));
#533 = CARTESIAN_POINT('',(-27.40920590176,-1.40274208791,4.839104023117
    ));
#534 = CARTESIAN_POINT('',(-27.16554445681,-1.287364791615,
    3.618539721092));
#535 = CARTESIAN_POINT('',(-27.00283490445,-1.17090193446,2.386491384669
    ));
#536 = CARTESIAN_POINT('',(-26.92150881963,-1.053908073748,1.14882561731
    ));
#537 = CARTESIAN_POINT('',(-26.92150881963,-0.913686382753,
    -0.334564927519));
#538 = CARTESIAN_POINT('',(-26.92150881963,-0.890424617815,
    -0.58064869616));
#539 = CARTESIAN_POINT('',(-26.92150881963,-0.867154747,-0.826818216021)
  );
#540 = CARTESIAN_POINT('',(-26.92150881963,-0.843876770308,
    -1.073073487102));
#541 = CARTESIAN_POINT('',(-26.92150881963,-0.82059068774,
    -1.319414509402));
#542 = CARTESIAN_POINT('',(-26.92150881963,-0.797296499294,
    -1.565841282922));
#543 = CARTESIAN_POINT('',(-26.92150881963,-0.773994204972,
    -1.812353807661));
#544 = CARTESIAN_POINT('',(-26.92150881963,-0.750683804773,
    -2.05895208362));
#545 = CARTESIAN_POINT('',(-26.92150881963,-0.727365298698,
    -2.305636110799));
#546 = CARTESIAN_POINT('',(-26.92150881963,-0.704038686745,
    -2.552405889198));
#547 = CARTESIAN_POINT('',(-26.92150881963,-0.680703968916,
    -2.799261418816));
#548 = CARTESIAN_POINT('',(-26.92150881963,-0.657361145209,
    -3.046202699654));
#549 = CARTESIAN_POINT('',(-26.92150881963,-0.634010215626,
    -3.293229731711));
#550 = CARTESIAN_POINT('',(-68.12153130084,0.302929826188,
    -3.204662821613));
#551 = CARTESIAN_POINT('',(-68.12153130084,0.279627531866,
    -2.958150296874));
#552 = CARTESIAN_POINT('',(-68.12153130084,0.256325237544,
    -2.711637772135));
#553 = CARTESIAN_POINT('',(-68.12153130084,0.233022943222,
    -2.465125247395));
#554 = CARTESIAN_POINT('',(-68.12153130084,0.209720648899,
    -2.218612722656));
#555 = CARTESIAN_POINT('',(-68.12153130084,0.186418354577,
    -1.972100197917));
#556 = CARTESIAN_POINT('',(-68.12153130084,0.163116060255,
    -1.725587673177));
#557 = CARTESIAN_POINT('',(-68.12153130084,0.139813765933,
    -1.479075148437));
#558 = CARTESIAN_POINT('',(-68.12153130083,0.116511471611,
    -1.232562623698));
#559 = CARTESIAN_POINT('',(-68.12153130083,9.320917728864E-02,
    -0.986050098958));
#560 = CARTESIAN_POINT('',(-68.12153130083,6.990688296648E-02,
    -0.739537574219));
#561 = CARTESIAN_POINT('',(-68.12153130083,4.660458864432E-02,
    -0.493025049479));
#562 = CARTESIAN_POINT('',(-68.12153130083,2.330229432216E-02,
    -0.24651252474));
#563 = CARTESIAN_POINT('',(-68.12153130083,-0.117212671744,
    1.239980546278));
#564 = CARTESIAN_POINT('',(-68.04003512861,-0.234451190347,
    2.480234523754));
#565 = CARTESIAN_POINT('',(-67.87698534515,-0.351157585436,3.71485922247
    ));
#566 = CARTESIAN_POINT('',(-67.6328144292,-0.466776155569,4.937975935186
    ));
#567 = CARTESIAN_POINT('',(-67.30843353447,-0.580757125005,
    6.143768642106));
#568 = CARTESIAN_POINT('',(-66.90521942727,-0.69256016734,7.326521286904
    ));
#569 = CARTESIAN_POINT('',(-66.42499960376,-0.801657796004,
    8.480653644573));
#570 = CARTESIAN_POINT('',(-65.87003558802,-0.90753862165,9.6007557809)
  );
#571 = CARTESIAN_POINT('',(-65.24300440938,-1.009710476357,
    10.681621103125));
#572 = CARTESIAN_POINT('',(-64.54697826072,-1.107703404771,
    11.718278002908));
#573 = CARTESIAN_POINT('',(-63.78540233616,-1.201072522029,
    12.706020090014));
#574 = CARTESIAN_POINT('',(-62.96207084938,-1.289400738626,
    13.640435018349));
#575 = CARTESIAN_POINT('',(-61.640616423,-1.413751658814,14.955930345348
    ));
#576 = CARTESIAN_POINT('',(-61.18572193472,-1.453845066583,
    15.380074296057));
#577 = CARTESIAN_POINT('',(-60.71693225024,-1.492533240821,
    15.789352428815));
#578 = CARTESIAN_POINT('',(-60.23478194114,-1.529769743196,
    16.183273477354));
#579 = CARTESIAN_POINT('',(-59.73982480157,-1.565510113279,
    16.561367099505));
#580 = CARTESIAN_POINT('',(-59.23263294617,-1.599711946029,
    16.923184696717));
#581 = CARTESIAN_POINT('',(-58.71379587079,-1.632334965093,
    17.268300189803));
#582 = CARTESIAN_POINT('',(-58.18391947722,-1.663341091925,
    17.596310749671));
#583 = CARTESIAN_POINT('',(-57.64362506046,-1.692694510715,
    17.90683748478));
#584 = CARTESIAN_POINT('',(-57.09354826006,-1.720361729141,
    18.199526083247));
#585 = CARTESIAN_POINT('',(-56.53433797414,-1.746311634932,
    18.474047411708));
#586 = CARTESIAN_POINT('',(-55.96665523722,-1.77051554825,18.73009806913
    ));
#587 = CARTESIAN_POINT('',(-54.81568888479,-1.815378991527,
    19.204703724603));
#588 = CARTESIAN_POINT('',(-54.23240527353,-1.836038520816,
    19.42325871556));
#589 = CARTESIAN_POINT('',(-53.64199324986,-1.854899656878,
    19.622788693427));
#590 = CARTESIAN_POINT('',(-53.04513582905,-1.871938677241,
    19.803042700612));
#591 = CARTESIAN_POINT('',(-52.44252587396,-1.887134384122,
    19.963796488102));
#592 = CARTESIAN_POINT('',(-51.83486492295,-1.900468145524,
    20.104852949776));
#593 = CARTESIAN_POINT('',(-51.22286199206,-1.91192393085,20.22604249988
    ));
#594 = CARTESIAN_POINT('',(-50.60723235788,-1.921488340918,
    20.327223389591));
#595 = CARTESIAN_POINT('',(-49.98869632195,-1.929150632071,
    20.408281963164));
#596 = CARTESIAN_POINT('',(-49.36797796354,-1.934902734424,
    20.469132849914));
#597 = CARTESIAN_POINT('',(-48.74580388305,-1.938739263986,20.5097190933
    ));
#598 = CARTESIAN_POINT('',(-48.12290194152,-1.940657528767,
    20.530012214987));
#599 = CARTESIAN_POINT('',(-46.87709805847,-1.940657528767,
    20.530012214987));
#600 = CARTESIAN_POINT('',(-46.25419611694,-1.938739263986,
    20.509719093298));
#601 = CARTESIAN_POINT('',(-45.63202203645,-1.934902734423,
    20.469132849918));
#602 = CARTESIAN_POINT('',(-45.01130367804,-1.929150632072,
    20.408281963154));
#603 = CARTESIAN_POINT('',(-44.39276764212,-1.921488340917,
    20.327223389607));
#604 = CARTESIAN_POINT('',(-43.77713800791,-1.911923930851,
    20.226042499858));
#605 = CARTESIAN_POINT('',(-43.16513507707,-1.900468145524,
    20.104852949798));
#606 = CARTESIAN_POINT('',(-42.55747412599,-1.887134384122,
    19.963796488085));
#607 = CARTESIAN_POINT('',(-41.95486417097,-1.871938677241,
    19.803042700622));
#608 = CARTESIAN_POINT('',(-41.35800675012,-1.854899656878,
    19.622788693422));
#609 = CARTESIAN_POINT('',(-40.76759472646,-1.836038520816,
    19.423258715561));
#610 = CARTESIAN_POINT('',(-40.1843111152,-1.815378991527,
    19.204703724603));
#611 = CARTESIAN_POINT('',(-39.03334476278,-1.77051554825,18.73009806913
    ));
#612 = CARTESIAN_POINT('',(-38.46566202584,-1.746311634932,
    18.474047411708));
#613 = CARTESIAN_POINT('',(-37.90645173994,-1.720361729141,
    18.199526083244));
#614 = CARTESIAN_POINT('',(-37.35637493952,-1.692694510715,
    17.906837484786));
#615 = CARTESIAN_POINT('',(-36.81608052279,-1.663341091925,
    17.596310749658));
#616 = CARTESIAN_POINT('',(-36.28620412918,-1.632334965093,
    17.268300189823));
#617 = CARTESIAN_POINT('',(-35.76736705384,-1.599711946029,
    16.923184696694));
#618 = CARTESIAN_POINT('',(-35.2601751984,-1.565510113279,
    16.561367099525));
#619 = CARTESIAN_POINT('',(-34.76521805886,-1.529769743196,
    16.183273477341));
#620 = CARTESIAN_POINT('',(-34.28306774975,-1.492533240821,
    15.789352428821));
#621 = CARTESIAN_POINT('',(-33.81427806528,-1.453845066583,
    15.380074296054));
#622 = CARTESIAN_POINT('',(-33.359383577,-1.413751658814,14.955930345348
    ));
#623 = CARTESIAN_POINT('',(-32.03792915061,-1.289400738626,
    13.640435018348));
#624 = CARTESIAN_POINT('',(-31.21459766383,-1.20107252203,
    12.706020090017));
#625 = CARTESIAN_POINT('',(-30.45302173925,-1.10770340477,
    11.718278002899));
#626 = CARTESIAN_POINT('',(-29.75699559065,-1.009710476358,
    10.68162110314));
#627 = CARTESIAN_POINT('',(-29.12996441191,-0.907538621649,
    9.600755780881));
#628 = CARTESIAN_POINT('',(-28.57500039631,-0.801657796005,8.48065364459
    ));
#629 = CARTESIAN_POINT('',(-28.09478057265,-0.69256016734,7.326521286896
    ));
#630 = CARTESIAN_POINT('',(-27.69156646558,-0.580757125005,
    6.143768642104));
#631 = CARTESIAN_POINT('',(-27.36718557075,-0.46677615557,4.937975935194
    ));
#632 = CARTESIAN_POINT('',(-27.12301465486,-0.351157585436,
    3.714859222462));
#633 = CARTESIAN_POINT('',(-26.95996487138,-0.234451190347,
    2.480234523759));
#634 = CARTESIAN_POINT('',(-26.87846869916,-0.117212671744,
    1.239980546276));
#635 = CARTESIAN_POINT('',(-26.87846869916,2.330229432215E-02,
    -0.246512524739));
#636 = CARTESIAN_POINT('',(-26.87846869916,4.66045886443E-02,
    -0.493025049479));
#637 = CARTESIAN_POINT('',(-26.87846869916,6.990688296645E-02,
    -0.739537574218));
#638 = CARTESIAN_POINT('',(-26.87846869915,9.32091772886E-02,
    -0.986050098958));
#639 = CARTESIAN_POINT('',(-26.87846869915,0.116511471611,
    -1.232562623697));
#640 = CARTESIAN_POINT('',(-26.87846869915,0.139813765933,
    -1.479075148437));
#641 = CARTESIAN_POINT('',(-26.87846869915,0.163116060255,
    -1.725587673176));
#642 = CARTESIAN_POINT('',(-26.87846869915,0.186418354577,
    -1.972100197916));
#643 = CARTESIAN_POINT('',(-26.87846869915,0.209720648899,
    -2.218612722655));
#644 = CARTESIAN_POINT('',(-26.87846869915,0.233022943222,
    -2.465125247395));
#645 = CARTESIAN_POINT('',(-26.87846869915,0.256325237544,
    -2.711637772134));
#646 = CARTESIAN_POINT('',(-26.87846869915,0.279627531866,
    -2.958150296874));
#647 = CARTESIAN_POINT('',(-26.87846869915,0.302929826188,
    -3.204662821613));
#648 = CARTESIAN_POINT('',(-67.17943088607,0.302929826188,
    -3.204662821613));
#649 = CARTESIAN_POINT('',(-67.17943088607,0.278562960044,
    -2.946888303358));
#650 = CARTESIAN_POINT('',(-67.17943088607,0.254373522537,
    -2.690990784021));
#651 = CARTESIAN_POINT('',(-67.17943088607,0.230361513667,
    -2.436970263605));
#652 = CARTESIAN_POINT('',(-67.17943088607,0.206526933434,
    -2.184826742107));
#653 = CARTESIAN_POINT('',(-67.17943088607,0.182869781838,
    -1.934560219529));
#654 = CARTESIAN_POINT('',(-67.17943088607,0.159390058879,-1.68617069587
    ));
#655 = CARTESIAN_POINT('',(-67.17943088607,0.136087764556,-1.43965817113
    ));
#656 = CARTESIAN_POINT('',(-67.17943088607,0.112962898871,-1.19502264531
    ));
#657 = CARTESIAN_POINT('',(-67.17943088607,9.001546182307E-02,
    -0.952264118409));
#658 = CARTESIAN_POINT('',(-67.17943088607,6.724545341184E-02,
    -0.711382590428));
#659 = CARTESIAN_POINT('',(-67.17943088607,4.465287363759E-02,
    -0.472378061366));
#660 = CARTESIAN_POINT('',(-67.17943088607,2.223772250031E-02,
    -0.235250531223));
#661 = CARTESIAN_POINT('',(-67.17943088609,-0.111857778111,
    1.183331688833));
#662 = CARTESIAN_POINT('',(-67.10165773807,-0.223741007377,
    2.366932622763));
#663 = CARTESIAN_POINT('',(-66.94605523521,-0.3351166276,3.545163613931)
  );
#664 = CARTESIAN_POINT('',(-66.71303607399,-0.445453981254,
    4.712410892075));
#665 = CARTESIAN_POINT('',(-66.40347051433,-0.554228242204,
    5.863122376673));
#666 = CARTESIAN_POINT('',(-66.01867342143,-0.660923725544,
    6.991842691156));
#667 = CARTESIAN_POINT('',(-65.56038971045,-0.76503707847,8.093246919218
    ));
#668 = CARTESIAN_POINT('',(-65.0307781661,-0.86608035236,9.162173103447)
  );
#669 = CARTESIAN_POINT('',(-64.43239366808,-0.963583955794,
    10.19365348569));
#670 = CARTESIAN_POINT('',(-63.7681677933,-1.057099488844,
    11.182944490062));
#671 = CARTESIAN_POINT('',(-63.04138781825,-1.146202458302,
    12.125555447563));
#672 = CARTESIAN_POINT('',(-62.25567410535,-1.230494874119,
    13.017276063226));
#673 = CARTESIAN_POINT('',(-60.99459677172,-1.349164153249,
    14.272665906088));
#674 = CARTESIAN_POINT('',(-60.56048635982,-1.387425690824,
    14.677430694387));
#675 = CARTESIAN_POINT('',(-60.11311557346,-1.42434621674,
    15.068009061142));
#676 = CARTESIAN_POINT('',(-59.6529945093,-1.459881416482,
    15.443932207802));
#677 = CARTESIAN_POINT('',(-59.18065161097,-1.493988861947,
    15.804751291836));
#678 = CARTESIAN_POINT('',(-58.69663280891,-1.526628085468,
    16.150038210172));
#679 = CARTESIAN_POINT('',(-58.2015006271,-1.557760649951,
    16.479386340662));
#680 = CARTESIAN_POINT('',(-57.69583325112,-1.587350214888,
    16.792411241077));
#681 = CARTESIAN_POINT('',(-57.18022356508,-1.615362598559,
    17.088751306419));
#682 = CARTESIAN_POINT('',(-56.6552781485,-1.641765836064,
    17.368068383488));
#683 = CARTESIAN_POINT('',(-56.12161624226,-1.666530233537,
    17.630048343923));
#684 = CARTESIAN_POINT('',(-55.5798686756,-1.689628418249,17.87440161453
    ));
#685 = CARTESIAN_POINT('',(-54.48148484488,-1.732442351363,
    18.327325717201));
#686 = CARTESIAN_POINT('',(-53.92484858489,-1.752158099104,
    18.535896542267));
#687 = CARTESIAN_POINT('',(-53.36140930262,-1.770157620993,
    18.726311594267));
#688 = CARTESIAN_POINT('',(-52.79181881712,-1.786418275115,
    18.898331346727));
#689 = CARTESIAN_POINT('',(-52.21673835248,-1.800919829024,
    19.051741762815));
#690 = CARTESIAN_POINT('',(-51.63683741561,-1.813644498961,
    19.18635470985));
#691 = CARTESIAN_POINT('',(-51.05279265744,-1.824576984106,
    19.302008322273));
#692 = CARTESIAN_POINT('',(-50.46528670394,-1.833704495056,
    19.398567302108));
#693 = CARTESIAN_POINT('',(-49.87500698348,-1.841016777158,
    19.47592316667));
#694 = CARTESIAN_POINT('',(-49.28264452902,-1.846506127707,
    19.53399442968));
#695 = CARTESIAN_POINT('',(-48.68889278327,-1.850167407742,
    19.572726726727));
#696 = CARTESIAN_POINT('',(-48.09444639161,-1.851998047757,
    19.592092875214));
#697 = CARTESIAN_POINT('',(-46.90555360838,-1.851998047757,
    19.592092875219));
#698 = CARTESIAN_POINT('',(-46.31110721672,-1.85016740774,
    19.572726726702));
#699 = CARTESIAN_POINT('',(-45.71735547099,-1.846506127712,
    19.53399442975));
#700 = CARTESIAN_POINT('',(-45.12499301647,-1.841016777147,
    19.475923166531));
#701 = CARTESIAN_POINT('',(-44.53471329611,-1.833704495073,
    19.398567302321));
#702 = CARTESIAN_POINT('',(-43.94720734248,-1.824576984085,
    19.302008322014));
#703 = CARTESIAN_POINT('',(-43.36316258444,-1.813644498982,
    19.186354710099));
#704 = CARTESIAN_POINT('',(-42.78326164746,-1.800919829009,
    19.051741762624));
#705 = CARTESIAN_POINT('',(-42.2081811829,-1.786418275124,
    18.898331346841));
#706 = CARTESIAN_POINT('',(-41.63859069736,-1.770157620989,
    18.726311594215));
#707 = CARTESIAN_POINT('',(-41.07515141511,-1.752158099106,
    18.535896542283));
#708 = CARTESIAN_POINT('',(-40.51851515512,-1.732442351363,
    18.327325717199));
#709 = CARTESIAN_POINT('',(-39.42013132438,-1.689628418249,
    17.87440161453));
#710 = CARTESIAN_POINT('',(-38.87838375777,-1.666530233538,
    17.63004834393));
#711 = CARTESIAN_POINT('',(-38.34472185138,-1.641765836063,
    17.368068383467));
#712 = CARTESIAN_POINT('',(-37.8197764351,-1.615362598562,
    17.088751306462));
#713 = CARTESIAN_POINT('',(-37.30416674859,-1.587350214884,
    16.792411241012));
#714 = CARTESIAN_POINT('',(-36.7984993732,-1.557760649955,
    16.479386340736));
#715 = CARTESIAN_POINT('',(-36.3033671908,-1.526628085464,
    16.150038210105));
#716 = CARTESIAN_POINT('',(-35.81934838923,-1.49398886195,
    15.804751291885));
#717 = CARTESIAN_POINT('',(-35.34700549057,-1.459881416481,
    15.443932207773));
#718 = CARTESIAN_POINT('',(-34.88688442659,-1.424346216741,
    15.068009061155));
#719 = CARTESIAN_POINT('',(-34.43951364015,-1.387425690824,
    14.677430694383));
#720 = CARTESIAN_POINT('',(-34.00540322827,-1.349164153249,
    14.272665906089));
#721 = CARTESIAN_POINT('',(-32.74432589464,-1.230494874119,
    13.017276063225));
#722 = CARTESIAN_POINT('',(-31.95861218177,-1.146202458302,
    12.125555447568));
#723 = CARTESIAN_POINT('',(-31.23183220663,-1.057099488843,
    11.182944490051));
#724 = CARTESIAN_POINT('',(-30.56760633203,-0.963583955796,
    10.193653485709));
#725 = CARTESIAN_POINT('',(-29.96922183369,-0.866080352357,9.16217310342
    ));
#726 = CARTESIAN_POINT('',(-29.43961028982,-0.765037078473,
    8.093246919246));
#727 = CARTESIAN_POINT('',(-28.98132657824,-0.660923725541,
    6.991842691134));
#728 = CARTESIAN_POINT('',(-28.59652948596,-0.554228242206,
    5.863122376685));
#729 = CARTESIAN_POINT('',(-28.28696392577,-0.445453981254,
    4.712410892071));
#730 = CARTESIAN_POINT('',(-28.05394476491,-0.3351166276,3.545163613931)
  );
#731 = CARTESIAN_POINT('',(-27.89834226187,-0.223741007377,
    2.366932622763));
#732 = CARTESIAN_POINT('',(-27.82056911392,-0.111857778111,
    1.183331688833));
#733 = CARTESIAN_POINT('',(-27.82056911392,2.223772250033E-02,
    -0.235250531224));
#734 = CARTESIAN_POINT('',(-27.82056911392,4.465287363763E-02,
    -0.472378061366));
#735 = CARTESIAN_POINT('',(-27.82056911392,6.724545341191E-02,
    -0.711382590429));
#736 = CARTESIAN_POINT('',(-27.82056911392,9.001546182315E-02,
    -0.95226411841));
#737 = CARTESIAN_POINT('',(-27.82056911392,0.112962898871,
    -1.195022645311));
#738 = CARTESIAN_POINT('',(-27.82056911392,0.136087764557,
    -1.439658171131));
#739 = CARTESIAN_POINT('',(-27.82056911392,0.159390058879,
    -1.686170695871));
#740 = CARTESIAN_POINT('',(-27.82056911392,0.182869781838,
    -1.934560219529));
#741 = CARTESIAN_POINT('',(-27.82056911392,0.206526933434,
    -2.184826742108));
#742 = CARTESIAN_POINT('',(-27.82056911392,0.230361513667,
    -2.436970263605));
#743 = CARTESIAN_POINT('',(-27.82056911392,0.254373522537,
    -2.690990784022));
#744 = CARTESIAN_POINT('',(-27.82056911392,0.278562960044,
    -2.946888303358));
#745 = CARTESIAN_POINT('',(-27.82056911392,0.302929826188,
    -3.204662821613));
#746 = DEFINITIONAL_REPRESENTATION('',(#747),#751);
#747 = LINE('',#748,#749);
#748 = CARTESIAN_POINT('',(0.,0.));
#749 = VECTOR('',#750,1.);
#750 = DIRECTION('',(0.,1.));
#751 = ( GEOMETRIC_REPRESENTATION_CONTEXT(2) 
PARAMETRIC_REPRESENTATION_CONTEXT() REPRESENTATION_CONTEXT('2D SPACE',''
  ) );
#752 = ORIENTED_EDGE('',*,*,#753,.T.);
#753 = EDGE_CURVE('',#286,#754,#756,.T.);
#754 = VERTEX_POINT('',#755);
#755 = CARTESIAN_POINT('',(-67.08060264649,-1.977708764,6.086761704289)
  );
#756 = SURFACE_CURVE('',#757,(#762,#780),.PCURVE_S1.);
#757 = CIRCLE('',#758,6.4);
#758 = AXIS2_PLACEMENT_3D('',#759,#760,#761);
#759 = CARTESIAN_POINT('',(-67.08060264649,0.,0.));
#760 = DIRECTION('',(1.,0.,0.));
#761 = DIRECTION('',(-0.,0.,1.));
#762 = PCURVE('',#33,#763);
#763 = DEFINITIONAL_REPRESENTATION('',(#764),#779);
#764 = B_SPLINE_CURVE_WITH_KNOTS('',7,(#765,#766,#767,#768,#769,#770,
    #771,#772,#773,#774,#775,#776,#777,#778),.UNSPECIFIED.,.F.,.F.,(8,6,
    8),(0.156689149398,0.778556603819,1.40042405824),.UNSPECIFIED.);
#765 = CARTESIAN_POINT('',(3.192553672663,0.311906373581));
#766 = CARTESIAN_POINT('',(3.221160658342,0.307381047305));
#767 = CARTESIAN_POINT('',(3.249201808797,0.299894613179));
#768 = CARTESIAN_POINT('',(3.276238422398,0.289523388269));
#769 = CARTESIAN_POINT('',(3.301860773398,0.276417275672));
#770 = CARTESIAN_POINT('',(3.325728851855,0.260791174087));
#771 = CARTESIAN_POINT('',(3.347580808536,0.242900360784));
#772 = CARTESIAN_POINT('',(3.386856235147,0.203151230764));
#773 = CARTESIAN_POINT('',(3.404279734205,0.181292914588));
#774 = CARTESIAN_POINT('',(3.419291000137,0.157731742174));
#775 = CARTESIAN_POINT('',(3.431756851418,0.132774301125));
#776 = CARTESIAN_POINT('',(3.44159622994,0.106736718622));
#777 = CARTESIAN_POINT('',(3.448758720428,7.993831390879E-02));
#778 = CARTESIAN_POINT('',(3.453219121764,5.269988221286E-02));
#779 = ( GEOMETRIC_REPRESENTATION_CONTEXT(2) 
PARAMETRIC_REPRESENTATION_CONTEXT() REPRESENTATION_CONTEXT('2D SPACE',''
  ) );
#780 = PCURVE('',#781,#786);
#781 = CYLINDRICAL_SURFACE('',#782,6.4);
#782 = AXIS2_PLACEMENT_3D('',#783,#784,#785);
#783 = CARTESIAN_POINT('',(-71.8,0.,0.));
#784 = DIRECTION('',(1.,0.,0.));
#785 = DIRECTION('',(-0.,0.,1.));
#786 = DEFINITIONAL_REPRESENTATION('',(#787),#791);
#787 = LINE('',#788,#789);
#788 = CARTESIAN_POINT('',(0.,4.719397353503));
#789 = VECTOR('',#790,1.);
#790 = DIRECTION('',(1.,0.));
#791 = ( GEOMETRIC_REPRESENTATION_CONTEXT(2) 
PARAMETRIC_REPRESENTATION_CONTEXT() REPRESENTATION_CONTEXT('2D SPACE',''
  ) );
#792 = ORIENTED_EDGE('',*,*,#793,.T.);
#793 = EDGE_CURVE('',#754,#794,#796,.T.);
#794 = VERTEX_POINT('',#795);
#795 = CARTESIAN_POINT('',(-65.22314870444,-3.244678440937,
    9.986093421099));
#796 = SURFACE_CURVE('',#797,(#802,#813),.PCURVE_S1.);
#797 = CIRCLE('',#798,20.6);
#798 = AXIS2_PLACEMENT_3D('',#799,#800,#801);
#799 = CARTESIAN_POINT('',(-47.5,4.223539368443E-16,1.372311128622E-16)
  );
#800 = DIRECTION('',(-0.,0.951056516295,0.309016994375));
#801 = DIRECTION('',(0.,-0.309016994375,0.951056516295));
#802 = PCURVE('',#33,#803);
#803 = DEFINITIONAL_REPRESENTATION('',(#804),#812);
#804 = B_SPLINE_CURVE_WITH_KNOTS('',6,(#805,#806,#807,#808,#809,#810,
    #811),.UNSPECIFIED.,.F.,.F.,(7,7),(5.028296922675,5.247235196402),
  .PIECEWISE_BEZIER_KNOTS.);
#805 = CARTESIAN_POINT('',(3.24225473928,0.299951496489));
#806 = CARTESIAN_POINT('',(3.254609292375,0.334479599368));
#807 = CARTESIAN_POINT('',(3.267280492045,0.368955997908));
#808 = CARTESIAN_POINT('',(3.280335946441,0.403369557614));
#809 = CARTESIAN_POINT('',(3.293853120769,0.437707443201));
#810 = CARTESIAN_POINT('',(3.307923515806,0.471954404453));
#811 = CARTESIAN_POINT('',(3.322663193003,0.506090827365));
#812 = ( GEOMETRIC_REPRESENTATION_CONTEXT(2) 
PARAMETRIC_REPRESENTATION_CONTEXT() REPRESENTATION_CONTEXT('2D SPACE',''
  ) );
#813 = PCURVE('',#814,#819);
#814 = PLANE('',#815);
#815 = AXIS2_PLACEMENT_3D('',#816,#817,#818);
#816 = CARTESIAN_POINT('',(-75.4,-3.949007723159,12.153796057743));
#817 = DIRECTION('',(-0.,0.951056516295,0.309016994375));
#818 = DIRECTION('',(0.,0.309016994375,-0.951056516295));
#819 = DEFINITIONAL_REPRESENTATION('',(#820),#824);
#820 = CIRCLE('',#821,20.6);
#821 = AXIS2_PLACEMENT_2D('',#822,#823);
#822 = CARTESIAN_POINT('',(12.779257435813,-27.9));
#823 = DIRECTION('',(-1.,-0.));
#824 = ( GEOMETRIC_REPRESENTATION_CONTEXT(2) 
PARAMETRIC_REPRESENTATION_CONTEXT() REPRESENTATION_CONTEXT('2D SPACE',''
  ) );
#825 = ORIENTED_EDGE('',*,*,#826,.T.);
#826 = EDGE_CURVE('',#794,#827,#829,.T.);
#827 = VERTEX_POINT('',#828);
#828 = CARTESIAN_POINT('',(-65.22314870444,-6.749269901709,
    8.043466652749));
#829 = SURFACE_CURVE('',#830,(#835,#846),.PCURVE_S1.);
#830 = CIRCLE('',#831,10.5);
#831 = AXIS2_PLACEMENT_3D('',#832,#833,#834);
#832 = CARTESIAN_POINT('',(-65.22314870444,0.,0.));
#833 = DIRECTION('',(1.,0.,0.));
#834 = DIRECTION('',(-0.,0.,1.));
#835 = PCURVE('',#33,#836);
#836 = DEFINITIONAL_REPRESENTATION('',(#837),#845);
#837 = B_SPLINE_CURVE_WITH_KNOTS('',6,(#838,#839,#840,#841,#842,#843,
    #844),.UNSPECIFIED.,.F.,.F.,(7,7),(0.314159265359,0.698131700798),
  .PIECEWISE_BEZIER_KNOTS.);
#838 = CARTESIAN_POINT('',(3.322663193003,0.506090827365));
#839 = CARTESIAN_POINT('',(3.35755199304,0.49456636098));
#840 = CARTESIAN_POINT('',(3.391035499456,0.480406457945));
#841 = CARTESIAN_POINT('',(3.422768470546,0.463768850944));
#842 = CARTESIAN_POINT('',(3.452500139701,0.44486026385));
#843 = CARTESIAN_POINT('',(3.480087904374,0.423905686213));
#844 = CARTESIAN_POINT('',(3.505453064729,0.401130710243));
#845 = ( GEOMETRIC_REPRESENTATION_CONTEXT(2) 
PARAMETRIC_REPRESENTATION_CONTEXT() REPRESENTATION_CONTEXT('2D SPACE',''
  ) );
#846 = PCURVE('',#847,#852);
#847 = CYLINDRICAL_SURFACE('',#848,10.5);
#848 = AXIS2_PLACEMENT_3D('',#849,#850,#851);
#849 = CARTESIAN_POINT('',(-74.4,0.,0.));
#850 = DIRECTION('',(1.,0.,0.));
#851 = DIRECTION('',(-0.,0.,1.));
#852 = DEFINITIONAL_REPRESENTATION('',(#853),#857);
#853 = LINE('',#854,#855);
#854 = CARTESIAN_POINT('',(0.,9.176851295551));
#855 = VECTOR('',#856,1.);
#856 = DIRECTION('',(1.,0.));
#857 = ( GEOMETRIC_REPRESENTATION_CONTEXT(2) 
PARAMETRIC_REPRESENTATION_CONTEXT() REPRESENTATION_CONTEXT('2D SPACE',''
  ) );
#858 = ORIENTED_EDGE('',*,*,#859,.T.);
#859 = EDGE_CURVE('',#827,#860,#862,.T.);
#860 = VERTEX_POINT('',#861);
#861 = CARTESIAN_POINT('',(-67.08060264649,-4.113840701994,
    4.902684435961));
#862 = SURFACE_CURVE('',#863,(#868,#878),.PCURVE_S1.);
#863 = CIRCLE('',#864,20.6);
#864 = AXIS2_PLACEMENT_3D('',#865,#866,#867);
#865 = CARTESIAN_POINT('',(-47.5,0.,0.));
#866 = DIRECTION('',(0.,-0.766044443119,-0.642787609687));
#867 = DIRECTION('',(0.,0.642787609687,-0.766044443119));
#868 = PCURVE('',#33,#869);
#869 = DEFINITIONAL_REPRESENTATION('',(#870),#877);
#870 = B_SPLINE_CURVE_WITH_KNOTS('',5,(#871,#872,#873,#874,#875,#876),
  .UNSPECIFIED.,.F.,.F.,(6,6),(4.177542764368,4.396481038095),
  .PIECEWISE_BEZIER_KNOTS.);
#871 = CARTESIAN_POINT('',(3.505453064729,0.401130710243));
#872 = CARTESIAN_POINT('',(3.472243874205,0.369783502167));
#873 = CARTESIAN_POINT('',(3.440138518725,0.337940758926));
#874 = CARTESIAN_POINT('',(3.408950716791,0.305696400744));
#875 = CARTESIAN_POINT('',(3.378514593635,0.273126996082));
#876 = CARTESIAN_POINT('',(3.348678474231,0.240300384011));
#877 = ( GEOMETRIC_REPRESENTATION_CONTEXT(2) 
PARAMETRIC_REPRESENTATION_CONTEXT() REPRESENTATION_CONTEXT('2D SPACE',''
  ) );
#878 = PCURVE('',#879,#884);
#879 = PLANE('',#880);
#880 = AXIS2_PLACEMENT_3D('',#881,#882,#883);
#881 = CARTESIAN_POINT('',(-75.4,0.,0.));
#882 = DIRECTION('',(0.,-0.766044443119,-0.642787609687));
#883 = DIRECTION('',(0.,-0.642787609687,0.766044443119));
#884 = DEFINITIONAL_REPRESENTATION('',(#885),#889);
#885 = CIRCLE('',#886,20.6);
#886 = AXIS2_PLACEMENT_2D('',#887,#888);
#887 = CARTESIAN_POINT('',(0.,-27.9));
#888 = DIRECTION('',(-1.,-0.));
#889 = ( GEOMETRIC_REPRESENTATION_CONTEXT(2) 
PARAMETRIC_REPRESENTATION_CONTEXT() REPRESENTATION_CONTEXT('2D SPACE',''
  ) );
#890 = ORIENTED_EDGE('',*,*,#891,.T.);
#891 = EDGE_CURVE('',#860,#24,#892,.T.);
#892 = SURFACE_CURVE('',#893,(#898,#916),.PCURVE_S1.);
#893 = CIRCLE('',#894,6.4);
#894 = AXIS2_PLACEMENT_3D('',#895,#896,#897);
#895 = CARTESIAN_POINT('',(-67.08060264649,0.,0.));
#896 = DIRECTION('',(1.,0.,0.));
#897 = DIRECTION('',(-0.,0.,1.));
#898 = PCURVE('',#33,#899);
#899 = DEFINITIONAL_REPRESENTATION('',(#900),#915);
#900 = B_SPLINE_CURVE_WITH_KNOTS('',7,(#901,#902,#903,#904,#905,#906,
    #907,#908,#909,#910,#911,#912,#913,#914),.UNSPECIFIED.,.F.,.F.,(8,6,
    8),(0.156689149398,0.778556603819,1.40042405824),.UNSPECIFIED.);
#901 = CARTESIAN_POINT('',(3.192553672663,0.311906373581));
#902 = CARTESIAN_POINT('',(3.221160658342,0.307381047305));
#903 = CARTESIAN_POINT('',(3.249201808797,0.299894613179));
#904 = CARTESIAN_POINT('',(3.276238422398,0.289523388269));
#905 = CARTESIAN_POINT('',(3.301860773398,0.276417275672));
#906 = CARTESIAN_POINT('',(3.325728851855,0.260791174087));
#907 = CARTESIAN_POINT('',(3.347580808536,0.242900360784));
#908 = CARTESIAN_POINT('',(3.386856235147,0.203151230764));
#909 = CARTESIAN_POINT('',(3.404279734205,0.181292914588));
#910 = CARTESIAN_POINT('',(3.419291000137,0.157731742174));
#911 = CARTESIAN_POINT('',(3.431756851418,0.132774301125));
#912 = CARTESIAN_POINT('',(3.44159622994,0.106736718622));
#913 = CARTESIAN_POINT('',(3.448758720428,7.993831390879E-02));
#914 = CARTESIAN_POINT('',(3.453219121764,5.269988221286E-02));
#915 = ( GEOMETRIC_REPRESENTATION_CONTEXT(2) 
PARAMETRIC_REPRESENTATION_CONTEXT() REPRESENTATION_CONTEXT('2D SPACE',''
  ) );
#916 = PCURVE('',#781,#917);
#917 = DEFINITIONAL_REPRESENTATION('',(#918),#922);
#918 = LINE('',#919,#920);
#919 = CARTESIAN_POINT('',(0.,4.719397353503));
#920 = VECTOR('',#921,1.);
#921 = DIRECTION('',(1.,0.));
#922 = ( GEOMETRIC_REPRESENTATION_CONTEXT(2) 
PARAMETRIC_REPRESENTATION_CONTEXT() REPRESENTATION_CONTEXT('2D SPACE',''
  ) );
#923 = ADVANCED_FACE('',(#924),#100,.T.);
#924 = FACE_BOUND('',#925,.T.);
#925 = EDGE_LOOP('',(#926,#998,#1017,#1018));
#926 = ORIENTED_EDGE('',*,*,#927,.F.);
#927 = EDGE_CURVE('',#928,#930,#932,.T.);
#928 = VERTEX_POINT('',#929);
#929 = CARTESIAN_POINT('',(-30.03575080342,-4.445813570938,
    4.603774722167));
#930 = VERTEX_POINT('',#931);
#931 = CARTESIAN_POINT('',(-64.96424919657,-4.445813570938,
    4.603774722167));
#932 = SURFACE_CURVE('',#933,(#938,#945),.PCURVE_S1.);
#933 = CIRCLE('',#934,18.6);
#934 = AXIS2_PLACEMENT_3D('',#935,#936,#937);
#935 = CARTESIAN_POINT('',(-47.5,0.,0.));
#936 = DIRECTION('',(0.,-0.719339800339,-0.694658370459));
#937 = DIRECTION('',(0.,0.694658370459,-0.719339800339));
#938 = PCURVE('',#100,#939);
#939 = DEFINITIONAL_REPRESENTATION('',(#940),#944);
#940 = CIRCLE('',#941,18.6);
#941 = AXIS2_PLACEMENT_2D('',#942,#943);
#942 = CARTESIAN_POINT('',(0.,-30.));
#943 = DIRECTION('',(-1.,-0.));
#944 = ( GEOMETRIC_REPRESENTATION_CONTEXT(2) 
PARAMETRIC_REPRESENTATION_CONTEXT() REPRESENTATION_CONTEXT('2D SPACE',''
  ) );
#945 = PCURVE('',#946,#951);
#946 = SPHERICAL_SURFACE('',#947,18.6);
#947 = AXIS2_PLACEMENT_3D('',#948,#949,#950);
#948 = CARTESIAN_POINT('',(-47.5,0.,0.));
#949 = DIRECTION('',(0.,0.,1.));
#950 = DIRECTION('',(1.,0.,-0.));
#951 = DEFINITIONAL_REPRESENTATION('',(#952),#997);
#952 = B_SPLINE_CURVE_WITH_KNOTS('',8,(#953,#954,#955,#956,#957,#958,
    #959,#960,#961,#962,#963,#964,#965,#966,#967,#968,#969,#970,#971,
    #972,#973,#974,#975,#976,#977,#978,#979,#980,#981,#982,#983,#984,
    #985,#986,#987,#988,#989,#990,#991,#992,#993,#994,#995,#996),
  .UNSPECIFIED.,.F.,.F.,(9,7,7,7,7,7,9),(1.570796326795,2.356194490192,
    2.94524311274,3.387029579652,3.718369429835,4.21537920511,
    4.712388980385),.UNSPECIFIED.);
#953 = CARTESIAN_POINT('',(6.28318530718,2.831012532716E-15));
#954 = CARTESIAN_POINT('',(6.214987381136,7.062101975559E-02));
#955 = CARTESIAN_POINT('',(6.146789538493,0.14124208604));
#956 = CARTESIAN_POINT('',(6.077554446907,0.211362288049));
#957 = CARTESIAN_POINT('',(6.006248819973,0.280482785025));
#958 = CARTESIAN_POINT('',(5.931756114795,0.348042320378));
#959 = CARTESIAN_POINT('',(5.852849285267,0.413379453131));
#960 = CARTESIAN_POINT('',(5.76805416164,0.475615958128));
#961 = CARTESIAN_POINT('',(5.607052711007,0.577116257143));
#962 = CARTESIAN_POINT('',(5.533998948124,0.618233400999));
#963 = CARTESIAN_POINT('',(5.45633636508,0.6564893714));
#964 = CARTESIAN_POINT('',(5.373559711359,0.691321783277));
#965 = CARTESIAN_POINT('',(5.285316032638,0.722092166628));
#966 = CARTESIAN_POINT('',(5.191572709152,0.748066245702));
#967 = CARTESIAN_POINT('',(5.093111937742,0.768573113707));
#968 = CARTESIAN_POINT('',(4.914892412897,0.794089044935));
#969 = CARTESIAN_POINT('',(4.836611944625,0.801690833693));
#970 = CARTESIAN_POINT('',(4.756997009979,0.805765033708));
#971 = CARTESIAN_POINT('',(4.676788450502,0.806183542452));
#972 = CARTESIAN_POINT('',(4.596870532907,0.802915747031));
#973 = CARTESIAN_POINT('',(4.518081963824,0.79605338198));
#974 = CARTESIAN_POINT('',(4.441074894777,0.785771429301));
#975 = CARTESIAN_POINT('',(4.310238190783,0.762190314364));
#976 = CARTESIAN_POINT('',(4.255427081455,0.750288080044));
#977 = CARTESIAN_POINT('',(4.202072259539,0.736685320016));
#978 = CARTESIAN_POINT('',(4.150306590816,0.721493961344));
#979 = CARTESIAN_POINT('',(4.100197075817,0.704833666802));
#980 = CARTESIAN_POINT('',(4.051756304667,0.686824585159));
#981 = CARTESIAN_POINT('',(4.004958858081,0.667582429329));
#982 = CARTESIAN_POINT('',(3.891941558736,0.61666831875));
#983 = CARTESIAN_POINT('',(3.827709843777,0.583591957855));
#984 = CARTESIAN_POINT('',(3.766879293968,0.548357594605));
#985 = CARTESIAN_POINT('',(3.709133940819,0.511302413986));
#986 = CARTESIAN_POINT('',(3.654115656341,0.472716408834));
#987 = CARTESIAN_POINT('',(3.601468411048,0.432846588626));
#988 = CARTESIAN_POINT('',(3.550851310167,0.391907815925));
#989 = CARTESIAN_POINT('',(3.453031165372,0.308268592933));
#990 = CARTESIAN_POINT('',(3.405828156606,0.265568168523));
#991 = CARTESIAN_POINT('',(3.360009103321,0.22217526168));
#992 = CARTESIAN_POINT('',(3.315269422713,0.178252114862));
#993 = CARTESIAN_POINT('',(3.271324788857,0.133942767416));
#994 = CARTESIAN_POINT('',(3.227905666003,8.937972578383E-02));
#995 = CARTESIAN_POINT('',(3.184749153664,4.468986406408E-02));
#996 = CARTESIAN_POINT('',(3.14159265359,1.321405775976E-16));
#997 = ( GEOMETRIC_REPRESENTATION_CONTEXT(2) 
PARAMETRIC_REPRESENTATION_CONTEXT() REPRESENTATION_CONTEXT('2D SPACE',''
  ) );
#998 = ORIENTED_EDGE('',*,*,#999,.T.);
#999 = EDGE_CURVE('',#928,#22,#1000,.T.);
#1000 = SURFACE_CURVE('',#1001,(#1005,#1011),.PCURVE_S1.);
#1001 = LINE('',#1002,#1003);
#1002 = CARTESIAN_POINT('',(-30.5,-4.445813570938,4.603774722167));
#1003 = VECTOR('',#1004,1.);
#1004 = DIRECTION('',(1.,0.,0.));
#1005 = PCURVE('',#100,#1006);
#1006 = DEFINITIONAL_REPRESENTATION('',(#1007),#1010);
#1007 = B_SPLINE_CURVE_WITH_KNOTS('',1,(#1008,#1009),.UNSPECIFIED.,.F.,
  .F.,(2,2),(-5.999999999062E-07,7.3000006),.PIECEWISE_BEZIER_KNOTS.);
#1008 = CARTESIAN_POINT('',(6.4,-46.9999994));
#1009 = CARTESIAN_POINT('',(6.4,-54.3000006));
#1010 = ( GEOMETRIC_REPRESENTATION_CONTEXT(2) 
PARAMETRIC_REPRESENTATION_CONTEXT() REPRESENTATION_CONTEXT('2D SPACE',''
  ) );
#1011 = PCURVE('',#140,#1012);
#1012 = DEFINITIONAL_REPRESENTATION('',(#1013),#1016);
#1013 = B_SPLINE_CURVE_WITH_KNOTS('',1,(#1014,#1015),.UNSPECIFIED.,.F.,
  .F.,(2,2),(-5.999999999062E-07,7.3000006),.PIECEWISE_BEZIER_KNOTS.);
#1014 = CARTESIAN_POINT('',(0.767944870878,-5.999999999062E-07));
#1015 = CARTESIAN_POINT('',(0.767944870878,7.3000006));
#1016 = ( GEOMETRIC_REPRESENTATION_CONTEXT(2) 
PARAMETRIC_REPRESENTATION_CONTEXT() REPRESENTATION_CONTEXT('2D SPACE',''
  ) );
#1017 = ORIENTED_EDGE('',*,*,#21,.T.);
#1018 = ORIENTED_EDGE('',*,*,#1019,.T.);
#1019 = EDGE_CURVE('',#24,#930,#1020,.T.);
#1020 = SURFACE_CURVE('',#1021,(#1025,#1031),.PCURVE_S1.);
#1021 = LINE('',#1022,#1023);
#1022 = CARTESIAN_POINT('',(-71.8,-4.445813570938,4.603774722167));
#1023 = VECTOR('',#1024,1.);
#1024 = DIRECTION('',(1.,0.,0.));
#1025 = PCURVE('',#100,#1026);
#1026 = DEFINITIONAL_REPRESENTATION('',(#1027),#1030);
#1027 = B_SPLINE_CURVE_WITH_KNOTS('',1,(#1028,#1029),.UNSPECIFIED.,.F.,
  .F.,(2,2),(-6.000000070117E-07,7.3000006),.PIECEWISE_BEZIER_KNOTS.);
#1028 = CARTESIAN_POINT('',(6.4,-5.6999994));
#1029 = CARTESIAN_POINT('',(6.4,-13.0000006));
#1030 = ( GEOMETRIC_REPRESENTATION_CONTEXT(2) 
PARAMETRIC_REPRESENTATION_CONTEXT() REPRESENTATION_CONTEXT('2D SPACE',''
  ) );
#1031 = PCURVE('',#781,#1032);
#1032 = DEFINITIONAL_REPRESENTATION('',(#1033),#1036);
#1033 = B_SPLINE_CURVE_WITH_KNOTS('',1,(#1034,#1035),.UNSPECIFIED.,.F.,
  .F.,(2,2),(-6.000000070117E-07,7.3000006),.PIECEWISE_BEZIER_KNOTS.);
#1034 = CARTESIAN_POINT('',(0.767944870878,-6.000000070117E-07));
#1035 = CARTESIAN_POINT('',(0.767944870878,7.3000006));
#1036 = ( GEOMETRIC_REPRESENTATION_CONTEXT(2) 
PARAMETRIC_REPRESENTATION_CONTEXT() REPRESENTATION_CONTEXT('2D SPACE',''
  ) );
#1037 = ADVANCED_FACE('',(#1038),#781,.F.);
#1038 = FACE_BOUND('',#1039,.F.);
#1039 = EDGE_LOOP('',(#1040,#1069,#1420,#1446,#1518,#1519,#1541,#1570,
    #1590,#1591));
#1040 = ORIENTED_EDGE('',*,*,#1041,.F.);
#1041 = EDGE_CURVE('',#1042,#930,#1044,.T.);
#1042 = VERTEX_POINT('',#1043);
#1043 = CARTESIAN_POINT('',(-64.96424927294,-1.451502009488,
    6.233228851603));
#1044 = SURFACE_CURVE('',#1045,(#1050,#1057),.PCURVE_S1.);
#1045 = CIRCLE('',#1046,6.4);
#1046 = AXIS2_PLACEMENT_3D('',#1047,#1048,#1049);
#1047 = CARTESIAN_POINT('',(-64.96424919657,0.,0.));
#1048 = DIRECTION('',(1.,1.331036458075E-07,4.324799616326E-08));
#1049 = DIRECTION('',(-1.193350751549E-08,-0.226797188982,0.973942008063
    ));
#1050 = PCURVE('',#781,#1051);
#1051 = DEFINITIONAL_REPRESENTATION('',(#1052),#1056);
#1052 = LINE('',#1053,#1054);
#1053 = CARTESIAN_POINT('',(0.228787914032,6.835750803427));
#1054 = VECTOR('',#1055,1.);
#1055 = DIRECTION('',(1.,0.));
#1056 = ( GEOMETRIC_REPRESENTATION_CONTEXT(2) 
PARAMETRIC_REPRESENTATION_CONTEXT() REPRESENTATION_CONTEXT('2D SPACE',''
  ) );
#1057 = PCURVE('',#946,#1058);
#1058 = DEFINITIONAL_REPRESENTATION('',(#1059),#1068);
#1059 = B_SPLINE_CURVE_WITH_KNOTS('',7,(#1060,#1061,#1062,#1063,#1064,
    #1065,#1066,#1067),.UNSPECIFIED.,.F.,.F.,(8,8),(0.,0.539156956845),
  .PIECEWISE_BEZIER_KNOTS.);
#1060 = CARTESIAN_POINT('',(3.224514831857,0.341732412512));
#1061 = CARTESIAN_POINT('',(3.251816595834,0.335352861961));
#1062 = CARTESIAN_POINT('',(3.278402520227,0.326528417825));
#1063 = CARTESIAN_POINT('',(3.30395381685,0.315343775364));
#1064 = CARTESIAN_POINT('',(3.328183434267,0.301930004933));
#1065 = CARTESIAN_POINT('',(3.350857369205,0.286456492353));
#1066 = CARTESIAN_POINT('',(3.371796315964,0.26911568241));
#1067 = CARTESIAN_POINT('',(3.390864601359,0.250114367824));
#1068 = ( GEOMETRIC_REPRESENTATION_CONTEXT(2) 
PARAMETRIC_REPRESENTATION_CONTEXT() REPRESENTATION_CONTEXT('2D SPACE',''
  ) );
#1069 = ORIENTED_EDGE('',*,*,#1070,.T.);
#1070 = EDGE_CURVE('',#1042,#1071,#1073,.T.);
#1071 = VERTEX_POINT('',#1072);
#1072 = CARTESIAN_POINT('',(-65.89782602896,-0.602293205238,
    6.37159657346));
#1073 = SURFACE_CURVE('',#1074,(#1097,#1123),.PCURVE_S1.);
#1074 = B_SPLINE_CURVE_WITH_KNOTS('',6,(#1075,#1076,#1077,#1078,#1079,
    #1080,#1081,#1082,#1083,#1084,#1085,#1086,#1087,#1088,#1089,#1090,
    #1091,#1092,#1093,#1094,#1095,#1096),.UNSPECIFIED.,.F.,.F.,(7,5,5,5,
    7),(0.,0.249392919961,0.49938170438,0.749410125877,1.),
  .UNSPECIFIED.);
#1075 = CARTESIAN_POINT('',(-64.96424927294,-1.451502009488,
    6.233228851603));
#1076 = CARTESIAN_POINT('',(-64.96424927249,-1.400763102649,
    6.245044176692));
#1077 = CARTESIAN_POINT('',(-64.9682257099,-1.34873667201,6.256636782573
    ));
#1078 = CARTESIAN_POINT('',(-64.97658937766,-1.295814770863,
    6.267870396165));
#1079 = CARTESIAN_POINT('',(-64.98968675459,-1.242507088331,
    6.278605609851));
#1080 = CARTESIAN_POINT('',(-65.00771238461,-1.189439031065,
    6.288723646045));
#1081 = CARTESIAN_POINT('',(-65.05365877853,-1.084977152255,
    6.307586569296));
#1082 = CARTESIAN_POINT('',(-65.08160323754,-1.033587716414,
    6.316328094536));
#1083 = CARTESIAN_POINT('',(-65.1144842831,-0.983765833589,
    6.324286869474));
#1084 = CARTESIAN_POINT('',(-65.15209447085,-0.936214451577,
    6.331418656911));
#1085 = CARTESIAN_POINT('',(-65.19398846566,-0.891580341504,
    6.337729360463));
#1086 = CARTESIAN_POINT('',(-65.28516864331,-0.809149826616,
    6.348779887367));
#1087 = CARTESIAN_POINT('',(-65.33445582809,-0.771354634847,
    6.353519522702));
#1088 = CARTESIAN_POINT('',(-65.38684587339,-0.73748868023,
    6.357508144338));
#1089 = CARTESIAN_POINT('',(-65.44159573835,-0.707920806154,
    6.360812096512));
#1090 = CARTESIAN_POINT('',(-65.49791561705,-0.682810423177,
    6.363505447611));
#1091 = CARTESIAN_POINT('',(-65.61235756683,-0.64143435329,
    6.367809322442));
#1092 = CARTESIAN_POINT('',(-65.67048323235,-0.625188538514,
    6.369417419584));
#1093 = CARTESIAN_POINT('',(-65.72871028393,-0.613396759323,
    6.370546858838));
#1094 = CARTESIAN_POINT('',(-65.78635180737,-0.605870718269,
    6.371258429339));
#1095 = CARTESIAN_POINT('',(-65.842861082,-0.602293205238,6.37159657346)
  );
#1096 = CARTESIAN_POINT('',(-65.89782602896,-0.602293205238,
    6.37159657346));
#1097 = PCURVE('',#781,#1098);
#1098 = DEFINITIONAL_REPRESENTATION('',(#1099),#1122);
#1099 = B_SPLINE_CURVE_WITH_KNOTS('',6,(#1100,#1101,#1102,#1103,#1104,
    #1105,#1106,#1107,#1108,#1109,#1110,#1111,#1112,#1113,#1114,#1115,
    #1116,#1117,#1118,#1119,#1120,#1121),.UNSPECIFIED.,.F.,.F.,(7,5,5,5,
    7),(0.,0.249392919961,0.49938170438,0.749410125877,1.),
  .UNSPECIFIED.);
#1100 = CARTESIAN_POINT('',(0.228787914032,6.835750727053));
#1101 = CARTESIAN_POINT('',(0.220647846012,6.83575072751));
#1102 = CARTESIAN_POINT('',(0.212319736293,6.831774290093));
#1103 = CARTESIAN_POINT('',(0.203867110841,6.823410622332));
#1104 = CARTESIAN_POINT('',(0.195371260185,6.810313245408));
#1105 = CARTESIAN_POINT('',(0.186930409811,6.792287615385));
#1106 = CARTESIAN_POINT('',(0.170344272493,6.74634122147));
#1107 = CARTESIAN_POINT('',(0.162199751831,6.718396762457));
#1108 = CARTESIAN_POINT('',(0.154316970713,6.685515716895));
#1109 = CARTESIAN_POINT('',(0.146804391716,6.64790552915));
#1110 = CARTESIAN_POINT('',(0.139761131036,6.606011534331));
#1111 = CARTESIAN_POINT('',(0.126766142585,6.514831356683));
#1112 = CARTESIAN_POINT('',(0.12081460686,6.465544171902));
#1113 = CARTESIAN_POINT('',(0.115486662933,6.413154126606));
#1114 = CARTESIAN_POINT('',(0.110837999061,6.358404261648));
#1115 = CARTESIAN_POINT('',(0.106892017848,6.302084382941));
#1116 = CARTESIAN_POINT('',(0.100392125838,6.187642433168));
#1117 = CARTESIAN_POINT('',(9.784134342656E-02,6.12951676765));
#1118 = CARTESIAN_POINT('',(9.599044527797E-02,6.071289716063));
#1119 = CARTESIAN_POINT('',(9.480925751773E-02,6.013648192627));
#1120 = CARTESIAN_POINT('',(9.424777960769E-02,5.957138917998));
#1121 = CARTESIAN_POINT('',(9.424777960769E-02,5.902173971031));
#1122 = ( GEOMETRIC_REPRESENTATION_CONTEXT(2) 
PARAMETRIC_REPRESENTATION_CONTEXT() REPRESENTATION_CONTEXT('2D SPACE',''
  ) );
#1123 = PCURVE('',#1124,#1395);
#1124 = ( BOUNDED_SURFACE() B_SPLINE_SURFACE(2,12,(
    (#1125,#1126,#1127,#1128,#1129,#1130,#1131,#1132,#1133,#1134,#1135
      ,#1136,#1137,#1138,#1139,#1140,#1141,#1142,#1143,#1144,#1145,#1146
      ,#1147,#1148,#1149,#1150,#1151,#1152,#1153,#1154,#1155,#1156,#1157
      ,#1158,#1159,#1160,#1161,#1162,#1163,#1164,#1165,#1166,#1167,#1168
      ,#1169,#1170,#1171,#1172,#1173,#1174,#1175,#1176,#1177,#1178,#1179
      ,#1180,#1181,#1182,#1183,#1184,#1185,#1186,#1187,#1188,#1189,#1190
      ,#1191,#1192,#1193,#1194,#1195,#1196,#1197,#1198,#1199,#1200,#1201
      ,#1202,#1203,#1204,#1205,#1206,#1207,#1208,#1209,#1210,#1211,#1212
      ,#1213,#1214)
    ,(#1215,#1216,#1217,#1218,#1219,#1220,#1221,#1222,#1223,#1224,#1225
      ,#1226,#1227,#1228,#1229,#1230,#1231,#1232,#1233,#1234,#1235,#1236
      ,#1237,#1238,#1239,#1240,#1241,#1242,#1243,#1244,#1245,#1246,#1247
      ,#1248,#1249,#1250,#1251,#1252,#1253,#1254,#1255,#1256,#1257,#1258
      ,#1259,#1260,#1261,#1262,#1263,#1264,#1265,#1266,#1267,#1268,#1269
      ,#1270,#1271,#1272,#1273,#1274,#1275,#1276,#1277,#1278,#1279,#1280
      ,#1281,#1282,#1283,#1284,#1285,#1286,#1287,#1288,#1289,#1290,#1291
      ,#1292,#1293,#1294,#1295,#1296,#1297,#1298,#1299,#1300,#1301,#1302
      ,#1303,#1304)
    ,(#1305,#1306,#1307,#1308,#1309,#1310,#1311,#1312,#1313,#1314,#1315
      ,#1316,#1317,#1318,#1319,#1320,#1321,#1322,#1323,#1324,#1325,#1326
      ,#1327,#1328,#1329,#1330,#1331,#1332,#1333,#1334,#1335,#1336,#1337
      ,#1338,#1339,#1340,#1341,#1342,#1343,#1344,#1345,#1346,#1347,#1348
      ,#1349,#1350,#1351,#1352,#1353,#1354,#1355,#1356,#1357,#1358,#1359
      ,#1360,#1361,#1362,#1363,#1364,#1365,#1366,#1367,#1368,#1369,#1370
      ,#1371,#1372,#1373,#1374,#1375,#1376,#1377,#1378,#1379,#1380,#1381
      ,#1382,#1383,#1384,#1385,#1386,#1387,#1388,#1389,#1390,#1391,#1392
      ,#1393,#1394
)),.UNSPECIFIED.,.F.,.F.,.F.) B_SPLINE_SURFACE_WITH_KNOTS((3,3),(13,11,
    11,11,11,11,11,11,13),(0.,58.43362335677),(-2.776016373372,
    -2.756446466717E-15,14.608405839192,21.912608758789,29.216811678385,
    36.521014597981,43.825217517577,58.43362335677,61.209639730143),
.UNSPECIFIED.) GEOMETRIC_REPRESENTATION_ITEM() RATIONAL_B_SPLINE_SURFACE
((
    (1.,1.,1.,1.,1.,1.,1.,1.,1.,1.,1.,1.,1.,1.,1.,1.,1.,1.,1.,1.,1.,1.
      ,1.,1.,1.,1.,1.,1.,1.,1.,1.,1.,1.,1.,1.,1.,1.,1.,1.,1.,1.,1.,1.,1.
      ,1.,1.,1.,1.,1.,1.,1.,1.,1.,1.,1.,1.,1.,1.,1.,1.,1.,1.,1.,1.,1.,1.
      ,1.,1.,1.,1.,1.,1.,1.,1.,1.,1.,1.,1.,1.,1.,1.,1.,1.,1.,1.,1.,1.,1.
      ,1.,1.)
    ,(0.72324057068,0.72324057068,0.72324057068,0.72324057068
      ,0.72324057068,0.72324057068,0.72324057068,0.72324057068
      ,0.72324057068,0.72324057068,0.72324057068,0.72324057068
      ,0.72324057068,0.723240570679,0.723240570682,0.723240570685
      ,0.723240570691,0.723240570692,0.723240570692,0.723240570689
      ,0.723240570684,0.723240570681,0.72324057068,0.72324057068
      ,0.723240570679,0.72324057068,0.723240570679,0.723240570682
      ,0.723240570678,0.723240570683,0.72324057068,0.723240570682
      ,0.723240570681,0.723240570682,0.723240570682,0.723240570682
      ,0.723240570681,0.723240570682,0.72324057068,0.723240570681
      ,0.72324057068,0.72324057068,0.72324057068,0.72324057068
      ,0.72324057068,0.72324057068,0.72324057068,0.72324057068
      ,0.72324057068,0.723240570681,0.72324057068,0.723240570681
      ,0.723240570681,0.723240570682,0.723240570682,0.723240570682
      ,0.723240570682,0.723240570682,0.723240570681,0.723240570683
      ,0.723240570679,0.723240570683,0.723240570678,0.723240570681
      ,0.723240570679,0.72324057068,0.723240570679,0.72324057068
      ,0.723240570681,0.723240570684,0.723240570688,0.723240570693
      ,0.723240570692,0.723240570691,0.723240570685,0.723240570682
      ,0.723240570679,0.72324057068,0.72324057068,0.72324057068
      ,0.72324057068,0.72324057068,0.72324057068,0.72324057068
      ,0.72324057068,0.72324057068,0.72324057068,0.72324057068
      ,0.72324057068,0.72324057068)
    ,(1.,1.,1.,1.,1.,1.,1.,1.,1.,1.,1.,1.,1.,1.,1.,1.,1.,1.,1.,1.,1.,1.
      ,1.,1.,1.,1.,1.,1.,1.,1.,1.,1.,1.,1.,1.,1.,1.,1.,1.,1.,1.,1.,1.,1.
      ,1.,1.,1.,1.,1.,1.,1.,1.,1.,1.,1.,1.,1.,1.,1.,1.,1.,1.,1.,1.,1.,1.
      ,1.,1.,1.,1.,1.,1.,1.,1.,1.,1.,1.,1.,1.,1.,1.,1.,1.,1.,1.,1.,1.,1.
,1.,1.))) REPRESENTATION_ITEM('') SURFACE() );
#1125 = CARTESIAN_POINT('',(-66.97921969689,0.273519163451,
    -2.893530508835));
#1126 = CARTESIAN_POINT('',(-66.97921969689,0.25072589983,
    -2.652402966432));
#1127 = CARTESIAN_POINT('',(-66.97921969689,0.227932636209,
    -2.41127542403));
#1128 = CARTESIAN_POINT('',(-66.97921969689,0.205139372588,
    -2.170147881627));
#1129 = CARTESIAN_POINT('',(-66.97921969689,0.182346108968,
    -1.929020339224));
#1130 = CARTESIAN_POINT('',(-66.97921969689,0.159552845347,
    -1.687892796821));
#1131 = CARTESIAN_POINT('',(-66.97921969689,0.136759581726,
    -1.446765254418));
#1132 = CARTESIAN_POINT('',(-66.97921969689,0.113966318105,
    -1.205637712015));
#1133 = CARTESIAN_POINT('',(-66.97921969689,9.117305448378E-02,
    -0.964510169612));
#1134 = CARTESIAN_POINT('',(-66.97921969689,6.837979086283E-02,
    -0.723382627209));
#1135 = CARTESIAN_POINT('',(-66.97921969689,4.558652724189E-02,
    -0.482255084806));
#1136 = CARTESIAN_POINT('',(-66.97921969689,2.279326362095E-02,
    -0.241127542403));
#1137 = CARTESIAN_POINT('',(-66.9792196969,-0.119946427034,
    1.268900656429));
#1138 = CARTESIAN_POINT('',(-66.8882414122,-0.23992086148,2.538097600321
    ));
#1139 = CARTESIAN_POINT('',(-66.70621596039,-0.359238811755,
    3.800349667107));
#1140 = CARTESIAN_POINT('',(-66.43374111284,-0.477218569118,
    5.048445131602));
#1141 = CARTESIAN_POINT('',(-66.07206495025,-0.59318691122,
    6.275262045253));
#1142 = CARTESIAN_POINT('',(-65.62306610419,-0.706484558244,
    7.473825956132));
#1143 = CARTESIAN_POINT('',(-65.08923059989,-0.816471381756,
    8.637365012713));
#1144 = CARTESIAN_POINT('',(-64.4736252805,-0.922531366102,
    9.759362450115));
#1145 = CARTESIAN_POINT('',(-63.77986783422,-1.024077322534,
    10.833606460216));
#1146 = CARTESIAN_POINT('',(-63.01209340477,-1.1205553559,
    11.854237444364));
#1147 = CARTESIAN_POINT('',(-62.17491780028,-1.211449084017,
    12.815792649672));
#1148 = CARTESIAN_POINT('',(-60.82263703606,-1.338700872478,
    14.16197595753));
#1149 = CARTESIAN_POINT('',(-60.35579042706,-1.379603336473,
    14.5946788291));
#1150 = CARTESIAN_POINT('',(-59.87348930555,-1.418931643199,
    15.010728856224));
#1151 = CARTESIAN_POINT('',(-59.37639292224,-1.45662902315,
    15.409525480255));
#1152 = CARTESIAN_POINT('',(-58.86518660499,-1.49264142096,
    15.790496855144));
#1153 = CARTESIAN_POINT('',(-58.34058036296,-1.526917613225,
    16.153101093889));
#1154 = CARTESIAN_POINT('',(-57.80330742786,-1.559409319028,
    16.496827437737));
#1155 = CARTESIAN_POINT('',(-57.25412272988,-1.590071303029,
    16.821197346773));
#1156 = CARTESIAN_POINT('',(-56.69380131203,-1.618861471298,
    17.125765513732));
#1157 = CARTESIAN_POINT('',(-56.12313667849,-1.645740959701,
    17.410120799024));
#1158 = CARTESIAN_POINT('',(-55.54293908111,-1.670674215009,
    17.673887088769));
#1159 = CARTESIAN_POINT('',(-54.36512840061,-1.716583922198,
    18.159561060302));
#1160 = CARTESIAN_POINT('',(-53.76751532214,-1.737560373355,
    18.381468734423));
#1161 = CARTESIAN_POINT('',(-53.16201973955,-1.756526251464,
    18.582106767405));
#1162 = CARTESIAN_POINT('',(-52.54948187693,-1.773452767589,
    18.761170604089));
#1163 = CARTESIAN_POINT('',(-51.93075519096,-1.78831458531,
    18.918392213169));
#1164 = CARTESIAN_POINT('',(-51.30670456736,-1.801089882535,
    19.05354074102));
#1165 = CARTESIAN_POINT('',(-50.67820447171,-1.81176040361,
    19.166423063003));
#1166 = CARTESIAN_POINT('',(-50.04613707099,-1.82031150155,
    19.256884230185));
#1167 = CARTESIAN_POINT('',(-49.41139032342,-1.826732169792,
    19.32480780531));
#1168 = CARTESIAN_POINT('',(-48.77485605573,-1.831015063556,
    19.370116088698));
#1169 = CARTESIAN_POINT('',(-48.13742802786,-1.833156510436,
    19.392770230377));
#1170 = CARTESIAN_POINT('',(-46.86257197214,-1.833156510436,
    19.39277023038));
#1171 = CARTESIAN_POINT('',(-46.22514394425,-1.831015063554,
    19.370116088686));
#1172 = CARTESIAN_POINT('',(-45.58860967657,-1.826732169795,
    19.324807805337));
#1173 = CARTESIAN_POINT('',(-44.953862929,-1.820311501546,
    19.256884230139));
#1174 = CARTESIAN_POINT('',(-44.32179552827,-1.811760403616,
    19.166423063066));
#1175 = CARTESIAN_POINT('',(-43.69329543266,-1.801089882528,
    19.053540740951));
#1176 = CARTESIAN_POINT('',(-43.069244809,-1.788314585315,
    18.918392213229));
#1177 = CARTESIAN_POINT('',(-42.45051812308,-1.773452767585,
    18.761170604049));
#1178 = CARTESIAN_POINT('',(-41.83798026043,-1.756526251466,
    18.582106767425));
#1179 = CARTESIAN_POINT('',(-41.23248467785,-1.737560373354,
    18.381468734416));
#1180 = CARTESIAN_POINT('',(-40.63487159939,-1.716583922198,
    18.159561060304));
#1181 = CARTESIAN_POINT('',(-39.45706091888,-1.670674215009,
    17.673887088767));
#1182 = CARTESIAN_POINT('',(-38.87686332151,-1.645740959702,
    17.410120799035));
#1183 = CARTESIAN_POINT('',(-38.30619868793,-1.618861471295,
    17.125765513703));
#1184 = CARTESIAN_POINT('',(-37.74587727017,-1.590071303034,
    16.821197346827));
#1185 = CARTESIAN_POINT('',(-37.19669257203,-1.559409319021,
    16.496827437661));
#1186 = CARTESIAN_POINT('',(-36.65941963714,-1.526917613233,
    16.153101093972));
#1187 = CARTESIAN_POINT('',(-36.13481339489,-1.492641420953,
    15.790496855074));
#1188 = CARTESIAN_POINT('',(-35.62360707784,-1.456629023155,
    15.4095254803));
#1189 = CARTESIAN_POINT('',(-35.1265106944,-1.418931643197,
    15.010728856202));
#1190 = CARTESIAN_POINT('',(-34.64420957295,-1.379603336474,
    14.594678829107));
#1191 = CARTESIAN_POINT('',(-34.17736296392,-1.338700872478,
    14.161975957529));
#1192 = CARTESIAN_POINT('',(-32.82508219971,-1.211449084017,
    12.815792649673));
#1193 = CARTESIAN_POINT('',(-31.98790659521,-1.1205553559,
    11.854237444363));
#1194 = CARTESIAN_POINT('',(-31.22013216582,-1.024077322534,
    10.833606460215));
#1195 = CARTESIAN_POINT('',(-30.5263747194,-0.922531366102,
    9.759362450119));
#1196 = CARTESIAN_POINT('',(-29.91076940024,-0.816471381754,
    8.637365012704));
#1197 = CARTESIAN_POINT('',(-29.37693389563,-0.706484558246,
    7.473825956146));
#1198 = CARTESIAN_POINT('',(-28.92793504992,-0.593186911218,
    6.275262045239));
#1199 = CARTESIAN_POINT('',(-28.56625888701,-0.477218569119,
    5.048445131614));
#1200 = CARTESIAN_POINT('',(-28.29378403969,-0.359238811754,3.8003496671
    ));
#1201 = CARTESIAN_POINT('',(-28.11175858776,-0.23992086148,
    2.538097600324));
#1202 = CARTESIAN_POINT('',(-28.0207803031,-0.119946427034,
    1.268900656429));
#1203 = CARTESIAN_POINT('',(-28.0207803031,2.279326362094E-02,
    -0.241127542403));
#1204 = CARTESIAN_POINT('',(-28.0207803031,4.558652724188E-02,
    -0.482255084806));
#1205 = CARTESIAN_POINT('',(-28.0207803031,6.837979086281E-02,
    -0.723382627209));
#1206 = CARTESIAN_POINT('',(-28.0207803031,9.117305448375E-02,
    -0.964510169612));
#1207 = CARTESIAN_POINT('',(-28.0207803031,0.113966318105,
    -1.205637712015));
#1208 = CARTESIAN_POINT('',(-28.0207803031,0.136759581726,
    -1.446765254418));
#1209 = CARTESIAN_POINT('',(-28.0207803031,0.159552845347,
    -1.687892796821));
#1210 = CARTESIAN_POINT('',(-28.0207803031,0.182346108967,
    -1.929020339224));
#1211 = CARTESIAN_POINT('',(-28.0207803031,0.205139372588,
    -2.170147881627));
#1212 = CARTESIAN_POINT('',(-28.0207803031,0.227932636209,
    -2.411275424029));
#1213 = CARTESIAN_POINT('',(-28.0207803031,0.25072589983,-2.652402966432
    ));
#1214 = CARTESIAN_POINT('',(-28.0207803031,0.273519163451,
    -2.893530508835));
#1215 = CARTESIAN_POINT('',(-66.11984235733,0.273519163451,
    -2.893530508835));
#1216 = CARTESIAN_POINT('',(-66.11984235732,0.249720314671,
    -2.64176498662));
#1217 = CARTESIAN_POINT('',(-66.11984235732,0.226104299555,
    -2.391933642553));
#1218 = CARTESIAN_POINT('',(-66.11984235732,0.202671118105,
    -2.144036476634));
#1219 = CARTESIAN_POINT('',(-66.11984235732,0.179420770321,
    -1.898073488862));
#1220 = CARTESIAN_POINT('',(-66.11984235732,0.156353256202,
    -1.654044679237));
#1221 = CARTESIAN_POINT('',(-66.11984235732,0.133468575748,
    -1.41195004776));
#1222 = CARTESIAN_POINT('',(-66.11984235732,0.11076672896,
    -1.171789594431));
#1223 = CARTESIAN_POINT('',(-66.11984235732,8.824771583723E-02,
    -0.93356331925));
#1224 = CARTESIAN_POINT('',(-66.11984235732,6.591153637981E-02,
    -0.697271222216));
#1225 = CARTESIAN_POINT('',(-66.11984235732,4.37581905878E-02,
    -0.46291330333));
#1226 = CARTESIAN_POINT('',(-66.11984235732,2.178767846119E-02,
    -0.230489562591));
#1227 = CARTESIAN_POINT('',(-66.11984235732,-0.1146546729,1.212919745116
    ));
#1228 = CARTESIAN_POINT('',(-66.03287766481,-0.229336926626,
    2.426131264883));
#1229 = CARTESIAN_POINT('',(-65.85888085797,-0.343391809343,
    3.632705892627));
#1230 = CARTESIAN_POINT('',(-65.59842348213,-0.456167328284,
    4.825746265341));
#1231 = CARTESIAN_POINT('',(-65.25269955412,-0.567019815244,
    5.998443084638));
#1232 = CARTESIAN_POINT('',(-64.82350601504,-0.675319068824,
    7.144129516147));
#1233 = CARTESIAN_POINT('',(-64.31322013082,-0.780453273407,
    8.256333226628));
#1234 = CARTESIAN_POINT('',(-63.72477384155,-0.881833694891,
    9.328826059907));
#1235 = CARTESIAN_POINT('',(-63.06162505824,-0.978899153153,
    10.355671350341));
#1236 = CARTESIAN_POINT('',(-62.32772590855,-1.07112027127,
    11.33126887507));
#1237 = CARTESIAN_POINT('',(-61.52748793001,-1.158003501472,
    12.250397444072));
#1238 = CARTESIAN_POINT('',(-60.23487235284,-1.279640641051,
    13.537183970973));
#1239 = CARTESIAN_POINT('',(-59.78862390227,-1.318738405235,
    13.950795112749));
#1240 = CARTESIAN_POINT('',(-59.32760276674,-1.356331484724,
    14.348488353139));
#1241 = CARTESIAN_POINT('',(-58.85243905264,-1.392365616971,
    14.729689654363));
#1242 = CARTESIAN_POINT('',(-58.36378779599,-1.426789132396,
    15.093852409347));
#1243 = CARTESIAN_POINT('',(-57.86232763116,-1.4595530672,
    15.440458635222));
#1244 = CARTESIAN_POINT('',(-57.34875939729,-1.49061126916,
    15.76902009242));
#1245 = CARTESIAN_POINT('',(-56.82380468428,-1.51992049641,
    16.079079329855));
#1246 = CARTESIAN_POINT('',(-56.28820431607,-1.54744050921,
    16.370210655472));
#1247 = CARTESIAN_POINT('',(-55.74271677351,-1.573134154692,
    16.64202103303));
#1248 = CARTESIAN_POINT('',(-55.18811655489,-1.596967444596,
    16.894150904264));
#1249 = CARTESIAN_POINT('',(-54.06226839608,-1.640851807376,
    17.358398969976));
#1250 = CARTESIAN_POINT('',(-53.49102046039,-1.660902879539,
    17.570517156885));
#1251 = CARTESIAN_POINT('',(-52.91223749648,-1.679032087579,
    17.762304145062));
#1252 = CARTESIAN_POINT('',(-52.32672266932,-1.695211909023,
    17.933468777111));
#1253 = CARTESIAN_POINT('',(-51.73529180097,-1.709418121739,
    18.083754809722));
#1254 = CARTESIAN_POINT('',(-51.13877164449,-1.721629863123,
    18.21294153947));
#1255 = CARTESIAN_POINT('',(-50.53799811706,-1.731829680095,
    18.320844332208));
#1256 = CARTESIAN_POINT('',(-49.93381450112,-1.740003569477,
    18.407315049634));
#1257 = CARTESIAN_POINT('',(-49.32706961942,-1.746141008496,
    18.472242372562));
#1258 = CARTESIAN_POINT('',(-48.71861599414,-1.750234975168,
    18.51555201609));
#1259 = CARTESIAN_POINT('',(-48.10930799707,-1.752281958505,
    18.537206837862));
#1260 = CARTESIAN_POINT('',(-46.89069200292,-1.752281958505,
    18.537206837861));
#1261 = CARTESIAN_POINT('',(-46.28138400585,-1.750234975168,
    18.515552016093));
#1262 = CARTESIAN_POINT('',(-45.67293038057,-1.746141008496,
    18.472242372552));
#1263 = CARTESIAN_POINT('',(-45.06618549887,-1.740003569476,
    18.407315049651));
#1264 = CARTESIAN_POINT('',(-44.46200188292,-1.731829680096,
    18.320844332185));
#1265 = CARTESIAN_POINT('',(-43.8612283555,-1.721629863122,
    18.212941539494));
#1266 = CARTESIAN_POINT('',(-43.26470819903,-1.70941812174,
    18.083754809702));
#1267 = CARTESIAN_POINT('',(-42.67327733066,-1.695211909023,
    17.933468777125));
#1268 = CARTESIAN_POINT('',(-42.08776250351,-1.679032087579,
    17.762304145055));
#1269 = CARTESIAN_POINT('',(-41.5089795396,-1.660902879539,
    17.570517156888));
#1270 = CARTESIAN_POINT('',(-40.93773160391,-1.640851807376,
    17.358398969976));
#1271 = CARTESIAN_POINT('',(-39.8118834451,-1.596967444596,
    16.894150904265));
#1272 = CARTESIAN_POINT('',(-39.25728322649,-1.573134154692,
    16.642021033028));
#1273 = CARTESIAN_POINT('',(-38.71179568391,-1.54744050921,
    16.370210655475));
#1274 = CARTESIAN_POINT('',(-38.17619531574,-1.51992049641,
    16.079079329851));
#1275 = CARTESIAN_POINT('',(-37.65124060267,-1.49061126916,
    15.769020092424));
#1276 = CARTESIAN_POINT('',(-37.13767236887,-1.4595530672,
    15.440458635221));
#1277 = CARTESIAN_POINT('',(-36.63621220396,-1.426789132396,
    15.093852409345));
#1278 = CARTESIAN_POINT('',(-36.14756094738,-1.392365616971,
    14.729689654366));
#1279 = CARTESIAN_POINT('',(-35.67239723324,-1.356331484723,
    14.348488353137));
#1280 = CARTESIAN_POINT('',(-35.21137609772,-1.318738405235,
    13.95079511275));
#1281 = CARTESIAN_POINT('',(-34.76512764716,-1.279640641051,
    13.537183970972));
#1282 = CARTESIAN_POINT('',(-33.47251206998,-1.158003501472,
    12.250397444073));
#1283 = CARTESIAN_POINT('',(-32.67227409144,-1.071120271269,
    11.331268875068));
#1284 = CARTESIAN_POINT('',(-31.93837494175,-0.978899153154,
    10.355671350348));
#1285 = CARTESIAN_POINT('',(-31.27522615844,-0.881833694891,
    9.328826059893));
#1286 = CARTESIAN_POINT('',(-30.68677986918,-0.780453273409,
    8.25633322665));
#1287 = CARTESIAN_POINT('',(-30.17649398494,-0.675319068823,
    7.144129516119));
#1288 = CARTESIAN_POINT('',(-29.74730044589,-0.567019815246,
    5.998443084665));
#1289 = CARTESIAN_POINT('',(-29.40157651785,-0.456167328282,
    4.825746265321));
#1290 = CARTESIAN_POINT('',(-29.14111914203,-0.343391809343,
    3.632705892637));
#1291 = CARTESIAN_POINT('',(-28.96712233518,-0.229336926625,
    2.426131264879));
#1292 = CARTESIAN_POINT('',(-28.88015764267,-0.1146546729,1.212919745116
    ));
#1293 = CARTESIAN_POINT('',(-28.88015764267,2.178767846121E-02,
    -0.230489562591));
#1294 = CARTESIAN_POINT('',(-28.88015764267,4.375819058783E-02,
    -0.46291330333));
#1295 = CARTESIAN_POINT('',(-28.88015764267,6.591153637985E-02,
    -0.697271222216));
#1296 = CARTESIAN_POINT('',(-28.88015764267,8.824771583728E-02,
    -0.93356331925));
#1297 = CARTESIAN_POINT('',(-28.88015764267,0.11076672896,
    -1.171789594432));
#1298 = CARTESIAN_POINT('',(-28.88015764267,0.133468575748,
    -1.411950047761));
#1299 = CARTESIAN_POINT('',(-28.88015764267,0.156353256202,
    -1.654044679238));
#1300 = CARTESIAN_POINT('',(-28.88015764267,0.179420770321,
    -1.898073488862));
#1301 = CARTESIAN_POINT('',(-28.88015764267,0.202671118106,
    -2.144036476634));
#1302 = CARTESIAN_POINT('',(-28.88015764266,0.226104299555,
    -2.391933642554));
#1303 = CARTESIAN_POINT('',(-28.88015764266,0.249720314671,
    -2.641764986621));
#1304 = CARTESIAN_POINT('',(-28.88015764266,0.273519163451,
    -2.893530508835));
#1305 = CARTESIAN_POINT('',(-66.08017878781,-0.581132492316,
    -2.974318876269));
#1306 = CARTESIAN_POINT('',(-66.0801787878,-0.604977752719,
    -2.72206237037));
#1307 = CARTESIAN_POINT('',(-66.0801787878,-0.62863174098,-2.47182931238
    ));
#1308 = CARTESIAN_POINT('',(-66.0801787878,-0.652094457099,
    -2.223619702298));
#1309 = CARTESIAN_POINT('',(-66.0801787878,-0.675365901076,
    -1.977433540125));
#1310 = CARTESIAN_POINT('',(-66.0801787878,-0.69844607291,
    -1.733270825859));
#1311 = CARTESIAN_POINT('',(-66.0801787878,-0.721334972602,
    -1.491131559502));
#1312 = CARTESIAN_POINT('',(-66.0801787878,-0.744032600152,
    -1.251015741053));
#1313 = CARTESIAN_POINT('',(-66.0801787878,-0.766538955559,
    -1.012923370513));
#1314 = CARTESIAN_POINT('',(-66.0801787878,-0.788854038825,
    -0.776854447881));
#1315 = CARTESIAN_POINT('',(-66.0801787878,-0.810977849948,
    -0.542808973157));
#1316 = CARTESIAN_POINT('',(-66.0801787878,-0.832910388928,
    -0.310786946341));
#1317 = CARTESIAN_POINT('',(-66.08017878781,-0.969062093861,
    1.129547643315));
#1318 = CARTESIAN_POINT('',(-65.99339933797,-1.083500093094,
    2.340175220442));
#1319 = CARTESIAN_POINT('',(-65.8197730841,-1.197312064996,
    3.544180120244));
#1320 = CARTESIAN_POINT('',(-65.55987036054,-1.309847388301,
    4.734679488683));
#1321 = CARTESIAN_POINT('',(-65.21488268984,-1.420463758864,
    5.904878457511));
#1322 = CARTESIAN_POINT('',(-64.78660324148,-1.528532317349,
    7.048124389914));
#1323 = CARTESIAN_POINT('',(-64.27740426314,-1.633442554913,
    8.157958776776));
#1324 = CARTESIAN_POINT('',(-63.69021146733,-1.734606996576,
    9.228166782126));
#1325 = CARTESIAN_POINT('',(-63.02847539171,-1.831465662628,
    10.252824439357));
#1326 = CARTESIAN_POINT('',(-62.29613971641,-1.92349030774,
    11.226343496722));
#1327 = CARTESIAN_POINT('',(-61.49760655139,-2.010188438043,
    12.143513913302));
#1328 = CARTESIAN_POINT('',(-60.20774475207,-2.131566439983,
    13.427559050313));
#1329 = CARTESIAN_POINT('',(-59.76244698574,-2.17058091033,
    13.84028903533));
#1330 = CARTESIAN_POINT('',(-59.30240800342,-2.208093902407,
    14.237135039413));
#1331 = CARTESIAN_POINT('',(-58.82825656632,-2.244051269375,
    14.617524248803));
#1332 = CARTESIAN_POINT('',(-58.34064631255,-2.278401451767,
    14.980911221356));
#1333 = CARTESIAN_POINT('',(-57.84025442808,-2.31109559007,
    15.326779077361));
#1334 = CARTESIAN_POINT('',(-57.32778025748,-2.342087630315,
    15.654640616767));
#1335 = CARTESIAN_POINT('',(-56.80394385135,-2.371334422635,
    15.964039361617));
#1336 = CARTESIAN_POINT('',(-56.26948445474,-2.398795812876,
    16.254550525358));
#1337 = CARTESIAN_POINT('',(-55.72515893173,-2.424434727144,
    16.525781907157));
#1338 = CARTESIAN_POINT('',(-55.17174013061,-2.448217249414,
    16.777374712927));
#1339 = CARTESIAN_POINT('',(-54.04829024202,-2.492008134761,
    17.240633890676));
#1340 = CARTESIAN_POINT('',(-53.47825915909,-2.512016497124,
    17.452300255105));
#1341 = CARTESIAN_POINT('',(-52.90070908524,-2.53010708962,
    17.643678733499));
#1342 = CARTESIAN_POINT('',(-52.31644147518,-2.54625244824,
    17.814478786924));
#1343 = CARTESIAN_POINT('',(-51.72627041366,-2.560428402255,
    17.964444715922));
#1344 = CARTESIAN_POINT('',(-51.13102089429,-2.572614133382,
    18.093356285866));
#1345 = CARTESIAN_POINT('',(-50.53152705446,-2.582792225538,
    18.20102925407));
#1346 = CARTESIAN_POINT('',(-49.92863038257,-2.590948705305,
    18.287315796978));
#1347 = CARTESIAN_POINT('',(-49.32317789459,-2.5970730722,18.35210483129
    ));
#1348 = CARTESIAN_POINT('',(-48.716020299,-2.601158319164,
    18.395322229927));
#1349 = CARTESIAN_POINT('',(-48.10801014949,-2.603200942644,
    18.416930929234));
#1350 = CARTESIAN_POINT('',(-46.8919898505,-2.603200942644,
    18.416930929237));
#1351 = CARTESIAN_POINT('',(-46.28397970098,-2.601158319163,
    18.395322229917));
#1352 = CARTESIAN_POINT('',(-45.6768221054,-2.597073072204,
    18.352104831317));
#1353 = CARTESIAN_POINT('',(-45.07136961742,-2.590948705297,
    18.287315796931));
#1354 = CARTESIAN_POINT('',(-44.46847294552,-2.582792225549,
    18.201029254135));
#1355 = CARTESIAN_POINT('',(-43.86897910571,-2.57261413337,
    18.093356285795));
#1356 = CARTESIAN_POINT('',(-43.27372958632,-2.560428402265,
    17.964444715982));
#1357 = CARTESIAN_POINT('',(-42.68355852482,-2.546252448233,
    17.814478786885));
#1358 = CARTESIAN_POINT('',(-42.09929091475,-2.530107089624,
    17.643678733518));
#1359 = CARTESIAN_POINT('',(-41.5217408409,-2.512016497123,
    17.452300255098));
#1360 = CARTESIAN_POINT('',(-40.95170975797,-2.492008134761,
    17.240633890677));
#1361 = CARTESIAN_POINT('',(-39.82825986938,-2.448217249414,
    16.777374712925));
#1362 = CARTESIAN_POINT('',(-39.27484106827,-2.424434727146,
    16.525781907167));
#1363 = CARTESIAN_POINT('',(-38.73051554523,-2.398795812872,
    16.25455052533));
#1364 = CARTESIAN_POINT('',(-38.19605614869,-2.371334422642,
    15.96403936167));
#1365 = CARTESIAN_POINT('',(-37.67221974243,-2.342087630305,
    15.654640616692));
#1366 = CARTESIAN_POINT('',(-37.15974557201,-2.311095590081,
    15.326779077443));
#1367 = CARTESIAN_POINT('',(-36.65935368735,-2.278401451758,
    14.980911221286));
#1368 = CARTESIAN_POINT('',(-36.17174343374,-2.244051269381,
    14.617524248848));
#1369 = CARTESIAN_POINT('',(-35.69759199653,-2.208093902404,
    14.237135039391));
#1370 = CARTESIAN_POINT('',(-35.23755301427,-2.17058091033,
    13.840289035337));
#1371 = CARTESIAN_POINT('',(-34.79225524792,-2.131566439983,
    13.427559050312));
#1372 = CARTESIAN_POINT('',(-33.50239344861,-2.010188438043,
    12.143513913303));
#1373 = CARTESIAN_POINT('',(-32.70386028357,-1.92349030774,
    11.226343496721));
#1374 = CARTESIAN_POINT('',(-31.97152460833,-1.831465662628,
    10.252824439357));
#1375 = CARTESIAN_POINT('',(-31.30978853258,-1.734606996577,
    9.22816678213));
#1376 = CARTESIAN_POINT('',(-30.72259573697,-1.633442554911,
    8.157958776767));
#1377 = CARTESIAN_POINT('',(-30.21339675836,-1.528532317352,
    7.048124389926));
#1378 = CARTESIAN_POINT('',(-29.78511731031,-1.420463758861,
    5.904878457497));
#1379 = CARTESIAN_POINT('',(-29.44012963932,-1.309847388303,
    4.734679488694));
#1380 = CARTESIAN_POINT('',(-29.18022691598,-1.197312064995,
    3.544180120237));
#1381 = CARTESIAN_POINT('',(-29.00660066199,-1.083500093094,
    2.340175220445));
#1382 = CARTESIAN_POINT('',(-28.91982121219,-0.969062093861,
    1.129547643314));
#1383 = CARTESIAN_POINT('',(-28.91982121219,-0.832910388929,
    -0.310786946341));
#1384 = CARTESIAN_POINT('',(-28.91982121219,-0.810977849948,
    -0.542808973157));
#1385 = CARTESIAN_POINT('',(-28.91982121219,-0.788854038825,
    -0.776854447881));
#1386 = CARTESIAN_POINT('',(-28.91982121219,-0.76653895556,
    -1.012923370513));
#1387 = CARTESIAN_POINT('',(-28.91982121219,-0.744032600152,
    -1.251015741053));
#1388 = CARTESIAN_POINT('',(-28.91982121219,-0.721334972602,
    -1.491131559502));
#1389 = CARTESIAN_POINT('',(-28.91982121219,-0.69844607291,
    -1.733270825859));
#1390 = CARTESIAN_POINT('',(-28.91982121219,-0.675365901076,
    -1.977433540125));
#1391 = CARTESIAN_POINT('',(-28.91982121219,-0.652094457099,
    -2.223619702298));
#1392 = CARTESIAN_POINT('',(-28.91982121219,-0.62863174098,
    -2.47182931238));
#1393 = CARTESIAN_POINT('',(-28.91982121219,-0.604977752719,
    -2.72206237037));
#1394 = CARTESIAN_POINT('',(-28.91982121219,-0.581132492316,
    -2.974318876269));
#1395 = DEFINITIONAL_REPRESENTATION('',(#1396),#1419);
#1396 = B_SPLINE_CURVE_WITH_KNOTS('',6,(#1397,#1398,#1399,#1400,#1401,
    #1402,#1403,#1404,#1405,#1406,#1407,#1408,#1409,#1410,#1411,#1412,
    #1413,#1414,#1415,#1416,#1417,#1418),.UNSPECIFIED.,.F.,.F.,(7,5,5,5,
    7),(0.,0.249392919961,0.49938170438,0.749410125877,1.),
  .UNSPECIFIED.);
#1397 = CARTESIAN_POINT('',(58.43362335677,6.479002679534));
#1398 = CARTESIAN_POINT('',(56.004247570095,6.485577130261));
#1399 = CARTESIAN_POINT('',(53.574892134522,6.49046848011));
#1400 = CARTESIAN_POINT('',(51.145568586191,6.493438753115));
#1401 = CARTESIAN_POINT('',(48.716289902663,6.494283208331));
#1402 = CARTESIAN_POINT('',(46.287069838719,6.492888070161));
#1403 = CARTESIAN_POINT('',(41.422975480591,6.485614166438));
#1404 = CARTESIAN_POINT('',(38.988098449739,6.479724634159));
#1405 = CARTESIAN_POINT('',(36.553311314571,6.471588119854));
#1406 = CARTESIAN_POINT('',(34.118621350708,6.461320841016));
#1407 = CARTESIAN_POINT('',(31.684026307819,6.449165933639));
#1408 = CARTESIAN_POINT('',(26.814626055377,6.421681812842));
#1409 = CARTESIAN_POINT('',(24.379819426938,6.406352246578));
#1410 = CARTESIAN_POINT('',(21.945088208321,6.389737649612));
#1411 = CARTESIAN_POINT('',(19.510410786539,6.372203131055));
#1412 = CARTESIAN_POINT('',(17.075761256828,6.35410451226));
#1413 = CARTESIAN_POINT('',(12.200999028465,6.317346093126));
#1414 = CARTESIAN_POINT('',(9.760886887461,6.298685174741));
#1415 = CARTESIAN_POINT('',(7.320750949871,6.280070205271));
#1416 = CARTESIAN_POINT('',(4.880567705597,6.261757453846));
#1417 = CARTESIAN_POINT('',(2.44032074162,6.243922745012));
#1418 = CARTESIAN_POINT('',(0.,6.226682729623));
#1419 = ( GEOMETRIC_REPRESENTATION_CONTEXT(2) 
PARAMETRIC_REPRESENTATION_CONTEXT() REPRESENTATION_CONTEXT('2D SPACE',''
  ) );
#1420 = ORIENTED_EDGE('',*,*,#1421,.F.);
#1421 = EDGE_CURVE('',#1422,#1071,#1424,.T.);
#1422 = VERTEX_POINT('',#1423);
#1423 = CARTESIAN_POINT('',(-66.10967502781,-0.602293205238,
    6.37159657346));
#1424 = SURFACE_CURVE('',#1425,(#1429,#1435),.PCURVE_S1.);
#1425 = LINE('',#1426,#1427);
#1426 = CARTESIAN_POINT('',(-71.8,-0.602293205238,6.37159657346));
#1427 = VECTOR('',#1428,1.);
#1428 = DIRECTION('',(1.,0.,0.));
#1429 = PCURVE('',#781,#1430);
#1430 = DEFINITIONAL_REPRESENTATION('',(#1431),#1434);
#1431 = B_SPLINE_CURVE_WITH_KNOTS('',1,(#1432,#1433),.UNSPECIFIED.,.F.,
  .F.,(2,2),(0.684682936704,7.3000006),.PIECEWISE_BEZIER_KNOTS.);
#1432 = CARTESIAN_POINT('',(9.424777960769E-02,0.684682936704));
#1433 = CARTESIAN_POINT('',(9.424777960769E-02,7.3000006));
#1434 = ( GEOMETRIC_REPRESENTATION_CONTEXT(2) 
PARAMETRIC_REPRESENTATION_CONTEXT() REPRESENTATION_CONTEXT('2D SPACE',''
  ) );
#1435 = PCURVE('',#1436,#1441);
#1436 = PLANE('',#1437);
#1437 = AXIS2_PLACEMENT_3D('',#1438,#1439,#1440);
#1438 = CARTESIAN_POINT('',(-77.5,-7.528665065481,79.644957168246));
#1439 = DIRECTION('',(-0.,0.995561964603,9.410831331851E-02));
#1440 = DIRECTION('',(0.,9.410831331851E-02,-0.995561964603));
#1441 = DEFINITIONAL_REPRESENTATION('',(#1442),#1445);
#1442 = B_SPLINE_CURVE_WITH_KNOTS('',1,(#1443,#1444),.UNSPECIFIED.,.F.,
  .F.,(2,2),(0.684682936704,7.3000006),.PIECEWISE_BEZIER_KNOTS.);
#1443 = CARTESIAN_POINT('',(73.6,-6.384682936704));
#1444 = CARTESIAN_POINT('',(73.6,-13.0000006));
#1445 = ( GEOMETRIC_REPRESENTATION_CONTEXT(2) 
PARAMETRIC_REPRESENTATION_CONTEXT() REPRESENTATION_CONTEXT('2D SPACE',''
  ) );
#1446 = ORIENTED_EDGE('',*,*,#1447,.T.);
#1447 = EDGE_CURVE('',#1422,#286,#1448,.T.);
#1448 = SURFACE_CURVE('',#1449,(#1470,#1494),.PCURVE_S1.);
#1449 = B_SPLINE_CURVE_WITH_KNOTS('',7,(#1450,#1451,#1452,#1453,#1454,
    #1455,#1456,#1457,#1458,#1459,#1460,#1461,#1462,#1463,#1464,#1465,
    #1466,#1467,#1468,#1469),.UNSPECIFIED.,.F.,.F.,(8,6,6,8),(0.,
    0.340036196159,0.680048431196,1.),.UNSPECIFIED.);
#1450 = CARTESIAN_POINT('',(-66.10967502781,-0.602293205238,
    6.37159657346));
#1451 = CARTESIAN_POINT('',(-66.17653075942,-0.602293205238,
    6.37159657346));
#1452 = CARTESIAN_POINT('',(-66.24569797837,-0.607451438653,
    6.37110899837));
#1453 = CARTESIAN_POINT('',(-66.31651225283,-0.618418285555,
    6.370072220627));
#1454 = CARTESIAN_POINT('',(-66.38808452096,-0.63575635622,
    6.368406987149));
#1455 = CARTESIAN_POINT('',(-66.45928998415,-0.659835773981,
    6.36600575388));
#1456 = CARTESIAN_POINT('',(-66.52888405099,-0.690673905707,
    6.362733417278));
#1457 = CARTESIAN_POINT('',(-66.66247493312,-0.765203992407,
    6.354200943871));
#1458 = CARTESIAN_POINT('',(-66.72647196672,-0.808895169172,
    6.348940886019));
#1459 = CARTESIAN_POINT('',(-66.78648811252,-0.858682361245,
    6.342563880171));
#1460 = CARTESIAN_POINT('',(-66.84139100395,-0.913889891386,
    6.334957172365));
#1461 = CARTESIAN_POINT('',(-66.89027815377,-0.973482672619,
    6.326055148473));
#1462 = CARTESIAN_POINT('',(-66.9326259556,-1.036263338904,
    6.315891295138));
#1463 = CARTESIAN_POINT('',(-67.00176212612,-1.162003076433,
    6.293931852746));
#1464 = CARTESIAN_POINT('',(-67.02932187321,-1.224733016664,
    6.282268202612));
#1465 = CARTESIAN_POINT('',(-67.05076343293,-1.288244765008,
    6.269679141846));
#1466 = CARTESIAN_POINT('',(-67.06620312612,-1.351551776379,
    6.256324814317));
#1467 = CARTESIAN_POINT('',(-67.07598452777,-1.413802793777,
    6.242410249434));
#1468 = CARTESIAN_POINT('',(-67.08060276226,-1.47434043097,
    6.228156355583));
#1469 = CARTESIAN_POINT('',(-67.0806027625,-1.53268579928,6.213764900661
    ));
#1470 = PCURVE('',#781,#1471);
#1471 = DEFINITIONAL_REPRESENTATION('',(#1472),#1493);
#1472 = B_SPLINE_CURVE_WITH_KNOTS('',7,(#1473,#1474,#1475,#1476,#1477,
    #1478,#1479,#1480,#1481,#1482,#1483,#1484,#1485,#1486,#1487,#1488,
    #1489,#1490,#1491,#1492),.UNSPECIFIED.,.F.,.F.,(8,6,6,8),(0.,
    0.340036196159,0.680048431196,1.),.UNSPECIFIED.);
#1473 = CARTESIAN_POINT('',(9.424777960769E-02,5.690324972182));
#1474 = CARTESIAN_POINT('',(9.424777960769E-02,5.62346924058));
#1475 = CARTESIAN_POINT('',(9.505734685325E-02,5.554302021629));
#1476 = CARTESIAN_POINT('',(9.677855332505E-02,5.483487747167));
#1477 = CARTESIAN_POINT('',(9.950009997789E-02,5.411915479031));
#1478 = CARTESIAN_POINT('',(0.103281101191,5.340710015849));
#1479 = CARTESIAN_POINT('',(0.108126444764,5.271115949009));
#1480 = CARTESIAN_POINT('',(0.119847837097,5.137525066876));
#1481 = CARTESIAN_POINT('',(0.126723761144,5.073528033279));
#1482 = CARTESIAN_POINT('',(0.134566195602,5.013511887475));
#1483 = CARTESIAN_POINT('',(0.143273054227,4.958608996044));
#1484 = CARTESIAN_POINT('',(0.152686652801,4.909721846221));
#1485 = CARTESIAN_POINT('',(0.162623091458,4.867374044396));
#1486 = CARTESIAN_POINT('',(0.182567287718,4.798237873876));
#1487 = CARTESIAN_POINT('',(0.192536237145,4.770678126785));
#1488 = CARTESIAN_POINT('',(0.202651853473,4.749236567065));
#1489 = CARTESIAN_POINT('',(0.212759940011,4.733796873875));
#1490 = CARTESIAN_POINT('',(0.222725625448,4.724015472223));
#1491 = CARTESIAN_POINT('',(0.232442754783,4.719397237738));
#1492 = CARTESIAN_POINT('',(0.241832451568,4.7193972375));
#1493 = ( GEOMETRIC_REPRESENTATION_CONTEXT(2) 
PARAMETRIC_REPRESENTATION_CONTEXT() REPRESENTATION_CONTEXT('2D SPACE',''
  ) );
#1494 = PCURVE('',#451,#1495);
#1495 = DEFINITIONAL_REPRESENTATION('',(#1496),#1517);
#1496 = B_SPLINE_CURVE_WITH_KNOTS('',7,(#1497,#1498,#1499,#1500,#1501,
    #1502,#1503,#1504,#1505,#1506,#1507,#1508,#1509,#1510,#1511,#1512,
    #1513,#1514,#1515,#1516),.UNSPECIFIED.,.F.,.F.,(8,6,6,8),(0.,
    0.340036196159,0.680048431196,1.),.UNSPECIFIED.);
#1497 = CARTESIAN_POINT('',(64.716808663949,6.823303936887));
#1498 = CARTESIAN_POINT('',(61.573232498701,6.80055000136));
#1499 = CARTESIAN_POINT('',(58.429759034346,6.77717995201));
#1500 = CARTESIAN_POINT('',(55.286372583915,6.753438736208));
#1501 = CARTESIAN_POINT('',(52.143048637923,6.729612772048));
#1502 = CARTESIAN_POINT('',(48.999752971786,6.706006273324));
#1503 = CARTESIAN_POINT('',(45.856446492666,6.682885099026));
#1504 = CARTESIAN_POINT('',(39.569962396202,6.638043184181));
#1505 = CARTESIAN_POINT('',(36.426782797807,6.616322342866));
#1506 = CARTESIAN_POINT('',(33.283527386338,6.595514769794));
#1507 = CARTESIAN_POINT('',(30.140169886477,6.575783059313));
#1508 = CARTESIAN_POINT('',(26.996691321551,6.557220364073));
#1509 = CARTESIAN_POINT('',(23.853089023867,6.539880774599));
#1510 = CARTESIAN_POINT('',(17.751146089825,6.508654916076));
#1511 = CARTESIAN_POINT('',(14.792812286563,6.494625292468));
#1512 = CARTESIAN_POINT('',(11.834387962154,6.481728183516));
#1513 = CARTESIAN_POINT('',(8.875882712299,6.469968626901));
#1514 = CARTESIAN_POINT('',(5.917307504602,6.459341434209));
#1515 = CARTESIAN_POINT('',(2.958675371909,6.449833095764));
#1516 = CARTESIAN_POINT('',(0.,6.441417064859));
#1517 = ( GEOMETRIC_REPRESENTATION_CONTEXT(2) 
PARAMETRIC_REPRESENTATION_CONTEXT() REPRESENTATION_CONTEXT('2D SPACE',''
  ) );
#1518 = ORIENTED_EDGE('',*,*,#753,.T.);
#1519 = ORIENTED_EDGE('',*,*,#1520,.F.);
#1520 = EDGE_CURVE('',#1521,#754,#1523,.T.);
#1521 = VERTEX_POINT('',#1522);
#1522 = CARTESIAN_POINT('',(-71.8,-1.977708764,6.086761704289));
#1523 = SURFACE_CURVE('',#1524,(#1528,#1534),.PCURVE_S1.);
#1524 = LINE('',#1525,#1526);
#1525 = CARTESIAN_POINT('',(-75.4,-1.977708764,6.086761704289));
#1526 = VECTOR('',#1527,1.);
#1527 = DIRECTION('',(1.,0.,0.));
#1528 = PCURVE('',#781,#1529);
#1529 = DEFINITIONAL_REPRESENTATION('',(#1530),#1533);
#1530 = B_SPLINE_CURVE_WITH_KNOTS('',1,(#1531,#1532),.UNSPECIFIED.,.F.,
  .F.,(2,2),(0.9999994,11.9000006),.PIECEWISE_BEZIER_KNOTS.);
#1531 = CARTESIAN_POINT('',(0.314159265359,-2.6000006));
#1532 = CARTESIAN_POINT('',(0.314159265359,8.3000006));
#1533 = ( GEOMETRIC_REPRESENTATION_CONTEXT(2) 
PARAMETRIC_REPRESENTATION_CONTEXT() REPRESENTATION_CONTEXT('2D SPACE',''
  ) );
#1534 = PCURVE('',#814,#1535);
#1535 = DEFINITIONAL_REPRESENTATION('',(#1536),#1540);
#1536 = LINE('',#1537,#1538);
#1537 = CARTESIAN_POINT('',(6.379257435813,0.));
#1538 = VECTOR('',#1539,1.);
#1539 = DIRECTION('',(0.,-1.));
#1540 = ( GEOMETRIC_REPRESENTATION_CONTEXT(2) 
PARAMETRIC_REPRESENTATION_CONTEXT() REPRESENTATION_CONTEXT('2D SPACE',''
  ) );
#1541 = ORIENTED_EDGE('',*,*,#1542,.T.);
#1542 = EDGE_CURVE('',#1521,#1543,#1545,.T.);
#1543 = VERTEX_POINT('',#1544);
#1544 = CARTESIAN_POINT('',(-71.8,-4.113840701994,4.902684435961));
#1545 = SURFACE_CURVE('',#1546,(#1551,#1558),.PCURVE_S1.);
#1546 = CIRCLE('',#1547,6.4);
#1547 = AXIS2_PLACEMENT_3D('',#1548,#1549,#1550);
#1548 = CARTESIAN_POINT('',(-71.8,0.,0.));
#1549 = DIRECTION('',(1.,0.,0.));
#1550 = DIRECTION('',(-0.,0.,1.));
#1551 = PCURVE('',#781,#1552);
#1552 = DEFINITIONAL_REPRESENTATION('',(#1553),#1557);
#1553 = LINE('',#1554,#1555);
#1554 = CARTESIAN_POINT('',(0.,0.));
#1555 = VECTOR('',#1556,1.);
#1556 = DIRECTION('',(1.,0.));
#1557 = ( GEOMETRIC_REPRESENTATION_CONTEXT(2) 
PARAMETRIC_REPRESENTATION_CONTEXT() REPRESENTATION_CONTEXT('2D SPACE',''
  ) );
#1558 = PCURVE('',#1559,#1564);
#1559 = PLANE('',#1560);
#1560 = AXIS2_PLACEMENT_3D('',#1561,#1562,#1563);
#1561 = CARTESIAN_POINT('',(-71.8,0.,0.));
#1562 = DIRECTION('',(1.,0.,0.));
#1563 = DIRECTION('',(-0.,0.,1.));
#1564 = DEFINITIONAL_REPRESENTATION('',(#1565),#1569);
#1565 = CIRCLE('',#1566,6.4);
#1566 = AXIS2_PLACEMENT_2D('',#1567,#1568);
#1567 = CARTESIAN_POINT('',(0.,0.));
#1568 = DIRECTION('',(1.,0.));
#1569 = ( GEOMETRIC_REPRESENTATION_CONTEXT(2) 
PARAMETRIC_REPRESENTATION_CONTEXT() REPRESENTATION_CONTEXT('2D SPACE',''
  ) );
#1570 = ORIENTED_EDGE('',*,*,#1571,.T.);
#1571 = EDGE_CURVE('',#1543,#860,#1572,.T.);
#1572 = SURFACE_CURVE('',#1573,(#1577,#1583),.PCURVE_S1.);
#1573 = LINE('',#1574,#1575);
#1574 = CARTESIAN_POINT('',(-75.4,-4.113840701994,4.902684435961));
#1575 = VECTOR('',#1576,1.);
#1576 = DIRECTION('',(1.,0.,0.));
#1577 = PCURVE('',#781,#1578);
#1578 = DEFINITIONAL_REPRESENTATION('',(#1579),#1582);
#1579 = B_SPLINE_CURVE_WITH_KNOTS('',1,(#1580,#1581),.UNSPECIFIED.,.F.,
  .F.,(2,2),(0.9999994,11.9000006),.PIECEWISE_BEZIER_KNOTS.);
#1580 = CARTESIAN_POINT('',(0.698131700798,-2.6000006));
#1581 = CARTESIAN_POINT('',(0.698131700798,8.3000006));
#1582 = ( GEOMETRIC_REPRESENTATION_CONTEXT(2) 
PARAMETRIC_REPRESENTATION_CONTEXT() REPRESENTATION_CONTEXT('2D SPACE',''
  ) );
#1583 = PCURVE('',#879,#1584);
#1584 = DEFINITIONAL_REPRESENTATION('',(#1585),#1589);
#1585 = LINE('',#1586,#1587);
#1586 = CARTESIAN_POINT('',(6.4,0.));
#1587 = VECTOR('',#1588,1.);
#1588 = DIRECTION('',(0.,-1.));
#1589 = ( GEOMETRIC_REPRESENTATION_CONTEXT(2) 
PARAMETRIC_REPRESENTATION_CONTEXT() REPRESENTATION_CONTEXT('2D SPACE',''
  ) );
#1590 = ORIENTED_EDGE('',*,*,#891,.T.);
#1591 = ORIENTED_EDGE('',*,*,#1019,.T.);
#1592 = ADVANCED_FACE('',(#1593),#879,.T.);
#1593 = FACE_BOUND('',#1594,.T.);
#1594 = EDGE_LOOP('',(#1595,#1618,#1646,#1673,#1694,#1695));
#1595 = ORIENTED_EDGE('',*,*,#1596,.T.);
#1596 = EDGE_CURVE('',#827,#1597,#1599,.T.);
#1597 = VERTEX_POINT('',#1598);
#1598 = CARTESIAN_POINT('',(-74.4,-6.749269901709,8.043466652749));
#1599 = SURFACE_CURVE('',#1600,(#1604,#1611),.PCURVE_S1.);
#1600 = LINE('',#1601,#1602);
#1601 = CARTESIAN_POINT('',(-65.22314870444,-6.749269901709,
    8.043466652749));
#1602 = VECTOR('',#1603,1.);
#1603 = DIRECTION('',(-1.,9.678465860406E-17,-1.935693172081E-16));
#1604 = PCURVE('',#879,#1605);
#1605 = DEFINITIONAL_REPRESENTATION('',(#1606),#1610);
#1606 = LINE('',#1607,#1608);
#1607 = CARTESIAN_POINT('',(10.5,-10.17685129555));
#1608 = VECTOR('',#1609,1.);
#1609 = DIRECTION('',(-2.10494679164E-16,1.));
#1610 = ( GEOMETRIC_REPRESENTATION_CONTEXT(2) 
PARAMETRIC_REPRESENTATION_CONTEXT() REPRESENTATION_CONTEXT('2D SPACE',''
  ) );
#1611 = PCURVE('',#847,#1612);
#1612 = DEFINITIONAL_REPRESENTATION('',(#1613),#1617);
#1613 = LINE('',#1614,#1615);
#1614 = CARTESIAN_POINT('',(0.698131700798,9.176851295551));
#1615 = VECTOR('',#1616,1.);
#1616 = DIRECTION('',(-0.,-1.));
#1617 = ( GEOMETRIC_REPRESENTATION_CONTEXT(2) 
PARAMETRIC_REPRESENTATION_CONTEXT() REPRESENTATION_CONTEXT('2D SPACE',''
  ) );
#1618 = ORIENTED_EDGE('',*,*,#1619,.T.);
#1619 = EDGE_CURVE('',#1597,#1620,#1622,.T.);
#1620 = VERTEX_POINT('',#1621);
#1621 = CARTESIAN_POINT('',(-74.4,-3.856725658119,4.596266658714));
#1622 = SURFACE_CURVE('',#1623,(#1627,#1634),.PCURVE_S1.);
#1623 = LINE('',#1624,#1625);
#1624 = CARTESIAN_POINT('',(-74.4,-6.749269901709,8.043466652749));
#1625 = VECTOR('',#1626,1.);
#1626 = DIRECTION('',(0.,0.642787609687,-0.766044443119));
#1627 = PCURVE('',#879,#1628);
#1628 = DEFINITIONAL_REPRESENTATION('',(#1629),#1633);
#1629 = LINE('',#1630,#1631);
#1630 = CARTESIAN_POINT('',(10.5,-1.));
#1631 = VECTOR('',#1632,1.);
#1632 = DIRECTION('',(-1.,-0.));
#1633 = ( GEOMETRIC_REPRESENTATION_CONTEXT(2) 
PARAMETRIC_REPRESENTATION_CONTEXT() REPRESENTATION_CONTEXT('2D SPACE',''
  ) );
#1634 = PCURVE('',#1635,#1640);
#1635 = PLANE('',#1636);
#1636 = AXIS2_PLACEMENT_3D('',#1637,#1638,#1639);
#1637 = CARTESIAN_POINT('',(-74.4,0.,0.));
#1638 = DIRECTION('',(1.,0.,0.));
#1639 = DIRECTION('',(-0.,0.,1.));
#1640 = DEFINITIONAL_REPRESENTATION('',(#1641),#1645);
#1641 = LINE('',#1642,#1643);
#1642 = CARTESIAN_POINT('',(8.043466652749,6.749269901709));
#1643 = VECTOR('',#1644,1.);
#1644 = DIRECTION('',(-0.766044443119,-0.642787609687));
#1645 = ( GEOMETRIC_REPRESENTATION_CONTEXT(2) 
PARAMETRIC_REPRESENTATION_CONTEXT() REPRESENTATION_CONTEXT('2D SPACE',''
  ) );
#1646 = ORIENTED_EDGE('',*,*,#1647,.T.);
#1647 = EDGE_CURVE('',#1620,#1648,#1650,.T.);
#1648 = VERTEX_POINT('',#1649);
#1649 = CARTESIAN_POINT('',(-71.8,-3.856725658119,4.596266658714));
#1650 = SURFACE_CURVE('',#1651,(#1655,#1662),.PCURVE_S1.);
#1651 = LINE('',#1652,#1653);
#1652 = CARTESIAN_POINT('',(-74.4,-3.856725658119,4.596266658714));
#1653 = VECTOR('',#1654,1.);
#1654 = DIRECTION('',(1.,0.,0.));
#1655 = PCURVE('',#879,#1656);
#1656 = DEFINITIONAL_REPRESENTATION('',(#1657),#1661);
#1657 = LINE('',#1658,#1659);
#1658 = CARTESIAN_POINT('',(6.,-1.));
#1659 = VECTOR('',#1660,1.);
#1660 = DIRECTION('',(0.,-1.));
#1661 = ( GEOMETRIC_REPRESENTATION_CONTEXT(2) 
PARAMETRIC_REPRESENTATION_CONTEXT() REPRESENTATION_CONTEXT('2D SPACE',''
  ) );
#1662 = PCURVE('',#1663,#1668);
#1663 = CYLINDRICAL_SURFACE('',#1664,6.);
#1664 = AXIS2_PLACEMENT_3D('',#1665,#1666,#1667);
#1665 = CARTESIAN_POINT('',(-74.4,0.,0.));
#1666 = DIRECTION('',(1.,0.,0.));
#1667 = DIRECTION('',(-0.,0.,1.));
#1668 = DEFINITIONAL_REPRESENTATION('',(#1669),#1672);
#1669 = B_SPLINE_CURVE_WITH_KNOTS('',1,(#1670,#1671),.UNSPECIFIED.,.F.,
  .F.,(2,2),(0.,2.6),.PIECEWISE_BEZIER_KNOTS.);
#1670 = CARTESIAN_POINT('',(0.698131700798,0.));
#1671 = CARTESIAN_POINT('',(0.698131700798,2.6));
#1672 = ( GEOMETRIC_REPRESENTATION_CONTEXT(2) 
PARAMETRIC_REPRESENTATION_CONTEXT() REPRESENTATION_CONTEXT('2D SPACE',''
  ) );
#1673 = ORIENTED_EDGE('',*,*,#1674,.F.);
#1674 = EDGE_CURVE('',#1543,#1648,#1675,.T.);
#1675 = SURFACE_CURVE('',#1676,(#1680,#1687),.PCURVE_S1.);
#1676 = LINE('',#1677,#1678);
#1677 = CARTESIAN_POINT('',(-71.8,0.,0.));
#1678 = VECTOR('',#1679,1.);
#1679 = DIRECTION('',(0.,0.642787609687,-0.766044443119));
#1680 = PCURVE('',#879,#1681);
#1681 = DEFINITIONAL_REPRESENTATION('',(#1682),#1686);
#1682 = LINE('',#1683,#1684);
#1683 = CARTESIAN_POINT('',(0.,-3.6));
#1684 = VECTOR('',#1685,1.);
#1685 = DIRECTION('',(-1.,-0.));
#1686 = ( GEOMETRIC_REPRESENTATION_CONTEXT(2) 
PARAMETRIC_REPRESENTATION_CONTEXT() REPRESENTATION_CONTEXT('2D SPACE',''
  ) );
#1687 = PCURVE('',#1559,#1688);
#1688 = DEFINITIONAL_REPRESENTATION('',(#1689),#1693);
#1689 = LINE('',#1690,#1691);
#1690 = CARTESIAN_POINT('',(0.,0.));
#1691 = VECTOR('',#1692,1.);
#1692 = DIRECTION('',(-0.766044443119,-0.642787609687));
#1693 = ( GEOMETRIC_REPRESENTATION_CONTEXT(2) 
PARAMETRIC_REPRESENTATION_CONTEXT() REPRESENTATION_CONTEXT('2D SPACE',''
  ) );
#1694 = ORIENTED_EDGE('',*,*,#1571,.T.);
#1695 = ORIENTED_EDGE('',*,*,#859,.F.);
#1696 = ADVANCED_FACE('',(#1697),#847,.T.);
#1697 = FACE_BOUND('',#1698,.T.);
#1698 = EDGE_LOOP('',(#1699,#1700,#1723,#1745));
#1699 = ORIENTED_EDGE('',*,*,#826,.F.);
#1700 = ORIENTED_EDGE('',*,*,#1701,.T.);
#1701 = EDGE_CURVE('',#794,#1702,#1704,.T.);
#1702 = VERTEX_POINT('',#1703);
#1703 = CARTESIAN_POINT('',(-74.4,-3.244678440937,9.986093421099));
#1704 = SURFACE_CURVE('',#1705,(#1709,#1716),.PCURVE_S1.);
#1705 = LINE('',#1706,#1707);
#1706 = CARTESIAN_POINT('',(-65.22314870444,-3.244678440937,
    9.986093421099));
#1707 = VECTOR('',#1708,1.);
#1708 = DIRECTION('',(-1.,-4.839232930203E-17,-1.935693172081E-16));
#1709 = PCURVE('',#847,#1710);
#1710 = DEFINITIONAL_REPRESENTATION('',(#1711),#1715);
#1711 = LINE('',#1712,#1713);
#1712 = CARTESIAN_POINT('',(0.314159265359,9.176851295551));
#1713 = VECTOR('',#1714,1.);
#1714 = DIRECTION('',(-0.,-1.));
#1715 = ( GEOMETRIC_REPRESENTATION_CONTEXT(2) 
PARAMETRIC_REPRESENTATION_CONTEXT() REPRESENTATION_CONTEXT('2D SPACE',''
  ) );
#1716 = PCURVE('',#814,#1717);
#1717 = DEFINITIONAL_REPRESENTATION('',(#1718),#1722);
#1718 = LINE('',#1719,#1720);
#1719 = CARTESIAN_POINT('',(2.279257435813,-10.17685129555));
#1720 = VECTOR('',#1721,1.);
#1721 = DIRECTION('',(1.691413083339E-16,1.));
#1722 = ( GEOMETRIC_REPRESENTATION_CONTEXT(2) 
PARAMETRIC_REPRESENTATION_CONTEXT() REPRESENTATION_CONTEXT('2D SPACE',''
  ) );
#1723 = ORIENTED_EDGE('',*,*,#1724,.T.);
#1724 = EDGE_CURVE('',#1702,#1597,#1725,.T.);
#1725 = SURFACE_CURVE('',#1726,(#1731,#1738),.PCURVE_S1.);
#1726 = CIRCLE('',#1727,10.5);
#1727 = AXIS2_PLACEMENT_3D('',#1728,#1729,#1730);
#1728 = CARTESIAN_POINT('',(-74.4,0.,0.));
#1729 = DIRECTION('',(1.,0.,0.));
#1730 = DIRECTION('',(-0.,0.,1.));
#1731 = PCURVE('',#847,#1732);
#1732 = DEFINITIONAL_REPRESENTATION('',(#1733),#1737);
#1733 = LINE('',#1734,#1735);
#1734 = CARTESIAN_POINT('',(0.,0.));
#1735 = VECTOR('',#1736,1.);
#1736 = DIRECTION('',(1.,0.));
#1737 = ( GEOMETRIC_REPRESENTATION_CONTEXT(2) 
PARAMETRIC_REPRESENTATION_CONTEXT() REPRESENTATION_CONTEXT('2D SPACE',''
  ) );
#1738 = PCURVE('',#1635,#1739);
#1739 = DEFINITIONAL_REPRESENTATION('',(#1740),#1744);
#1740 = CIRCLE('',#1741,10.5);
#1741 = AXIS2_PLACEMENT_2D('',#1742,#1743);
#1742 = CARTESIAN_POINT('',(0.,0.));
#1743 = DIRECTION('',(1.,0.));
#1744 = ( GEOMETRIC_REPRESENTATION_CONTEXT(2) 
PARAMETRIC_REPRESENTATION_CONTEXT() REPRESENTATION_CONTEXT('2D SPACE',''
  ) );
#1745 = ORIENTED_EDGE('',*,*,#1596,.F.);
#1746 = ADVANCED_FACE('',(#1747),#814,.T.);
#1747 = FACE_BOUND('',#1748,.T.);
#1748 = EDGE_LOOP('',(#1749,#1750,#1773,#1795,#1816,#1817));
#1749 = ORIENTED_EDGE('',*,*,#1520,.F.);
#1750 = ORIENTED_EDGE('',*,*,#1751,.F.);
#1751 = EDGE_CURVE('',#1752,#1521,#1754,.T.);
#1752 = VERTEX_POINT('',#1753);
#1753 = CARTESIAN_POINT('',(-71.8,-1.85410196625,5.706339097771));
#1754 = SURFACE_CURVE('',#1755,(#1759,#1766),.PCURVE_S1.);
#1755 = LINE('',#1756,#1757);
#1756 = CARTESIAN_POINT('',(-71.8,-1.974503861579,6.076898028872));
#1757 = VECTOR('',#1758,1.);
#1758 = DIRECTION('',(0.,-0.309016994375,0.951056516295));
#1759 = PCURVE('',#814,#1760);
#1760 = DEFINITIONAL_REPRESENTATION('',(#1761),#1765);
#1761 = LINE('',#1762,#1763);
#1762 = CARTESIAN_POINT('',(6.389628717906,-3.6));
#1763 = VECTOR('',#1764,1.);
#1764 = DIRECTION('',(-1.,-0.));
#1765 = ( GEOMETRIC_REPRESENTATION_CONTEXT(2) 
PARAMETRIC_REPRESENTATION_CONTEXT() REPRESENTATION_CONTEXT('2D SPACE',''
  ) );
#1766 = PCURVE('',#1559,#1767);
#1767 = DEFINITIONAL_REPRESENTATION('',(#1768),#1772);
#1768 = LINE('',#1769,#1770);
#1769 = CARTESIAN_POINT('',(6.076898028872,1.974503861579));
#1770 = VECTOR('',#1771,1.);
#1771 = DIRECTION('',(0.951056516295,0.309016994375));
#1772 = ( GEOMETRIC_REPRESENTATION_CONTEXT(2) 
PARAMETRIC_REPRESENTATION_CONTEXT() REPRESENTATION_CONTEXT('2D SPACE',''
  ) );
#1773 = ORIENTED_EDGE('',*,*,#1774,.F.);
#1774 = EDGE_CURVE('',#1775,#1752,#1777,.T.);
#1775 = VERTEX_POINT('',#1776);
#1776 = CARTESIAN_POINT('',(-74.4,-1.85410196625,5.706339097771));
#1777 = SURFACE_CURVE('',#1778,(#1782,#1789),.PCURVE_S1.);
#1778 = LINE('',#1779,#1780);
#1779 = CARTESIAN_POINT('',(-74.4,-1.85410196625,5.706339097771));
#1780 = VECTOR('',#1781,1.);
#1781 = DIRECTION('',(1.,0.,0.));
#1782 = PCURVE('',#814,#1783);
#1783 = DEFINITIONAL_REPRESENTATION('',(#1784),#1788);
#1784 = LINE('',#1785,#1786);
#1785 = CARTESIAN_POINT('',(6.779257435813,-1.));
#1786 = VECTOR('',#1787,1.);
#1787 = DIRECTION('',(0.,-1.));
#1788 = ( GEOMETRIC_REPRESENTATION_CONTEXT(2) 
PARAMETRIC_REPRESENTATION_CONTEXT() REPRESENTATION_CONTEXT('2D SPACE',''
  ) );
#1789 = PCURVE('',#1663,#1790);
#1790 = DEFINITIONAL_REPRESENTATION('',(#1791),#1794);
#1791 = B_SPLINE_CURVE_WITH_KNOTS('',1,(#1792,#1793),.UNSPECIFIED.,.F.,
  .F.,(2,2),(0.,2.6),.PIECEWISE_BEZIER_KNOTS.);
#1792 = CARTESIAN_POINT('',(6.597344572539,0.));
#1793 = CARTESIAN_POINT('',(6.597344572539,2.6));
#1794 = ( GEOMETRIC_REPRESENTATION_CONTEXT(2) 
PARAMETRIC_REPRESENTATION_CONTEXT() REPRESENTATION_CONTEXT('2D SPACE',''
  ) );
#1795 = ORIENTED_EDGE('',*,*,#1796,.T.);
#1796 = EDGE_CURVE('',#1775,#1702,#1797,.T.);
#1797 = SURFACE_CURVE('',#1798,(#1802,#1809),.PCURVE_S1.);
#1798 = LINE('',#1799,#1800);
#1799 = CARTESIAN_POINT('',(-74.4,-1.85410196625,5.706339097771));
#1800 = VECTOR('',#1801,1.);
#1801 = DIRECTION('',(0.,-0.309016994375,0.951056516295));
#1802 = PCURVE('',#814,#1803);
#1803 = DEFINITIONAL_REPRESENTATION('',(#1804),#1808);
#1804 = LINE('',#1805,#1806);
#1805 = CARTESIAN_POINT('',(6.779257435813,-1.));
#1806 = VECTOR('',#1807,1.);
#1807 = DIRECTION('',(-1.,-0.));
#1808 = ( GEOMETRIC_REPRESENTATION_CONTEXT(2) 
PARAMETRIC_REPRESENTATION_CONTEXT() REPRESENTATION_CONTEXT('2D SPACE',''
  ) );
#1809 = PCURVE('',#1635,#1810);
#1810 = DEFINITIONAL_REPRESENTATION('',(#1811),#1815);
#1811 = LINE('',#1812,#1813);
#1812 = CARTESIAN_POINT('',(5.706339097771,1.85410196625));
#1813 = VECTOR('',#1814,1.);
#1814 = DIRECTION('',(0.951056516295,0.309016994375));
#1815 = ( GEOMETRIC_REPRESENTATION_CONTEXT(2) 
PARAMETRIC_REPRESENTATION_CONTEXT() REPRESENTATION_CONTEXT('2D SPACE',''
  ) );
#1816 = ORIENTED_EDGE('',*,*,#1701,.F.);
#1817 = ORIENTED_EDGE('',*,*,#793,.F.);
#1818 = ADVANCED_FACE('',(#1819),#451,.F.);
#1819 = FACE_BOUND('',#1820,.F.);
#1820 = EDGE_LOOP('',(#1821,#1822,#1823,#2012));
#1821 = ORIENTED_EDGE('',*,*,#285,.F.);
#1822 = ORIENTED_EDGE('',*,*,#1447,.F.);
#1823 = ORIENTED_EDGE('',*,*,#1824,.T.);
#1824 = EDGE_CURVE('',#1422,#1825,#1827,.T.);
#1825 = VERTEX_POINT('',#1826);
#1826 = CARTESIAN_POINT('',(-28.89032497218,-0.602293205238,
    6.37159657346));
#1827 = SURFACE_CURVE('',#1828,(#1927,#1934),.PCURVE_S1.);
#1828 = B_SPLINE_CURVE_WITH_KNOTS('',13,(#1829,#1830,#1831,#1832,#1833,
    #1834,#1835,#1836,#1837,#1838,#1839,#1840,#1841,#1842,#1843,#1844,
    #1845,#1846,#1847,#1848,#1849,#1850,#1851,#1852,#1853,#1854,#1855,
    #1856,#1857,#1858,#1859,#1860,#1861,#1862,#1863,#1864,#1865,#1866,
    #1867,#1868,#1869,#1870,#1871,#1872,#1873,#1874,#1875,#1876,#1877,
    #1878,#1879,#1880,#1881,#1882,#1883,#1884,#1885,#1886,#1887,#1888,
    #1889,#1890,#1891,#1892,#1893,#1894,#1895,#1896,#1897,#1898,#1899,
    #1900,#1901,#1902,#1903,#1904,#1905,#1906,#1907,#1908,#1909,#1910,
    #1911,#1912,#1913,#1914,#1915,#1916,#1917,#1918,#1919,#1920,#1921,
    #1922,#1923,#1924,#1925,#1926),.UNSPECIFIED.,.F.,.F.,(14,12,12,12,12
    ,12,12,12,14),(-3.216482699007,3.981204856336E-15,16.179202165987,
    24.268803248981,32.358404331975,40.448005414968,48.537606497962,
    64.716808663949,67.93329136296),.UNSPECIFIED.);
#1829 = CARTESIAN_POINT('',(-67.17943088607,0.302929826188,
    -3.204662821613));
#1830 = CARTESIAN_POINT('',(-67.17943088607,0.278562960044,
    -2.946888303358));
#1831 = CARTESIAN_POINT('',(-67.17943088607,0.254373522537,
    -2.690990784021));
#1832 = CARTESIAN_POINT('',(-67.17943088607,0.230361513667,
    -2.436970263605));
#1833 = CARTESIAN_POINT('',(-67.17943088607,0.206526933434,
    -2.184826742107));
#1834 = CARTESIAN_POINT('',(-67.17943088607,0.182869781838,
    -1.934560219529));
#1835 = CARTESIAN_POINT('',(-67.17943088607,0.159390058879,
    -1.68617069587));
#1836 = CARTESIAN_POINT('',(-67.17943088607,0.136087764556,
    -1.43965817113));
#1837 = CARTESIAN_POINT('',(-67.17943088607,0.112962898871,
    -1.19502264531));
#1838 = CARTESIAN_POINT('',(-67.17943088607,9.001546182307E-02,
    -0.952264118409));
#1839 = CARTESIAN_POINT('',(-67.17943088607,6.724545341184E-02,
    -0.711382590428));
#1840 = CARTESIAN_POINT('',(-67.17943088607,4.465287363759E-02,
    -0.472378061366));
#1841 = CARTESIAN_POINT('',(-67.17943088607,2.223772250031E-02,
    -0.235250531223));
#1842 = CARTESIAN_POINT('',(-67.17943088609,-0.111857778111,
    1.183331688833));
#1843 = CARTESIAN_POINT('',(-67.10165773807,-0.223741007377,
    2.366932622763));
#1844 = CARTESIAN_POINT('',(-66.94605523521,-0.3351166276,3.545163613931
    ));
#1845 = CARTESIAN_POINT('',(-66.71303607399,-0.445453981254,
    4.712410892075));
#1846 = CARTESIAN_POINT('',(-66.40347051433,-0.554228242204,
    5.863122376673));
#1847 = CARTESIAN_POINT('',(-66.01867342143,-0.660923725544,
    6.991842691156));
#1848 = CARTESIAN_POINT('',(-65.56038971045,-0.76503707847,
    8.093246919218));
#1849 = CARTESIAN_POINT('',(-65.0307781661,-0.86608035236,9.162173103447
    ));
#1850 = CARTESIAN_POINT('',(-64.43239366808,-0.963583955794,
    10.19365348569));
#1851 = CARTESIAN_POINT('',(-63.7681677933,-1.057099488844,
    11.182944490062));
#1852 = CARTESIAN_POINT('',(-63.04138781825,-1.146202458302,
    12.125555447563));
#1853 = CARTESIAN_POINT('',(-62.25567410535,-1.230494874119,
    13.017276063226));
#1854 = CARTESIAN_POINT('',(-60.99459677172,-1.349164153249,
    14.272665906088));
#1855 = CARTESIAN_POINT('',(-60.56048635982,-1.387425690824,
    14.677430694387));
#1856 = CARTESIAN_POINT('',(-60.11311557346,-1.42434621674,
    15.068009061142));
#1857 = CARTESIAN_POINT('',(-59.6529945093,-1.459881416482,
    15.443932207802));
#1858 = CARTESIAN_POINT('',(-59.18065161097,-1.493988861947,
    15.804751291836));
#1859 = CARTESIAN_POINT('',(-58.69663280891,-1.526628085468,
    16.150038210172));
#1860 = CARTESIAN_POINT('',(-58.2015006271,-1.557760649951,
    16.479386340662));
#1861 = CARTESIAN_POINT('',(-57.69583325112,-1.587350214888,
    16.792411241077));
#1862 = CARTESIAN_POINT('',(-57.18022356508,-1.615362598559,
    17.088751306419));
#1863 = CARTESIAN_POINT('',(-56.6552781485,-1.641765836064,
    17.368068383488));
#1864 = CARTESIAN_POINT('',(-56.12161624226,-1.666530233537,
    17.630048343923));
#1865 = CARTESIAN_POINT('',(-55.5798686756,-1.689628418249,
    17.87440161453));
#1866 = CARTESIAN_POINT('',(-54.48148484488,-1.732442351363,
    18.327325717201));
#1867 = CARTESIAN_POINT('',(-53.92484858489,-1.752158099104,
    18.535896542267));
#1868 = CARTESIAN_POINT('',(-53.36140930262,-1.770157620993,
    18.726311594267));
#1869 = CARTESIAN_POINT('',(-52.79181881712,-1.786418275115,
    18.898331346727));
#1870 = CARTESIAN_POINT('',(-52.21673835248,-1.800919829024,
    19.051741762815));
#1871 = CARTESIAN_POINT('',(-51.63683741561,-1.813644498961,
    19.18635470985));
#1872 = CARTESIAN_POINT('',(-51.05279265744,-1.824576984106,
    19.302008322273));
#1873 = CARTESIAN_POINT('',(-50.46528670394,-1.833704495056,
    19.398567302108));
#1874 = CARTESIAN_POINT('',(-49.87500698348,-1.841016777158,
    19.47592316667));
#1875 = CARTESIAN_POINT('',(-49.28264452902,-1.846506127707,
    19.53399442968));
#1876 = CARTESIAN_POINT('',(-48.68889278327,-1.850167407742,
    19.572726726727));
#1877 = CARTESIAN_POINT('',(-48.09444639161,-1.851998047757,
    19.592092875214));
#1878 = CARTESIAN_POINT('',(-46.90555360838,-1.851998047757,
    19.592092875219));
#1879 = CARTESIAN_POINT('',(-46.31110721672,-1.85016740774,
    19.572726726702));
#1880 = CARTESIAN_POINT('',(-45.71735547099,-1.846506127712,
    19.53399442975));
#1881 = CARTESIAN_POINT('',(-45.12499301647,-1.841016777147,
    19.475923166531));
#1882 = CARTESIAN_POINT('',(-44.53471329611,-1.833704495073,
    19.398567302321));
#1883 = CARTESIAN_POINT('',(-43.94720734248,-1.824576984085,
    19.302008322014));
#1884 = CARTESIAN_POINT('',(-43.36316258444,-1.813644498982,
    19.186354710099));
#1885 = CARTESIAN_POINT('',(-42.78326164746,-1.800919829009,
    19.051741762624));
#1886 = CARTESIAN_POINT('',(-42.2081811829,-1.786418275124,
    18.898331346841));
#1887 = CARTESIAN_POINT('',(-41.63859069736,-1.770157620989,
    18.726311594215));
#1888 = CARTESIAN_POINT('',(-41.07515141511,-1.752158099106,
    18.535896542283));
#1889 = CARTESIAN_POINT('',(-40.51851515512,-1.732442351363,
    18.327325717199));
#1890 = CARTESIAN_POINT('',(-39.42013132438,-1.689628418249,
    17.87440161453));
#1891 = CARTESIAN_POINT('',(-38.87838375777,-1.666530233538,
    17.63004834393));
#1892 = CARTESIAN_POINT('',(-38.34472185138,-1.641765836063,
    17.368068383467));
#1893 = CARTESIAN_POINT('',(-37.8197764351,-1.615362598562,
    17.088751306462));
#1894 = CARTESIAN_POINT('',(-37.30416674859,-1.587350214884,
    16.792411241012));
#1895 = CARTESIAN_POINT('',(-36.7984993732,-1.557760649955,
    16.479386340736));
#1896 = CARTESIAN_POINT('',(-36.3033671908,-1.526628085464,
    16.150038210105));
#1897 = CARTESIAN_POINT('',(-35.81934838923,-1.49398886195,
    15.804751291885));
#1898 = CARTESIAN_POINT('',(-35.34700549057,-1.459881416481,
    15.443932207773));
#1899 = CARTESIAN_POINT('',(-34.88688442659,-1.424346216741,
    15.068009061155));
#1900 = CARTESIAN_POINT('',(-34.43951364015,-1.387425690824,
    14.677430694383));
#1901 = CARTESIAN_POINT('',(-34.00540322827,-1.349164153249,
    14.272665906089));
#1902 = CARTESIAN_POINT('',(-32.74432589464,-1.230494874119,
    13.017276063225));
#1903 = CARTESIAN_POINT('',(-31.95861218177,-1.146202458302,
    12.125555447568));
#1904 = CARTESIAN_POINT('',(-31.23183220663,-1.057099488843,
    11.182944490051));
#1905 = CARTESIAN_POINT('',(-30.56760633203,-0.963583955796,
    10.193653485709));
#1906 = CARTESIAN_POINT('',(-29.96922183369,-0.866080352357,
    9.16217310342));
#1907 = CARTESIAN_POINT('',(-29.43961028982,-0.765037078473,
    8.093246919246));
#1908 = CARTESIAN_POINT('',(-28.98132657824,-0.660923725541,
    6.991842691134));
#1909 = CARTESIAN_POINT('',(-28.59652948596,-0.554228242206,
    5.863122376685));
#1910 = CARTESIAN_POINT('',(-28.28696392577,-0.445453981254,
    4.712410892071));
#1911 = CARTESIAN_POINT('',(-28.05394476491,-0.3351166276,3.545163613931
    ));
#1912 = CARTESIAN_POINT('',(-27.89834226187,-0.223741007377,
    2.366932622763));
#1913 = CARTESIAN_POINT('',(-27.82056911392,-0.111857778111,
    1.183331688833));
#1914 = CARTESIAN_POINT('',(-27.82056911392,2.223772250033E-02,
    -0.235250531224));
#1915 = CARTESIAN_POINT('',(-27.82056911392,4.465287363763E-02,
    -0.472378061366));
#1916 = CARTESIAN_POINT('',(-27.82056911392,6.724545341191E-02,
    -0.711382590429));
#1917 = CARTESIAN_POINT('',(-27.82056911392,9.001546182315E-02,
    -0.95226411841));
#1918 = CARTESIAN_POINT('',(-27.82056911392,0.112962898871,
    -1.195022645311));
#1919 = CARTESIAN_POINT('',(-27.82056911392,0.136087764557,
    -1.439658171131));
#1920 = CARTESIAN_POINT('',(-27.82056911392,0.159390058879,
    -1.686170695871));
#1921 = CARTESIAN_POINT('',(-27.82056911392,0.182869781838,
    -1.934560219529));
#1922 = CARTESIAN_POINT('',(-27.82056911392,0.206526933434,
    -2.184826742108));
#1923 = CARTESIAN_POINT('',(-27.82056911392,0.230361513667,
    -2.436970263605));
#1924 = CARTESIAN_POINT('',(-27.82056911392,0.254373522537,
    -2.690990784022));
#1925 = CARTESIAN_POINT('',(-27.82056911392,0.278562960044,
    -2.946888303358));
#1926 = CARTESIAN_POINT('',(-27.82056911392,0.302929826188,
    -3.204662821613));
#1927 = PCURVE('',#451,#1928);
#1928 = DEFINITIONAL_REPRESENTATION('',(#1929),#1933);
#1929 = LINE('',#1930,#1931);
#1930 = CARTESIAN_POINT('',(64.716808663949,0.));
#1931 = VECTOR('',#1932,1.);
#1932 = DIRECTION('',(0.,1.));
#1933 = ( GEOMETRIC_REPRESENTATION_CONTEXT(2) 
PARAMETRIC_REPRESENTATION_CONTEXT() REPRESENTATION_CONTEXT('2D SPACE',''
  ) );
#1934 = PCURVE('',#1436,#1935);
#1935 = DEFINITIONAL_REPRESENTATION('',(#1936),#2011);
#1936 = B_SPLINE_CURVE_WITH_KNOTS('',13,(#1937,#1938,#1939,#1940,#1941,
    #1942,#1943,#1944,#1945,#1946,#1947,#1948,#1949,#1950,#1951,#1952,
    #1953,#1954,#1955,#1956,#1957,#1958,#1959,#1960,#1961,#1962,#1963,
    #1964,#1965,#1966,#1967,#1968,#1969,#1970,#1971,#1972,#1973,#1974,
    #1975,#1976,#1977,#1978,#1979,#1980,#1981,#1982,#1983,#1984,#1985,
    #1986,#1987,#1988,#1989,#1990,#1991,#1992,#1993,#1994,#1995,#1996,
    #1997,#1998,#1999,#2000,#2001,#2002,#2003,#2004,#2005,#2006,#2007,
    #2008,#2009,#2010),.UNSPECIFIED.,.F.,.F.,(14,12,12,12,12,12,14),(
    3.981204856336E-15,16.179202165987,24.268803248981,32.358404331975,
    40.448005414968,48.537606497962,64.716808663949),.UNSPECIFIED.);
#1937 = CARTESIAN_POINT('',(80.,-10.32056911392));
#1938 = CARTESIAN_POINT('',(78.811393232283,-10.32056911392));
#1939 = CARTESIAN_POINT('',(77.622516019069,-10.39834226186));
#1940 = CARTESIAN_POINT('',(76.43903268736,-10.55394476492));
#1941 = CARTESIAN_POINT('',(75.266582030925,-10.78696392577));
#1942 = CARTESIAN_POINT('',(74.110740883629,-11.09652948596));
#1943 = CARTESIAN_POINT('',(72.976988936324,-11.48132657827));
#1944 = CARTESIAN_POINT('',(71.870674848782,-11.93961028978));
#1945 = CARTESIAN_POINT('',(70.796983583344,-12.46922183374));
#1946 = CARTESIAN_POINT('',(69.760905048854,-13.06760633199));
#1947 = CARTESIAN_POINT('',(68.767203963342,-13.73183220665));
#1948 = CARTESIAN_POINT('',(67.820391016711,-14.45861218176));
#1949 = CARTESIAN_POINT('',(66.924695271552,-15.24432589464));
#1950 = CARTESIAN_POINT('',(65.663709127564,-16.50540322827));
#1951 = CARTESIAN_POINT('',(65.257139970937,-16.93951364017));
#1952 = CARTESIAN_POINT('',(64.864820476432,-17.38688442655));
#1953 = CARTESIAN_POINT('',(64.487221532175,-17.84700549067));
#1954 = CARTESIAN_POINT('',(64.124793982053,-18.31934838906));
#1955 = CARTESIAN_POINT('',(63.777967836701,-18.80336719103));
#1956 = CARTESIAN_POINT('',(63.44715153211,-19.29849937296));
#1957 = CARTESIAN_POINT('',(63.132731222871,-19.8041667488));
#1958 = CARTESIAN_POINT('',(62.835070127341,-20.31977643496));
#1959 = CARTESIAN_POINT('',(62.554507905013,-20.84472185146));
#1960 = CARTESIAN_POINT('',(62.291360085329,-21.37838375775));
#1961 = CARTESIAN_POINT('',(62.045917531952,-21.92013132438));
#1962 = CARTESIAN_POINT('',(61.59097437546,-23.01851515512));
#1963 = CARTESIAN_POINT('',(61.381473779302,-23.57515141508));
#1964 = CARTESIAN_POINT('',(61.1902098915,-24.13859069745));
#1965 = CARTESIAN_POINT('',(61.017423305809,-24.7081811827));
#1966 = CARTESIAN_POINT('',(60.863329014254,-25.2832616478));
#1967 = CARTESIAN_POINT('',(60.728115986366,-25.86316258399));
#1968 = CARTESIAN_POINT('',(60.611946811776,-26.44720734295));
#1969 = CARTESIAN_POINT('',(60.514957388764,-27.03471329571));
#1970 = CARTESIAN_POINT('',(60.437256686245,-27.62499301674));
#1971 = CARTESIAN_POINT('',(60.378926551727,-28.21735547086));
#1972 = CARTESIAN_POINT('',(60.34002159324,-28.81110721677));
#1973 = CARTESIAN_POINT('',(60.320569113913,-29.40555360837));
#1974 = CARTESIAN_POINT('',(60.320569113928,-30.59444639162));
#1975 = CARTESIAN_POINT('',(60.340021593172,-31.18889278322));
#1976 = CARTESIAN_POINT('',(60.378926551916,-31.78264452916));
#1977 = CARTESIAN_POINT('',(60.437256685864,-32.37500698319));
#1978 = CARTESIAN_POINT('',(60.514957389356,-32.96528670439));
#1979 = CARTESIAN_POINT('',(60.611946811049,-33.5527926569));
#1980 = CARTESIAN_POINT('',(60.728115987078,-34.13683741614));
#1981 = CARTESIAN_POINT('',(60.863329013699,-34.71673835207));
#1982 = CARTESIAN_POINT('',(61.017423306148,-35.29181881737));
#1983 = CARTESIAN_POINT('',(61.190209891344,-35.86140930251));
#1984 = CARTESIAN_POINT('',(61.38147377935,-36.42484858492));
#1985 = CARTESIAN_POINT('',(61.590974375454,-36.98148484487));
#1986 = CARTESIAN_POINT('',(62.045917531952,-38.07986867561));
#1987 = CARTESIAN_POINT('',(62.291360085351,-38.62161624225));
#1988 = CARTESIAN_POINT('',(62.554507904945,-39.1552781485));
#1989 = CARTESIAN_POINT('',(62.835070127478,-39.68022356509));
#1990 = CARTESIAN_POINT('',(63.132731222666,-40.19583325111));
#1991 = CARTESIAN_POINT('',(63.447151532345,-40.70150062711));
#1992 = CARTESIAN_POINT('',(63.777967836487,-41.19663280891));
#1993 = CARTESIAN_POINT('',(64.124793982208,-41.68065161096));
#1994 = CARTESIAN_POINT('',(64.487221532088,-42.15299450931));
#1995 = CARTESIAN_POINT('',(64.864820476466,-42.61311557345));
#1996 = CARTESIAN_POINT('',(65.257139970931,-43.06048635982));
#1997 = CARTESIAN_POINT('',(65.663709127562,-43.49459677172));
#1998 = CARTESIAN_POINT('',(66.924695271567,-44.75567410535));
#1999 = CARTESIAN_POINT('',(67.820391016622,-45.54138781825));
#2000 = CARTESIAN_POINT('',(68.767203963607,-46.2681677933));
#2001 = CARTESIAN_POINT('',(69.760905048298,-46.93239366807));
#2002 = CARTESIAN_POINT('',(70.796983584248,-47.53077816615));
#2003 = CARTESIAN_POINT('',(71.870674847603,-48.06038971034));
#2004 = CARTESIAN_POINT('',(72.976988937573,-48.5186734216));
#2005 = CARTESIAN_POINT('',(74.110740882556,-48.90347051414));
#2006 = CARTESIAN_POINT('',(75.26658203166,-49.21303607415));
#2007 = CARTESIAN_POINT('',(76.439032686972,-49.44605523511));
#2008 = CARTESIAN_POINT('',(77.622516019217,-49.60165773811));
#2009 = CARTESIAN_POINT('',(78.81139323225,-49.67943088608));
#2010 = CARTESIAN_POINT('',(80.,-49.67943088608));
#2011 = ( GEOMETRIC_REPRESENTATION_CONTEXT(2) 
PARAMETRIC_REPRESENTATION_CONTEXT() REPRESENTATION_CONTEXT('2D SPACE',''
  ) );
#2012 = ORIENTED_EDGE('',*,*,#2013,.T.);
#2013 = EDGE_CURVE('',#1825,#251,#2014,.T.);
#2014 = SURFACE_CURVE('',#2015,(#2036,#2060),.PCURVE_S1.);
#2015 = B_SPLINE_CURVE_WITH_KNOTS('',7,(#2016,#2017,#2018,#2019,#2020,
    #2021,#2022,#2023,#2024,#2025,#2026,#2027,#2028,#2029,#2030,#2031,
    #2032,#2033,#2034,#2035),.UNSPECIFIED.,.F.,.F.,(8,6,6,8),(0.,
    0.340036196159,0.680048431195,1.),.UNSPECIFIED.);
#2016 = CARTESIAN_POINT('',(-28.89032497218,-0.602293205238,
    6.37159657346));
#2017 = CARTESIAN_POINT('',(-28.82346924058,-0.602293205238,
    6.37159657346));
#2018 = CARTESIAN_POINT('',(-28.75430202162,-0.607451438653,
    6.37110899837));
#2019 = CARTESIAN_POINT('',(-28.68348774716,-0.618418285555,
    6.370072220627));
#2020 = CARTESIAN_POINT('',(-28.61191547903,-0.63575635622,
    6.368406987149));
#2021 = CARTESIAN_POINT('',(-28.54071001584,-0.659835773981,
    6.36600575388));
#2022 = CARTESIAN_POINT('',(-28.471115949,-0.690673905708,6.362733417278
    ));
#2023 = CARTESIAN_POINT('',(-28.33752506687,-0.765203992407,
    6.354200943871));
#2024 = CARTESIAN_POINT('',(-28.27352803327,-0.808895169172,
    6.348940886019));
#2025 = CARTESIAN_POINT('',(-28.21351188747,-0.858682361245,
    6.342563880172));
#2026 = CARTESIAN_POINT('',(-28.15860899604,-0.913889891386,
    6.334957172364));
#2027 = CARTESIAN_POINT('',(-28.10972184622,-0.973482672619,
    6.326055148473));
#2028 = CARTESIAN_POINT('',(-28.06737404439,-1.036263338904,
    6.315891295138));
#2029 = CARTESIAN_POINT('',(-27.99823787387,-1.162003076433,
    6.293931852746));
#2030 = CARTESIAN_POINT('',(-27.97067812678,-1.224733016664,
    6.282268202612));
#2031 = CARTESIAN_POINT('',(-27.94923656706,-1.288244765008,
    6.269679141846));
#2032 = CARTESIAN_POINT('',(-27.93379687387,-1.351551776379,
    6.256324814317));
#2033 = CARTESIAN_POINT('',(-27.92401547222,-1.413802793777,
    6.242410249434));
#2034 = CARTESIAN_POINT('',(-27.91939723773,-1.47434043097,
    6.228156355583));
#2035 = CARTESIAN_POINT('',(-27.9193972375,-1.53268579928,6.213764900661
    ));
#2036 = PCURVE('',#451,#2037);
#2037 = DEFINITIONAL_REPRESENTATION('',(#2038),#2059);
#2038 = B_SPLINE_CURVE_WITH_KNOTS('',7,(#2039,#2040,#2041,#2042,#2043,
    #2044,#2045,#2046,#2047,#2048,#2049,#2050,#2051,#2052,#2053,#2054,
    #2055,#2056,#2057,#2058),.UNSPECIFIED.,.F.,.F.,(8,6,6,8),(0.,
    0.340036196159,0.680048431195,1.),.UNSPECIFIED.);
#2039 = CARTESIAN_POINT('',(64.716808663949,57.893504727062));
#2040 = CARTESIAN_POINT('',(61.573232498723,57.916258662589));
#2041 = CARTESIAN_POINT('',(58.429759034277,57.93962871194));
#2042 = CARTESIAN_POINT('',(55.28637258401,57.963369927741));
#2043 = CARTESIAN_POINT('',(52.143048637857,57.987195891901));
#2044 = CARTESIAN_POINT('',(48.999752971807,58.010802390626));
#2045 = CARTESIAN_POINT('',(45.856446492664,58.033923564923));
#2046 = CARTESIAN_POINT('',(39.569962396203,58.078765479768));
#2047 = CARTESIAN_POINT('',(36.426782797802,58.100486321084));
#2048 = CARTESIAN_POINT('',(33.283527386353,58.121293894156));
#2049 = CARTESIAN_POINT('',(30.140169886455,58.141025604637));
#2050 = CARTESIAN_POINT('',(26.99669132157,58.159588299876));
#2051 = CARTESIAN_POINT('',(23.85308902386,58.176927889351));
#2052 = CARTESIAN_POINT('',(17.751146089825,58.208153747873));
#2053 = CARTESIAN_POINT('',(14.792812286564,58.222183371481));
#2054 = CARTESIAN_POINT('',(11.834387962153,58.235080480434));
#2055 = CARTESIAN_POINT('',(8.875882712299,58.246840037048));
#2056 = CARTESIAN_POINT('',(5.917307504603,58.25746722974));
#2057 = CARTESIAN_POINT('',(2.958675371909,58.266975568186));
#2058 = CARTESIAN_POINT('',(0.,58.27539159909));
#2059 = ( GEOMETRIC_REPRESENTATION_CONTEXT(2) 
PARAMETRIC_REPRESENTATION_CONTEXT() REPRESENTATION_CONTEXT('2D SPACE',''
  ) );
#2060 = PCURVE('',#140,#2061);
#2061 = DEFINITIONAL_REPRESENTATION('',(#2062),#2083);
#2062 = B_SPLINE_CURVE_WITH_KNOTS('',7,(#2063,#2064,#2065,#2066,#2067,
    #2068,#2069,#2070,#2071,#2072,#2073,#2074,#2075,#2076,#2077,#2078,
    #2079,#2080,#2081,#2082),.UNSPECIFIED.,.F.,.F.,(8,6,6,8),(0.,
    0.340036196159,0.680048431195,1.),.UNSPECIFIED.);
#2063 = CARTESIAN_POINT('',(9.424777960769E-02,1.609675027818));
#2064 = CARTESIAN_POINT('',(9.424777960769E-02,1.67653075942));
#2065 = CARTESIAN_POINT('',(9.505734685326E-02,1.745697978373));
#2066 = CARTESIAN_POINT('',(9.677855332503E-02,1.816512252831));
#2067 = CARTESIAN_POINT('',(9.950009997791E-02,1.88808452097));
#2068 = CARTESIAN_POINT('',(0.103281101191,1.959289984151));
#2069 = CARTESIAN_POINT('',(0.108126444764,2.028884050991));
#2070 = CARTESIAN_POINT('',(0.119847837097,2.162474933124));
#2071 = CARTESIAN_POINT('',(0.126723761144,2.226471966721));
#2072 = CARTESIAN_POINT('',(0.134566195602,2.286488112525));
#2073 = CARTESIAN_POINT('',(0.143273054227,2.341391003956));
#2074 = CARTESIAN_POINT('',(0.152686652801,2.390278153779));
#2075 = CARTESIAN_POINT('',(0.162623091458,2.432625955605));
#2076 = CARTESIAN_POINT('',(0.182567287718,2.501762126124));
#2077 = CARTESIAN_POINT('',(0.192536237145,2.529321873215));
#2078 = CARTESIAN_POINT('',(0.202651853473,2.550763432935));
#2079 = CARTESIAN_POINT('',(0.212759940011,2.566203126125));
#2080 = CARTESIAN_POINT('',(0.222725625448,2.575984527777));
#2081 = CARTESIAN_POINT('',(0.232442754783,2.580602762262));
#2082 = CARTESIAN_POINT('',(0.241832451568,2.5806027625));
#2083 = ( GEOMETRIC_REPRESENTATION_CONTEXT(2) 
PARAMETRIC_REPRESENTATION_CONTEXT() REPRESENTATION_CONTEXT('2D SPACE',''
  ) );
#2084 = ADVANCED_FACE('',(#2085),#140,.F.);
#2085 = FACE_BOUND('',#2086,.F.);
#2086 = EDGE_LOOP('',(#2087,#2088,#2089,#2110,#2190,#2217,#2218,#2219,
    #2241,#2270));
#2087 = ORIENTED_EDGE('',*,*,#250,.F.);
#2088 = ORIENTED_EDGE('',*,*,#2013,.F.);
#2089 = ORIENTED_EDGE('',*,*,#2090,.F.);
#2090 = EDGE_CURVE('',#2091,#1825,#2093,.T.);
#2091 = VERTEX_POINT('',#2092);
#2092 = CARTESIAN_POINT('',(-29.10217397103,-0.602293205238,
    6.37159657346));
#2093 = SURFACE_CURVE('',#2094,(#2098,#2104),.PCURVE_S1.);
#2094 = LINE('',#2095,#2096);
#2095 = CARTESIAN_POINT('',(-30.5,-0.602293205238,6.37159657346));
#2096 = VECTOR('',#2097,1.);
#2097 = DIRECTION('',(1.,0.,0.));
#2098 = PCURVE('',#140,#2099);
#2099 = DEFINITIONAL_REPRESENTATION('',(#2100),#2103);
#2100 = B_SPLINE_CURVE_WITH_KNOTS('',1,(#2101,#2102),.UNSPECIFIED.,.F.,
  .F.,(2,2),(-5.999999999062E-07,6.615317063299),
  .PIECEWISE_BEZIER_KNOTS.);
#2101 = CARTESIAN_POINT('',(9.424777960769E-02,-5.999999999062E-07));
#2102 = CARTESIAN_POINT('',(9.424777960769E-02,6.615317063299));
#2103 = ( GEOMETRIC_REPRESENTATION_CONTEXT(2) 
PARAMETRIC_REPRESENTATION_CONTEXT() REPRESENTATION_CONTEXT('2D SPACE',''
  ) );
#2104 = PCURVE('',#1436,#2105);
#2105 = DEFINITIONAL_REPRESENTATION('',(#2106),#2109);
#2106 = B_SPLINE_CURVE_WITH_KNOTS('',1,(#2107,#2108),.UNSPECIFIED.,.F.,
  .F.,(2,2),(-5.999999999062E-07,6.615317063299),
  .PIECEWISE_BEZIER_KNOTS.);
#2107 = CARTESIAN_POINT('',(73.6,-46.9999994));
#2108 = CARTESIAN_POINT('',(73.6,-53.61531706329));
#2109 = ( GEOMETRIC_REPRESENTATION_CONTEXT(2) 
PARAMETRIC_REPRESENTATION_CONTEXT() REPRESENTATION_CONTEXT('2D SPACE',''
  ) );
#2110 = ORIENTED_EDGE('',*,*,#2111,.F.);
#2111 = EDGE_CURVE('',#2112,#2091,#2114,.T.);
#2112 = VERTEX_POINT('',#2113);
#2113 = CARTESIAN_POINT('',(-30.03575072705,-1.451502009488,
    6.233228851603));
#2114 = SURFACE_CURVE('',#2115,(#2138,#2164),.PCURVE_S1.);
#2115 = B_SPLINE_CURVE_WITH_KNOTS('',6,(#2116,#2117,#2118,#2119,#2120,
    #2121,#2122,#2123,#2124,#2125,#2126,#2127,#2128,#2129,#2130,#2131,
    #2132,#2133,#2134,#2135,#2136,#2137),.UNSPECIFIED.,.F.,.F.,(7,5,5,5,
    7),(0.,0.24939292002,0.499381704439,0.749410125936,1.),
  .UNSPECIFIED.);
#2116 = CARTESIAN_POINT('',(-30.03575072705,-1.451502009488,
    6.233228851603));
#2117 = CARTESIAN_POINT('',(-30.03575072751,-1.400763102637,
    6.245044176695));
#2118 = CARTESIAN_POINT('',(-30.03177429009,-1.348736671986,
    6.256636782579));
#2119 = CARTESIAN_POINT('',(-30.02341062232,-1.295814770825,
    6.267870396173));
#2120 = CARTESIAN_POINT('',(-30.01031324539,-1.242507088281,
    6.278605609861));
#2121 = CARTESIAN_POINT('',(-29.99228761536,-1.189439031002,
    6.288723646056));
#2122 = CARTESIAN_POINT('',(-29.94634122143,-1.084977152182,
    6.307586569309));
#2123 = CARTESIAN_POINT('',(-29.91839676241,-1.033587716343,
    6.316328094548));
#2124 = CARTESIAN_POINT('',(-29.88551571684,-0.983765833521,
    6.324286869484));
#2125 = CARTESIAN_POINT('',(-29.84790552909,-0.936214451511,
    6.331418656921));
#2126 = CARTESIAN_POINT('',(-29.80601153427,-0.891580341442,
    6.337729360472));
#2127 = CARTESIAN_POINT('',(-29.71483135661,-0.809149826562,
    6.348779887374));
#2128 = CARTESIAN_POINT('',(-29.66554417183,-0.771354634798,
    6.353519522708));
#2129 = CARTESIAN_POINT('',(-29.61315412653,-0.737488680185,
    6.357508144343));
#2130 = CARTESIAN_POINT('',(-29.55840426157,-0.707920806114,
    6.360812096516));
#2131 = CARTESIAN_POINT('',(-29.50208438286,-0.682810423143,
    6.363505447615));
#2132 = CARTESIAN_POINT('',(-29.3876424331,-0.641434353271,
    6.367809322444));
#2133 = CARTESIAN_POINT('',(-29.32951676759,-0.625188538503,
    6.369417419585));
#2134 = CARTESIAN_POINT('',(-29.27128971602,-0.613396759318,
    6.370546858839));
#2135 = CARTESIAN_POINT('',(-29.2136481926,-0.605870718268,6.37125842934
    ));
#2136 = CARTESIAN_POINT('',(-29.15713891798,-0.602293205238,
    6.37159657346));
#2137 = CARTESIAN_POINT('',(-29.10217397103,-0.602293205238,
    6.37159657346));
#2138 = PCURVE('',#140,#2139);
#2139 = DEFINITIONAL_REPRESENTATION('',(#2140),#2163);
#2140 = B_SPLINE_CURVE_WITH_KNOTS('',6,(#2141,#2142,#2143,#2144,#2145,
    #2146,#2147,#2148,#2149,#2150,#2151,#2152,#2153,#2154,#2155,#2156,
    #2157,#2158,#2159,#2160,#2161,#2162),.UNSPECIFIED.,.F.,.F.,(7,5,5,5,
    7),(0.,0.24939292002,0.499381704439,0.749410125936,1.),
  .UNSPECIFIED.);
#2141 = CARTESIAN_POINT('',(0.228787914032,0.464249272947));
#2142 = CARTESIAN_POINT('',(0.22064784601,0.46424927249));
#2143 = CARTESIAN_POINT('',(0.212319736289,0.468225709908));
#2144 = CARTESIAN_POINT('',(0.203867110835,0.476589377674));
#2145 = CARTESIAN_POINT('',(0.195371260177,0.489686754604));
#2146 = CARTESIAN_POINT('',(0.186930409801,0.507712384636));
#2147 = CARTESIAN_POINT('',(0.170344272482,0.553658778568));
#2148 = CARTESIAN_POINT('',(0.16219975182,0.581603237587));
#2149 = CARTESIAN_POINT('',(0.154316970703,0.614484283155));
#2150 = CARTESIAN_POINT('',(0.146804391706,0.652094470905));
#2151 = CARTESIAN_POINT('',(0.139761131027,0.693988465729));
#2152 = CARTESIAN_POINT('',(0.126766142577,0.785168643386));
#2153 = CARTESIAN_POINT('',(0.120814606852,0.83445582817));
#2154 = CARTESIAN_POINT('',(0.115486662926,0.88684587347));
#2155 = CARTESIAN_POINT('',(0.110837999055,0.94159573843));
#2156 = CARTESIAN_POINT('',(0.106892017843,0.997915617139));
#2157 = CARTESIAN_POINT('',(0.100392125835,1.1123575669));
#2158 = CARTESIAN_POINT('',(9.784134342483E-02,1.170483232405));
#2159 = CARTESIAN_POINT('',(9.599044527714E-02,1.228710283978));
#2160 = CARTESIAN_POINT('',(9.480925751746E-02,1.2863518074));
#2161 = CARTESIAN_POINT('',(9.424777960769E-02,1.342861082015));
#2162 = CARTESIAN_POINT('',(9.424777960769E-02,1.397826028969));
#2163 = ( GEOMETRIC_REPRESENTATION_CONTEXT(2) 
PARAMETRIC_REPRESENTATION_CONTEXT() REPRESENTATION_CONTEXT('2D SPACE',''
  ) );
#2164 = PCURVE('',#1124,#2165);
#2165 = DEFINITIONAL_REPRESENTATION('',(#2166),#2189);
#2166 = B_SPLINE_CURVE_WITH_KNOTS('',6,(#2167,#2168,#2169,#2170,#2171,
    #2172,#2173,#2174,#2175,#2176,#2177,#2178,#2179,#2180,#2181,#2182,
    #2183,#2184,#2185,#2186,#2187,#2188),.UNSPECIFIED.,.F.,.F.,(7,5,5,5,
    7),(0.,0.24939292002,0.499381704439,0.749410125936,1.),
  .UNSPECIFIED.);
#2167 = CARTESIAN_POINT('',(58.43362335677,51.954620677236));
#2168 = CARTESIAN_POINT('',(56.004247569517,51.948046226508));
#2169 = CARTESIAN_POINT('',(53.574892133394,51.943154876657));
#2170 = CARTESIAN_POINT('',(51.145568584451,51.940184603653));
#2171 = CARTESIAN_POINT('',(48.716289900392,51.939340148438));
#2172 = CARTESIAN_POINT('',(46.287069835852,51.940735286611));
#2173 = CARTESIAN_POINT('',(41.422975477164,51.94800919034));
#2174 = CARTESIAN_POINT('',(38.988098446288,51.953898722621));
#2175 = CARTESIAN_POINT('',(36.553311311157,51.962035236929));
#2176 = CARTESIAN_POINT('',(34.118621347262,51.972302515769));
#2177 = CARTESIAN_POINT('',(31.684026304388,51.984457423148));
#2178 = CARTESIAN_POINT('',(26.814626051944,52.011941543949));
#2179 = CARTESIAN_POINT('',(24.3798194235,52.027271110215));
#2180 = CARTESIAN_POINT('',(21.945088204894,52.043885707182));
#2181 = CARTESIAN_POINT('',(19.5104107831,52.06142022574));
#2182 = CARTESIAN_POINT('',(17.075761253396,52.079518844536));
#2183 = CARTESIAN_POINT('',(12.200999025604,52.116277263666));
#2184 = CARTESIAN_POINT('',(9.760886885169,52.134938182046));
#2185 = CARTESIAN_POINT('',(7.320750948159,52.153553151512));
#2186 = CARTESIAN_POINT('',(4.880567704449,52.171865902932));
#2187 = CARTESIAN_POINT('',(2.44032074105,52.189700611762));
#2188 = CARTESIAN_POINT('',(0.,52.206940627147));
#2189 = ( GEOMETRIC_REPRESENTATION_CONTEXT(2) 
PARAMETRIC_REPRESENTATION_CONTEXT() REPRESENTATION_CONTEXT('2D SPACE',''
  ) );
#2190 = ORIENTED_EDGE('',*,*,#2191,.F.);
#2191 = EDGE_CURVE('',#928,#2112,#2192,.T.);
#2192 = SURFACE_CURVE('',#2193,(#2198,#2205),.PCURVE_S1.);
#2193 = CIRCLE('',#2194,6.4);
#2194 = AXIS2_PLACEMENT_3D('',#2195,#2196,#2197);
#2195 = CARTESIAN_POINT('',(-30.03575080342,0.,0.));
#2196 = DIRECTION('',(-1.,-6.096066307455E-15,-5.115206990218E-15));
#2197 = DIRECTION('',(5.551115123126E-16,-0.694658370459,0.719339800339)
  );
#2198 = PCURVE('',#140,#2199);
#2199 = DEFINITIONAL_REPRESENTATION('',(#2200),#2204);
#2200 = LINE('',#2201,#2202);
#2201 = CARTESIAN_POINT('',(0.767944870878,0.464249196573));
#2202 = VECTOR('',#2203,1.);
#2203 = DIRECTION('',(-1.,-0.));
#2204 = ( GEOMETRIC_REPRESENTATION_CONTEXT(2) 
PARAMETRIC_REPRESENTATION_CONTEXT() REPRESENTATION_CONTEXT('2D SPACE',''
  ) );
#2205 = PCURVE('',#946,#2206);
#2206 = DEFINITIONAL_REPRESENTATION('',(#2207),#2216);
#2207 = B_SPLINE_CURVE_WITH_KNOTS('',7,(#2208,#2209,#2210,#2211,#2212,
    #2213,#2214,#2215),.UNSPECIFIED.,.F.,.F.,(8,8),(0.,0.539156956845),
  .PIECEWISE_BEZIER_KNOTS.);
#2208 = CARTESIAN_POINT('',(6.033913359411,0.250114367824));
#2209 = CARTESIAN_POINT('',(6.05298164481,0.269115682416));
#2210 = CARTESIAN_POINT('',(6.073920591592,0.286456492368));
#2211 = CARTESIAN_POINT('',(6.0965945265,0.301930004913));
#2212 = CARTESIAN_POINT('',(6.120824143924,0.31534377536));
#2213 = CARTESIAN_POINT('',(6.146375440466,0.326528417803));
#2214 = CARTESIAN_POINT('',(6.172961364915,0.335352861956));
#2215 = CARTESIAN_POINT('',(6.200263128912,0.341732412512));
#2216 = ( GEOMETRIC_REPRESENTATION_CONTEXT(2) 
PARAMETRIC_REPRESENTATION_CONTEXT() REPRESENTATION_CONTEXT('2D SPACE',''
  ) );
#2217 = ORIENTED_EDGE('',*,*,#999,.T.);
#2218 = ORIENTED_EDGE('',*,*,#112,.F.);
#2219 = ORIENTED_EDGE('',*,*,#2220,.T.);
#2220 = EDGE_CURVE('',#113,#2221,#2223,.T.);
#2221 = VERTEX_POINT('',#2222);
#2222 = CARTESIAN_POINT('',(-23.2,-4.113840701994,4.902684435961));
#2223 = SURFACE_CURVE('',#2224,(#2228,#2234),.PCURVE_S1.);
#2224 = LINE('',#2225,#2226);
#2225 = CARTESIAN_POINT('',(-32.5,-4.113840701994,4.902684435961));
#2226 = VECTOR('',#2227,1.);
#2227 = DIRECTION('',(1.,0.,0.));
#2228 = PCURVE('',#140,#2229);
#2229 = DEFINITIONAL_REPRESENTATION('',(#2230),#2233);
#2230 = B_SPLINE_CURVE_WITH_KNOTS('',1,(#2231,#2232),.UNSPECIFIED.,.F.,
  .F.,(2,2),(0.9999994,11.9000006),.PIECEWISE_BEZIER_KNOTS.);
#2231 = CARTESIAN_POINT('',(0.698131700798,-1.0000006));
#2232 = CARTESIAN_POINT('',(0.698131700798,9.9000006));
#2233 = ( GEOMETRIC_REPRESENTATION_CONTEXT(2) 
PARAMETRIC_REPRESENTATION_CONTEXT() REPRESENTATION_CONTEXT('2D SPACE',''
  ) );
#2234 = PCURVE('',#172,#2235);
#2235 = DEFINITIONAL_REPRESENTATION('',(#2236),#2240);
#2236 = LINE('',#2237,#2238);
#2237 = CARTESIAN_POINT('',(6.4,0.));
#2238 = VECTOR('',#2239,1.);
#2239 = DIRECTION('',(0.,-1.));
#2240 = ( GEOMETRIC_REPRESENTATION_CONTEXT(2) 
PARAMETRIC_REPRESENTATION_CONTEXT() REPRESENTATION_CONTEXT('2D SPACE',''
  ) );
#2241 = ORIENTED_EDGE('',*,*,#2242,.F.);
#2242 = EDGE_CURVE('',#2243,#2221,#2245,.T.);
#2243 = VERTEX_POINT('',#2244);
#2244 = CARTESIAN_POINT('',(-23.2,-1.977708764,6.086761704289));
#2245 = SURFACE_CURVE('',#2246,(#2251,#2258),.PCURVE_S1.);
#2246 = CIRCLE('',#2247,6.4);
#2247 = AXIS2_PLACEMENT_3D('',#2248,#2249,#2250);
#2248 = CARTESIAN_POINT('',(-23.2,0.,0.));
#2249 = DIRECTION('',(1.,0.,0.));
#2250 = DIRECTION('',(0.,-0.309016994375,0.951056516295));
#2251 = PCURVE('',#140,#2252);
#2252 = DEFINITIONAL_REPRESENTATION('',(#2253),#2257);
#2253 = LINE('',#2254,#2255);
#2254 = CARTESIAN_POINT('',(0.314159265359,7.3));
#2255 = VECTOR('',#2256,1.);
#2256 = DIRECTION('',(1.,0.));
#2257 = ( GEOMETRIC_REPRESENTATION_CONTEXT(2) 
PARAMETRIC_REPRESENTATION_CONTEXT() REPRESENTATION_CONTEXT('2D SPACE',''
  ) );
#2258 = PCURVE('',#2259,#2264);
#2259 = PLANE('',#2260);
#2260 = AXIS2_PLACEMENT_3D('',#2261,#2262,#2263);
#2261 = CARTESIAN_POINT('',(-23.2,0.,0.));
#2262 = DIRECTION('',(1.,0.,0.));
#2263 = DIRECTION('',(-0.,0.,1.));
#2264 = DEFINITIONAL_REPRESENTATION('',(#2265),#2269);
#2265 = CIRCLE('',#2266,6.4);
#2266 = AXIS2_PLACEMENT_2D('',#2267,#2268);
#2267 = CARTESIAN_POINT('',(0.,0.));
#2268 = DIRECTION('',(0.951056516295,0.309016994375));
#2269 = ( GEOMETRIC_REPRESENTATION_CONTEXT(2) 
PARAMETRIC_REPRESENTATION_CONTEXT() REPRESENTATION_CONTEXT('2D SPACE',''
  ) );
#2270 = ORIENTED_EDGE('',*,*,#2271,.F.);
#2271 = EDGE_CURVE('',#218,#2243,#2272,.T.);
#2272 = SURFACE_CURVE('',#2273,(#2277,#2283),.PCURVE_S1.);
#2273 = LINE('',#2274,#2275);
#2274 = CARTESIAN_POINT('',(-32.5,-1.977708764,6.086761704289));
#2275 = VECTOR('',#2276,1.);
#2276 = DIRECTION('',(1.,0.,0.));
#2277 = PCURVE('',#140,#2278);
#2278 = DEFINITIONAL_REPRESENTATION('',(#2279),#2282);
#2279 = B_SPLINE_CURVE_WITH_KNOTS('',1,(#2280,#2281),.UNSPECIFIED.,.F.,
  .F.,(2,2),(0.9999994,11.9000006),.PIECEWISE_BEZIER_KNOTS.);
#2280 = CARTESIAN_POINT('',(0.314159265359,-1.0000006));
#2281 = CARTESIAN_POINT('',(0.314159265359,9.9000006));
#2282 = ( GEOMETRIC_REPRESENTATION_CONTEXT(2) 
PARAMETRIC_REPRESENTATION_CONTEXT() REPRESENTATION_CONTEXT('2D SPACE',''
  ) );
#2283 = PCURVE('',#238,#2284);
#2284 = DEFINITIONAL_REPRESENTATION('',(#2285),#2288);
#2285 = B_SPLINE_CURVE_WITH_KNOTS('',1,(#2286,#2287),.UNSPECIFIED.,.F.,
  .F.,(2,2),(0.9999994,11.9000006),.PIECEWISE_BEZIER_KNOTS.);
#2286 = CARTESIAN_POINT('',(6.379257435813,-0.9999994));
#2287 = CARTESIAN_POINT('',(6.379257435813,-11.9000006));
#2288 = ( GEOMETRIC_REPRESENTATION_CONTEXT(2) 
PARAMETRIC_REPRESENTATION_CONTEXT() REPRESENTATION_CONTEXT('2D SPACE',''
  ) );
#2289 = ADVANCED_FACE('',(#2290),#238,.T.);
#2290 = FACE_BOUND('',#2291,.T.);
#2291 = EDGE_LOOP('',(#2292,#2293,#2294,#2315));
#2292 = ORIENTED_EDGE('',*,*,#2271,.F.);
#2293 = ORIENTED_EDGE('',*,*,#217,.F.);
#2294 = ORIENTED_EDGE('',*,*,#2295,.T.);
#2295 = EDGE_CURVE('',#185,#2296,#2298,.T.);
#2296 = VERTEX_POINT('',#2297);
#2297 = CARTESIAN_POINT('',(-23.2,-3.244678440937,9.986093421099));
#2298 = SURFACE_CURVE('',#2299,(#2303,#2309),.PCURVE_S1.);
#2299 = LINE('',#2300,#2301);
#2300 = CARTESIAN_POINT('',(-31.5,-3.244678440937,9.986093421099));
#2301 = VECTOR('',#2302,1.);
#2302 = DIRECTION('',(1.,0.,0.));
#2303 = PCURVE('',#238,#2304);
#2304 = DEFINITIONAL_REPRESENTATION('',(#2305),#2308);
#2305 = B_SPLINE_CURVE_WITH_KNOTS('',1,(#2306,#2307),.UNSPECIFIED.,.F.,
  .F.,(2,2),(-5.999999999062E-07,10.9000006),.PIECEWISE_BEZIER_KNOTS.);
#2306 = CARTESIAN_POINT('',(2.279257435813,-0.9999994));
#2307 = CARTESIAN_POINT('',(2.279257435813,-11.9000006));
#2308 = ( GEOMETRIC_REPRESENTATION_CONTEXT(2) 
PARAMETRIC_REPRESENTATION_CONTEXT() REPRESENTATION_CONTEXT('2D SPACE',''
  ) );
#2309 = PCURVE('',#205,#2310);
#2310 = DEFINITIONAL_REPRESENTATION('',(#2311),#2314);
#2311 = B_SPLINE_CURVE_WITH_KNOTS('',1,(#2312,#2313),.UNSPECIFIED.,.F.,
  .F.,(2,2),(-5.999999999062E-07,10.9000006),.PIECEWISE_BEZIER_KNOTS.);
#2312 = CARTESIAN_POINT('',(0.314159265359,-5.999999999062E-07));
#2313 = CARTESIAN_POINT('',(0.314159265359,10.9000006));
#2314 = ( GEOMETRIC_REPRESENTATION_CONTEXT(2) 
PARAMETRIC_REPRESENTATION_CONTEXT() REPRESENTATION_CONTEXT('2D SPACE',''
  ) );
#2315 = ORIENTED_EDGE('',*,*,#2316,.F.);
#2316 = EDGE_CURVE('',#2243,#2296,#2317,.T.);
#2317 = SURFACE_CURVE('',#2318,(#2322,#2329),.PCURVE_S1.);
#2318 = LINE('',#2319,#2320);
#2319 = CARTESIAN_POINT('',(-23.2,-1.974503861579,6.076898028872));
#2320 = VECTOR('',#2321,1.);
#2321 = DIRECTION('',(0.,-0.309016994375,0.951056516295));
#2322 = PCURVE('',#238,#2323);
#2323 = DEFINITIONAL_REPRESENTATION('',(#2324),#2328);
#2324 = LINE('',#2325,#2326);
#2325 = CARTESIAN_POINT('',(6.389628717906,-9.3));
#2326 = VECTOR('',#2327,1.);
#2327 = DIRECTION('',(-1.,-0.));
#2328 = ( GEOMETRIC_REPRESENTATION_CONTEXT(2) 
PARAMETRIC_REPRESENTATION_CONTEXT() REPRESENTATION_CONTEXT('2D SPACE',''
  ) );
#2329 = PCURVE('',#2259,#2330);
#2330 = DEFINITIONAL_REPRESENTATION('',(#2331),#2335);
#2331 = LINE('',#2332,#2333);
#2332 = CARTESIAN_POINT('',(6.076898028872,1.974503861579));
#2333 = VECTOR('',#2334,1.);
#2334 = DIRECTION('',(0.951056516295,0.309016994375));
#2335 = ( GEOMETRIC_REPRESENTATION_CONTEXT(2) 
PARAMETRIC_REPRESENTATION_CONTEXT() REPRESENTATION_CONTEXT('2D SPACE',''
  ) );
#2336 = ADVANCED_FACE('',(#2337),#205,.T.);
#2337 = FACE_BOUND('',#2338,.T.);
#2338 = EDGE_LOOP('',(#2339,#2363,#2364,#2365,#2388,#2417));
#2339 = ORIENTED_EDGE('',*,*,#2340,.F.);
#2340 = EDGE_CURVE('',#2296,#2341,#2343,.T.);
#2341 = VERTEX_POINT('',#2342);
#2342 = CARTESIAN_POINT('',(-23.2,-6.464445490919,8.274112912871));
#2343 = SURFACE_CURVE('',#2344,(#2349,#2356),.PCURVE_S1.);
#2344 = CIRCLE('',#2345,10.5);
#2345 = AXIS2_PLACEMENT_3D('',#2346,#2347,#2348);
#2346 = CARTESIAN_POINT('',(-23.2,0.,0.));
#2347 = DIRECTION('',(1.,0.,0.));
#2348 = DIRECTION('',(-0.,0.,1.));
#2349 = PCURVE('',#205,#2350);
#2350 = DEFINITIONAL_REPRESENTATION('',(#2351),#2355);
#2351 = LINE('',#2352,#2353);
#2352 = CARTESIAN_POINT('',(0.,8.3));
#2353 = VECTOR('',#2354,1.);
#2354 = DIRECTION('',(1.,0.));
#2355 = ( GEOMETRIC_REPRESENTATION_CONTEXT(2) 
PARAMETRIC_REPRESENTATION_CONTEXT() REPRESENTATION_CONTEXT('2D SPACE',''
  ) );
#2356 = PCURVE('',#2259,#2357);
#2357 = DEFINITIONAL_REPRESENTATION('',(#2358),#2362);
#2358 = CIRCLE('',#2359,10.5);
#2359 = AXIS2_PLACEMENT_2D('',#2360,#2361);
#2360 = CARTESIAN_POINT('',(0.,0.));
#2361 = DIRECTION('',(1.,0.));
#2362 = ( GEOMETRIC_REPRESENTATION_CONTEXT(2) 
PARAMETRIC_REPRESENTATION_CONTEXT() REPRESENTATION_CONTEXT('2D SPACE',''
  ) );
#2363 = ORIENTED_EDGE('',*,*,#2295,.F.);
#2364 = ORIENTED_EDGE('',*,*,#184,.T.);
#2365 = ORIENTED_EDGE('',*,*,#2366,.T.);
#2366 = EDGE_CURVE('',#153,#2367,#2369,.T.);
#2367 = VERTEX_POINT('',#2368);
#2368 = CARTESIAN_POINT('',(-20.6,-6.749269901709,8.043466652749));
#2369 = SURFACE_CURVE('',#2370,(#2374,#2381),.PCURVE_S1.);
#2370 = LINE('',#2371,#2372);
#2371 = CARTESIAN_POINT('',(-29.77685129555,-6.749269901709,
    8.043466652749));
#2372 = VECTOR('',#2373,1.);
#2373 = DIRECTION('',(1.,9.678465860406E-17,-1.935693172081E-16));
#2374 = PCURVE('',#205,#2375);
#2375 = DEFINITIONAL_REPRESENTATION('',(#2376),#2380);
#2376 = LINE('',#2377,#2378);
#2377 = CARTESIAN_POINT('',(0.698131700798,1.723148704449));
#2378 = VECTOR('',#2379,1.);
#2379 = DIRECTION('',(0.,1.));
#2380 = ( GEOMETRIC_REPRESENTATION_CONTEXT(2) 
PARAMETRIC_REPRESENTATION_CONTEXT() REPRESENTATION_CONTEXT('2D SPACE',''
  ) );
#2381 = PCURVE('',#172,#2382);
#2382 = DEFINITIONAL_REPRESENTATION('',(#2383),#2387);
#2383 = LINE('',#2384,#2385);
#2384 = CARTESIAN_POINT('',(10.5,-2.723148704449));
#2385 = VECTOR('',#2386,1.);
#2386 = DIRECTION('',(-2.10494679164E-16,-1.));
#2387 = ( GEOMETRIC_REPRESENTATION_CONTEXT(2) 
PARAMETRIC_REPRESENTATION_CONTEXT() REPRESENTATION_CONTEXT('2D SPACE',''
  ) );
#2388 = ORIENTED_EDGE('',*,*,#2389,.F.);
#2389 = EDGE_CURVE('',#2390,#2367,#2392,.T.);
#2390 = VERTEX_POINT('',#2391);
#2391 = CARTESIAN_POINT('',(-20.6,-6.464445490919,8.274112912871));
#2392 = SURFACE_CURVE('',#2393,(#2398,#2405),.PCURVE_S1.);
#2393 = CIRCLE('',#2394,10.5);
#2394 = AXIS2_PLACEMENT_3D('',#2395,#2396,#2397);
#2395 = CARTESIAN_POINT('',(-20.6,0.,0.));
#2396 = DIRECTION('',(1.,0.,0.));
#2397 = DIRECTION('',(-0.,0.,1.));
#2398 = PCURVE('',#205,#2399);
#2399 = DEFINITIONAL_REPRESENTATION('',(#2400),#2404);
#2400 = LINE('',#2401,#2402);
#2401 = CARTESIAN_POINT('',(0.,10.9));
#2402 = VECTOR('',#2403,1.);
#2403 = DIRECTION('',(1.,0.));
#2404 = ( GEOMETRIC_REPRESENTATION_CONTEXT(2) 
PARAMETRIC_REPRESENTATION_CONTEXT() REPRESENTATION_CONTEXT('2D SPACE',''
  ) );
#2405 = PCURVE('',#2406,#2411);
#2406 = PLANE('',#2407);
#2407 = AXIS2_PLACEMENT_3D('',#2408,#2409,#2410);
#2408 = CARTESIAN_POINT('',(-20.6,0.,0.));
#2409 = DIRECTION('',(1.,0.,0.));
#2410 = DIRECTION('',(-0.,0.,1.));
#2411 = DEFINITIONAL_REPRESENTATION('',(#2412),#2416);
#2412 = CIRCLE('',#2413,10.5);
#2413 = AXIS2_PLACEMENT_2D('',#2414,#2415);
#2414 = CARTESIAN_POINT('',(0.,0.));
#2415 = DIRECTION('',(1.,0.));
#2416 = ( GEOMETRIC_REPRESENTATION_CONTEXT(2) 
PARAMETRIC_REPRESENTATION_CONTEXT() REPRESENTATION_CONTEXT('2D SPACE',''
  ) );
#2417 = ORIENTED_EDGE('',*,*,#2418,.F.);
#2418 = EDGE_CURVE('',#2341,#2390,#2419,.T.);
#2419 = SURFACE_CURVE('',#2420,(#2424,#2431),.PCURVE_S1.);
#2420 = LINE('',#2421,#2422);
#2421 = CARTESIAN_POINT('',(-23.2,-6.464445490919,8.274112912871));
#2422 = VECTOR('',#2423,1.);
#2423 = DIRECTION('',(1.,0.,0.));
#2424 = PCURVE('',#205,#2425);
#2425 = DEFINITIONAL_REPRESENTATION('',(#2426),#2430);
#2426 = LINE('',#2427,#2428);
#2427 = CARTESIAN_POINT('',(0.663225115758,8.3));
#2428 = VECTOR('',#2429,1.);
#2429 = DIRECTION('',(0.,1.));
#2430 = ( GEOMETRIC_REPRESENTATION_CONTEXT(2) 
PARAMETRIC_REPRESENTATION_CONTEXT() REPRESENTATION_CONTEXT('2D SPACE',''
  ) );
#2431 = PCURVE('',#2432,#2437);
#2432 = PLANE('',#2433);
#2433 = AXIS2_PLACEMENT_3D('',#2434,#2435,#2436);
#2434 = CARTESIAN_POINT('',(-24.2,0.,0.));
#2435 = DIRECTION('',(0.,-0.788010753607,-0.615661475326));
#2436 = DIRECTION('',(0.,-0.615661475326,0.788010753607));
#2437 = DEFINITIONAL_REPRESENTATION('',(#2438),#2442);
#2438 = LINE('',#2439,#2440);
#2439 = CARTESIAN_POINT('',(10.5,-1.));
#2440 = VECTOR('',#2441,1.);
#2441 = DIRECTION('',(0.,-1.));
#2442 = ( GEOMETRIC_REPRESENTATION_CONTEXT(2) 
PARAMETRIC_REPRESENTATION_CONTEXT() REPRESENTATION_CONTEXT('2D SPACE',''
  ) );
#2443 = ADVANCED_FACE('',(#2444),#172,.T.);
#2444 = FACE_BOUND('',#2445,.T.);
#2445 = EDGE_LOOP('',(#2446,#2447,#2470,#2497,#2518,#2519));
#2446 = ORIENTED_EDGE('',*,*,#2220,.T.);
#2447 = ORIENTED_EDGE('',*,*,#2448,.T.);
#2448 = EDGE_CURVE('',#2221,#2449,#2451,.T.);
#2449 = VERTEX_POINT('',#2450);
#2450 = CARTESIAN_POINT('',(-23.2,-3.856725658119,4.596266658714));
#2451 = SURFACE_CURVE('',#2452,(#2456,#2463),.PCURVE_S1.);
#2452 = LINE('',#2453,#2454);
#2453 = CARTESIAN_POINT('',(-23.2,0.,0.));
#2454 = VECTOR('',#2455,1.);
#2455 = DIRECTION('',(0.,0.642787609687,-0.766044443119));
#2456 = PCURVE('',#172,#2457);
#2457 = DEFINITIONAL_REPRESENTATION('',(#2458),#2462);
#2458 = LINE('',#2459,#2460);
#2459 = CARTESIAN_POINT('',(0.,-9.3));
#2460 = VECTOR('',#2461,1.);
#2461 = DIRECTION('',(-1.,-0.));
#2462 = ( GEOMETRIC_REPRESENTATION_CONTEXT(2) 
PARAMETRIC_REPRESENTATION_CONTEXT() REPRESENTATION_CONTEXT('2D SPACE',''
  ) );
#2463 = PCURVE('',#2259,#2464);
#2464 = DEFINITIONAL_REPRESENTATION('',(#2465),#2469);
#2465 = LINE('',#2466,#2467);
#2466 = CARTESIAN_POINT('',(0.,0.));
#2467 = VECTOR('',#2468,1.);
#2468 = DIRECTION('',(-0.766044443119,-0.642787609687));
#2469 = ( GEOMETRIC_REPRESENTATION_CONTEXT(2) 
PARAMETRIC_REPRESENTATION_CONTEXT() REPRESENTATION_CONTEXT('2D SPACE',''
  ) );
#2470 = ORIENTED_EDGE('',*,*,#2471,.T.);
#2471 = EDGE_CURVE('',#2449,#2472,#2474,.T.);
#2472 = VERTEX_POINT('',#2473);
#2473 = CARTESIAN_POINT('',(-20.6,-3.856725658119,4.596266658714));
#2474 = SURFACE_CURVE('',#2475,(#2479,#2486),.PCURVE_S1.);
#2475 = LINE('',#2476,#2477);
#2476 = CARTESIAN_POINT('',(-23.2,-3.856725658119,4.596266658714));
#2477 = VECTOR('',#2478,1.);
#2478 = DIRECTION('',(1.,0.,0.));
#2479 = PCURVE('',#172,#2480);
#2480 = DEFINITIONAL_REPRESENTATION('',(#2481),#2485);
#2481 = LINE('',#2482,#2483);
#2482 = CARTESIAN_POINT('',(6.,-9.3));
#2483 = VECTOR('',#2484,1.);
#2484 = DIRECTION('',(0.,-1.));
#2485 = ( GEOMETRIC_REPRESENTATION_CONTEXT(2) 
PARAMETRIC_REPRESENTATION_CONTEXT() REPRESENTATION_CONTEXT('2D SPACE',''
  ) );
#2486 = PCURVE('',#2487,#2492);
#2487 = CYLINDRICAL_SURFACE('',#2488,6.);
#2488 = AXIS2_PLACEMENT_3D('',#2489,#2490,#2491);
#2489 = CARTESIAN_POINT('',(-23.2,0.,0.));
#2490 = DIRECTION('',(1.,0.,0.));
#2491 = DIRECTION('',(-0.,0.,1.));
#2492 = DEFINITIONAL_REPRESENTATION('',(#2493),#2496);
#2493 = B_SPLINE_CURVE_WITH_KNOTS('',1,(#2494,#2495),.UNSPECIFIED.,.F.,
  .F.,(2,2),(0.,2.6),.PIECEWISE_BEZIER_KNOTS.);
#2494 = CARTESIAN_POINT('',(0.698131700798,0.));
#2495 = CARTESIAN_POINT('',(0.698131700798,2.6));
#2496 = ( GEOMETRIC_REPRESENTATION_CONTEXT(2) 
PARAMETRIC_REPRESENTATION_CONTEXT() REPRESENTATION_CONTEXT('2D SPACE',''
  ) );
#2497 = ORIENTED_EDGE('',*,*,#2498,.T.);
#2498 = EDGE_CURVE('',#2472,#2367,#2499,.T.);
#2499 = SURFACE_CURVE('',#2500,(#2504,#2511),.PCURVE_S1.);
#2500 = LINE('',#2501,#2502);
#2501 = CARTESIAN_POINT('',(-20.6,-3.856725658119,4.596266658714));
#2502 = VECTOR('',#2503,1.);
#2503 = DIRECTION('',(0.,-0.642787609687,0.766044443119));
#2504 = PCURVE('',#172,#2505);
#2505 = DEFINITIONAL_REPRESENTATION('',(#2506),#2510);
#2506 = LINE('',#2507,#2508);
#2507 = CARTESIAN_POINT('',(6.,-11.9));
#2508 = VECTOR('',#2509,1.);
#2509 = DIRECTION('',(1.,0.));
#2510 = ( GEOMETRIC_REPRESENTATION_CONTEXT(2) 
PARAMETRIC_REPRESENTATION_CONTEXT() REPRESENTATION_CONTEXT('2D SPACE',''
  ) );
#2511 = PCURVE('',#2406,#2512);
#2512 = DEFINITIONAL_REPRESENTATION('',(#2513),#2517);
#2513 = LINE('',#2514,#2515);
#2514 = CARTESIAN_POINT('',(4.596266658714,3.856725658119));
#2515 = VECTOR('',#2516,1.);
#2516 = DIRECTION('',(0.766044443119,0.642787609687));
#2517 = ( GEOMETRIC_REPRESENTATION_CONTEXT(2) 
PARAMETRIC_REPRESENTATION_CONTEXT() REPRESENTATION_CONTEXT('2D SPACE',''
  ) );
#2518 = ORIENTED_EDGE('',*,*,#2366,.F.);
#2519 = ORIENTED_EDGE('',*,*,#152,.F.);
#2520 = ADVANCED_FACE('',(#2521),#946,.F.);
#2521 = FACE_BOUND('',#2522,.F.);
#2522 = EDGE_LOOP('',(#2523,#2524,#2525,#2692));
#2523 = ORIENTED_EDGE('',*,*,#927,.F.);
#2524 = ORIENTED_EDGE('',*,*,#2191,.T.);
#2525 = ORIENTED_EDGE('',*,*,#2526,.F.);
#2526 = EDGE_CURVE('',#1042,#2112,#2527,.T.);
#2527 = SURFACE_CURVE('',#2528,(#2619,#2685),.PCURVE_S1.);
#2528 = B_SPLINE_CURVE_WITH_KNOTS('',12,(#2529,#2530,#2531,#2532,#2533,
    #2534,#2535,#2536,#2537,#2538,#2539,#2540,#2541,#2542,#2543,#2544,
    #2545,#2546,#2547,#2548,#2549,#2550,#2551,#2552,#2553,#2554,#2555,
    #2556,#2557,#2558,#2559,#2560,#2561,#2562,#2563,#2564,#2565,#2566,
    #2567,#2568,#2569,#2570,#2571,#2572,#2573,#2574,#2575,#2576,#2577,
    #2578,#2579,#2580,#2581,#2582,#2583,#2584,#2585,#2586,#2587,#2588,
    #2589,#2590,#2591,#2592,#2593,#2594,#2595,#2596,#2597,#2598,#2599,
    #2600,#2601,#2602,#2603,#2604,#2605,#2606,#2607,#2608,#2609,#2610,
    #2611,#2612,#2613,#2614,#2615,#2616,#2617,#2618),.UNSPECIFIED.,.F.,
  .F.,(13,11,11,11,11,11,11,11,13),(-2.776016373372,-2.756446466717E-15,
    14.608405839192,21.912608758789,29.216811678385,36.521014597981,
    43.825217517577,58.43362335677,61.209639730143),.UNSPECIFIED.);
#2529 = CARTESIAN_POINT('',(-66.08017878781,-0.581132492316,
    -2.974318876269));
#2530 = CARTESIAN_POINT('',(-66.0801787878,-0.604977752719,
    -2.72206237037));
#2531 = CARTESIAN_POINT('',(-66.0801787878,-0.62863174098,-2.47182931238
    ));
#2532 = CARTESIAN_POINT('',(-66.0801787878,-0.652094457099,
    -2.223619702298));
#2533 = CARTESIAN_POINT('',(-66.0801787878,-0.675365901076,
    -1.977433540125));
#2534 = CARTESIAN_POINT('',(-66.0801787878,-0.69844607291,
    -1.733270825859));
#2535 = CARTESIAN_POINT('',(-66.0801787878,-0.721334972602,
    -1.491131559502));
#2536 = CARTESIAN_POINT('',(-66.0801787878,-0.744032600152,
    -1.251015741053));
#2537 = CARTESIAN_POINT('',(-66.0801787878,-0.766538955559,
    -1.012923370513));
#2538 = CARTESIAN_POINT('',(-66.0801787878,-0.788854038825,
    -0.776854447881));
#2539 = CARTESIAN_POINT('',(-66.0801787878,-0.810977849948,
    -0.542808973157));
#2540 = CARTESIAN_POINT('',(-66.0801787878,-0.832910388928,
    -0.310786946341));
#2541 = CARTESIAN_POINT('',(-66.08017878781,-0.969062093861,
    1.129547643315));
#2542 = CARTESIAN_POINT('',(-65.99339933797,-1.083500093094,
    2.340175220442));
#2543 = CARTESIAN_POINT('',(-65.8197730841,-1.197312064996,
    3.544180120244));
#2544 = CARTESIAN_POINT('',(-65.55987036054,-1.309847388301,
    4.734679488683));
#2545 = CARTESIAN_POINT('',(-65.21488268984,-1.420463758864,
    5.904878457511));
#2546 = CARTESIAN_POINT('',(-64.78660324148,-1.528532317349,
    7.048124389914));
#2547 = CARTESIAN_POINT('',(-64.27740426314,-1.633442554913,
    8.157958776776));
#2548 = CARTESIAN_POINT('',(-63.69021146733,-1.734606996576,
    9.228166782126));
#2549 = CARTESIAN_POINT('',(-63.02847539171,-1.831465662628,
    10.252824439357));
#2550 = CARTESIAN_POINT('',(-62.29613971641,-1.92349030774,
    11.226343496722));
#2551 = CARTESIAN_POINT('',(-61.49760655139,-2.010188438043,
    12.143513913302));
#2552 = CARTESIAN_POINT('',(-60.20774475207,-2.131566439983,
    13.427559050313));
#2553 = CARTESIAN_POINT('',(-59.76244698574,-2.17058091033,
    13.84028903533));
#2554 = CARTESIAN_POINT('',(-59.30240800342,-2.208093902407,
    14.237135039413));
#2555 = CARTESIAN_POINT('',(-58.82825656632,-2.244051269375,
    14.617524248803));
#2556 = CARTESIAN_POINT('',(-58.34064631255,-2.278401451767,
    14.980911221356));
#2557 = CARTESIAN_POINT('',(-57.84025442808,-2.31109559007,
    15.326779077361));
#2558 = CARTESIAN_POINT('',(-57.32778025748,-2.342087630315,
    15.654640616767));
#2559 = CARTESIAN_POINT('',(-56.80394385135,-2.371334422635,
    15.964039361617));
#2560 = CARTESIAN_POINT('',(-56.26948445474,-2.398795812876,
    16.254550525358));
#2561 = CARTESIAN_POINT('',(-55.72515893173,-2.424434727144,
    16.525781907157));
#2562 = CARTESIAN_POINT('',(-55.17174013061,-2.448217249414,
    16.777374712927));
#2563 = CARTESIAN_POINT('',(-54.04829024202,-2.492008134761,
    17.240633890676));
#2564 = CARTESIAN_POINT('',(-53.47825915909,-2.512016497124,
    17.452300255105));
#2565 = CARTESIAN_POINT('',(-52.90070908524,-2.53010708962,
    17.643678733499));
#2566 = CARTESIAN_POINT('',(-52.31644147518,-2.54625244824,
    17.814478786924));
#2567 = CARTESIAN_POINT('',(-51.72627041366,-2.560428402255,
    17.964444715922));
#2568 = CARTESIAN_POINT('',(-51.13102089429,-2.572614133382,
    18.093356285866));
#2569 = CARTESIAN_POINT('',(-50.53152705446,-2.582792225538,
    18.20102925407));
#2570 = CARTESIAN_POINT('',(-49.92863038257,-2.590948705305,
    18.287315796978));
#2571 = CARTESIAN_POINT('',(-49.32317789459,-2.5970730722,18.35210483129
    ));
#2572 = CARTESIAN_POINT('',(-48.716020299,-2.601158319164,
    18.395322229927));
#2573 = CARTESIAN_POINT('',(-48.10801014949,-2.603200942644,
    18.416930929234));
#2574 = CARTESIAN_POINT('',(-46.8919898505,-2.603200942644,
    18.416930929237));
#2575 = CARTESIAN_POINT('',(-46.28397970098,-2.601158319163,
    18.395322229917));
#2576 = CARTESIAN_POINT('',(-45.6768221054,-2.597073072204,
    18.352104831317));
#2577 = CARTESIAN_POINT('',(-45.07136961742,-2.590948705297,
    18.287315796931));
#2578 = CARTESIAN_POINT('',(-44.46847294552,-2.582792225549,
    18.201029254135));
#2579 = CARTESIAN_POINT('',(-43.86897910571,-2.57261413337,
    18.093356285795));
#2580 = CARTESIAN_POINT('',(-43.27372958632,-2.560428402265,
    17.964444715982));
#2581 = CARTESIAN_POINT('',(-42.68355852482,-2.546252448233,
    17.814478786885));
#2582 = CARTESIAN_POINT('',(-42.09929091475,-2.530107089624,
    17.643678733518));
#2583 = CARTESIAN_POINT('',(-41.5217408409,-2.512016497123,
    17.452300255098));
#2584 = CARTESIAN_POINT('',(-40.95170975797,-2.492008134761,
    17.240633890677));
#2585 = CARTESIAN_POINT('',(-39.82825986938,-2.448217249414,
    16.777374712925));
#2586 = CARTESIAN_POINT('',(-39.27484106827,-2.424434727146,
    16.525781907167));
#2587 = CARTESIAN_POINT('',(-38.73051554523,-2.398795812872,
    16.25455052533));
#2588 = CARTESIAN_POINT('',(-38.19605614869,-2.371334422642,
    15.96403936167));
#2589 = CARTESIAN_POINT('',(-37.67221974243,-2.342087630305,
    15.654640616692));
#2590 = CARTESIAN_POINT('',(-37.15974557201,-2.311095590081,
    15.326779077443));
#2591 = CARTESIAN_POINT('',(-36.65935368735,-2.278401451758,
    14.980911221286));
#2592 = CARTESIAN_POINT('',(-36.17174343374,-2.244051269381,
    14.617524248848));
#2593 = CARTESIAN_POINT('',(-35.69759199653,-2.208093902404,
    14.237135039391));
#2594 = CARTESIAN_POINT('',(-35.23755301427,-2.17058091033,
    13.840289035337));
#2595 = CARTESIAN_POINT('',(-34.79225524792,-2.131566439983,
    13.427559050312));
#2596 = CARTESIAN_POINT('',(-33.50239344861,-2.010188438043,
    12.143513913303));
#2597 = CARTESIAN_POINT('',(-32.70386028357,-1.92349030774,
    11.226343496721));
#2598 = CARTESIAN_POINT('',(-31.97152460833,-1.831465662628,
    10.252824439357));
#2599 = CARTESIAN_POINT('',(-31.30978853258,-1.734606996577,
    9.22816678213));
#2600 = CARTESIAN_POINT('',(-30.72259573697,-1.633442554911,
    8.157958776767));
#2601 = CARTESIAN_POINT('',(-30.21339675836,-1.528532317352,
    7.048124389926));
#2602 = CARTESIAN_POINT('',(-29.78511731031,-1.420463758861,
    5.904878457497));
#2603 = CARTESIAN_POINT('',(-29.44012963932,-1.309847388303,
    4.734679488694));
#2604 = CARTESIAN_POINT('',(-29.18022691598,-1.197312064995,
    3.544180120237));
#2605 = CARTESIAN_POINT('',(-29.00660066199,-1.083500093094,
    2.340175220445));
#2606 = CARTESIAN_POINT('',(-28.91982121219,-0.969062093861,
    1.129547643314));
#2607 = CARTESIAN_POINT('',(-28.91982121219,-0.832910388929,
    -0.310786946341));
#2608 = CARTESIAN_POINT('',(-28.91982121219,-0.810977849948,
    -0.542808973157));
#2609 = CARTESIAN_POINT('',(-28.91982121219,-0.788854038825,
    -0.776854447881));
#2610 = CARTESIAN_POINT('',(-28.91982121219,-0.76653895556,
    -1.012923370513));
#2611 = CARTESIAN_POINT('',(-28.91982121219,-0.744032600152,
    -1.251015741053));
#2612 = CARTESIAN_POINT('',(-28.91982121219,-0.721334972602,
    -1.491131559502));
#2613 = CARTESIAN_POINT('',(-28.91982121219,-0.69844607291,
    -1.733270825859));
#2614 = CARTESIAN_POINT('',(-28.91982121219,-0.675365901076,
    -1.977433540125));
#2615 = CARTESIAN_POINT('',(-28.91982121219,-0.652094457099,
    -2.223619702298));
#2616 = CARTESIAN_POINT('',(-28.91982121219,-0.62863174098,
    -2.47182931238));
#2617 = CARTESIAN_POINT('',(-28.91982121219,-0.604977752719,
    -2.72206237037));
#2618 = CARTESIAN_POINT('',(-28.91982121219,-0.581132492316,
    -2.974318876269));
#2619 = PCURVE('',#946,#2620);
#2620 = DEFINITIONAL_REPRESENTATION('',(#2621),#2684);
#2621 = B_SPLINE_CURVE_WITH_KNOTS('',11,(#2622,#2623,#2624,#2625,#2626,
    #2627,#2628,#2629,#2630,#2631,#2632,#2633,#2634,#2635,#2636,#2637,
    #2638,#2639,#2640,#2641,#2642,#2643,#2644,#2645,#2646,#2647,#2648,
    #2649,#2650,#2651,#2652,#2653,#2654,#2655,#2656,#2657,#2658,#2659,
    #2660,#2661,#2662,#2663,#2664,#2665,#2666,#2667,#2668,#2669,#2670,
    #2671,#2672,#2673,#2674,#2675,#2676,#2677,#2678,#2679,#2680,#2681,
    #2682,#2683),.UNSPECIFIED.,.F.,.F.,(12,10,10,10,10,10,12),(
    1.077330865143,15.147071271764,22.181941475075,29.216811678385,
    36.251681881695,43.286552085006,57.356292491627),.UNSPECIFIED.);
#2622 = CARTESIAN_POINT('',(3.193079892665,5.324090157178E-02));
#2623 = CARTESIAN_POINT('',(3.199740764143,0.121604106287));
#2624 = CARTESIAN_POINT('',(3.206689534884,0.189954039665));
#2625 = CARTESIAN_POINT('',(3.214018664709,0.258279100989));
#2626 = CARTESIAN_POINT('',(3.221829061456,0.326567760379));
#2627 = CARTESIAN_POINT('',(3.230244326395,0.394808927449));
#2628 = CARTESIAN_POINT('',(3.239415302753,0.462991539232));
#2629 = CARTESIAN_POINT('',(3.24952855667,0.531103032422));
#2630 = CARTESIAN_POINT('',(3.260832420183,0.59912636507));
#2631 = CARTESIAN_POINT('',(3.273694225591,0.667035252806));
#2632 = CARTESIAN_POINT('',(3.288702360733,0.734787284683));
#2633 = CARTESIAN_POINT('',(3.315888981523,0.83607823328));
#2634 = CARTESIAN_POINT('',(3.325733892638,0.869785247116));
#2635 = CARTESIAN_POINT('',(3.336460728585,0.903429530105));
#2636 = CARTESIAN_POINT('',(3.348270890054,0.936995181192));
#2637 = CARTESIAN_POINT('',(3.361358092398,0.970467838142));
#2638 = CARTESIAN_POINT('',(3.375944505359,1.003832098807));
#2639 = CARTESIAN_POINT('',(3.392346082223,1.037065647414));
#2640 = CARTESIAN_POINT('',(3.411014557108,1.070135205544));
#2641 = CARTESIAN_POINT('',(3.432567884238,1.10299391854));
#2642 = CARTESIAN_POINT('',(3.457885187415,1.1355742793));
#2643 = CARTESIAN_POINT('',(3.518927978515,1.199956085692));
#2644 = CARTESIAN_POINT('',(3.554726952953,1.231767771766));
#2645 = CARTESIAN_POINT('',(3.596914116553,1.262984724929));
#2646 = CARTESIAN_POINT('',(3.648173459582,1.293890672442));
#2647 = CARTESIAN_POINT('',(3.712176508317,1.322967069703));
#2648 = CARTESIAN_POINT('',(3.785489292216,1.352478047538));
#2649 = CARTESIAN_POINT('',(3.899181340092,1.377747705059));
#2650 = CARTESIAN_POINT('',(4.013050185764,1.402617734177));
#2651 = CARTESIAN_POINT('',(4.221883831017,1.421146729234));
#2652 = CARTESIAN_POINT('',(4.466987396407,1.430378299325));
#2653 = CARTESIAN_POINT('',(4.957790564363,1.430378299325));
#2654 = CARTESIAN_POINT('',(5.202894129752,1.421146729233));
#2655 = CARTESIAN_POINT('',(5.411727775006,1.402617734179));
#2656 = CARTESIAN_POINT('',(5.525596620678,1.377747705056));
#2657 = CARTESIAN_POINT('',(5.639288668553,1.352478047541));
#2658 = CARTESIAN_POINT('',(5.712601452454,1.3229670697));
#2659 = CARTESIAN_POINT('',(5.776604501185,1.293890672444));
#2660 = CARTESIAN_POINT('',(5.827863844218,1.262984724928));
#2661 = CARTESIAN_POINT('',(5.870051007816,1.231767771767));
#2662 = CARTESIAN_POINT('',(5.905849982254,1.199956085692));
#2663 = CARTESIAN_POINT('',(5.966892773354,1.1355742793));
#2664 = CARTESIAN_POINT('',(5.99221007653,1.102993918539));
#2665 = CARTESIAN_POINT('',(6.013763403665,1.070135205545));
#2666 = CARTESIAN_POINT('',(6.03243187854,1.037065647414));
#2667 = CARTESIAN_POINT('',(6.048833455418,1.003832098808));
#2668 = CARTESIAN_POINT('',(6.063419868364,0.970467838141));
#2669 = CARTESIAN_POINT('',(6.07650707072,0.936995181192));
#2670 = CARTESIAN_POINT('',(6.088317232182,0.903429530104));
#2671 = CARTESIAN_POINT('',(6.099044068132,0.869785247116));
#2672 = CARTESIAN_POINT('',(6.108888979247,0.83607823328));
#2673 = CARTESIAN_POINT('',(6.136075600036,0.734787284683));
#2674 = CARTESIAN_POINT('',(6.151083735178,0.667035252806));
#2675 = CARTESIAN_POINT('',(6.163945540589,0.59912636507));
#2676 = CARTESIAN_POINT('',(6.175249404096,0.531103032422));
#2677 = CARTESIAN_POINT('',(6.18536265802,0.462991539232));
#2678 = CARTESIAN_POINT('',(6.19453363437,0.394808927449));
#2679 = CARTESIAN_POINT('',(6.202948899317,0.326567760379));
#2680 = CARTESIAN_POINT('',(6.210759296058,0.258279100989));
#2681 = CARTESIAN_POINT('',(6.218088425886,0.189954039665));
#2682 = CARTESIAN_POINT('',(6.225037196627,0.121604106287));
#2683 = CARTESIAN_POINT('',(6.231698068105,5.324090157178E-02));
#2684 = ( GEOMETRIC_REPRESENTATION_CONTEXT(2) 
PARAMETRIC_REPRESENTATION_CONTEXT() REPRESENTATION_CONTEXT('2D SPACE',''
  ) );
#2685 = PCURVE('',#1124,#2686);
#2686 = DEFINITIONAL_REPRESENTATION('',(#2687),#2691);
#2687 = LINE('',#2688,#2689);
#2688 = CARTESIAN_POINT('',(58.43362335677,0.));
#2689 = VECTOR('',#2690,1.);
#2690 = DIRECTION('',(0.,1.));
#2691 = ( GEOMETRIC_REPRESENTATION_CONTEXT(2) 
PARAMETRIC_REPRESENTATION_CONTEXT() REPRESENTATION_CONTEXT('2D SPACE',''
  ) );
#2692 = ORIENTED_EDGE('',*,*,#1041,.T.);
#2693 = ADVANCED_FACE('',(#2694),#1124,.F.);
#2694 = FACE_BOUND('',#2695,.F.);
#2695 = EDGE_LOOP('',(#2696,#2869,#2870,#2871));
#2696 = ORIENTED_EDGE('',*,*,#2697,.F.);
#2697 = EDGE_CURVE('',#1071,#2091,#2698,.T.);
#2698 = SURFACE_CURVE('',#2699,(#2790,#2797),.PCURVE_S1.);
#2699 = B_SPLINE_CURVE_WITH_KNOTS('',12,(#2700,#2701,#2702,#2703,#2704,
    #2705,#2706,#2707,#2708,#2709,#2710,#2711,#2712,#2713,#2714,#2715,
    #2716,#2717,#2718,#2719,#2720,#2721,#2722,#2723,#2724,#2725,#2726,
    #2727,#2728,#2729,#2730,#2731,#2732,#2733,#2734,#2735,#2736,#2737,
    #2738,#2739,#2740,#2741,#2742,#2743,#2744,#2745,#2746,#2747,#2748,
    #2749,#2750,#2751,#2752,#2753,#2754,#2755,#2756,#2757,#2758,#2759,
    #2760,#2761,#2762,#2763,#2764,#2765,#2766,#2767,#2768,#2769,#2770,
    #2771,#2772,#2773,#2774,#2775,#2776,#2777,#2778,#2779,#2780,#2781,
    #2782,#2783,#2784,#2785,#2786,#2787,#2788,#2789),.UNSPECIFIED.,.F.,
  .F.,(13,11,11,11,11,11,11,11,13),(-2.776016373372,-2.756446466717E-15,
    14.608405839192,21.912608758789,29.216811678385,36.521014597981,
    43.825217517577,58.43362335677,61.209639730143),.UNSPECIFIED.);
#2700 = CARTESIAN_POINT('',(-66.97921969689,0.273519163451,
    -2.893530508835));
#2701 = CARTESIAN_POINT('',(-66.97921969689,0.25072589983,
    -2.652402966432));
#2702 = CARTESIAN_POINT('',(-66.97921969689,0.227932636209,
    -2.41127542403));
#2703 = CARTESIAN_POINT('',(-66.97921969689,0.205139372588,
    -2.170147881627));
#2704 = CARTESIAN_POINT('',(-66.97921969689,0.182346108968,
    -1.929020339224));
#2705 = CARTESIAN_POINT('',(-66.97921969689,0.159552845347,
    -1.687892796821));
#2706 = CARTESIAN_POINT('',(-66.97921969689,0.136759581726,
    -1.446765254418));
#2707 = CARTESIAN_POINT('',(-66.97921969689,0.113966318105,
    -1.205637712015));
#2708 = CARTESIAN_POINT('',(-66.97921969689,9.117305448378E-02,
    -0.964510169612));
#2709 = CARTESIAN_POINT('',(-66.97921969689,6.837979086283E-02,
    -0.723382627209));
#2710 = CARTESIAN_POINT('',(-66.97921969689,4.558652724189E-02,
    -0.482255084806));
#2711 = CARTESIAN_POINT('',(-66.97921969689,2.279326362095E-02,
    -0.241127542403));
#2712 = CARTESIAN_POINT('',(-66.9792196969,-0.119946427034,
    1.268900656429));
#2713 = CARTESIAN_POINT('',(-66.8882414122,-0.23992086148,2.538097600321
    ));
#2714 = CARTESIAN_POINT('',(-66.70621596039,-0.359238811755,
    3.800349667107));
#2715 = CARTESIAN_POINT('',(-66.43374111284,-0.477218569118,
    5.048445131602));
#2716 = CARTESIAN_POINT('',(-66.07206495025,-0.59318691122,
    6.275262045253));
#2717 = CARTESIAN_POINT('',(-65.62306610419,-0.706484558244,
    7.473825956132));
#2718 = CARTESIAN_POINT('',(-65.08923059989,-0.816471381756,
    8.637365012713));
#2719 = CARTESIAN_POINT('',(-64.4736252805,-0.922531366102,
    9.759362450115));
#2720 = CARTESIAN_POINT('',(-63.77986783422,-1.024077322534,
    10.833606460216));
#2721 = CARTESIAN_POINT('',(-63.01209340477,-1.1205553559,
    11.854237444364));
#2722 = CARTESIAN_POINT('',(-62.17491780028,-1.211449084017,
    12.815792649672));
#2723 = CARTESIAN_POINT('',(-60.82263703606,-1.338700872478,
    14.16197595753));
#2724 = CARTESIAN_POINT('',(-60.35579042706,-1.379603336473,
    14.5946788291));
#2725 = CARTESIAN_POINT('',(-59.87348930555,-1.418931643199,
    15.010728856224));
#2726 = CARTESIAN_POINT('',(-59.37639292224,-1.45662902315,
    15.409525480255));
#2727 = CARTESIAN_POINT('',(-58.86518660499,-1.49264142096,
    15.790496855144));
#2728 = CARTESIAN_POINT('',(-58.34058036296,-1.526917613225,
    16.153101093889));
#2729 = CARTESIAN_POINT('',(-57.80330742786,-1.559409319028,
    16.496827437737));
#2730 = CARTESIAN_POINT('',(-57.25412272988,-1.590071303029,
    16.821197346773));
#2731 = CARTESIAN_POINT('',(-56.69380131203,-1.618861471298,
    17.125765513732));
#2732 = CARTESIAN_POINT('',(-56.12313667849,-1.645740959701,
    17.410120799024));
#2733 = CARTESIAN_POINT('',(-55.54293908111,-1.670674215009,
    17.673887088769));
#2734 = CARTESIAN_POINT('',(-54.36512840061,-1.716583922198,
    18.159561060302));
#2735 = CARTESIAN_POINT('',(-53.76751532214,-1.737560373355,
    18.381468734423));
#2736 = CARTESIAN_POINT('',(-53.16201973955,-1.756526251464,
    18.582106767405));
#2737 = CARTESIAN_POINT('',(-52.54948187693,-1.773452767589,
    18.761170604089));
#2738 = CARTESIAN_POINT('',(-51.93075519096,-1.78831458531,
    18.918392213169));
#2739 = CARTESIAN_POINT('',(-51.30670456736,-1.801089882535,
    19.05354074102));
#2740 = CARTESIAN_POINT('',(-50.67820447171,-1.81176040361,
    19.166423063003));
#2741 = CARTESIAN_POINT('',(-50.04613707099,-1.82031150155,
    19.256884230185));
#2742 = CARTESIAN_POINT('',(-49.41139032342,-1.826732169792,
    19.32480780531));
#2743 = CARTESIAN_POINT('',(-48.77485605573,-1.831015063556,
    19.370116088698));
#2744 = CARTESIAN_POINT('',(-48.13742802786,-1.833156510436,
    19.392770230377));
#2745 = CARTESIAN_POINT('',(-46.86257197214,-1.833156510436,
    19.39277023038));
#2746 = CARTESIAN_POINT('',(-46.22514394425,-1.831015063554,
    19.370116088686));
#2747 = CARTESIAN_POINT('',(-45.58860967657,-1.826732169795,
    19.324807805337));
#2748 = CARTESIAN_POINT('',(-44.953862929,-1.820311501546,
    19.256884230139));
#2749 = CARTESIAN_POINT('',(-44.32179552827,-1.811760403616,
    19.166423063066));
#2750 = CARTESIAN_POINT('',(-43.69329543266,-1.801089882528,
    19.053540740951));
#2751 = CARTESIAN_POINT('',(-43.069244809,-1.788314585315,
    18.918392213229));
#2752 = CARTESIAN_POINT('',(-42.45051812308,-1.773452767585,
    18.761170604049));
#2753 = CARTESIAN_POINT('',(-41.83798026043,-1.756526251466,
    18.582106767425));
#2754 = CARTESIAN_POINT('',(-41.23248467785,-1.737560373354,
    18.381468734416));
#2755 = CARTESIAN_POINT('',(-40.63487159939,-1.716583922198,
    18.159561060304));
#2756 = CARTESIAN_POINT('',(-39.45706091888,-1.670674215009,
    17.673887088767));
#2757 = CARTESIAN_POINT('',(-38.87686332151,-1.645740959702,
    17.410120799035));
#2758 = CARTESIAN_POINT('',(-38.30619868793,-1.618861471295,
    17.125765513703));
#2759 = CARTESIAN_POINT('',(-37.74587727017,-1.590071303034,
    16.821197346827));
#2760 = CARTESIAN_POINT('',(-37.19669257203,-1.559409319021,
    16.496827437661));
#2761 = CARTESIAN_POINT('',(-36.65941963714,-1.526917613233,
    16.153101093972));
#2762 = CARTESIAN_POINT('',(-36.13481339489,-1.492641420953,
    15.790496855074));
#2763 = CARTESIAN_POINT('',(-35.62360707784,-1.456629023155,
    15.4095254803));
#2764 = CARTESIAN_POINT('',(-35.1265106944,-1.418931643197,
    15.010728856202));
#2765 = CARTESIAN_POINT('',(-34.64420957295,-1.379603336474,
    14.594678829107));
#2766 = CARTESIAN_POINT('',(-34.17736296392,-1.338700872478,
    14.161975957529));
#2767 = CARTESIAN_POINT('',(-32.82508219971,-1.211449084017,
    12.815792649673));
#2768 = CARTESIAN_POINT('',(-31.98790659521,-1.1205553559,
    11.854237444363));
#2769 = CARTESIAN_POINT('',(-31.22013216582,-1.024077322534,
    10.833606460215));
#2770 = CARTESIAN_POINT('',(-30.5263747194,-0.922531366102,
    9.759362450119));
#2771 = CARTESIAN_POINT('',(-29.91076940024,-0.816471381754,
    8.637365012704));
#2772 = CARTESIAN_POINT('',(-29.37693389563,-0.706484558246,
    7.473825956146));
#2773 = CARTESIAN_POINT('',(-28.92793504992,-0.593186911218,
    6.275262045239));
#2774 = CARTESIAN_POINT('',(-28.56625888701,-0.477218569119,
    5.048445131614));
#2775 = CARTESIAN_POINT('',(-28.29378403969,-0.359238811754,3.8003496671
    ));
#2776 = CARTESIAN_POINT('',(-28.11175858776,-0.23992086148,
    2.538097600324));
#2777 = CARTESIAN_POINT('',(-28.0207803031,-0.119946427034,
    1.268900656429));
#2778 = CARTESIAN_POINT('',(-28.0207803031,2.279326362094E-02,
    -0.241127542403));
#2779 = CARTESIAN_POINT('',(-28.0207803031,4.558652724188E-02,
    -0.482255084806));
#2780 = CARTESIAN_POINT('',(-28.0207803031,6.837979086281E-02,
    -0.723382627209));
#2781 = CARTESIAN_POINT('',(-28.0207803031,9.117305448375E-02,
    -0.964510169612));
#2782 = CARTESIAN_POINT('',(-28.0207803031,0.113966318105,
    -1.205637712015));
#2783 = CARTESIAN_POINT('',(-28.0207803031,0.136759581726,
    -1.446765254418));
#2784 = CARTESIAN_POINT('',(-28.0207803031,0.159552845347,
    -1.687892796821));
#2785 = CARTESIAN_POINT('',(-28.0207803031,0.182346108967,
    -1.929020339224));
#2786 = CARTESIAN_POINT('',(-28.0207803031,0.205139372588,
    -2.170147881627));
#2787 = CARTESIAN_POINT('',(-28.0207803031,0.227932636209,
    -2.411275424029));
#2788 = CARTESIAN_POINT('',(-28.0207803031,0.25072589983,-2.652402966432
    ));
#2789 = CARTESIAN_POINT('',(-28.0207803031,0.273519163451,
    -2.893530508835));
#2790 = PCURVE('',#1124,#2791);
#2791 = DEFINITIONAL_REPRESENTATION('',(#2792),#2796);
#2792 = LINE('',#2793,#2794);
#2793 = CARTESIAN_POINT('',(0.,0.));
#2794 = VECTOR('',#2795,1.);
#2795 = DIRECTION('',(0.,1.));
#2796 = ( GEOMETRIC_REPRESENTATION_CONTEXT(2) 
PARAMETRIC_REPRESENTATION_CONTEXT() REPRESENTATION_CONTEXT('2D SPACE',''
  ) );
#2797 = PCURVE('',#1436,#2798);
#2798 = DEFINITIONAL_REPRESENTATION('',(#2799),#2868);
#2799 = B_SPLINE_CURVE_WITH_KNOTS('',12,(#2800,#2801,#2802,#2803,#2804,
    #2805,#2806,#2807,#2808,#2809,#2810,#2811,#2812,#2813,#2814,#2815,
    #2816,#2817,#2818,#2819,#2820,#2821,#2822,#2823,#2824,#2825,#2826,
    #2827,#2828,#2829,#2830,#2831,#2832,#2833,#2834,#2835,#2836,#2837,
    #2838,#2839,#2840,#2841,#2842,#2843,#2844,#2845,#2846,#2847,#2848,
    #2849,#2850,#2851,#2852,#2853,#2854,#2855,#2856,#2857,#2858,#2859,
    #2860,#2861,#2862,#2863,#2864,#2865,#2866,#2867),.UNSPECIFIED.,.F.,
  .F.,(13,11,11,11,11,11,13),(-2.756446466717E-15,14.608405839192,
    21.912608758789,29.216811678385,36.521014597981,43.825217517577,
    58.43362335677),.UNSPECIFIED.);
#2800 = CARTESIAN_POINT('',(80.,-10.5207803031));
#2801 = CARTESIAN_POINT('',(78.725442813671,-10.5207803031));
#2802 = CARTESIAN_POINT('',(77.450588019032,-10.61175858775));
#2803 = CARTESIAN_POINT('',(76.18270906066,-10.79378403971));
#2804 = CARTESIAN_POINT('',(74.929049811854,-11.06625888697));
#2805 = CARTESIAN_POINT('',(73.696763970254,-11.42793504996));
#2806 = CARTESIAN_POINT('',(72.49285707775,-11.87693389559));
#2807 = CARTESIAN_POINT('',(71.324131174401,-12.41076940026));
#2808 = CARTESIAN_POINT('',(70.197132075014,-13.02637471939));
#2809 = CARTESIAN_POINT('',(69.118099279209,-13.72013216582));
#2810 = CARTESIAN_POINT('',(68.092918506493,-14.48790659521));
#2811 = CARTESIAN_POINT('',(67.127076861777,-15.32508219971));
#2812 = CARTESIAN_POINT('',(65.774892511916,-16.67736296393));
#2813 = CARTESIAN_POINT('',(65.340260729087,-17.14420957293));
#2814 = CARTESIAN_POINT('',(64.922356026177,-17.62651069444));
#2815 = CARTESIAN_POINT('',(64.521781638654,-18.12360707774));
#2816 = CARTESIAN_POINT('',(64.139111962509,-18.63481339504));
#2817 = CARTESIAN_POINT('',(63.774891299154,-19.15941963697));
#2818 = CARTESIAN_POINT('',(63.429632685784,-19.69669257219));
#2819 = CARTESIAN_POINT('',(63.103816793948,-20.24587727006));
#2820 = CARTESIAN_POINT('',(62.797890917327,-20.80619868799));
#2821 = CARTESIAN_POINT('',(62.512268027446,-21.37686332149));
#2822 = CARTESIAN_POINT('',(62.247325915257,-21.95706091889));
#2823 = CARTESIAN_POINT('',(61.759486896886,-23.13487159938));
#2824 = CARTESIAN_POINT('',(61.536589998447,-23.73248467787));
#2825 = CARTESIAN_POINT('',(61.335057557341,-24.33798026039));
#2826 = CARTESIAN_POINT('',(61.155195486458,-24.95051812316));
#2827 = CARTESIAN_POINT('',(60.997273011779,-25.56924480887));
#2828 = CARTESIAN_POINT('',(60.861522016293,-26.19329543281));
#2829 = CARTESIAN_POINT('',(60.748136485218,-26.82179552812));
#2830 = CARTESIAN_POINT('',(60.657272058571,-27.45386292911));
#2831 = CARTESIAN_POINT('',(60.589045692364,-28.08860967651));
#2832 = CARTESIAN_POINT('',(60.543535432865,-28.72514394428));
#2833 = CARTESIAN_POINT('',(60.5207803031,-29.36257197213));
#2834 = CARTESIAN_POINT('',(60.520780303106,-30.63742802786));
#2835 = CARTESIAN_POINT('',(60.543535432841,-31.27485605571));
#2836 = CARTESIAN_POINT('',(60.589045692419,-31.91139032348));
#2837 = CARTESIAN_POINT('',(60.657272058479,-32.5461370709));
#2838 = CARTESIAN_POINT('',(60.748136485338,-33.17820447184));
#2839 = CARTESIAN_POINT('',(60.861522016169,-33.80670456722));
#2840 = CARTESIAN_POINT('',(60.997273011881,-34.43075519109));
#2841 = CARTESIAN_POINT('',(61.155195486391,-35.04948187685));
#2842 = CARTESIAN_POINT('',(61.335057557376,-35.6620197396));
#2843 = CARTESIAN_POINT('',(61.536589998431,-36.26751532212));
#2844 = CARTESIAN_POINT('',(61.759486896892,-36.86512840061));
#2845 = CARTESIAN_POINT('',(62.247325915246,-38.0429390811));
#2846 = CARTESIAN_POINT('',(62.512268027506,-38.62313667853));
#2847 = CARTESIAN_POINT('',(62.797890917161,-39.19380131192));
#2848 = CARTESIAN_POINT('',(63.103816794267,-39.75412273007));
#2849 = CARTESIAN_POINT('',(63.429632685322,-40.30330742758));
#2850 = CARTESIAN_POINT('',(63.774891299673,-40.84058036328));
#2851 = CARTESIAN_POINT('',(64.139111962056,-41.36518660472));
#2852 = CARTESIAN_POINT('',(64.521781638959,-41.87639292241));
#2853 = CARTESIAN_POINT('',(64.922356026023,-42.37348930546));
#2854 = CARTESIAN_POINT('',(65.34026072914,-42.85579042709));
#2855 = CARTESIAN_POINT('',(65.774892511909,-43.32263703606));
#2856 = CARTESIAN_POINT('',(67.12707686178,-44.67491780028));
#2857 = CARTESIAN_POINT('',(68.092918506505,-45.51209340478));
#2858 = CARTESIAN_POINT('',(69.118099279158,-46.27986783417));
#2859 = CARTESIAN_POINT('',(70.197132075131,-46.97362528061));
#2860 = CARTESIAN_POINT('',(71.324131174209,-47.58923059971));
#2861 = CARTESIAN_POINT('',(72.492857077993,-48.12306610442));
#2862 = CARTESIAN_POINT('',(73.696763970012,-48.57206495002));
#2863 = CARTESIAN_POINT('',(74.929049812043,-48.93374111302));
#2864 = CARTESIAN_POINT('',(76.182709060547,-49.20621596028));
#2865 = CARTESIAN_POINT('',(77.450588019079,-49.38824141224));
#2866 = CARTESIAN_POINT('',(78.725442813659,-49.47921969689));
#2867 = CARTESIAN_POINT('',(80.,-49.47921969689));
#2868 = ( GEOMETRIC_REPRESENTATION_CONTEXT(2) 
PARAMETRIC_REPRESENTATION_CONTEXT() REPRESENTATION_CONTEXT('2D SPACE',''
  ) );
#2869 = ORIENTED_EDGE('',*,*,#1070,.F.);
#2870 = ORIENTED_EDGE('',*,*,#2526,.T.);
#2871 = ORIENTED_EDGE('',*,*,#2111,.T.);
#2872 = ADVANCED_FACE('',(#2873),#1436,.T.);
#2873 = FACE_BOUND('',#2874,.T.);
#2874 = EDGE_LOOP('',(#2875,#2876,#2877,#2878));
#2875 = ORIENTED_EDGE('',*,*,#1421,.F.);
#2876 = ORIENTED_EDGE('',*,*,#1824,.T.);
#2877 = ORIENTED_EDGE('',*,*,#2090,.F.);
#2878 = ORIENTED_EDGE('',*,*,#2697,.F.);
#2879 = ADVANCED_FACE('',(#2880,#2907),#1559,.T.);
#2880 = FACE_BOUND('',#2881,.T.);
#2881 = EDGE_LOOP('',(#2882,#2883,#2905,#2906));
#2882 = ORIENTED_EDGE('',*,*,#1674,.T.);
#2883 = ORIENTED_EDGE('',*,*,#2884,.T.);
#2884 = EDGE_CURVE('',#1648,#1752,#2885,.T.);
#2885 = SURFACE_CURVE('',#2886,(#2891,#2898),.PCURVE_S1.);
#2886 = CIRCLE('',#2887,6.);
#2887 = AXIS2_PLACEMENT_3D('',#2888,#2889,#2890);
#2888 = CARTESIAN_POINT('',(-71.8,0.,0.));
#2889 = DIRECTION('',(1.,0.,0.));
#2890 = DIRECTION('',(0.,-0.642787609687,0.766044443119));
#2891 = PCURVE('',#1559,#2892);
#2892 = DEFINITIONAL_REPRESENTATION('',(#2893),#2897);
#2893 = CIRCLE('',#2894,6.);
#2894 = AXIS2_PLACEMENT_2D('',#2895,#2896);
#2895 = CARTESIAN_POINT('',(0.,0.));
#2896 = DIRECTION('',(0.766044443119,0.642787609687));
#2897 = ( GEOMETRIC_REPRESENTATION_CONTEXT(2) 
PARAMETRIC_REPRESENTATION_CONTEXT() REPRESENTATION_CONTEXT('2D SPACE',''
  ) );
#2898 = PCURVE('',#1663,#2899);
#2899 = DEFINITIONAL_REPRESENTATION('',(#2900),#2904);
#2900 = LINE('',#2901,#2902);
#2901 = CARTESIAN_POINT('',(0.698131700798,2.6));
#2902 = VECTOR('',#2903,1.);
#2903 = DIRECTION('',(1.,0.));
#2904 = ( GEOMETRIC_REPRESENTATION_CONTEXT(2) 
PARAMETRIC_REPRESENTATION_CONTEXT() REPRESENTATION_CONTEXT('2D SPACE',''
  ) );
#2905 = ORIENTED_EDGE('',*,*,#1751,.T.);
#2906 = ORIENTED_EDGE('',*,*,#1542,.T.);
#2907 = FACE_BOUND('',#2908,.T.);
#2908 = EDGE_LOOP('',(#2909));
#2909 = ORIENTED_EDGE('',*,*,#2910,.T.);
#2910 = EDGE_CURVE('',#2911,#2911,#2913,.T.);
#2911 = VERTEX_POINT('',#2912);
#2912 = CARTESIAN_POINT('',(-71.8,5.265981236334E-16,-2.15));
#2913 = SURFACE_CURVE('',#2914,(#2919,#2930),.PCURVE_S1.);
#2914 = CIRCLE('',#2915,2.15);
#2915 = AXIS2_PLACEMENT_3D('',#2916,#2917,#2918);
#2916 = CARTESIAN_POINT('',(-71.8,0.,0.));
#2917 = DIRECTION('',(-1.,0.,0.));
#2918 = DIRECTION('',(0.,0.,-1.));
#2919 = PCURVE('',#1559,#2920);
#2920 = DEFINITIONAL_REPRESENTATION('',(#2921),#2929);
#2921 = ( BOUNDED_CURVE() B_SPLINE_CURVE(2,(#2922,#2923,#2924,#2925,
#2926,#2927,#2928),.UNSPECIFIED.,.T.,.F.) B_SPLINE_CURVE_WITH_KNOTS((1,2
    ,2,2,2,1),(-2.094395102393,0.,2.094395102393,4.188790204786,
6.28318530718,8.377580409573),.UNSPECIFIED.) CURVE() 
GEOMETRIC_REPRESENTATION_ITEM() RATIONAL_B_SPLINE_CURVE((1.,0.5,1.,0.5,
1.,0.5,1.)) REPRESENTATION_ITEM('') );
#2922 = CARTESIAN_POINT('',(-2.15,0.));
#2923 = CARTESIAN_POINT('',(-2.15,3.723909236273));
#2924 = CARTESIAN_POINT('',(1.075,1.861954618137));
#2925 = CARTESIAN_POINT('',(4.3,5.265981236334E-16));
#2926 = CARTESIAN_POINT('',(1.075,-1.861954618137));
#2927 = CARTESIAN_POINT('',(-2.15,-3.723909236273));
#2928 = CARTESIAN_POINT('',(-2.15,0.));
#2929 = ( GEOMETRIC_REPRESENTATION_CONTEXT(2) 
PARAMETRIC_REPRESENTATION_CONTEXT() REPRESENTATION_CONTEXT('2D SPACE',''
  ) );
#2930 = PCURVE('',#2931,#2936);
#2931 = CYLINDRICAL_SURFACE('',#2932,2.15);
#2932 = AXIS2_PLACEMENT_3D('',#2933,#2934,#2935);
#2933 = CARTESIAN_POINT('',(-71.4,0.,0.));
#2934 = DIRECTION('',(-1.,0.,0.));
#2935 = DIRECTION('',(0.,0.,-1.));
#2936 = DEFINITIONAL_REPRESENTATION('',(#2937),#2941);
#2937 = LINE('',#2938,#2939);
#2938 = CARTESIAN_POINT('',(0.,0.4));
#2939 = VECTOR('',#2940,1.);
#2940 = DIRECTION('',(1.,0.));
#2941 = ( GEOMETRIC_REPRESENTATION_CONTEXT(2) 
PARAMETRIC_REPRESENTATION_CONTEXT() REPRESENTATION_CONTEXT('2D SPACE',''
  ) );
#2942 = ADVANCED_FACE('',(#2943,#2974),#1635,.F.);
#2943 = FACE_BOUND('',#2944,.F.);
#2944 = EDGE_LOOP('',(#2945,#2946,#2947,#2973));
#2945 = ORIENTED_EDGE('',*,*,#1724,.T.);
#2946 = ORIENTED_EDGE('',*,*,#1619,.T.);
#2947 = ORIENTED_EDGE('',*,*,#2948,.F.);
#2948 = EDGE_CURVE('',#1775,#1620,#2949,.T.);
#2949 = SURFACE_CURVE('',#2950,(#2955,#2966),.PCURVE_S1.);
#2950 = CIRCLE('',#2951,6.);
#2951 = AXIS2_PLACEMENT_3D('',#2952,#2953,#2954);
#2952 = CARTESIAN_POINT('',(-74.4,0.,0.));
#2953 = DIRECTION('',(-1.,0.,0.));
#2954 = DIRECTION('',(0.,-0.309016994375,0.951056516295));
#2955 = PCURVE('',#1635,#2956);
#2956 = DEFINITIONAL_REPRESENTATION('',(#2957),#2965);
#2957 = ( BOUNDED_CURVE() B_SPLINE_CURVE(2,(#2958,#2959,#2960,#2961,
#2962,#2963,#2964),.UNSPECIFIED.,.T.,.F.) B_SPLINE_CURVE_WITH_KNOTS((1,2
    ,2,2,2,1),(-2.094395102393,0.,2.094395102393,4.188790204786,
6.28318530718,8.377580409573),.UNSPECIFIED.) CURVE() 
GEOMETRIC_REPRESENTATION_ITEM() RATIONAL_B_SPLINE_CURVE((1.,0.5,1.,0.5,
1.,0.5,1.)) REPRESENTATION_ITEM('') );
#2958 = CARTESIAN_POINT('',(5.706339097771,1.85410196625));
#2959 = CARTESIAN_POINT('',(8.917737905729,-8.029567276306));
#2960 = CARTESIAN_POINT('',(-1.247470144907,-5.868885604403));
#2961 = CARTESIAN_POINT('',(-11.41267819554,-3.708203932499));
#2962 = CARTESIAN_POINT('',(-4.458868952864,4.014783638153));
#2963 = CARTESIAN_POINT('',(2.494940289813,11.737771208806));
#2964 = CARTESIAN_POINT('',(5.706339097771,1.85410196625));
#2965 = ( GEOMETRIC_REPRESENTATION_CONTEXT(2) 
PARAMETRIC_REPRESENTATION_CONTEXT() REPRESENTATION_CONTEXT('2D SPACE',''
  ) );
#2966 = PCURVE('',#1663,#2967);
#2967 = DEFINITIONAL_REPRESENTATION('',(#2968),#2972);
#2968 = LINE('',#2969,#2970);
#2969 = CARTESIAN_POINT('',(6.597344572539,0.));
#2970 = VECTOR('',#2971,1.);
#2971 = DIRECTION('',(-1.,-0.));
#2972 = ( GEOMETRIC_REPRESENTATION_CONTEXT(2) 
PARAMETRIC_REPRESENTATION_CONTEXT() REPRESENTATION_CONTEXT('2D SPACE',''
  ) );
#2973 = ORIENTED_EDGE('',*,*,#1796,.T.);
#2974 = FACE_BOUND('',#2975,.F.);
#2975 = EDGE_LOOP('',(#2976));
#2976 = ORIENTED_EDGE('',*,*,#2977,.T.);
#2977 = EDGE_CURVE('',#2978,#2978,#2980,.T.);
#2978 = VERTEX_POINT('',#2979);
#2979 = CARTESIAN_POINT('',(-74.4,5.265981236334E-16,-2.15));
#2980 = SURFACE_CURVE('',#2981,(#2986,#2997),.PCURVE_S1.);
#2981 = CIRCLE('',#2982,2.15);
#2982 = AXIS2_PLACEMENT_3D('',#2983,#2984,#2985);
#2983 = CARTESIAN_POINT('',(-74.4,0.,0.));
#2984 = DIRECTION('',(-1.,0.,0.));
#2985 = DIRECTION('',(0.,0.,-1.));
#2986 = PCURVE('',#1635,#2987);
#2987 = DEFINITIONAL_REPRESENTATION('',(#2988),#2996);
#2988 = ( BOUNDED_CURVE() B_SPLINE_CURVE(2,(#2989,#2990,#2991,#2992,
#2993,#2994,#2995),.UNSPECIFIED.,.T.,.F.) B_SPLINE_CURVE_WITH_KNOTS((1,2
    ,2,2,2,1),(-2.094395102393,0.,2.094395102393,4.188790204786,
6.28318530718,8.377580409573),.UNSPECIFIED.) CURVE() 
GEOMETRIC_REPRESENTATION_ITEM() RATIONAL_B_SPLINE_CURVE((1.,0.5,1.,0.5,
1.,0.5,1.)) REPRESENTATION_ITEM('') );
#2989 = CARTESIAN_POINT('',(-2.15,0.));
#2990 = CARTESIAN_POINT('',(-2.15,3.723909236273));
#2991 = CARTESIAN_POINT('',(1.075,1.861954618137));
#2992 = CARTESIAN_POINT('',(4.3,5.265981236334E-16));
#2993 = CARTESIAN_POINT('',(1.075,-1.861954618137));
#2994 = CARTESIAN_POINT('',(-2.15,-3.723909236273));
#2995 = CARTESIAN_POINT('',(-2.15,0.));
#2996 = ( GEOMETRIC_REPRESENTATION_CONTEXT(2) 
PARAMETRIC_REPRESENTATION_CONTEXT() REPRESENTATION_CONTEXT('2D SPACE',''
  ) );
#2997 = PCURVE('',#2931,#2998);
#2998 = DEFINITIONAL_REPRESENTATION('',(#2999),#3003);
#2999 = LINE('',#3000,#3001);
#3000 = CARTESIAN_POINT('',(0.,3.));
#3001 = VECTOR('',#3002,1.);
#3002 = DIRECTION('',(1.,0.));
#3003 = ( GEOMETRIC_REPRESENTATION_CONTEXT(2) 
PARAMETRIC_REPRESENTATION_CONTEXT() REPRESENTATION_CONTEXT('2D SPACE',''
  ) );
#3004 = ADVANCED_FACE('',(#3005),#1663,.T.);
#3005 = FACE_BOUND('',#3006,.T.);
#3006 = EDGE_LOOP('',(#3007,#3008,#3009,#3010));
#3007 = ORIENTED_EDGE('',*,*,#2948,.F.);
#3008 = ORIENTED_EDGE('',*,*,#1774,.T.);
#3009 = ORIENTED_EDGE('',*,*,#2884,.F.);
#3010 = ORIENTED_EDGE('',*,*,#1647,.F.);
#3011 = ADVANCED_FACE('',(#3012,#3124),#2259,.F.);
#3012 = FACE_BOUND('',#3013,.F.);
#3013 = EDGE_LOOP('',(#3014,#3015,#3016,#3017,#3045,#3073,#3102,#3123));
#3014 = ORIENTED_EDGE('',*,*,#2316,.F.);
#3015 = ORIENTED_EDGE('',*,*,#2242,.T.);
#3016 = ORIENTED_EDGE('',*,*,#2448,.T.);
#3017 = ORIENTED_EDGE('',*,*,#3018,.F.);
#3018 = EDGE_CURVE('',#3019,#2449,#3021,.T.);
#3019 = VERTEX_POINT('',#3020);
#3020 = CARTESIAN_POINT('',(-23.2,-1.451531373598,5.821774357656));
#3021 = SURFACE_CURVE('',#3022,(#3027,#3038),.PCURVE_S1.);
#3022 = CIRCLE('',#3023,6.);
#3023 = AXIS2_PLACEMENT_3D('',#3024,#3025,#3026);
#3024 = CARTESIAN_POINT('',(-23.2,0.,0.));
#3025 = DIRECTION('',(-1.,0.,0.));
#3026 = DIRECTION('',(0.,-0.2419218956,0.970295726276));
#3027 = PCURVE('',#2259,#3028);
#3028 = DEFINITIONAL_REPRESENTATION('',(#3029),#3037);
#3029 = ( BOUNDED_CURVE() B_SPLINE_CURVE(2,(#3030,#3031,#3032,#3033,
#3034,#3035,#3036),.UNSPECIFIED.,.T.,.F.) B_SPLINE_CURVE_WITH_KNOTS((1,2
    ,2,2,2,1),(-2.094395102393,0.,2.094395102393,4.188790204786,
6.28318530718,8.377580409573),.UNSPECIFIED.) CURVE() 
GEOMETRIC_REPRESENTATION_ITEM() RATIONAL_B_SPLINE_CURVE((1.,0.5,1.,0.5,
1.,0.5,1.)) REPRESENTATION_ITEM('') );
#3030 = CARTESIAN_POINT('',(5.821774357656,1.451531373598));
#3031 = CARTESIAN_POINT('',(8.335900445508,-8.632077604064));
#3032 = CARTESIAN_POINT('',(-1.653824134902,-5.76757017563));
#3033 = CARTESIAN_POINT('',(-11.64354871531,-2.903062747196));
#3034 = CARTESIAN_POINT('',(-4.167950222754,4.316038802032));
#3035 = CARTESIAN_POINT('',(3.307648269804,11.53514035126));
#3036 = CARTESIAN_POINT('',(5.821774357656,1.451531373598));
#3037 = ( GEOMETRIC_REPRESENTATION_CONTEXT(2) 
PARAMETRIC_REPRESENTATION_CONTEXT() REPRESENTATION_CONTEXT('2D SPACE',''
  ) );
#3038 = PCURVE('',#2487,#3039);
#3039 = DEFINITIONAL_REPRESENTATION('',(#3040),#3044);
#3040 = LINE('',#3041,#3042);
#3041 = CARTESIAN_POINT('',(6.527531402459,0.));
#3042 = VECTOR('',#3043,1.);
#3043 = DIRECTION('',(-1.,-0.));
#3044 = ( GEOMETRIC_REPRESENTATION_CONTEXT(2) 
PARAMETRIC_REPRESENTATION_CONTEXT() REPRESENTATION_CONTEXT('2D SPACE',''
  ) );
#3045 = ORIENTED_EDGE('',*,*,#3046,.T.);
#3046 = EDGE_CURVE('',#3019,#3047,#3049,.T.);
#3047 = VERTEX_POINT('',#3048);
#3048 = CARTESIAN_POINT('',(-23.2,-4.354594120794,17.465323072968));
#3049 = SURFACE_CURVE('',#3050,(#3054,#3061),.PCURVE_S1.);
#3050 = LINE('',#3051,#3052);
#3051 = CARTESIAN_POINT('',(-23.2,-2.482854352191,9.958184896514));
#3052 = VECTOR('',#3053,1.);
#3053 = DIRECTION('',(0.,-0.2419218956,0.970295726276));
#3054 = PCURVE('',#2259,#3055);
#3055 = DEFINITIONAL_REPRESENTATION('',(#3056),#3060);
#3056 = LINE('',#3057,#3058);
#3057 = CARTESIAN_POINT('',(9.958184896514,2.482854352191));
#3058 = VECTOR('',#3059,1.);
#3059 = DIRECTION('',(0.970295726276,0.2419218956));
#3060 = ( GEOMETRIC_REPRESENTATION_CONTEXT(2) 
PARAMETRIC_REPRESENTATION_CONTEXT() REPRESENTATION_CONTEXT('2D SPACE',''
  ) );
#3061 = PCURVE('',#3062,#3067);
#3062 = PLANE('',#3063);
#3063 = AXIS2_PLACEMENT_3D('',#3064,#3065,#3066);
#3064 = CARTESIAN_POINT('',(-24.2,-4.965708704382,19.916369793029));
#3065 = DIRECTION('',(-0.,0.970295726276,0.2419218956));
#3066 = DIRECTION('',(0.,0.2419218956,-0.970295726276));
#3067 = DEFINITIONAL_REPRESENTATION('',(#3068),#3072);
#3068 = LINE('',#3069,#3070);
#3069 = CARTESIAN_POINT('',(10.263041077934,-1.));
#3070 = VECTOR('',#3071,1.);
#3071 = DIRECTION('',(-1.,-0.));
#3072 = ( GEOMETRIC_REPRESENTATION_CONTEXT(2) 
PARAMETRIC_REPRESENTATION_CONTEXT() REPRESENTATION_CONTEXT('2D SPACE',''
  ) );
#3073 = ORIENTED_EDGE('',*,*,#3074,.T.);
#3074 = EDGE_CURVE('',#3047,#3075,#3077,.T.);
#3075 = VERTEX_POINT('',#3076);
#3076 = CARTESIAN_POINT('',(-23.2,-11.08190655586,14.184193564921));
#3077 = SURFACE_CURVE('',#3078,(#3083,#3090),.PCURVE_S1.);
#3078 = CIRCLE('',#3079,18.);
#3079 = AXIS2_PLACEMENT_3D('',#3080,#3081,#3082);
#3080 = CARTESIAN_POINT('',(-23.2,0.,0.));
#3081 = DIRECTION('',(1.,0.,0.));
#3082 = DIRECTION('',(-0.,0.,1.));
#3083 = PCURVE('',#2259,#3084);
#3084 = DEFINITIONAL_REPRESENTATION('',(#3085),#3089);
#3085 = CIRCLE('',#3086,18.);
#3086 = AXIS2_PLACEMENT_2D('',#3087,#3088);
#3087 = CARTESIAN_POINT('',(0.,0.));
#3088 = DIRECTION('',(1.,0.));
#3089 = ( GEOMETRIC_REPRESENTATION_CONTEXT(2) 
PARAMETRIC_REPRESENTATION_CONTEXT() REPRESENTATION_CONTEXT('2D SPACE',''
  ) );
#3090 = PCURVE('',#3091,#3096);
#3091 = CYLINDRICAL_SURFACE('',#3092,18.);
#3092 = AXIS2_PLACEMENT_3D('',#3093,#3094,#3095);
#3093 = CARTESIAN_POINT('',(-23.2,0.,0.));
#3094 = DIRECTION('',(1.,0.,0.));
#3095 = DIRECTION('',(-0.,0.,1.));
#3096 = DEFINITIONAL_REPRESENTATION('',(#3097),#3101);
#3097 = LINE('',#3098,#3099);
#3098 = CARTESIAN_POINT('',(0.,0.));
#3099 = VECTOR('',#3100,1.);
#3100 = DIRECTION('',(1.,0.));
#3101 = ( GEOMETRIC_REPRESENTATION_CONTEXT(2) 
PARAMETRIC_REPRESENTATION_CONTEXT() REPRESENTATION_CONTEXT('2D SPACE',''
  ) );
#3102 = ORIENTED_EDGE('',*,*,#3103,.T.);
#3103 = EDGE_CURVE('',#3075,#2341,#3104,.T.);
#3104 = SURFACE_CURVE('',#3105,(#3109,#3116),.PCURVE_S1.);
#3105 = LINE('',#3106,#3107);
#3106 = CARTESIAN_POINT('',(-23.2,0.,0.));
#3107 = VECTOR('',#3108,1.);
#3108 = DIRECTION('',(0.,0.615661475326,-0.788010753607));
#3109 = PCURVE('',#2259,#3110);
#3110 = DEFINITIONAL_REPRESENTATION('',(#3111),#3115);
#3111 = LINE('',#3112,#3113);
#3112 = CARTESIAN_POINT('',(0.,0.));
#3113 = VECTOR('',#3114,1.);
#3114 = DIRECTION('',(-0.788010753607,-0.615661475326));
#3115 = ( GEOMETRIC_REPRESENTATION_CONTEXT(2) 
PARAMETRIC_REPRESENTATION_CONTEXT() REPRESENTATION_CONTEXT('2D SPACE',''
  ) );
#3116 = PCURVE('',#2432,#3117);
#3117 = DEFINITIONAL_REPRESENTATION('',(#3118),#3122);
#3118 = LINE('',#3119,#3120);
#3119 = CARTESIAN_POINT('',(0.,-1.));
#3120 = VECTOR('',#3121,1.);
#3121 = DIRECTION('',(-1.,-0.));
#3122 = ( GEOMETRIC_REPRESENTATION_CONTEXT(2) 
PARAMETRIC_REPRESENTATION_CONTEXT() REPRESENTATION_CONTEXT('2D SPACE',''
  ) );
#3123 = ORIENTED_EDGE('',*,*,#2340,.F.);
#3124 = FACE_BOUND('',#3125,.F.);
#3125 = EDGE_LOOP('',(#3126));
#3126 = ORIENTED_EDGE('',*,*,#3127,.F.);
#3127 = EDGE_CURVE('',#3128,#3128,#3130,.T.);
#3128 = VERTEX_POINT('',#3129);
#3129 = CARTESIAN_POINT('',(-23.2,5.265981236334E-16,2.15));
#3130 = SURFACE_CURVE('',#3131,(#3136,#3143),.PCURVE_S1.);
#3131 = CIRCLE('',#3132,2.15);
#3132 = AXIS2_PLACEMENT_3D('',#3133,#3134,#3135);
#3133 = CARTESIAN_POINT('',(-23.2,0.,0.));
#3134 = DIRECTION('',(1.,0.,0.));
#3135 = DIRECTION('',(-0.,0.,1.));
#3136 = PCURVE('',#2259,#3137);
#3137 = DEFINITIONAL_REPRESENTATION('',(#3138),#3142);
#3138 = CIRCLE('',#3139,2.15);
#3139 = AXIS2_PLACEMENT_2D('',#3140,#3141);
#3140 = CARTESIAN_POINT('',(0.,0.));
#3141 = DIRECTION('',(1.,0.));
#3142 = ( GEOMETRIC_REPRESENTATION_CONTEXT(2) 
PARAMETRIC_REPRESENTATION_CONTEXT() REPRESENTATION_CONTEXT('2D SPACE',''
  ) );
#3143 = PCURVE('',#3144,#3149);
#3144 = CYLINDRICAL_SURFACE('',#3145,2.15);
#3145 = AXIS2_PLACEMENT_3D('',#3146,#3147,#3148);
#3146 = CARTESIAN_POINT('',(-23.6,0.,0.));
#3147 = DIRECTION('',(1.,0.,0.));
#3148 = DIRECTION('',(-0.,0.,1.));
#3149 = DEFINITIONAL_REPRESENTATION('',(#3150),#3154);
#3150 = LINE('',#3151,#3152);
#3151 = CARTESIAN_POINT('',(0.,0.4));
#3152 = VECTOR('',#3153,1.);
#3153 = DIRECTION('',(1.,0.));
#3154 = ( GEOMETRIC_REPRESENTATION_CONTEXT(2) 
PARAMETRIC_REPRESENTATION_CONTEXT() REPRESENTATION_CONTEXT('2D SPACE',''
  ) );
#3155 = ADVANCED_FACE('',(#3156,#3257),#2406,.T.);
#3156 = FACE_BOUND('',#3157,.T.);
#3157 = EDGE_LOOP('',(#3158,#3159,#3183,#3206,#3235,#3256));
#3158 = ORIENTED_EDGE('',*,*,#2498,.F.);
#3159 = ORIENTED_EDGE('',*,*,#3160,.T.);
#3160 = EDGE_CURVE('',#2472,#3161,#3163,.T.);
#3161 = VERTEX_POINT('',#3162);
#3162 = CARTESIAN_POINT('',(-20.6,-1.451531373598,5.821774357656));
#3163 = SURFACE_CURVE('',#3164,(#3169,#3176),.PCURVE_S1.);
#3164 = CIRCLE('',#3165,6.);
#3165 = AXIS2_PLACEMENT_3D('',#3166,#3167,#3168);
#3166 = CARTESIAN_POINT('',(-20.6,0.,0.));
#3167 = DIRECTION('',(1.,0.,0.));
#3168 = DIRECTION('',(0.,-0.642787609687,0.766044443119));
#3169 = PCURVE('',#2406,#3170);
#3170 = DEFINITIONAL_REPRESENTATION('',(#3171),#3175);
#3171 = CIRCLE('',#3172,6.);
#3172 = AXIS2_PLACEMENT_2D('',#3173,#3174);
#3173 = CARTESIAN_POINT('',(0.,0.));
#3174 = DIRECTION('',(0.766044443119,0.642787609687));
#3175 = ( GEOMETRIC_REPRESENTATION_CONTEXT(2) 
PARAMETRIC_REPRESENTATION_CONTEXT() REPRESENTATION_CONTEXT('2D SPACE',''
  ) );
#3176 = PCURVE('',#2487,#3177);
#3177 = DEFINITIONAL_REPRESENTATION('',(#3178),#3182);
#3178 = LINE('',#3179,#3180);
#3179 = CARTESIAN_POINT('',(0.698131700798,2.6));
#3180 = VECTOR('',#3181,1.);
#3181 = DIRECTION('',(1.,0.));
#3182 = ( GEOMETRIC_REPRESENTATION_CONTEXT(2) 
PARAMETRIC_REPRESENTATION_CONTEXT() REPRESENTATION_CONTEXT('2D SPACE',''
  ) );
#3183 = ORIENTED_EDGE('',*,*,#3184,.T.);
#3184 = EDGE_CURVE('',#3161,#3185,#3187,.T.);
#3185 = VERTEX_POINT('',#3186);
#3186 = CARTESIAN_POINT('',(-20.6,-2.903062747196,11.643548715312));
#3187 = SURFACE_CURVE('',#3188,(#3192,#3199),.PCURVE_S1.);
#3188 = LINE('',#3189,#3190);
#3189 = CARTESIAN_POINT('',(-20.6,-2.482854352191,9.958184896514));
#3190 = VECTOR('',#3191,1.);
#3191 = DIRECTION('',(0.,-0.2419218956,0.970295726276));
#3192 = PCURVE('',#2406,#3193);
#3193 = DEFINITIONAL_REPRESENTATION('',(#3194),#3198);
#3194 = LINE('',#3195,#3196);
#3195 = CARTESIAN_POINT('',(9.958184896514,2.482854352191));
#3196 = VECTOR('',#3197,1.);
#3197 = DIRECTION('',(0.970295726276,0.2419218956));
#3198 = ( GEOMETRIC_REPRESENTATION_CONTEXT(2) 
PARAMETRIC_REPRESENTATION_CONTEXT() REPRESENTATION_CONTEXT('2D SPACE',''
  ) );
#3199 = PCURVE('',#3062,#3200);
#3200 = DEFINITIONAL_REPRESENTATION('',(#3201),#3205);
#3201 = LINE('',#3202,#3203);
#3202 = CARTESIAN_POINT('',(10.263041077934,-3.6));
#3203 = VECTOR('',#3204,1.);
#3204 = DIRECTION('',(-1.,-0.));
#3205 = ( GEOMETRIC_REPRESENTATION_CONTEXT(2) 
PARAMETRIC_REPRESENTATION_CONTEXT() REPRESENTATION_CONTEXT('2D SPACE',''
  ) );
#3206 = ORIENTED_EDGE('',*,*,#3207,.T.);
#3207 = EDGE_CURVE('',#3185,#3208,#3210,.T.);
#3208 = VERTEX_POINT('',#3209);
#3209 = CARTESIAN_POINT('',(-20.6,-7.387937703908,9.456129043281));
#3210 = SURFACE_CURVE('',#3211,(#3216,#3223),.PCURVE_S1.);
#3211 = CIRCLE('',#3212,12.);
#3212 = AXIS2_PLACEMENT_3D('',#3213,#3214,#3215);
#3213 = CARTESIAN_POINT('',(-20.6,0.,0.));
#3214 = DIRECTION('',(1.,0.,0.));
#3215 = DIRECTION('',(-0.,0.,1.));
#3216 = PCURVE('',#2406,#3217);
#3217 = DEFINITIONAL_REPRESENTATION('',(#3218),#3222);
#3218 = CIRCLE('',#3219,12.);
#3219 = AXIS2_PLACEMENT_2D('',#3220,#3221);
#3220 = CARTESIAN_POINT('',(0.,0.));
#3221 = DIRECTION('',(1.,0.));
#3222 = ( GEOMETRIC_REPRESENTATION_CONTEXT(2) 
PARAMETRIC_REPRESENTATION_CONTEXT() REPRESENTATION_CONTEXT('2D SPACE',''
  ) );
#3223 = PCURVE('',#3224,#3229);
#3224 = CYLINDRICAL_SURFACE('',#3225,12.);
#3225 = AXIS2_PLACEMENT_3D('',#3226,#3227,#3228);
#3226 = CARTESIAN_POINT('',(-21.6,0.,0.));
#3227 = DIRECTION('',(1.,0.,0.));
#3228 = DIRECTION('',(-0.,0.,1.));
#3229 = DEFINITIONAL_REPRESENTATION('',(#3230),#3234);
#3230 = LINE('',#3231,#3232);
#3231 = CARTESIAN_POINT('',(0.,1.));
#3232 = VECTOR('',#3233,1.);
#3233 = DIRECTION('',(1.,0.));
#3234 = ( GEOMETRIC_REPRESENTATION_CONTEXT(2) 
PARAMETRIC_REPRESENTATION_CONTEXT() REPRESENTATION_CONTEXT('2D SPACE',''
  ) );
#3235 = ORIENTED_EDGE('',*,*,#3236,.T.);
#3236 = EDGE_CURVE('',#3208,#2390,#3237,.T.);
#3237 = SURFACE_CURVE('',#3238,(#3242,#3249),.PCURVE_S1.);
#3238 = LINE('',#3239,#3240);
#3239 = CARTESIAN_POINT('',(-20.6,0.,0.));
#3240 = VECTOR('',#3241,1.);
#3241 = DIRECTION('',(0.,0.615661475326,-0.788010753607));
#3242 = PCURVE('',#2406,#3243);
#3243 = DEFINITIONAL_REPRESENTATION('',(#3244),#3248);
#3244 = LINE('',#3245,#3246);
#3245 = CARTESIAN_POINT('',(0.,0.));
#3246 = VECTOR('',#3247,1.);
#3247 = DIRECTION('',(-0.788010753607,-0.615661475326));
#3248 = ( GEOMETRIC_REPRESENTATION_CONTEXT(2) 
PARAMETRIC_REPRESENTATION_CONTEXT() REPRESENTATION_CONTEXT('2D SPACE',''
  ) );
#3249 = PCURVE('',#2432,#3250);
#3250 = DEFINITIONAL_REPRESENTATION('',(#3251),#3255);
#3251 = LINE('',#3252,#3253);
#3252 = CARTESIAN_POINT('',(0.,-3.6));
#3253 = VECTOR('',#3254,1.);
#3254 = DIRECTION('',(-1.,-0.));
#3255 = ( GEOMETRIC_REPRESENTATION_CONTEXT(2) 
PARAMETRIC_REPRESENTATION_CONTEXT() REPRESENTATION_CONTEXT('2D SPACE',''
  ) );
#3256 = ORIENTED_EDGE('',*,*,#2389,.T.);
#3257 = FACE_BOUND('',#3258,.T.);
#3258 = EDGE_LOOP('',(#3259));
#3259 = ORIENTED_EDGE('',*,*,#3260,.F.);
#3260 = EDGE_CURVE('',#3261,#3261,#3263,.T.);
#3261 = VERTEX_POINT('',#3262);
#3262 = CARTESIAN_POINT('',(-20.6,5.265981236334E-16,2.15));
#3263 = SURFACE_CURVE('',#3264,(#3269,#3276),.PCURVE_S1.);
#3264 = CIRCLE('',#3265,2.15);
#3265 = AXIS2_PLACEMENT_3D('',#3266,#3267,#3268);
#3266 = CARTESIAN_POINT('',(-20.6,0.,0.));
#3267 = DIRECTION('',(1.,0.,0.));
#3268 = DIRECTION('',(-0.,0.,1.));
#3269 = PCURVE('',#2406,#3270);
#3270 = DEFINITIONAL_REPRESENTATION('',(#3271),#3275);
#3271 = CIRCLE('',#3272,2.15);
#3272 = AXIS2_PLACEMENT_2D('',#3273,#3274);
#3273 = CARTESIAN_POINT('',(0.,0.));
#3274 = DIRECTION('',(1.,0.));
#3275 = ( GEOMETRIC_REPRESENTATION_CONTEXT(2) 
PARAMETRIC_REPRESENTATION_CONTEXT() REPRESENTATION_CONTEXT('2D SPACE',''
  ) );
#3276 = PCURVE('',#3144,#3277);
#3277 = DEFINITIONAL_REPRESENTATION('',(#3278),#3282);
#3278 = LINE('',#3279,#3280);
#3279 = CARTESIAN_POINT('',(0.,3.));
#3280 = VECTOR('',#3281,1.);
#3281 = DIRECTION('',(1.,0.));
#3282 = ( GEOMETRIC_REPRESENTATION_CONTEXT(2) 
PARAMETRIC_REPRESENTATION_CONTEXT() REPRESENTATION_CONTEXT('2D SPACE',''
  ) );
#3283 = ADVANCED_FACE('',(#3284),#2432,.T.);
#3284 = FACE_BOUND('',#3285,.T.);
#3285 = EDGE_LOOP('',(#3286,#3287,#3288,#3289,#3311,#3338));
#3286 = ORIENTED_EDGE('',*,*,#3103,.T.);
#3287 = ORIENTED_EDGE('',*,*,#2418,.T.);
#3288 = ORIENTED_EDGE('',*,*,#3236,.F.);
#3289 = ORIENTED_EDGE('',*,*,#3290,.T.);
#3290 = EDGE_CURVE('',#3208,#3291,#3293,.T.);
#3291 = VERTEX_POINT('',#3292);
#3292 = CARTESIAN_POINT('',(-6.7,-7.387937703908,9.456129043281));
#3293 = SURFACE_CURVE('',#3294,(#3298,#3305),.PCURVE_S1.);
#3294 = LINE('',#3295,#3296);
#3295 = CARTESIAN_POINT('',(-21.6,-7.387937703908,9.456129043281));
#3296 = VECTOR('',#3297,1.);
#3297 = DIRECTION('',(1.,0.,0.));
#3298 = PCURVE('',#2432,#3299);
#3299 = DEFINITIONAL_REPRESENTATION('',(#3300),#3304);
#3300 = LINE('',#3301,#3302);
#3301 = CARTESIAN_POINT('',(12.,-2.6));
#3302 = VECTOR('',#3303,1.);
#3303 = DIRECTION('',(0.,-1.));
#3304 = ( GEOMETRIC_REPRESENTATION_CONTEXT(2) 
PARAMETRIC_REPRESENTATION_CONTEXT() REPRESENTATION_CONTEXT('2D SPACE',''
  ) );
#3305 = PCURVE('',#3224,#3306);
#3306 = DEFINITIONAL_REPRESENTATION('',(#3307),#3310);
#3307 = B_SPLINE_CURVE_WITH_KNOTS('',1,(#3308,#3309),.UNSPECIFIED.,.F.,
  .F.,(2,2),(0.9999994,19.7000006),.PIECEWISE_BEZIER_KNOTS.);
#3308 = CARTESIAN_POINT('',(0.663225115758,0.9999994));
#3309 = CARTESIAN_POINT('',(0.663225115758,19.7000006));
#3310 = ( GEOMETRIC_REPRESENTATION_CONTEXT(2) 
PARAMETRIC_REPRESENTATION_CONTEXT() REPRESENTATION_CONTEXT('2D SPACE',''
  ) );
#3311 = ORIENTED_EDGE('',*,*,#3312,.T.);
#3312 = EDGE_CURVE('',#3291,#3313,#3315,.T.);
#3313 = VERTEX_POINT('',#3314);
#3314 = CARTESIAN_POINT('',(-6.7,-11.08190655586,14.184193564921));
#3315 = SURFACE_CURVE('',#3316,(#3320,#3327),.PCURVE_S1.);
#3316 = LINE('',#3317,#3318);
#3317 = CARTESIAN_POINT('',(-6.7,0.,0.));
#3318 = VECTOR('',#3319,1.);
#3319 = DIRECTION('',(0.,-0.615661475326,0.788010753607));
#3320 = PCURVE('',#2432,#3321);
#3321 = DEFINITIONAL_REPRESENTATION('',(#3322),#3326);
#3322 = LINE('',#3323,#3324);
#3323 = CARTESIAN_POINT('',(0.,-17.5));
#3324 = VECTOR('',#3325,1.);
#3325 = DIRECTION('',(1.,0.));
#3326 = ( GEOMETRIC_REPRESENTATION_CONTEXT(2) 
PARAMETRIC_REPRESENTATION_CONTEXT() REPRESENTATION_CONTEXT('2D SPACE',''
  ) );
#3327 = PCURVE('',#3328,#3333);
#3328 = PLANE('',#3329);
#3329 = AXIS2_PLACEMENT_3D('',#3330,#3331,#3332);
#3330 = CARTESIAN_POINT('',(-6.7,0.,0.));
#3331 = DIRECTION('',(1.,0.,0.));
#3332 = DIRECTION('',(-0.,0.,1.));
#3333 = DEFINITIONAL_REPRESENTATION('',(#3334),#3337);
#3334 = B_SPLINE_CURVE_WITH_KNOTS('',1,(#3335,#3336),.UNSPECIFIED.,.F.,
  .F.,(2,2),(12.,18.),.PIECEWISE_BEZIER_KNOTS.);
#3335 = CARTESIAN_POINT('',(9.456129043281,7.387937703908));
#3336 = CARTESIAN_POINT('',(14.184193564921,11.081906555862));
#3337 = ( GEOMETRIC_REPRESENTATION_CONTEXT(2) 
PARAMETRIC_REPRESENTATION_CONTEXT() REPRESENTATION_CONTEXT('2D SPACE',''
  ) );
#3338 = ORIENTED_EDGE('',*,*,#3339,.T.);
#3339 = EDGE_CURVE('',#3313,#3075,#3340,.T.);
#3340 = SURFACE_CURVE('',#3341,(#3345,#3352),.PCURVE_S1.);
#3341 = LINE('',#3342,#3343);
#3342 = CARTESIAN_POINT('',(-6.7,-11.08190655586,14.184193564921));
#3343 = VECTOR('',#3344,1.);
#3344 = DIRECTION('',(-1.,0.,-1.076579902667E-16));
#3345 = PCURVE('',#2432,#3346);
#3346 = DEFINITIONAL_REPRESENTATION('',(#3347),#3351);
#3347 = LINE('',#3348,#3349);
#3348 = CARTESIAN_POINT('',(18.,-17.5));
#3349 = VECTOR('',#3350,1.);
#3350 = DIRECTION('',(-8.483565404183E-17,1.));
#3351 = ( GEOMETRIC_REPRESENTATION_CONTEXT(2) 
PARAMETRIC_REPRESENTATION_CONTEXT() REPRESENTATION_CONTEXT('2D SPACE',''
  ) );
#3352 = PCURVE('',#3091,#3353);
#3353 = DEFINITIONAL_REPRESENTATION('',(#3354),#3358);
#3354 = LINE('',#3355,#3356);
#3355 = CARTESIAN_POINT('',(0.663225115758,16.5));
#3356 = VECTOR('',#3357,1.);
#3357 = DIRECTION('',(-0.,-1.));
#3358 = ( GEOMETRIC_REPRESENTATION_CONTEXT(2) 
PARAMETRIC_REPRESENTATION_CONTEXT() REPRESENTATION_CONTEXT('2D SPACE',''
  ) );
#3359 = ADVANCED_FACE('',(#3360),#2487,.T.);
#3360 = FACE_BOUND('',#3361,.T.);
#3361 = EDGE_LOOP('',(#3362,#3363,#3364,#3365));
#3362 = ORIENTED_EDGE('',*,*,#3160,.F.);
#3363 = ORIENTED_EDGE('',*,*,#2471,.F.);
#3364 = ORIENTED_EDGE('',*,*,#3018,.F.);
#3365 = ORIENTED_EDGE('',*,*,#3366,.T.);
#3366 = EDGE_CURVE('',#3019,#3161,#3367,.T.);
#3367 = SURFACE_CURVE('',#3368,(#3372,#3378),.PCURVE_S1.);
#3368 = LINE('',#3369,#3370);
#3369 = CARTESIAN_POINT('',(-23.2,-1.451531373598,5.821774357656));
#3370 = VECTOR('',#3371,1.);
#3371 = DIRECTION('',(1.,0.,0.));
#3372 = PCURVE('',#2487,#3373);
#3373 = DEFINITIONAL_REPRESENTATION('',(#3374),#3377);
#3374 = B_SPLINE_CURVE_WITH_KNOTS('',1,(#3375,#3376),.UNSPECIFIED.,.F.,
  .F.,(2,2),(0.,2.6),.PIECEWISE_BEZIER_KNOTS.);
#3375 = CARTESIAN_POINT('',(6.527531402459,0.));
#3376 = CARTESIAN_POINT('',(6.527531402459,2.6));
#3377 = ( GEOMETRIC_REPRESENTATION_CONTEXT(2) 
PARAMETRIC_REPRESENTATION_CONTEXT() REPRESENTATION_CONTEXT('2D SPACE',''
  ) );
#3378 = PCURVE('',#3062,#3379);
#3379 = DEFINITIONAL_REPRESENTATION('',(#3380),#3384);
#3380 = LINE('',#3381,#3382);
#3381 = CARTESIAN_POINT('',(14.526082155868,-1.));
#3382 = VECTOR('',#3383,1.);
#3383 = DIRECTION('',(0.,-1.));
#3384 = ( GEOMETRIC_REPRESENTATION_CONTEXT(2) 
PARAMETRIC_REPRESENTATION_CONTEXT() REPRESENTATION_CONTEXT('2D SPACE',''
  ) );
#3385 = ADVANCED_FACE('',(#3386),#2931,.F.);
#3386 = FACE_BOUND('',#3387,.F.);
#3387 = EDGE_LOOP('',(#3388,#3389,#3410,#3411));
#3388 = ORIENTED_EDGE('',*,*,#2977,.F.);
#3389 = ORIENTED_EDGE('',*,*,#3390,.F.);
#3390 = EDGE_CURVE('',#2911,#2978,#3391,.T.);
#3391 = SEAM_CURVE('',#3392,(#3396,#3403),.PCURVE_S1.);
#3392 = LINE('',#3393,#3394);
#3393 = CARTESIAN_POINT('',(-71.4,5.265981236334E-16,-2.15));
#3394 = VECTOR('',#3395,1.);
#3395 = DIRECTION('',(-1.,0.,0.));
#3396 = PCURVE('',#2931,#3397);
#3397 = DEFINITIONAL_REPRESENTATION('',(#3398),#3402);
#3398 = LINE('',#3399,#3400);
#3399 = CARTESIAN_POINT('',(6.28318530718,-0.));
#3400 = VECTOR('',#3401,1.);
#3401 = DIRECTION('',(0.,1.));
#3402 = ( GEOMETRIC_REPRESENTATION_CONTEXT(2) 
PARAMETRIC_REPRESENTATION_CONTEXT() REPRESENTATION_CONTEXT('2D SPACE',''
  ) );
#3403 = PCURVE('',#2931,#3404);
#3404 = DEFINITIONAL_REPRESENTATION('',(#3405),#3409);
#3405 = LINE('',#3406,#3407);
#3406 = CARTESIAN_POINT('',(0.,-0.));
#3407 = VECTOR('',#3408,1.);
#3408 = DIRECTION('',(0.,1.));
#3409 = ( GEOMETRIC_REPRESENTATION_CONTEXT(2) 
PARAMETRIC_REPRESENTATION_CONTEXT() REPRESENTATION_CONTEXT('2D SPACE',''
  ) );
#3410 = ORIENTED_EDGE('',*,*,#2910,.T.);
#3411 = ORIENTED_EDGE('',*,*,#3390,.T.);
#3412 = ADVANCED_FACE('',(#3413),#3091,.T.);
#3413 = FACE_BOUND('',#3414,.T.);
#3414 = EDGE_LOOP('',(#3415,#3416,#3440,#3461));
#3415 = ORIENTED_EDGE('',*,*,#3339,.F.);
#3416 = ORIENTED_EDGE('',*,*,#3417,.F.);
#3417 = EDGE_CURVE('',#3418,#3313,#3420,.T.);
#3418 = VERTEX_POINT('',#3419);
#3419 = CARTESIAN_POINT('',(-6.7,-4.354594120794,17.465323072968));
#3420 = SURFACE_CURVE('',#3421,(#3426,#3433),.PCURVE_S1.);
#3421 = CIRCLE('',#3422,18.);
#3422 = AXIS2_PLACEMENT_3D('',#3423,#3424,#3425);
#3423 = CARTESIAN_POINT('',(-6.7,0.,0.));
#3424 = DIRECTION('',(1.,0.,0.));
#3425 = DIRECTION('',(-0.,0.,1.));
#3426 = PCURVE('',#3091,#3427);
#3427 = DEFINITIONAL_REPRESENTATION('',(#3428),#3432);
#3428 = LINE('',#3429,#3430);
#3429 = CARTESIAN_POINT('',(0.,16.5));
#3430 = VECTOR('',#3431,1.);
#3431 = DIRECTION('',(1.,0.));
#3432 = ( GEOMETRIC_REPRESENTATION_CONTEXT(2) 
PARAMETRIC_REPRESENTATION_CONTEXT() REPRESENTATION_CONTEXT('2D SPACE',''
  ) );
#3433 = PCURVE('',#3328,#3434);
#3434 = DEFINITIONAL_REPRESENTATION('',(#3435),#3439);
#3435 = CIRCLE('',#3436,18.);
#3436 = AXIS2_PLACEMENT_2D('',#3437,#3438);
#3437 = CARTESIAN_POINT('',(0.,0.));
#3438 = DIRECTION('',(1.,0.));
#3439 = ( GEOMETRIC_REPRESENTATION_CONTEXT(2) 
PARAMETRIC_REPRESENTATION_CONTEXT() REPRESENTATION_CONTEXT('2D SPACE',''
  ) );
#3440 = ORIENTED_EDGE('',*,*,#3441,.T.);
#3441 = EDGE_CURVE('',#3418,#3047,#3442,.T.);
#3442 = SURFACE_CURVE('',#3443,(#3447,#3454),.PCURVE_S1.);
#3443 = LINE('',#3444,#3445);
#3444 = CARTESIAN_POINT('',(-6.7,-4.354594120794,17.465323072968));
#3445 = VECTOR('',#3446,1.);
#3446 = DIRECTION('',(-1.,0.,0.));
#3447 = PCURVE('',#3091,#3448);
#3448 = DEFINITIONAL_REPRESENTATION('',(#3449),#3453);
#3449 = LINE('',#3450,#3451);
#3450 = CARTESIAN_POINT('',(0.244346095279,16.5));
#3451 = VECTOR('',#3452,1.);
#3452 = DIRECTION('',(-0.,-1.));
#3453 = ( GEOMETRIC_REPRESENTATION_CONTEXT(2) 
PARAMETRIC_REPRESENTATION_CONTEXT() REPRESENTATION_CONTEXT('2D SPACE',''
  ) );
#3454 = PCURVE('',#3062,#3455);
#3455 = DEFINITIONAL_REPRESENTATION('',(#3456),#3460);
#3456 = LINE('',#3457,#3458);
#3457 = CARTESIAN_POINT('',(2.526082155868,-17.5));
#3458 = VECTOR('',#3459,1.);
#3459 = DIRECTION('',(0.,1.));
#3460 = ( GEOMETRIC_REPRESENTATION_CONTEXT(2) 
PARAMETRIC_REPRESENTATION_CONTEXT() REPRESENTATION_CONTEXT('2D SPACE',''
  ) );
#3461 = ORIENTED_EDGE('',*,*,#3074,.T.);
#3462 = ADVANCED_FACE('',(#3463),#3062,.T.);
#3463 = FACE_BOUND('',#3464,.T.);
#3464 = EDGE_LOOP('',(#3465,#3466,#3467,#3468,#3491,#3518,#3545,#3572,
    #3599,#3626,#3653,#3674));
#3465 = ORIENTED_EDGE('',*,*,#3366,.F.);
#3466 = ORIENTED_EDGE('',*,*,#3046,.T.);
#3467 = ORIENTED_EDGE('',*,*,#3441,.F.);
#3468 = ORIENTED_EDGE('',*,*,#3469,.T.);
#3469 = EDGE_CURVE('',#3418,#3470,#3472,.T.);
#3470 = VERTEX_POINT('',#3471);
#3471 = CARTESIAN_POINT('',(-6.7,-4.475555068594,17.950470936106));
#3472 = SURFACE_CURVE('',#3473,(#3477,#3484),.PCURVE_S1.);
#3473 = LINE('',#3474,#3475);
#3474 = CARTESIAN_POINT('',(-6.7,-2.925604464498,11.733958605276));
#3475 = VECTOR('',#3476,1.);
#3476 = DIRECTION('',(0.,-0.2419218956,0.970295726276));
#3477 = PCURVE('',#3062,#3478);
#3478 = DEFINITIONAL_REPRESENTATION('',(#3479),#3483);
#3479 = LINE('',#3480,#3481);
#3480 = CARTESIAN_POINT('',(8.432904491042,-17.5));
#3481 = VECTOR('',#3482,1.);
#3482 = DIRECTION('',(-1.,-0.));
#3483 = ( GEOMETRIC_REPRESENTATION_CONTEXT(2) 
PARAMETRIC_REPRESENTATION_CONTEXT() REPRESENTATION_CONTEXT('2D SPACE',''
  ) );
#3484 = PCURVE('',#3328,#3485);
#3485 = DEFINITIONAL_REPRESENTATION('',(#3486),#3490);
#3486 = LINE('',#3487,#3488);
#3487 = CARTESIAN_POINT('',(11.733958605276,2.925604464498));
#3488 = VECTOR('',#3489,1.);
#3489 = DIRECTION('',(0.970295726276,0.2419218956));
#3490 = ( GEOMETRIC_REPRESENTATION_CONTEXT(2) 
PARAMETRIC_REPRESENTATION_CONTEXT() REPRESENTATION_CONTEXT('2D SPACE',''
  ) );
#3491 = ORIENTED_EDGE('',*,*,#3492,.T.);
#3492 = EDGE_CURVE('',#3470,#3493,#3495,.T.);
#3493 = VERTEX_POINT('',#3494);
#3494 = CARTESIAN_POINT('',(-3.2,-4.475555068594,17.950470936106));
#3495 = SURFACE_CURVE('',#3496,(#3500,#3507),.PCURVE_S1.);
#3496 = LINE('',#3497,#3498);
#3497 = CARTESIAN_POINT('',(-6.7,-4.475555068594,17.950470936106));
#3498 = VECTOR('',#3499,1.);
#3499 = DIRECTION('',(1.,0.,0.));
#3500 = PCURVE('',#3062,#3501);
#3501 = DEFINITIONAL_REPRESENTATION('',(#3502),#3506);
#3502 = LINE('',#3503,#3504);
#3503 = CARTESIAN_POINT('',(2.026082155868,-17.5));
#3504 = VECTOR('',#3505,1.);
#3505 = DIRECTION('',(0.,-1.));
#3506 = ( GEOMETRIC_REPRESENTATION_CONTEXT(2) 
PARAMETRIC_REPRESENTATION_CONTEXT() REPRESENTATION_CONTEXT('2D SPACE',''
  ) );
#3507 = PCURVE('',#3508,#3513);
#3508 = CYLINDRICAL_SURFACE('',#3509,18.5);
#3509 = AXIS2_PLACEMENT_3D('',#3510,#3511,#3512);
#3510 = CARTESIAN_POINT('',(-6.7,0.,0.));
#3511 = DIRECTION('',(1.,0.,0.));
#3512 = DIRECTION('',(-0.,0.,1.));
#3513 = DEFINITIONAL_REPRESENTATION('',(#3514),#3517);
#3514 = B_SPLINE_CURVE_WITH_KNOTS('',1,(#3515,#3516),.UNSPECIFIED.,.F.,
  .F.,(2,2),(-5.999999999062E-07,3.5000006),.PIECEWISE_BEZIER_KNOTS.);
#3515 = CARTESIAN_POINT('',(0.244346095279,-5.999999999062E-07));
#3516 = CARTESIAN_POINT('',(0.244346095279,3.5000006));
#3517 = ( GEOMETRIC_REPRESENTATION_CONTEXT(2) 
PARAMETRIC_REPRESENTATION_CONTEXT() REPRESENTATION_CONTEXT('2D SPACE',''
  ) );
#3518 = ORIENTED_EDGE('',*,*,#3519,.F.);
#3519 = EDGE_CURVE('',#3520,#3493,#3522,.T.);
#3520 = VERTEX_POINT('',#3521);
#3521 = CARTESIAN_POINT('',(-3.2,-4.354594120794,17.465323072968));
#3522 = SURFACE_CURVE('',#3523,(#3527,#3534),.PCURVE_S1.);
#3523 = LINE('',#3524,#3525);
#3524 = CARTESIAN_POINT('',(-3.2,-2.925604464498,11.733958605276));
#3525 = VECTOR('',#3526,1.);
#3526 = DIRECTION('',(0.,-0.2419218956,0.970295726276));
#3527 = PCURVE('',#3062,#3528);
#3528 = DEFINITIONAL_REPRESENTATION('',(#3529),#3533);
#3529 = LINE('',#3530,#3531);
#3530 = CARTESIAN_POINT('',(8.432904491042,-21.));
#3531 = VECTOR('',#3532,1.);
#3532 = DIRECTION('',(-1.,-0.));
#3533 = ( GEOMETRIC_REPRESENTATION_CONTEXT(2) 
PARAMETRIC_REPRESENTATION_CONTEXT() REPRESENTATION_CONTEXT('2D SPACE',''
  ) );
#3534 = PCURVE('',#3535,#3540);
#3535 = PLANE('',#3536);
#3536 = AXIS2_PLACEMENT_3D('',#3537,#3538,#3539);
#3537 = CARTESIAN_POINT('',(-3.2,0.,0.));
#3538 = DIRECTION('',(1.,0.,0.));
#3539 = DIRECTION('',(-0.,0.,1.));
#3540 = DEFINITIONAL_REPRESENTATION('',(#3541),#3544);
#3541 = B_SPLINE_CURVE_WITH_KNOTS('',1,(#3542,#3543),.UNSPECIFIED.,.F.,
  .F.,(2,2),(-12.09317766482,6.973174478148),.PIECEWISE_BEZIER_KNOTS.);
#3542 = CARTESIAN_POINT('',(-3.552713678801E-15,-8.881784197001E-16));
#3543 = CARTESIAN_POINT('',(18.5,4.612568052599));
#3544 = ( GEOMETRIC_REPRESENTATION_CONTEXT(2) 
PARAMETRIC_REPRESENTATION_CONTEXT() REPRESENTATION_CONTEXT('2D SPACE',''
  ) );
#3545 = ORIENTED_EDGE('',*,*,#3546,.T.);
#3546 = EDGE_CURVE('',#3520,#3547,#3549,.T.);
#3547 = VERTEX_POINT('',#3548);
#3548 = CARTESIAN_POINT('',(-1.9,-4.354594120794,17.465323072968));
#3549 = SURFACE_CURVE('',#3550,(#3554,#3561),.PCURVE_S1.);
#3550 = LINE('',#3551,#3552);
#3551 = CARTESIAN_POINT('',(-20.6,-4.354594120794,17.465323072968));
#3552 = VECTOR('',#3553,1.);
#3553 = DIRECTION('',(1.,0.,0.));
#3554 = PCURVE('',#3062,#3555);
#3555 = DEFINITIONAL_REPRESENTATION('',(#3556),#3560);
#3556 = LINE('',#3557,#3558);
#3557 = CARTESIAN_POINT('',(2.526082155868,-3.6));
#3558 = VECTOR('',#3559,1.);
#3559 = DIRECTION('',(0.,-1.));
#3560 = ( GEOMETRIC_REPRESENTATION_CONTEXT(2) 
PARAMETRIC_REPRESENTATION_CONTEXT() REPRESENTATION_CONTEXT('2D SPACE',''
  ) );
#3561 = PCURVE('',#3562,#3567);
#3562 = CYLINDRICAL_SURFACE('',#3563,18.);
#3563 = AXIS2_PLACEMENT_3D('',#3564,#3565,#3566);
#3564 = CARTESIAN_POINT('',(-20.6,0.,0.));
#3565 = DIRECTION('',(1.,0.,0.));
#3566 = DIRECTION('',(-0.,0.,1.));
#3567 = DEFINITIONAL_REPRESENTATION('',(#3568),#3571);
#3568 = B_SPLINE_CURVE_WITH_KNOTS('',1,(#3569,#3570),.UNSPECIFIED.,.F.,
  .F.,(2,2),(-5.999999999062E-07,18.7000006),.PIECEWISE_BEZIER_KNOTS.);
#3569 = CARTESIAN_POINT('',(0.244346095279,-5.999999999062E-07));
#3570 = CARTESIAN_POINT('',(0.244346095279,18.7000006));
#3571 = ( GEOMETRIC_REPRESENTATION_CONTEXT(2) 
PARAMETRIC_REPRESENTATION_CONTEXT() REPRESENTATION_CONTEXT('2D SPACE',''
  ) );
#3572 = ORIENTED_EDGE('',*,*,#3573,.F.);
#3573 = EDGE_CURVE('',#3574,#3547,#3576,.T.);
#3574 = VERTEX_POINT('',#3575);
#3575 = CARTESIAN_POINT('',(-1.9,-3.628828433995,14.55443589414));
#3576 = SURFACE_CURVE('',#3577,(#3581,#3588),.PCURVE_S1.);
#3577 = LINE('',#3578,#3579);
#3578 = CARTESIAN_POINT('',(-1.9,-2.482854352191,9.958184896514));
#3579 = VECTOR('',#3580,1.);
#3580 = DIRECTION('',(0.,-0.2419218956,0.970295726276));
#3581 = PCURVE('',#3062,#3582);
#3582 = DEFINITIONAL_REPRESENTATION('',(#3583),#3587);
#3583 = LINE('',#3584,#3585);
#3584 = CARTESIAN_POINT('',(10.263041077934,-22.3));
#3585 = VECTOR('',#3586,1.);
#3586 = DIRECTION('',(-1.,-0.));
#3587 = ( GEOMETRIC_REPRESENTATION_CONTEXT(2) 
PARAMETRIC_REPRESENTATION_CONTEXT() REPRESENTATION_CONTEXT('2D SPACE',''
  ) );
#3588 = PCURVE('',#3589,#3594);
#3589 = PLANE('',#3590);
#3590 = AXIS2_PLACEMENT_3D('',#3591,#3592,#3593);
#3591 = CARTESIAN_POINT('',(-1.9,0.,0.));
#3592 = DIRECTION('',(1.,0.,0.));
#3593 = DIRECTION('',(-0.,0.,1.));
#3594 = DEFINITIONAL_REPRESENTATION('',(#3595),#3598);
#3595 = B_SPLINE_CURVE_WITH_KNOTS('',1,(#3596,#3597),.UNSPECIFIED.,.F.,
  .F.,(2,2),(-10.26304107793,8.288004250364),.PIECEWISE_BEZIER_KNOTS.);
#3596 = CARTESIAN_POINT('',(-1.7763568394E-15,-4.440892098501E-16));
#3597 = CARTESIAN_POINT('',(18.,4.487904051177));
#3598 = ( GEOMETRIC_REPRESENTATION_CONTEXT(2) 
PARAMETRIC_REPRESENTATION_CONTEXT() REPRESENTATION_CONTEXT('2D SPACE',''
  ) );
#3599 = ORIENTED_EDGE('',*,*,#3600,.F.);
#3600 = EDGE_CURVE('',#3601,#3574,#3603,.T.);
#3601 = VERTEX_POINT('',#3602);
#3602 = CARTESIAN_POINT('',(-2.9,-3.628828433995,14.55443589414));
#3603 = SURFACE_CURVE('',#3604,(#3608,#3615),.PCURVE_S1.);
#3604 = LINE('',#3605,#3606);
#3605 = CARTESIAN_POINT('',(-2.9,-3.628828433995,14.55443589414));
#3606 = VECTOR('',#3607,1.);
#3607 = DIRECTION('',(1.,0.,0.));
#3608 = PCURVE('',#3062,#3609);
#3609 = DEFINITIONAL_REPRESENTATION('',(#3610),#3614);
#3610 = LINE('',#3611,#3612);
#3611 = CARTESIAN_POINT('',(5.526082155868,-21.3));
#3612 = VECTOR('',#3613,1.);
#3613 = DIRECTION('',(0.,-1.));
#3614 = ( GEOMETRIC_REPRESENTATION_CONTEXT(2) 
PARAMETRIC_REPRESENTATION_CONTEXT() REPRESENTATION_CONTEXT('2D SPACE',''
  ) );
#3615 = PCURVE('',#3616,#3621);
#3616 = CYLINDRICAL_SURFACE('',#3617,15.);
#3617 = AXIS2_PLACEMENT_3D('',#3618,#3619,#3620);
#3618 = CARTESIAN_POINT('',(-2.9,0.,0.));
#3619 = DIRECTION('',(1.,0.,0.));
#3620 = DIRECTION('',(-0.,0.,1.));
#3621 = DEFINITIONAL_REPRESENTATION('',(#3622),#3625);
#3622 = B_SPLINE_CURVE_WITH_KNOTS('',1,(#3623,#3624),.UNSPECIFIED.,.F.,
  .F.,(2,2),(-5.999999999062E-07,2.87),.PIECEWISE_BEZIER_KNOTS.);
#3623 = CARTESIAN_POINT('',(0.244346095279,-5.999999999062E-07));
#3624 = CARTESIAN_POINT('',(0.244346095279,2.87));
#3625 = ( GEOMETRIC_REPRESENTATION_CONTEXT(2) 
PARAMETRIC_REPRESENTATION_CONTEXT() REPRESENTATION_CONTEXT('2D SPACE',''
  ) );
#3626 = ORIENTED_EDGE('',*,*,#3627,.T.);
#3627 = EDGE_CURVE('',#3601,#3628,#3630,.T.);
#3628 = VERTEX_POINT('',#3629);
#3629 = CARTESIAN_POINT('',(-2.9,-2.903062747196,11.643548715312));
#3630 = SURFACE_CURVE('',#3631,(#3635,#3642),.PCURVE_S1.);
#3631 = LINE('',#3632,#3633);
#3632 = CARTESIAN_POINT('',(-2.9,-2.482854352191,9.958184896514));
#3633 = VECTOR('',#3634,1.);
#3634 = DIRECTION('',(0.,0.2419218956,-0.970295726276));
#3635 = PCURVE('',#3062,#3636);
#3636 = DEFINITIONAL_REPRESENTATION('',(#3637),#3641);
#3637 = LINE('',#3638,#3639);
#3638 = CARTESIAN_POINT('',(10.263041077934,-21.3));
#3639 = VECTOR('',#3640,1.);
#3640 = DIRECTION('',(1.,0.));
#3641 = ( GEOMETRIC_REPRESENTATION_CONTEXT(2) 
PARAMETRIC_REPRESENTATION_CONTEXT() REPRESENTATION_CONTEXT('2D SPACE',''
  ) );
#3642 = PCURVE('',#3643,#3648);
#3643 = PLANE('',#3644);
#3644 = AXIS2_PLACEMENT_3D('',#3645,#3646,#3647);
#3645 = CARTESIAN_POINT('',(-2.9,0.,0.));
#3646 = DIRECTION('',(1.,0.,0.));
#3647 = DIRECTION('',(-0.,0.,1.));
#3648 = DEFINITIONAL_REPRESENTATION('',(#3649),#3652);
#3649 = B_SPLINE_CURVE_WITH_KNOTS('',1,(#3650,#3651),.UNSPECIFIED.,.F.,
  .F.,(2,2),(-5.158505517275,-1.736958922066),.PIECEWISE_BEZIER_KNOTS.);
#3650 = CARTESIAN_POINT('',(14.963460753897,3.730809785392));
#3651 = CARTESIAN_POINT('',(11.643548715312,2.903062747196));
#3652 = ( GEOMETRIC_REPRESENTATION_CONTEXT(2) 
PARAMETRIC_REPRESENTATION_CONTEXT() REPRESENTATION_CONTEXT('2D SPACE',''
  ) );
#3653 = ORIENTED_EDGE('',*,*,#3654,.T.);
#3654 = EDGE_CURVE('',#3628,#3185,#3655,.T.);
#3655 = SURFACE_CURVE('',#3656,(#3660,#3667),.PCURVE_S1.);
#3656 = LINE('',#3657,#3658);
#3657 = CARTESIAN_POINT('',(-2.9,-2.903062747196,11.643548715312));
#3658 = VECTOR('',#3659,1.);
#3659 = DIRECTION('',(-1.,-1.570620595289E-14,-3.914006595289E-15));
#3660 = PCURVE('',#3062,#3661);
#3661 = DEFINITIONAL_REPRESENTATION('',(#3662),#3666);
#3662 = LINE('',#3663,#3664);
#3663 = CARTESIAN_POINT('',(8.526082155868,-21.3));
#3664 = VECTOR('',#3665,1.);
#3665 = DIRECTION('',(-1.931244777069E-18,1.));
#3666 = ( GEOMETRIC_REPRESENTATION_CONTEXT(2) 
PARAMETRIC_REPRESENTATION_CONTEXT() REPRESENTATION_CONTEXT('2D SPACE',''
  ) );
#3667 = PCURVE('',#3224,#3668);
#3668 = DEFINITIONAL_REPRESENTATION('',(#3669),#3673);
#3669 = LINE('',#3670,#3671);
#3670 = CARTESIAN_POINT('',(0.244346095279,18.7));
#3671 = VECTOR('',#3672,1.);
#3672 = DIRECTION('',(-0.,-1.));
#3673 = ( GEOMETRIC_REPRESENTATION_CONTEXT(2) 
PARAMETRIC_REPRESENTATION_CONTEXT() REPRESENTATION_CONTEXT('2D SPACE',''
  ) );
#3674 = ORIENTED_EDGE('',*,*,#3184,.F.);
#3675 = ADVANCED_FACE('',(#3676),#3144,.F.);
#3676 = FACE_BOUND('',#3677,.F.);
#3677 = EDGE_LOOP('',(#3678,#3679,#3700,#3701));
#3678 = ORIENTED_EDGE('',*,*,#3260,.F.);
#3679 = ORIENTED_EDGE('',*,*,#3680,.F.);
#3680 = EDGE_CURVE('',#3128,#3261,#3681,.T.);
#3681 = SEAM_CURVE('',#3682,(#3686,#3693),.PCURVE_S1.);
#3682 = LINE('',#3683,#3684);
#3683 = CARTESIAN_POINT('',(-23.6,5.265981236334E-16,2.15));
#3684 = VECTOR('',#3685,1.);
#3685 = DIRECTION('',(1.,0.,0.));
#3686 = PCURVE('',#3144,#3687);
#3687 = DEFINITIONAL_REPRESENTATION('',(#3688),#3692);
#3688 = LINE('',#3689,#3690);
#3689 = CARTESIAN_POINT('',(6.28318530718,-0.));
#3690 = VECTOR('',#3691,1.);
#3691 = DIRECTION('',(0.,1.));
#3692 = ( GEOMETRIC_REPRESENTATION_CONTEXT(2) 
PARAMETRIC_REPRESENTATION_CONTEXT() REPRESENTATION_CONTEXT('2D SPACE',''
  ) );
#3693 = PCURVE('',#3144,#3694);
#3694 = DEFINITIONAL_REPRESENTATION('',(#3695),#3699);
#3695 = LINE('',#3696,#3697);
#3696 = CARTESIAN_POINT('',(0.,-0.));
#3697 = VECTOR('',#3698,1.);
#3698 = DIRECTION('',(0.,1.));
#3699 = ( GEOMETRIC_REPRESENTATION_CONTEXT(2) 
PARAMETRIC_REPRESENTATION_CONTEXT() REPRESENTATION_CONTEXT('2D SPACE',''
  ) );
#3700 = ORIENTED_EDGE('',*,*,#3127,.T.);
#3701 = ORIENTED_EDGE('',*,*,#3680,.T.);
#3702 = ADVANCED_FACE('',(#3703,#3940),#3224,.F.);
#3703 = FACE_BOUND('',#3704,.F.);
#3704 = EDGE_LOOP('',(#3705,#3706,#3730,#3756,#3780,#3806,#3835,#3861,
    #3890,#3916,#3938,#3939));
#3705 = ORIENTED_EDGE('',*,*,#3290,.T.);
#3706 = ORIENTED_EDGE('',*,*,#3707,.T.);
#3707 = EDGE_CURVE('',#3291,#3708,#3710,.T.);
#3708 = VERTEX_POINT('',#3709);
#3709 = CARTESIAN_POINT('',(-6.7,-10.00834836243,6.620646724913));
#3710 = SURFACE_CURVE('',#3711,(#3716,#3723),.PCURVE_S1.);
#3711 = CIRCLE('',#3712,12.);
#3712 = AXIS2_PLACEMENT_3D('',#3713,#3714,#3715);
#3713 = CARTESIAN_POINT('',(-6.7,0.,0.));
#3714 = DIRECTION('',(1.,0.,0.));
#3715 = DIRECTION('',(-0.,0.,1.));
#3716 = PCURVE('',#3224,#3717);
#3717 = DEFINITIONAL_REPRESENTATION('',(#3718),#3722);
#3718 = LINE('',#3719,#3720);
#3719 = CARTESIAN_POINT('',(0.,14.9));
#3720 = VECTOR('',#3721,1.);
#3721 = DIRECTION('',(1.,0.));
#3722 = ( GEOMETRIC_REPRESENTATION_CONTEXT(2) 
PARAMETRIC_REPRESENTATION_CONTEXT() REPRESENTATION_CONTEXT('2D SPACE',''
  ) );
#3723 = PCURVE('',#3328,#3724);
#3724 = DEFINITIONAL_REPRESENTATION('',(#3725),#3729);
#3725 = CIRCLE('',#3726,12.);
#3726 = AXIS2_PLACEMENT_2D('',#3727,#3728);
#3727 = CARTESIAN_POINT('',(0.,0.));
#3728 = DIRECTION('',(1.,0.));
#3729 = ( GEOMETRIC_REPRESENTATION_CONTEXT(2) 
PARAMETRIC_REPRESENTATION_CONTEXT() REPRESENTATION_CONTEXT('2D SPACE',''
  ) );
#3730 = ORIENTED_EDGE('',*,*,#3731,.T.);
#3731 = EDGE_CURVE('',#3708,#3732,#3734,.T.);
#3732 = VERTEX_POINT('',#3733);
#3733 = CARTESIAN_POINT('',(-3.2,-10.00834836243,6.620646724913));
#3734 = SURFACE_CURVE('',#3735,(#3739,#3745),.PCURVE_S1.);
#3735 = LINE('',#3736,#3737);
#3736 = CARTESIAN_POINT('',(-7.7,-10.00834836243,6.620646724913));
#3737 = VECTOR('',#3738,1.);
#3738 = DIRECTION('',(1.,0.,0.));
#3739 = PCURVE('',#3224,#3740);
#3740 = DEFINITIONAL_REPRESENTATION('',(#3741),#3744);
#3741 = B_SPLINE_CURVE_WITH_KNOTS('',1,(#3742,#3743),.UNSPECIFIED.,.F.,
  .F.,(2,2),(0.9999994,4.5000006),.PIECEWISE_BEZIER_KNOTS.);
#3742 = CARTESIAN_POINT('',(0.986370542904,14.8999994));
#3743 = CARTESIAN_POINT('',(0.986370542904,18.4000006));
#3744 = ( GEOMETRIC_REPRESENTATION_CONTEXT(2) 
PARAMETRIC_REPRESENTATION_CONTEXT() REPRESENTATION_CONTEXT('2D SPACE',''
  ) );
#3745 = PCURVE('',#3746,#3751);
#3746 = CYLINDRICAL_SURFACE('',#3747,5.9);
#3747 = AXIS2_PLACEMENT_3D('',#3748,#3749,#3750);
#3748 = CARTESIAN_POINT('',(-6.7,-15.70130766401,5.071384193697));
#3749 = DIRECTION('',(1.,0.,0.));
#3750 = DIRECTION('',(-0.,0.,1.));
#3751 = DEFINITIONAL_REPRESENTATION('',(#3752),#3755);
#3752 = B_SPLINE_CURVE_WITH_KNOTS('',1,(#3753,#3754),.UNSPECIFIED.,.F.,
  .F.,(2,2),(0.9999994,4.5000006),.PIECEWISE_BEZIER_KNOTS.);
#3753 = CARTESIAN_POINT('',(4.978091157814,-5.999999999062E-07));
#3754 = CARTESIAN_POINT('',(4.978091157814,3.5000006));
#3755 = ( GEOMETRIC_REPRESENTATION_CONTEXT(2) 
PARAMETRIC_REPRESENTATION_CONTEXT() REPRESENTATION_CONTEXT('2D SPACE',''
  ) );
#3756 = ORIENTED_EDGE('',*,*,#3757,.F.);
#3757 = EDGE_CURVE('',#3758,#3732,#3760,.T.);
#3758 = VERTEX_POINT('',#3759);
#3759 = CARTESIAN_POINT('',(-3.2,-7.387937703908,9.456129043281));
#3760 = SURFACE_CURVE('',#3761,(#3766,#3773),.PCURVE_S1.);
#3761 = CIRCLE('',#3762,12.);
#3762 = AXIS2_PLACEMENT_3D('',#3763,#3764,#3765);
#3763 = CARTESIAN_POINT('',(-3.2,0.,0.));
#3764 = DIRECTION('',(1.,0.,0.));
#3765 = DIRECTION('',(-0.,0.,1.));
#3766 = PCURVE('',#3224,#3767);
#3767 = DEFINITIONAL_REPRESENTATION('',(#3768),#3772);
#3768 = LINE('',#3769,#3770);
#3769 = CARTESIAN_POINT('',(0.,18.4));
#3770 = VECTOR('',#3771,1.);
#3771 = DIRECTION('',(1.,0.));
#3772 = ( GEOMETRIC_REPRESENTATION_CONTEXT(2) 
PARAMETRIC_REPRESENTATION_CONTEXT() REPRESENTATION_CONTEXT('2D SPACE',''
  ) );
#3773 = PCURVE('',#3535,#3774);
#3774 = DEFINITIONAL_REPRESENTATION('',(#3775),#3779);
#3775 = CIRCLE('',#3776,12.);
#3776 = AXIS2_PLACEMENT_2D('',#3777,#3778);
#3777 = CARTESIAN_POINT('',(0.,0.));
#3778 = DIRECTION('',(1.,0.));
#3779 = ( GEOMETRIC_REPRESENTATION_CONTEXT(2) 
PARAMETRIC_REPRESENTATION_CONTEXT() REPRESENTATION_CONTEXT('2D SPACE',''
  ) );
#3780 = ORIENTED_EDGE('',*,*,#3781,.T.);
#3781 = EDGE_CURVE('',#3758,#3782,#3784,.T.);
#3782 = VERTEX_POINT('',#3783);
#3783 = CARTESIAN_POINT('',(-2.9,-7.387937703908,9.456129043281));
#3784 = SURFACE_CURVE('',#3785,(#3789,#3795),.PCURVE_S1.);
#3785 = LINE('',#3786,#3787);
#3786 = CARTESIAN_POINT('',(-21.6,-7.387937703908,9.456129043281));
#3787 = VECTOR('',#3788,1.);
#3788 = DIRECTION('',(1.,0.,0.));
#3789 = PCURVE('',#3224,#3790);
#3790 = DEFINITIONAL_REPRESENTATION('',(#3791),#3794);
#3791 = B_SPLINE_CURVE_WITH_KNOTS('',1,(#3792,#3793),.UNSPECIFIED.,.F.,
  .F.,(2,2),(0.9999994,19.7000006),.PIECEWISE_BEZIER_KNOTS.);
#3792 = CARTESIAN_POINT('',(0.663225115758,0.9999994));
#3793 = CARTESIAN_POINT('',(0.663225115758,19.7000006));
#3794 = ( GEOMETRIC_REPRESENTATION_CONTEXT(2) 
PARAMETRIC_REPRESENTATION_CONTEXT() REPRESENTATION_CONTEXT('2D SPACE',''
  ) );
#3795 = PCURVE('',#3796,#3801);
#3796 = PLANE('',#3797);
#3797 = AXIS2_PLACEMENT_3D('',#3798,#3799,#3800);
#3798 = CARTESIAN_POINT('',(-21.6,0.,0.));
#3799 = DIRECTION('',(0.,-0.788010753607,-0.615661475326));
#3800 = DIRECTION('',(0.,-0.615661475326,0.788010753607));
#3801 = DEFINITIONAL_REPRESENTATION('',(#3802),#3805);
#3802 = B_SPLINE_CURVE_WITH_KNOTS('',1,(#3803,#3804),.UNSPECIFIED.,.F.,
  .F.,(2,2),(0.9999994,19.7000006),.PIECEWISE_BEZIER_KNOTS.);
#3803 = CARTESIAN_POINT('',(12.,-0.9999994));
#3804 = CARTESIAN_POINT('',(12.,-19.7000006));
#3805 = ( GEOMETRIC_REPRESENTATION_CONTEXT(2) 
PARAMETRIC_REPRESENTATION_CONTEXT() REPRESENTATION_CONTEXT('2D SPACE',''
  ) );
#3806 = ORIENTED_EDGE('',*,*,#3807,.T.);
#3807 = EDGE_CURVE('',#3782,#3808,#3810,.T.);
#3808 = VERTEX_POINT('',#3809);
#3809 = CARTESIAN_POINT('',(-2.9,-9.192533317428,7.713451316238));
#3810 = SURFACE_CURVE('',#3811,(#3816,#3823),.PCURVE_S1.);
#3811 = CIRCLE('',#3812,12.);
#3812 = AXIS2_PLACEMENT_3D('',#3813,#3814,#3815);
#3813 = CARTESIAN_POINT('',(-2.9,0.,0.));
#3814 = DIRECTION('',(1.,0.,0.));
#3815 = DIRECTION('',(-0.,0.,1.));
#3816 = PCURVE('',#3224,#3817);
#3817 = DEFINITIONAL_REPRESENTATION('',(#3818),#3822);
#3818 = LINE('',#3819,#3820);
#3819 = CARTESIAN_POINT('',(0.,18.7));
#3820 = VECTOR('',#3821,1.);
#3821 = DIRECTION('',(1.,0.));
#3822 = ( GEOMETRIC_REPRESENTATION_CONTEXT(2) 
PARAMETRIC_REPRESENTATION_CONTEXT() REPRESENTATION_CONTEXT('2D SPACE',''
  ) );
#3823 = PCURVE('',#3824,#3829);
#3824 = PLANE('',#3825);
#3825 = AXIS2_PLACEMENT_3D('',#3826,#3827,#3828);
#3826 = CARTESIAN_POINT('',(-2.9,0.,0.));
#3827 = DIRECTION('',(1.,0.,0.));
#3828 = DIRECTION('',(-0.,0.,1.));
#3829 = DEFINITIONAL_REPRESENTATION('',(#3830),#3834);
#3830 = CIRCLE('',#3831,12.);
#3831 = AXIS2_PLACEMENT_2D('',#3832,#3833);
#3832 = CARTESIAN_POINT('',(0.,0.));
#3833 = DIRECTION('',(1.,0.));
#3834 = ( GEOMETRIC_REPRESENTATION_CONTEXT(2) 
PARAMETRIC_REPRESENTATION_CONTEXT() REPRESENTATION_CONTEXT('2D SPACE',''
  ) );
#3835 = ORIENTED_EDGE('',*,*,#3836,.T.);
#3836 = EDGE_CURVE('',#3808,#3837,#3839,.T.);
#3837 = VERTEX_POINT('',#3838);
#3838 = CARTESIAN_POINT('',(13.2,-9.192533317428,7.713451316238));
#3839 = SURFACE_CURVE('',#3840,(#3844,#3850),.PCURVE_S1.);
#3840 = LINE('',#3841,#3842);
#3841 = CARTESIAN_POINT('',(-3.9,-9.192533317428,7.713451316238));
#3842 = VECTOR('',#3843,1.);
#3843 = DIRECTION('',(1.,0.,0.));
#3844 = PCURVE('',#3224,#3845);
#3845 = DEFINITIONAL_REPRESENTATION('',(#3846),#3849);
#3846 = B_SPLINE_CURVE_WITH_KNOTS('',1,(#3847,#3848),.UNSPECIFIED.,.F.,
  .F.,(2,2),(0.9999994,17.1000006),.PIECEWISE_BEZIER_KNOTS.);
#3847 = CARTESIAN_POINT('',(0.872664625997,18.6999994));
#3848 = CARTESIAN_POINT('',(0.872664625997,34.8000006));
#3849 = ( GEOMETRIC_REPRESENTATION_CONTEXT(2) 
PARAMETRIC_REPRESENTATION_CONTEXT() REPRESENTATION_CONTEXT('2D SPACE',''
  ) );
#3850 = PCURVE('',#3851,#3856);
#3851 = PLANE('',#3852);
#3852 = AXIS2_PLACEMENT_3D('',#3853,#3854,#3855);
#3853 = CARTESIAN_POINT('',(-3.9,0.,0.));
#3854 = DIRECTION('',(0.,-0.642787609687,-0.766044443119));
#3855 = DIRECTION('',(0.,-0.766044443119,0.642787609687));
#3856 = DEFINITIONAL_REPRESENTATION('',(#3857),#3860);
#3857 = B_SPLINE_CURVE_WITH_KNOTS('',1,(#3858,#3859),.UNSPECIFIED.,.F.,
  .F.,(2,2),(0.9999994,17.1000006),.PIECEWISE_BEZIER_KNOTS.);
#3858 = CARTESIAN_POINT('',(12.,-0.9999994));
#3859 = CARTESIAN_POINT('',(12.,-17.1000006));
#3860 = ( GEOMETRIC_REPRESENTATION_CONTEXT(2) 
PARAMETRIC_REPRESENTATION_CONTEXT() REPRESENTATION_CONTEXT('2D SPACE',''
  ) );
#3861 = ORIENTED_EDGE('',*,*,#3862,.F.);
#3862 = EDGE_CURVE('',#3863,#3837,#3865,.T.);
#3863 = VERTEX_POINT('',#3864);
#3864 = CARTESIAN_POINT('',(13.2,-0.83707768493,11.970768603118));
#3865 = SURFACE_CURVE('',#3866,(#3871,#3878),.PCURVE_S1.);
#3866 = CIRCLE('',#3867,12.);
#3867 = AXIS2_PLACEMENT_3D('',#3868,#3869,#3870);
#3868 = CARTESIAN_POINT('',(13.2,0.,0.));
#3869 = DIRECTION('',(1.,0.,0.));
#3870 = DIRECTION('',(-0.,0.,1.));
#3871 = PCURVE('',#3224,#3872);
#3872 = DEFINITIONAL_REPRESENTATION('',(#3873),#3877);
#3873 = LINE('',#3874,#3875);
#3874 = CARTESIAN_POINT('',(0.,34.8));
#3875 = VECTOR('',#3876,1.);
#3876 = DIRECTION('',(1.,0.));
#3877 = ( GEOMETRIC_REPRESENTATION_CONTEXT(2) 
PARAMETRIC_REPRESENTATION_CONTEXT() REPRESENTATION_CONTEXT('2D SPACE',''
  ) );
#3878 = PCURVE('',#3879,#3884);
#3879 = PLANE('',#3880);
#3880 = AXIS2_PLACEMENT_3D('',#3881,#3882,#3883);
#3881 = CARTESIAN_POINT('',(13.2,0.,0.));
#3882 = DIRECTION('',(1.,0.,0.));
#3883 = DIRECTION('',(-0.,0.,1.));
#3884 = DEFINITIONAL_REPRESENTATION('',(#3885),#3889);
#3885 = CIRCLE('',#3886,12.);
#3886 = AXIS2_PLACEMENT_2D('',#3887,#3888);
#3887 = CARTESIAN_POINT('',(0.,0.));
#3888 = DIRECTION('',(1.,0.));
#3889 = ( GEOMETRIC_REPRESENTATION_CONTEXT(2) 
PARAMETRIC_REPRESENTATION_CONTEXT() REPRESENTATION_CONTEXT('2D SPACE',''
  ) );
#3890 = ORIENTED_EDGE('',*,*,#3891,.F.);
#3891 = EDGE_CURVE('',#3892,#3863,#3894,.T.);
#3892 = VERTEX_POINT('',#3893);
#3893 = CARTESIAN_POINT('',(-2.9,-0.83707768493,11.970768603118));
#3894 = SURFACE_CURVE('',#3895,(#3899,#3905),.PCURVE_S1.);
#3895 = LINE('',#3896,#3897);
#3896 = CARTESIAN_POINT('',(-3.9,-0.83707768493,11.970768603118));
#3897 = VECTOR('',#3898,1.);
#3898 = DIRECTION('',(1.,0.,0.));
#3899 = PCURVE('',#3224,#3900);
#3900 = DEFINITIONAL_REPRESENTATION('',(#3901),#3904);
#3901 = B_SPLINE_CURVE_WITH_KNOTS('',1,(#3902,#3903),.UNSPECIFIED.,.F.,
  .F.,(2,2),(0.9999994,17.1000006),.PIECEWISE_BEZIER_KNOTS.);
#3902 = CARTESIAN_POINT('',(6.981317007977E-02,18.6999994));
#3903 = CARTESIAN_POINT('',(6.981317007977E-02,34.8000006));
#3904 = ( GEOMETRIC_REPRESENTATION_CONTEXT(2) 
PARAMETRIC_REPRESENTATION_CONTEXT() REPRESENTATION_CONTEXT('2D SPACE',''
  ) );
#3905 = PCURVE('',#3906,#3911);
#3906 = PLANE('',#3907);
#3907 = AXIS2_PLACEMENT_3D('',#3908,#3909,#3910);
#3908 = CARTESIAN_POINT('',(-3.9,-1.298085435957,18.563486592313));
#3909 = DIRECTION('',(-0.,0.99756405026,6.975647374413E-02));
#3910 = DIRECTION('',(0.,6.975647374413E-02,-0.99756405026));
#3911 = DEFINITIONAL_REPRESENTATION('',(#3912),#3915);
#3912 = B_SPLINE_CURVE_WITH_KNOTS('',1,(#3913,#3914),.UNSPECIFIED.,.F.,
  .F.,(2,2),(0.9999994,17.1000006),.PIECEWISE_BEZIER_KNOTS.);
#3913 = CARTESIAN_POINT('',(6.608816734603,-0.9999994));
#3914 = CARTESIAN_POINT('',(6.608816734603,-17.1000006));
#3915 = ( GEOMETRIC_REPRESENTATION_CONTEXT(2) 
PARAMETRIC_REPRESENTATION_CONTEXT() REPRESENTATION_CONTEXT('2D SPACE',''
  ) );
#3916 = ORIENTED_EDGE('',*,*,#3917,.T.);
#3917 = EDGE_CURVE('',#3892,#3628,#3918,.T.);
#3918 = SURFACE_CURVE('',#3919,(#3924,#3931),.PCURVE_S1.);
#3919 = CIRCLE('',#3920,12.);
#3920 = AXIS2_PLACEMENT_3D('',#3921,#3922,#3923);
#3921 = CARTESIAN_POINT('',(-2.9,0.,0.));
#3922 = DIRECTION('',(1.,0.,0.));
#3923 = DIRECTION('',(-0.,0.,1.));
#3924 = PCURVE('',#3224,#3925);
#3925 = DEFINITIONAL_REPRESENTATION('',(#3926),#3930);
#3926 = LINE('',#3927,#3928);
#3927 = CARTESIAN_POINT('',(0.,18.7));
#3928 = VECTOR('',#3929,1.);
#3929 = DIRECTION('',(1.,0.));
#3930 = ( GEOMETRIC_REPRESENTATION_CONTEXT(2) 
PARAMETRIC_REPRESENTATION_CONTEXT() REPRESENTATION_CONTEXT('2D SPACE',''
  ) );
#3931 = PCURVE('',#3643,#3932);
#3932 = DEFINITIONAL_REPRESENTATION('',(#3933),#3937);
#3933 = CIRCLE('',#3934,12.);
#3934 = AXIS2_PLACEMENT_2D('',#3935,#3936);
#3935 = CARTESIAN_POINT('',(0.,0.));
#3936 = DIRECTION('',(1.,0.));
#3937 = ( GEOMETRIC_REPRESENTATION_CONTEXT(2) 
PARAMETRIC_REPRESENTATION_CONTEXT() REPRESENTATION_CONTEXT('2D SPACE',''
  ) );
#3938 = ORIENTED_EDGE('',*,*,#3654,.T.);
#3939 = ORIENTED_EDGE('',*,*,#3207,.T.);
#3940 = FACE_BOUND('',#3941,.F.);
#3941 = EDGE_LOOP('',(#3942,#3976,#4002,#4034,#4066,#4092,#4124,#4156,
    #4182,#4214,#4246,#4272));
#3942 = ORIENTED_EDGE('',*,*,#3943,.F.);
#3943 = EDGE_CURVE('',#3944,#3946,#3948,.T.);
#3944 = VERTEX_POINT('',#3945);
#3945 = CARTESIAN_POINT('',(3.57431578065,-7.870325906071,9.058585437707
    ));
#3946 = VERTEX_POINT('',#3947);
#3947 = CARTESIAN_POINT('',(5.1,-5.676010612258,10.572743424936));
#3948 = SURFACE_CURVE('',#3949,(#3954,#3964),.PCURVE_S1.);
#3949 = ELLIPSE('',#3950,13.856406460551,12.);
#3950 = AXIS2_PLACEMENT_3D('',#3951,#3952,#3953);
#3951 = CARTESIAN_POINT('',(5.2486315613,0.,0.));
#3952 = DIRECTION('',(-0.866025403784,0.445503262094,0.22699524987));
#3953 = DIRECTION('',(0.5,0.771634284885,0.393167305851));
#3954 = PCURVE('',#3224,#3955);
#3955 = DEFINITIONAL_REPRESENTATION('',(#3956),#3963);
#3956 = B_SPLINE_CURVE_WITH_KNOTS('',5,(#3957,#3958,#3959,#3960,#3961,
    #3962),.UNSPECIFIED.,.F.,.F.,(6,6),(4.443320724337,4.736558000004),
  .PIECEWISE_BEZIER_KNOTS.);
#3957 = CARTESIAN_POINT('',(0.740307154086,25.006884202585));
#3958 = CARTESIAN_POINT('',(0.681659698953,25.398585838599));
#3959 = CARTESIAN_POINT('',(0.623012243819,25.798205873874));
#3960 = CARTESIAN_POINT('',(0.564364788686,26.202937630542));
#3961 = CARTESIAN_POINT('',(0.505717333553,26.60986032011));
#3962 = CARTESIAN_POINT('',(0.447069878419,27.016063139365));
#3963 = ( GEOMETRIC_REPRESENTATION_CONTEXT(2) 
PARAMETRIC_REPRESENTATION_CONTEXT() REPRESENTATION_CONTEXT('2D SPACE',''
  ) );
#3964 = PCURVE('',#3965,#3970);
#3965 = PLANE('',#3966);
#3966 = AXIS2_PLACEMENT_3D('',#3967,#3968,#3969);
#3967 = CARTESIAN_POINT('',(5.2486315613,-5.901876496614,11.583084814449
    ));
#3968 = DIRECTION('',(-0.866025403784,0.445503262094,0.22699524987));
#3969 = DIRECTION('',(-0.5,-0.771634284885,-0.393167305851));
#3970 = DEFINITIONAL_REPRESENTATION('',(#3971),#3975);
#3971 = ELLIPSE('',#3972,13.856406460551,12.);
#3972 = AXIS2_PLACEMENT_2D('',#3973,#3974);
#3973 = CARTESIAN_POINT('',(1.7763568394E-15,-13.));
#3974 = DIRECTION('',(-1.,-5.551115123126E-17));
#3975 = ( GEOMETRIC_REPRESENTATION_CONTEXT(2) 
PARAMETRIC_REPRESENTATION_CONTEXT() REPRESENTATION_CONTEXT('2D SPACE',''
  ) );
#3976 = ORIENTED_EDGE('',*,*,#3977,.F.);
#3977 = EDGE_CURVE('',#3978,#3944,#3980,.T.);
#3978 = VERTEX_POINT('',#3979);
#3979 = CARTESIAN_POINT('',(0.22568421935,-7.870325906071,9.058585437707
    ));
#3980 = SURFACE_CURVE('',#3981,(#3985,#3991),.PCURVE_S1.);
#3981 = LINE('',#3982,#3983);
#3982 = CARTESIAN_POINT('',(-21.6,-7.870325906071,9.058585437707));
#3983 = VECTOR('',#3984,1.);
#3984 = DIRECTION('',(1.,0.,0.));
#3985 = PCURVE('',#3224,#3986);
#3986 = DEFINITIONAL_REPRESENTATION('',(#3987),#3990);
#3987 = B_SPLINE_CURVE_WITH_KNOTS('',1,(#3988,#3989),.UNSPECIFIED.,.F.,
  .F.,(2,2),(21.49082106322,25.50917893678),.PIECEWISE_BEZIER_KNOTS.);
#3988 = CARTESIAN_POINT('',(0.715321959523,21.49082106322));
#3989 = CARTESIAN_POINT('',(0.715321959523,25.50917893678));
#3990 = ( GEOMETRIC_REPRESENTATION_CONTEXT(2) 
PARAMETRIC_REPRESENTATION_CONTEXT() REPRESENTATION_CONTEXT('2D SPACE',''
  ) );
#3991 = PCURVE('',#3992,#3997);
#3992 = PLANE('',#3993);
#3993 = AXIS2_PLACEMENT_3D('',#3994,#3995,#3996);
#3994 = CARTESIAN_POINT('',(3.57431578065,-8.48579541676,10.266512365204
    ));
#3995 = DIRECTION('',(-1.326181163023E-16,0.891006524188,0.45399049974)
  );
#3996 = DIRECTION('',(-1.,-1.181636068509E-16,-6.020736489461E-17));
#3997 = DEFINITIONAL_REPRESENTATION('',(#3998),#4001);
#3998 = B_SPLINE_CURVE_WITH_KNOTS('',1,(#3999,#4000),.UNSPECIFIED.,.F.,
  .F.,(2,2),(21.49082106322,25.50917893678),.PIECEWISE_BEZIER_KNOTS.);
#3999 = CARTESIAN_POINT('',(3.68349471743,-1.355688083875));
#4000 = CARTESIAN_POINT('',(-0.33486315613,-1.355688083875));
#4001 = ( GEOMETRIC_REPRESENTATION_CONTEXT(2) 
PARAMETRIC_REPRESENTATION_CONTEXT() REPRESENTATION_CONTEXT('2D SPACE',''
  ) );
#4002 = ORIENTED_EDGE('',*,*,#4003,.F.);
#4003 = EDGE_CURVE('',#4004,#3978,#4006,.T.);
#4004 = VERTEX_POINT('',#4005);
#4005 = CARTESIAN_POINT('',(-1.4486315613,-5.447885996875,10.69207829026
    ));
#4006 = SURFACE_CURVE('',#4007,(#4012,#4022),.PCURVE_S1.);
#4007 = ELLIPSE('',#4008,13.856406460551,12.);
#4008 = AXIS2_PLACEMENT_3D('',#4009,#4010,#4011);
#4009 = CARTESIAN_POINT('',(-1.4486315613,0.,0.));
#4010 = DIRECTION('',(0.866025403784,0.445503262094,0.22699524987));
#4011 = DIRECTION('',(0.5,-0.771634284885,-0.393167305851));
#4012 = PCURVE('',#3224,#4013);
#4013 = DEFINITIONAL_REPRESENTATION('',(#4014),#4021);
#4014 = B_SPLINE_CURVE_WITH_KNOTS('',5,(#4015,#4016,#4017,#4018,#4019,
    #4020),.UNSPECIFIED.,.F.,.F.,(6,6),(4.688219960765,4.981457236432),
  .PIECEWISE_BEZIER_KNOTS.);
#4015 = CARTESIAN_POINT('',(0.447069878419,19.983936860635));
#4016 = CARTESIAN_POINT('',(0.505717333553,20.39013967989));
#4017 = CARTESIAN_POINT('',(0.564364788686,20.797062369458));
#4018 = CARTESIAN_POINT('',(0.623012243819,21.201794126126));
#4019 = CARTESIAN_POINT('',(0.681659698953,21.601414161401));
#4020 = CARTESIAN_POINT('',(0.740307154086,21.993115797415));
#4021 = ( GEOMETRIC_REPRESENTATION_CONTEXT(2) 
PARAMETRIC_REPRESENTATION_CONTEXT() REPRESENTATION_CONTEXT('2D SPACE',''
  ) );
#4022 = PCURVE('',#4023,#4028);
#4023 = PLANE('',#4024);
#4024 = AXIS2_PLACEMENT_3D('',#4025,#4026,#4027);
#4025 = CARTESIAN_POINT('',(0.22568421935,-8.48579541676,10.266512365204
    ));
#4026 = DIRECTION('',(0.866025403784,0.445503262094,0.22699524987));
#4027 = DIRECTION('',(-0.5,0.771634284885,0.393167305851));
#4028 = DEFINITIONAL_REPRESENTATION('',(#4029),#4033);
#4029 = ELLIPSE('',#4030,13.856406460551,12.);
#4030 = AXIS2_PLACEMENT_2D('',#4031,#4032);
#4031 = CARTESIAN_POINT('',(3.3486315613,-13.));
#4032 = DIRECTION('',(-1.,0.));
#4033 = ( GEOMETRIC_REPRESENTATION_CONTEXT(2) 
PARAMETRIC_REPRESENTATION_CONTEXT() REPRESENTATION_CONTEXT('2D SPACE',''
  ) );
#4034 = ORIENTED_EDGE('',*,*,#4035,.F.);
#4035 = EDGE_CURVE('',#4036,#4004,#4038,.T.);
#4036 = VERTEX_POINT('',#4037);
#4037 = CARTESIAN_POINT('',(0.22568421935,-2.702488065778,
    11.691730336196));
#4038 = SURFACE_CURVE('',#4039,(#4044,#4054),.PCURVE_S1.);
#4039 = ELLIPSE('',#4040,13.856406460551,12.);
#4040 = AXIS2_PLACEMENT_3D('',#4041,#4042,#4043);
#4041 = CARTESIAN_POINT('',(-1.4486315613,0.,0.));
#4042 = DIRECTION('',(0.866025403784,-0.445503262094,-0.22699524987));
#4043 = DIRECTION('',(0.5,0.771634284885,0.393167305851));
#4044 = PCURVE('',#3224,#4045);
#4045 = DEFINITIONAL_REPRESENTATION('',(#4046),#4053);
#4046 = B_SPLINE_CURVE_WITH_KNOTS('',5,(#4047,#4048,#4049,#4050,#4051,
    #4052),.UNSPECIFIED.,.F.,.F.,(6,6),(1.301728070748,1.594965346414),
  .PIECEWISE_BEZIER_KNOTS.);
#4047 = CARTESIAN_POINT('',(0.202170641991,21.993115797415));
#4048 = CARTESIAN_POINT('',(0.260818097124,21.601414161401));
#4049 = CARTESIAN_POINT('',(0.319465552258,21.201794126126));
#4050 = CARTESIAN_POINT('',(0.378113007391,20.797062369458));
#4051 = CARTESIAN_POINT('',(0.436760462524,20.39013967989));
#4052 = CARTESIAN_POINT('',(0.495407917658,19.983936860635));
#4053 = ( GEOMETRIC_REPRESENTATION_CONTEXT(2) 
PARAMETRIC_REPRESENTATION_CONTEXT() REPRESENTATION_CONTEXT('2D SPACE',''
  ) );
#4054 = PCURVE('',#4055,#4060);
#4055 = PLANE('',#4056);
#4056 = AXIS2_PLACEMENT_3D('',#4057,#4058,#4059);
#4057 = CARTESIAN_POINT('',(-1.4486315613,-5.901876496614,
    11.583084814449));
#4058 = DIRECTION('',(0.866025403784,-0.445503262094,-0.22699524987));
#4059 = DIRECTION('',(0.5,0.771634284885,0.393167305851));
#4060 = DEFINITIONAL_REPRESENTATION('',(#4061),#4065);
#4061 = ELLIPSE('',#4062,13.856406460551,12.);
#4062 = AXIS2_PLACEMENT_2D('',#4063,#4064);
#4063 = CARTESIAN_POINT('',(-8.881784197001E-16,-13.));
#4064 = DIRECTION('',(1.,0.));
#4065 = ( GEOMETRIC_REPRESENTATION_CONTEXT(2) 
PARAMETRIC_REPRESENTATION_CONTEXT() REPRESENTATION_CONTEXT('2D SPACE',''
  ) );
#4066 = ORIENTED_EDGE('',*,*,#4067,.T.);
#4067 = EDGE_CURVE('',#4036,#4068,#4070,.T.);
#4068 = VERTEX_POINT('',#4069);
#4069 = CARTESIAN_POINT('',(3.57431578065,-2.702488065778,
    11.691730336196));
#4070 = SURFACE_CURVE('',#4071,(#4075,#4081),.PCURVE_S1.);
#4071 = LINE('',#4072,#4073);
#4072 = CARTESIAN_POINT('',(-21.6,-2.702488065778,11.691730336196));
#4073 = VECTOR('',#4074,1.);
#4074 = DIRECTION('',(1.,0.,0.));
#4075 = PCURVE('',#3224,#4076);
#4076 = DEFINITIONAL_REPRESENTATION('',(#4077),#4080);
#4077 = B_SPLINE_CURVE_WITH_KNOTS('',1,(#4078,#4079),.UNSPECIFIED.,.F.,
  .F.,(2,2),(21.49082106322,25.50917893678),.PIECEWISE_BEZIER_KNOTS.);
#4078 = CARTESIAN_POINT('',(0.227155836554,21.49082106322));
#4079 = CARTESIAN_POINT('',(0.227155836554,25.50917893678));
#4080 = ( GEOMETRIC_REPRESENTATION_CONTEXT(2) 
PARAMETRIC_REPRESENTATION_CONTEXT() REPRESENTATION_CONTEXT('2D SPACE',''
  ) );
#4081 = PCURVE('',#4082,#4087);
#4082 = PLANE('',#4083);
#4083 = AXIS2_PLACEMENT_3D('',#4084,#4085,#4086);
#4084 = CARTESIAN_POINT('',(0.22568421935,-3.317957576468,
    12.899657263693));
#4085 = DIRECTION('',(5.304724652093E-16,-0.891006524188,-0.45399049974)
  );
#4086 = DIRECTION('',(1.,4.726544274037E-16,2.408294595784E-16));
#4087 = DEFINITIONAL_REPRESENTATION('',(#4088),#4091);
#4088 = B_SPLINE_CURVE_WITH_KNOTS('',1,(#4089,#4090),.UNSPECIFIED.,.F.,
  .F.,(2,2),(21.49082106322,25.50917893678),.PIECEWISE_BEZIER_KNOTS.);
#4089 = CARTESIAN_POINT('',(-0.33486315613,-1.355688083875));
#4090 = CARTESIAN_POINT('',(3.68349471743,-1.355688083875));
#4091 = ( GEOMETRIC_REPRESENTATION_CONTEXT(2) 
PARAMETRIC_REPRESENTATION_CONTEXT() REPRESENTATION_CONTEXT('2D SPACE',''
  ) );
#4092 = ORIENTED_EDGE('',*,*,#4093,.F.);
#4093 = EDGE_CURVE('',#4094,#4068,#4096,.T.);
#4094 = VERTEX_POINT('',#4095);
#4095 = CARTESIAN_POINT('',(5.1,-5.217253778199,10.806491707019));
#4096 = SURFACE_CURVE('',#4097,(#4102,#4112),.PCURVE_S1.);
#4097 = ELLIPSE('',#4098,13.856406460551,12.);
#4098 = AXIS2_PLACEMENT_3D('',#4099,#4100,#4101);
#4099 = CARTESIAN_POINT('',(5.2486315613,0.,0.));
#4100 = DIRECTION('',(-0.866025403784,-0.445503262094,-0.22699524987));
#4101 = DIRECTION('',(0.5,-0.771634284885,-0.393167305851));
#4102 = PCURVE('',#3224,#4103);
#4103 = DEFINITIONAL_REPRESENTATION('',(#4104),#4111);
#4104 = B_SPLINE_CURVE_WITH_KNOTS('',5,(#4105,#4106,#4107,#4108,#4109,
    #4110),.UNSPECIFIED.,.F.,.F.,(6,6),(1.546627307176,1.839864582842),
  .PIECEWISE_BEZIER_KNOTS.);
#4105 = CARTESIAN_POINT('',(0.495407917658,27.016063139365));
#4106 = CARTESIAN_POINT('',(0.436760462524,26.60986032011));
#4107 = CARTESIAN_POINT('',(0.378113007391,26.202937630542));
#4108 = CARTESIAN_POINT('',(0.319465552258,25.798205873874));
#4109 = CARTESIAN_POINT('',(0.260818097124,25.398585838599));
#4110 = CARTESIAN_POINT('',(0.202170641991,25.006884202585));
#4111 = ( GEOMETRIC_REPRESENTATION_CONTEXT(2) 
PARAMETRIC_REPRESENTATION_CONTEXT() REPRESENTATION_CONTEXT('2D SPACE',''
  ) );
#4112 = PCURVE('',#4113,#4118);
#4113 = PLANE('',#4114);
#4114 = AXIS2_PLACEMENT_3D('',#4115,#4116,#4117);
#4115 = CARTESIAN_POINT('',(3.57431578065,-3.317957576468,
    12.899657263693));
#4116 = DIRECTION('',(-0.866025403784,-0.445503262094,-0.22699524987));
#4117 = DIRECTION('',(0.5,-0.771634284885,-0.393167305851));
#4118 = DEFINITIONAL_REPRESENTATION('',(#4119),#4123);
#4119 = ELLIPSE('',#4120,13.856406460551,12.);
#4120 = AXIS2_PLACEMENT_2D('',#4121,#4122);
#4121 = CARTESIAN_POINT('',(3.3486315613,-13.));
#4122 = DIRECTION('',(1.,0.));
#4123 = ( GEOMETRIC_REPRESENTATION_CONTEXT(2) 
PARAMETRIC_REPRESENTATION_CONTEXT() REPRESENTATION_CONTEXT('2D SPACE',''
  ) );
#4124 = ORIENTED_EDGE('',*,*,#4125,.F.);
#4125 = EDGE_CURVE('',#4126,#4094,#4128,.T.);
#4126 = VERTEX_POINT('',#4127);
#4127 = CARTESIAN_POINT('',(6.62568421935,-2.702488065778,
    11.691730336196));
#4128 = SURFACE_CURVE('',#4129,(#4134,#4144),.PCURVE_S1.);
#4129 = ELLIPSE('',#4130,13.856406460551,12.);
#4130 = AXIS2_PLACEMENT_3D('',#4131,#4132,#4133);
#4131 = CARTESIAN_POINT('',(4.9513684387,0.,0.));
#4132 = DIRECTION('',(0.866025403784,-0.445503262094,-0.22699524987));
#4133 = DIRECTION('',(0.5,0.771634284885,0.393167305851));
#4134 = PCURVE('',#3224,#4135);
#4135 = DEFINITIONAL_REPRESENTATION('',(#4136),#4143);
#4136 = B_SPLINE_CURVE_WITH_KNOTS('',5,(#4137,#4138,#4139,#4140,#4141,
    #4142),.UNSPECIFIED.,.F.,.F.,(6,6),(1.301728070748,1.594965346414),
  .PIECEWISE_BEZIER_KNOTS.);
#4137 = CARTESIAN_POINT('',(0.202170641991,28.393115797415));
#4138 = CARTESIAN_POINT('',(0.260818097124,28.001414161401));
#4139 = CARTESIAN_POINT('',(0.319465552258,27.601794126126));
#4140 = CARTESIAN_POINT('',(0.378113007391,27.197062369458));
#4141 = CARTESIAN_POINT('',(0.436760462524,26.79013967989));
#4142 = CARTESIAN_POINT('',(0.495407917658,26.383936860635));
#4143 = ( GEOMETRIC_REPRESENTATION_CONTEXT(2) 
PARAMETRIC_REPRESENTATION_CONTEXT() REPRESENTATION_CONTEXT('2D SPACE',''
  ) );
#4144 = PCURVE('',#4145,#4150);
#4145 = PLANE('',#4146);
#4146 = AXIS2_PLACEMENT_3D('',#4147,#4148,#4149);
#4147 = CARTESIAN_POINT('',(4.9513684387,-5.901876496614,11.583084814449
    ));
#4148 = DIRECTION('',(0.866025403784,-0.445503262094,-0.22699524987));
#4149 = DIRECTION('',(0.5,0.771634284885,0.393167305851));
#4150 = DEFINITIONAL_REPRESENTATION('',(#4151),#4155);
#4151 = ELLIPSE('',#4152,13.856406460551,12.);
#4152 = AXIS2_PLACEMENT_2D('',#4153,#4154);
#4153 = CARTESIAN_POINT('',(0.,-13.));
#4154 = DIRECTION('',(1.,0.));
#4155 = ( GEOMETRIC_REPRESENTATION_CONTEXT(2) 
PARAMETRIC_REPRESENTATION_CONTEXT() REPRESENTATION_CONTEXT('2D SPACE',''
  ) );
#4156 = ORIENTED_EDGE('',*,*,#4157,.T.);
#4157 = EDGE_CURVE('',#4126,#4158,#4160,.T.);
#4158 = VERTEX_POINT('',#4159);
#4159 = CARTESIAN_POINT('',(9.97431578065,-2.702488065778,
    11.691730336196));
#4160 = SURFACE_CURVE('',#4161,(#4165,#4171),.PCURVE_S1.);
#4161 = LINE('',#4162,#4163);
#4162 = CARTESIAN_POINT('',(-21.6,-2.702488065778,11.691730336196));
#4163 = VECTOR('',#4164,1.);
#4164 = DIRECTION('',(1.,0.,0.));
#4165 = PCURVE('',#3224,#4166);
#4166 = DEFINITIONAL_REPRESENTATION('',(#4167),#4170);
#4167 = B_SPLINE_CURVE_WITH_KNOTS('',1,(#4168,#4169),.UNSPECIFIED.,.F.,
  .F.,(2,2),(27.89082106322,31.90917893678),.PIECEWISE_BEZIER_KNOTS.);
#4168 = CARTESIAN_POINT('',(0.227155836554,27.89082106322));
#4169 = CARTESIAN_POINT('',(0.227155836554,31.90917893678));
#4170 = ( GEOMETRIC_REPRESENTATION_CONTEXT(2) 
PARAMETRIC_REPRESENTATION_CONTEXT() REPRESENTATION_CONTEXT('2D SPACE',''
  ) );
#4171 = PCURVE('',#4172,#4177);
#4172 = PLANE('',#4173);
#4173 = AXIS2_PLACEMENT_3D('',#4174,#4175,#4176);
#4174 = CARTESIAN_POINT('',(6.62568421935,-3.317957576468,
    12.899657263693));
#4175 = DIRECTION('',(5.304724652093E-16,-0.891006524188,-0.45399049974)
  );
#4176 = DIRECTION('',(1.,4.726544274037E-16,2.408294595784E-16));
#4177 = DEFINITIONAL_REPRESENTATION('',(#4178),#4181);
#4178 = B_SPLINE_CURVE_WITH_KNOTS('',1,(#4179,#4180),.UNSPECIFIED.,.F.,
  .F.,(2,2),(27.89082106322,31.90917893678),.PIECEWISE_BEZIER_KNOTS.);
#4179 = CARTESIAN_POINT('',(-0.33486315613,-1.355688083875));
#4180 = CARTESIAN_POINT('',(3.68349471743,-1.355688083875));
#4181 = ( GEOMETRIC_REPRESENTATION_CONTEXT(2) 
PARAMETRIC_REPRESENTATION_CONTEXT() REPRESENTATION_CONTEXT('2D SPACE',''
  ) );
#4182 = ORIENTED_EDGE('',*,*,#4183,.F.);
#4183 = EDGE_CURVE('',#4184,#4158,#4186,.T.);
#4184 = VERTEX_POINT('',#4185);
#4185 = CARTESIAN_POINT('',(11.6486315613,-5.447885996875,10.69207829026
    ));
#4186 = SURFACE_CURVE('',#4187,(#4192,#4202),.PCURVE_S1.);
#4187 = ELLIPSE('',#4188,13.856406460551,12.);
#4188 = AXIS2_PLACEMENT_3D('',#4189,#4190,#4191);
#4189 = CARTESIAN_POINT('',(11.6486315613,0.,0.));
#4190 = DIRECTION('',(-0.866025403784,-0.445503262094,-0.22699524987));
#4191 = DIRECTION('',(0.5,-0.771634284885,-0.393167305851));
#4192 = PCURVE('',#3224,#4193);
#4193 = DEFINITIONAL_REPRESENTATION('',(#4194),#4201);
#4194 = B_SPLINE_CURVE_WITH_KNOTS('',5,(#4195,#4196,#4197,#4198,#4199,
    #4200),.UNSPECIFIED.,.F.,.F.,(6,6),(1.546627307176,1.839864582842),
  .PIECEWISE_BEZIER_KNOTS.);
#4195 = CARTESIAN_POINT('',(0.495407917658,33.416063139365));
#4196 = CARTESIAN_POINT('',(0.436760462524,33.00986032011));
#4197 = CARTESIAN_POINT('',(0.378113007391,32.602937630542));
#4198 = CARTESIAN_POINT('',(0.319465552258,32.198205873874));
#4199 = CARTESIAN_POINT('',(0.260818097124,31.798585838599));
#4200 = CARTESIAN_POINT('',(0.202170641991,31.406884202585));
#4201 = ( GEOMETRIC_REPRESENTATION_CONTEXT(2) 
PARAMETRIC_REPRESENTATION_CONTEXT() REPRESENTATION_CONTEXT('2D SPACE',''
  ) );
#4202 = PCURVE('',#4203,#4208);
#4203 = PLANE('',#4204);
#4204 = AXIS2_PLACEMENT_3D('',#4205,#4206,#4207);
#4205 = CARTESIAN_POINT('',(9.97431578065,-3.317957576468,
    12.899657263693));
#4206 = DIRECTION('',(-0.866025403784,-0.445503262094,-0.22699524987));
#4207 = DIRECTION('',(0.5,-0.771634284885,-0.393167305851));
#4208 = DEFINITIONAL_REPRESENTATION('',(#4209),#4213);
#4209 = ELLIPSE('',#4210,13.856406460551,12.);
#4210 = AXIS2_PLACEMENT_2D('',#4211,#4212);
#4211 = CARTESIAN_POINT('',(3.3486315613,-13.));
#4212 = DIRECTION('',(1.,0.));
#4213 = ( GEOMETRIC_REPRESENTATION_CONTEXT(2) 
PARAMETRIC_REPRESENTATION_CONTEXT() REPRESENTATION_CONTEXT('2D SPACE',''
  ) );
#4214 = ORIENTED_EDGE('',*,*,#4215,.F.);
#4215 = EDGE_CURVE('',#4216,#4184,#4218,.T.);
#4216 = VERTEX_POINT('',#4217);
#4217 = CARTESIAN_POINT('',(9.97431578065,-7.870325906071,9.058585437707
    ));
#4218 = SURFACE_CURVE('',#4219,(#4224,#4234),.PCURVE_S1.);
#4219 = ELLIPSE('',#4220,13.856406460551,12.);
#4220 = AXIS2_PLACEMENT_3D('',#4221,#4222,#4223);
#4221 = CARTESIAN_POINT('',(11.6486315613,0.,0.));
#4222 = DIRECTION('',(-0.866025403784,0.445503262094,0.22699524987));
#4223 = DIRECTION('',(0.5,0.771634284885,0.393167305851));
#4224 = PCURVE('',#3224,#4225);
#4225 = DEFINITIONAL_REPRESENTATION('',(#4226),#4233);
#4226 = B_SPLINE_CURVE_WITH_KNOTS('',5,(#4227,#4228,#4229,#4230,#4231,
    #4232),.UNSPECIFIED.,.F.,.F.,(6,6),(4.443320724337,4.736558000004),
  .PIECEWISE_BEZIER_KNOTS.);
#4227 = CARTESIAN_POINT('',(0.740307154086,31.406884202585));
#4228 = CARTESIAN_POINT('',(0.681659698953,31.798585838599));
#4229 = CARTESIAN_POINT('',(0.623012243819,32.198205873874));
#4230 = CARTESIAN_POINT('',(0.564364788686,32.602937630542));
#4231 = CARTESIAN_POINT('',(0.505717333553,33.00986032011));
#4232 = CARTESIAN_POINT('',(0.447069878419,33.416063139365));
#4233 = ( GEOMETRIC_REPRESENTATION_CONTEXT(2) 
PARAMETRIC_REPRESENTATION_CONTEXT() REPRESENTATION_CONTEXT('2D SPACE',''
  ) );
#4234 = PCURVE('',#4235,#4240);
#4235 = PLANE('',#4236);
#4236 = AXIS2_PLACEMENT_3D('',#4237,#4238,#4239);
#4237 = CARTESIAN_POINT('',(11.6486315613,-5.901876496614,
    11.583084814449));
#4238 = DIRECTION('',(-0.866025403784,0.445503262094,0.22699524987));
#4239 = DIRECTION('',(-0.5,-0.771634284885,-0.393167305851));
#4240 = DEFINITIONAL_REPRESENTATION('',(#4241),#4245);
#4241 = ELLIPSE('',#4242,13.856406460551,12.);
#4242 = AXIS2_PLACEMENT_2D('',#4243,#4244);
#4243 = CARTESIAN_POINT('',(4.440892098501E-15,-13.));
#4244 = DIRECTION('',(-1.,-5.551115123126E-17));
#4245 = ( GEOMETRIC_REPRESENTATION_CONTEXT(2) 
PARAMETRIC_REPRESENTATION_CONTEXT() REPRESENTATION_CONTEXT('2D SPACE',''
  ) );
#4246 = ORIENTED_EDGE('',*,*,#4247,.F.);
#4247 = EDGE_CURVE('',#4248,#4216,#4250,.T.);
#4248 = VERTEX_POINT('',#4249);
#4249 = CARTESIAN_POINT('',(6.62568421935,-7.870325906071,9.058585437707
    ));
#4250 = SURFACE_CURVE('',#4251,(#4255,#4261),.PCURVE_S1.);
#4251 = LINE('',#4252,#4253);
#4252 = CARTESIAN_POINT('',(-21.6,-7.870325906071,9.058585437707));
#4253 = VECTOR('',#4254,1.);
#4254 = DIRECTION('',(1.,0.,0.));
#4255 = PCURVE('',#3224,#4256);
#4256 = DEFINITIONAL_REPRESENTATION('',(#4257),#4260);
#4257 = B_SPLINE_CURVE_WITH_KNOTS('',1,(#4258,#4259),.UNSPECIFIED.,.F.,
  .F.,(2,2),(27.89082106322,31.90917893678),.PIECEWISE_BEZIER_KNOTS.);
#4258 = CARTESIAN_POINT('',(0.715321959523,27.89082106322));
#4259 = CARTESIAN_POINT('',(0.715321959523,31.90917893678));
#4260 = ( GEOMETRIC_REPRESENTATION_CONTEXT(2) 
PARAMETRIC_REPRESENTATION_CONTEXT() REPRESENTATION_CONTEXT('2D SPACE',''
  ) );
#4261 = PCURVE('',#4262,#4267);
#4262 = PLANE('',#4263);
#4263 = AXIS2_PLACEMENT_3D('',#4264,#4265,#4266);
#4264 = CARTESIAN_POINT('',(9.97431578065,-8.48579541676,10.266512365204
    ));
#4265 = DIRECTION('',(-1.326181163023E-16,0.891006524188,0.45399049974)
  );
#4266 = DIRECTION('',(-1.,-1.181636068509E-16,-6.020736489461E-17));
#4267 = DEFINITIONAL_REPRESENTATION('',(#4268),#4271);
#4268 = B_SPLINE_CURVE_WITH_KNOTS('',1,(#4269,#4270),.UNSPECIFIED.,.F.,
  .F.,(2,2),(27.89082106322,31.90917893678),.PIECEWISE_BEZIER_KNOTS.);
#4269 = CARTESIAN_POINT('',(3.68349471743,-1.355688083875));
#4270 = CARTESIAN_POINT('',(-0.33486315613,-1.355688083875));
#4271 = ( GEOMETRIC_REPRESENTATION_CONTEXT(2) 
PARAMETRIC_REPRESENTATION_CONTEXT() REPRESENTATION_CONTEXT('2D SPACE',''
  ) );
#4272 = ORIENTED_EDGE('',*,*,#4273,.F.);
#4273 = EDGE_CURVE('',#3946,#4248,#4274,.T.);
#4274 = SURFACE_CURVE('',#4275,(#4280,#4290),.PCURVE_S1.);
#4275 = ELLIPSE('',#4276,13.856406460551,12.);
#4276 = AXIS2_PLACEMENT_3D('',#4277,#4278,#4279);
#4277 = CARTESIAN_POINT('',(4.9513684387,0.,0.));
#4278 = DIRECTION('',(0.866025403784,0.445503262094,0.22699524987));
#4279 = DIRECTION('',(0.5,-0.771634284885,-0.393167305851));
#4280 = PCURVE('',#3224,#4281);
#4281 = DEFINITIONAL_REPRESENTATION('',(#4282),#4289);
#4282 = B_SPLINE_CURVE_WITH_KNOTS('',5,(#4283,#4284,#4285,#4286,#4287,
    #4288),.UNSPECIFIED.,.F.,.F.,(6,6),(4.688219960765,4.981457236432),
  .PIECEWISE_BEZIER_KNOTS.);
#4283 = CARTESIAN_POINT('',(0.447069878419,26.383936860635));
#4284 = CARTESIAN_POINT('',(0.505717333553,26.79013967989));
#4285 = CARTESIAN_POINT('',(0.564364788686,27.197062369458));
#4286 = CARTESIAN_POINT('',(0.623012243819,27.601794126126));
#4287 = CARTESIAN_POINT('',(0.681659698953,28.001414161401));
#4288 = CARTESIAN_POINT('',(0.740307154086,28.393115797415));
#4289 = ( GEOMETRIC_REPRESENTATION_CONTEXT(2) 
PARAMETRIC_REPRESENTATION_CONTEXT() REPRESENTATION_CONTEXT('2D SPACE',''
  ) );
#4290 = PCURVE('',#4291,#4296);
#4291 = PLANE('',#4292);
#4292 = AXIS2_PLACEMENT_3D('',#4293,#4294,#4295);
#4293 = CARTESIAN_POINT('',(6.62568421935,-8.48579541676,10.266512365204
    ));
#4294 = DIRECTION('',(0.866025403784,0.445503262094,0.22699524987));
#4295 = DIRECTION('',(-0.5,0.771634284885,0.393167305851));
#4296 = DEFINITIONAL_REPRESENTATION('',(#4297),#4301);
#4297 = ELLIPSE('',#4298,13.856406460551,12.);
#4298 = AXIS2_PLACEMENT_2D('',#4299,#4300);
#4299 = CARTESIAN_POINT('',(3.3486315613,-13.));
#4300 = DIRECTION('',(-1.,0.));
#4301 = ( GEOMETRIC_REPRESENTATION_CONTEXT(2) 
PARAMETRIC_REPRESENTATION_CONTEXT() REPRESENTATION_CONTEXT('2D SPACE',''
  ) );
#4302 = ADVANCED_FACE('',(#4303,#4379),#3328,.F.);
#4303 = FACE_BOUND('',#4304,.F.);
#4304 = EDGE_LOOP('',(#4305,#4306,#4307,#4308,#4309,#4333,#4357));
#4305 = ORIENTED_EDGE('',*,*,#3707,.F.);
#4306 = ORIENTED_EDGE('',*,*,#3312,.T.);
#4307 = ORIENTED_EDGE('',*,*,#3417,.F.);
#4308 = ORIENTED_EDGE('',*,*,#3469,.T.);
#4309 = ORIENTED_EDGE('',*,*,#4310,.T.);
#4310 = EDGE_CURVE('',#3470,#4311,#4313,.T.);
#4311 = VERTEX_POINT('',#4312);
#4312 = CARTESIAN_POINT('',(-6.7,-14.93251426741,10.921081340845));
#4313 = SURFACE_CURVE('',#4314,(#4319,#4326),.PCURVE_S1.);
#4314 = CIRCLE('',#4315,18.5);
#4315 = AXIS2_PLACEMENT_3D('',#4316,#4317,#4318);
#4316 = CARTESIAN_POINT('',(-6.7,0.,0.));
#4317 = DIRECTION('',(1.,0.,0.));
#4318 = DIRECTION('',(-0.,0.,1.));
#4319 = PCURVE('',#3328,#4320);
#4320 = DEFINITIONAL_REPRESENTATION('',(#4321),#4325);
#4321 = CIRCLE('',#4322,18.5);
#4322 = AXIS2_PLACEMENT_2D('',#4323,#4324);
#4323 = CARTESIAN_POINT('',(0.,0.));
#4324 = DIRECTION('',(1.,0.));
#4325 = ( GEOMETRIC_REPRESENTATION_CONTEXT(2) 
PARAMETRIC_REPRESENTATION_CONTEXT() REPRESENTATION_CONTEXT('2D SPACE',''
  ) );
#4326 = PCURVE('',#3508,#4327);
#4327 = DEFINITIONAL_REPRESENTATION('',(#4328),#4332);
#4328 = LINE('',#4329,#4330);
#4329 = CARTESIAN_POINT('',(0.,0.));
#4330 = VECTOR('',#4331,1.);
#4331 = DIRECTION('',(1.,0.));
#4332 = ( GEOMETRIC_REPRESENTATION_CONTEXT(2) 
PARAMETRIC_REPRESENTATION_CONTEXT() REPRESENTATION_CONTEXT('2D SPACE',''
  ) );
#4333 = ORIENTED_EDGE('',*,*,#4334,.T.);
#4334 = EDGE_CURVE('',#4311,#4335,#4337,.T.);
#4335 = VERTEX_POINT('',#4336);
#4336 = CARTESIAN_POINT('',(-6.7,-15.70130766401,10.971384193697));
#4337 = SURFACE_CURVE('',#4338,(#4343,#4350),.PCURVE_S1.);
#4338 = CIRCLE('',#4339,5.9);
#4339 = AXIS2_PLACEMENT_3D('',#4340,#4341,#4342);
#4340 = CARTESIAN_POINT('',(-6.7,-15.70130766401,5.071384193697));
#4341 = DIRECTION('',(1.,0.,0.));
#4342 = DIRECTION('',(-0.,0.,1.));
#4343 = PCURVE('',#3328,#4344);
#4344 = DEFINITIONAL_REPRESENTATION('',(#4345),#4349);
#4345 = CIRCLE('',#4346,5.9);
#4346 = AXIS2_PLACEMENT_2D('',#4347,#4348);
#4347 = CARTESIAN_POINT('',(5.071384193697,15.701307664011));
#4348 = DIRECTION('',(1.,0.));
#4349 = ( GEOMETRIC_REPRESENTATION_CONTEXT(2) 
PARAMETRIC_REPRESENTATION_CONTEXT() REPRESENTATION_CONTEXT('2D SPACE',''
  ) );
#4350 = PCURVE('',#3746,#4351);
#4351 = DEFINITIONAL_REPRESENTATION('',(#4352),#4356);
#4352 = LINE('',#4353,#4354);
#4353 = CARTESIAN_POINT('',(0.,0.));
#4354 = VECTOR('',#4355,1.);
#4355 = DIRECTION('',(1.,0.));
#4356 = ( GEOMETRIC_REPRESENTATION_CONTEXT(2) 
PARAMETRIC_REPRESENTATION_CONTEXT() REPRESENTATION_CONTEXT('2D SPACE',''
  ) );
#4357 = ORIENTED_EDGE('',*,*,#4358,.T.);
#4358 = EDGE_CURVE('',#4335,#3708,#4359,.T.);
#4359 = SURFACE_CURVE('',#4360,(#4365,#4372),.PCURVE_S1.);
#4360 = CIRCLE('',#4361,5.9);
#4361 = AXIS2_PLACEMENT_3D('',#4362,#4363,#4364);
#4362 = CARTESIAN_POINT('',(-6.7,-15.70130766401,5.071384193697));
#4363 = DIRECTION('',(1.,0.,0.));
#4364 = DIRECTION('',(-0.,0.,1.));
#4365 = PCURVE('',#3328,#4366);
#4366 = DEFINITIONAL_REPRESENTATION('',(#4367),#4371);
#4367 = CIRCLE('',#4368,5.9);
#4368 = AXIS2_PLACEMENT_2D('',#4369,#4370);
#4369 = CARTESIAN_POINT('',(5.071384193697,15.701307664011));
#4370 = DIRECTION('',(1.,0.));
#4371 = ( GEOMETRIC_REPRESENTATION_CONTEXT(2) 
PARAMETRIC_REPRESENTATION_CONTEXT() REPRESENTATION_CONTEXT('2D SPACE',''
  ) );
#4372 = PCURVE('',#3746,#4373);
#4373 = DEFINITIONAL_REPRESENTATION('',(#4374),#4378);
#4374 = LINE('',#4375,#4376);
#4375 = CARTESIAN_POINT('',(0.,0.));
#4376 = VECTOR('',#4377,1.);
#4377 = DIRECTION('',(1.,0.));
#4378 = ( GEOMETRIC_REPRESENTATION_CONTEXT(2) 
PARAMETRIC_REPRESENTATION_CONTEXT() REPRESENTATION_CONTEXT('2D SPACE',''
  ) );
#4379 = FACE_BOUND('',#4380,.F.);
#4380 = EDGE_LOOP('',(#4381,#4409,#4435,#4461,#4487,#4513));
#4381 = ORIENTED_EDGE('',*,*,#4382,.T.);
#4382 = EDGE_CURVE('',#4383,#4385,#4387,.T.);
#4383 = VERTEX_POINT('',#4384);
#4384 = CARTESIAN_POINT('',(-6.7,-13.59397918146,8.721384193697));
#4385 = VERTEX_POINT('',#4386);
#4386 = CARTESIAN_POINT('',(-6.7,-11.48665069892,5.071384193697));
#4387 = SURFACE_CURVE('',#4388,(#4392,#4398),.PCURVE_S1.);
#4388 = LINE('',#4389,#4390);
#4389 = CARTESIAN_POINT('',(-6.7,-10.0064967168,2.507682293643));
#4390 = VECTOR('',#4391,1.);
#4391 = DIRECTION('',(0.,0.5,-0.866025403784));
#4392 = PCURVE('',#3328,#4393);
#4393 = DEFINITIONAL_REPRESENTATION('',(#4394),#4397);
#4394 = B_SPLINE_CURVE_WITH_KNOTS('',1,(#4395,#4396),.UNSPECIFIED.,.F.,
  .F.,(2,2),(-7.17496492932,-2.960307964236),.PIECEWISE_BEZIER_KNOTS.);
#4395 = CARTESIAN_POINT('',(8.721384193697,13.593979181469));
#4396 = CARTESIAN_POINT('',(5.071384193697,11.486650698926));
#4397 = ( GEOMETRIC_REPRESENTATION_CONTEXT(2) 
PARAMETRIC_REPRESENTATION_CONTEXT() REPRESENTATION_CONTEXT('2D SPACE',''
  ) );
#4398 = PCURVE('',#4399,#4404);
#4399 = PLANE('',#4400);
#4400 = AXIS2_PLACEMENT_3D('',#4401,#4402,#4403);
#4401 = CARTESIAN_POINT('',(-3.2,-13.59397918146,8.721384193697));
#4402 = DIRECTION('',(0.,-0.866025403784,-0.5));
#4403 = DIRECTION('',(0.,0.5,-0.866025403784));
#4404 = DEFINITIONAL_REPRESENTATION('',(#4405),#4408);
#4405 = B_SPLINE_CURVE_WITH_KNOTS('',1,(#4406,#4407),.UNSPECIFIED.,.F.,
  .F.,(2,2),(-7.17496492932,-2.960307964236),.PIECEWISE_BEZIER_KNOTS.);
#4406 = CARTESIAN_POINT('',(0.,-3.5));
#4407 = CARTESIAN_POINT('',(4.214656965084,-3.5));
#4408 = ( GEOMETRIC_REPRESENTATION_CONTEXT(2) 
PARAMETRIC_REPRESENTATION_CONTEXT() REPRESENTATION_CONTEXT('2D SPACE',''
  ) );
#4409 = ORIENTED_EDGE('',*,*,#4410,.T.);
#4410 = EDGE_CURVE('',#4385,#4411,#4413,.T.);
#4411 = VERTEX_POINT('',#4412);
#4412 = CARTESIAN_POINT('',(-6.7,-13.59397918146,1.421384193697));
#4413 = SURFACE_CURVE('',#4414,(#4418,#4424),.PCURVE_S1.);
#4414 = LINE('',#4415,#4416);
#4415 = CARTESIAN_POINT('',(-6.7,-11.14880624758,5.656547948478));
#4416 = VECTOR('',#4417,1.);
#4417 = DIRECTION('',(0.,-0.5,-0.866025403784));
#4418 = PCURVE('',#3328,#4419);
#4419 = DEFINITIONAL_REPRESENTATION('',(#4420),#4423);
#4420 = B_SPLINE_CURVE_WITH_KNOTS('',1,(#4421,#4422),.UNSPECIFIED.,.F.,
  .F.,(2,2),(0.675688902685,4.89034586777),.PIECEWISE_BEZIER_KNOTS.);
#4421 = CARTESIAN_POINT('',(5.071384193697,11.486650698926));
#4422 = CARTESIAN_POINT('',(1.421384193697,13.593979181469));
#4423 = ( GEOMETRIC_REPRESENTATION_CONTEXT(2) 
PARAMETRIC_REPRESENTATION_CONTEXT() REPRESENTATION_CONTEXT('2D SPACE',''
  ) );
#4424 = PCURVE('',#4425,#4430);
#4425 = PLANE('',#4426);
#4426 = AXIS2_PLACEMENT_3D('',#4427,#4428,#4429);
#4427 = CARTESIAN_POINT('',(-3.2,-11.48665069892,5.071384193697));
#4428 = DIRECTION('',(-0.,-0.866025403784,0.5));
#4429 = DIRECTION('',(0.,-0.5,-0.866025403784));
#4430 = DEFINITIONAL_REPRESENTATION('',(#4431),#4434);
#4431 = B_SPLINE_CURVE_WITH_KNOTS('',1,(#4432,#4433),.UNSPECIFIED.,.F.,
  .F.,(2,2),(0.675688902685,4.89034586777),.PIECEWISE_BEZIER_KNOTS.);
#4432 = CARTESIAN_POINT('',(0.,-3.5));
#4433 = CARTESIAN_POINT('',(4.214656965084,-3.5));
#4434 = ( GEOMETRIC_REPRESENTATION_CONTEXT(2) 
PARAMETRIC_REPRESENTATION_CONTEXT() REPRESENTATION_CONTEXT('2D SPACE',''
  ) );
#4435 = ORIENTED_EDGE('',*,*,#4436,.T.);
#4436 = EDGE_CURVE('',#4411,#4437,#4439,.T.);
#4437 = VERTEX_POINT('',#4438);
#4438 = CARTESIAN_POINT('',(-6.7,-17.80863614655,1.421384193697));
#4439 = SURFACE_CURVE('',#4440,(#4444,#4450),.PCURVE_S1.);
#4440 = LINE('',#4441,#4442);
#4441 = CARTESIAN_POINT('',(-6.7,-6.796989590734,1.421384193697));
#4442 = VECTOR('',#4443,1.);
#4443 = DIRECTION('',(0.,-1.,-1.05367818432E-16));
#4444 = PCURVE('',#3328,#4445);
#4445 = DEFINITIONAL_REPRESENTATION('',(#4446),#4449);
#4446 = B_SPLINE_CURVE_WITH_KNOTS('',1,(#4447,#4448),.UNSPECIFIED.,.F.,
  .F.,(2,2),(6.796989590734,11.011646555819),.PIECEWISE_BEZIER_KNOTS.);
#4447 = CARTESIAN_POINT('',(1.421384193697,13.593979181469));
#4448 = CARTESIAN_POINT('',(1.421384193697,17.808636146553));
#4449 = ( GEOMETRIC_REPRESENTATION_CONTEXT(2) 
PARAMETRIC_REPRESENTATION_CONTEXT() REPRESENTATION_CONTEXT('2D SPACE',''
  ) );
#4450 = PCURVE('',#4451,#4456);
#4451 = PLANE('',#4452);
#4452 = AXIS2_PLACEMENT_3D('',#4453,#4454,#4455);
#4453 = CARTESIAN_POINT('',(-3.2,-13.59397918146,1.421384193697));
#4454 = DIRECTION('',(-0.,-1.05367818432E-16,1.));
#4455 = DIRECTION('',(0.,-1.,-1.05367818432E-16));
#4456 = DEFINITIONAL_REPRESENTATION('',(#4457),#4460);
#4457 = B_SPLINE_CURVE_WITH_KNOTS('',1,(#4458,#4459),.UNSPECIFIED.,.F.,
  .F.,(2,2),(6.796989590734,11.011646555819),.PIECEWISE_BEZIER_KNOTS.);
#4458 = CARTESIAN_POINT('',(0.,-3.5));
#4459 = CARTESIAN_POINT('',(4.214656965084,-3.5));
#4460 = ( GEOMETRIC_REPRESENTATION_CONTEXT(2) 
PARAMETRIC_REPRESENTATION_CONTEXT() REPRESENTATION_CONTEXT('2D SPACE',''
  ) );
#4461 = ORIENTED_EDGE('',*,*,#4462,.T.);
#4462 = EDGE_CURVE('',#4437,#4463,#4465,.T.);
#4463 = VERTEX_POINT('',#4464);
#4464 = CARTESIAN_POINT('',(-6.7,-19.91596462909,5.071384193697));
#4465 = SURFACE_CURVE('',#4466,(#4470,#4476),.PCURVE_S1.);
#4466 = LINE('',#4467,#4468);
#4467 = CARTESIAN_POINT('',(-6.7,-15.27481792316,-2.967317706357));
#4468 = VECTOR('',#4469,1.);
#4469 = DIRECTION('',(0.,-0.5,0.866025403784));
#4470 = PCURVE('',#3328,#4471);
#4471 = DEFINITIONAL_REPRESENTATION('',(#4472),#4475);
#4472 = B_SPLINE_CURVE_WITH_KNOTS('',1,(#4473,#4474),.UNSPECIFIED.,.F.,
  .F.,(2,2),(5.067636446778,9.282293411862),.PIECEWISE_BEZIER_KNOTS.);
#4473 = CARTESIAN_POINT('',(1.421384193697,17.808636146553));
#4474 = CARTESIAN_POINT('',(5.071384193697,19.915964629095));
#4475 = ( GEOMETRIC_REPRESENTATION_CONTEXT(2) 
PARAMETRIC_REPRESENTATION_CONTEXT() REPRESENTATION_CONTEXT('2D SPACE',''
  ) );
#4476 = PCURVE('',#4477,#4482);
#4477 = PLANE('',#4478);
#4478 = AXIS2_PLACEMENT_3D('',#4479,#4480,#4481);
#4479 = CARTESIAN_POINT('',(-3.2,-17.80863614655,1.421384193697));
#4480 = DIRECTION('',(0.,0.866025403784,0.5));
#4481 = DIRECTION('',(-0.,-0.5,0.866025403784));
#4482 = DEFINITIONAL_REPRESENTATION('',(#4483),#4486);
#4483 = B_SPLINE_CURVE_WITH_KNOTS('',1,(#4484,#4485),.UNSPECIFIED.,.F.,
  .F.,(2,2),(5.067636446778,9.282293411862),.PIECEWISE_BEZIER_KNOTS.);
#4484 = CARTESIAN_POINT('',(0.,-3.5));
#4485 = CARTESIAN_POINT('',(4.214656965084,-3.5));
#4486 = ( GEOMETRIC_REPRESENTATION_CONTEXT(2) 
PARAMETRIC_REPRESENTATION_CONTEXT() REPRESENTATION_CONTEXT('2D SPACE',''
  ) );
#4487 = ORIENTED_EDGE('',*,*,#4488,.T.);
#4488 = EDGE_CURVE('',#4463,#4489,#4491,.T.);
#4489 = VERTEX_POINT('',#4490);
#4490 = CARTESIAN_POINT('',(-6.7,-17.80863614655,8.721384193697));
#4491 = SURFACE_CURVE('',#4492,(#4496,#4502),.PCURVE_S1.);
#4492 = LINE('',#4493,#4494);
#4493 = CARTESIAN_POINT('',(-6.7,-18.52445593648,7.481547948478));
#4494 = VECTOR('',#4495,1.);
#4495 = DIRECTION('',(-0.,0.5,0.866025403784));
#4496 = PCURVE('',#3328,#4497);
#4497 = DEFINITIONAL_REPRESENTATION('',(#4498),#4501);
#4498 = B_SPLINE_CURVE_WITH_KNOTS('',1,(#4499,#4500),.UNSPECIFIED.,.F.,
  .F.,(2,2),(-2.783017385228,1.431639579857),.PIECEWISE_BEZIER_KNOTS.);
#4499 = CARTESIAN_POINT('',(5.071384193697,19.915964629095));
#4500 = CARTESIAN_POINT('',(8.721384193697,17.808636146553));
#4501 = ( GEOMETRIC_REPRESENTATION_CONTEXT(2) 
PARAMETRIC_REPRESENTATION_CONTEXT() REPRESENTATION_CONTEXT('2D SPACE',''
  ) );
#4502 = PCURVE('',#4503,#4508);
#4503 = PLANE('',#4504);
#4504 = AXIS2_PLACEMENT_3D('',#4505,#4506,#4507);
#4505 = CARTESIAN_POINT('',(-3.2,-19.91596462909,5.071384193697));
#4506 = DIRECTION('',(0.,0.866025403784,-0.5));
#4507 = DIRECTION('',(0.,0.5,0.866025403784));
#4508 = DEFINITIONAL_REPRESENTATION('',(#4509),#4512);
#4509 = B_SPLINE_CURVE_WITH_KNOTS('',1,(#4510,#4511),.UNSPECIFIED.,.F.,
  .F.,(2,2),(-2.783017385228,1.431639579857),.PIECEWISE_BEZIER_KNOTS.);
#4510 = CARTESIAN_POINT('',(0.,-3.5));
#4511 = CARTESIAN_POINT('',(4.214656965084,-3.5));
#4512 = ( GEOMETRIC_REPRESENTATION_CONTEXT(2) 
PARAMETRIC_REPRESENTATION_CONTEXT() REPRESENTATION_CONTEXT('2D SPACE',''
  ) );
#4513 = ORIENTED_EDGE('',*,*,#4514,.T.);
#4514 = EDGE_CURVE('',#4489,#4383,#4515,.T.);
#4515 = SURFACE_CURVE('',#4516,(#4520,#4526),.PCURVE_S1.);
#4516 = LINE('',#4517,#4518);
#4517 = CARTESIAN_POINT('',(-6.7,-8.904318073276,8.721384193697));
#4518 = VECTOR('',#4519,1.);
#4519 = DIRECTION('',(-0.,1.,6.322069105919E-16));
#4520 = PCURVE('',#3328,#4521);
#4521 = DEFINITIONAL_REPRESENTATION('',(#4522),#4525);
#4522 = B_SPLINE_CURVE_WITH_KNOTS('',1,(#4523,#4524),.UNSPECIFIED.,.F.,
  .F.,(2,2),(-8.904318073276,-4.689661108192),.PIECEWISE_BEZIER_KNOTS.);
#4523 = CARTESIAN_POINT('',(8.721384193697,17.808636146553));
#4524 = CARTESIAN_POINT('',(8.721384193697,13.593979181469));
#4525 = ( GEOMETRIC_REPRESENTATION_CONTEXT(2) 
PARAMETRIC_REPRESENTATION_CONTEXT() REPRESENTATION_CONTEXT('2D SPACE',''
  ) );
#4526 = PCURVE('',#4527,#4532);
#4527 = PLANE('',#4528);
#4528 = AXIS2_PLACEMENT_3D('',#4529,#4530,#4531);
#4529 = CARTESIAN_POINT('',(-3.2,-17.80863614655,8.721384193697));
#4530 = DIRECTION('',(0.,6.322069105919E-16,-1.));
#4531 = DIRECTION('',(0.,1.,6.322069105919E-16));
#4532 = DEFINITIONAL_REPRESENTATION('',(#4533),#4536);
#4533 = B_SPLINE_CURVE_WITH_KNOTS('',1,(#4534,#4535),.UNSPECIFIED.,.F.,
  .F.,(2,2),(-8.904318073276,-4.689661108192),.PIECEWISE_BEZIER_KNOTS.);
#4534 = CARTESIAN_POINT('',(0.,-3.5));
#4535 = CARTESIAN_POINT('',(4.214656965084,-3.5));
#4536 = ( GEOMETRIC_REPRESENTATION_CONTEXT(2) 
PARAMETRIC_REPRESENTATION_CONTEXT() REPRESENTATION_CONTEXT('2D SPACE',''
  ) );
#4537 = ADVANCED_FACE('',(#4538),#3508,.T.);
#4538 = FACE_BOUND('',#4539,.T.);
#4539 = EDGE_LOOP('',(#4540,#4564,#4565,#4566));
#4540 = ORIENTED_EDGE('',*,*,#4541,.F.);
#4541 = EDGE_CURVE('',#3493,#4542,#4544,.T.);
#4542 = VERTEX_POINT('',#4543);
#4543 = CARTESIAN_POINT('',(-3.2,-14.93251426741,10.921081340845));
#4544 = SURFACE_CURVE('',#4545,(#4550,#4557),.PCURVE_S1.);
#4545 = CIRCLE('',#4546,18.5);
#4546 = AXIS2_PLACEMENT_3D('',#4547,#4548,#4549);
#4547 = CARTESIAN_POINT('',(-3.2,0.,0.));
#4548 = DIRECTION('',(1.,0.,0.));
#4549 = DIRECTION('',(-0.,0.,1.));
#4550 = PCURVE('',#3508,#4551);
#4551 = DEFINITIONAL_REPRESENTATION('',(#4552),#4556);
#4552 = LINE('',#4553,#4554);
#4553 = CARTESIAN_POINT('',(0.,3.5));
#4554 = VECTOR('',#4555,1.);
#4555 = DIRECTION('',(1.,0.));
#4556 = ( GEOMETRIC_REPRESENTATION_CONTEXT(2) 
PARAMETRIC_REPRESENTATION_CONTEXT() REPRESENTATION_CONTEXT('2D SPACE',''
  ) );
#4557 = PCURVE('',#3535,#4558);
#4558 = DEFINITIONAL_REPRESENTATION('',(#4559),#4563);
#4559 = CIRCLE('',#4560,18.5);
#4560 = AXIS2_PLACEMENT_2D('',#4561,#4562);
#4561 = CARTESIAN_POINT('',(0.,0.));
#4562 = DIRECTION('',(1.,0.));
#4563 = ( GEOMETRIC_REPRESENTATION_CONTEXT(2) 
PARAMETRIC_REPRESENTATION_CONTEXT() REPRESENTATION_CONTEXT('2D SPACE',''
  ) );
#4564 = ORIENTED_EDGE('',*,*,#3492,.F.);
#4565 = ORIENTED_EDGE('',*,*,#4310,.T.);
#4566 = ORIENTED_EDGE('',*,*,#4567,.T.);
#4567 = EDGE_CURVE('',#4311,#4542,#4568,.T.);
#4568 = SURFACE_CURVE('',#4569,(#4573,#4579),.PCURVE_S1.);
#4569 = LINE('',#4570,#4571);
#4570 = CARTESIAN_POINT('',(-6.7,-14.93251426741,10.921081340845));
#4571 = VECTOR('',#4572,1.);
#4572 = DIRECTION('',(1.,0.,0.));
#4573 = PCURVE('',#3508,#4574);
#4574 = DEFINITIONAL_REPRESENTATION('',(#4575),#4578);
#4575 = B_SPLINE_CURVE_WITH_KNOTS('',1,(#4576,#4577),.UNSPECIFIED.,.F.,
  .F.,(2,2),(-5.999999999062E-07,3.5000006),.PIECEWISE_BEZIER_KNOTS.);
#4576 = CARTESIAN_POINT('',(0.939330291655,-5.999999999062E-07));
#4577 = CARTESIAN_POINT('',(0.939330291655,3.5000006));
#4578 = ( GEOMETRIC_REPRESENTATION_CONTEXT(2) 
PARAMETRIC_REPRESENTATION_CONTEXT() REPRESENTATION_CONTEXT('2D SPACE',''
  ) );
#4579 = PCURVE('',#3746,#4580);
#4580 = DEFINITIONAL_REPRESENTATION('',(#4581),#4584);
#4581 = B_SPLINE_CURVE_WITH_KNOTS('',1,(#4582,#4583),.UNSPECIFIED.,.F.,
  .F.,(2,2),(-5.999999999062E-07,3.5000006),.PIECEWISE_BEZIER_KNOTS.);
#4582 = CARTESIAN_POINT('',(6.152509754256,-5.999999999062E-07));
#4583 = CARTESIAN_POINT('',(6.152509754256,3.5000006));
#4584 = ( GEOMETRIC_REPRESENTATION_CONTEXT(2) 
PARAMETRIC_REPRESENTATION_CONTEXT() REPRESENTATION_CONTEXT('2D SPACE',''
  ) );
#4585 = ADVANCED_FACE('',(#4586),#3535,.T.);
#4586 = FACE_BOUND('',#4587,.T.);
#4587 = EDGE_LOOP('',(#4588,#4589,#4610,#4632,#4633,#4634));
#4588 = ORIENTED_EDGE('',*,*,#3757,.F.);
#4589 = ORIENTED_EDGE('',*,*,#4590,.T.);
#4590 = EDGE_CURVE('',#3758,#4591,#4593,.T.);
#4591 = VERTEX_POINT('',#4592);
#4592 = CARTESIAN_POINT('',(-3.2,-11.08190655586,14.184193564921));
#4593 = SURFACE_CURVE('',#4594,(#4598,#4604),.PCURVE_S1.);
#4594 = LINE('',#4595,#4596);
#4595 = CARTESIAN_POINT('',(-3.2,0.,0.));
#4596 = VECTOR('',#4597,1.);
#4597 = DIRECTION('',(0.,-0.615661475326,0.788010753607));
#4598 = PCURVE('',#3535,#4599);
#4599 = DEFINITIONAL_REPRESENTATION('',(#4600),#4603);
#4600 = B_SPLINE_CURVE_WITH_KNOTS('',1,(#4601,#4602),.UNSPECIFIED.,.F.,
  .F.,(2,2),(12.,18.),.PIECEWISE_BEZIER_KNOTS.);
#4601 = CARTESIAN_POINT('',(9.456129043281,7.387937703908));
#4602 = CARTESIAN_POINT('',(14.184193564921,11.081906555862));
#4603 = ( GEOMETRIC_REPRESENTATION_CONTEXT(2) 
PARAMETRIC_REPRESENTATION_CONTEXT() REPRESENTATION_CONTEXT('2D SPACE',''
  ) );
#4604 = PCURVE('',#3796,#4605);
#4605 = DEFINITIONAL_REPRESENTATION('',(#4606),#4609);
#4606 = B_SPLINE_CURVE_WITH_KNOTS('',1,(#4607,#4608),.UNSPECIFIED.,.F.,
  .F.,(2,2),(12.,18.),.PIECEWISE_BEZIER_KNOTS.);
#4607 = CARTESIAN_POINT('',(12.,-18.4));
#4608 = CARTESIAN_POINT('',(18.,-18.4));
#4609 = ( GEOMETRIC_REPRESENTATION_CONTEXT(2) 
PARAMETRIC_REPRESENTATION_CONTEXT() REPRESENTATION_CONTEXT('2D SPACE',''
  ) );
#4610 = ORIENTED_EDGE('',*,*,#4611,.F.);
#4611 = EDGE_CURVE('',#3520,#4591,#4612,.T.);
#4612 = SURFACE_CURVE('',#4613,(#4618,#4625),.PCURVE_S1.);
#4613 = CIRCLE('',#4614,18.);
#4614 = AXIS2_PLACEMENT_3D('',#4615,#4616,#4617);
#4615 = CARTESIAN_POINT('',(-3.2,0.,0.));
#4616 = DIRECTION('',(1.,0.,0.));
#4617 = DIRECTION('',(-0.,0.,1.));
#4618 = PCURVE('',#3535,#4619);
#4619 = DEFINITIONAL_REPRESENTATION('',(#4620),#4624);
#4620 = CIRCLE('',#4621,18.);
#4621 = AXIS2_PLACEMENT_2D('',#4622,#4623);
#4622 = CARTESIAN_POINT('',(0.,0.));
#4623 = DIRECTION('',(1.,0.));
#4624 = ( GEOMETRIC_REPRESENTATION_CONTEXT(2) 
PARAMETRIC_REPRESENTATION_CONTEXT() REPRESENTATION_CONTEXT('2D SPACE',''
  ) );
#4625 = PCURVE('',#3562,#4626);
#4626 = DEFINITIONAL_REPRESENTATION('',(#4627),#4631);
#4627 = LINE('',#4628,#4629);
#4628 = CARTESIAN_POINT('',(0.,17.4));
#4629 = VECTOR('',#4630,1.);
#4630 = DIRECTION('',(1.,0.));
#4631 = ( GEOMETRIC_REPRESENTATION_CONTEXT(2) 
PARAMETRIC_REPRESENTATION_CONTEXT() REPRESENTATION_CONTEXT('2D SPACE',''
  ) );
#4632 = ORIENTED_EDGE('',*,*,#3519,.T.);
#4633 = ORIENTED_EDGE('',*,*,#4541,.T.);
#4634 = ORIENTED_EDGE('',*,*,#4635,.F.);
#4635 = EDGE_CURVE('',#3732,#4542,#4636,.T.);
#4636 = SURFACE_CURVE('',#4637,(#4642,#4649),.PCURVE_S1.);
#4637 = CIRCLE('',#4638,5.9);
#4638 = AXIS2_PLACEMENT_3D('',#4639,#4640,#4641);
#4639 = CARTESIAN_POINT('',(-3.2,-15.70130766401,5.071384193697));
#4640 = DIRECTION('',(1.,0.,0.));
#4641 = DIRECTION('',(-0.,0.,1.));
#4642 = PCURVE('',#3535,#4643);
#4643 = DEFINITIONAL_REPRESENTATION('',(#4644),#4648);
#4644 = CIRCLE('',#4645,5.9);
#4645 = AXIS2_PLACEMENT_2D('',#4646,#4647);
#4646 = CARTESIAN_POINT('',(5.071384193697,15.701307664011));
#4647 = DIRECTION('',(1.,0.));
#4648 = ( GEOMETRIC_REPRESENTATION_CONTEXT(2) 
PARAMETRIC_REPRESENTATION_CONTEXT() REPRESENTATION_CONTEXT('2D SPACE',''
  ) );
#4649 = PCURVE('',#3746,#4650);
#4650 = DEFINITIONAL_REPRESENTATION('',(#4651),#4655);
#4651 = LINE('',#4652,#4653);
#4652 = CARTESIAN_POINT('',(0.,3.5));
#4653 = VECTOR('',#4654,1.);
#4654 = DIRECTION('',(1.,0.));
#4655 = ( GEOMETRIC_REPRESENTATION_CONTEXT(2) 
PARAMETRIC_REPRESENTATION_CONTEXT() REPRESENTATION_CONTEXT('2D SPACE',''
  ) );
#4656 = ADVANCED_FACE('',(#4657),#3562,.T.);
#4657 = FACE_BOUND('',#4658,.T.);
#4658 = EDGE_LOOP('',(#4659,#4683,#4684,#4685));
#4659 = ORIENTED_EDGE('',*,*,#4660,.F.);
#4660 = EDGE_CURVE('',#3547,#4661,#4663,.T.);
#4661 = VERTEX_POINT('',#4662);
#4662 = CARTESIAN_POINT('',(-1.9,-11.08190655586,14.184193564921));
#4663 = SURFACE_CURVE('',#4664,(#4669,#4676),.PCURVE_S1.);
#4664 = CIRCLE('',#4665,18.);
#4665 = AXIS2_PLACEMENT_3D('',#4666,#4667,#4668);
#4666 = CARTESIAN_POINT('',(-1.9,0.,0.));
#4667 = DIRECTION('',(1.,0.,0.));
#4668 = DIRECTION('',(-0.,0.,1.));
#4669 = PCURVE('',#3562,#4670);
#4670 = DEFINITIONAL_REPRESENTATION('',(#4671),#4675);
#4671 = LINE('',#4672,#4673);
#4672 = CARTESIAN_POINT('',(0.,18.7));
#4673 = VECTOR('',#4674,1.);
#4674 = DIRECTION('',(1.,0.));
#4675 = ( GEOMETRIC_REPRESENTATION_CONTEXT(2) 
PARAMETRIC_REPRESENTATION_CONTEXT() REPRESENTATION_CONTEXT('2D SPACE',''
  ) );
#4676 = PCURVE('',#3589,#4677);
#4677 = DEFINITIONAL_REPRESENTATION('',(#4678),#4682);
#4678 = CIRCLE('',#4679,18.);
#4679 = AXIS2_PLACEMENT_2D('',#4680,#4681);
#4680 = CARTESIAN_POINT('',(0.,0.));
#4681 = DIRECTION('',(1.,0.));
#4682 = ( GEOMETRIC_REPRESENTATION_CONTEXT(2) 
PARAMETRIC_REPRESENTATION_CONTEXT() REPRESENTATION_CONTEXT('2D SPACE',''
  ) );
#4683 = ORIENTED_EDGE('',*,*,#3546,.F.);
#4684 = ORIENTED_EDGE('',*,*,#4611,.T.);
#4685 = ORIENTED_EDGE('',*,*,#4686,.T.);
#4686 = EDGE_CURVE('',#4591,#4661,#4687,.T.);
#4687 = SURFACE_CURVE('',#4688,(#4692,#4698),.PCURVE_S1.);
#4688 = LINE('',#4689,#4690);
#4689 = CARTESIAN_POINT('',(-20.6,-11.08190655586,14.184193564921));
#4690 = VECTOR('',#4691,1.);
#4691 = DIRECTION('',(1.,0.,0.));
#4692 = PCURVE('',#3562,#4693);
#4693 = DEFINITIONAL_REPRESENTATION('',(#4694),#4697);
#4694 = B_SPLINE_CURVE_WITH_KNOTS('',1,(#4695,#4696),.UNSPECIFIED.,.F.,
  .F.,(2,2),(-5.999999999062E-07,18.7000006),.PIECEWISE_BEZIER_KNOTS.);
#4695 = CARTESIAN_POINT('',(0.663225115758,-5.999999999062E-07));
#4696 = CARTESIAN_POINT('',(0.663225115758,18.7000006));
#4697 = ( GEOMETRIC_REPRESENTATION_CONTEXT(2) 
PARAMETRIC_REPRESENTATION_CONTEXT() REPRESENTATION_CONTEXT('2D SPACE',''
  ) );
#4698 = PCURVE('',#3796,#4699);
#4699 = DEFINITIONAL_REPRESENTATION('',(#4700),#4703);
#4700 = B_SPLINE_CURVE_WITH_KNOTS('',1,(#4701,#4702),.UNSPECIFIED.,.F.,
  .F.,(2,2),(-5.999999999062E-07,18.7000006),.PIECEWISE_BEZIER_KNOTS.);
#4701 = CARTESIAN_POINT('',(18.,-0.9999994));
#4702 = CARTESIAN_POINT('',(18.,-19.7000006));
#4703 = ( GEOMETRIC_REPRESENTATION_CONTEXT(2) 
PARAMETRIC_REPRESENTATION_CONTEXT() REPRESENTATION_CONTEXT('2D SPACE',''
  ) );
#4704 = ADVANCED_FACE('',(#4705),#3589,.T.);
#4705 = FACE_BOUND('',#4706,.T.);
#4706 = EDGE_LOOP('',(#4707,#4731,#4732,#4733));
#4707 = ORIENTED_EDGE('',*,*,#4708,.F.);
#4708 = EDGE_CURVE('',#3574,#4709,#4711,.T.);
#4709 = VERTEX_POINT('',#4710);
#4710 = CARTESIAN_POINT('',(-1.9,-9.234922129885,11.820161304101));
#4711 = SURFACE_CURVE('',#4712,(#4717,#4724),.PCURVE_S1.);
#4712 = CIRCLE('',#4713,15.);
#4713 = AXIS2_PLACEMENT_3D('',#4714,#4715,#4716);
#4714 = CARTESIAN_POINT('',(-1.9,0.,0.));
#4715 = DIRECTION('',(1.,0.,0.));
#4716 = DIRECTION('',(-0.,0.,1.));
#4717 = PCURVE('',#3589,#4718);
#4718 = DEFINITIONAL_REPRESENTATION('',(#4719),#4723);
#4719 = CIRCLE('',#4720,15.);
#4720 = AXIS2_PLACEMENT_2D('',#4721,#4722);
#4721 = CARTESIAN_POINT('',(0.,0.));
#4722 = DIRECTION('',(1.,0.));
#4723 = ( GEOMETRIC_REPRESENTATION_CONTEXT(2) 
PARAMETRIC_REPRESENTATION_CONTEXT() REPRESENTATION_CONTEXT('2D SPACE',''
  ) );
#4724 = PCURVE('',#3616,#4725);
#4725 = DEFINITIONAL_REPRESENTATION('',(#4726),#4730);
#4726 = LINE('',#4727,#4728);
#4727 = CARTESIAN_POINT('',(0.,1.));
#4728 = VECTOR('',#4729,1.);
#4729 = DIRECTION('',(1.,0.));
#4730 = ( GEOMETRIC_REPRESENTATION_CONTEXT(2) 
PARAMETRIC_REPRESENTATION_CONTEXT() REPRESENTATION_CONTEXT('2D SPACE',''
  ) );
#4731 = ORIENTED_EDGE('',*,*,#3573,.T.);
#4732 = ORIENTED_EDGE('',*,*,#4660,.T.);
#4733 = ORIENTED_EDGE('',*,*,#4734,.T.);
#4734 = EDGE_CURVE('',#4661,#4709,#4735,.T.);
#4735 = SURFACE_CURVE('',#4736,(#4740,#4746),.PCURVE_S1.);
#4736 = LINE('',#4737,#4738);
#4737 = CARTESIAN_POINT('',(-1.9,0.,0.));
#4738 = VECTOR('',#4739,1.);
#4739 = DIRECTION('',(0.,0.615661475326,-0.788010753607));
#4740 = PCURVE('',#3589,#4741);
#4741 = DEFINITIONAL_REPRESENTATION('',(#4742),#4745);
#4742 = B_SPLINE_CURVE_WITH_KNOTS('',1,(#4743,#4744),.UNSPECIFIED.,.F.,
  .F.,(2,2),(-20.52608215586,-0.),.PIECEWISE_BEZIER_KNOTS.);
#4743 = CARTESIAN_POINT('',(16.174773468239,12.637118022737));
#4744 = CARTESIAN_POINT('',(0.,0.));
#4745 = ( GEOMETRIC_REPRESENTATION_CONTEXT(2) 
PARAMETRIC_REPRESENTATION_CONTEXT() REPRESENTATION_CONTEXT('2D SPACE',''
  ) );
#4746 = PCURVE('',#3796,#4747);
#4747 = DEFINITIONAL_REPRESENTATION('',(#4748),#4751);
#4748 = B_SPLINE_CURVE_WITH_KNOTS('',1,(#4749,#4750),.UNSPECIFIED.,.F.,
  .F.,(2,2),(-20.52608215586,-0.),.PIECEWISE_BEZIER_KNOTS.);
#4749 = CARTESIAN_POINT('',(20.526082155868,-19.7));
#4750 = CARTESIAN_POINT('',(0.,-19.7));
#4751 = ( GEOMETRIC_REPRESENTATION_CONTEXT(2) 
PARAMETRIC_REPRESENTATION_CONTEXT() REPRESENTATION_CONTEXT('2D SPACE',''
  ) );
#4752 = ADVANCED_FACE('',(#4753,#4890,#5064),#3616,.T.);
#4753 = FACE_BOUND('',#4754,.T.);
#4754 = EDGE_LOOP('',(#4755,#4781,#4802,#4824,#4825,#4826,#4847,#4871));
#4755 = ORIENTED_EDGE('',*,*,#4756,.F.);
#4756 = EDGE_CURVE('',#4757,#4759,#4761,.T.);
#4757 = VERTEX_POINT('',#4758);
#4758 = CARTESIAN_POINT('',(13.2,-1.046347106162,14.963460753897));
#4759 = VERTEX_POINT('',#4760);
#4760 = CARTESIAN_POINT('',(13.2,-11.49066664678,9.641814145298));
#4761 = SURFACE_CURVE('',#4762,(#4767,#4774),.PCURVE_S1.);
#4762 = CIRCLE('',#4763,15.);
#4763 = AXIS2_PLACEMENT_3D('',#4764,#4765,#4766);
#4764 = CARTESIAN_POINT('',(13.2,0.,0.));
#4765 = DIRECTION('',(1.,0.,0.));
#4766 = DIRECTION('',(-0.,0.,1.));
#4767 = PCURVE('',#3616,#4768);
#4768 = DEFINITIONAL_REPRESENTATION('',(#4769),#4773);
#4769 = LINE('',#4770,#4771);
#4770 = CARTESIAN_POINT('',(0.,16.1));
#4771 = VECTOR('',#4772,1.);
#4772 = DIRECTION('',(1.,0.));
#4773 = ( GEOMETRIC_REPRESENTATION_CONTEXT(2) 
PARAMETRIC_REPRESENTATION_CONTEXT() REPRESENTATION_CONTEXT('2D SPACE',''
  ) );
#4774 = PCURVE('',#3879,#4775);
#4775 = DEFINITIONAL_REPRESENTATION('',(#4776),#4780);
#4776 = CIRCLE('',#4777,15.);
#4777 = AXIS2_PLACEMENT_2D('',#4778,#4779);
#4778 = CARTESIAN_POINT('',(0.,0.));
#4779 = DIRECTION('',(1.,0.));
#4780 = ( GEOMETRIC_REPRESENTATION_CONTEXT(2) 
PARAMETRIC_REPRESENTATION_CONTEXT() REPRESENTATION_CONTEXT('2D SPACE',''
  ) );
#4781 = ORIENTED_EDGE('',*,*,#4782,.F.);
#4782 = EDGE_CURVE('',#4783,#4757,#4785,.T.);
#4783 = VERTEX_POINT('',#4784);
#4784 = CARTESIAN_POINT('',(-2.9,-1.046347106162,14.963460753897));
#4785 = SURFACE_CURVE('',#4786,(#4790,#4796),.PCURVE_S1.);
#4786 = LINE('',#4787,#4788);
#4787 = CARTESIAN_POINT('',(-2.9,-1.046347106162,14.963460753897));
#4788 = VECTOR('',#4789,1.);
#4789 = DIRECTION('',(1.,0.,0.));
#4790 = PCURVE('',#3616,#4791);
#4791 = DEFINITIONAL_REPRESENTATION('',(#4792),#4795);
#4792 = B_SPLINE_CURVE_WITH_KNOTS('',1,(#4793,#4794),.UNSPECIFIED.,.F.,
  .F.,(2,2),(-5.999999999062E-07,16.1000006),.PIECEWISE_BEZIER_KNOTS.);
#4793 = CARTESIAN_POINT('',(6.981317007977E-02,-5.999999999062E-07));
#4794 = CARTESIAN_POINT('',(6.981317007977E-02,16.1000006));
#4795 = ( GEOMETRIC_REPRESENTATION_CONTEXT(2) 
PARAMETRIC_REPRESENTATION_CONTEXT() REPRESENTATION_CONTEXT('2D SPACE',''
  ) );
#4796 = PCURVE('',#3906,#4797);
#4797 = DEFINITIONAL_REPRESENTATION('',(#4798),#4801);
#4798 = B_SPLINE_CURVE_WITH_KNOTS('',1,(#4799,#4800),.UNSPECIFIED.,.F.,
  .F.,(2,2),(-5.999999999062E-07,16.1000006),.PIECEWISE_BEZIER_KNOTS.);
#4799 = CARTESIAN_POINT('',(3.608816734603,-0.9999994));
#4800 = CARTESIAN_POINT('',(3.608816734603,-17.1000006));
#4801 = ( GEOMETRIC_REPRESENTATION_CONTEXT(2) 
PARAMETRIC_REPRESENTATION_CONTEXT() REPRESENTATION_CONTEXT('2D SPACE',''
  ) );
#4802 = ORIENTED_EDGE('',*,*,#4803,.T.);
#4803 = EDGE_CURVE('',#4783,#3601,#4804,.T.);
#4804 = SURFACE_CURVE('',#4805,(#4810,#4817),.PCURVE_S1.);
#4805 = CIRCLE('',#4806,15.);
#4806 = AXIS2_PLACEMENT_3D('',#4807,#4808,#4809);
#4807 = CARTESIAN_POINT('',(-2.9,0.,0.));
#4808 = DIRECTION('',(1.,0.,0.));
#4809 = DIRECTION('',(-0.,0.,1.));
#4810 = PCURVE('',#3616,#4811);
#4811 = DEFINITIONAL_REPRESENTATION('',(#4812),#4816);
#4812 = LINE('',#4813,#4814);
#4813 = CARTESIAN_POINT('',(0.,0.));
#4814 = VECTOR('',#4815,1.);
#4815 = DIRECTION('',(1.,0.));
#4816 = ( GEOMETRIC_REPRESENTATION_CONTEXT(2) 
PARAMETRIC_REPRESENTATION_CONTEXT() REPRESENTATION_CONTEXT('2D SPACE',''
  ) );
#4817 = PCURVE('',#3643,#4818);
#4818 = DEFINITIONAL_REPRESENTATION('',(#4819),#4823);
#4819 = CIRCLE('',#4820,15.);
#4820 = AXIS2_PLACEMENT_2D('',#4821,#4822);
#4821 = CARTESIAN_POINT('',(0.,0.));
#4822 = DIRECTION('',(1.,0.));
#4823 = ( GEOMETRIC_REPRESENTATION_CONTEXT(2) 
PARAMETRIC_REPRESENTATION_CONTEXT() REPRESENTATION_CONTEXT('2D SPACE',''
  ) );
#4824 = ORIENTED_EDGE('',*,*,#3600,.T.);
#4825 = ORIENTED_EDGE('',*,*,#4708,.T.);
#4826 = ORIENTED_EDGE('',*,*,#4827,.F.);
#4827 = EDGE_CURVE('',#4828,#4709,#4830,.T.);
#4828 = VERTEX_POINT('',#4829);
#4829 = CARTESIAN_POINT('',(-2.9,-9.234922129885,11.820161304101));
#4830 = SURFACE_CURVE('',#4831,(#4835,#4841),.PCURVE_S1.);
#4831 = LINE('',#4832,#4833);
#4832 = CARTESIAN_POINT('',(-2.9,-9.234922129885,11.820161304101));
#4833 = VECTOR('',#4834,1.);
#4834 = DIRECTION('',(1.,0.,0.));
#4835 = PCURVE('',#3616,#4836);
#4836 = DEFINITIONAL_REPRESENTATION('',(#4837),#4840);
#4837 = B_SPLINE_CURVE_WITH_KNOTS('',1,(#4838,#4839),.UNSPECIFIED.,.F.,
  .F.,(2,2),(-5.999999999062E-07,2.87),.PIECEWISE_BEZIER_KNOTS.);
#4838 = CARTESIAN_POINT('',(0.663225115758,-5.999999999062E-07));
#4839 = CARTESIAN_POINT('',(0.663225115758,2.87));
#4840 = ( GEOMETRIC_REPRESENTATION_CONTEXT(2) 
PARAMETRIC_REPRESENTATION_CONTEXT() REPRESENTATION_CONTEXT('2D SPACE',''
  ) );
#4841 = PCURVE('',#3796,#4842);
#4842 = DEFINITIONAL_REPRESENTATION('',(#4843),#4846);
#4843 = B_SPLINE_CURVE_WITH_KNOTS('',1,(#4844,#4845),.UNSPECIFIED.,.F.,
  .F.,(2,2),(-5.999999999062E-07,2.87),.PIECEWISE_BEZIER_KNOTS.);
#4844 = CARTESIAN_POINT('',(15.,-18.6999994));
#4845 = CARTESIAN_POINT('',(15.,-21.57));
#4846 = ( GEOMETRIC_REPRESENTATION_CONTEXT(2) 
PARAMETRIC_REPRESENTATION_CONTEXT() REPRESENTATION_CONTEXT('2D SPACE',''
  ) );
#4847 = ORIENTED_EDGE('',*,*,#4848,.T.);
#4848 = EDGE_CURVE('',#4828,#4849,#4851,.T.);
#4849 = VERTEX_POINT('',#4850);
#4850 = CARTESIAN_POINT('',(-2.9,-11.49066664678,9.641814145298));
#4851 = SURFACE_CURVE('',#4852,(#4857,#4864),.PCURVE_S1.);
#4852 = CIRCLE('',#4853,15.);
#4853 = AXIS2_PLACEMENT_3D('',#4854,#4855,#4856);
#4854 = CARTESIAN_POINT('',(-2.9,0.,0.));
#4855 = DIRECTION('',(1.,0.,0.));
#4856 = DIRECTION('',(-0.,0.,1.));
#4857 = PCURVE('',#3616,#4858);
#4858 = DEFINITIONAL_REPRESENTATION('',(#4859),#4863);
#4859 = LINE('',#4860,#4861);
#4860 = CARTESIAN_POINT('',(0.,0.));
#4861 = VECTOR('',#4862,1.);
#4862 = DIRECTION('',(1.,0.));
#4863 = ( GEOMETRIC_REPRESENTATION_CONTEXT(2) 
PARAMETRIC_REPRESENTATION_CONTEXT() REPRESENTATION_CONTEXT('2D SPACE',''
  ) );
#4864 = PCURVE('',#3824,#4865);
#4865 = DEFINITIONAL_REPRESENTATION('',(#4866),#4870);
#4866 = CIRCLE('',#4867,15.);
#4867 = AXIS2_PLACEMENT_2D('',#4868,#4869);
#4868 = CARTESIAN_POINT('',(0.,0.));
#4869 = DIRECTION('',(1.,0.));
#4870 = ( GEOMETRIC_REPRESENTATION_CONTEXT(2) 
PARAMETRIC_REPRESENTATION_CONTEXT() REPRESENTATION_CONTEXT('2D SPACE',''
  ) );
#4871 = ORIENTED_EDGE('',*,*,#4872,.T.);
#4872 = EDGE_CURVE('',#4849,#4759,#4873,.T.);
#4873 = SURFACE_CURVE('',#4874,(#4878,#4884),.PCURVE_S1.);
#4874 = LINE('',#4875,#4876);
#4875 = CARTESIAN_POINT('',(-2.9,-11.49066664678,9.641814145298));
#4876 = VECTOR('',#4877,1.);
#4877 = DIRECTION('',(1.,0.,0.));
#4878 = PCURVE('',#3616,#4879);
#4879 = DEFINITIONAL_REPRESENTATION('',(#4880),#4883);
#4880 = B_SPLINE_CURVE_WITH_KNOTS('',1,(#4881,#4882),.UNSPECIFIED.,.F.,
  .F.,(2,2),(-5.999999999062E-07,16.1000006),.PIECEWISE_BEZIER_KNOTS.);
#4881 = CARTESIAN_POINT('',(0.872664625997,-5.999999999062E-07));
#4882 = CARTESIAN_POINT('',(0.872664625997,16.1000006));
#4883 = ( GEOMETRIC_REPRESENTATION_CONTEXT(2) 
PARAMETRIC_REPRESENTATION_CONTEXT() REPRESENTATION_CONTEXT('2D SPACE',''
  ) );
#4884 = PCURVE('',#3851,#4885);
#4885 = DEFINITIONAL_REPRESENTATION('',(#4886),#4889);
#4886 = B_SPLINE_CURVE_WITH_KNOTS('',1,(#4887,#4888),.UNSPECIFIED.,.F.,
  .F.,(2,2),(-5.999999999062E-07,16.1000006),.PIECEWISE_BEZIER_KNOTS.);
#4887 = CARTESIAN_POINT('',(15.,-0.9999994));
#4888 = CARTESIAN_POINT('',(15.,-17.1000006));
#4889 = ( GEOMETRIC_REPRESENTATION_CONTEXT(2) 
PARAMETRIC_REPRESENTATION_CONTEXT() REPRESENTATION_CONTEXT('2D SPACE',''
  ) );
#4890 = FACE_BOUND('',#4891,.T.);
#4891 = EDGE_LOOP('',(#4892));
#4892 = ORIENTED_EDGE('',*,*,#4893,.T.);
#4893 = EDGE_CURVE('',#4894,#4894,#4896,.T.);
#4894 = VERTEX_POINT('',#4895);
#4895 = CARTESIAN_POINT('',(1.9,-8.238693234492,12.534908607083));
#4896 = SURFACE_CURVE('',#4897,(#4949,#5004),.PCURVE_S1.);
#4897 = B_SPLINE_CURVE_WITH_KNOTS('',8,(#4898,#4899,#4900,#4901,#4902,
    #4903,#4904,#4905,#4906,#4907,#4908,#4909,#4910,#4911,#4912,#4913,
    #4914,#4915,#4916,#4917,#4918,#4919,#4920,#4921,#4922,#4923,#4924,
    #4925,#4926,#4927,#4928,#4929,#4930,#4931,#4932,#4933,#4934,#4935,
    #4936,#4937,#4938,#4939,#4940,#4941,#4942,#4943,#4944,#4945,#4946,
    #4947,#4948),.UNSPECIFIED.,.T.,.F.,(9,7,7,7,7,7,7,9),(0.,
    0.152584141692,0.285842709238,0.422123272261,0.588479526511,
    0.714356746434,0.838025139855,1.),.UNSPECIFIED.);
#4898 = CARTESIAN_POINT('',(1.9,-8.238693234492,12.534908607083));
#4899 = CARTESIAN_POINT('',(1.727239563955,-8.238693234492,
    12.534908607083));
#4900 = CARTESIAN_POINT('',(1.55453946419,-8.221313072023,12.54633176435
    ));
#4901 = CARTESIAN_POINT('',(1.383450273159,-8.186570154676,
    12.56916739996));
#4902 = CARTESIAN_POINT('',(1.215677362226,-8.134075920605,
    12.603475700917));
#4903 = CARTESIAN_POINT('',(1.053268189128,-8.063140651901,
    12.649326990086));
#4904 = CARTESIAN_POINT('',(0.89881244247,-7.972847076987,
    12.706702682718));
#4905 = CARTESIAN_POINT('',(0.755721436506,-7.86216920227,
    12.775367106422));
#4906 = CARTESIAN_POINT('',(0.517678720952,-7.614969386406,
    12.924021241164));
#4907 = CARTESIAN_POINT('',(0.415569165059,-7.480010372785,
    13.003571427795));
#4908 = CARTESIAN_POINT('',(0.330530192147,-7.326965705597,
    13.091461337224));
#4909 = CARTESIAN_POINT('',(0.268695237292,-7.159088378842,
    13.184752859666));
#4910 = CARTESIAN_POINT('',(0.234115836264,-6.980975651387,
    13.279949736856));
#4911 = CARTESIAN_POINT('',(0.228705262492,-6.798135130188,
    13.373727364664));
#4912 = CARTESIAN_POINT('',(0.252158652585,-6.616497298989,
    13.463262194579));
#4913 = CARTESIAN_POINT('',(0.352643523259,-6.262928275409,
    13.631394403008));
#4914 = CARTESIAN_POINT('',(0.42936439014,-6.096633205422,
    13.707166563633));
#4915 = CARTESIAN_POINT('',(0.527139353303,-5.945219869498,
    13.773446983605));
#4916 = CARTESIAN_POINT('',(0.641732635691,-5.810247396377,
    13.830496833491));
#4917 = CARTESIAN_POINT('',(0.769351397532,-5.692641561945,
    13.878785481878));
#4918 = CARTESIAN_POINT('',(0.906551792056,-5.592809332033,
    13.918848106917));
#4919 = CARTESIAN_POINT('',(1.050201165011,-5.510692368572,
    13.951240794275));
#4920 = CARTESIAN_POINT('',(1.377226573593,-5.36659028147,
    14.007388613634));
#4921 = CARTESIAN_POINT('',(1.564447585153,-5.312133870584,
    14.028016047955));
#4922 = CARTESIAN_POINT('',(1.756096910247,-5.281742846567,
    14.039327123877));
#4923 = CARTESIAN_POINT('',(1.949813185173,-5.275150008608,
    14.041752771147));
#4924 = CARTESIAN_POINT('',(2.14330195683,-5.292406606922,
    14.035359797287));
#4925 = CARTESIAN_POINT('',(2.334054295354,-5.333757379427,
    14.019897623098));
#4926 = CARTESIAN_POINT('',(2.519148025305,-5.399499979497,
    13.994814123537));
#4927 = CARTESIAN_POINT('',(2.827875395182,-5.558187642433,
    13.932406287071));
#4928 = CARTESIAN_POINT('',(2.957021997938,-5.641400658917,
    13.899238986695));
#4929 = CARTESIAN_POINT('',(3.079845921422,-5.739775701714,
    13.859327971319));
#4930 = CARTESIAN_POINT('',(3.193672854535,-5.853231797143,
    13.812245203375));
#4931 = CARTESIAN_POINT('',(3.295638020534,-5.981294734618,
    13.757604462522));
#4932 = CARTESIAN_POINT('',(3.382665325704,-6.123073577533,
    13.695100180644));
#4933 = CARTESIAN_POINT('',(3.451412093322,-6.277198487283,
    13.624608508099));
#4934 = CARTESIAN_POINT('',(3.544091992118,-6.603304707085,
    13.469535650295));
#4935 = CARTESIAN_POINT('',(3.567763779506,-6.771314948698,
    13.38693954848));
#4936 = CARTESIAN_POINT('',(3.566741912203,-6.941063108404,
    13.300383158168));
#4937 = CARTESIAN_POINT('',(3.540486640395,-7.107606910708,
    13.212158806219));
#4938 = CARTESIAN_POINT('',(3.490274220387,-7.266254444005,
    13.125007621555));
#4939 = CARTESIAN_POINT('',(3.419140334841,-7.412982173647,
    13.041805905478));
#4940 = CARTESIAN_POINT('',(3.331847615495,-7.544753088514,
    12.965129737093));
#4941 = CARTESIAN_POINT('',(3.107871997556,-7.810361091365,
    12.807378577582));
#4942 = CARTESIAN_POINT('',(2.960517064138,-7.936640197409,
    12.72965863507));
#4943 = CARTESIAN_POINT('',(2.798950348436,-8.03947003286,
    12.664610838473));
#4944 = CARTESIAN_POINT('',(2.627547035201,-8.120090912391,
    12.612612261368));
#4945 = CARTESIAN_POINT('',(2.449611118123,-8.179643711911,
    12.573720354522));
#4946 = CARTESIAN_POINT('',(2.267707415397,-8.219002657311,
    12.547850134159));
#4947 = CARTESIAN_POINT('',(2.083879728,-8.238693234492,12.534908607083)
  );
#4948 = CARTESIAN_POINT('',(1.9,-8.238693234492,12.534908607083));
#4949 = PCURVE('',#3616,#4950);
#4950 = DEFINITIONAL_REPRESENTATION('',(#4951),#5003);
#4951 = B_SPLINE_CURVE_WITH_KNOTS('',8,(#4952,#4953,#4954,#4955,#4956,
    #4957,#4958,#4959,#4960,#4961,#4962,#4963,#4964,#4965,#4966,#4967,
    #4968,#4969,#4970,#4971,#4972,#4973,#4974,#4975,#4976,#4977,#4978,
    #4979,#4980,#4981,#4982,#4983,#4984,#4985,#4986,#4987,#4988,#4989,
    #4990,#4991,#4992,#4993,#4994,#4995,#4996,#4997,#4998,#4999,#5000,
    #5001,#5002),.UNSPECIFIED.,.T.,.F.,(9,7,7,7,7,7,7,9),(0.,
    0.152584141692,0.285842709238,0.422123272261,0.588479526511,
    0.714356746434,0.838025139855,1.),.UNSPECIFIED.);
#4952 = CARTESIAN_POINT('',(0.581461948026,4.8));
#4953 = CARTESIAN_POINT('',(0.581461948026,4.627239563955));
#4954 = CARTESIAN_POINT('',(0.580075411467,4.45453946419));
#4955 = CARTESIAN_POINT('',(0.577303701096,4.283450273159));
#4956 = CARTESIAN_POINT('',(0.573122963329,4.115677362226));
#4957 = CARTESIAN_POINT('',(0.567492193837,3.953268189128));
#4958 = CARTESIAN_POINT('',(0.560360653445,3.79881244247));
#4959 = CARTESIAN_POINT('',(0.551678326929,3.655721436506));
#4960 = CARTESIAN_POINT('',(0.53244804979,3.417678720952));
#4961 = CARTESIAN_POINT('',(0.522004495578,3.315569165059));
#4962 = CARTESIAN_POINT('',(0.510240036433,3.230530192147));
#4963 = CARTESIAN_POINT('',(0.497438896219,3.168695237292));
#4964 = CARTESIAN_POINT('',(0.483978908546,3.134115836264));
#4965 = CARTESIAN_POINT('',(0.470282663422,3.128705262492));
#4966 = CARTESIAN_POINT('',(0.456783589426,3.152158652585));
#4967 = CARTESIAN_POINT('',(0.430682972665,3.252643523259));
#4968 = CARTESIAN_POINT('',(0.418501650512,3.32936439014));
#4969 = CARTESIAN_POINT('',(0.407484525099,3.427139353303));
#4970 = CARTESIAN_POINT('',(0.397716815405,3.541732635691));
#4971 = CARTESIAN_POINT('',(0.389241804295,3.669351397532));
#4972 = CARTESIAN_POINT('',(0.382070642336,3.806551792056));
#4973 = CARTESIAN_POINT('',(0.376185687616,3.950201165011));
#4974 = CARTESIAN_POINT('',(0.365875393057,4.277226573593));
#4975 = CARTESIAN_POINT('',(0.361993416047,4.464447585153));
#4976 = CARTESIAN_POINT('',(0.359831554719,4.656096910247));
#4977 = CARTESIAN_POINT('',(0.359363192062,4.849813185173));
#4978 = CARTESIAN_POINT('',(0.360590092246,5.04330195683));
#4979 = CARTESIAN_POINT('',(0.363533218798,5.234054295354));
#4980 = CARTESIAN_POINT('',(0.368223994516,5.419148025305));
#4981 = CARTESIAN_POINT('',(0.379591885442,5.727875395182));
#4982 = CARTESIAN_POINT('',(0.38556378715,5.857021997938));
#4983 = CARTESIAN_POINT('',(0.392641070854,5.979845921422));
#4984 = CARTESIAN_POINT('',(0.400829698004,6.093672854535));
#4985 = CARTESIAN_POINT('',(0.410110801482,6.195638020534));
#4986 = CARTESIAN_POINT('',(0.420438979471,6.282665325704));
#4987 = CARTESIAN_POINT('',(0.431736405818,6.351412093322));
#4988 = CARTESIAN_POINT('',(0.455809706641,6.444091992118));
#4989 = CARTESIAN_POINT('',(0.468289674853,6.467763779506));
#4990 = CARTESIAN_POINT('',(0.480990193174,6.466741912203));
#4991 = CARTESIAN_POINT('',(0.493551823888,6.440486640395));
#4992 = CARTESIAN_POINT('',(0.505616717989,6.390274220387));
#4993 = CARTESIAN_POINT('',(0.51686062977,6.319140334841));
#4994 = CARTESIAN_POINT('',(0.527023941275,6.231847615495));
#4995 = CARTESIAN_POINT('',(0.547618766893,6.007871997556));
#4996 = CARTESIAN_POINT('',(0.557502833776,5.860517064138));
#4997 = CARTESIAN_POINT('',(0.565613843534,5.698950348436));
#4998 = CARTESIAN_POINT('',(0.572009298527,5.527547035201));
#4999 = CARTESIAN_POINT('',(0.576751114176,5.349611118123));
#5000 = CARTESIAN_POINT('',(0.579891098248,5.167707415397));
#5001 = CARTESIAN_POINT('',(0.581461948026,4.983879728));
#5002 = CARTESIAN_POINT('',(0.581461948026,4.8));
#5003 = ( GEOMETRIC_REPRESENTATION_CONTEXT(2) 
PARAMETRIC_REPRESENTATION_CONTEXT() REPRESENTATION_CONTEXT('2D SPACE',''
  ) );
#5004 = PCURVE('',#5005,#5010);
#5005 = CYLINDRICAL_SURFACE('',#5006,1.65);
#5006 = AXIS2_PLACEMENT_3D('',#5007,#5008,#5009);
#5007 = CARTESIAN_POINT('',(1.9,-6.900655596041,13.543299167663));
#5008 = DIRECTION('',(0.,0.45399049974,-0.891006524188));
#5009 = DIRECTION('',(0.,-0.891006524188,-0.45399049974));
#5010 = DEFINITIONAL_REPRESENTATION('',(#5011),#5063);
#5011 = B_SPLINE_CURVE_WITH_KNOTS('',8,(#5012,#5013,#5014,#5015,#5016,
    #5017,#5018,#5019,#5020,#5021,#5022,#5023,#5024,#5025,#5026,#5027,
    #5028,#5029,#5030,#5031,#5032,#5033,#5034,#5035,#5036,#5037,#5038,
    #5039,#5040,#5041,#5042,#5043,#5044,#5045,#5046,#5047,#5048,#5049,
    #5050,#5051,#5052,#5053,#5054,#5055,#5056,#5057,#5058,#5059,#5060,
    #5061,#5062),.UNSPECIFIED.,.F.,.F.,(9,7,7,7,7,7,7,9),(0.,
    0.152584141692,0.285842709238,0.422123272261,0.588479526511,
    0.714356746434,0.838025139855,1.),.UNSPECIFIED.);
#5012 = CARTESIAN_POINT('',(0.,0.291026192256));
#5013 = CARTESIAN_POINT('',(0.104703294573,0.291026192256));
#5014 = CARTESIAN_POINT('',(0.209369479935,0.288738513249));
#5015 = CARTESIAN_POINT('',(0.314810879172,0.284164767346));
#5016 = CARTESIAN_POINT('',(0.421731580709,0.277427730918));
#5017 = CARTESIAN_POINT('',(0.5308558437,0.268777871215));
#5018 = CARTESIAN_POINT('',(0.642942839931,0.258648179948));
#5019 = CARTESIAN_POINT('',(0.758829838935,0.247714434101));
#5020 = CARTESIAN_POINT('',(0.985160059914,0.227488998138));
#5021 = CARTESIAN_POINT('',(1.097625629442,0.217879372888));
#5022 = CARTESIAN_POINT('',(1.21457840675,0.209049715115));
#5023 = CARTESIAN_POINT('',(1.334459900441,0.202141071437));
#5024 = CARTESIAN_POINT('',(1.456143017564,0.198181518925));
#5025 = CARTESIAN_POINT('',(1.57865511096,0.197632900317));
#5026 = CARTESIAN_POINT('',(1.701055026073,0.200318632478));
#5027 = CARTESIAN_POINT('',(1.945938009917,0.211028715549));
#5028 = CARTESIAN_POINT('',(2.06467421458,0.219011608008));
#5029 = CARTESIAN_POINT('',(2.179159343601,0.228695537431));
#5030 = CARTESIAN_POINT('',(2.289917746839,0.239139969501));
#5031 = CARTESIAN_POINT('',(2.397332879157,0.249506400291));
#5032 = CARTESIAN_POINT('',(2.50168244739,0.259133223953));
#5033 = CARTESIAN_POINT('',(2.603131710162,0.267551449459));
#5034 = CARTESIAN_POINT('',(2.822176020102,0.282944354629));
#5035 = CARTESIAN_POINT('',(2.939782034792,0.289287869264));
#5036 = CARTESIAN_POINT('',(3.055849104876,0.293006863002));
#5037 = CARTESIAN_POINT('',(3.171345098014,0.293838681259));
#5038 = CARTESIAN_POINT('',(3.287119361939,0.291700530985));
#5039 = CARTESIAN_POINT('',(3.403970540897,0.286704571192));
#5040 = CARTESIAN_POINT('',(3.522700479756,0.27920761709));
#5041 = CARTESIAN_POINT('',(3.736218761833,0.262770715143));
#5042 = CARTESIAN_POINT('',(3.83085174853,0.254545077228));
#5043 = CARTESIAN_POINT('',(3.928151996652,0.245444717475));
#5044 = CARTESIAN_POINT('',(4.028204234545,0.235887781427));
#5045 = CARTESIAN_POINT('',(4.131187371341,0.226433681031));
#5046 = CARTESIAN_POINT('',(4.237369549827,0.217759156226));
#5047 = CARTESIAN_POINT('',(4.34713088952,0.210596451566));
#5048 = CARTESIAN_POINT('',(4.572993051727,0.200718253898));
#5049 = CARTESIAN_POINT('',(4.686448317978,0.198036865936));
#5050 = CARTESIAN_POINT('',(4.80028510797,0.198095122559));
#5051 = CARTESIAN_POINT('',(4.913601487685,0.201094291702));
#5052 = CARTESIAN_POINT('',(5.025508445232,0.206722092904));
#5053 = CARTESIAN_POINT('',(5.134990750901,0.214242369447));
#5054 = CARTESIAN_POINT('',(5.24072296908,0.222738592235));
#5055 = CARTESIAN_POINT('',(5.471662412051,0.242712394609));
#5056 = CARTESIAN_POINT('',(5.596624388309,0.254631855987));
#5057 = CARTESIAN_POINT('',(5.716999875743,0.265906098755));
#5058 = CARTESIAN_POINT('',(5.83381788385,0.275636056816));
#5059 = CARTESIAN_POINT('',(5.947977020229,0.283252594339));
#5060 = CARTESIAN_POINT('',(6.060332939025,0.288434542173));
#5061 = CARTESIAN_POINT('',(6.171743047786,0.291026192256));
#5062 = CARTESIAN_POINT('',(6.28318530718,0.291026192256));
#5063 = ( GEOMETRIC_REPRESENTATION_CONTEXT(2) 
PARAMETRIC_REPRESENTATION_CONTEXT() REPRESENTATION_CONTEXT('2D SPACE',''
  ) );
#5064 = FACE_BOUND('',#5065,.T.);
#5065 = EDGE_LOOP('',(#5066));
#5066 = ORIENTED_EDGE('',*,*,#5067,.T.);
#5067 = EDGE_CURVE('',#5068,#5068,#5070,.T.);
#5068 = VERTEX_POINT('',#5069);
#5069 = CARTESIAN_POINT('',(8.3,-8.238693234492,12.534908607083));
#5070 = SURFACE_CURVE('',#5071,(#5123,#5178),.PCURVE_S1.);
#5071 = B_SPLINE_CURVE_WITH_KNOTS('',8,(#5072,#5073,#5074,#5075,#5076,
    #5077,#5078,#5079,#5080,#5081,#5082,#5083,#5084,#5085,#5086,#5087,
    #5088,#5089,#5090,#5091,#5092,#5093,#5094,#5095,#5096,#5097,#5098,
    #5099,#5100,#5101,#5102,#5103,#5104,#5105,#5106,#5107,#5108,#5109,
    #5110,#5111,#5112,#5113,#5114,#5115,#5116,#5117,#5118,#5119,#5120,
    #5121,#5122),.UNSPECIFIED.,.T.,.F.,(9,7,7,7,7,7,7,9),(0.,
    0.152584141294,0.285842708493,0.422123271161,0.588479527698,
    0.714356747283,0.838025140336,1.),.UNSPECIFIED.);
#5072 = CARTESIAN_POINT('',(8.3,-8.238693234492,12.534908607083));
#5073 = CARTESIAN_POINT('',(8.127239563955,-8.238693234492,
    12.534908607083));
#5074 = CARTESIAN_POINT('',(7.95453946419,-8.221313072023,12.54633176435
    ));
#5075 = CARTESIAN_POINT('',(7.783450273159,-8.186570154676,
    12.56916739996));
#5076 = CARTESIAN_POINT('',(7.615677362226,-8.134075920605,
    12.603475700917));
#5077 = CARTESIAN_POINT('',(7.453268189128,-8.063140651901,
    12.649326990086));
#5078 = CARTESIAN_POINT('',(7.29881244247,-7.972847076987,
    12.706702682718));
#5079 = CARTESIAN_POINT('',(7.155721436506,-7.86216920227,
    12.775367106422));
#5080 = CARTESIAN_POINT('',(6.917678720952,-7.614969386406,
    12.924021241164));
#5081 = CARTESIAN_POINT('',(6.815569165059,-7.480010372785,
    13.003571427795));
#5082 = CARTESIAN_POINT('',(6.730530192147,-7.326965705597,
    13.091461337224));
#5083 = CARTESIAN_POINT('',(6.668695237292,-7.159088378842,
    13.184752859666));
#5084 = CARTESIAN_POINT('',(6.634115836264,-6.980975651387,
    13.279949736856));
#5085 = CARTESIAN_POINT('',(6.628705262492,-6.798135130188,
    13.373727364664));
#5086 = CARTESIAN_POINT('',(6.652158652585,-6.616497298989,
    13.463262194579));
#5087 = CARTESIAN_POINT('',(6.75264352326,-6.262928275408,
    13.631394403008));
#5088 = CARTESIAN_POINT('',(6.829364390141,-6.096633205422,
    13.707166563633));
#5089 = CARTESIAN_POINT('',(6.927139353303,-5.945219869498,
    13.773446983605));
#5090 = CARTESIAN_POINT('',(7.04173263569,-5.810247396378,
    13.830496833491));
#5091 = CARTESIAN_POINT('',(7.169351397531,-5.692641561945,
    13.878785481878));
#5092 = CARTESIAN_POINT('',(7.306551792056,-5.592809332032,
    13.918848106917));
#5093 = CARTESIAN_POINT('',(7.450201165012,-5.510692368572,
    13.951240794275));
#5094 = CARTESIAN_POINT('',(7.777226576531,-5.366590280175,
    14.007388614138));
#5095 = CARTESIAN_POINT('',(7.964447576116,-5.312133872433,
    14.028016047238));
#5096 = CARTESIAN_POINT('',(8.156096920121,-5.281742846903,
    14.03932712374));
#5097 = CARTESIAN_POINT('',(8.349813185256,-5.275150006692,
    14.041752771896));
#5098 = CARTESIAN_POINT('',(8.543301946953,-5.292406606687,
    14.035359797384));
#5099 = CARTESIAN_POINT('',(8.73405430421,-5.333757381784,
    14.019897622171));
#5100 = CARTESIAN_POINT('',(8.91914802248,-5.399499978045,
    13.994814124108));
#5101 = CARTESIAN_POINT('',(9.227875395133,-5.558187642408,
    13.93240628708));
#5102 = CARTESIAN_POINT('',(9.357021997931,-5.641400658901,
    13.899238986702));
#5103 = CARTESIAN_POINT('',(9.479845921453,-5.73977570173,
    13.859327971313));
#5104 = CARTESIAN_POINT('',(9.593672854567,-5.85323179718,13.81224520336
    ));
#5105 = CARTESIAN_POINT('',(9.695638020538,-5.981294734642,
    13.757604462511));
#5106 = CARTESIAN_POINT('',(9.782665325685,-6.123073577516,
    13.695100180651));
#5107 = CARTESIAN_POINT('',(9.851412093309,-6.277198487236,
    13.624608508121));
#5108 = CARTESIAN_POINT('',(9.944091992118,-6.603304707085,
    13.469535650295));
#5109 = CARTESIAN_POINT('',(9.967763779506,-6.771314948698,
    13.38693954848));
#5110 = CARTESIAN_POINT('',(9.966741912202,-6.941063108404,
    13.300383158168));
#5111 = CARTESIAN_POINT('',(9.940486640395,-7.107606910708,
    13.212158806219));
#5112 = CARTESIAN_POINT('',(9.890274220387,-7.266254444005,
    13.125007621555));
#5113 = CARTESIAN_POINT('',(9.81914033484,-7.412982173647,
    13.041805905478));
#5114 = CARTESIAN_POINT('',(9.731847615495,-7.544753088514,
    12.965129737093));
#5115 = CARTESIAN_POINT('',(9.507871997556,-7.810361091365,
    12.807378577582));
#5116 = CARTESIAN_POINT('',(9.360517064138,-7.936640197409,
    12.72965863507));
#5117 = CARTESIAN_POINT('',(9.198950348436,-8.03947003286,
    12.664610838473));
#5118 = CARTESIAN_POINT('',(9.027547035201,-8.120090912391,
    12.612612261368));
#5119 = CARTESIAN_POINT('',(8.849611118123,-8.179643711911,
    12.573720354522));
#5120 = CARTESIAN_POINT('',(8.667707415397,-8.219002657311,
    12.547850134159));
#5121 = CARTESIAN_POINT('',(8.483879728,-8.238693234492,12.534908607083)
  );
#5122 = CARTESIAN_POINT('',(8.3,-8.238693234492,12.534908607083));
#5123 = PCURVE('',#3616,#5124);
#5124 = DEFINITIONAL_REPRESENTATION('',(#5125),#5177);
#5125 = B_SPLINE_CURVE_WITH_KNOTS('',8,(#5126,#5127,#5128,#5129,#5130,
    #5131,#5132,#5133,#5134,#5135,#5136,#5137,#5138,#5139,#5140,#5141,
    #5142,#5143,#5144,#5145,#5146,#5147,#5148,#5149,#5150,#5151,#5152,
    #5153,#5154,#5155,#5156,#5157,#5158,#5159,#5160,#5161,#5162,#5163,
    #5164,#5165,#5166,#5167,#5168,#5169,#5170,#5171,#5172,#5173,#5174,
    #5175,#5176),.UNSPECIFIED.,.T.,.F.,(9,7,7,7,7,7,7,9),(0.,
    0.152584141294,0.285842708493,0.422123271161,0.588479527698,
    0.714356747283,0.838025140336,1.),.UNSPECIFIED.);
#5126 = CARTESIAN_POINT('',(0.581461948026,11.2));
#5127 = CARTESIAN_POINT('',(0.581461948026,11.027239563955));
#5128 = CARTESIAN_POINT('',(0.580075411467,10.85453946419));
#5129 = CARTESIAN_POINT('',(0.577303701096,10.683450273159));
#5130 = CARTESIAN_POINT('',(0.573122963329,10.515677362226));
#5131 = CARTESIAN_POINT('',(0.567492193837,10.353268189128));
#5132 = CARTESIAN_POINT('',(0.560360653445,10.19881244247));
#5133 = CARTESIAN_POINT('',(0.551678326929,10.055721436506));
#5134 = CARTESIAN_POINT('',(0.53244804979,9.817678720952));
#5135 = CARTESIAN_POINT('',(0.522004495578,9.715569165059));
#5136 = CARTESIAN_POINT('',(0.510240036433,9.630530192147));
#5137 = CARTESIAN_POINT('',(0.497438896219,9.568695237292));
#5138 = CARTESIAN_POINT('',(0.483978908546,9.534115836264));
#5139 = CARTESIAN_POINT('',(0.470282663422,9.528705262492));
#5140 = CARTESIAN_POINT('',(0.456783589426,9.552158652585));
#5141 = CARTESIAN_POINT('',(0.430682972665,9.65264352326));
#5142 = CARTESIAN_POINT('',(0.418501650512,9.729364390141));
#5143 = CARTESIAN_POINT('',(0.407484525099,9.827139353303));
#5144 = CARTESIAN_POINT('',(0.397716815405,9.94173263569));
#5145 = CARTESIAN_POINT('',(0.389241804295,10.069351397531));
#5146 = CARTESIAN_POINT('',(0.382070642336,10.206551792056));
#5147 = CARTESIAN_POINT('',(0.376185687616,10.350201165012));
#5148 = CARTESIAN_POINT('',(0.365875392965,10.677226576531));
#5149 = CARTESIAN_POINT('',(0.361993416179,10.864447576116));
#5150 = CARTESIAN_POINT('',(0.359831554743,11.056096920121));
#5151 = CARTESIAN_POINT('',(0.359363191925,11.249813185256));
#5152 = CARTESIAN_POINT('',(0.360590092229,11.443301946953));
#5153 = CARTESIAN_POINT('',(0.363533218967,11.63405430421));
#5154 = CARTESIAN_POINT('',(0.368223994412,11.81914802248));
#5155 = CARTESIAN_POINT('',(0.37959188544,12.127875395133));
#5156 = CARTESIAN_POINT('',(0.385563787148,12.257021997931));
#5157 = CARTESIAN_POINT('',(0.392641070855,12.379845921453));
#5158 = CARTESIAN_POINT('',(0.400829698007,12.493672854567));
#5159 = CARTESIAN_POINT('',(0.410110801483,12.595638020538));
#5160 = CARTESIAN_POINT('',(0.42043897947,12.682665325685));
#5161 = CARTESIAN_POINT('',(0.431736405814,12.751412093309));
#5162 = CARTESIAN_POINT('',(0.455809706641,12.844091992118));
#5163 = CARTESIAN_POINT('',(0.468289674853,12.867763779506));
#5164 = CARTESIAN_POINT('',(0.480990193174,12.866741912202));
#5165 = CARTESIAN_POINT('',(0.493551823888,12.840486640395));
#5166 = CARTESIAN_POINT('',(0.505616717989,12.790274220387));
#5167 = CARTESIAN_POINT('',(0.51686062977,12.71914033484));
#5168 = CARTESIAN_POINT('',(0.527023941275,12.631847615495));
#5169 = CARTESIAN_POINT('',(0.547618766893,12.407871997556));
#5170 = CARTESIAN_POINT('',(0.557502833776,12.260517064138));
#5171 = CARTESIAN_POINT('',(0.565613843534,12.098950348436));
#5172 = CARTESIAN_POINT('',(0.572009298527,11.927547035201));
#5173 = CARTESIAN_POINT('',(0.576751114176,11.749611118123));
#5174 = CARTESIAN_POINT('',(0.579891098248,11.567707415397));
#5175 = CARTESIAN_POINT('',(0.581461948026,11.383879728));
#5176 = CARTESIAN_POINT('',(0.581461948026,11.2));
#5177 = ( GEOMETRIC_REPRESENTATION_CONTEXT(2) 
PARAMETRIC_REPRESENTATION_CONTEXT() REPRESENTATION_CONTEXT('2D SPACE',''
  ) );
#5178 = PCURVE('',#5179,#5184);
#5179 = CYLINDRICAL_SURFACE('',#5180,1.65);
#5180 = AXIS2_PLACEMENT_3D('',#5181,#5182,#5183);
#5181 = CARTESIAN_POINT('',(8.3,-6.900655596041,13.543299167663));
#5182 = DIRECTION('',(0.,0.45399049974,-0.891006524188));
#5183 = DIRECTION('',(0.,-0.891006524188,-0.45399049974));
#5184 = DEFINITIONAL_REPRESENTATION('',(#5185),#5237);
#5185 = B_SPLINE_CURVE_WITH_KNOTS('',8,(#5186,#5187,#5188,#5189,#5190,
    #5191,#5192,#5193,#5194,#5195,#5196,#5197,#5198,#5199,#5200,#5201,
    #5202,#5203,#5204,#5205,#5206,#5207,#5208,#5209,#5210,#5211,#5212,
    #5213,#5214,#5215,#5216,#5217,#5218,#5219,#5220,#5221,#5222,#5223,
    #5224,#5225,#5226,#5227,#5228,#5229,#5230,#5231,#5232,#5233,#5234,
    #5235,#5236),.UNSPECIFIED.,.F.,.F.,(9,7,7,7,7,7,7,9),(0.,
    0.152584141294,0.285842708493,0.422123271161,0.588479527698,
    0.714356747283,0.838025140336,1.),.UNSPECIFIED.);
#5186 = CARTESIAN_POINT('',(0.,0.291026192256));
#5187 = CARTESIAN_POINT('',(0.104703294573,0.291026192256));
#5188 = CARTESIAN_POINT('',(0.209369479935,0.288738513249));
#5189 = CARTESIAN_POINT('',(0.314810879172,0.284164767346));
#5190 = CARTESIAN_POINT('',(0.421731580709,0.277427730918));
#5191 = CARTESIAN_POINT('',(0.5308558437,0.268777871215));
#5192 = CARTESIAN_POINT('',(0.642942839931,0.258648179948));
#5193 = CARTESIAN_POINT('',(0.758829838935,0.247714434101));
#5194 = CARTESIAN_POINT('',(0.985160059914,0.227488998138));
#5195 = CARTESIAN_POINT('',(1.097625629442,0.217879372888));
#5196 = CARTESIAN_POINT('',(1.21457840675,0.209049715115));
#5197 = CARTESIAN_POINT('',(1.334459900442,0.202141071436));
#5198 = CARTESIAN_POINT('',(1.456143017564,0.198181518925));
#5199 = CARTESIAN_POINT('',(1.57865511096,0.197632900317));
#5200 = CARTESIAN_POINT('',(1.701055026073,0.200318632478));
#5201 = CARTESIAN_POINT('',(1.945938009918,0.211028715549));
#5202 = CARTESIAN_POINT('',(2.06467421458,0.219011608008));
#5203 = CARTESIAN_POINT('',(2.179159343601,0.228695537431));
#5204 = CARTESIAN_POINT('',(2.289917746838,0.239139969501));
#5205 = CARTESIAN_POINT('',(2.397332879156,0.24950640029));
#5206 = CARTESIAN_POINT('',(2.501682447391,0.259133223953));
#5207 = CARTESIAN_POINT('',(2.603131710163,0.267551449459));
#5208 = CARTESIAN_POINT('',(2.82217602207,0.282944354767));
#5209 = CARTESIAN_POINT('',(2.939782028804,0.289287869062));
#5210 = CARTESIAN_POINT('',(3.055849111407,0.293006862972));
#5211 = CARTESIAN_POINT('',(3.171345098027,0.293838681462));
#5212 = CARTESIAN_POINT('',(3.287119355408,0.291700531005));
#5213 = CARTESIAN_POINT('',(3.403970546859,0.286704570948));
#5214 = CARTESIAN_POINT('',(3.522700477802,0.27920761724));
#5215 = CARTESIAN_POINT('',(3.736218761799,0.262770715145));
#5216 = CARTESIAN_POINT('',(3.830851748521,0.25454507723));
#5217 = CARTESIAN_POINT('',(3.928151996672,0.245444717473));
#5218 = CARTESIAN_POINT('',(4.028204234574,0.235887781424));
#5219 = CARTESIAN_POINT('',(4.131187371355,0.22643368103));
#5220 = CARTESIAN_POINT('',(4.237369549813,0.217759156228));
#5221 = CARTESIAN_POINT('',(4.347130889487,0.210596451567));
#5222 = CARTESIAN_POINT('',(4.572993051727,0.200718253898));
#5223 = CARTESIAN_POINT('',(4.686448317978,0.198036865936));
#5224 = CARTESIAN_POINT('',(4.80028510797,0.198095122559));
#5225 = CARTESIAN_POINT('',(4.913601487685,0.201094291702));
#5226 = CARTESIAN_POINT('',(5.025508445232,0.206722092904));
#5227 = CARTESIAN_POINT('',(5.134990750901,0.214242369447));
#5228 = CARTESIAN_POINT('',(5.24072296908,0.222738592235));
#5229 = CARTESIAN_POINT('',(5.471662412051,0.242712394609));
#5230 = CARTESIAN_POINT('',(5.596624388309,0.254631855987));
#5231 = CARTESIAN_POINT('',(5.716999875742,0.265906098755));
#5232 = CARTESIAN_POINT('',(5.83381788385,0.275636056816));
#5233 = CARTESIAN_POINT('',(5.947977020229,0.283252594339));
#5234 = CARTESIAN_POINT('',(6.060332939025,0.288434542173));
#5235 = CARTESIAN_POINT('',(6.171743047786,0.291026192256));
#5236 = CARTESIAN_POINT('',(6.28318530718,0.291026192256));
#5237 = ( GEOMETRIC_REPRESENTATION_CONTEXT(2) 
PARAMETRIC_REPRESENTATION_CONTEXT() REPRESENTATION_CONTEXT('2D SPACE',''
  ) );
#5238 = ADVANCED_FACE('',(#5239),#3643,.F.);
#5239 = FACE_BOUND('',#5240,.F.);
#5240 = EDGE_LOOP('',(#5241,#5242,#5261,#5262));
#5241 = ORIENTED_EDGE('',*,*,#3917,.F.);
#5242 = ORIENTED_EDGE('',*,*,#5243,.T.);
#5243 = EDGE_CURVE('',#3892,#4783,#5244,.T.);
#5244 = SURFACE_CURVE('',#5245,(#5249,#5255),.PCURVE_S1.);
#5245 = LINE('',#5246,#5247);
#5246 = CARTESIAN_POINT('',(-2.9,-0.649042717978,9.281743296157));
#5247 = VECTOR('',#5248,1.);
#5248 = DIRECTION('',(0.,-6.975647374413E-02,0.99756405026));
#5249 = PCURVE('',#3643,#5250);
#5250 = DEFINITIONAL_REPRESENTATION('',(#5251),#5254);
#5251 = B_SPLINE_CURVE_WITH_KNOTS('',1,(#5252,#5253),.UNSPECIFIED.,.F.,
  .F.,(2,2),(-9.304408367301,5.732220103916),.PIECEWISE_BEZIER_KNOTS.);
#5252 = CARTESIAN_POINT('',(-1.7763568394E-15,-3.330669073875E-16));
#5253 = CARTESIAN_POINT('',(15.,1.048902179153));
#5254 = ( GEOMETRIC_REPRESENTATION_CONTEXT(2) 
PARAMETRIC_REPRESENTATION_CONTEXT() REPRESENTATION_CONTEXT('2D SPACE',''
  ) );
#5255 = PCURVE('',#3906,#5256);
#5256 = DEFINITIONAL_REPRESENTATION('',(#5257),#5260);
#5257 = B_SPLINE_CURVE_WITH_KNOTS('',1,(#5258,#5259),.UNSPECIFIED.,.F.,
  .F.,(2,2),(-9.304408367301,5.732220103916),.PIECEWISE_BEZIER_KNOTS.);
#5258 = CARTESIAN_POINT('',(18.608816734603,-1.));
#5259 = CARTESIAN_POINT('',(3.572188263385,-1.));
#5260 = ( GEOMETRIC_REPRESENTATION_CONTEXT(2) 
PARAMETRIC_REPRESENTATION_CONTEXT() REPRESENTATION_CONTEXT('2D SPACE',''
  ) );
#5261 = ORIENTED_EDGE('',*,*,#4803,.T.);
#5262 = ORIENTED_EDGE('',*,*,#3627,.T.);
#5263 = ADVANCED_FACE('',(#5264),#3746,.T.);
#5264 = FACE_BOUND('',#5265,.T.);
#5265 = EDGE_LOOP('',(#5266,#5289,#5316,#5317,#5318,#5319,#5320,#5321));
#5266 = ORIENTED_EDGE('',*,*,#5267,.T.);
#5267 = EDGE_CURVE('',#4335,#5268,#5270,.T.);
#5268 = VERTEX_POINT('',#5269);
#5269 = CARTESIAN_POINT('',(-1.6,-15.70130766401,10.971384193697));
#5270 = SEAM_CURVE('',#5271,(#5275,#5282),.PCURVE_S1.);
#5271 = LINE('',#5272,#5273);
#5272 = CARTESIAN_POINT('',(-6.7,-15.70130766401,10.971384193697));
#5273 = VECTOR('',#5274,1.);
#5274 = DIRECTION('',(1.,0.,0.));
#5275 = PCURVE('',#3746,#5276);
#5276 = DEFINITIONAL_REPRESENTATION('',(#5277),#5281);
#5277 = LINE('',#5278,#5279);
#5278 = CARTESIAN_POINT('',(6.28318530718,-0.));
#5279 = VECTOR('',#5280,1.);
#5280 = DIRECTION('',(0.,1.));
#5281 = ( GEOMETRIC_REPRESENTATION_CONTEXT(2) 
PARAMETRIC_REPRESENTATION_CONTEXT() REPRESENTATION_CONTEXT('2D SPACE',''
  ) );
#5282 = PCURVE('',#3746,#5283);
#5283 = DEFINITIONAL_REPRESENTATION('',(#5284),#5288);
#5284 = LINE('',#5285,#5286);
#5285 = CARTESIAN_POINT('',(0.,-0.));
#5286 = VECTOR('',#5287,1.);
#5287 = DIRECTION('',(0.,1.));
#5288 = ( GEOMETRIC_REPRESENTATION_CONTEXT(2) 
PARAMETRIC_REPRESENTATION_CONTEXT() REPRESENTATION_CONTEXT('2D SPACE',''
  ) );
#5289 = ORIENTED_EDGE('',*,*,#5290,.F.);
#5290 = EDGE_CURVE('',#5268,#5268,#5291,.T.);
#5291 = SURFACE_CURVE('',#5292,(#5297,#5304),.PCURVE_S1.);
#5292 = CIRCLE('',#5293,5.9);
#5293 = AXIS2_PLACEMENT_3D('',#5294,#5295,#5296);
#5294 = CARTESIAN_POINT('',(-1.6,-15.70130766401,5.071384193697));
#5295 = DIRECTION('',(1.,0.,0.));
#5296 = DIRECTION('',(-0.,0.,1.));
#5297 = PCURVE('',#3746,#5298);
#5298 = DEFINITIONAL_REPRESENTATION('',(#5299),#5303);
#5299 = LINE('',#5300,#5301);
#5300 = CARTESIAN_POINT('',(0.,5.1));
#5301 = VECTOR('',#5302,1.);
#5302 = DIRECTION('',(1.,0.));
#5303 = ( GEOMETRIC_REPRESENTATION_CONTEXT(2) 
PARAMETRIC_REPRESENTATION_CONTEXT() REPRESENTATION_CONTEXT('2D SPACE',''
  ) );
#5304 = PCURVE('',#5305,#5310);
#5305 = PLANE('',#5306);
#5306 = AXIS2_PLACEMENT_3D('',#5307,#5308,#5309);
#5307 = CARTESIAN_POINT('',(-1.6,-15.70130766401,5.071384193697));
#5308 = DIRECTION('',(1.,0.,0.));
#5309 = DIRECTION('',(-0.,0.,1.));
#5310 = DEFINITIONAL_REPRESENTATION('',(#5311),#5315);
#5311 = CIRCLE('',#5312,5.9);
#5312 = AXIS2_PLACEMENT_2D('',#5313,#5314);
#5313 = CARTESIAN_POINT('',(0.,0.));
#5314 = DIRECTION('',(1.,0.));
#5315 = ( GEOMETRIC_REPRESENTATION_CONTEXT(2) 
PARAMETRIC_REPRESENTATION_CONTEXT() REPRESENTATION_CONTEXT('2D SPACE',''
  ) );
#5316 = ORIENTED_EDGE('',*,*,#5267,.F.);
#5317 = ORIENTED_EDGE('',*,*,#4358,.T.);
#5318 = ORIENTED_EDGE('',*,*,#3731,.T.);
#5319 = ORIENTED_EDGE('',*,*,#4635,.T.);
#5320 = ORIENTED_EDGE('',*,*,#4567,.F.);
#5321 = ORIENTED_EDGE('',*,*,#4334,.T.);
#5322 = ADVANCED_FACE('',(#5323),#3906,.T.);
#5323 = FACE_BOUND('',#5324,.T.);
#5324 = EDGE_LOOP('',(#5325,#5326,#5327,#5346));
#5325 = ORIENTED_EDGE('',*,*,#5243,.T.);
#5326 = ORIENTED_EDGE('',*,*,#4782,.T.);
#5327 = ORIENTED_EDGE('',*,*,#5328,.F.);
#5328 = EDGE_CURVE('',#3863,#4757,#5329,.T.);
#5329 = SURFACE_CURVE('',#5330,(#5334,#5340),.PCURVE_S1.);
#5330 = LINE('',#5331,#5332);
#5331 = CARTESIAN_POINT('',(13.2,-0.649042717978,9.281743296157));
#5332 = VECTOR('',#5333,1.);
#5333 = DIRECTION('',(0.,-6.975647374413E-02,0.99756405026));
#5334 = PCURVE('',#3906,#5335);
#5335 = DEFINITIONAL_REPRESENTATION('',(#5336),#5339);
#5336 = B_SPLINE_CURVE_WITH_KNOTS('',1,(#5337,#5338),.UNSPECIFIED.,.F.,
  .F.,(2,2),(-9.304408367301,5.732220103916),.PIECEWISE_BEZIER_KNOTS.);
#5337 = CARTESIAN_POINT('',(18.608816734603,-17.1));
#5338 = CARTESIAN_POINT('',(3.572188263385,-17.1));
#5339 = ( GEOMETRIC_REPRESENTATION_CONTEXT(2) 
PARAMETRIC_REPRESENTATION_CONTEXT() REPRESENTATION_CONTEXT('2D SPACE',''
  ) );
#5340 = PCURVE('',#3879,#5341);
#5341 = DEFINITIONAL_REPRESENTATION('',(#5342),#5345);
#5342 = B_SPLINE_CURVE_WITH_KNOTS('',1,(#5343,#5344),.UNSPECIFIED.,.F.,
  .F.,(2,2),(-9.304408367301,5.732220103916),.PIECEWISE_BEZIER_KNOTS.);
#5343 = CARTESIAN_POINT('',(-1.7763568394E-15,-3.330669073875E-16));
#5344 = CARTESIAN_POINT('',(15.,1.048902179153));
#5345 = ( GEOMETRIC_REPRESENTATION_CONTEXT(2) 
PARAMETRIC_REPRESENTATION_CONTEXT() REPRESENTATION_CONTEXT('2D SPACE',''
  ) );
#5346 = ORIENTED_EDGE('',*,*,#3891,.F.);
#5347 = ADVANCED_FACE('',(#5348),#3796,.T.);
#5348 = FACE_BOUND('',#5349,.T.);
#5349 = EDGE_LOOP('',(#5350,#5351,#5352,#5353,#5372,#5373));
#5350 = ORIENTED_EDGE('',*,*,#4686,.F.);
#5351 = ORIENTED_EDGE('',*,*,#4590,.F.);
#5352 = ORIENTED_EDGE('',*,*,#3781,.T.);
#5353 = ORIENTED_EDGE('',*,*,#5354,.T.);
#5354 = EDGE_CURVE('',#3782,#4828,#5355,.T.);
#5355 = SURFACE_CURVE('',#5356,(#5360,#5366),.PCURVE_S1.);
#5356 = LINE('',#5357,#5358);
#5357 = CARTESIAN_POINT('',(-2.9,0.,0.));
#5358 = VECTOR('',#5359,1.);
#5359 = DIRECTION('',(0.,-0.615661475326,0.788010753607));
#5360 = PCURVE('',#3796,#5361);
#5361 = DEFINITIONAL_REPRESENTATION('',(#5362),#5365);
#5362 = B_SPLINE_CURVE_WITH_KNOTS('',1,(#5363,#5364),.UNSPECIFIED.,.F.,
  .F.,(2,2),(12.,18.),.PIECEWISE_BEZIER_KNOTS.);
#5363 = CARTESIAN_POINT('',(12.,-18.7));
#5364 = CARTESIAN_POINT('',(18.,-18.7));
#5365 = ( GEOMETRIC_REPRESENTATION_CONTEXT(2) 
PARAMETRIC_REPRESENTATION_CONTEXT() REPRESENTATION_CONTEXT('2D SPACE',''
  ) );
#5366 = PCURVE('',#3824,#5367);
#5367 = DEFINITIONAL_REPRESENTATION('',(#5368),#5371);
#5368 = B_SPLINE_CURVE_WITH_KNOTS('',1,(#5369,#5370),.UNSPECIFIED.,.F.,
  .F.,(2,2),(12.,18.),.PIECEWISE_BEZIER_KNOTS.);
#5369 = CARTESIAN_POINT('',(9.456129043281,7.387937703908));
#5370 = CARTESIAN_POINT('',(14.184193564921,11.081906555862));
#5371 = ( GEOMETRIC_REPRESENTATION_CONTEXT(2) 
PARAMETRIC_REPRESENTATION_CONTEXT() REPRESENTATION_CONTEXT('2D SPACE',''
  ) );
#5372 = ORIENTED_EDGE('',*,*,#4827,.T.);
#5373 = ORIENTED_EDGE('',*,*,#4734,.F.);
#5374 = ADVANCED_FACE('',(#5375),#3879,.T.);
#5375 = FACE_BOUND('',#5376,.T.);
#5376 = EDGE_LOOP('',(#5377,#5378,#5379,#5398));
#5377 = ORIENTED_EDGE('',*,*,#5328,.T.);
#5378 = ORIENTED_EDGE('',*,*,#4756,.T.);
#5379 = ORIENTED_EDGE('',*,*,#5380,.T.);
#5380 = EDGE_CURVE('',#4759,#3837,#5381,.T.);
#5381 = SURFACE_CURVE('',#5382,(#5386,#5392),.PCURVE_S1.);
#5382 = LINE('',#5383,#5384);
#5383 = CARTESIAN_POINT('',(13.2,0.,0.));
#5384 = VECTOR('',#5385,1.);
#5385 = DIRECTION('',(0.,0.766044443119,-0.642787609687));
#5386 = PCURVE('',#3879,#5387);
#5387 = DEFINITIONAL_REPRESENTATION('',(#5388),#5391);
#5388 = B_SPLINE_CURVE_WITH_KNOTS('',1,(#5389,#5390),.UNSPECIFIED.,.F.,
  .F.,(2,2),(-18.6088167346,-0.),.PIECEWISE_BEZIER_KNOTS.);
#5389 = CARTESIAN_POINT('',(11.96151682793,14.255180652562));
#5390 = CARTESIAN_POINT('',(0.,0.));
#5391 = ( GEOMETRIC_REPRESENTATION_CONTEXT(2) 
PARAMETRIC_REPRESENTATION_CONTEXT() REPRESENTATION_CONTEXT('2D SPACE',''
  ) );
#5392 = PCURVE('',#3851,#5393);
#5393 = DEFINITIONAL_REPRESENTATION('',(#5394),#5397);
#5394 = B_SPLINE_CURVE_WITH_KNOTS('',1,(#5395,#5396),.UNSPECIFIED.,.F.,
  .F.,(2,2),(-18.6088167346,-0.),.PIECEWISE_BEZIER_KNOTS.);
#5395 = CARTESIAN_POINT('',(18.608816734603,-17.1));
#5396 = CARTESIAN_POINT('',(0.,-17.1));
#5397 = ( GEOMETRIC_REPRESENTATION_CONTEXT(2) 
PARAMETRIC_REPRESENTATION_CONTEXT() REPRESENTATION_CONTEXT('2D SPACE',''
  ) );
#5398 = ORIENTED_EDGE('',*,*,#3862,.F.);
#5399 = ADVANCED_FACE('',(#5400),#3824,.F.);
#5400 = FACE_BOUND('',#5401,.F.);
#5401 = EDGE_LOOP('',(#5402,#5403,#5404,#5405));
#5402 = ORIENTED_EDGE('',*,*,#3807,.F.);
#5403 = ORIENTED_EDGE('',*,*,#5354,.T.);
#5404 = ORIENTED_EDGE('',*,*,#4848,.T.);
#5405 = ORIENTED_EDGE('',*,*,#5406,.T.);
#5406 = EDGE_CURVE('',#4849,#3808,#5407,.T.);
#5407 = SURFACE_CURVE('',#5408,(#5412,#5418),.PCURVE_S1.);
#5408 = LINE('',#5409,#5410);
#5409 = CARTESIAN_POINT('',(-2.9,0.,0.));
#5410 = VECTOR('',#5411,1.);
#5411 = DIRECTION('',(0.,0.766044443119,-0.642787609687));
#5412 = PCURVE('',#3824,#5413);
#5413 = DEFINITIONAL_REPRESENTATION('',(#5414),#5417);
#5414 = B_SPLINE_CURVE_WITH_KNOTS('',1,(#5415,#5416),.UNSPECIFIED.,.F.,
  .F.,(2,2),(-18.6088167346,-0.),.PIECEWISE_BEZIER_KNOTS.);
#5415 = CARTESIAN_POINT('',(11.96151682793,14.255180652562));
#5416 = CARTESIAN_POINT('',(0.,0.));
#5417 = ( GEOMETRIC_REPRESENTATION_CONTEXT(2) 
PARAMETRIC_REPRESENTATION_CONTEXT() REPRESENTATION_CONTEXT('2D SPACE',''
  ) );
#5418 = PCURVE('',#3851,#5419);
#5419 = DEFINITIONAL_REPRESENTATION('',(#5420),#5423);
#5420 = B_SPLINE_CURVE_WITH_KNOTS('',1,(#5421,#5422),.UNSPECIFIED.,.F.,
  .F.,(2,2),(-18.6088167346,-0.),.PIECEWISE_BEZIER_KNOTS.);
#5421 = CARTESIAN_POINT('',(18.608816734603,-1.));
#5422 = CARTESIAN_POINT('',(0.,-1.));
#5423 = ( GEOMETRIC_REPRESENTATION_CONTEXT(2) 
PARAMETRIC_REPRESENTATION_CONTEXT() REPRESENTATION_CONTEXT('2D SPACE',''
  ) );
#5424 = ADVANCED_FACE('',(#5425),#3851,.T.);
#5425 = FACE_BOUND('',#5426,.T.);
#5426 = EDGE_LOOP('',(#5427,#5428,#5429,#5430));
#5427 = ORIENTED_EDGE('',*,*,#4872,.F.);
#5428 = ORIENTED_EDGE('',*,*,#5406,.T.);
#5429 = ORIENTED_EDGE('',*,*,#3836,.T.);
#5430 = ORIENTED_EDGE('',*,*,#5380,.F.);
#5431 = ADVANCED_FACE('',(#5432),#3965,.T.);
#5432 = FACE_BOUND('',#5433,.T.);
#5433 = EDGE_LOOP('',(#5434,#5464,#5483,#5484));
#5434 = ORIENTED_EDGE('',*,*,#5435,.F.);
#5435 = EDGE_CURVE('',#5436,#5438,#5440,.T.);
#5436 = VERTEX_POINT('',#5437);
#5437 = CARTESIAN_POINT('',(5.1,-6.131254913644,11.466210673407));
#5438 = VERTEX_POINT('',#5439);
#5439 = CARTESIAN_POINT('',(3.57431578065,-8.48579541676,10.266512365204
    ));
#5440 = SURFACE_CURVE('',#5441,(#5445,#5452),.PCURVE_S1.);
#5441 = LINE('',#5442,#5443);
#5442 = CARTESIAN_POINT('',(5.2486315613,-5.901876496614,11.583084814449
    ));
#5443 = VECTOR('',#5444,1.);
#5444 = DIRECTION('',(-0.5,-0.771634284885,-0.393167305851));
#5445 = PCURVE('',#3965,#5446);
#5446 = DEFINITIONAL_REPRESENTATION('',(#5447),#5451);
#5447 = LINE('',#5448,#5449);
#5448 = CARTESIAN_POINT('',(-0.,0.));
#5449 = VECTOR('',#5450,1.);
#5450 = DIRECTION('',(1.,0.));
#5451 = ( GEOMETRIC_REPRESENTATION_CONTEXT(2) 
PARAMETRIC_REPRESENTATION_CONTEXT() REPRESENTATION_CONTEXT('2D SPACE',''
  ) );
#5452 = PCURVE('',#5453,#5458);
#5453 = PLANE('',#5454);
#5454 = AXIS2_PLACEMENT_3D('',#5455,#5456,#5457);
#5455 = CARTESIAN_POINT('',(1.9,-5.901876496614,11.583084814449));
#5456 = DIRECTION('',(0.,0.45399049974,-0.891006524188));
#5457 = DIRECTION('',(1.,0.,0.));
#5458 = DEFINITIONAL_REPRESENTATION('',(#5459),#5463);
#5459 = LINE('',#5460,#5461);
#5460 = CARTESIAN_POINT('',(3.3486315613,0.));
#5461 = VECTOR('',#5462,1.);
#5462 = DIRECTION('',(-0.5,0.866025403784));
#5463 = ( GEOMETRIC_REPRESENTATION_CONTEXT(2) 
PARAMETRIC_REPRESENTATION_CONTEXT() REPRESENTATION_CONTEXT('2D SPACE',''
  ) );
#5464 = ORIENTED_EDGE('',*,*,#5465,.T.);
#5465 = EDGE_CURVE('',#5436,#3946,#5466,.T.);
#5466 = SURFACE_CURVE('',#5467,(#5471,#5477),.PCURVE_S1.);
#5467 = LINE('',#5468,#5469);
#5468 = CARTESIAN_POINT('',(5.1,-6.131254913644,11.466210673407));
#5469 = VECTOR('',#5470,1.);
#5470 = DIRECTION('',(0.,0.45399049974,-0.891006524188));
#5471 = PCURVE('',#3965,#5472);
#5472 = DEFINITIONAL_REPRESENTATION('',(#5473),#5476);
#5473 = B_SPLINE_CURVE_WITH_KNOTS('',1,(#5474,#5475),.UNSPECIFIED.,.F.,
  .F.,(2,2),(-8.881784197001E-16,5.6),.PIECEWISE_BEZIER_KNOTS.);
#5474 = CARTESIAN_POINT('',(0.2972631226,8.326672684689E-16));
#5475 = CARTESIAN_POINT('',(0.2972631226,-5.6));
#5476 = ( GEOMETRIC_REPRESENTATION_CONTEXT(2) 
PARAMETRIC_REPRESENTATION_CONTEXT() REPRESENTATION_CONTEXT('2D SPACE',''
  ) );
#5477 = PCURVE('',#4291,#5478);
#5478 = DEFINITIONAL_REPRESENTATION('',(#5479),#5482);
#5479 = B_SPLINE_CURVE_WITH_KNOTS('',1,(#5480,#5481),.UNSPECIFIED.,.F.,
  .F.,(2,2),(-8.881784197001E-16,5.6),.PIECEWISE_BEZIER_KNOTS.);
#5480 = CARTESIAN_POINT('',(3.0513684387,0.));
#5481 = CARTESIAN_POINT('',(3.0513684387,-5.6));
#5482 = ( GEOMETRIC_REPRESENTATION_CONTEXT(2) 
PARAMETRIC_REPRESENTATION_CONTEXT() REPRESENTATION_CONTEXT('2D SPACE',''
  ) );
#5483 = ORIENTED_EDGE('',*,*,#3943,.F.);
#5484 = ORIENTED_EDGE('',*,*,#5485,.F.);
#5485 = EDGE_CURVE('',#5438,#3944,#5486,.T.);
#5486 = SURFACE_CURVE('',#5487,(#5491,#5498),.PCURVE_S1.);
#5487 = LINE('',#5488,#5489);
#5488 = CARTESIAN_POINT('',(3.57431578065,-8.48579541676,10.266512365204
    ));
#5489 = VECTOR('',#5490,1.);
#5490 = DIRECTION('',(0.,0.45399049974,-0.891006524188));
#5491 = PCURVE('',#3965,#5492);
#5492 = DEFINITIONAL_REPRESENTATION('',(#5493),#5497);
#5493 = LINE('',#5494,#5495);
#5494 = CARTESIAN_POINT('',(3.3486315613,8.881784197001E-16));
#5495 = VECTOR('',#5496,1.);
#5496 = DIRECTION('',(0.,-1.));
#5497 = ( GEOMETRIC_REPRESENTATION_CONTEXT(2) 
PARAMETRIC_REPRESENTATION_CONTEXT() REPRESENTATION_CONTEXT('2D SPACE',''
  ) );
#5498 = PCURVE('',#3992,#5499);
#5499 = DEFINITIONAL_REPRESENTATION('',(#5500),#5504);
#5500 = LINE('',#5501,#5502);
#5501 = CARTESIAN_POINT('',(-0.,0.));
#5502 = VECTOR('',#5503,1.);
#5503 = DIRECTION('',(-6.162975822039E-33,-1.));
#5504 = ( GEOMETRIC_REPRESENTATION_CONTEXT(2) 
PARAMETRIC_REPRESENTATION_CONTEXT() REPRESENTATION_CONTEXT('2D SPACE',''
  ) );
#5505 = ADVANCED_FACE('',(#5506),#4291,.T.);
#5506 = FACE_BOUND('',#5507,.T.);
#5507 = EDGE_LOOP('',(#5508,#5531,#5552,#5553));
#5508 = ORIENTED_EDGE('',*,*,#5509,.F.);
#5509 = EDGE_CURVE('',#5510,#5436,#5512,.T.);
#5510 = VERTEX_POINT('',#5511);
#5511 = CARTESIAN_POINT('',(6.62568421935,-8.48579541676,10.266512365204
    ));
#5512 = SURFACE_CURVE('',#5513,(#5517,#5524),.PCURVE_S1.);
#5513 = LINE('',#5514,#5515);
#5514 = CARTESIAN_POINT('',(6.62568421935,-8.48579541676,10.266512365204
    ));
#5515 = VECTOR('',#5516,1.);
#5516 = DIRECTION('',(-0.5,0.771634284885,0.393167305851));
#5517 = PCURVE('',#4291,#5518);
#5518 = DEFINITIONAL_REPRESENTATION('',(#5519),#5523);
#5519 = LINE('',#5520,#5521);
#5520 = CARTESIAN_POINT('',(0.,0.));
#5521 = VECTOR('',#5522,1.);
#5522 = DIRECTION('',(1.,0.));
#5523 = ( GEOMETRIC_REPRESENTATION_CONTEXT(2) 
PARAMETRIC_REPRESENTATION_CONTEXT() REPRESENTATION_CONTEXT('2D SPACE',''
  ) );
#5524 = PCURVE('',#5453,#5525);
#5525 = DEFINITIONAL_REPRESENTATION('',(#5526),#5530);
#5526 = LINE('',#5527,#5528);
#5527 = CARTESIAN_POINT('',(4.72568421935,2.9));
#5528 = VECTOR('',#5529,1.);
#5529 = DIRECTION('',(-0.5,-0.866025403784));
#5530 = ( GEOMETRIC_REPRESENTATION_CONTEXT(2) 
PARAMETRIC_REPRESENTATION_CONTEXT() REPRESENTATION_CONTEXT('2D SPACE',''
  ) );
#5531 = ORIENTED_EDGE('',*,*,#5532,.T.);
#5532 = EDGE_CURVE('',#5510,#4248,#5533,.T.);
#5533 = SURFACE_CURVE('',#5534,(#5538,#5545),.PCURVE_S1.);
#5534 = LINE('',#5535,#5536);
#5535 = CARTESIAN_POINT('',(6.62568421935,-8.48579541676,10.266512365204
    ));
#5536 = VECTOR('',#5537,1.);
#5537 = DIRECTION('',(0.,0.45399049974,-0.891006524188));
#5538 = PCURVE('',#4291,#5539);
#5539 = DEFINITIONAL_REPRESENTATION('',(#5540),#5544);
#5540 = LINE('',#5541,#5542);
#5541 = CARTESIAN_POINT('',(0.,0.));
#5542 = VECTOR('',#5543,1.);
#5543 = DIRECTION('',(0.,-1.));
#5544 = ( GEOMETRIC_REPRESENTATION_CONTEXT(2) 
PARAMETRIC_REPRESENTATION_CONTEXT() REPRESENTATION_CONTEXT('2D SPACE',''
  ) );
#5545 = PCURVE('',#4262,#5546);
#5546 = DEFINITIONAL_REPRESENTATION('',(#5547),#5551);
#5547 = LINE('',#5548,#5549);
#5548 = CARTESIAN_POINT('',(3.3486315613,0.));
#5549 = VECTOR('',#5550,1.);
#5550 = DIRECTION('',(-6.162975822039E-33,-1.));
#5551 = ( GEOMETRIC_REPRESENTATION_CONTEXT(2) 
PARAMETRIC_REPRESENTATION_CONTEXT() REPRESENTATION_CONTEXT('2D SPACE',''
  ) );
#5552 = ORIENTED_EDGE('',*,*,#4273,.F.);
#5553 = ORIENTED_EDGE('',*,*,#5465,.F.);
#5554 = ADVANCED_FACE('',(#5555),#4262,.T.);
#5555 = FACE_BOUND('',#5556,.T.);
#5556 = EDGE_LOOP('',(#5557,#5580,#5601,#5602));
#5557 = ORIENTED_EDGE('',*,*,#5558,.F.);
#5558 = EDGE_CURVE('',#5559,#5510,#5561,.T.);
#5559 = VERTEX_POINT('',#5560);
#5560 = CARTESIAN_POINT('',(9.97431578065,-8.48579541676,10.266512365204
    ));
#5561 = SURFACE_CURVE('',#5562,(#5566,#5573),.PCURVE_S1.);
#5562 = LINE('',#5563,#5564);
#5563 = CARTESIAN_POINT('',(9.97431578065,-8.48579541676,10.266512365204
    ));
#5564 = VECTOR('',#5565,1.);
#5565 = DIRECTION('',(-1.,-1.181636068509E-16,-6.020736489461E-17));
#5566 = PCURVE('',#4262,#5567);
#5567 = DEFINITIONAL_REPRESENTATION('',(#5568),#5572);
#5568 = LINE('',#5569,#5570);
#5569 = CARTESIAN_POINT('',(-0.,0.));
#5570 = VECTOR('',#5571,1.);
#5571 = DIRECTION('',(1.,6.162975822039E-33));
#5572 = ( GEOMETRIC_REPRESENTATION_CONTEXT(2) 
PARAMETRIC_REPRESENTATION_CONTEXT() REPRESENTATION_CONTEXT('2D SPACE',''
  ) );
#5573 = PCURVE('',#5453,#5574);
#5574 = DEFINITIONAL_REPRESENTATION('',(#5575),#5579);
#5575 = LINE('',#5576,#5577);
#5576 = CARTESIAN_POINT('',(8.07431578065,2.9));
#5577 = VECTOR('',#5578,1.);
#5578 = DIRECTION('',(-1.,1.326181163023E-16));
#5579 = ( GEOMETRIC_REPRESENTATION_CONTEXT(2) 
PARAMETRIC_REPRESENTATION_CONTEXT() REPRESENTATION_CONTEXT('2D SPACE',''
  ) );
#5580 = ORIENTED_EDGE('',*,*,#5581,.T.);
#5581 = EDGE_CURVE('',#5559,#4216,#5582,.T.);
#5582 = SURFACE_CURVE('',#5583,(#5587,#5594),.PCURVE_S1.);
#5583 = LINE('',#5584,#5585);
#5584 = CARTESIAN_POINT('',(9.97431578065,-8.48579541676,10.266512365204
    ));
#5585 = VECTOR('',#5586,1.);
#5586 = DIRECTION('',(0.,0.45399049974,-0.891006524188));
#5587 = PCURVE('',#4262,#5588);
#5588 = DEFINITIONAL_REPRESENTATION('',(#5589),#5593);
#5589 = LINE('',#5590,#5591);
#5590 = CARTESIAN_POINT('',(-0.,0.));
#5591 = VECTOR('',#5592,1.);
#5592 = DIRECTION('',(-6.162975822039E-33,-1.));
#5593 = ( GEOMETRIC_REPRESENTATION_CONTEXT(2) 
PARAMETRIC_REPRESENTATION_CONTEXT() REPRESENTATION_CONTEXT('2D SPACE',''
  ) );
#5594 = PCURVE('',#4235,#5595);
#5595 = DEFINITIONAL_REPRESENTATION('',(#5596),#5600);
#5596 = LINE('',#5597,#5598);
#5597 = CARTESIAN_POINT('',(3.3486315613,8.881784197001E-16));
#5598 = VECTOR('',#5599,1.);
#5599 = DIRECTION('',(0.,-1.));
#5600 = ( GEOMETRIC_REPRESENTATION_CONTEXT(2) 
PARAMETRIC_REPRESENTATION_CONTEXT() REPRESENTATION_CONTEXT('2D SPACE',''
  ) );
#5601 = ORIENTED_EDGE('',*,*,#4247,.F.);
#5602 = ORIENTED_EDGE('',*,*,#5532,.F.);
#5603 = ADVANCED_FACE('',(#5604),#4235,.T.);
#5604 = FACE_BOUND('',#5605,.T.);
#5605 = EDGE_LOOP('',(#5606,#5629,#5650,#5651));
#5606 = ORIENTED_EDGE('',*,*,#5607,.F.);
#5607 = EDGE_CURVE('',#5608,#5559,#5610,.T.);
#5608 = VERTEX_POINT('',#5609);
#5609 = CARTESIAN_POINT('',(11.6486315613,-5.901876496614,
    11.583084814449));
#5610 = SURFACE_CURVE('',#5611,(#5615,#5622),.PCURVE_S1.);
#5611 = LINE('',#5612,#5613);
#5612 = CARTESIAN_POINT('',(11.6486315613,-5.901876496614,
    11.583084814449));
#5613 = VECTOR('',#5614,1.);
#5614 = DIRECTION('',(-0.5,-0.771634284885,-0.393167305851));
#5615 = PCURVE('',#4235,#5616);
#5616 = DEFINITIONAL_REPRESENTATION('',(#5617),#5621);
#5617 = LINE('',#5618,#5619);
#5618 = CARTESIAN_POINT('',(-0.,0.));
#5619 = VECTOR('',#5620,1.);
#5620 = DIRECTION('',(1.,0.));
#5621 = ( GEOMETRIC_REPRESENTATION_CONTEXT(2) 
PARAMETRIC_REPRESENTATION_CONTEXT() REPRESENTATION_CONTEXT('2D SPACE',''
  ) );
#5622 = PCURVE('',#5453,#5623);
#5623 = DEFINITIONAL_REPRESENTATION('',(#5624),#5628);
#5624 = LINE('',#5625,#5626);
#5625 = CARTESIAN_POINT('',(9.7486315613,0.));
#5626 = VECTOR('',#5627,1.);
#5627 = DIRECTION('',(-0.5,0.866025403784));
#5628 = ( GEOMETRIC_REPRESENTATION_CONTEXT(2) 
PARAMETRIC_REPRESENTATION_CONTEXT() REPRESENTATION_CONTEXT('2D SPACE',''
  ) );
#5629 = ORIENTED_EDGE('',*,*,#5630,.T.);
#5630 = EDGE_CURVE('',#5608,#4184,#5631,.T.);
#5631 = SURFACE_CURVE('',#5632,(#5636,#5643),.PCURVE_S1.);
#5632 = LINE('',#5633,#5634);
#5633 = CARTESIAN_POINT('',(11.6486315613,-5.901876496614,
    11.583084814449));
#5634 = VECTOR('',#5635,1.);
#5635 = DIRECTION('',(0.,0.45399049974,-0.891006524188));
#5636 = PCURVE('',#4235,#5637);
#5637 = DEFINITIONAL_REPRESENTATION('',(#5638),#5642);
#5638 = LINE('',#5639,#5640);
#5639 = CARTESIAN_POINT('',(-0.,0.));
#5640 = VECTOR('',#5641,1.);
#5641 = DIRECTION('',(0.,-1.));
#5642 = ( GEOMETRIC_REPRESENTATION_CONTEXT(2) 
PARAMETRIC_REPRESENTATION_CONTEXT() REPRESENTATION_CONTEXT('2D SPACE',''
  ) );
#5643 = PCURVE('',#4203,#5644);
#5644 = DEFINITIONAL_REPRESENTATION('',(#5645),#5649);
#5645 = LINE('',#5646,#5647);
#5646 = CARTESIAN_POINT('',(3.3486315613,-4.440892098501E-16));
#5647 = VECTOR('',#5648,1.);
#5648 = DIRECTION('',(0.,-1.));
#5649 = ( GEOMETRIC_REPRESENTATION_CONTEXT(2) 
PARAMETRIC_REPRESENTATION_CONTEXT() REPRESENTATION_CONTEXT('2D SPACE',''
  ) );
#5650 = ORIENTED_EDGE('',*,*,#4215,.F.);
#5651 = ORIENTED_EDGE('',*,*,#5581,.F.);
#5652 = ADVANCED_FACE('',(#5653),#4203,.T.);
#5653 = FACE_BOUND('',#5654,.T.);
#5654 = EDGE_LOOP('',(#5655,#5678,#5699,#5700));
#5655 = ORIENTED_EDGE('',*,*,#5656,.F.);
#5656 = EDGE_CURVE('',#5657,#5608,#5659,.T.);
#5657 = VERTEX_POINT('',#5658);
#5658 = CARTESIAN_POINT('',(9.97431578065,-3.317957576468,
    12.899657263693));
#5659 = SURFACE_CURVE('',#5660,(#5664,#5671),.PCURVE_S1.);
#5660 = LINE('',#5661,#5662);
#5661 = CARTESIAN_POINT('',(9.97431578065,-3.317957576468,
    12.899657263693));
#5662 = VECTOR('',#5663,1.);
#5663 = DIRECTION('',(0.5,-0.771634284885,-0.393167305851));
#5664 = PCURVE('',#4203,#5665);
#5665 = DEFINITIONAL_REPRESENTATION('',(#5666),#5670);
#5666 = LINE('',#5667,#5668);
#5667 = CARTESIAN_POINT('',(0.,0.));
#5668 = VECTOR('',#5669,1.);
#5669 = DIRECTION('',(1.,0.));
#5670 = ( GEOMETRIC_REPRESENTATION_CONTEXT(2) 
PARAMETRIC_REPRESENTATION_CONTEXT() REPRESENTATION_CONTEXT('2D SPACE',''
  ) );
#5671 = PCURVE('',#5453,#5672);
#5672 = DEFINITIONAL_REPRESENTATION('',(#5673),#5677);
#5673 = LINE('',#5674,#5675);
#5674 = CARTESIAN_POINT('',(8.07431578065,-2.9));
#5675 = VECTOR('',#5676,1.);
#5676 = DIRECTION('',(0.5,0.866025403784));
#5677 = ( GEOMETRIC_REPRESENTATION_CONTEXT(2) 
PARAMETRIC_REPRESENTATION_CONTEXT() REPRESENTATION_CONTEXT('2D SPACE',''
  ) );
#5678 = ORIENTED_EDGE('',*,*,#5679,.T.);
#5679 = EDGE_CURVE('',#5657,#4158,#5680,.T.);
#5680 = SURFACE_CURVE('',#5681,(#5685,#5692),.PCURVE_S1.);
#5681 = LINE('',#5682,#5683);
#5682 = CARTESIAN_POINT('',(9.97431578065,-3.317957576468,
    12.899657263693));
#5683 = VECTOR('',#5684,1.);
#5684 = DIRECTION('',(0.,0.45399049974,-0.891006524188));
#5685 = PCURVE('',#4203,#5686);
#5686 = DEFINITIONAL_REPRESENTATION('',(#5687),#5691);
#5687 = LINE('',#5688,#5689);
#5688 = CARTESIAN_POINT('',(0.,0.));
#5689 = VECTOR('',#5690,1.);
#5690 = DIRECTION('',(0.,-1.));
#5691 = ( GEOMETRIC_REPRESENTATION_CONTEXT(2) 
PARAMETRIC_REPRESENTATION_CONTEXT() REPRESENTATION_CONTEXT('2D SPACE',''
  ) );
#5692 = PCURVE('',#4172,#5693);
#5693 = DEFINITIONAL_REPRESENTATION('',(#5694),#5698);
#5694 = LINE('',#5695,#5696);
#5695 = CARTESIAN_POINT('',(3.3486315613,9.779086862659E-16));
#5696 = VECTOR('',#5697,1.);
#5697 = DIRECTION('',(2.465190328816E-32,-1.));
#5698 = ( GEOMETRIC_REPRESENTATION_CONTEXT(2) 
PARAMETRIC_REPRESENTATION_CONTEXT() REPRESENTATION_CONTEXT('2D SPACE',''
  ) );
#5699 = ORIENTED_EDGE('',*,*,#4183,.F.);
#5700 = ORIENTED_EDGE('',*,*,#5630,.F.);
#5701 = ADVANCED_FACE('',(#5702),#4172,.T.);
#5702 = FACE_BOUND('',#5703,.T.);
#5703 = EDGE_LOOP('',(#5704,#5727,#5748,#5749));
#5704 = ORIENTED_EDGE('',*,*,#5705,.F.);
#5705 = EDGE_CURVE('',#5706,#5657,#5708,.T.);
#5706 = VERTEX_POINT('',#5707);
#5707 = CARTESIAN_POINT('',(6.62568421935,-3.317957576468,
    12.899657263693));
#5708 = SURFACE_CURVE('',#5709,(#5713,#5720),.PCURVE_S1.);
#5709 = LINE('',#5710,#5711);
#5710 = CARTESIAN_POINT('',(6.62568421935,-3.317957576468,
    12.899657263693));
#5711 = VECTOR('',#5712,1.);
#5712 = DIRECTION('',(1.,4.726544274037E-16,2.408294595784E-16));
#5713 = PCURVE('',#4172,#5714);
#5714 = DEFINITIONAL_REPRESENTATION('',(#5715),#5719);
#5715 = LINE('',#5716,#5717);
#5716 = CARTESIAN_POINT('',(0.,0.));
#5717 = VECTOR('',#5718,1.);
#5718 = DIRECTION('',(1.,-2.465190328816E-32));
#5719 = ( GEOMETRIC_REPRESENTATION_CONTEXT(2) 
PARAMETRIC_REPRESENTATION_CONTEXT() REPRESENTATION_CONTEXT('2D SPACE',''
  ) );
#5720 = PCURVE('',#5453,#5721);
#5721 = DEFINITIONAL_REPRESENTATION('',(#5722),#5726);
#5722 = LINE('',#5723,#5724);
#5723 = CARTESIAN_POINT('',(4.72568421935,-2.9));
#5724 = VECTOR('',#5725,1.);
#5725 = DIRECTION('',(1.,-5.304724652093E-16));
#5726 = ( GEOMETRIC_REPRESENTATION_CONTEXT(2) 
PARAMETRIC_REPRESENTATION_CONTEXT() REPRESENTATION_CONTEXT('2D SPACE',''
  ) );
#5727 = ORIENTED_EDGE('',*,*,#5728,.T.);
#5728 = EDGE_CURVE('',#5706,#4126,#5729,.T.);
#5729 = SURFACE_CURVE('',#5730,(#5734,#5741),.PCURVE_S1.);
#5730 = LINE('',#5731,#5732);
#5731 = CARTESIAN_POINT('',(6.62568421935,-3.317957576468,
    12.899657263693));
#5732 = VECTOR('',#5733,1.);
#5733 = DIRECTION('',(0.,0.45399049974,-0.891006524188));
#5734 = PCURVE('',#4172,#5735);
#5735 = DEFINITIONAL_REPRESENTATION('',(#5736),#5740);
#5736 = LINE('',#5737,#5738);
#5737 = CARTESIAN_POINT('',(0.,0.));
#5738 = VECTOR('',#5739,1.);
#5739 = DIRECTION('',(2.465190328816E-32,-1.));
#5740 = ( GEOMETRIC_REPRESENTATION_CONTEXT(2) 
PARAMETRIC_REPRESENTATION_CONTEXT() REPRESENTATION_CONTEXT('2D SPACE',''
  ) );
#5741 = PCURVE('',#4145,#5742);
#5742 = DEFINITIONAL_REPRESENTATION('',(#5743),#5747);
#5743 = LINE('',#5744,#5745);
#5744 = CARTESIAN_POINT('',(3.3486315613,-2.22044604925E-16));
#5745 = VECTOR('',#5746,1.);
#5746 = DIRECTION('',(0.,-1.));
#5747 = ( GEOMETRIC_REPRESENTATION_CONTEXT(2) 
PARAMETRIC_REPRESENTATION_CONTEXT() REPRESENTATION_CONTEXT('2D SPACE',''
  ) );
#5748 = ORIENTED_EDGE('',*,*,#4157,.T.);
#5749 = ORIENTED_EDGE('',*,*,#5679,.F.);
#5750 = ADVANCED_FACE('',(#5751),#4145,.T.);
#5751 = FACE_BOUND('',#5752,.T.);
#5752 = EDGE_LOOP('',(#5753,#5776,#5795,#5796));
#5753 = ORIENTED_EDGE('',*,*,#5754,.F.);
#5754 = EDGE_CURVE('',#5755,#5706,#5757,.T.);
#5755 = VERTEX_POINT('',#5756);
#5756 = CARTESIAN_POINT('',(5.1,-5.672498079584,11.69995895549));
#5757 = SURFACE_CURVE('',#5758,(#5762,#5769),.PCURVE_S1.);
#5758 = LINE('',#5759,#5760);
#5759 = CARTESIAN_POINT('',(4.9513684387,-5.901876496614,11.583084814449
    ));
#5760 = VECTOR('',#5761,1.);
#5761 = DIRECTION('',(0.5,0.771634284885,0.393167305851));
#5762 = PCURVE('',#4145,#5763);
#5763 = DEFINITIONAL_REPRESENTATION('',(#5764),#5768);
#5764 = LINE('',#5765,#5766);
#5765 = CARTESIAN_POINT('',(0.,0.));
#5766 = VECTOR('',#5767,1.);
#5767 = DIRECTION('',(1.,0.));
#5768 = ( GEOMETRIC_REPRESENTATION_CONTEXT(2) 
PARAMETRIC_REPRESENTATION_CONTEXT() REPRESENTATION_CONTEXT('2D SPACE',''
  ) );
#5769 = PCURVE('',#5453,#5770);
#5770 = DEFINITIONAL_REPRESENTATION('',(#5771),#5775);
#5771 = LINE('',#5772,#5773);
#5772 = CARTESIAN_POINT('',(3.0513684387,0.));
#5773 = VECTOR('',#5774,1.);
#5774 = DIRECTION('',(0.5,-0.866025403784));
#5775 = ( GEOMETRIC_REPRESENTATION_CONTEXT(2) 
PARAMETRIC_REPRESENTATION_CONTEXT() REPRESENTATION_CONTEXT('2D SPACE',''
  ) );
#5776 = ORIENTED_EDGE('',*,*,#5777,.F.);
#5777 = EDGE_CURVE('',#4094,#5755,#5778,.T.);
#5778 = SURFACE_CURVE('',#5779,(#5783,#5789),.PCURVE_S1.);
#5779 = LINE('',#5780,#5781);
#5780 = CARTESIAN_POINT('',(5.1,-5.672498079584,11.69995895549));
#5781 = VECTOR('',#5782,1.);
#5782 = DIRECTION('',(0.,-0.45399049974,0.891006524188));
#5783 = PCURVE('',#4145,#5784);
#5784 = DEFINITIONAL_REPRESENTATION('',(#5785),#5788);
#5785 = B_SPLINE_CURVE_WITH_KNOTS('',1,(#5786,#5787),.UNSPECIFIED.,.F.,
  .F.,(2,2),(-5.6,-5.551115123126E-17),.PIECEWISE_BEZIER_KNOTS.);
#5786 = CARTESIAN_POINT('',(0.2972631226,-5.6));
#5787 = CARTESIAN_POINT('',(0.2972631226,0.));
#5788 = ( GEOMETRIC_REPRESENTATION_CONTEXT(2) 
PARAMETRIC_REPRESENTATION_CONTEXT() REPRESENTATION_CONTEXT('2D SPACE',''
  ) );
#5789 = PCURVE('',#4113,#5790);
#5790 = DEFINITIONAL_REPRESENTATION('',(#5791),#5794);
#5791 = B_SPLINE_CURVE_WITH_KNOTS('',1,(#5792,#5793),.UNSPECIFIED.,.F.,
  .F.,(2,2),(-5.6,-5.551115123126E-17),.PIECEWISE_BEZIER_KNOTS.);
#5792 = CARTESIAN_POINT('',(3.0513684387,-5.6));
#5793 = CARTESIAN_POINT('',(3.0513684387,-4.996003610813E-16));
#5794 = ( GEOMETRIC_REPRESENTATION_CONTEXT(2) 
PARAMETRIC_REPRESENTATION_CONTEXT() REPRESENTATION_CONTEXT('2D SPACE',''
  ) );
#5795 = ORIENTED_EDGE('',*,*,#4125,.F.);
#5796 = ORIENTED_EDGE('',*,*,#5728,.F.);
#5797 = ADVANCED_FACE('',(#5798),#4113,.T.);
#5798 = FACE_BOUND('',#5799,.T.);
#5799 = EDGE_LOOP('',(#5800,#5823,#5844,#5845));
#5800 = ORIENTED_EDGE('',*,*,#5801,.F.);
#5801 = EDGE_CURVE('',#5802,#5755,#5804,.T.);
#5802 = VERTEX_POINT('',#5803);
#5803 = CARTESIAN_POINT('',(3.57431578065,-3.317957576468,
    12.899657263693));
#5804 = SURFACE_CURVE('',#5805,(#5809,#5816),.PCURVE_S1.);
#5805 = LINE('',#5806,#5807);
#5806 = CARTESIAN_POINT('',(3.57431578065,-3.317957576468,
    12.899657263693));
#5807 = VECTOR('',#5808,1.);
#5808 = DIRECTION('',(0.5,-0.771634284885,-0.393167305851));
#5809 = PCURVE('',#4113,#5810);
#5810 = DEFINITIONAL_REPRESENTATION('',(#5811),#5815);
#5811 = LINE('',#5812,#5813);
#5812 = CARTESIAN_POINT('',(0.,0.));
#5813 = VECTOR('',#5814,1.);
#5814 = DIRECTION('',(1.,0.));
#5815 = ( GEOMETRIC_REPRESENTATION_CONTEXT(2) 
PARAMETRIC_REPRESENTATION_CONTEXT() REPRESENTATION_CONTEXT('2D SPACE',''
  ) );
#5816 = PCURVE('',#5453,#5817);
#5817 = DEFINITIONAL_REPRESENTATION('',(#5818),#5822);
#5818 = LINE('',#5819,#5820);
#5819 = CARTESIAN_POINT('',(1.67431578065,-2.9));
#5820 = VECTOR('',#5821,1.);
#5821 = DIRECTION('',(0.5,0.866025403784));
#5822 = ( GEOMETRIC_REPRESENTATION_CONTEXT(2) 
PARAMETRIC_REPRESENTATION_CONTEXT() REPRESENTATION_CONTEXT('2D SPACE',''
  ) );
#5823 = ORIENTED_EDGE('',*,*,#5824,.T.);
#5824 = EDGE_CURVE('',#5802,#4068,#5825,.T.);
#5825 = SURFACE_CURVE('',#5826,(#5830,#5837),.PCURVE_S1.);
#5826 = LINE('',#5827,#5828);
#5827 = CARTESIAN_POINT('',(3.57431578065,-3.317957576468,
    12.899657263693));
#5828 = VECTOR('',#5829,1.);
#5829 = DIRECTION('',(0.,0.45399049974,-0.891006524188));
#5830 = PCURVE('',#4113,#5831);
#5831 = DEFINITIONAL_REPRESENTATION('',(#5832),#5836);
#5832 = LINE('',#5833,#5834);
#5833 = CARTESIAN_POINT('',(0.,0.));
#5834 = VECTOR('',#5835,1.);
#5835 = DIRECTION('',(0.,-1.));
#5836 = ( GEOMETRIC_REPRESENTATION_CONTEXT(2) 
PARAMETRIC_REPRESENTATION_CONTEXT() REPRESENTATION_CONTEXT('2D SPACE',''
  ) );
#5837 = PCURVE('',#4082,#5838);
#5838 = DEFINITIONAL_REPRESENTATION('',(#5839),#5843);
#5839 = LINE('',#5840,#5841);
#5840 = CARTESIAN_POINT('',(3.3486315613,9.779086862659E-16));
#5841 = VECTOR('',#5842,1.);
#5842 = DIRECTION('',(2.465190328816E-32,-1.));
#5843 = ( GEOMETRIC_REPRESENTATION_CONTEXT(2) 
PARAMETRIC_REPRESENTATION_CONTEXT() REPRESENTATION_CONTEXT('2D SPACE',''
  ) );
#5844 = ORIENTED_EDGE('',*,*,#4093,.F.);
#5845 = ORIENTED_EDGE('',*,*,#5777,.T.);
#5846 = ADVANCED_FACE('',(#5847),#4082,.T.);
#5847 = FACE_BOUND('',#5848,.T.);
#5848 = EDGE_LOOP('',(#5849,#5872,#5893,#5894));
#5849 = ORIENTED_EDGE('',*,*,#5850,.F.);
#5850 = EDGE_CURVE('',#5851,#5802,#5853,.T.);
#5851 = VERTEX_POINT('',#5852);
#5852 = CARTESIAN_POINT('',(0.22568421935,-3.317957576468,
    12.899657263693));
#5853 = SURFACE_CURVE('',#5854,(#5858,#5865),.PCURVE_S1.);
#5854 = LINE('',#5855,#5856);
#5855 = CARTESIAN_POINT('',(0.22568421935,-3.317957576468,
    12.899657263693));
#5856 = VECTOR('',#5857,1.);
#5857 = DIRECTION('',(1.,4.726544274037E-16,2.408294595784E-16));
#5858 = PCURVE('',#4082,#5859);
#5859 = DEFINITIONAL_REPRESENTATION('',(#5860),#5864);
#5860 = LINE('',#5861,#5862);
#5861 = CARTESIAN_POINT('',(0.,0.));
#5862 = VECTOR('',#5863,1.);
#5863 = DIRECTION('',(1.,-2.465190328816E-32));
#5864 = ( GEOMETRIC_REPRESENTATION_CONTEXT(2) 
PARAMETRIC_REPRESENTATION_CONTEXT() REPRESENTATION_CONTEXT('2D SPACE',''
  ) );
#5865 = PCURVE('',#5453,#5866);
#5866 = DEFINITIONAL_REPRESENTATION('',(#5867),#5871);
#5867 = LINE('',#5868,#5869);
#5868 = CARTESIAN_POINT('',(-1.67431578065,-2.9));
#5869 = VECTOR('',#5870,1.);
#5870 = DIRECTION('',(1.,-5.304724652093E-16));
#5871 = ( GEOMETRIC_REPRESENTATION_CONTEXT(2) 
PARAMETRIC_REPRESENTATION_CONTEXT() REPRESENTATION_CONTEXT('2D SPACE',''
  ) );
#5872 = ORIENTED_EDGE('',*,*,#5873,.T.);
#5873 = EDGE_CURVE('',#5851,#4036,#5874,.T.);
#5874 = SURFACE_CURVE('',#5875,(#5879,#5886),.PCURVE_S1.);
#5875 = LINE('',#5876,#5877);
#5876 = CARTESIAN_POINT('',(0.22568421935,-3.317957576468,
    12.899657263693));
#5877 = VECTOR('',#5878,1.);
#5878 = DIRECTION('',(0.,0.45399049974,-0.891006524188));
#5879 = PCURVE('',#4082,#5880);
#5880 = DEFINITIONAL_REPRESENTATION('',(#5881),#5885);
#5881 = LINE('',#5882,#5883);
#5882 = CARTESIAN_POINT('',(0.,0.));
#5883 = VECTOR('',#5884,1.);
#5884 = DIRECTION('',(2.465190328816E-32,-1.));
#5885 = ( GEOMETRIC_REPRESENTATION_CONTEXT(2) 
PARAMETRIC_REPRESENTATION_CONTEXT() REPRESENTATION_CONTEXT('2D SPACE',''
  ) );
#5886 = PCURVE('',#4055,#5887);
#5887 = DEFINITIONAL_REPRESENTATION('',(#5888),#5892);
#5888 = LINE('',#5889,#5890);
#5889 = CARTESIAN_POINT('',(3.3486315613,-2.22044604925E-16));
#5890 = VECTOR('',#5891,1.);
#5891 = DIRECTION('',(0.,-1.));
#5892 = ( GEOMETRIC_REPRESENTATION_CONTEXT(2) 
PARAMETRIC_REPRESENTATION_CONTEXT() REPRESENTATION_CONTEXT('2D SPACE',''
  ) );
#5893 = ORIENTED_EDGE('',*,*,#4067,.T.);
#5894 = ORIENTED_EDGE('',*,*,#5824,.F.);
#5895 = ADVANCED_FACE('',(#5896),#4055,.T.);
#5896 = FACE_BOUND('',#5897,.T.);
#5897 = EDGE_LOOP('',(#5898,#5921,#5942,#5943));
#5898 = ORIENTED_EDGE('',*,*,#5899,.F.);
#5899 = EDGE_CURVE('',#5900,#5851,#5902,.T.);
#5900 = VERTEX_POINT('',#5901);
#5901 = CARTESIAN_POINT('',(-1.4486315613,-5.901876496614,
    11.583084814449));
#5902 = SURFACE_CURVE('',#5903,(#5907,#5914),.PCURVE_S1.);
#5903 = LINE('',#5904,#5905);
#5904 = CARTESIAN_POINT('',(-1.4486315613,-5.901876496614,
    11.583084814449));
#5905 = VECTOR('',#5906,1.);
#5906 = DIRECTION('',(0.5,0.771634284885,0.393167305851));
#5907 = PCURVE('',#4055,#5908);
#5908 = DEFINITIONAL_REPRESENTATION('',(#5909),#5913);
#5909 = LINE('',#5910,#5911);
#5910 = CARTESIAN_POINT('',(0.,0.));
#5911 = VECTOR('',#5912,1.);
#5912 = DIRECTION('',(1.,0.));
#5913 = ( GEOMETRIC_REPRESENTATION_CONTEXT(2) 
PARAMETRIC_REPRESENTATION_CONTEXT() REPRESENTATION_CONTEXT('2D SPACE',''
  ) );
#5914 = PCURVE('',#5453,#5915);
#5915 = DEFINITIONAL_REPRESENTATION('',(#5916),#5920);
#5916 = LINE('',#5917,#5918);
#5917 = CARTESIAN_POINT('',(-3.3486315613,-0.));
#5918 = VECTOR('',#5919,1.);
#5919 = DIRECTION('',(0.5,-0.866025403784));
#5920 = ( GEOMETRIC_REPRESENTATION_CONTEXT(2) 
PARAMETRIC_REPRESENTATION_CONTEXT() REPRESENTATION_CONTEXT('2D SPACE',''
  ) );
#5921 = ORIENTED_EDGE('',*,*,#5922,.T.);
#5922 = EDGE_CURVE('',#5900,#4004,#5923,.T.);
#5923 = SURFACE_CURVE('',#5924,(#5928,#5935),.PCURVE_S1.);
#5924 = LINE('',#5925,#5926);
#5925 = CARTESIAN_POINT('',(-1.4486315613,-5.901876496614,
    11.583084814449));
#5926 = VECTOR('',#5927,1.);
#5927 = DIRECTION('',(0.,0.45399049974,-0.891006524188));
#5928 = PCURVE('',#4055,#5929);
#5929 = DEFINITIONAL_REPRESENTATION('',(#5930),#5934);
#5930 = LINE('',#5931,#5932);
#5931 = CARTESIAN_POINT('',(0.,0.));
#5932 = VECTOR('',#5933,1.);
#5933 = DIRECTION('',(0.,-1.));
#5934 = ( GEOMETRIC_REPRESENTATION_CONTEXT(2) 
PARAMETRIC_REPRESENTATION_CONTEXT() REPRESENTATION_CONTEXT('2D SPACE',''
  ) );
#5935 = PCURVE('',#4023,#5936);
#5936 = DEFINITIONAL_REPRESENTATION('',(#5937),#5941);
#5937 = LINE('',#5938,#5939);
#5938 = CARTESIAN_POINT('',(3.3486315613,-8.881784197001E-16));
#5939 = VECTOR('',#5940,1.);
#5940 = DIRECTION('',(0.,-1.));
#5941 = ( GEOMETRIC_REPRESENTATION_CONTEXT(2) 
PARAMETRIC_REPRESENTATION_CONTEXT() REPRESENTATION_CONTEXT('2D SPACE',''
  ) );
#5942 = ORIENTED_EDGE('',*,*,#4035,.F.);
#5943 = ORIENTED_EDGE('',*,*,#5873,.F.);
#5944 = ADVANCED_FACE('',(#5945),#4023,.T.);
#5945 = FACE_BOUND('',#5946,.T.);
#5946 = EDGE_LOOP('',(#5947,#5970,#5991,#5992));
#5947 = ORIENTED_EDGE('',*,*,#5948,.F.);
#5948 = EDGE_CURVE('',#5949,#5900,#5951,.T.);
#5949 = VERTEX_POINT('',#5950);
#5950 = CARTESIAN_POINT('',(0.22568421935,-8.48579541676,10.266512365204
    ));
#5951 = SURFACE_CURVE('',#5952,(#5956,#5963),.PCURVE_S1.);
#5952 = LINE('',#5953,#5954);
#5953 = CARTESIAN_POINT('',(0.22568421935,-8.48579541676,10.266512365204
    ));
#5954 = VECTOR('',#5955,1.);
#5955 = DIRECTION('',(-0.5,0.771634284885,0.393167305851));
#5956 = PCURVE('',#4023,#5957);
#5957 = DEFINITIONAL_REPRESENTATION('',(#5958),#5962);
#5958 = LINE('',#5959,#5960);
#5959 = CARTESIAN_POINT('',(0.,0.));
#5960 = VECTOR('',#5961,1.);
#5961 = DIRECTION('',(1.,0.));
#5962 = ( GEOMETRIC_REPRESENTATION_CONTEXT(2) 
PARAMETRIC_REPRESENTATION_CONTEXT() REPRESENTATION_CONTEXT('2D SPACE',''
  ) );
#5963 = PCURVE('',#5453,#5964);
#5964 = DEFINITIONAL_REPRESENTATION('',(#5965),#5969);
#5965 = LINE('',#5966,#5967);
#5966 = CARTESIAN_POINT('',(-1.67431578065,2.9));
#5967 = VECTOR('',#5968,1.);
#5968 = DIRECTION('',(-0.5,-0.866025403784));
#5969 = ( GEOMETRIC_REPRESENTATION_CONTEXT(2) 
PARAMETRIC_REPRESENTATION_CONTEXT() REPRESENTATION_CONTEXT('2D SPACE',''
  ) );
#5970 = ORIENTED_EDGE('',*,*,#5971,.T.);
#5971 = EDGE_CURVE('',#5949,#3978,#5972,.T.);
#5972 = SURFACE_CURVE('',#5973,(#5977,#5984),.PCURVE_S1.);
#5973 = LINE('',#5974,#5975);
#5974 = CARTESIAN_POINT('',(0.22568421935,-8.48579541676,10.266512365204
    ));
#5975 = VECTOR('',#5976,1.);
#5976 = DIRECTION('',(0.,0.45399049974,-0.891006524188));
#5977 = PCURVE('',#4023,#5978);
#5978 = DEFINITIONAL_REPRESENTATION('',(#5979),#5983);
#5979 = LINE('',#5980,#5981);
#5980 = CARTESIAN_POINT('',(0.,0.));
#5981 = VECTOR('',#5982,1.);
#5982 = DIRECTION('',(0.,-1.));
#5983 = ( GEOMETRIC_REPRESENTATION_CONTEXT(2) 
PARAMETRIC_REPRESENTATION_CONTEXT() REPRESENTATION_CONTEXT('2D SPACE',''
  ) );
#5984 = PCURVE('',#3992,#5985);
#5985 = DEFINITIONAL_REPRESENTATION('',(#5986),#5990);
#5986 = LINE('',#5987,#5988);
#5987 = CARTESIAN_POINT('',(3.3486315613,0.));
#5988 = VECTOR('',#5989,1.);
#5989 = DIRECTION('',(-6.162975822039E-33,-1.));
#5990 = ( GEOMETRIC_REPRESENTATION_CONTEXT(2) 
PARAMETRIC_REPRESENTATION_CONTEXT() REPRESENTATION_CONTEXT('2D SPACE',''
  ) );
#5991 = ORIENTED_EDGE('',*,*,#4003,.F.);
#5992 = ORIENTED_EDGE('',*,*,#5922,.F.);
#5993 = ADVANCED_FACE('',(#5994),#3992,.T.);
#5994 = FACE_BOUND('',#5995,.T.);
#5995 = EDGE_LOOP('',(#5996,#6017,#6018,#6019));
#5996 = ORIENTED_EDGE('',*,*,#5997,.F.);
#5997 = EDGE_CURVE('',#5438,#5949,#5998,.T.);
#5998 = SURFACE_CURVE('',#5999,(#6003,#6010),.PCURVE_S1.);
#5999 = LINE('',#6000,#6001);
#6000 = CARTESIAN_POINT('',(3.57431578065,-8.48579541676,10.266512365204
    ));
#6001 = VECTOR('',#6002,1.);
#6002 = DIRECTION('',(-1.,-1.181636068509E-16,-6.020736489461E-17));
#6003 = PCURVE('',#3992,#6004);
#6004 = DEFINITIONAL_REPRESENTATION('',(#6005),#6009);
#6005 = LINE('',#6006,#6007);
#6006 = CARTESIAN_POINT('',(-0.,0.));
#6007 = VECTOR('',#6008,1.);
#6008 = DIRECTION('',(1.,6.162975822039E-33));
#6009 = ( GEOMETRIC_REPRESENTATION_CONTEXT(2) 
PARAMETRIC_REPRESENTATION_CONTEXT() REPRESENTATION_CONTEXT('2D SPACE',''
  ) );
#6010 = PCURVE('',#5453,#6011);
#6011 = DEFINITIONAL_REPRESENTATION('',(#6012),#6016);
#6012 = LINE('',#6013,#6014);
#6013 = CARTESIAN_POINT('',(1.67431578065,2.9));
#6014 = VECTOR('',#6015,1.);
#6015 = DIRECTION('',(-1.,1.326181163023E-16));
#6016 = ( GEOMETRIC_REPRESENTATION_CONTEXT(2) 
PARAMETRIC_REPRESENTATION_CONTEXT() REPRESENTATION_CONTEXT('2D SPACE',''
  ) );
#6017 = ORIENTED_EDGE('',*,*,#5485,.T.);
#6018 = ORIENTED_EDGE('',*,*,#3977,.F.);
#6019 = ORIENTED_EDGE('',*,*,#5971,.F.);
#6020 = ADVANCED_FACE('',(#6021),#4399,.T.);
#6021 = FACE_BOUND('',#6022,.T.);
#6022 = EDGE_LOOP('',(#6023,#6053,#6074,#6075));
#6023 = ORIENTED_EDGE('',*,*,#6024,.F.);
#6024 = EDGE_CURVE('',#6025,#6027,#6029,.T.);
#6025 = VERTEX_POINT('',#6026);
#6026 = CARTESIAN_POINT('',(-3.2,-13.59397918146,8.721384193697));
#6027 = VERTEX_POINT('',#6028);
#6028 = CARTESIAN_POINT('',(-3.2,-11.48665069892,5.071384193697));
#6029 = SURFACE_CURVE('',#6030,(#6034,#6041),.PCURVE_S1.);
#6030 = LINE('',#6031,#6032);
#6031 = CARTESIAN_POINT('',(-3.2,-13.59397918146,8.721384193697));
#6032 = VECTOR('',#6033,1.);
#6033 = DIRECTION('',(0.,0.5,-0.866025403784));
#6034 = PCURVE('',#4399,#6035);
#6035 = DEFINITIONAL_REPRESENTATION('',(#6036),#6040);
#6036 = LINE('',#6037,#6038);
#6037 = CARTESIAN_POINT('',(0.,0.));
#6038 = VECTOR('',#6039,1.);
#6039 = DIRECTION('',(1.,0.));
#6040 = ( GEOMETRIC_REPRESENTATION_CONTEXT(2) 
PARAMETRIC_REPRESENTATION_CONTEXT() REPRESENTATION_CONTEXT('2D SPACE',''
  ) );
#6041 = PCURVE('',#6042,#6047);
#6042 = PLANE('',#6043);
#6043 = AXIS2_PLACEMENT_3D('',#6044,#6045,#6046);
#6044 = CARTESIAN_POINT('',(-3.2,-15.70130766401,5.071384193697));
#6045 = DIRECTION('',(-1.,0.,0.));
#6046 = DIRECTION('',(0.,1.,0.));
#6047 = DEFINITIONAL_REPRESENTATION('',(#6048),#6052);
#6048 = LINE('',#6049,#6050);
#6049 = CARTESIAN_POINT('',(2.107328482542,-3.65));
#6050 = VECTOR('',#6051,1.);
#6051 = DIRECTION('',(0.5,0.866025403784));
#6052 = ( GEOMETRIC_REPRESENTATION_CONTEXT(2) 
PARAMETRIC_REPRESENTATION_CONTEXT() REPRESENTATION_CONTEXT('2D SPACE',''
  ) );
#6053 = ORIENTED_EDGE('',*,*,#6054,.T.);
#6054 = EDGE_CURVE('',#6025,#4383,#6055,.T.);
#6055 = SURFACE_CURVE('',#6056,(#6060,#6067),.PCURVE_S1.);
#6056 = LINE('',#6057,#6058);
#6057 = CARTESIAN_POINT('',(-3.2,-13.59397918146,8.721384193697));
#6058 = VECTOR('',#6059,1.);
#6059 = DIRECTION('',(-1.,0.,0.));
#6060 = PCURVE('',#4399,#6061);
#6061 = DEFINITIONAL_REPRESENTATION('',(#6062),#6066);
#6062 = LINE('',#6063,#6064);
#6063 = CARTESIAN_POINT('',(0.,0.));
#6064 = VECTOR('',#6065,1.);
#6065 = DIRECTION('',(0.,-1.));
#6066 = ( GEOMETRIC_REPRESENTATION_CONTEXT(2) 
PARAMETRIC_REPRESENTATION_CONTEXT() REPRESENTATION_CONTEXT('2D SPACE',''
  ) );
#6067 = PCURVE('',#4527,#6068);
#6068 = DEFINITIONAL_REPRESENTATION('',(#6069),#6073);
#6069 = LINE('',#6070,#6071);
#6070 = CARTESIAN_POINT('',(4.214656965084,0.));
#6071 = VECTOR('',#6072,1.);
#6072 = DIRECTION('',(0.,-1.));
#6073 = ( GEOMETRIC_REPRESENTATION_CONTEXT(2) 
PARAMETRIC_REPRESENTATION_CONTEXT() REPRESENTATION_CONTEXT('2D SPACE',''
  ) );
#6074 = ORIENTED_EDGE('',*,*,#4382,.T.);
#6075 = ORIENTED_EDGE('',*,*,#6076,.F.);
#6076 = EDGE_CURVE('',#6027,#4385,#6077,.T.);
#6077 = SURFACE_CURVE('',#6078,(#6082,#6089),.PCURVE_S1.);
#6078 = LINE('',#6079,#6080);
#6079 = CARTESIAN_POINT('',(-3.2,-11.48665069892,5.071384193697));
#6080 = VECTOR('',#6081,1.);
#6081 = DIRECTION('',(-1.,0.,0.));
#6082 = PCURVE('',#4399,#6083);
#6083 = DEFINITIONAL_REPRESENTATION('',(#6084),#6088);
#6084 = LINE('',#6085,#6086);
#6085 = CARTESIAN_POINT('',(4.214656965084,0.));
#6086 = VECTOR('',#6087,1.);
#6087 = DIRECTION('',(0.,-1.));
#6088 = ( GEOMETRIC_REPRESENTATION_CONTEXT(2) 
PARAMETRIC_REPRESENTATION_CONTEXT() REPRESENTATION_CONTEXT('2D SPACE',''
  ) );
#6089 = PCURVE('',#4425,#6090);
#6090 = DEFINITIONAL_REPRESENTATION('',(#6091),#6095);
#6091 = LINE('',#6092,#6093);
#6092 = CARTESIAN_POINT('',(0.,0.));
#6093 = VECTOR('',#6094,1.);
#6094 = DIRECTION('',(-0.,-1.));
#6095 = ( GEOMETRIC_REPRESENTATION_CONTEXT(2) 
PARAMETRIC_REPRESENTATION_CONTEXT() REPRESENTATION_CONTEXT('2D SPACE',''
  ) );
#6096 = ADVANCED_FACE('',(#6097),#4527,.T.);
#6097 = FACE_BOUND('',#6098,.T.);
#6098 = EDGE_LOOP('',(#6099,#6122,#6143,#6144));
#6099 = ORIENTED_EDGE('',*,*,#6100,.F.);
#6100 = EDGE_CURVE('',#6101,#6025,#6103,.T.);
#6101 = VERTEX_POINT('',#6102);
#6102 = CARTESIAN_POINT('',(-3.2,-17.80863614655,8.721384193697));
#6103 = SURFACE_CURVE('',#6104,(#6108,#6115),.PCURVE_S1.);
#6104 = LINE('',#6105,#6106);
#6105 = CARTESIAN_POINT('',(-3.2,-17.80863614655,8.721384193697));
#6106 = VECTOR('',#6107,1.);
#6107 = DIRECTION('',(0.,1.,6.322069105919E-16));
#6108 = PCURVE('',#4527,#6109);
#6109 = DEFINITIONAL_REPRESENTATION('',(#6110),#6114);
#6110 = LINE('',#6111,#6112);
#6111 = CARTESIAN_POINT('',(0.,0.));
#6112 = VECTOR('',#6113,1.);
#6113 = DIRECTION('',(1.,0.));
#6114 = ( GEOMETRIC_REPRESENTATION_CONTEXT(2) 
PARAMETRIC_REPRESENTATION_CONTEXT() REPRESENTATION_CONTEXT('2D SPACE',''
  ) );
#6115 = PCURVE('',#6042,#6116);
#6116 = DEFINITIONAL_REPRESENTATION('',(#6117),#6121);
#6117 = LINE('',#6118,#6119);
#6118 = CARTESIAN_POINT('',(-2.107328482542,-3.65));
#6119 = VECTOR('',#6120,1.);
#6120 = DIRECTION('',(1.,-6.322069105919E-16));
#6121 = ( GEOMETRIC_REPRESENTATION_CONTEXT(2) 
PARAMETRIC_REPRESENTATION_CONTEXT() REPRESENTATION_CONTEXT('2D SPACE',''
  ) );
#6122 = ORIENTED_EDGE('',*,*,#6123,.T.);
#6123 = EDGE_CURVE('',#6101,#4489,#6124,.T.);
#6124 = SURFACE_CURVE('',#6125,(#6129,#6136),.PCURVE_S1.);
#6125 = LINE('',#6126,#6127);
#6126 = CARTESIAN_POINT('',(-3.2,-17.80863614655,8.721384193697));
#6127 = VECTOR('',#6128,1.);
#6128 = DIRECTION('',(-1.,0.,0.));
#6129 = PCURVE('',#4527,#6130);
#6130 = DEFINITIONAL_REPRESENTATION('',(#6131),#6135);
#6131 = LINE('',#6132,#6133);
#6132 = CARTESIAN_POINT('',(0.,0.));
#6133 = VECTOR('',#6134,1.);
#6134 = DIRECTION('',(0.,-1.));
#6135 = ( GEOMETRIC_REPRESENTATION_CONTEXT(2) 
PARAMETRIC_REPRESENTATION_CONTEXT() REPRESENTATION_CONTEXT('2D SPACE',''
  ) );
#6136 = PCURVE('',#4503,#6137);
#6137 = DEFINITIONAL_REPRESENTATION('',(#6138),#6142);
#6138 = LINE('',#6139,#6140);
#6139 = CARTESIAN_POINT('',(4.214656965084,0.));
#6140 = VECTOR('',#6141,1.);
#6141 = DIRECTION('',(0.,-1.));
#6142 = ( GEOMETRIC_REPRESENTATION_CONTEXT(2) 
PARAMETRIC_REPRESENTATION_CONTEXT() REPRESENTATION_CONTEXT('2D SPACE',''
  ) );
#6143 = ORIENTED_EDGE('',*,*,#4514,.T.);
#6144 = ORIENTED_EDGE('',*,*,#6054,.F.);
#6145 = ADVANCED_FACE('',(#6146),#4503,.T.);
#6146 = FACE_BOUND('',#6147,.T.);
#6147 = EDGE_LOOP('',(#6148,#6171,#6192,#6193));
#6148 = ORIENTED_EDGE('',*,*,#6149,.F.);
#6149 = EDGE_CURVE('',#6150,#6101,#6152,.T.);
#6150 = VERTEX_POINT('',#6151);
#6151 = CARTESIAN_POINT('',(-3.2,-19.91596462909,5.071384193697));
#6152 = SURFACE_CURVE('',#6153,(#6157,#6164),.PCURVE_S1.);
#6153 = LINE('',#6154,#6155);
#6154 = CARTESIAN_POINT('',(-3.2,-19.91596462909,5.071384193697));
#6155 = VECTOR('',#6156,1.);
#6156 = DIRECTION('',(0.,0.5,0.866025403784));
#6157 = PCURVE('',#4503,#6158);
#6158 = DEFINITIONAL_REPRESENTATION('',(#6159),#6163);
#6159 = LINE('',#6160,#6161);
#6160 = CARTESIAN_POINT('',(0.,0.));
#6161 = VECTOR('',#6162,1.);
#6162 = DIRECTION('',(1.,0.));
#6163 = ( GEOMETRIC_REPRESENTATION_CONTEXT(2) 
PARAMETRIC_REPRESENTATION_CONTEXT() REPRESENTATION_CONTEXT('2D SPACE',''
  ) );
#6164 = PCURVE('',#6042,#6165);
#6165 = DEFINITIONAL_REPRESENTATION('',(#6166),#6170);
#6166 = LINE('',#6167,#6168);
#6167 = CARTESIAN_POINT('',(-4.214656965084,8.881784197001E-16));
#6168 = VECTOR('',#6169,1.);
#6169 = DIRECTION('',(0.5,-0.866025403784));
#6170 = ( GEOMETRIC_REPRESENTATION_CONTEXT(2) 
PARAMETRIC_REPRESENTATION_CONTEXT() REPRESENTATION_CONTEXT('2D SPACE',''
  ) );
#6171 = ORIENTED_EDGE('',*,*,#6172,.T.);
#6172 = EDGE_CURVE('',#6150,#4463,#6173,.T.);
#6173 = SURFACE_CURVE('',#6174,(#6178,#6185),.PCURVE_S1.);
#6174 = LINE('',#6175,#6176);
#6175 = CARTESIAN_POINT('',(-3.2,-19.91596462909,5.071384193697));
#6176 = VECTOR('',#6177,1.);
#6177 = DIRECTION('',(-1.,0.,0.));
#6178 = PCURVE('',#4503,#6179);
#6179 = DEFINITIONAL_REPRESENTATION('',(#6180),#6184);
#6180 = LINE('',#6181,#6182);
#6181 = CARTESIAN_POINT('',(0.,0.));
#6182 = VECTOR('',#6183,1.);
#6183 = DIRECTION('',(0.,-1.));
#6184 = ( GEOMETRIC_REPRESENTATION_CONTEXT(2) 
PARAMETRIC_REPRESENTATION_CONTEXT() REPRESENTATION_CONTEXT('2D SPACE',''
  ) );
#6185 = PCURVE('',#4477,#6186);
#6186 = DEFINITIONAL_REPRESENTATION('',(#6187),#6191);
#6187 = LINE('',#6188,#6189);
#6188 = CARTESIAN_POINT('',(4.214656965084,0.));
#6189 = VECTOR('',#6190,1.);
#6190 = DIRECTION('',(0.,-1.));
#6191 = ( GEOMETRIC_REPRESENTATION_CONTEXT(2) 
PARAMETRIC_REPRESENTATION_CONTEXT() REPRESENTATION_CONTEXT('2D SPACE',''
  ) );
#6192 = ORIENTED_EDGE('',*,*,#4488,.T.);
#6193 = ORIENTED_EDGE('',*,*,#6123,.F.);
#6194 = ADVANCED_FACE('',(#6195),#4477,.T.);
#6195 = FACE_BOUND('',#6196,.T.);
#6196 = EDGE_LOOP('',(#6197,#6220,#6241,#6242));
#6197 = ORIENTED_EDGE('',*,*,#6198,.F.);
#6198 = EDGE_CURVE('',#6199,#6150,#6201,.T.);
#6199 = VERTEX_POINT('',#6200);
#6200 = CARTESIAN_POINT('',(-3.2,-17.80863614655,1.421384193697));
#6201 = SURFACE_CURVE('',#6202,(#6206,#6213),.PCURVE_S1.);
#6202 = LINE('',#6203,#6204);
#6203 = CARTESIAN_POINT('',(-3.2,-17.80863614655,1.421384193697));
#6204 = VECTOR('',#6205,1.);
#6205 = DIRECTION('',(-0.,-0.5,0.866025403784));
#6206 = PCURVE('',#4477,#6207);
#6207 = DEFINITIONAL_REPRESENTATION('',(#6208),#6212);
#6208 = LINE('',#6209,#6210);
#6209 = CARTESIAN_POINT('',(0.,0.));
#6210 = VECTOR('',#6211,1.);
#6211 = DIRECTION('',(1.,0.));
#6212 = ( GEOMETRIC_REPRESENTATION_CONTEXT(2) 
PARAMETRIC_REPRESENTATION_CONTEXT() REPRESENTATION_CONTEXT('2D SPACE',''
  ) );
#6213 = PCURVE('',#6042,#6214);
#6214 = DEFINITIONAL_REPRESENTATION('',(#6215),#6219);
#6215 = LINE('',#6216,#6217);
#6216 = CARTESIAN_POINT('',(-2.107328482542,3.65));
#6217 = VECTOR('',#6218,1.);
#6218 = DIRECTION('',(-0.5,-0.866025403784));
#6219 = ( GEOMETRIC_REPRESENTATION_CONTEXT(2) 
PARAMETRIC_REPRESENTATION_CONTEXT() REPRESENTATION_CONTEXT('2D SPACE',''
  ) );
#6220 = ORIENTED_EDGE('',*,*,#6221,.T.);
#6221 = EDGE_CURVE('',#6199,#4437,#6222,.T.);
#6222 = SURFACE_CURVE('',#6223,(#6227,#6234),.PCURVE_S1.);
#6223 = LINE('',#6224,#6225);
#6224 = CARTESIAN_POINT('',(-3.2,-17.80863614655,1.421384193697));
#6225 = VECTOR('',#6226,1.);
#6226 = DIRECTION('',(-1.,0.,0.));
#6227 = PCURVE('',#4477,#6228);
#6228 = DEFINITIONAL_REPRESENTATION('',(#6229),#6233);
#6229 = LINE('',#6230,#6231);
#6230 = CARTESIAN_POINT('',(0.,0.));
#6231 = VECTOR('',#6232,1.);
#6232 = DIRECTION('',(0.,-1.));
#6233 = ( GEOMETRIC_REPRESENTATION_CONTEXT(2) 
PARAMETRIC_REPRESENTATION_CONTEXT() REPRESENTATION_CONTEXT('2D SPACE',''
  ) );
#6234 = PCURVE('',#4451,#6235);
#6235 = DEFINITIONAL_REPRESENTATION('',(#6236),#6240);
#6236 = LINE('',#6237,#6238);
#6237 = CARTESIAN_POINT('',(4.214656965084,0.));
#6238 = VECTOR('',#6239,1.);
#6239 = DIRECTION('',(-0.,-1.));
#6240 = ( GEOMETRIC_REPRESENTATION_CONTEXT(2) 
PARAMETRIC_REPRESENTATION_CONTEXT() REPRESENTATION_CONTEXT('2D SPACE',''
  ) );
#6241 = ORIENTED_EDGE('',*,*,#4462,.T.);
#6242 = ORIENTED_EDGE('',*,*,#6172,.F.);
#6243 = ADVANCED_FACE('',(#6244),#4451,.T.);
#6244 = FACE_BOUND('',#6245,.T.);
#6245 = EDGE_LOOP('',(#6246,#6269,#6290,#6291));
#6246 = ORIENTED_EDGE('',*,*,#6247,.F.);
#6247 = EDGE_CURVE('',#6248,#6199,#6250,.T.);
#6248 = VERTEX_POINT('',#6249);
#6249 = CARTESIAN_POINT('',(-3.2,-13.59397918146,1.421384193697));
#6250 = SURFACE_CURVE('',#6251,(#6255,#6262),.PCURVE_S1.);
#6251 = LINE('',#6252,#6253);
#6252 = CARTESIAN_POINT('',(-3.2,-13.59397918146,1.421384193697));
#6253 = VECTOR('',#6254,1.);
#6254 = DIRECTION('',(0.,-1.,-1.05367818432E-16));
#6255 = PCURVE('',#4451,#6256);
#6256 = DEFINITIONAL_REPRESENTATION('',(#6257),#6261);
#6257 = LINE('',#6258,#6259);
#6258 = CARTESIAN_POINT('',(0.,0.));
#6259 = VECTOR('',#6260,1.);
#6260 = DIRECTION('',(1.,0.));
#6261 = ( GEOMETRIC_REPRESENTATION_CONTEXT(2) 
PARAMETRIC_REPRESENTATION_CONTEXT() REPRESENTATION_CONTEXT('2D SPACE',''
  ) );
#6262 = PCURVE('',#6042,#6263);
#6263 = DEFINITIONAL_REPRESENTATION('',(#6264),#6268);
#6264 = LINE('',#6265,#6266);
#6265 = CARTESIAN_POINT('',(2.107328482542,3.65));
#6266 = VECTOR('',#6267,1.);
#6267 = DIRECTION('',(-1.,1.05367818432E-16));
#6268 = ( GEOMETRIC_REPRESENTATION_CONTEXT(2) 
PARAMETRIC_REPRESENTATION_CONTEXT() REPRESENTATION_CONTEXT('2D SPACE',''
  ) );
#6269 = ORIENTED_EDGE('',*,*,#6270,.T.);
#6270 = EDGE_CURVE('',#6248,#4411,#6271,.T.);
#6271 = SURFACE_CURVE('',#6272,(#6276,#6283),.PCURVE_S1.);
#6272 = LINE('',#6273,#6274);
#6273 = CARTESIAN_POINT('',(-3.2,-13.59397918146,1.421384193697));
#6274 = VECTOR('',#6275,1.);
#6275 = DIRECTION('',(-1.,0.,0.));
#6276 = PCURVE('',#4451,#6277);
#6277 = DEFINITIONAL_REPRESENTATION('',(#6278),#6282);
#6278 = LINE('',#6279,#6280);
#6279 = CARTESIAN_POINT('',(0.,0.));
#6280 = VECTOR('',#6281,1.);
#6281 = DIRECTION('',(-0.,-1.));
#6282 = ( GEOMETRIC_REPRESENTATION_CONTEXT(2) 
PARAMETRIC_REPRESENTATION_CONTEXT() REPRESENTATION_CONTEXT('2D SPACE',''
  ) );
#6283 = PCURVE('',#4425,#6284);
#6284 = DEFINITIONAL_REPRESENTATION('',(#6285),#6289);
#6285 = LINE('',#6286,#6287);
#6286 = CARTESIAN_POINT('',(4.214656965084,0.));
#6287 = VECTOR('',#6288,1.);
#6288 = DIRECTION('',(-0.,-1.));
#6289 = ( GEOMETRIC_REPRESENTATION_CONTEXT(2) 
PARAMETRIC_REPRESENTATION_CONTEXT() REPRESENTATION_CONTEXT('2D SPACE',''
  ) );
#6290 = ORIENTED_EDGE('',*,*,#4436,.T.);
#6291 = ORIENTED_EDGE('',*,*,#6221,.F.);
#6292 = ADVANCED_FACE('',(#6293),#4425,.T.);
#6293 = FACE_BOUND('',#6294,.T.);
#6294 = EDGE_LOOP('',(#6295,#6316,#6317,#6318));
#6295 = ORIENTED_EDGE('',*,*,#6296,.F.);
#6296 = EDGE_CURVE('',#6027,#6248,#6297,.T.);
#6297 = SURFACE_CURVE('',#6298,(#6302,#6309),.PCURVE_S1.);
#6298 = LINE('',#6299,#6300);
#6299 = CARTESIAN_POINT('',(-3.2,-11.48665069892,5.071384193697));
#6300 = VECTOR('',#6301,1.);
#6301 = DIRECTION('',(0.,-0.5,-0.866025403784));
#6302 = PCURVE('',#4425,#6303);
#6303 = DEFINITIONAL_REPRESENTATION('',(#6304),#6308);
#6304 = LINE('',#6305,#6306);
#6305 = CARTESIAN_POINT('',(0.,0.));
#6306 = VECTOR('',#6307,1.);
#6307 = DIRECTION('',(1.,0.));
#6308 = ( GEOMETRIC_REPRESENTATION_CONTEXT(2) 
PARAMETRIC_REPRESENTATION_CONTEXT() REPRESENTATION_CONTEXT('2D SPACE',''
  ) );
#6309 = PCURVE('',#6042,#6310);
#6310 = DEFINITIONAL_REPRESENTATION('',(#6311),#6315);
#6311 = LINE('',#6312,#6313);
#6312 = CARTESIAN_POINT('',(4.214656965084,0.));
#6313 = VECTOR('',#6314,1.);
#6314 = DIRECTION('',(-0.5,0.866025403784));
#6315 = ( GEOMETRIC_REPRESENTATION_CONTEXT(2) 
PARAMETRIC_REPRESENTATION_CONTEXT() REPRESENTATION_CONTEXT('2D SPACE',''
  ) );
#6316 = ORIENTED_EDGE('',*,*,#6076,.T.);
#6317 = ORIENTED_EDGE('',*,*,#4410,.T.);
#6318 = ORIENTED_EDGE('',*,*,#6270,.F.);
#6319 = ADVANCED_FACE('',(#6320),#5005,.F.);
#6320 = FACE_BOUND('',#6321,.F.);
#6321 = EDGE_LOOP('',(#6322,#6346,#6367,#6368));
#6322 = ORIENTED_EDGE('',*,*,#6323,.F.);
#6323 = EDGE_CURVE('',#6324,#6324,#6326,.T.);
#6324 = VERTEX_POINT('',#6325);
#6325 = CARTESIAN_POINT('',(1.9,-7.372037261525,10.834000489879));
#6326 = SURFACE_CURVE('',#6327,(#6332,#6339),.PCURVE_S1.);
#6327 = CIRCLE('',#6328,1.65);
#6328 = AXIS2_PLACEMENT_3D('',#6329,#6330,#6331);
#6329 = CARTESIAN_POINT('',(1.9,-5.901876496614,11.583084814449));
#6330 = DIRECTION('',(0.,0.45399049974,-0.891006524188));
#6331 = DIRECTION('',(0.,-0.891006524188,-0.45399049974));
#6332 = PCURVE('',#5005,#6333);
#6333 = DEFINITIONAL_REPRESENTATION('',(#6334),#6338);
#6334 = LINE('',#6335,#6336);
#6335 = CARTESIAN_POINT('',(0.,2.2));
#6336 = VECTOR('',#6337,1.);
#6337 = DIRECTION('',(1.,0.));
#6338 = ( GEOMETRIC_REPRESENTATION_CONTEXT(2) 
PARAMETRIC_REPRESENTATION_CONTEXT() REPRESENTATION_CONTEXT('2D SPACE',''
  ) );
#6339 = PCURVE('',#5453,#6340);
#6340 = DEFINITIONAL_REPRESENTATION('',(#6341),#6345);
#6341 = CIRCLE('',#6342,1.65);
#6342 = AXIS2_PLACEMENT_2D('',#6343,#6344);
#6343 = CARTESIAN_POINT('',(2.22044604925E-16,7.913727665961E-16));
#6344 = DIRECTION('',(0.,1.));
#6345 = ( GEOMETRIC_REPRESENTATION_CONTEXT(2) 
PARAMETRIC_REPRESENTATION_CONTEXT() REPRESENTATION_CONTEXT('2D SPACE',''
  ) );
#6346 = ORIENTED_EDGE('',*,*,#6347,.F.);
#6347 = EDGE_CURVE('',#4894,#6324,#6348,.T.);
#6348 = SEAM_CURVE('',#6349,(#6353,#6360),.PCURVE_S1.);
#6349 = LINE('',#6350,#6351);
#6350 = CARTESIAN_POINT('',(1.9,-8.370816360952,12.794214843093));
#6351 = VECTOR('',#6352,1.);
#6352 = DIRECTION('',(0.,0.45399049974,-0.891006524188));
#6353 = PCURVE('',#5005,#6354);
#6354 = DEFINITIONAL_REPRESENTATION('',(#6355),#6359);
#6355 = LINE('',#6356,#6357);
#6356 = CARTESIAN_POINT('',(6.28318530718,-0.));
#6357 = VECTOR('',#6358,1.);
#6358 = DIRECTION('',(0.,1.));
#6359 = ( GEOMETRIC_REPRESENTATION_CONTEXT(2) 
PARAMETRIC_REPRESENTATION_CONTEXT() REPRESENTATION_CONTEXT('2D SPACE',''
  ) );
#6360 = PCURVE('',#5005,#6361);
#6361 = DEFINITIONAL_REPRESENTATION('',(#6362),#6366);
#6362 = LINE('',#6363,#6364);
#6363 = CARTESIAN_POINT('',(0.,-0.));
#6364 = VECTOR('',#6365,1.);
#6365 = DIRECTION('',(0.,1.));
#6366 = ( GEOMETRIC_REPRESENTATION_CONTEXT(2) 
PARAMETRIC_REPRESENTATION_CONTEXT() REPRESENTATION_CONTEXT('2D SPACE',''
  ) );
#6367 = ORIENTED_EDGE('',*,*,#4893,.T.);
#6368 = ORIENTED_EDGE('',*,*,#6347,.T.);
#6369 = ADVANCED_FACE('',(#6370),#5179,.F.);
#6370 = FACE_BOUND('',#6371,.F.);
#6371 = EDGE_LOOP('',(#6372,#6396,#6417,#6418));
#6372 = ORIENTED_EDGE('',*,*,#6373,.F.);
#6373 = EDGE_CURVE('',#6374,#6374,#6376,.T.);
#6374 = VERTEX_POINT('',#6375);
#6375 = CARTESIAN_POINT('',(8.3,-7.372037261525,10.834000489879));
#6376 = SURFACE_CURVE('',#6377,(#6382,#6389),.PCURVE_S1.);
#6377 = CIRCLE('',#6378,1.65);
#6378 = AXIS2_PLACEMENT_3D('',#6379,#6380,#6381);
#6379 = CARTESIAN_POINT('',(8.3,-5.901876496614,11.583084814449));
#6380 = DIRECTION('',(0.,0.45399049974,-0.891006524188));
#6381 = DIRECTION('',(0.,-0.891006524188,-0.45399049974));
#6382 = PCURVE('',#5179,#6383);
#6383 = DEFINITIONAL_REPRESENTATION('',(#6384),#6388);
#6384 = LINE('',#6385,#6386);
#6385 = CARTESIAN_POINT('',(0.,2.2));
#6386 = VECTOR('',#6387,1.);
#6387 = DIRECTION('',(1.,0.));
#6388 = ( GEOMETRIC_REPRESENTATION_CONTEXT(2) 
PARAMETRIC_REPRESENTATION_CONTEXT() REPRESENTATION_CONTEXT('2D SPACE',''
  ) );
#6389 = PCURVE('',#5453,#6390);
#6390 = DEFINITIONAL_REPRESENTATION('',(#6391),#6395);
#6391 = CIRCLE('',#6392,1.65);
#6392 = AXIS2_PLACEMENT_2D('',#6393,#6394);
#6393 = CARTESIAN_POINT('',(6.4,7.913727665961E-16));
#6394 = DIRECTION('',(0.,1.));
#6395 = ( GEOMETRIC_REPRESENTATION_CONTEXT(2) 
PARAMETRIC_REPRESENTATION_CONTEXT() REPRESENTATION_CONTEXT('2D SPACE',''
  ) );
#6396 = ORIENTED_EDGE('',*,*,#6397,.F.);
#6397 = EDGE_CURVE('',#5068,#6374,#6398,.T.);
#6398 = SEAM_CURVE('',#6399,(#6403,#6410),.PCURVE_S1.);
#6399 = LINE('',#6400,#6401);
#6400 = CARTESIAN_POINT('',(8.3,-8.370816360952,12.794214843093));
#6401 = VECTOR('',#6402,1.);
#6402 = DIRECTION('',(0.,0.45399049974,-0.891006524188));
#6403 = PCURVE('',#5179,#6404);
#6404 = DEFINITIONAL_REPRESENTATION('',(#6405),#6409);
#6405 = LINE('',#6406,#6407);
#6406 = CARTESIAN_POINT('',(6.28318530718,-0.));
#6407 = VECTOR('',#6408,1.);
#6408 = DIRECTION('',(0.,1.));
#6409 = ( GEOMETRIC_REPRESENTATION_CONTEXT(2) 
PARAMETRIC_REPRESENTATION_CONTEXT() REPRESENTATION_CONTEXT('2D SPACE',''
  ) );
#6410 = PCURVE('',#5179,#6411);
#6411 = DEFINITIONAL_REPRESENTATION('',(#6412),#6416);
#6412 = LINE('',#6413,#6414);
#6413 = CARTESIAN_POINT('',(0.,-0.));
#6414 = VECTOR('',#6415,1.);
#6415 = DIRECTION('',(0.,1.));
#6416 = ( GEOMETRIC_REPRESENTATION_CONTEXT(2) 
PARAMETRIC_REPRESENTATION_CONTEXT() REPRESENTATION_CONTEXT('2D SPACE',''
  ) );
#6417 = ORIENTED_EDGE('',*,*,#5067,.T.);
#6418 = ORIENTED_EDGE('',*,*,#6397,.T.);
#6419 = ADVANCED_FACE('',(#6420,#6423),#5305,.T.);
#6420 = FACE_BOUND('',#6421,.T.);
#6421 = EDGE_LOOP('',(#6422));
#6422 = ORIENTED_EDGE('',*,*,#5290,.T.);
#6423 = FACE_BOUND('',#6424,.T.);
#6424 = EDGE_LOOP('',(#6425));
#6425 = ORIENTED_EDGE('',*,*,#6426,.T.);
#6426 = EDGE_CURVE('',#6427,#6427,#6429,.T.);
#6427 = VERTEX_POINT('',#6428);
#6428 = CARTESIAN_POINT('',(-1.6,-15.70130766401,2.921384193697));
#6429 = SURFACE_CURVE('',#6430,(#6435,#6446),.PCURVE_S1.);
#6430 = CIRCLE('',#6431,2.15);
#6431 = AXIS2_PLACEMENT_3D('',#6432,#6433,#6434);
#6432 = CARTESIAN_POINT('',(-1.6,-15.70130766401,5.071384193697));
#6433 = DIRECTION('',(-1.,0.,0.));
#6434 = DIRECTION('',(0.,0.,-1.));
#6435 = PCURVE('',#5305,#6436);
#6436 = DEFINITIONAL_REPRESENTATION('',(#6437),#6445);
#6437 = ( BOUNDED_CURVE() B_SPLINE_CURVE(2,(#6438,#6439,#6440,#6441,
#6442,#6443,#6444),.UNSPECIFIED.,.T.,.F.) B_SPLINE_CURVE_WITH_KNOTS((1,2
    ,2,2,2,1),(-2.094395102393,0.,2.094395102393,4.188790204786,
6.28318530718,8.377580409573),.UNSPECIFIED.) CURVE() 
GEOMETRIC_REPRESENTATION_ITEM() RATIONAL_B_SPLINE_CURVE((1.,0.5,1.,0.5,
1.,0.5,1.)) REPRESENTATION_ITEM('') );
#6438 = CARTESIAN_POINT('',(-2.15,0.));
#6439 = CARTESIAN_POINT('',(-2.15,3.723909236273));
#6440 = CARTESIAN_POINT('',(1.075,1.861954618137));
#6441 = CARTESIAN_POINT('',(4.3,5.265981236334E-16));
#6442 = CARTESIAN_POINT('',(1.075,-1.861954618137));
#6443 = CARTESIAN_POINT('',(-2.15,-3.723909236273));
#6444 = CARTESIAN_POINT('',(-2.15,0.));
#6445 = ( GEOMETRIC_REPRESENTATION_CONTEXT(2) 
PARAMETRIC_REPRESENTATION_CONTEXT() REPRESENTATION_CONTEXT('2D SPACE',''
  ) );
#6446 = PCURVE('',#6447,#6452);
#6447 = CYLINDRICAL_SURFACE('',#6448,2.15);
#6448 = AXIS2_PLACEMENT_3D('',#6449,#6450,#6451);
#6449 = CARTESIAN_POINT('',(-1.4,-15.70130766401,5.071384193697));
#6450 = DIRECTION('',(-1.,0.,0.));
#6451 = DIRECTION('',(0.,0.,-1.));
#6452 = DEFINITIONAL_REPRESENTATION('',(#6453),#6457);
#6453 = LINE('',#6454,#6455);
#6454 = CARTESIAN_POINT('',(0.,0.2));
#6455 = VECTOR('',#6456,1.);
#6456 = DIRECTION('',(1.,0.));
#6457 = ( GEOMETRIC_REPRESENTATION_CONTEXT(2) 
PARAMETRIC_REPRESENTATION_CONTEXT() REPRESENTATION_CONTEXT('2D SPACE',''
  ) );
#6458 = ADVANCED_FACE('',(#6459,#6473,#6476),#5453,.T.);
#6459 = FACE_BOUND('',#6460,.T.);
#6460 = EDGE_LOOP('',(#6461,#6462,#6463,#6464,#6465,#6466,#6467,#6468,
    #6469,#6470,#6471,#6472));
#6461 = ORIENTED_EDGE('',*,*,#5801,.T.);
#6462 = ORIENTED_EDGE('',*,*,#5754,.T.);
#6463 = ORIENTED_EDGE('',*,*,#5705,.T.);
#6464 = ORIENTED_EDGE('',*,*,#5656,.T.);
#6465 = ORIENTED_EDGE('',*,*,#5607,.T.);
#6466 = ORIENTED_EDGE('',*,*,#5558,.T.);
#6467 = ORIENTED_EDGE('',*,*,#5509,.T.);
#6468 = ORIENTED_EDGE('',*,*,#5435,.T.);
#6469 = ORIENTED_EDGE('',*,*,#5997,.T.);
#6470 = ORIENTED_EDGE('',*,*,#5948,.T.);
#6471 = ORIENTED_EDGE('',*,*,#5899,.T.);
#6472 = ORIENTED_EDGE('',*,*,#5850,.T.);
#6473 = FACE_BOUND('',#6474,.T.);
#6474 = EDGE_LOOP('',(#6475));
#6475 = ORIENTED_EDGE('',*,*,#6323,.F.);
#6476 = FACE_BOUND('',#6477,.T.);
#6477 = EDGE_LOOP('',(#6478));
#6478 = ORIENTED_EDGE('',*,*,#6373,.F.);
#6479 = ADVANCED_FACE('',(#6480,#6488),#6042,.T.);
#6480 = FACE_BOUND('',#6481,.T.);
#6481 = EDGE_LOOP('',(#6482,#6483,#6484,#6485,#6486,#6487));
#6482 = ORIENTED_EDGE('',*,*,#6296,.T.);
#6483 = ORIENTED_EDGE('',*,*,#6247,.T.);
#6484 = ORIENTED_EDGE('',*,*,#6198,.T.);
#6485 = ORIENTED_EDGE('',*,*,#6149,.T.);
#6486 = ORIENTED_EDGE('',*,*,#6100,.T.);
#6487 = ORIENTED_EDGE('',*,*,#6024,.T.);
#6488 = FACE_BOUND('',#6489,.T.);
#6489 = EDGE_LOOP('',(#6490));
#6490 = ORIENTED_EDGE('',*,*,#6491,.F.);
#6491 = EDGE_CURVE('',#6492,#6492,#6494,.T.);
#6492 = VERTEX_POINT('',#6493);
#6493 = CARTESIAN_POINT('',(-3.2,-15.70130766401,2.921384193697));
#6494 = SURFACE_CURVE('',#6495,(#6500,#6507),.PCURVE_S1.);
#6495 = CIRCLE('',#6496,2.15);
#6496 = AXIS2_PLACEMENT_3D('',#6497,#6498,#6499);
#6497 = CARTESIAN_POINT('',(-3.2,-15.70130766401,5.071384193697));
#6498 = DIRECTION('',(-1.,0.,0.));
#6499 = DIRECTION('',(0.,0.,-1.));
#6500 = PCURVE('',#6042,#6501);
#6501 = DEFINITIONAL_REPRESENTATION('',(#6502),#6506);
#6502 = CIRCLE('',#6503,2.15);
#6503 = AXIS2_PLACEMENT_2D('',#6504,#6505);
#6504 = CARTESIAN_POINT('',(0.,0.));
#6505 = DIRECTION('',(0.,1.));
#6506 = ( GEOMETRIC_REPRESENTATION_CONTEXT(2) 
PARAMETRIC_REPRESENTATION_CONTEXT() REPRESENTATION_CONTEXT('2D SPACE',''
  ) );
#6507 = PCURVE('',#6447,#6508);
#6508 = DEFINITIONAL_REPRESENTATION('',(#6509),#6513);
#6509 = LINE('',#6510,#6511);
#6510 = CARTESIAN_POINT('',(0.,1.8));
#6511 = VECTOR('',#6512,1.);
#6512 = DIRECTION('',(1.,0.));
#6513 = ( GEOMETRIC_REPRESENTATION_CONTEXT(2) 
PARAMETRIC_REPRESENTATION_CONTEXT() REPRESENTATION_CONTEXT('2D SPACE',''
  ) );
#6514 = ADVANCED_FACE('',(#6515),#6447,.F.);
#6515 = FACE_BOUND('',#6516,.F.);
#6516 = EDGE_LOOP('',(#6517,#6518,#6539,#6540));
#6517 = ORIENTED_EDGE('',*,*,#6491,.F.);
#6518 = ORIENTED_EDGE('',*,*,#6519,.F.);
#6519 = EDGE_CURVE('',#6427,#6492,#6520,.T.);
#6520 = SEAM_CURVE('',#6521,(#6525,#6532),.PCURVE_S1.);
#6521 = LINE('',#6522,#6523);
#6522 = CARTESIAN_POINT('',(-1.4,-15.70130766401,2.921384193697));
#6523 = VECTOR('',#6524,1.);
#6524 = DIRECTION('',(-1.,0.,0.));
#6525 = PCURVE('',#6447,#6526);
#6526 = DEFINITIONAL_REPRESENTATION('',(#6527),#6531);
#6527 = LINE('',#6528,#6529);
#6528 = CARTESIAN_POINT('',(6.28318530718,-0.));
#6529 = VECTOR('',#6530,1.);
#6530 = DIRECTION('',(0.,1.));
#6531 = ( GEOMETRIC_REPRESENTATION_CONTEXT(2) 
PARAMETRIC_REPRESENTATION_CONTEXT() REPRESENTATION_CONTEXT('2D SPACE',''
  ) );
#6532 = PCURVE('',#6447,#6533);
#6533 = DEFINITIONAL_REPRESENTATION('',(#6534),#6538);
#6534 = LINE('',#6535,#6536);
#6535 = CARTESIAN_POINT('',(0.,-0.));
#6536 = VECTOR('',#6537,1.);
#6537 = DIRECTION('',(0.,1.));
#6538 = ( GEOMETRIC_REPRESENTATION_CONTEXT(2) 
PARAMETRIC_REPRESENTATION_CONTEXT() REPRESENTATION_CONTEXT('2D SPACE',''
  ) );
#6539 = ORIENTED_EDGE('',*,*,#6426,.T.);
#6540 = ORIENTED_EDGE('',*,*,#6519,.T.);
#6541 = ( GEOMETRIC_REPRESENTATION_CONTEXT(3) 
GLOBAL_UNCERTAINTY_ASSIGNED_CONTEXT((#6545)) 
GLOBAL_UNIT_ASSIGNED_CONTEXT((#6542,#6543,#6544)) REPRESENTATION_CONTEXT
('Context #1','3D Context with UNIT and UNCERTAINTY') );
#6542 = ( LENGTH_UNIT() NAMED_UNIT(*) SI_UNIT(.MILLI.,.METRE.) );
#6543 = ( NAMED_UNIT(*) PLANE_ANGLE_UNIT() SI_UNIT($,.RADIAN.) );
#6544 = ( NAMED_UNIT(*) SI_UNIT($,.STERADIAN.) SOLID_ANGLE_UNIT() );
#6545 = UNCERTAINTY_MEASURE_WITH_UNIT(LENGTH_MEASURE(2.E-06),#6542,
  'distance_accuracy_value','confusion accuracy');
#6546 = PRODUCT_RELATED_PRODUCT_CATEGORY('part',$,(#7));
ENDSEC;
END-ISO-10303-21;
