ISO-10303-21;
HEADER;
FILE_DESCRIPTION(('Open CASCADE Model'),'2;1');
FILE_NAME('Open CASCADE Shape Model','2026-09-30T02:35:15',('Author'),(
    'Open CASCADE'),'Open CASCADE STEP processor 7.9','Open CASCADE 7.9'
  ,'Unknown');
FILE_SCHEMA(('AUTOMOTIVE_DESIGN { 1 0 10303 214 1 1 1 1 }'));
ENDSEC;
DATA;
#1 = APPLICATION_PROTOCOL_DEFINITION('international standard',
  'automotive_design',2000,#2);
#2 = APPLICATION_CONTEXT(
  'core data for automotive mechanical design processes');
#3 = SHAPE_DEFINITION_REPRESENTATION(#4,#10);
#4 = PRODUCT_DEFINITION_SHAPE('','',#5);
#5 = PRODUCT_DEFINITION('design','',#6,#9);
#6 = PRODUCT_DEFINITION_FORMATION('','',#7);
#7 = PRODUCT('Open CASCADE STEP translator 7.9 15',
  'Open CASCADE STEP translator 7.9 15','',(#8));
#8 = PRODUCT_CONTEXT('',#2,'mechanical');
#9 = PRODUCT_DEFINITION_CONTEXT('part definition',#2,'design');
#10 = ADVANCED_BREP_SHAPE_REPRESENTATION('',(#11,#15),#4729);
#11 = AXIS2_PLACEMENT_3D('',#12,#13,#14);
#12 = CARTESIAN_POINT('',(0.,0.,0.));
#13 = DIRECTION('',(0.,0.,1.));
#14 = DIRECTION('',(1.,0.,-0.));
#15 = MANIFOLD_SOLID_BREP('',#16);
#16 = CLOSED_SHELL('',(#17,#923,#1037,#1595,#1699,#1799,#1826,#2092,
    #2298,#2402,#2452,#2524,#2697,#2876,#2883,#3027,#3163,#3189,#3319,
    #3382,#3436,#3443,#3909,#4002,#4029,#4057,#4105,#4559,#4566,#4593,
    #4618,#4643,#4668,#4675,#4702));
#17 = ADVANCED_FACE('',(#18),#33,.T.);
#18 = FACE_BOUND('',#19,.T.);
#19 = EDGE_LOOP('',(#20,#111,#151,#183,#216,#249,#284,#752,#792,#825,
    #858,#890));
#20 = ORIENTED_EDGE('',*,*,#21,.F.);
#21 = EDGE_CURVE('',#22,#24,#26,.T.);
#22 = VERTEX_POINT('',#23);
#23 = CARTESIAN_POINT('',(67.080602646497,-4.445813570938,4.603774722167
    ));
#24 = VERTEX_POINT('',#25);
#25 = CARTESIAN_POINT('',(27.919397353503,-4.445813570938,4.603774722167
    ));
#26 = SURFACE_CURVE('',#27,(#32,#99),.PCURVE_S1.);
#27 = CIRCLE('',#28,20.6);
#28 = AXIS2_PLACEMENT_3D('',#29,#30,#31);
#29 = CARTESIAN_POINT('',(47.5,0.,0.));
#30 = DIRECTION('',(0.,-0.719339800339,-0.694658370459));
#31 = DIRECTION('',(0.,0.694658370459,-0.719339800339));
#32 = PCURVE('',#33,#38);
#33 = SPHERICAL_SURFACE('',#34,20.6);
#34 = AXIS2_PLACEMENT_3D('',#35,#36,#37);
#35 = CARTESIAN_POINT('',(47.5,0.,0.));
#36 = DIRECTION('',(0.,0.,1.));
#37 = DIRECTION('',(1.,0.,-0.));
#38 = DEFINITIONAL_REPRESENTATION('',(#39),#98);
#39 = B_SPLINE_CURVE_WITH_KNOTS('',8,(#40,#41,#42,#43,#44,#45,#46,#47,
    #48,#49,#50,#51,#52,#53,#54,#55,#56,#57,#58,#59,#60,#61,#62,#63,#64,
    #65,#66,#67,#68,#69,#70,#71,#72,#73,#74,#75,#76,#77,#78,#79,#80,#81,
    #82,#83,#84,#85,#86,#87,#88,#89,#90,#91,#92,#93,#94,#95,#96,#97),
  .UNSPECIFIED.,.F.,.F.,(9,7,7,7,7,7,7,7,9),(1.570796326795,
    2.356194490192,2.650718801466,2.908427573831,3.13392274965,
    3.528539307334,3.824501725597,4.268445352991,4.712388980385),
  .UNSPECIFIED.);
#40 = CARTESIAN_POINT('',(6.28318530718,2.831012532716E-15));
#41 = CARTESIAN_POINT('',(6.214987381136,7.062101975559E-02));
#42 = CARTESIAN_POINT('',(6.1467895385,0.14124208604));
#43 = CARTESIAN_POINT('',(6.077554446892,0.211362288051));
#44 = CARTESIAN_POINT('',(6.006248820002,0.280482785024));
#45 = CARTESIAN_POINT('',(5.931756114773,0.348042320379));
#46 = CARTESIAN_POINT('',(5.852849285275,0.413379453131));
#47 = CARTESIAN_POINT('',(5.76805416164,0.475615958128));
#48 = CARTESIAN_POINT('',(5.641553021857,0.555366193068));
#49 = CARTESIAN_POINT('',(5.606039408178,0.576520543343));
#50 = CARTESIAN_POINT('',(5.569443092184,0.597019257176));
#51 = CARTESIAN_POINT('',(5.53169773732,0.616797545786));
#52 = CARTESIAN_POINT('',(5.492743224802,0.635785225169));
#53 = CARTESIAN_POINT('',(5.452530412263,0.653906998856));
#54 = CARTESIAN_POINT('',(5.411027496198,0.671083552484));
#55 = CARTESIAN_POINT('',(5.330778399991,0.701364629469));
#56 = CARTESIAN_POINT('',(5.292336046595,0.714709775371));
#57 = CARTESIAN_POINT('',(5.252896737617,0.727214422332));
#58 = CARTESIAN_POINT('',(5.212470274801,0.738822872434));
#59 = CARTESIAN_POINT('',(5.171085398159,0.749479482128));
#60 = CARTESIAN_POINT('',(5.128792919686,0.759130375382));
#61 = CARTESIAN_POINT('',(5.085667034643,0.767725593259));
#62 = CARTESIAN_POINT('',(5.003425364267,0.781780755777));
#63 = CARTESIAN_POINT('',(4.964482137318,0.787498294483));
#64 = CARTESIAN_POINT('',(4.925039916231,0.792345188612));
#65 = CARTESIAN_POINT('',(4.885176702249,0.796295953135));
#66 = CARTESIAN_POINT('',(4.844982476619,0.799330101186));
#67 = CARTESIAN_POINT('',(4.804556633595,0.801433132549));
#68 = CARTESIAN_POINT('',(4.764004081034,0.802597134892));
#69 = CARTESIAN_POINT('',(4.652425381846,0.803212757766));
#70 = CARTESIAN_POINT('',(4.581354924967,0.800725312866));
#71 = CARTESIAN_POINT('',(4.510782952091,0.795352601889));
#72 = CARTESIAN_POINT('',(4.441279703817,0.787151220362));
#73 = CARTESIAN_POINT('',(4.373347046505,0.776242774707));
#74 = CARTESIAN_POINT('',(4.307339529762,0.76279475152));
#75 = CARTESIAN_POINT('',(4.243479258421,0.746995994692));
#76 = CARTESIAN_POINT('',(4.135675169225,0.715577412308));
#77 = CARTESIAN_POINT('',(4.090743504674,0.700900274034));
#78 = CARTESIAN_POINT('',(4.047128726761,0.685093765476));
#79 = CARTESIAN_POINT('',(4.004842399981,0.668242766045));
#80 = CARTESIAN_POINT('',(3.963867162374,0.650430617792));
#81 = CARTESIAN_POINT('',(3.924164829192,0.631736906651));
#82 = CARTESIAN_POINT('',(3.885683860648,0.612236408805));
#83 = CARTESIAN_POINT('',(3.792383613671,0.561642463108));
#84 = CARTESIAN_POINT('',(3.739015440814,0.529627651601));
#85 = CARTESIAN_POINT('',(3.68805522406,0.496189708912));
#86 = CARTESIAN_POINT('',(3.639254526257,0.461537864577));
#87 = CARTESIAN_POINT('',(3.592358211424,0.425853750814));
#88 = CARTESIAN_POINT('',(3.547119645819,0.389295239582));
#89 = CARTESIAN_POINT('',(3.503303581712,0.35200194888));
#90 = CARTESIAN_POINT('',(3.418070267422,0.276195524099));
#91 = CARTESIAN_POINT('',(3.376653058633,0.237682405407));
#92 = CARTESIAN_POINT('',(3.33621190194,0.1986842797));
#93 = CARTESIAN_POINT('',(3.296536064482,0.159311596573));
#94 = CARTESIAN_POINT('',(3.257425857093,0.119664494846));
#95 = CARTESIAN_POINT('',(3.21868990347,7.983657284615E-02));
#96 = CARTESIAN_POINT('',(3.180141298187,3.99182900364E-02));
#97 = CARTESIAN_POINT('',(3.14159265359,1.321405775976E-16));
#98 = ( GEOMETRIC_REPRESENTATION_CONTEXT(2) 
PARAMETRIC_REPRESENTATION_CONTEXT() REPRESENTATION_CONTEXT('2D SPACE',''
  ) );
#99 = PCURVE('',#100,#105);
#100 = PLANE('',#101);
#101 = AXIS2_PLACEMENT_3D('',#102,#103,#104);
#102 = CARTESIAN_POINT('',(17.5,0.,0.));
#103 = DIRECTION('',(0.,-0.719339800339,-0.694658370459));
#104 = DIRECTION('',(0.,-0.694658370459,0.719339800339));
#105 = DEFINITIONAL_REPRESENTATION('',(#106),#110);
#106 = CIRCLE('',#107,20.6);
#107 = AXIS2_PLACEMENT_2D('',#108,#109);
#108 = CARTESIAN_POINT('',(0.,-30.));
#109 = DIRECTION('',(-1.,-0.));
#110 = ( GEOMETRIC_REPRESENTATION_CONTEXT(2) 
PARAMETRIC_REPRESENTATION_CONTEXT() REPRESENTATION_CONTEXT('2D SPACE',''
  ) );
#111 = ORIENTED_EDGE('',*,*,#112,.F.);
#112 = EDGE_CURVE('',#113,#22,#115,.T.);
#113 = VERTEX_POINT('',#114);
#114 = CARTESIAN_POINT('',(67.080602646497,-4.113840701994,
    4.902684435961));
#115 = SURFACE_CURVE('',#116,(#121,#139),.PCURVE_S1.);
#116 = CIRCLE('',#117,6.4);
#117 = AXIS2_PLACEMENT_3D('',#118,#119,#120);
#118 = CARTESIAN_POINT('',(67.080602646497,0.,0.));
#119 = DIRECTION('',(1.,0.,0.));
#120 = DIRECTION('',(-0.,0.,1.));
#121 = PCURVE('',#33,#122);
#122 = DEFINITIONAL_REPRESENTATION('',(#123),#138);
#123 = B_SPLINE_CURVE_WITH_KNOTS('',7,(#124,#125,#126,#127,#128,#129,
    #130,#131,#132,#133,#134,#135,#136,#137),.UNSPECIFIED.,.F.,.F.,(8,6,
    8),(0.156689154276,0.778556606258,1.40042405824),.UNSPECIFIED.);
#124 = CARTESIAN_POINT('',(6.232224286536,0.311906373333));
#125 = CARTESIAN_POINT('',(6.203617300996,0.307381046935));
#126 = CARTESIAN_POINT('',(6.175576150692,0.299894612713));
#127 = CARTESIAN_POINT('',(6.14853953725,0.289523387736));
#128 = CARTESIAN_POINT('',(6.122917186408,0.276417275099));
#129 = CARTESIAN_POINT('',(6.099049108103,0.2607911735));
#130 = CARTESIAN_POINT('',(6.077197151565,0.242900360207));
#131 = CARTESIAN_POINT('',(6.037921725212,0.203151230249));
#132 = CARTESIAN_POINT('',(6.020498226271,0.181292914126));
#133 = CARTESIAN_POINT('',(6.005486960434,0.157731741782));
#134 = CARTESIAN_POINT('',(5.993021109237,0.132774300819));
#135 = CARTESIAN_POINT('',(5.983181730773,0.106736718411));
#136 = CARTESIAN_POINT('',(5.976019240324,7.993831380198E-02));
#137 = CARTESIAN_POINT('',(5.971558839005,5.269988221286E-02));
#138 = ( GEOMETRIC_REPRESENTATION_CONTEXT(2) 
PARAMETRIC_REPRESENTATION_CONTEXT() REPRESENTATION_CONTEXT('2D SPACE',''
  ) );
#139 = PCURVE('',#140,#145);
#140 = CYLINDRICAL_SURFACE('',#141,6.4);
#141 = AXIS2_PLACEMENT_3D('',#142,#143,#144);
#142 = CARTESIAN_POINT('',(64.5,0.,0.));
#143 = DIRECTION('',(1.,0.,0.));
#144 = DIRECTION('',(-0.,0.,1.));
#145 = DEFINITIONAL_REPRESENTATION('',(#146),#150);
#146 = LINE('',#147,#148);
#147 = CARTESIAN_POINT('',(0.,2.580602646497));
#148 = VECTOR('',#149,1.);
#149 = DIRECTION('',(1.,0.));
#150 = ( GEOMETRIC_REPRESENTATION_CONTEXT(2) 
PARAMETRIC_REPRESENTATION_CONTEXT() REPRESENTATION_CONTEXT('2D SPACE',''
  ) );
#151 = ORIENTED_EDGE('',*,*,#152,.T.);
#152 = EDGE_CURVE('',#113,#153,#155,.T.);
#153 = VERTEX_POINT('',#154);
#154 = CARTESIAN_POINT('',(65.223148704449,-6.749269901709,
    8.043466652749));
#155 = SURFACE_CURVE('',#156,(#161,#171),.PCURVE_S1.);
#156 = CIRCLE('',#157,20.6);
#157 = AXIS2_PLACEMENT_3D('',#158,#159,#160);
#158 = CARTESIAN_POINT('',(47.5,0.,0.));
#159 = DIRECTION('',(0.,-0.766044443119,-0.642787609687));
#160 = DIRECTION('',(0.,0.642787609687,-0.766044443119));
#161 = PCURVE('',#33,#162);
#162 = DEFINITIONAL_REPRESENTATION('',(#163),#170);
#163 = B_SPLINE_CURVE_WITH_KNOTS('',5,(#164,#165,#166,#167,#168,#169),
  .UNSPECIFIED.,.F.,.F.,(6,6),(1.886704269085,2.105642542812),
  .PIECEWISE_BEZIER_KNOTS.);
#164 = CARTESIAN_POINT('',(6.076099486539,0.240300384011));
#165 = CARTESIAN_POINT('',(6.046263367135,0.273126996082));
#166 = CARTESIAN_POINT('',(6.015827243979,0.305696400744));
#167 = CARTESIAN_POINT('',(5.984639442044,0.337940758926));
#168 = CARTESIAN_POINT('',(5.952534086564,0.369783502167));
#169 = CARTESIAN_POINT('',(5.919324896041,0.401130710243));
#170 = ( GEOMETRIC_REPRESENTATION_CONTEXT(2) 
PARAMETRIC_REPRESENTATION_CONTEXT() REPRESENTATION_CONTEXT('2D SPACE',''
  ) );
#171 = PCURVE('',#172,#177);
#172 = PLANE('',#173);
#173 = AXIS2_PLACEMENT_3D('',#174,#175,#176);
#174 = CARTESIAN_POINT('',(62.5,0.,0.));
#175 = DIRECTION('',(0.,-0.766044443119,-0.642787609687));
#176 = DIRECTION('',(0.,-0.642787609687,0.766044443119));
#177 = DEFINITIONAL_REPRESENTATION('',(#178),#182);
#178 = CIRCLE('',#179,20.6);
#179 = AXIS2_PLACEMENT_2D('',#180,#181);
#180 = CARTESIAN_POINT('',(0.,15.));
#181 = DIRECTION('',(-1.,-0.));
#182 = ( GEOMETRIC_REPRESENTATION_CONTEXT(2) 
PARAMETRIC_REPRESENTATION_CONTEXT() REPRESENTATION_CONTEXT('2D SPACE',''
  ) );
#183 = ORIENTED_EDGE('',*,*,#184,.F.);
#184 = EDGE_CURVE('',#185,#153,#187,.T.);
#185 = VERTEX_POINT('',#186);
#186 = CARTESIAN_POINT('',(65.223148704449,-3.244678440937,
    9.986093421099));
#187 = SURFACE_CURVE('',#188,(#193,#204),.PCURVE_S1.);
#188 = CIRCLE('',#189,10.5);
#189 = AXIS2_PLACEMENT_3D('',#190,#191,#192);
#190 = CARTESIAN_POINT('',(65.223148704449,0.,0.));
#191 = DIRECTION('',(1.,0.,0.));
#192 = DIRECTION('',(-0.,0.,1.));
#193 = PCURVE('',#33,#194);
#194 = DEFINITIONAL_REPRESENTATION('',(#195),#203);
#195 = B_SPLINE_CURVE_WITH_KNOTS('',6,(#196,#197,#198,#199,#200,#201,
    #202),.UNSPECIFIED.,.F.,.F.,(7,7),(0.314159265359,0.698131700798),
  .PIECEWISE_BEZIER_KNOTS.);
#196 = CARTESIAN_POINT('',(6.102114767767,0.506090827365));
#197 = CARTESIAN_POINT('',(6.06722596773,0.49456636098));
#198 = CARTESIAN_POINT('',(6.033742461313,0.480406457945));
#199 = CARTESIAN_POINT('',(6.002009490224,0.463768850944));
#200 = CARTESIAN_POINT('',(5.972277821068,0.44486026385));
#201 = CARTESIAN_POINT('',(5.944690056395,0.423905686213));
#202 = CARTESIAN_POINT('',(5.919324896041,0.401130710243));
#203 = ( GEOMETRIC_REPRESENTATION_CONTEXT(2) 
PARAMETRIC_REPRESENTATION_CONTEXT() REPRESENTATION_CONTEXT('2D SPACE',''
  ) );
#204 = PCURVE('',#205,#210);
#205 = CYLINDRICAL_SURFACE('',#206,10.5);
#206 = AXIS2_PLACEMENT_3D('',#207,#208,#209);
#207 = CARTESIAN_POINT('',(63.5,0.,0.));
#208 = DIRECTION('',(1.,0.,0.));
#209 = DIRECTION('',(-0.,0.,1.));
#210 = DEFINITIONAL_REPRESENTATION('',(#211),#215);
#211 = LINE('',#212,#213);
#212 = CARTESIAN_POINT('',(0.,1.723148704449));
#213 = VECTOR('',#214,1.);
#214 = DIRECTION('',(1.,0.));
#215 = ( GEOMETRIC_REPRESENTATION_CONTEXT(2) 
PARAMETRIC_REPRESENTATION_CONTEXT() REPRESENTATION_CONTEXT('2D SPACE',''
  ) );
#216 = ORIENTED_EDGE('',*,*,#217,.T.);
#217 = EDGE_CURVE('',#185,#218,#220,.T.);
#218 = VERTEX_POINT('',#219);
#219 = CARTESIAN_POINT('',(67.080602646497,-1.977708764,6.086761704289)
  );
#220 = SURFACE_CURVE('',#221,(#226,#237),.PCURVE_S1.);
#221 = CIRCLE('',#222,20.6);
#222 = AXIS2_PLACEMENT_3D('',#223,#224,#225);
#223 = CARTESIAN_POINT('',(47.5,4.223539368443E-16,1.372311128622E-16));
#224 = DIRECTION('',(-0.,0.951056516295,0.309016994375));
#225 = DIRECTION('',(0.,-0.309016994375,0.951056516295));
#226 = PCURVE('',#33,#227);
#227 = DEFINITIONAL_REPRESENTATION('',(#228),#236);
#228 = B_SPLINE_CURVE_WITH_KNOTS('',6,(#229,#230,#231,#232,#233,#234,
    #235),.UNSPECIFIED.,.F.,.F.,(7,7),(1.035950110778,1.254888384505),
  .PIECEWISE_BEZIER_KNOTS.);
#229 = CARTESIAN_POINT('',(6.102114767767,0.506090827365));
#230 = CARTESIAN_POINT('',(6.116854444964,0.471954404453));
#231 = CARTESIAN_POINT('',(6.13092484,0.437707443201));
#232 = CARTESIAN_POINT('',(6.144442014328,0.403369557614));
#233 = CARTESIAN_POINT('',(6.157497468725,0.368955997908));
#234 = CARTESIAN_POINT('',(6.170168668395,0.334479599368));
#235 = CARTESIAN_POINT('',(6.182523221489,0.299951496489));
#236 = ( GEOMETRIC_REPRESENTATION_CONTEXT(2) 
PARAMETRIC_REPRESENTATION_CONTEXT() REPRESENTATION_CONTEXT('2D SPACE',''
  ) );
#237 = PCURVE('',#238,#243);
#238 = PLANE('',#239);
#239 = AXIS2_PLACEMENT_3D('',#240,#241,#242);
#240 = CARTESIAN_POINT('',(62.5,-3.949007723159,12.153796057743));
#241 = DIRECTION('',(-0.,0.951056516295,0.309016994375));
#242 = DIRECTION('',(0.,0.309016994375,-0.951056516295));
#243 = DEFINITIONAL_REPRESENTATION('',(#244),#248);
#244 = CIRCLE('',#245,20.6);
#245 = AXIS2_PLACEMENT_2D('',#246,#247);
#246 = CARTESIAN_POINT('',(12.779257435813,15.));
#247 = DIRECTION('',(-1.,-0.));
#248 = ( GEOMETRIC_REPRESENTATION_CONTEXT(2) 
PARAMETRIC_REPRESENTATION_CONTEXT() REPRESENTATION_CONTEXT('2D SPACE',''
  ) );
#249 = ORIENTED_EDGE('',*,*,#250,.F.);
#250 = EDGE_CURVE('',#251,#218,#253,.T.);
#251 = VERTEX_POINT('',#252);
#252 = CARTESIAN_POINT('',(67.0806027625,-1.53268579928,6.213764900661)
  );
#253 = SURFACE_CURVE('',#254,(#259,#277),.PCURVE_S1.);
#254 = CIRCLE('',#255,6.4);
#255 = AXIS2_PLACEMENT_3D('',#256,#257,#258);
#256 = CARTESIAN_POINT('',(67.080602646497,0.,0.));
#257 = DIRECTION('',(1.,0.,0.));
#258 = DIRECTION('',(-0.,0.,1.));
#259 = PCURVE('',#33,#260);
#260 = DEFINITIONAL_REPRESENTATION('',(#261),#276);
#261 = B_SPLINE_CURVE_WITH_KNOTS('',7,(#262,#263,#264,#265,#266,#267,
    #268,#269,#270,#271,#272,#273,#274,#275),.UNSPECIFIED.,.F.,.F.,(8,6,
    8),(0.156689154276,0.778556606258,1.40042405824),.UNSPECIFIED.);
#262 = CARTESIAN_POINT('',(6.232224286536,0.311906373333));
#263 = CARTESIAN_POINT('',(6.203617300996,0.307381046935));
#264 = CARTESIAN_POINT('',(6.175576150692,0.299894612713));
#265 = CARTESIAN_POINT('',(6.14853953725,0.289523387736));
#266 = CARTESIAN_POINT('',(6.122917186408,0.276417275099));
#267 = CARTESIAN_POINT('',(6.099049108103,0.2607911735));
#268 = CARTESIAN_POINT('',(6.077197151565,0.242900360207));
#269 = CARTESIAN_POINT('',(6.037921725212,0.203151230249));
#270 = CARTESIAN_POINT('',(6.020498226271,0.181292914126));
#271 = CARTESIAN_POINT('',(6.005486960434,0.157731741782));
#272 = CARTESIAN_POINT('',(5.993021109237,0.132774300819));
#273 = CARTESIAN_POINT('',(5.983181730773,0.106736718411));
#274 = CARTESIAN_POINT('',(5.976019240324,7.993831380198E-02));
#275 = CARTESIAN_POINT('',(5.971558839005,5.269988221286E-02));
#276 = ( GEOMETRIC_REPRESENTATION_CONTEXT(2) 
PARAMETRIC_REPRESENTATION_CONTEXT() REPRESENTATION_CONTEXT('2D SPACE',''
  ) );
#277 = PCURVE('',#140,#278);
#278 = DEFINITIONAL_REPRESENTATION('',(#279),#283);
#279 = LINE('',#280,#281);
#280 = CARTESIAN_POINT('',(0.,2.580602646497));
#281 = VECTOR('',#282,1.);
#282 = DIRECTION('',(1.,0.));
#283 = ( GEOMETRIC_REPRESENTATION_CONTEXT(2) 
PARAMETRIC_REPRESENTATION_CONTEXT() REPRESENTATION_CONTEXT('2D SPACE',''
  ) );
#284 = ORIENTED_EDGE('',*,*,#285,.F.);
#285 = EDGE_CURVE('',#286,#251,#288,.T.);
#286 = VERTEX_POINT('',#287);
#287 = CARTESIAN_POINT('',(27.9193972375,-1.53268579928,6.213764900661)
  );
#288 = SURFACE_CURVE('',#289,(#388,#450),.PCURVE_S1.);
#289 = B_SPLINE_CURVE_WITH_KNOTS('',13,(#290,#291,#292,#293,#294,#295,
    #296,#297,#298,#299,#300,#301,#302,#303,#304,#305,#306,#307,#308,
    #309,#310,#311,#312,#313,#314,#315,#316,#317,#318,#319,#320,#321,
    #322,#323,#324,#325,#326,#327,#328,#329,#330,#331,#332,#333,#334,
    #335,#336,#337,#338,#339,#340,#341,#342,#343,#344,#345,#346,#347,
    #348,#349,#350,#351,#352,#353,#354,#355,#356,#357,#358,#359,#360,
    #361,#362,#363,#364,#365,#366,#367,#368,#369,#370,#371,#372,#373,
    #374,#375,#376,#377,#378,#379,#380,#381,#382,#383,#384,#385,#386,
    #387),.UNSPECIFIED.,.F.,.F.,(14,12,12,12,12,12,12,12,14),(
    -3.216482699012,1.279684695702E-14,16.179202165987,24.268803248981,
    32.358404331974,40.448005414968,48.537606497962,64.716808663949,
    67.933291362959),.UNSPECIFIED.);
#290 = CARTESIAN_POINT('',(26.921508819644,-0.634010215626,
    -3.293229731711));
#291 = CARTESIAN_POINT('',(26.921508819644,-0.657361145209,
    -3.046202699654));
#292 = CARTESIAN_POINT('',(26.921508819643,-0.680703968916,
    -2.799261418816));
#293 = CARTESIAN_POINT('',(26.921508819643,-0.704038686745,
    -2.552405889198));
#294 = CARTESIAN_POINT('',(26.921508819642,-0.727365298698,
    -2.305636110799));
#295 = CARTESIAN_POINT('',(26.921508819642,-0.750683804773,
    -2.05895208362));
#296 = CARTESIAN_POINT('',(26.921508819641,-0.773994204972,
    -1.812353807661));
#297 = CARTESIAN_POINT('',(26.92150881964,-0.797296499295,
    -1.565841282921));
#298 = CARTESIAN_POINT('',(26.921508819639,-0.82059068774,
    -1.319414509402));
#299 = CARTESIAN_POINT('',(26.921508819638,-0.843876770308,
    -1.073073487102));
#300 = CARTESIAN_POINT('',(26.921508819636,-0.867154747,-0.826818216021)
  );
#301 = CARTESIAN_POINT('',(26.921508819635,-0.890424617815,
    -0.58064869616));
#302 = CARTESIAN_POINT('',(26.921508819634,-0.913686382753,
    -0.334564927519));
#303 = CARTESIAN_POINT('',(26.921508819624,-1.053908073747,1.14882561731
    ));
#304 = CARTESIAN_POINT('',(27.002834904488,-1.17090193446,2.386491384671
    ));
#305 = CARTESIAN_POINT('',(27.165544456727,-1.287364791613,
    3.618539721085));
#306 = CARTESIAN_POINT('',(27.409205901947,-1.402742087915,
    4.839104023133));
#307 = CARTESIAN_POINT('',(27.73290995348,-1.516485187419,6.042380328966
    ));
#308 = CARTESIAN_POINT('',(28.135282674924,-1.628054889519,
    7.222664491737));
#309 = CARTESIAN_POINT('',(28.614500340268,-1.73692481014,8.374387950015
    ));
#310 = CARTESIAN_POINT('',(29.168306121933,-1.842584630892,
    9.492152098735));
#311 = CARTESIAN_POINT('',(29.794028568479,-1.944543215219,
    10.570761256177));
#312 = CARTESIAN_POINT('',(30.488601913025,-2.042331592571,
    11.605254231833));
#313 = CARTESIAN_POINT('',(31.248588174782,-2.135505809668,
    12.59093449068));
#314 = CARTESIAN_POINT('',(32.070201083091,-2.223649649577,
    13.523398917408));
#315 = CARTESIAN_POINT('',(33.388897165124,-2.347741002404,
    14.836148308582));
#316 = CARTESIAN_POINT('',(33.842842127101,-2.387750720673,
    15.259406916856));
#317 = CARTESIAN_POINT('',(34.310653283148,-2.4263581394,15.667830745552
    ));
#318 = CARTESIAN_POINT('',(34.791797180226,-2.463516917299,
    16.060929554984));
#319 = CARTESIAN_POINT('',(35.285721181587,-2.499182686752,
    16.438233984932));
#320 = CARTESIAN_POINT('',(35.791854369921,-2.533313131279,
    16.799296373598));
#321 = CARTESIAN_POINT('',(36.309608480285,-2.565868058496,
    17.14369153018));
#322 = CARTESIAN_POINT('',(36.838378878396,-2.596809469314,
    17.471017466133));
#323 = CARTESIAN_POINT('',(37.377545566166,-2.626101622534,
    17.780896079184));
#324 = CARTESIAN_POINT('',(37.926474232374,-2.653711095643,
    18.072973796014));
#325 = CARTESIAN_POINT('',(38.484517333392,-2.679606841155,
    18.346922168551));
#326 = CARTESIAN_POINT('',(39.051015214839,-2.703760238954,
    18.602438427599));
#327 = CARTESIAN_POINT('',(40.199579320069,-2.748530049786,
    19.076053555274));
#328 = CARTESIAN_POINT('',(40.781645539678,-2.769146462153,
    19.294152416841));
#329 = CARTESIAN_POINT('',(41.370825306028,-2.787968235127,
    19.493265976729));
#330 = CARTESIAN_POINT('',(41.966437029492,-2.804971695616,
    19.67314379978));
#331 = CARTESIAN_POINT('',(42.567789291815,-2.820135689918,
    19.833562103164));
#332 = CARTESIAN_POINT('',(43.174182019182,-2.83344162481,
    19.974324191229));
#333 = CARTESIAN_POINT('',(43.78490767283,-2.844873503018,
    20.095260830329));
#334 = CARTESIAN_POINT('',(44.399252469036,-2.854417953227,
    20.196230566913));
#335 = CARTESIAN_POINT('',(45.016497607171,-2.862064254119,
    20.277119981115));
#336 = CARTESIAN_POINT('',(45.635920518252,-2.867804352581,
    20.337843880023));
#337 = CARTESIAN_POINT('',(46.256796116422,-2.871632875819,
    20.378345425332));
#338 = CARTESIAN_POINT('',(46.878398058218,-2.873547137439,
    20.398596197998));
#339 = CARTESIAN_POINT('',(48.12160194178,-2.873547137438,
    20.398596197994));
#340 = CARTESIAN_POINT('',(48.7432038836,-2.871632875821,20.37834542535)
  );
#341 = CARTESIAN_POINT('',(49.364079481684,-2.867804352576,
    20.337843879975));
#342 = CARTESIAN_POINT('',(49.983502392945,-2.862064254129,
    20.277119981206));
#343 = CARTESIAN_POINT('',(50.60074753081,-2.854417953213,
    20.196230566777));
#344 = CARTESIAN_POINT('',(51.215092327321,-2.844873503035,
    20.095260830492));
#345 = CARTESIAN_POINT('',(51.825817980717,-2.833441624793,
    19.974324191068));
#346 = CARTESIAN_POINT('',(52.432210708217,-2.820135689932,
    19.833562103296));
#347 = CARTESIAN_POINT('',(53.033562970528,-2.804971695606,
    19.673143799694));
#348 = CARTESIAN_POINT('',(53.629174693937,-2.787968235132,
    19.493265976772));
#349 = CARTESIAN_POINT('',(54.218354460348,-2.769146462152,
    19.294152416828));
#350 = CARTESIAN_POINT('',(54.800420679918,-2.748530049786,
    19.076053555274));
#351 = CARTESIAN_POINT('',(55.948984785185,-2.703760238954,
    18.602438427604));
#352 = CARTESIAN_POINT('',(56.515482666471,-2.67960684115,
    18.346922168516));
#353 = CARTESIAN_POINT('',(57.073525768017,-2.653711095658,
    18.072973796117));
#354 = CARTESIAN_POINT('',(57.622454433055,-2.626101622506,
    17.78089607898));
#355 = CARTESIAN_POINT('',(58.16162112279,-2.596809469356,
    17.471017466438));
#356 = CARTESIAN_POINT('',(58.690391518287,-2.565868058448,
    17.143691529824));
#357 = CARTESIAN_POINT('',(59.208145631462,-2.533313131323,
    16.799296373929));
#358 = CARTESIAN_POINT('',(59.714278817333,-2.49918268672,
    16.438233984687));
#359 = CARTESIAN_POINT('',(60.208202820446,-2.463516917317,
    16.060929555127));
#360 = CARTESIAN_POINT('',(60.689346716531,-2.426358139392,
    15.667830745488));
#361 = CARTESIAN_POINT('',(61.157157873006,-2.387750720675,
    15.259406916875));
#362 = CARTESIAN_POINT('',(61.611102834859,-2.347741002404,
    14.83614830858));
#363 = CARTESIAN_POINT('',(62.929798916925,-2.223649649577,
    13.523398917409));
#364 = CARTESIAN_POINT('',(63.751411825171,-2.135505809668,
    12.59093449068));
#365 = CARTESIAN_POINT('',(64.511398087093,-2.04233159257,11.60525423183
    ));
#366 = CARTESIAN_POINT('',(65.205971431275,-1.944543215222,
    10.570761256183));
#367 = CARTESIAN_POINT('',(65.83169387848,-1.842584630889,9.492152098728
    ));
#368 = CARTESIAN_POINT('',(66.385499659177,-1.736924810143,
    8.374387950019));
#369 = CARTESIAN_POINT('',(66.864717325668,-1.628054889516,
    7.222664491736));
#370 = CARTESIAN_POINT('',(67.267090046019,-1.516485187421,
    6.042380328964));
#371 = CARTESIAN_POINT('',(67.590794098387,-1.402742087914,
    4.839104023136));
#372 = CARTESIAN_POINT('',(67.834455543102,-1.287364791613,
    3.618539721082));
#373 = CARTESIAN_POINT('',(67.997165095576,-1.17090193446,2.386491384672
    ));
#374 = CARTESIAN_POINT('',(68.078491180361,-1.053908073747,1.14882561731
    ));
#375 = CARTESIAN_POINT('',(68.078491180369,-0.913686382753,
    -0.334564927519));
#376 = CARTESIAN_POINT('',(68.078491180371,-0.890424617815,
    -0.58064869616));
#377 = CARTESIAN_POINT('',(68.078491180372,-0.867154747,-0.826818216021)
  );
#378 = CARTESIAN_POINT('',(68.078491180373,-0.843876770308,
    -1.073073487101));
#379 = CARTESIAN_POINT('',(68.078491180374,-0.82059068774,
    -1.319414509401));
#380 = CARTESIAN_POINT('',(68.078491180376,-0.797296499295,
    -1.565841282921));
#381 = CARTESIAN_POINT('',(68.078491180377,-0.773994204973,
    -1.81235380766));
#382 = CARTESIAN_POINT('',(68.078491180378,-0.750683804774,
    -2.05895208362));
#383 = CARTESIAN_POINT('',(68.07849118038,-0.727365298698,
    -2.305636110798));
#384 = CARTESIAN_POINT('',(68.078491180381,-0.704038686745,
    -2.552405889197));
#385 = CARTESIAN_POINT('',(68.078491180382,-0.680703968916,
    -2.799261418815));
#386 = CARTESIAN_POINT('',(68.078491180383,-0.65736114521,
    -3.046202699653));
#387 = CARTESIAN_POINT('',(68.078491180385,-0.634010215626,
    -3.293229731711));
#388 = PCURVE('',#33,#389);
#389 = DEFINITIONAL_REPRESENTATION('',(#390),#449);
#390 = B_SPLINE_CURVE_WITH_KNOTS('',8,(#391,#392,#393,#394,#395,#396,
    #397,#398,#399,#400,#401,#402,#403,#404,#405,#406,#407,#408,#409,
    #410,#411,#412,#413,#414,#415,#416,#417,#418,#419,#420,#421,#422,
    #423,#424,#425,#426,#427,#428,#429,#430,#431,#432,#433,#434,#435,
    #436,#437,#438,#439,#440,#441,#442,#443,#444,#445,#446,#447,#448),
  .UNSPECIFIED.,.F.,.F.,(9,7,7,7,7,7,7,7,9),(1.181021555881,
    16.769712943928,24.564058637951,28.461231484963,32.358404331974,
    36.255577178986,40.152750025998,47.947095720021,63.535787108068),
  .UNSPECIFIED.);
#391 = CARTESIAN_POINT('',(3.192555254379,5.269988221286E-02));
#392 = CARTESIAN_POINT('',(3.201712291712,0.146738335219));
#393 = CARTESIAN_POINT('',(3.211429545207,0.240751323944));
#394 = CARTESIAN_POINT('',(3.22197887762,0.334704711268));
#395 = CARTESIAN_POINT('',(3.233672488492,0.428564701925));
#396 = CARTESIAN_POINT('',(3.246978885265,0.522300991384));
#397 = CARTESIAN_POINT('',(3.262480415693,0.615876933307));
#398 = CARTESIAN_POINT('',(3.281232634172,0.709213126049));
#399 = CARTESIAN_POINT('',(3.318512344891,0.848559664994));
#400 = CARTESIAN_POINT('',(3.332468590798,0.894898754326));
#401 = CARTESIAN_POINT('',(3.348279638738,0.941104788847));
#402 = CARTESIAN_POINT('',(3.366568798156,0.987131559632));
#403 = CARTESIAN_POINT('',(3.38802207506,1.032930280242));
#404 = CARTESIAN_POINT('',(3.41361467469,1.078431773814));
#405 = CARTESIAN_POINT('',(3.445299493364,1.123490513662));
#406 = CARTESIAN_POINT('',(3.508086652579,1.189940519245));
#407 = CARTESIAN_POINT('',(3.531568201429,1.211899192397));
#408 = CARTESIAN_POINT('',(3.558145659239,1.233627410751));
#409 = CARTESIAN_POINT('',(3.58852401595,1.255064502303));
#410 = CARTESIAN_POINT('',(3.623650503715,1.276134141979));
#411 = CARTESIAN_POINT('',(3.664874519589,1.296728355223));
#412 = CARTESIAN_POINT('',(3.714186805423,1.316669632321));
#413 = CARTESIAN_POINT('',(3.834888964557,1.35463267463));
#414 = CARTESIAN_POINT('',(3.906304186427,1.372649148198));
#415 = CARTESIAN_POINT('',(3.991428826357,1.389424640382));
#416 = CARTESIAN_POINT('',(4.095082311252,1.404388510034));
#417 = CARTESIAN_POINT('',(4.218659731124,1.417155337658));
#418 = CARTESIAN_POINT('',(4.3737477075,1.426296207839));
#419 = CARTESIAN_POINT('',(4.543044497122,1.43084736109));
#420 = CARTESIAN_POINT('',(4.881733463647,1.43084736109));
#421 = CARTESIAN_POINT('',(5.051030253272,1.426296207839));
#422 = CARTESIAN_POINT('',(5.206118229641,1.417155337658));
#423 = CARTESIAN_POINT('',(5.32969564952,1.404388510034));
#424 = CARTESIAN_POINT('',(5.433349134411,1.389424640382));
#425 = CARTESIAN_POINT('',(5.518473774343,1.372649148198));
#426 = CARTESIAN_POINT('',(5.589888996212,1.35463267463));
#427 = CARTESIAN_POINT('',(5.710591155346,1.316669632321));
#428 = CARTESIAN_POINT('',(5.75990344118,1.296728355223));
#429 = CARTESIAN_POINT('',(5.801127457054,1.276134141979));
#430 = CARTESIAN_POINT('',(5.836253944819,1.255064502303));
#431 = CARTESIAN_POINT('',(5.86663230153,1.233627410751));
#432 = CARTESIAN_POINT('',(5.893209759341,1.211899192397));
#433 = CARTESIAN_POINT('',(5.916691308191,1.189940519245));
#434 = CARTESIAN_POINT('',(5.979478467407,1.123490513662));
#435 = CARTESIAN_POINT('',(6.011163286078,1.078431773814));
#436 = CARTESIAN_POINT('',(6.036755885709,1.032930280242));
#437 = CARTESIAN_POINT('',(6.058209162615,0.987131559632));
#438 = CARTESIAN_POINT('',(6.076498322032,0.941104788847));
#439 = CARTESIAN_POINT('',(6.092309369971,0.894898754326));
#440 = CARTESIAN_POINT('',(6.106265615879,0.848559664994));
#441 = CARTESIAN_POINT('',(6.143545326596,0.709213126049));
#442 = CARTESIAN_POINT('',(6.162297545079,0.615876933307));
#443 = CARTESIAN_POINT('',(6.177799075503,0.522300991384));
#444 = CARTESIAN_POINT('',(6.191105472277,0.428564701925));
#445 = CARTESIAN_POINT('',(6.20279908315,0.334704711269));
#446 = CARTESIAN_POINT('',(6.213348415561,0.240751323944));
#447 = CARTESIAN_POINT('',(6.223065669057,0.146738335219));
#448 = CARTESIAN_POINT('',(6.23222270639,5.269988221286E-02));
#449 = ( GEOMETRIC_REPRESENTATION_CONTEXT(2) 
PARAMETRIC_REPRESENTATION_CONTEXT() REPRESENTATION_CONTEXT('2D SPACE',''
  ) );
#450 = PCURVE('',#451,#746);
#451 = ( BOUNDED_SURFACE() B_SPLINE_SURFACE(2,13,(
    (#452,#453,#454,#455,#456,#457,#458,#459,#460,#461,#462,#463,#464
      ,#465,#466,#467,#468,#469,#470,#471,#472,#473,#474,#475,#476,#477
      ,#478,#479,#480,#481,#482,#483,#484,#485,#486,#487,#488,#489,#490
      ,#491,#492,#493,#494,#495,#496,#497,#498,#499,#500,#501,#502,#503
      ,#504,#505,#506,#507,#508,#509,#510,#511,#512,#513,#514,#515,#516
      ,#517,#518,#519,#520,#521,#522,#523,#524,#525,#526,#527,#528,#529
      ,#530,#531,#532,#533,#534,#535,#536,#537,#538,#539,#540,#541,#542
      ,#543,#544,#545,#546,#547,#548,#549)
    ,(#550,#551,#552,#553,#554,#555,#556,#557,#558,#559,#560,#561,#562
      ,#563,#564,#565,#566,#567,#568,#569,#570,#571,#572,#573,#574,#575
      ,#576,#577,#578,#579,#580,#581,#582,#583,#584,#585,#586,#587,#588
      ,#589,#590,#591,#592,#593,#594,#595,#596,#597,#598,#599,#600,#601
      ,#602,#603,#604,#605,#606,#607,#608,#609,#610,#611,#612,#613,#614
      ,#615,#616,#617,#618,#619,#620,#621,#622,#623,#624,#625,#626,#627
      ,#628,#629,#630,#631,#632,#633,#634,#635,#636,#637,#638,#639,#640
      ,#641,#642,#643,#644,#645,#646,#647)
    ,(#648,#649,#650,#651,#652,#653,#654,#655,#656,#657,#658,#659,#660
      ,#661,#662,#663,#664,#665,#666,#667,#668,#669,#670,#671,#672,#673
      ,#674,#675,#676,#677,#678,#679,#680,#681,#682,#683,#684,#685,#686
      ,#687,#688,#689,#690,#691,#692,#693,#694,#695,#696,#697,#698,#699
      ,#700,#701,#702,#703,#704,#705,#706,#707,#708,#709,#710,#711,#712
      ,#713,#714,#715,#716,#717,#718,#719,#720,#721,#722,#723,#724,#725
      ,#726,#727,#728,#729,#730,#731,#732,#733,#734,#735,#736,#737,#738
      ,#739,#740,#741,#742,#743,#744,#745
)),.UNSPECIFIED.,.F.,.F.,.F.) B_SPLINE_SURFACE_WITH_KNOTS((3,3),(14,12,
    12,12,12,12,12,12,14),(0.,64.716808663949),(-3.216482699012,
    1.279684695702E-14,16.179202165987,24.268803248981,32.358404331974,
    40.448005414968,48.537606497962,64.716808663949,67.933291362959),
.UNSPECIFIED.) GEOMETRIC_REPRESENTATION_ITEM() RATIONAL_B_SPLINE_SURFACE
((
    (1.,1.,1.,1.,1.,1.,1.,1.,1.,1.,1.,1.,1.,1.,1.,1.,1.,1.,1.,1.,1.,1.
      ,1.,1.,1.,1.,1.,1.,1.,1.,1.,1.,1.,1.,1.,1.,1.,1.,1.,1.,1.,1.,1.,1.
      ,1.,1.,1.,1.,1.,1.,1.,1.,1.,1.,1.,1.,1.,1.,1.,1.,1.,1.,1.,1.,1.,1.
      ,1.,1.,1.,1.,1.,1.,1.,1.,1.,1.,1.,1.,1.,1.,1.,1.,1.,1.,1.,1.,1.,1.
      ,1.,1.,1.,1.,1.,1.,1.,1.,1.,1.)
    ,(0.690765778253,0.690765778253,0.690765778253,0.690765778253
      ,0.690765778253,0.690765778253,0.690765778253,0.690765778253
      ,0.690765778253,0.690765778253,0.690765778253,0.690765778253
      ,0.690765778253,0.690765778253,0.690765778254,0.690765778251
      ,0.690765778249,0.690765778241,0.690765778242,0.690765778237
      ,0.690765778243,0.690765778244,0.69076577825,0.690765778252
      ,0.690765778253,0.690765778253,0.690765778254,0.690765778252
      ,0.690765778255,0.69076577825,0.690765778255,0.69076577825
      ,0.690765778253,0.69076577825,0.690765778252,0.690765778251
      ,0.690765778251,0.690765778251,0.690765778251,0.690765778251
      ,0.690765778252,0.690765778251,0.690765778252,0.690765778253
      ,0.690765778252,0.690765778254,0.690765778253,0.690765778253
      ,0.690765778253,0.690765778253,0.690765778254,0.690765778251
      ,0.690765778257,0.690765778247,0.690765778259,0.690765778246
      ,0.690765778257,0.690765778248,0.690765778252,0.690765778251
      ,0.690765778251,0.690765778251,0.69076577825,0.690765778255
      ,0.690765778244,0.690765778263,0.690765778239,0.690765778265
      ,0.690765778243,0.690765778259,0.690765778251,0.690765778254
      ,0.690765778253,0.690765778253,0.690765778252,0.690765778249
      ,0.690765778245,0.690765778241,0.690765778238,0.69076577824
      ,0.690765778242,0.690765778248,0.690765778252,0.690765778254
      ,0.690765778253,0.690765778253,0.690765778253,0.690765778253
      ,0.690765778253,0.690765778253,0.690765778253,0.690765778253
      ,0.690765778253,0.690765778253,0.690765778253,0.690765778253
      ,0.690765778253,0.690765778253)
    ,(1.,1.,1.,1.,1.,1.,1.,1.,1.,1.,1.,1.,1.,1.,1.,1.,1.,1.,1.,1.,1.,1.
      ,1.,1.,1.,1.,1.,1.,1.,1.,1.,1.,1.,1.,1.,1.,1.,1.,1.,1.,1.,1.,1.,1.
      ,1.,1.,1.,1.,1.,1.,1.,1.,1.,1.,1.,1.,1.,1.,1.,1.,1.,1.,1.,1.,1.,1.
      ,1.,1.,1.,1.,1.,1.,1.,1.,1.,1.,1.,1.,1.,1.,1.,1.,1.,1.,1.,1.,1.,1.
,1.,1.,1.,1.,1.,1.,1.,1.,1.,1.))) REPRESENTATION_ITEM('') SURFACE() );
#452 = CARTESIAN_POINT('',(26.921508819644,-0.634010215626,
    -3.293229731711));
#453 = CARTESIAN_POINT('',(26.921508819644,-0.657361145209,
    -3.046202699654));
#454 = CARTESIAN_POINT('',(26.921508819643,-0.680703968916,
    -2.799261418816));
#455 = CARTESIAN_POINT('',(26.921508819643,-0.704038686745,
    -2.552405889198));
#456 = CARTESIAN_POINT('',(26.921508819642,-0.727365298698,
    -2.305636110799));
#457 = CARTESIAN_POINT('',(26.921508819642,-0.750683804773,
    -2.05895208362));
#458 = CARTESIAN_POINT('',(26.921508819641,-0.773994204972,
    -1.812353807661));
#459 = CARTESIAN_POINT('',(26.92150881964,-0.797296499295,
    -1.565841282921));
#460 = CARTESIAN_POINT('',(26.921508819639,-0.82059068774,
    -1.319414509402));
#461 = CARTESIAN_POINT('',(26.921508819638,-0.843876770308,
    -1.073073487102));
#462 = CARTESIAN_POINT('',(26.921508819636,-0.867154747,-0.826818216021)
  );
#463 = CARTESIAN_POINT('',(26.921508819635,-0.890424617815,
    -0.58064869616));
#464 = CARTESIAN_POINT('',(26.921508819634,-0.913686382753,
    -0.334564927519));
#465 = CARTESIAN_POINT('',(26.921508819624,-1.053908073747,1.14882561731
    ));
#466 = CARTESIAN_POINT('',(27.002834904488,-1.17090193446,2.386491384671
    ));
#467 = CARTESIAN_POINT('',(27.165544456727,-1.287364791613,
    3.618539721085));
#468 = CARTESIAN_POINT('',(27.409205901947,-1.402742087915,
    4.839104023133));
#469 = CARTESIAN_POINT('',(27.73290995348,-1.516485187419,6.042380328966
    ));
#470 = CARTESIAN_POINT('',(28.135282674924,-1.628054889519,
    7.222664491737));
#471 = CARTESIAN_POINT('',(28.614500340268,-1.73692481014,8.374387950015
    ));
#472 = CARTESIAN_POINT('',(29.168306121933,-1.842584630892,
    9.492152098735));
#473 = CARTESIAN_POINT('',(29.794028568479,-1.944543215219,
    10.570761256177));
#474 = CARTESIAN_POINT('',(30.488601913025,-2.042331592571,
    11.605254231833));
#475 = CARTESIAN_POINT('',(31.248588174782,-2.135505809668,
    12.59093449068));
#476 = CARTESIAN_POINT('',(32.070201083091,-2.223649649577,
    13.523398917408));
#477 = CARTESIAN_POINT('',(33.388897165124,-2.347741002404,
    14.836148308582));
#478 = CARTESIAN_POINT('',(33.842842127101,-2.387750720673,
    15.259406916856));
#479 = CARTESIAN_POINT('',(34.310653283148,-2.4263581394,15.667830745552
    ));
#480 = CARTESIAN_POINT('',(34.791797180226,-2.463516917299,
    16.060929554984));
#481 = CARTESIAN_POINT('',(35.285721181587,-2.499182686752,
    16.438233984932));
#482 = CARTESIAN_POINT('',(35.791854369921,-2.533313131279,
    16.799296373598));
#483 = CARTESIAN_POINT('',(36.309608480285,-2.565868058496,
    17.14369153018));
#484 = CARTESIAN_POINT('',(36.838378878396,-2.596809469314,
    17.471017466133));
#485 = CARTESIAN_POINT('',(37.377545566166,-2.626101622534,
    17.780896079184));
#486 = CARTESIAN_POINT('',(37.926474232374,-2.653711095643,
    18.072973796014));
#487 = CARTESIAN_POINT('',(38.484517333392,-2.679606841155,
    18.346922168551));
#488 = CARTESIAN_POINT('',(39.051015214839,-2.703760238954,
    18.602438427599));
#489 = CARTESIAN_POINT('',(40.199579320069,-2.748530049786,
    19.076053555274));
#490 = CARTESIAN_POINT('',(40.781645539678,-2.769146462153,
    19.294152416841));
#491 = CARTESIAN_POINT('',(41.370825306028,-2.787968235127,
    19.493265976729));
#492 = CARTESIAN_POINT('',(41.966437029492,-2.804971695616,
    19.67314379978));
#493 = CARTESIAN_POINT('',(42.567789291815,-2.820135689918,
    19.833562103164));
#494 = CARTESIAN_POINT('',(43.174182019182,-2.83344162481,
    19.974324191229));
#495 = CARTESIAN_POINT('',(43.78490767283,-2.844873503018,
    20.095260830329));
#496 = CARTESIAN_POINT('',(44.399252469036,-2.854417953227,
    20.196230566913));
#497 = CARTESIAN_POINT('',(45.016497607171,-2.862064254119,
    20.277119981115));
#498 = CARTESIAN_POINT('',(45.635920518252,-2.867804352581,
    20.337843880023));
#499 = CARTESIAN_POINT('',(46.256796116422,-2.871632875819,
    20.378345425332));
#500 = CARTESIAN_POINT('',(46.878398058218,-2.873547137439,
    20.398596197998));
#501 = CARTESIAN_POINT('',(48.12160194178,-2.873547137438,
    20.398596197994));
#502 = CARTESIAN_POINT('',(48.7432038836,-2.871632875821,20.37834542535)
  );
#503 = CARTESIAN_POINT('',(49.364079481684,-2.867804352576,
    20.337843879975));
#504 = CARTESIAN_POINT('',(49.983502392945,-2.862064254129,
    20.277119981206));
#505 = CARTESIAN_POINT('',(50.60074753081,-2.854417953213,
    20.196230566777));
#506 = CARTESIAN_POINT('',(51.215092327321,-2.844873503035,
    20.095260830492));
#507 = CARTESIAN_POINT('',(51.825817980717,-2.833441624793,
    19.974324191068));
#508 = CARTESIAN_POINT('',(52.432210708217,-2.820135689932,
    19.833562103296));
#509 = CARTESIAN_POINT('',(53.033562970528,-2.804971695606,
    19.673143799694));
#510 = CARTESIAN_POINT('',(53.629174693937,-2.787968235132,
    19.493265976772));
#511 = CARTESIAN_POINT('',(54.218354460348,-2.769146462152,
    19.294152416828));
#512 = CARTESIAN_POINT('',(54.800420679918,-2.748530049786,
    19.076053555274));
#513 = CARTESIAN_POINT('',(55.948984785185,-2.703760238954,
    18.602438427604));
#514 = CARTESIAN_POINT('',(56.515482666471,-2.67960684115,
    18.346922168516));
#515 = CARTESIAN_POINT('',(57.073525768017,-2.653711095658,
    18.072973796117));
#516 = CARTESIAN_POINT('',(57.622454433055,-2.626101622506,
    17.78089607898));
#517 = CARTESIAN_POINT('',(58.16162112279,-2.596809469356,
    17.471017466438));
#518 = CARTESIAN_POINT('',(58.690391518287,-2.565868058448,
    17.143691529824));
#519 = CARTESIAN_POINT('',(59.208145631462,-2.533313131323,
    16.799296373929));
#520 = CARTESIAN_POINT('',(59.714278817333,-2.49918268672,
    16.438233984687));
#521 = CARTESIAN_POINT('',(60.208202820446,-2.463516917317,
    16.060929555127));
#522 = CARTESIAN_POINT('',(60.689346716531,-2.426358139392,
    15.667830745488));
#523 = CARTESIAN_POINT('',(61.157157873006,-2.387750720675,
    15.259406916875));
#524 = CARTESIAN_POINT('',(61.611102834859,-2.347741002404,
    14.83614830858));
#525 = CARTESIAN_POINT('',(62.929798916925,-2.223649649577,
    13.523398917409));
#526 = CARTESIAN_POINT('',(63.751411825171,-2.135505809668,
    12.59093449068));
#527 = CARTESIAN_POINT('',(64.511398087093,-2.04233159257,11.60525423183
    ));
#528 = CARTESIAN_POINT('',(65.205971431275,-1.944543215222,
    10.570761256183));
#529 = CARTESIAN_POINT('',(65.83169387848,-1.842584630889,9.492152098728
    ));
#530 = CARTESIAN_POINT('',(66.385499659177,-1.736924810143,
    8.374387950019));
#531 = CARTESIAN_POINT('',(66.864717325668,-1.628054889516,
    7.222664491736));
#532 = CARTESIAN_POINT('',(67.267090046019,-1.516485187421,
    6.042380328964));
#533 = CARTESIAN_POINT('',(67.590794098387,-1.402742087914,
    4.839104023136));
#534 = CARTESIAN_POINT('',(67.834455543102,-1.287364791613,
    3.618539721082));
#535 = CARTESIAN_POINT('',(67.997165095576,-1.17090193446,2.386491384672
    ));
#536 = CARTESIAN_POINT('',(68.078491180361,-1.053908073747,1.14882561731
    ));
#537 = CARTESIAN_POINT('',(68.078491180369,-0.913686382753,
    -0.334564927519));
#538 = CARTESIAN_POINT('',(68.078491180371,-0.890424617815,
    -0.58064869616));
#539 = CARTESIAN_POINT('',(68.078491180372,-0.867154747,-0.826818216021)
  );
#540 = CARTESIAN_POINT('',(68.078491180373,-0.843876770308,
    -1.073073487101));
#541 = CARTESIAN_POINT('',(68.078491180374,-0.82059068774,
    -1.319414509401));
#542 = CARTESIAN_POINT('',(68.078491180376,-0.797296499295,
    -1.565841282921));
#543 = CARTESIAN_POINT('',(68.078491180377,-0.773994204973,
    -1.81235380766));
#544 = CARTESIAN_POINT('',(68.078491180378,-0.750683804774,
    -2.05895208362));
#545 = CARTESIAN_POINT('',(68.07849118038,-0.727365298698,
    -2.305636110798));
#546 = CARTESIAN_POINT('',(68.078491180381,-0.704038686745,
    -2.552405889197));
#547 = CARTESIAN_POINT('',(68.078491180382,-0.680703968916,
    -2.799261418815));
#548 = CARTESIAN_POINT('',(68.078491180383,-0.65736114521,
    -3.046202699653));
#549 = CARTESIAN_POINT('',(68.078491180385,-0.634010215626,
    -3.293229731711));
#550 = CARTESIAN_POINT('',(26.878468699162,0.302929826188,
    -3.204662821613));
#551 = CARTESIAN_POINT('',(26.878468699162,0.279627531866,
    -2.958150296874));
#552 = CARTESIAN_POINT('',(26.878468699162,0.256325237544,
    -2.711637772134));
#553 = CARTESIAN_POINT('',(26.878468699162,0.233022943221,
    -2.465125247395));
#554 = CARTESIAN_POINT('',(26.878468699162,0.209720648899,
    -2.218612722655));
#555 = CARTESIAN_POINT('',(26.878468699161,0.186418354577,
    -1.972100197916));
#556 = CARTESIAN_POINT('',(26.878468699161,0.163116060255,
    -1.725587673176));
#557 = CARTESIAN_POINT('',(26.878468699161,0.139813765933,
    -1.479075148437));
#558 = CARTESIAN_POINT('',(26.878468699161,0.116511471611,
    -1.232562623697));
#559 = CARTESIAN_POINT('',(26.878468699161,9.320917728855E-02,
    -0.986050098958));
#560 = CARTESIAN_POINT('',(26.878468699161,6.990688296641E-02,
    -0.739537574218));
#561 = CARTESIAN_POINT('',(26.878468699161,4.660458864428E-02,
    -0.493025049479));
#562 = CARTESIAN_POINT('',(26.878468699161,2.330229432214E-02,
    -0.246512524739));
#563 = CARTESIAN_POINT('',(26.87846869916,-0.117212671744,1.239980546276
    ));
#564 = CARTESIAN_POINT('',(26.95996487139,-0.234451190347,2.48023452376)
  );
#565 = CARTESIAN_POINT('',(27.123014654837,-0.351157585435,3.71485922246
    ));
#566 = CARTESIAN_POINT('',(27.367185570807,-0.466776155571,
    4.937975935196));
#567 = CARTESIAN_POINT('',(27.691566465511,-0.580757125003,
    6.143768642104));
#568 = CARTESIAN_POINT('',(28.094780572744,-0.692560167342,
    7.326521286891));
#569 = CARTESIAN_POINT('',(28.575000396232,-0.801657796004,
    8.480653644598));
#570 = CARTESIAN_POINT('',(29.129964411981,-0.90753862165,9.600755780872
    ));
#571 = CARTESIAN_POINT('',(29.756995590615,-1.009710476358,
    10.681621103148));
#572 = CARTESIAN_POINT('',(30.453021739271,-1.10770340477,
    11.718278002895));
#573 = CARTESIAN_POINT('',(31.214597663833,-1.20107252203,
    12.706020090019));
#574 = CARTESIAN_POINT('',(32.037929150612,-1.289400738626,
    13.640435018348));
#575 = CARTESIAN_POINT('',(33.359383576999,-1.413751658814,
    14.955930345348));
#576 = CARTESIAN_POINT('',(33.814278065286,-1.453845066583,
    15.380074296058));
#577 = CARTESIAN_POINT('',(34.283067749737,-1.492533240821,
    15.789352428811));
#578 = CARTESIAN_POINT('',(34.765218058891,-1.529769743196,
    16.183273477362));
#579 = CARTESIAN_POINT('',(35.260175198373,-1.565510113279,
    16.561367099492));
#580 = CARTESIAN_POINT('',(35.767367053884,-1.599711946029,
    16.923184696734));
#581 = CARTESIAN_POINT('',(36.286204129155,-1.632334965093,
    17.268300189784));
#582 = CARTESIAN_POINT('',(36.816080522813,-1.663341091925,
    17.596310749688));
#583 = CARTESIAN_POINT('',(37.356374939513,-1.692694510715,
    17.906837484767));
#584 = CARTESIAN_POINT('',(37.906451739945,-1.720361729141,
    18.199526083253));
#585 = CARTESIAN_POINT('',(38.465662025849,-1.746311634932,
    18.474047411705));
#586 = CARTESIAN_POINT('',(39.03334476278,-1.77051554825,18.73009806913)
  );
#587 = CARTESIAN_POINT('',(40.184311115202,-1.815378991527,
    19.204703724603));
#588 = CARTESIAN_POINT('',(40.767594726463,-1.836038520816,
    19.423258715561));
#589 = CARTESIAN_POINT('',(41.358006750128,-1.854899656878,
    19.622788693423));
#590 = CARTESIAN_POINT('',(41.954864170956,-1.871938677241,
    19.803042700619));
#591 = CARTESIAN_POINT('',(42.557474126021,-1.887134384123,
    19.963796488091));
#592 = CARTESIAN_POINT('',(43.165135077045,-1.900468145523,
    20.104852949789));
#593 = CARTESIAN_POINT('',(43.777138007943,-1.911923930851,
    20.226042499867));
#594 = CARTESIAN_POINT('',(44.392767642107,-1.921488340917,
    20.327223389601));
#595 = CARTESIAN_POINT('',(45.011303678051,-1.929150632072,
    20.408281963158));
#596 = CARTESIAN_POINT('',(45.632022036453,-1.934902734424,
    20.469132849916));
#597 = CARTESIAN_POINT('',(46.254196116946,-1.938739263986,
    20.509719093299));
#598 = CARTESIAN_POINT('',(46.877098058473,-1.940657528767,
    20.530012214987));
#599 = CARTESIAN_POINT('',(48.122901941527,-1.940657528767,
    20.530012214988));
#600 = CARTESIAN_POINT('',(48.745803883053,-1.938739263986,
    20.509719093294));
#601 = CARTESIAN_POINT('',(49.367977963549,-1.934902734424,
    20.46913284993));
#602 = CARTESIAN_POINT('',(49.988696321945,-1.929150632072,
    20.40828196313));
#603 = CARTESIAN_POINT('',(50.607232357901,-1.921488340917,
    20.327223389646));
#604 = CARTESIAN_POINT('',(51.222861992044,-1.91192393085,20.22604249981
    ));
#605 = CARTESIAN_POINT('',(51.834864922972,-1.900468145524,
    20.104852949844));
#606 = CARTESIAN_POINT('',(52.44252587396,-1.887134384122,
    19.963796488049));
#607 = CARTESIAN_POINT('',(53.045135829061,-1.871938677241,
    19.803042700644));
#608 = CARTESIAN_POINT('',(53.64199324986,-1.854899656878,
    19.622788693412));
#609 = CARTESIAN_POINT('',(54.232405273542,-1.836038520816,
    19.423258715565));
#610 = CARTESIAN_POINT('',(54.815688884796,-1.815378991527,
    19.204703724602));
#611 = CARTESIAN_POINT('',(55.966655237222,-1.77051554825,18.73009806913
    ));
#612 = CARTESIAN_POINT('',(56.534337974144,-1.746311634932,
    18.474047411707));
#613 = CARTESIAN_POINT('',(57.093548260073,-1.72036172914,
    18.199526083251));
#614 = CARTESIAN_POINT('',(57.643625060455,-1.692694510715,
    17.906837484768));
#615 = CARTESIAN_POINT('',(58.183919477233,-1.663341091925,
    17.596310749694));
#616 = CARTESIAN_POINT('',(58.71379587079,-1.632334965092,17.26830018977
    ));
#617 = CARTESIAN_POINT('',(59.232632946171,-1.59971194603,
    16.923184696755));
#618 = CARTESIAN_POINT('',(59.739824801581,-1.565510113278,
    16.561367099471));
#619 = CARTESIAN_POINT('',(60.234781941139,-1.529769743197,
    16.183273477377));
#620 = CARTESIAN_POINT('',(60.716932250247,-1.49253324082,
    15.789352428803));
#621 = CARTESIAN_POINT('',(61.18572193472,-1.453845066583,
    15.380074296061));
#622 = CARTESIAN_POINT('',(61.640616423,-1.413751658814,14.955930345347)
  );
#623 = CARTESIAN_POINT('',(62.962070849389,-1.289400738626,
    13.640435018348));
#624 = CARTESIAN_POINT('',(63.785402336161,-1.20107252203,
    12.706020090017));
#625 = CARTESIAN_POINT('',(64.546978260748,-1.10770340477,
    11.718278002897));
#626 = CARTESIAN_POINT('',(65.243004409343,-1.009710476359,
    10.681621103146));
#627 = CARTESIAN_POINT('',(65.870035588092,-0.907538621647,
    9.600755780871));
#628 = CARTESIAN_POINT('',(66.424999603669,-0.801657796008,
    8.480653644603));
#629 = CARTESIAN_POINT('',(66.905219427365,-0.692560167337,
    7.326521286883));
#630 = CARTESIAN_POINT('',(67.308433534393,-0.580757125007,
    6.143768642114));
#631 = CARTESIAN_POINT('',(67.632814429259,-0.466776155568,
    4.937975935188));
#632 = CARTESIAN_POINT('',(67.876985345127,-0.351157585436,
    3.714859222465));
#633 = CARTESIAN_POINT('',(68.040035128623,-0.234451190347,
    2.480234523758));
#634 = CARTESIAN_POINT('',(68.121531300837,-0.117212671744,
    1.239980546277));
#635 = CARTESIAN_POINT('',(68.12153130084,2.330229432216E-02,
    -0.246512524739));
#636 = CARTESIAN_POINT('',(68.12153130084,4.660458864432E-02,
    -0.493025049479));
#637 = CARTESIAN_POINT('',(68.121531300841,6.990688296647E-02,
    -0.739537574218));
#638 = CARTESIAN_POINT('',(68.121531300841,9.320917728863E-02,
    -0.986050098958));
#639 = CARTESIAN_POINT('',(68.121531300842,0.116511471611,
    -1.232562623697));
#640 = CARTESIAN_POINT('',(68.121531300842,0.139813765933,
    -1.479075148437));
#641 = CARTESIAN_POINT('',(68.121531300843,0.163116060255,
    -1.725587673176));
#642 = CARTESIAN_POINT('',(68.121531300843,0.186418354577,
    -1.972100197916));
#643 = CARTESIAN_POINT('',(68.121531300844,0.209720648899,
    -2.218612722655));
#644 = CARTESIAN_POINT('',(68.121531300844,0.233022943222,
    -2.465125247395));
#645 = CARTESIAN_POINT('',(68.121531300845,0.256325237544,
    -2.711637772134));
#646 = CARTESIAN_POINT('',(68.121531300845,0.279627531866,
    -2.958150296874));
#647 = CARTESIAN_POINT('',(68.121531300846,0.302929826188,
    -3.204662821613));
#648 = CARTESIAN_POINT('',(27.820569113923,0.302929826188,
    -3.204662821613));
#649 = CARTESIAN_POINT('',(27.820569113923,0.278562960044,
    -2.946888303358));
#650 = CARTESIAN_POINT('',(27.820569113924,0.254373522537,
    -2.690990784022));
#651 = CARTESIAN_POINT('',(27.820569113924,0.230361513667,
    -2.436970263605));
#652 = CARTESIAN_POINT('',(27.820569113924,0.206526933434,
    -2.184826742107));
#653 = CARTESIAN_POINT('',(27.820569113924,0.182869781838,
    -1.934560219529));
#654 = CARTESIAN_POINT('',(27.820569113924,0.159390058879,-1.68617069587
    ));
#655 = CARTESIAN_POINT('',(27.820569113924,0.136087764556,
    -1.439658171131));
#656 = CARTESIAN_POINT('',(27.820569113923,0.112962898871,
    -1.195022645311));
#657 = CARTESIAN_POINT('',(27.820569113923,9.001546182304E-02,
    -0.95226411841));
#658 = CARTESIAN_POINT('',(27.820569113922,6.724545341182E-02,
    -0.711382590428));
#659 = CARTESIAN_POINT('',(27.820569113922,4.465287363758E-02,
    -0.472378061366));
#660 = CARTESIAN_POINT('',(27.820569113921,2.22377225003E-02,
    -0.235250531223));
#661 = CARTESIAN_POINT('',(27.820569113916,-0.111857778111,
    1.183331688832));
#662 = CARTESIAN_POINT('',(27.898342261891,-0.223741007378,
    2.366932622767));
#663 = CARTESIAN_POINT('',(28.053944764852,-0.335116627598,3.54516361392
    ));
#664 = CARTESIAN_POINT('',(28.286963925904,-0.445453981258,
    4.712410892095));
#665 = CARTESIAN_POINT('',(28.596529485766,-0.554228242199,
    5.863122376646));
#666 = CARTESIAN_POINT('',(28.981326578508,-0.660923725549,
    6.991842691186));
#667 = CARTESIAN_POINT('',(29.439610289556,-0.765037078465,
    8.093246919191));
#668 = CARTESIAN_POINT('',(29.969221833916,-0.866080352363,
    9.162173103467));
#669 = CARTESIAN_POINT('',(30.567606331889,-0.963583955792,
    10.193653485676));
#670 = CARTESIAN_POINT('',(31.231832206713,-1.057099488845,
    11.182944490069));
#671 = CARTESIAN_POINT('',(31.95861218174,-1.146202458302,12.12555544756
    ));
#672 = CARTESIAN_POINT('',(32.744325894652,-1.230494874119,
    13.017276063227));
#673 = CARTESIAN_POINT('',(34.005403228271,-1.349164153249,
    14.272665906086));
#674 = CARTESIAN_POINT('',(34.439513640192,-1.387425690826,
    14.677430694396));
#675 = CARTESIAN_POINT('',(34.886884426493,-1.424346216737,
    15.068009061119));
#676 = CARTESIAN_POINT('',(35.34700549078,-1.459881416488,
    15.443932207846));
#677 = CARTESIAN_POINT('',(35.819348388917,-1.493988861939,
    15.804751291773));
#678 = CARTESIAN_POINT('',(36.303367191195,-1.526628085477,
    16.150038210244));
#679 = CARTESIAN_POINT('',(36.798499372821,-1.557760649942,
    16.479386340594));
#680 = CARTESIAN_POINT('',(37.304166748911,-1.587350214895,
    16.79241124113));
#681 = CARTESIAN_POINT('',(37.819776434906,-1.615362598555,
    17.088751306384));
#682 = CARTESIAN_POINT('',(38.344721851488,-1.641765836066,
    17.368068383507));
#683 = CARTESIAN_POINT('',(38.878383757742,-1.666530233536,
    17.630048343915));
#684 = CARTESIAN_POINT('',(39.420131324391,-1.689628418249,
    17.874401614532));
#685 = CARTESIAN_POINT('',(40.518515155117,-1.732442351363,
    18.327325717197));
#686 = CARTESIAN_POINT('',(41.07515141512,-1.752158099106,
    18.535896542286));
#687 = CARTESIAN_POINT('',(41.63859069736,-1.770157620989,
    18.726311594214));
#688 = CARTESIAN_POINT('',(42.208181182876,-1.786418275123,
    18.898331346829));
#689 = CARTESIAN_POINT('',(42.783261647562,-1.800919829013,
    19.051741762667));
#690 = CARTESIAN_POINT('',(43.363162584268,-1.813644498974,
    19.18635471002));
#691 = CARTESIAN_POINT('',(43.947207342707,-1.824576984094,
    19.302008322114));
#692 = CARTESIAN_POINT('',(44.534713295914,-1.833704495065,
    19.398567302229));
#693 = CARTESIAN_POINT('',(45.124993016613,-1.841016777152,
    19.475923166594));
#694 = CARTESIAN_POINT('',(45.717355470927,-1.84650612771,
    19.533994429718));
#695 = CARTESIAN_POINT('',(46.311107216746,-1.850167407741,
    19.572726726713));
#696 = CARTESIAN_POINT('',(46.905553608379,-1.851998047757,
    19.592092875217));
#697 = CARTESIAN_POINT('',(48.094446391618,-1.851998047757,
    19.592092875214));
#698 = CARTESIAN_POINT('',(48.688892783277,-1.850167407742,
    19.572726726727));
#699 = CARTESIAN_POINT('',(49.282644529007,-1.846506127706,
    19.533994429681));
#700 = CARTESIAN_POINT('',(49.87500698351,-1.84101677716,19.475923166666
    ));
#701 = CARTESIAN_POINT('',(50.465286703918,-1.833704495054,
    19.39856730212));
#702 = CARTESIAN_POINT('',(51.052792657461,-1.824576984107,
    19.30200832225));
#703 = CARTESIAN_POINT('',(51.636837415617,-1.813644498961,
    19.18635470988));
#704 = CARTESIAN_POINT('',(52.216738352479,-1.800919829024,
    19.051741762787));
#705 = CARTESIAN_POINT('',(52.791818817138,-1.786418275115,
    18.898331346747));
#706 = CARTESIAN_POINT('',(53.361409302607,-1.770157620992,
    18.726311594255));
#707 = CARTESIAN_POINT('',(53.924848584905,-1.752158099105,
    18.535896542273));
#708 = CARTESIAN_POINT('',(54.48148484487,-1.732442351363,
    18.327325717197));
#709 = CARTESIAN_POINT('',(55.579868675632,-1.68962841825,
    17.874401614537));
#710 = CARTESIAN_POINT('',(56.121616242121,-1.666530233533,
    17.630048343883));
#711 = CARTESIAN_POINT('',(56.655278148903,-1.641765836075,
    17.368068383602));
#712 = CARTESIAN_POINT('',(57.180223564315,-1.615362598538,
    17.088751306195));
#713 = CARTESIAN_POINT('',(57.695833252274,-1.58735021492,
    16.792411241411));
#714 = CARTESIAN_POINT('',(58.201500625751,-1.557760649913,
    16.479386340268));
#715 = CARTESIAN_POINT('',(58.696632810187,-1.526628085503,
    16.150038210546));
#716 = CARTESIAN_POINT('',(59.180651610006,-1.49398886192,
    15.804751291552));
#717 = CARTESIAN_POINT('',(59.65299450989,-1.459881416499,
    15.443932207975));
#718 = CARTESIAN_POINT('',(60.113115573187,-1.424346216733,
    15.068009061062));
#719 = CARTESIAN_POINT('',(60.560486359914,-1.387425690827,
    14.677430694413));
#720 = CARTESIAN_POINT('',(60.994596771713,-1.349164153249,
    14.272665906084));
#721 = CARTESIAN_POINT('',(62.255674105363,-1.230494874119,
    13.017276063228));
#722 = CARTESIAN_POINT('',(63.04138781822,-1.146202458302,
    12.125555447561));
#723 = CARTESIAN_POINT('',(63.768167793384,-1.057099488844,
    11.182944490062));
#724 = CARTESIAN_POINT('',(64.432393667908,-0.963583955796,
    10.193653485691));
#725 = CARTESIAN_POINT('',(65.030778166432,-0.866080352357,
    9.162173103446));
#726 = CARTESIAN_POINT('',(65.560389709971,-0.765037078473,
    8.093246919215));
#727 = CARTESIAN_POINT('',(66.018673422001,-0.660923725542,
    6.991842691164));
#728 = CARTESIAN_POINT('',(66.403470513801,-0.554228242205,
    5.863122376662));
#729 = CARTESIAN_POINT('',(66.713036074385,-0.445453981254,
    4.712410892085));
#730 = CARTESIAN_POINT('',(66.946055235001,-0.3351166276,3.545163613925)
  );
#731 = CARTESIAN_POINT('',(67.101657738163,-0.223741007377,
    2.366932622766));
#732 = CARTESIAN_POINT('',(67.179430886072,-0.111857778111,
    1.183331688832));
#733 = CARTESIAN_POINT('',(67.179430886082,2.223772250032E-02,
    -0.235250531223));
#734 = CARTESIAN_POINT('',(67.179430886083,4.465287363762E-02,
    -0.472378061366));
#735 = CARTESIAN_POINT('',(67.179430886085,6.724545341189E-02,
    -0.711382590428));
#736 = CARTESIAN_POINT('',(67.179430886086,9.001546182313E-02,
    -0.95226411841));
#737 = CARTESIAN_POINT('',(67.179430886088,0.112962898871,
    -1.195022645311));
#738 = CARTESIAN_POINT('',(67.17943088609,0.136087764557,-1.439658171131
    ));
#739 = CARTESIAN_POINT('',(67.179430886091,0.159390058879,-1.68617069587
    ));
#740 = CARTESIAN_POINT('',(67.179430886093,0.182869781838,
    -1.934560219529));
#741 = CARTESIAN_POINT('',(67.179430886094,0.206526933434,
    -2.184826742107));
#742 = CARTESIAN_POINT('',(67.179430886096,0.230361513667,
    -2.436970263605));
#743 = CARTESIAN_POINT('',(67.179430886098,0.254373522537,
    -2.690990784022));
#744 = CARTESIAN_POINT('',(67.179430886099,0.278562960044,
    -2.946888303358));
#745 = CARTESIAN_POINT('',(67.179430886101,0.302929826188,
    -3.204662821613));
#746 = DEFINITIONAL_REPRESENTATION('',(#747),#751);
#747 = LINE('',#748,#749);
#748 = CARTESIAN_POINT('',(0.,0.));
#749 = VECTOR('',#750,1.);
#750 = DIRECTION('',(0.,1.));
#751 = ( GEOMETRIC_REPRESENTATION_CONTEXT(2) 
PARAMETRIC_REPRESENTATION_CONTEXT() REPRESENTATION_CONTEXT('2D SPACE',''
  ) );
#752 = ORIENTED_EDGE('',*,*,#753,.T.);
#753 = EDGE_CURVE('',#286,#754,#756,.T.);
#754 = VERTEX_POINT('',#755);
#755 = CARTESIAN_POINT('',(27.919397353503,-1.977708764,6.086761704289)
  );
#756 = SURFACE_CURVE('',#757,(#762,#780),.PCURVE_S1.);
#757 = CIRCLE('',#758,6.4);
#758 = AXIS2_PLACEMENT_3D('',#759,#760,#761);
#759 = CARTESIAN_POINT('',(27.919397353503,0.,0.));
#760 = DIRECTION('',(1.,0.,0.));
#761 = DIRECTION('',(-0.,0.,1.));
#762 = PCURVE('',#33,#763);
#763 = DEFINITIONAL_REPRESENTATION('',(#764),#779);
#764 = B_SPLINE_CURVE_WITH_KNOTS('',7,(#765,#766,#767,#768,#769,#770,
    #771,#772,#773,#774,#775,#776,#777,#778),.UNSPECIFIED.,.F.,.F.,(8,6,
    8),(0.156689149398,0.778556603819,1.40042405824),.UNSPECIFIED.);
#765 = CARTESIAN_POINT('',(3.192553672663,0.311906373581));
#766 = CARTESIAN_POINT('',(3.221160658342,0.307381047305));
#767 = CARTESIAN_POINT('',(3.249201808798,0.299894613179));
#768 = CARTESIAN_POINT('',(3.276238422398,0.289523388269));
#769 = CARTESIAN_POINT('',(3.301860773399,0.276417275672));
#770 = CARTESIAN_POINT('',(3.325728851855,0.260791174087));
#771 = CARTESIAN_POINT('',(3.347580808536,0.242900360784));
#772 = CARTESIAN_POINT('',(3.386856235147,0.203151230764));
#773 = CARTESIAN_POINT('',(3.404279734205,0.181292914588));
#774 = CARTESIAN_POINT('',(3.419291000137,0.157731742173));
#775 = CARTESIAN_POINT('',(3.431756851418,0.132774301125));
#776 = CARTESIAN_POINT('',(3.44159622994,0.106736718622));
#777 = CARTESIAN_POINT('',(3.448758720428,7.993831390879E-02));
#778 = CARTESIAN_POINT('',(3.453219121764,5.269988221286E-02));
#779 = ( GEOMETRIC_REPRESENTATION_CONTEXT(2) 
PARAMETRIC_REPRESENTATION_CONTEXT() REPRESENTATION_CONTEXT('2D SPACE',''
  ) );
#780 = PCURVE('',#781,#786);
#781 = CYLINDRICAL_SURFACE('',#782,6.4);
#782 = AXIS2_PLACEMENT_3D('',#783,#784,#785);
#783 = CARTESIAN_POINT('',(23.2,0.,0.));
#784 = DIRECTION('',(1.,0.,0.));
#785 = DIRECTION('',(-0.,0.,1.));
#786 = DEFINITIONAL_REPRESENTATION('',(#787),#791);
#787 = LINE('',#788,#789);
#788 = CARTESIAN_POINT('',(0.,4.719397353503));
#789 = VECTOR('',#790,1.);
#790 = DIRECTION('',(1.,0.));
#791 = ( GEOMETRIC_REPRESENTATION_CONTEXT(2) 
PARAMETRIC_REPRESENTATION_CONTEXT() REPRESENTATION_CONTEXT('2D SPACE',''
  ) );
#792 = ORIENTED_EDGE('',*,*,#793,.T.);
#793 = EDGE_CURVE('',#754,#794,#796,.T.);
#794 = VERTEX_POINT('',#795);
#795 = CARTESIAN_POINT('',(29.776851295551,-3.244678440937,
    9.986093421099));
#796 = SURFACE_CURVE('',#797,(#802,#813),.PCURVE_S1.);
#797 = CIRCLE('',#798,20.6);
#798 = AXIS2_PLACEMENT_3D('',#799,#800,#801);
#799 = CARTESIAN_POINT('',(47.5,4.223539368443E-16,1.372311128622E-16));
#800 = DIRECTION('',(-0.,0.951056516295,0.309016994375));
#801 = DIRECTION('',(0.,-0.309016994375,0.951056516295));
#802 = PCURVE('',#33,#803);
#803 = DEFINITIONAL_REPRESENTATION('',(#804),#812);
#804 = B_SPLINE_CURVE_WITH_KNOTS('',6,(#805,#806,#807,#808,#809,#810,
    #811),.UNSPECIFIED.,.F.,.F.,(7,7),(5.028296922675,5.247235196402),
  .PIECEWISE_BEZIER_KNOTS.);
#805 = CARTESIAN_POINT('',(3.24225473928,0.299951496489));
#806 = CARTESIAN_POINT('',(3.254609292375,0.334479599368));
#807 = CARTESIAN_POINT('',(3.267280492045,0.368955997908));
#808 = CARTESIAN_POINT('',(3.280335946441,0.403369557614));
#809 = CARTESIAN_POINT('',(3.293853120769,0.437707443201));
#810 = CARTESIAN_POINT('',(3.307923515806,0.471954404453));
#811 = CARTESIAN_POINT('',(3.322663193003,0.506090827365));
#812 = ( GEOMETRIC_REPRESENTATION_CONTEXT(2) 
PARAMETRIC_REPRESENTATION_CONTEXT() REPRESENTATION_CONTEXT('2D SPACE',''
  ) );
#813 = PCURVE('',#814,#819);
#814 = PLANE('',#815);
#815 = AXIS2_PLACEMENT_3D('',#816,#817,#818);
#816 = CARTESIAN_POINT('',(19.6,-3.949007723159,12.153796057743));
#817 = DIRECTION('',(-0.,0.951056516295,0.309016994375));
#818 = DIRECTION('',(0.,0.309016994375,-0.951056516295));
#819 = DEFINITIONAL_REPRESENTATION('',(#820),#824);
#820 = CIRCLE('',#821,20.6);
#821 = AXIS2_PLACEMENT_2D('',#822,#823);
#822 = CARTESIAN_POINT('',(12.779257435813,-27.9));
#823 = DIRECTION('',(-1.,-0.));
#824 = ( GEOMETRIC_REPRESENTATION_CONTEXT(2) 
PARAMETRIC_REPRESENTATION_CONTEXT() REPRESENTATION_CONTEXT('2D SPACE',''
  ) );
#825 = ORIENTED_EDGE('',*,*,#826,.T.);
#826 = EDGE_CURVE('',#794,#827,#829,.T.);
#827 = VERTEX_POINT('',#828);
#828 = CARTESIAN_POINT('',(29.776851295551,-6.749269901709,
    8.043466652749));
#829 = SURFACE_CURVE('',#830,(#835,#846),.PCURVE_S1.);
#830 = CIRCLE('',#831,10.5);
#831 = AXIS2_PLACEMENT_3D('',#832,#833,#834);
#832 = CARTESIAN_POINT('',(29.776851295551,0.,0.));
#833 = DIRECTION('',(1.,0.,0.));
#834 = DIRECTION('',(-0.,0.,1.));
#835 = PCURVE('',#33,#836);
#836 = DEFINITIONAL_REPRESENTATION('',(#837),#845);
#837 = B_SPLINE_CURVE_WITH_KNOTS('',6,(#838,#839,#840,#841,#842,#843,
    #844),.UNSPECIFIED.,.F.,.F.,(7,7),(0.314159265359,0.698131700798),
  .PIECEWISE_BEZIER_KNOTS.);
#838 = CARTESIAN_POINT('',(3.322663193003,0.506090827365));
#839 = CARTESIAN_POINT('',(3.35755199304,0.49456636098));
#840 = CARTESIAN_POINT('',(3.391035499456,0.480406457945));
#841 = CARTESIAN_POINT('',(3.422768470546,0.463768850944));
#842 = CARTESIAN_POINT('',(3.452500139701,0.44486026385));
#843 = CARTESIAN_POINT('',(3.480087904374,0.423905686213));
#844 = CARTESIAN_POINT('',(3.505453064729,0.401130710243));
#845 = ( GEOMETRIC_REPRESENTATION_CONTEXT(2) 
PARAMETRIC_REPRESENTATION_CONTEXT() REPRESENTATION_CONTEXT('2D SPACE',''
  ) );
#846 = PCURVE('',#847,#852);
#847 = CYLINDRICAL_SURFACE('',#848,10.5);
#848 = AXIS2_PLACEMENT_3D('',#849,#850,#851);
#849 = CARTESIAN_POINT('',(20.6,0.,0.));
#850 = DIRECTION('',(1.,0.,0.));
#851 = DIRECTION('',(-0.,0.,1.));
#852 = DEFINITIONAL_REPRESENTATION('',(#853),#857);
#853 = LINE('',#854,#855);
#854 = CARTESIAN_POINT('',(0.,9.176851295551));
#855 = VECTOR('',#856,1.);
#856 = DIRECTION('',(1.,0.));
#857 = ( GEOMETRIC_REPRESENTATION_CONTEXT(2) 
PARAMETRIC_REPRESENTATION_CONTEXT() REPRESENTATION_CONTEXT('2D SPACE',''
  ) );
#858 = ORIENTED_EDGE('',*,*,#859,.T.);
#859 = EDGE_CURVE('',#827,#860,#862,.T.);
#860 = VERTEX_POINT('',#861);
#861 = CARTESIAN_POINT('',(27.919397353503,-4.113840701994,
    4.902684435961));
#862 = SURFACE_CURVE('',#863,(#868,#878),.PCURVE_S1.);
#863 = CIRCLE('',#864,20.6);
#864 = AXIS2_PLACEMENT_3D('',#865,#866,#867);
#865 = CARTESIAN_POINT('',(47.5,0.,0.));
#866 = DIRECTION('',(0.,-0.766044443119,-0.642787609687));
#867 = DIRECTION('',(0.,0.642787609687,-0.766044443119));
#868 = PCURVE('',#33,#869);
#869 = DEFINITIONAL_REPRESENTATION('',(#870),#877);
#870 = B_SPLINE_CURVE_WITH_KNOTS('',5,(#871,#872,#873,#874,#875,#876),
  .UNSPECIFIED.,.F.,.F.,(6,6),(4.177542764368,4.396481038095),
  .PIECEWISE_BEZIER_KNOTS.);
#871 = CARTESIAN_POINT('',(3.505453064729,0.401130710243));
#872 = CARTESIAN_POINT('',(3.472243874205,0.369783502167));
#873 = CARTESIAN_POINT('',(3.440138518725,0.337940758926));
#874 = CARTESIAN_POINT('',(3.408950716791,0.305696400744));
#875 = CARTESIAN_POINT('',(3.378514593635,0.273126996082));
#876 = CARTESIAN_POINT('',(3.348678474231,0.240300384011));
#877 = ( GEOMETRIC_REPRESENTATION_CONTEXT(2) 
PARAMETRIC_REPRESENTATION_CONTEXT() REPRESENTATION_CONTEXT('2D SPACE',''
  ) );
#878 = PCURVE('',#879,#884);
#879 = PLANE('',#880);
#880 = AXIS2_PLACEMENT_3D('',#881,#882,#883);
#881 = CARTESIAN_POINT('',(19.6,0.,0.));
#882 = DIRECTION('',(0.,-0.766044443119,-0.642787609687));
#883 = DIRECTION('',(0.,-0.642787609687,0.766044443119));
#884 = DEFINITIONAL_REPRESENTATION('',(#885),#889);
#885 = CIRCLE('',#886,20.6);
#886 = AXIS2_PLACEMENT_2D('',#887,#888);
#887 = CARTESIAN_POINT('',(0.,-27.9));
#888 = DIRECTION('',(-1.,-0.));
#889 = ( GEOMETRIC_REPRESENTATION_CONTEXT(2) 
PARAMETRIC_REPRESENTATION_CONTEXT() REPRESENTATION_CONTEXT('2D SPACE',''
  ) );
#890 = ORIENTED_EDGE('',*,*,#891,.T.);
#891 = EDGE_CURVE('',#860,#24,#892,.T.);
#892 = SURFACE_CURVE('',#893,(#898,#916),.PCURVE_S1.);
#893 = CIRCLE('',#894,6.4);
#894 = AXIS2_PLACEMENT_3D('',#895,#896,#897);
#895 = CARTESIAN_POINT('',(27.919397353503,0.,0.));
#896 = DIRECTION('',(1.,0.,0.));
#897 = DIRECTION('',(-0.,0.,1.));
#898 = PCURVE('',#33,#899);
#899 = DEFINITIONAL_REPRESENTATION('',(#900),#915);
#900 = B_SPLINE_CURVE_WITH_KNOTS('',7,(#901,#902,#903,#904,#905,#906,
    #907,#908,#909,#910,#911,#912,#913,#914),.UNSPECIFIED.,.F.,.F.,(8,6,
    8),(0.156689149398,0.778556603819,1.40042405824),.UNSPECIFIED.);
#901 = CARTESIAN_POINT('',(3.192553672663,0.311906373581));
#902 = CARTESIAN_POINT('',(3.221160658342,0.307381047305));
#903 = CARTESIAN_POINT('',(3.249201808798,0.299894613179));
#904 = CARTESIAN_POINT('',(3.276238422398,0.289523388269));
#905 = CARTESIAN_POINT('',(3.301860773399,0.276417275672));
#906 = CARTESIAN_POINT('',(3.325728851855,0.260791174087));
#907 = CARTESIAN_POINT('',(3.347580808536,0.242900360784));
#908 = CARTESIAN_POINT('',(3.386856235147,0.203151230764));
#909 = CARTESIAN_POINT('',(3.404279734205,0.181292914588));
#910 = CARTESIAN_POINT('',(3.419291000137,0.157731742173));
#911 = CARTESIAN_POINT('',(3.431756851418,0.132774301125));
#912 = CARTESIAN_POINT('',(3.44159622994,0.106736718622));
#913 = CARTESIAN_POINT('',(3.448758720428,7.993831390879E-02));
#914 = CARTESIAN_POINT('',(3.453219121764,5.269988221286E-02));
#915 = ( GEOMETRIC_REPRESENTATION_CONTEXT(2) 
PARAMETRIC_REPRESENTATION_CONTEXT() REPRESENTATION_CONTEXT('2D SPACE',''
  ) );
#916 = PCURVE('',#781,#917);
#917 = DEFINITIONAL_REPRESENTATION('',(#918),#922);
#918 = LINE('',#919,#920);
#919 = CARTESIAN_POINT('',(0.,4.719397353503));
#920 = VECTOR('',#921,1.);
#921 = DIRECTION('',(1.,0.));
#922 = ( GEOMETRIC_REPRESENTATION_CONTEXT(2) 
PARAMETRIC_REPRESENTATION_CONTEXT() REPRESENTATION_CONTEXT('2D SPACE',''
  ) );
#923 = ADVANCED_FACE('',(#924),#100,.T.);
#924 = FACE_BOUND('',#925,.T.);
#925 = EDGE_LOOP('',(#926,#998,#1017,#1018));
#926 = ORIENTED_EDGE('',*,*,#927,.F.);
#927 = EDGE_CURVE('',#928,#930,#932,.T.);
#928 = VERTEX_POINT('',#929);
#929 = CARTESIAN_POINT('',(64.964249196573,-4.445813570938,
    4.603774722167));
#930 = VERTEX_POINT('',#931);
#931 = CARTESIAN_POINT('',(30.035750803427,-4.445813570938,
    4.603774722167));
#932 = SURFACE_CURVE('',#933,(#938,#945),.PCURVE_S1.);
#933 = CIRCLE('',#934,18.6);
#934 = AXIS2_PLACEMENT_3D('',#935,#936,#937);
#935 = CARTESIAN_POINT('',(47.5,0.,0.));
#936 = DIRECTION('',(0.,-0.719339800339,-0.694658370459));
#937 = DIRECTION('',(0.,0.694658370459,-0.719339800339));
#938 = PCURVE('',#100,#939);
#939 = DEFINITIONAL_REPRESENTATION('',(#940),#944);
#940 = CIRCLE('',#941,18.6);
#941 = AXIS2_PLACEMENT_2D('',#942,#943);
#942 = CARTESIAN_POINT('',(0.,-30.));
#943 = DIRECTION('',(-1.,-0.));
#944 = ( GEOMETRIC_REPRESENTATION_CONTEXT(2) 
PARAMETRIC_REPRESENTATION_CONTEXT() REPRESENTATION_CONTEXT('2D SPACE',''
  ) );
#945 = PCURVE('',#946,#951);
#946 = SPHERICAL_SURFACE('',#947,18.6);
#947 = AXIS2_PLACEMENT_3D('',#948,#949,#950);
#948 = CARTESIAN_POINT('',(47.5,0.,0.));
#949 = DIRECTION('',(0.,0.,1.));
#950 = DIRECTION('',(1.,0.,-0.));
#951 = DEFINITIONAL_REPRESENTATION('',(#952),#997);
#952 = B_SPLINE_CURVE_WITH_KNOTS('',8,(#953,#954,#955,#956,#957,#958,
    #959,#960,#961,#962,#963,#964,#965,#966,#967,#968,#969,#970,#971,
    #972,#973,#974,#975,#976,#977,#978,#979,#980,#981,#982,#983,#984,
    #985,#986,#987,#988,#989,#990,#991,#992,#993,#994,#995,#996),
  .UNSPECIFIED.,.F.,.F.,(9,7,7,7,7,7,9),(1.570796326795,2.356194490192,
    2.94524311274,3.387029579652,3.718369429835,4.21537920511,
    4.712388980385),.UNSPECIFIED.);
#953 = CARTESIAN_POINT('',(6.28318530718,2.831012532716E-15));
#954 = CARTESIAN_POINT('',(6.214987381136,7.062101975559E-02));
#955 = CARTESIAN_POINT('',(6.1467895385,0.14124208604));
#956 = CARTESIAN_POINT('',(6.077554446892,0.211362288051));
#957 = CARTESIAN_POINT('',(6.006248820002,0.280482785023));
#958 = CARTESIAN_POINT('',(5.931756114773,0.348042320379));
#959 = CARTESIAN_POINT('',(5.852849285275,0.413379453131));
#960 = CARTESIAN_POINT('',(5.76805416164,0.475615958128));
#961 = CARTESIAN_POINT('',(5.607052711007,0.577116257143));
#962 = CARTESIAN_POINT('',(5.533998948124,0.618233400999));
#963 = CARTESIAN_POINT('',(5.45633636508,0.6564893714));
#964 = CARTESIAN_POINT('',(5.373559711359,0.691321783277));
#965 = CARTESIAN_POINT('',(5.285316032638,0.722092166628));
#966 = CARTESIAN_POINT('',(5.191572709152,0.748066245702));
#967 = CARTESIAN_POINT('',(5.093111937742,0.768573113707));
#968 = CARTESIAN_POINT('',(4.914892412897,0.794089044935));
#969 = CARTESIAN_POINT('',(4.836611944625,0.801690833693));
#970 = CARTESIAN_POINT('',(4.756997009979,0.805765033708));
#971 = CARTESIAN_POINT('',(4.676788450502,0.806183542452));
#972 = CARTESIAN_POINT('',(4.596870532907,0.802915747031));
#973 = CARTESIAN_POINT('',(4.518081963824,0.79605338198));
#974 = CARTESIAN_POINT('',(4.441074894777,0.785771429301));
#975 = CARTESIAN_POINT('',(4.310238190783,0.762190314364));
#976 = CARTESIAN_POINT('',(4.255427081455,0.750288080044));
#977 = CARTESIAN_POINT('',(4.202072259539,0.736685320016));
#978 = CARTESIAN_POINT('',(4.150306590816,0.721493961344));
#979 = CARTESIAN_POINT('',(4.100197075817,0.704833666802));
#980 = CARTESIAN_POINT('',(4.051756304667,0.686824585159));
#981 = CARTESIAN_POINT('',(4.004958858081,0.667582429329));
#982 = CARTESIAN_POINT('',(3.891941558736,0.61666831875));
#983 = CARTESIAN_POINT('',(3.827709843777,0.583591957855));
#984 = CARTESIAN_POINT('',(3.766879293968,0.548357594605));
#985 = CARTESIAN_POINT('',(3.709133940819,0.511302413986));
#986 = CARTESIAN_POINT('',(3.654115656341,0.472716408834));
#987 = CARTESIAN_POINT('',(3.601468411048,0.432846588626));
#988 = CARTESIAN_POINT('',(3.550851310167,0.391907815925));
#989 = CARTESIAN_POINT('',(3.453031165372,0.308268592933));
#990 = CARTESIAN_POINT('',(3.405828156605,0.265568168523));
#991 = CARTESIAN_POINT('',(3.360009103321,0.22217526168));
#992 = CARTESIAN_POINT('',(3.315269422713,0.178252114862));
#993 = CARTESIAN_POINT('',(3.271324788858,0.133942767416));
#994 = CARTESIAN_POINT('',(3.227905666003,8.937972578383E-02));
#995 = CARTESIAN_POINT('',(3.184749153664,4.468986406408E-02));
#996 = CARTESIAN_POINT('',(3.14159265359,1.321405775976E-16));
#997 = ( GEOMETRIC_REPRESENTATION_CONTEXT(2) 
PARAMETRIC_REPRESENTATION_CONTEXT() REPRESENTATION_CONTEXT('2D SPACE',''
  ) );
#998 = ORIENTED_EDGE('',*,*,#999,.T.);
#999 = EDGE_CURVE('',#928,#22,#1000,.T.);
#1000 = SURFACE_CURVE('',#1001,(#1005,#1011),.PCURVE_S1.);
#1001 = LINE('',#1002,#1003);
#1002 = CARTESIAN_POINT('',(64.5,-4.445813570938,4.603774722167));
#1003 = VECTOR('',#1004,1.);
#1004 = DIRECTION('',(1.,0.,0.));
#1005 = PCURVE('',#100,#1006);
#1006 = DEFINITIONAL_REPRESENTATION('',(#1007),#1010);
#1007 = B_SPLINE_CURVE_WITH_KNOTS('',1,(#1008,#1009),.UNSPECIFIED.,.F.,
  .F.,(2,2),(-6.000000070117E-07,7.3000006),.PIECEWISE_BEZIER_KNOTS.);
#1008 = CARTESIAN_POINT('',(6.4,-46.9999994));
#1009 = CARTESIAN_POINT('',(6.4,-54.3000006));
#1010 = ( GEOMETRIC_REPRESENTATION_CONTEXT(2) 
PARAMETRIC_REPRESENTATION_CONTEXT() REPRESENTATION_CONTEXT('2D SPACE',''
  ) );
#1011 = PCURVE('',#140,#1012);
#1012 = DEFINITIONAL_REPRESENTATION('',(#1013),#1016);
#1013 = B_SPLINE_CURVE_WITH_KNOTS('',1,(#1014,#1015),.UNSPECIFIED.,.F.,
  .F.,(2,2),(-6.000000070117E-07,7.3000006),.PIECEWISE_BEZIER_KNOTS.);
#1014 = CARTESIAN_POINT('',(0.767944870878,-6.000000070117E-07));
#1015 = CARTESIAN_POINT('',(0.767944870878,7.3000006));
#1016 = ( GEOMETRIC_REPRESENTATION_CONTEXT(2) 
PARAMETRIC_REPRESENTATION_CONTEXT() REPRESENTATION_CONTEXT('2D SPACE',''
  ) );
#1017 = ORIENTED_EDGE('',*,*,#21,.T.);
#1018 = ORIENTED_EDGE('',*,*,#1019,.T.);
#1019 = EDGE_CURVE('',#24,#930,#1020,.T.);
#1020 = SURFACE_CURVE('',#1021,(#1025,#1031),.PCURVE_S1.);
#1021 = LINE('',#1022,#1023);
#1022 = CARTESIAN_POINT('',(23.2,-4.445813570938,4.603774722167));
#1023 = VECTOR('',#1024,1.);
#1024 = DIRECTION('',(1.,0.,0.));
#1025 = PCURVE('',#100,#1026);
#1026 = DEFINITIONAL_REPRESENTATION('',(#1027),#1030);
#1027 = B_SPLINE_CURVE_WITH_KNOTS('',1,(#1028,#1029),.UNSPECIFIED.,.F.,
  .F.,(2,2),(-5.999999999062E-07,7.3000006),.PIECEWISE_BEZIER_KNOTS.);
#1028 = CARTESIAN_POINT('',(6.4,-5.6999994));
#1029 = CARTESIAN_POINT('',(6.4,-13.0000006));
#1030 = ( GEOMETRIC_REPRESENTATION_CONTEXT(2) 
PARAMETRIC_REPRESENTATION_CONTEXT() REPRESENTATION_CONTEXT('2D SPACE',''
  ) );
#1031 = PCURVE('',#781,#1032);
#1032 = DEFINITIONAL_REPRESENTATION('',(#1033),#1036);
#1033 = B_SPLINE_CURVE_WITH_KNOTS('',1,(#1034,#1035),.UNSPECIFIED.,.F.,
  .F.,(2,2),(-5.999999999062E-07,7.3000006),.PIECEWISE_BEZIER_KNOTS.);
#1034 = CARTESIAN_POINT('',(0.767944870878,-5.999999999062E-07));
#1035 = CARTESIAN_POINT('',(0.767944870878,7.3000006));
#1036 = ( GEOMETRIC_REPRESENTATION_CONTEXT(2) 
PARAMETRIC_REPRESENTATION_CONTEXT() REPRESENTATION_CONTEXT('2D SPACE',''
  ) );
#1037 = ADVANCED_FACE('',(#1038),#781,.F.);
#1038 = FACE_BOUND('',#1039,.F.);
#1039 = EDGE_LOOP('',(#1040,#1069,#1420,#1446,#1518,#1519,#1540,#1573,
    #1593,#1594));
#1040 = ORIENTED_EDGE('',*,*,#1041,.F.);
#1041 = EDGE_CURVE('',#1042,#930,#1044,.T.);
#1042 = VERTEX_POINT('',#1043);
#1043 = CARTESIAN_POINT('',(30.035750727053,-1.451502009488,
    6.233228851603));
#1044 = SURFACE_CURVE('',#1045,(#1050,#1057),.PCURVE_S1.);
#1045 = CIRCLE('',#1046,6.4);
#1046 = AXIS2_PLACEMENT_3D('',#1047,#1048,#1049);
#1047 = CARTESIAN_POINT('',(30.035750803427,0.,0.));
#1048 = DIRECTION('',(1.,1.331035467421E-07,4.324796397496E-08));
#1049 = DIRECTION('',(-1.193349863371E-08,-0.226797188982,0.973942008063
    ));
#1050 = PCURVE('',#781,#1051);
#1051 = DEFINITIONAL_REPRESENTATION('',(#1052),#1056);
#1052 = LINE('',#1053,#1054);
#1053 = CARTESIAN_POINT('',(0.228787914032,6.835750803427));
#1054 = VECTOR('',#1055,1.);
#1055 = DIRECTION('',(1.,0.));
#1056 = ( GEOMETRIC_REPRESENTATION_CONTEXT(2) 
PARAMETRIC_REPRESENTATION_CONTEXT() REPRESENTATION_CONTEXT('2D SPACE',''
  ) );
#1057 = PCURVE('',#946,#1058);
#1058 = DEFINITIONAL_REPRESENTATION('',(#1059),#1068);
#1059 = B_SPLINE_CURVE_WITH_KNOTS('',7,(#1060,#1061,#1062,#1063,#1064,
    #1065,#1066,#1067),.UNSPECIFIED.,.F.,.F.,(8,8),(0.,0.539156956845),
  .PIECEWISE_BEZIER_KNOTS.);
#1060 = CARTESIAN_POINT('',(3.224514831857,0.341732412512));
#1061 = CARTESIAN_POINT('',(3.251816595833,0.335352861961));
#1062 = CARTESIAN_POINT('',(3.278402520225,0.326528417826));
#1063 = CARTESIAN_POINT('',(3.303953816846,0.315343775366));
#1064 = CARTESIAN_POINT('',(3.328183434266,0.30193000493));
#1065 = CARTESIAN_POINT('',(3.350857369182,0.286456492371));
#1066 = CARTESIAN_POINT('',(3.371796315958,0.269115682416));
#1067 = CARTESIAN_POINT('',(3.390864601359,0.250114367824));
#1068 = ( GEOMETRIC_REPRESENTATION_CONTEXT(2) 
PARAMETRIC_REPRESENTATION_CONTEXT() REPRESENTATION_CONTEXT('2D SPACE',''
  ) );
#1069 = ORIENTED_EDGE('',*,*,#1070,.T.);
#1070 = EDGE_CURVE('',#1042,#1071,#1073,.T.);
#1071 = VERTEX_POINT('',#1072);
#1072 = CARTESIAN_POINT('',(29.102173971031,-0.602293205238,
    6.37159657346));
#1073 = SURFACE_CURVE('',#1074,(#1097,#1123),.PCURVE_S1.);
#1074 = B_SPLINE_CURVE_WITH_KNOTS('',6,(#1075,#1076,#1077,#1078,#1079,
    #1080,#1081,#1082,#1083,#1084,#1085,#1086,#1087,#1088,#1089,#1090,
    #1091,#1092,#1093,#1094,#1095,#1096),.UNSPECIFIED.,.F.,.F.,(7,5,5,5,
    7),(0.,0.249392919989,0.499381704408,0.749410125905,1.),
  .UNSPECIFIED.);
#1075 = CARTESIAN_POINT('',(30.035750727053,-1.451502009488,
    6.233228851603));
#1076 = CARTESIAN_POINT('',(30.03575072751,-1.400763102643,
    6.245044176693));
#1077 = CARTESIAN_POINT('',(30.031774290093,-1.348736671999,
    6.256636782576));
#1078 = CARTESIAN_POINT('',(30.023410622329,-1.295814770844,
    6.267870396169));
#1079 = CARTESIAN_POINT('',(30.010313245402,-1.242507088307,
    6.278605609856));
#1080 = CARTESIAN_POINT('',(29.992287615375,-1.189439031035,
    6.28872364605));
#1081 = CARTESIAN_POINT('',(29.946341221452,-1.084977152219,
    6.307586569302));
#1082 = CARTESIAN_POINT('',(29.918396762436,-1.03358771638,
    6.316328094542));
#1083 = CARTESIAN_POINT('',(29.885515716871,-0.983765833556,
    6.324286869479));
#1084 = CARTESIAN_POINT('',(29.847905529123,-0.936214451545,
    6.331418656916));
#1085 = CARTESIAN_POINT('',(29.806011534302,-0.891580341474,
    6.337729360468));
#1086 = CARTESIAN_POINT('',(29.714831356649,-0.80914982659,6.34877988737
    ));
#1087 = CARTESIAN_POINT('',(29.665544171867,-0.771354634823,
    6.353519522705));
#1088 = CARTESIAN_POINT('',(29.61315412657,-0.737488680209,
    6.357508144341));
#1089 = CARTESIAN_POINT('',(29.558404261611,-0.707920806135,
    6.360812096514));
#1090 = CARTESIAN_POINT('',(29.502084382903,-0.682810423161,
    6.363505447613));
#1091 = CARTESIAN_POINT('',(29.387642433135,-0.641434353281,
    6.367809322443));
#1092 = CARTESIAN_POINT('',(29.329516767623,-0.625188538509,
    6.369417419584));
#1093 = CARTESIAN_POINT('',(29.271289716043,-0.613396759321,
    6.370546858839));
#1094 = CARTESIAN_POINT('',(29.213648192614,-0.605870718269,
    6.371258429339));
#1095 = CARTESIAN_POINT('',(29.157138917992,-0.602293205238,
    6.37159657346));
#1096 = CARTESIAN_POINT('',(29.102173971031,-0.602293205238,
    6.37159657346));
#1097 = PCURVE('',#781,#1098);
#1098 = DEFINITIONAL_REPRESENTATION('',(#1099),#1122);
#1099 = B_SPLINE_CURVE_WITH_KNOTS('',6,(#1100,#1101,#1102,#1103,#1104,
    #1105,#1106,#1107,#1108,#1109,#1110,#1111,#1112,#1113,#1114,#1115,
    #1116,#1117,#1118,#1119,#1120,#1121),.UNSPECIFIED.,.F.,.F.,(7,5,5,5,
    7),(0.,0.249392919989,0.499381704408,0.749410125905,1.),
  .UNSPECIFIED.);
#1100 = CARTESIAN_POINT('',(0.228787914032,6.835750727053));
#1101 = CARTESIAN_POINT('',(0.220647846011,6.83575072751));
#1102 = CARTESIAN_POINT('',(0.212319736291,6.831774290093));
#1103 = CARTESIAN_POINT('',(0.203867110838,6.823410622329));
#1104 = CARTESIAN_POINT('',(0.195371260181,6.810313245402));
#1105 = CARTESIAN_POINT('',(0.186930409806,6.792287615375));
#1106 = CARTESIAN_POINT('',(0.170344272487,6.746341221452));
#1107 = CARTESIAN_POINT('',(0.162199751826,6.718396762436));
#1108 = CARTESIAN_POINT('',(0.154316970708,6.685515716871));
#1109 = CARTESIAN_POINT('',(0.146804391711,6.647905529123));
#1110 = CARTESIAN_POINT('',(0.139761131032,6.606011534302));
#1111 = CARTESIAN_POINT('',(0.126766142581,6.514831356649));
#1112 = CARTESIAN_POINT('',(0.120814606856,6.465544171867));
#1113 = CARTESIAN_POINT('',(0.115486662929,6.41315412657));
#1114 = CARTESIAN_POINT('',(0.110837999058,6.358404261611));
#1115 = CARTESIAN_POINT('',(0.106892017846,6.302084382903));
#1116 = CARTESIAN_POINT('',(0.100392125837,6.187642433135));
#1117 = CARTESIAN_POINT('',(9.784134342572E-02,6.129516767623));
#1118 = CARTESIAN_POINT('',(9.599044527757E-02,6.071289716043));
#1119 = CARTESIAN_POINT('',(9.48092575176E-02,6.013648192614));
#1120 = CARTESIAN_POINT('',(9.424777960769E-02,5.957138917992));
#1121 = CARTESIAN_POINT('',(9.424777960769E-02,5.902173971031));
#1122 = ( GEOMETRIC_REPRESENTATION_CONTEXT(2) 
PARAMETRIC_REPRESENTATION_CONTEXT() REPRESENTATION_CONTEXT('2D SPACE',''
  ) );
#1123 = PCURVE('',#1124,#1395);
#1124 = ( BOUNDED_SURFACE() B_SPLINE_SURFACE(2,12,(
    (#1125,#1126,#1127,#1128,#1129,#1130,#1131,#1132,#1133,#1134,#1135
      ,#1136,#1137,#1138,#1139,#1140,#1141,#1142,#1143,#1144,#1145,#1146
      ,#1147,#1148,#1149,#1150,#1151,#1152,#1153,#1154,#1155,#1156,#1157
      ,#1158,#1159,#1160,#1161,#1162,#1163,#1164,#1165,#1166,#1167,#1168
      ,#1169,#1170,#1171,#1172,#1173,#1174,#1175,#1176,#1177,#1178,#1179
      ,#1180,#1181,#1182,#1183,#1184,#1185,#1186,#1187,#1188,#1189,#1190
      ,#1191,#1192,#1193,#1194,#1195,#1196,#1197,#1198,#1199,#1200,#1201
      ,#1202,#1203,#1204,#1205,#1206,#1207,#1208,#1209,#1210,#1211,#1212
      ,#1213,#1214)
    ,(#1215,#1216,#1217,#1218,#1219,#1220,#1221,#1222,#1223,#1224,#1225
      ,#1226,#1227,#1228,#1229,#1230,#1231,#1232,#1233,#1234,#1235,#1236
      ,#1237,#1238,#1239,#1240,#1241,#1242,#1243,#1244,#1245,#1246,#1247
      ,#1248,#1249,#1250,#1251,#1252,#1253,#1254,#1255,#1256,#1257,#1258
      ,#1259,#1260,#1261,#1262,#1263,#1264,#1265,#1266,#1267,#1268,#1269
      ,#1270,#1271,#1272,#1273,#1274,#1275,#1276,#1277,#1278,#1279,#1280
      ,#1281,#1282,#1283,#1284,#1285,#1286,#1287,#1288,#1289,#1290,#1291
      ,#1292,#1293,#1294,#1295,#1296,#1297,#1298,#1299,#1300,#1301,#1302
      ,#1303,#1304)
    ,(#1305,#1306,#1307,#1308,#1309,#1310,#1311,#1312,#1313,#1314,#1315
      ,#1316,#1317,#1318,#1319,#1320,#1321,#1322,#1323,#1324,#1325,#1326
      ,#1327,#1328,#1329,#1330,#1331,#1332,#1333,#1334,#1335,#1336,#1337
      ,#1338,#1339,#1340,#1341,#1342,#1343,#1344,#1345,#1346,#1347,#1348
      ,#1349,#1350,#1351,#1352,#1353,#1354,#1355,#1356,#1357,#1358,#1359
      ,#1360,#1361,#1362,#1363,#1364,#1365,#1366,#1367,#1368,#1369,#1370
      ,#1371,#1372,#1373,#1374,#1375,#1376,#1377,#1378,#1379,#1380,#1381
      ,#1382,#1383,#1384,#1385,#1386,#1387,#1388,#1389,#1390,#1391,#1392
      ,#1393,#1394
)),.UNSPECIFIED.,.F.,.F.,.F.) B_SPLINE_SURFACE_WITH_KNOTS((3,3),(13,11,
    11,11,11,11,11,11,13),(0.,58.43362335677),(-2.776016373373,
    -7.339787318653E-15,14.608405839192,21.912608758789,29.216811678385,
    36.521014597981,43.825217517577,58.43362335677,61.209639730144),
.UNSPECIFIED.) GEOMETRIC_REPRESENTATION_ITEM() RATIONAL_B_SPLINE_SURFACE
((
    (1.,1.,1.,1.,1.,1.,1.,1.,1.,1.,1.,1.,1.,1.,1.,1.,1.,1.,1.,1.,1.,1.
      ,1.,1.,1.,1.,1.,1.,1.,1.,1.,1.,1.,1.,1.,1.,1.,1.,1.,1.,1.,1.,1.,1.
      ,1.,1.,1.,1.,1.,1.,1.,1.,1.,1.,1.,1.,1.,1.,1.,1.,1.,1.,1.,1.,1.,1.
      ,1.,1.,1.,1.,1.,1.,1.,1.,1.,1.,1.,1.,1.,1.,1.,1.,1.,1.,1.,1.,1.,1.
      ,1.,1.)
    ,(0.72324057068,0.72324057068,0.72324057068,0.72324057068
      ,0.72324057068,0.72324057068,0.72324057068,0.72324057068
      ,0.72324057068,0.72324057068,0.72324057068,0.72324057068
      ,0.72324057068,0.723240570679,0.723240570681,0.723240570688
      ,0.723240570688,0.723240570696,0.723240570689,0.72324057069
      ,0.723240570683,0.723240570682,0.72324057068,0.72324057068
      ,0.723240570679,0.723240570682,0.723240570675,0.723240570687
      ,0.723240570673,0.723240570687,0.723240570677,0.723240570684
      ,0.723240570681,0.723240570682,0.723240570682,0.723240570682
      ,0.723240570681,0.723240570683,0.723240570679,0.723240570683
      ,0.723240570679,0.723240570681,0.723240570679,0.72324057068
      ,0.72324057068,0.72324057068,0.723240570679,0.72324057068
      ,0.723240570679,0.723240570682,0.72324057068,0.723240570682
      ,0.723240570681,0.723240570682,0.723240570682,0.723240570682
      ,0.723240570682,0.723240570681,0.723240570683,0.723240570679
      ,0.723240570684,0.723240570678,0.723240570683,0.723240570678
      ,0.72324057068,0.723240570679,0.72324057068,0.72324057068
      ,0.723240570681,0.723240570683,0.72324057069,0.72324057069
      ,0.723240570695,0.723240570688,0.723240570688,0.723240570681
      ,0.723240570679,0.723240570679,0.72324057068,0.72324057068
      ,0.72324057068,0.72324057068,0.72324057068,0.72324057068
      ,0.72324057068,0.72324057068,0.72324057068,0.72324057068
      ,0.72324057068,0.72324057068)
    ,(1.,1.,1.,1.,1.,1.,1.,1.,1.,1.,1.,1.,1.,1.,1.,1.,1.,1.,1.,1.,1.,1.
      ,1.,1.,1.,1.,1.,1.,1.,1.,1.,1.,1.,1.,1.,1.,1.,1.,1.,1.,1.,1.,1.,1.
      ,1.,1.,1.,1.,1.,1.,1.,1.,1.,1.,1.,1.,1.,1.,1.,1.,1.,1.,1.,1.,1.,1.
      ,1.,1.,1.,1.,1.,1.,1.,1.,1.,1.,1.,1.,1.,1.,1.,1.,1.,1.,1.,1.,1.,1.
,1.,1.))) REPRESENTATION_ITEM('') SURFACE() );
#1125 = CARTESIAN_POINT('',(28.020780303104,0.273519163451,
    -2.893530508835));
#1126 = CARTESIAN_POINT('',(28.020780303104,0.25072589983,
    -2.652402966432));
#1127 = CARTESIAN_POINT('',(28.020780303105,0.227932636209,
    -2.411275424029));
#1128 = CARTESIAN_POINT('',(28.020780303105,0.205139372588,
    -2.170147881626));
#1129 = CARTESIAN_POINT('',(28.020780303105,0.182346108967,
    -1.929020339224));
#1130 = CARTESIAN_POINT('',(28.020780303105,0.159552845347,
    -1.687892796821));
#1131 = CARTESIAN_POINT('',(28.020780303105,0.136759581726,
    -1.446765254418));
#1132 = CARTESIAN_POINT('',(28.020780303105,0.113966318105,
    -1.205637712015));
#1133 = CARTESIAN_POINT('',(28.020780303104,9.117305448374E-02,
    -0.964510169612));
#1134 = CARTESIAN_POINT('',(28.020780303104,6.837979086281E-02,
    -0.723382627209));
#1135 = CARTESIAN_POINT('',(28.020780303104,4.558652724187E-02,
    -0.482255084806));
#1136 = CARTESIAN_POINT('',(28.020780303103,2.279326362094E-02,
    -0.241127542403));
#1137 = CARTESIAN_POINT('',(28.020780303099,-0.119946427034,
    1.268900656428));
#1138 = CARTESIAN_POINT('',(28.111758587774,-0.23992086148,
    2.538097600326));
#1139 = CARTESIAN_POINT('',(28.293784039666,-0.359238811753,
    3.800349667094));
#1140 = CARTESIAN_POINT('',(28.566258887071,-0.47721856912,
    5.048445131625));
#1141 = CARTESIAN_POINT('',(28.927935049841,-0.593186911216,
    6.275262045223));
#1142 = CARTESIAN_POINT('',(29.376933895726,-0.706484558248,
    7.473825956165));
#1143 = CARTESIAN_POINT('',(29.910769400153,-0.816471381752,
    8.637365012684));
#1144 = CARTESIAN_POINT('',(30.526374719476,-0.922531366104,
    9.759362450137));
#1145 = CARTESIAN_POINT('',(31.220132165781,-1.024077322533,
    10.833606460203));
#1146 = CARTESIAN_POINT('',(31.987906595232,-1.120555355901,
    11.854237444371));
#1147 = CARTESIAN_POINT('',(32.825082199708,-1.211449084017,
    12.815792649669));
#1148 = CARTESIAN_POINT('',(34.177362963936,-1.338700872479,
    14.161975957533));
#1149 = CARTESIAN_POINT('',(34.644209572896,-1.379603336471,
    14.594678829082));
#1150 = CARTESIAN_POINT('',(35.126510694555,-1.418931643203,
    15.010728856271));
#1151 = CARTESIAN_POINT('',(35.623607077552,-1.456629023143,
    15.409525480168));
#1152 = CARTESIAN_POINT('',(36.134813395318,-1.492641420971,
    15.790496855264));
#1153 = CARTESIAN_POINT('',(36.659419636686,-1.526917613214,
    16.153101093762));
#1154 = CARTESIAN_POINT('',(37.196692572435,-1.559409319037,
    16.496827437843));
#1155 = CARTESIAN_POINT('',(37.745877269913,-1.590071303023,
    16.821197346704));
#1156 = CARTESIAN_POINT('',(38.306198688075,-1.618861471301,
    17.125765513767));
#1157 = CARTESIAN_POINT('',(38.876863321469,-1.6457409597,
    17.410120799011));
#1158 = CARTESIAN_POINT('',(39.457060918898,-1.670674215009,
    17.673887088772));
#1159 = CARTESIAN_POINT('',(40.634871599382,-1.716583922198,
    18.1595610603));
#1160 = CARTESIAN_POINT('',(41.232484677884,-1.737560373355,
    18.38146873443));
#1161 = CARTESIAN_POINT('',(41.837980260361,-1.756526251463,
    18.582106767389));
#1162 = CARTESIAN_POINT('',(42.450518123222,-1.773452767591,
    18.761170604117));
#1163 = CARTESIAN_POINT('',(43.069244808802,-1.788314585307,
    18.918392213131));
#1164 = CARTESIAN_POINT('',(43.693295432892,-1.801089882538,
    19.053540741058));
#1165 = CARTESIAN_POINT('',(44.321795528069,-1.811760403608,
    19.166423062972));
#1166 = CARTESIAN_POINT('',(44.953862929149,-1.820311501551,
    19.256884230204));
#1167 = CARTESIAN_POINT('',(45.588609676498,-1.826732169792,
    19.324807805302));
#1168 = CARTESIAN_POINT('',(46.22514394429,-1.831015063556,19.3701160887
    ));
#1169 = CARTESIAN_POINT('',(46.862571972134,-1.833156510436,
    19.392770230377));
#1170 = CARTESIAN_POINT('',(48.137428027866,-1.833156510436,
    19.39277023038));
#1171 = CARTESIAN_POINT('',(48.77485605571,-1.831015063554,
    19.370116088685));
#1172 = CARTESIAN_POINT('',(49.411390323498,-1.826732169795,
    19.324807805341));
#1173 = CARTESIAN_POINT('',(50.046137070867,-1.820311501545,
    19.25688423013));
#1174 = CARTESIAN_POINT('',(50.678204471891,-1.811760403617,
    19.166423063078));
#1175 = CARTESIAN_POINT('',(51.306704567173,-1.801089882528,
    19.05354074094));
#1176 = CARTESIAN_POINT('',(51.930755191123,-1.788314585316,
    18.918392213235));
#1177 = CARTESIAN_POINT('',(52.54948187684,-1.773452767586,
    18.761170604048));
#1178 = CARTESIAN_POINT('',(53.1620197396,-1.756526251466,
    18.582106767423));
#1179 = CARTESIAN_POINT('',(53.767515322135,-1.737560373354,
    18.381468734418));
#1180 = CARTESIAN_POINT('',(54.365128400611,-1.716583922198,
    18.159561060303));
#1181 = CARTESIAN_POINT('',(55.542939081113,-1.670674215009,
    17.67388708877));
#1182 = CARTESIAN_POINT('',(56.123136678474,-1.645740959701,
    17.410120799017));
#1183 = CARTESIAN_POINT('',(56.693801312079,-1.618861471299,
    17.125765513749));
#1184 = CARTESIAN_POINT('',(57.254122729797,-1.590071303027,
    16.821197346743));
#1185 = CARTESIAN_POINT('',(57.803307427981,-1.55940931903,
    16.496827437777));
#1186 = CARTESIAN_POINT('',(58.340580362848,-1.526917613223,
    16.153101093846));
#1187 = CARTESIAN_POINT('',(58.865186605094,-1.492641420962,
    15.790496855181));
#1188 = CARTESIAN_POINT('',(59.376392922166,-1.456629023149,
    15.409525480229));
#1189 = CARTESIAN_POINT('',(59.873489305591,-1.4189316432,
    15.010728856238));
#1190 = CARTESIAN_POINT('',(60.355790427051,-1.379603336473,
    14.594678829095));
#1191 = CARTESIAN_POINT('',(60.822637036073,-1.338700872478,
    14.161975957531));
#1192 = CARTESIAN_POINT('',(62.17491780028,-1.211449084017,
    12.815792649671));
#1193 = CARTESIAN_POINT('',(63.012093404809,-1.1205553559,
    11.854237444368));
#1194 = CARTESIAN_POINT('',(63.779867834115,-1.024077322533,
    10.833606460205));
#1195 = CARTESIAN_POINT('',(64.47362528073,-0.922531366104,
    9.759362450137));
#1196 = CARTESIAN_POINT('',(65.089230599537,-0.816471381753,
    8.637365012678));
#1197 = CARTESIAN_POINT('',(65.623066104636,-0.706484558248,
    7.473825956175));
#1198 = CARTESIAN_POINT('',(66.07206494983,-0.593186911216,
    6.275262045213));
#1199 = CARTESIAN_POINT('',(66.433741113161,-0.477218569121,
    5.048445131633));
#1200 = CARTESIAN_POINT('',(66.706215960209,-0.359238811753,
    3.80034966709));
#1201 = CARTESIAN_POINT('',(66.888241412274,-0.23992086148,
    2.538097600328));
#1202 = CARTESIAN_POINT('',(66.97921969689,-0.119946427034,
    1.268900656428));
#1203 = CARTESIAN_POINT('',(66.979219696899,2.279326362094E-02,
    -0.241127542403));
#1204 = CARTESIAN_POINT('',(66.9792196969,4.558652724189E-02,
    -0.482255084806));
#1205 = CARTESIAN_POINT('',(66.979219696902,6.837979086283E-02,
    -0.723382627209));
#1206 = CARTESIAN_POINT('',(66.979219696903,9.117305448377E-02,
    -0.964510169612));
#1207 = CARTESIAN_POINT('',(66.979219696905,0.113966318105,
    -1.205637712015));
#1208 = CARTESIAN_POINT('',(66.979219696906,0.136759581726,
    -1.446765254418));
#1209 = CARTESIAN_POINT('',(66.979219696908,0.159552845347,
    -1.687892796821));
#1210 = CARTESIAN_POINT('',(66.979219696909,0.182346108968,
    -1.929020339224));
#1211 = CARTESIAN_POINT('',(66.979219696911,0.205139372588,
    -2.170147881627));
#1212 = CARTESIAN_POINT('',(66.979219696912,0.227932636209,
    -2.411275424029));
#1213 = CARTESIAN_POINT('',(66.979219696914,0.25072589983,
    -2.652402966432));
#1214 = CARTESIAN_POINT('',(66.979219696915,0.273519163451,
    -2.893530508835));
#1215 = CARTESIAN_POINT('',(28.880157642668,0.273519163451,
    -2.893530508835));
#1216 = CARTESIAN_POINT('',(28.880157642668,0.249720314671,
    -2.64176498662));
#1217 = CARTESIAN_POINT('',(28.880157642669,0.226104299555,
    -2.391933642553));
#1218 = CARTESIAN_POINT('',(28.880157642669,0.202671118105,
    -2.144036476633));
#1219 = CARTESIAN_POINT('',(28.880157642669,0.179420770321,
    -1.898073488861));
#1220 = CARTESIAN_POINT('',(28.880157642669,0.156353256202,
    -1.654044679237));
#1221 = CARTESIAN_POINT('',(28.88015764267,0.133468575748,-1.41195004776
    ));
#1222 = CARTESIAN_POINT('',(28.88015764267,0.11076672896,-1.171789594431
    ));
#1223 = CARTESIAN_POINT('',(28.88015764267,8.824771583722E-02,
    -0.93356331925));
#1224 = CARTESIAN_POINT('',(28.880157642671,6.59115363798E-02,
    -0.697271222216));
#1225 = CARTESIAN_POINT('',(28.880157642671,4.375819058779E-02,
    -0.46291330333));
#1226 = CARTESIAN_POINT('',(28.880157642671,2.178767846119E-02,
    -0.230489562591));
#1227 = CARTESIAN_POINT('',(28.880157642673,-0.1146546729,1.212919745115
    ));
#1228 = CARTESIAN_POINT('',(28.967122335179,-0.229336926626,
    2.426131264885));
#1229 = CARTESIAN_POINT('',(29.141119142038,-0.343391809342,
    3.632705892625));
#1230 = CARTESIAN_POINT('',(29.401576517841,-0.456167328284,
    4.825746265339));
#1231 = CARTESIAN_POINT('',(29.747300445908,-0.567019815244,
    5.998443084645));
#1232 = CARTESIAN_POINT('',(30.176493984925,-0.675319068824,
    7.144129516136));
#1233 = CARTESIAN_POINT('',(30.686779869199,-0.780453273408,
    8.25633322664));
#1234 = CARTESIAN_POINT('',(31.275226158431,-0.881833694891,
    9.328826059898));
#1235 = CARTESIAN_POINT('',(31.938374941762,-0.978899153154,
    10.355671350347));
#1236 = CARTESIAN_POINT('',(32.672274091445,-1.07112027127,
    11.331268875068));
#1237 = CARTESIAN_POINT('',(33.472512069983,-1.158003501472,
    12.250397444073));
#1238 = CARTESIAN_POINT('',(34.765127647161,-1.279640641051,
    13.537183970972));
#1239 = CARTESIAN_POINT('',(35.211376097722,-1.318738405235,
    13.95079511275));
#1240 = CARTESIAN_POINT('',(35.672397233256,-1.356331484724,
    14.348488353137));
#1241 = CARTESIAN_POINT('',(36.147560947354,-1.392365616971,
    14.72968965437));
#1242 = CARTESIAN_POINT('',(36.636212204002,-1.426789132396,
    15.093852409335));
#1243 = CARTESIAN_POINT('',(37.137672368844,-1.459553067201,
    15.440458635237));
#1244 = CARTESIAN_POINT('',(37.651240602697,-1.490611269159,
    15.769020092406));
#1245 = CARTESIAN_POINT('',(38.176195315728,-1.519920496411,
    16.079079329866));
#1246 = CARTESIAN_POINT('',(38.711795683924,-1.54744050921,
    16.370210655467));
#1247 = CARTESIAN_POINT('',(39.25728322649,-1.573134154692,
    16.642021033031));
#1248 = CARTESIAN_POINT('',(39.811883445101,-1.596967444596,
    16.894150904264));
#1249 = CARTESIAN_POINT('',(40.937731603915,-1.640851807377,
    17.358398969976));
#1250 = CARTESIAN_POINT('',(41.508979539603,-1.660902879539,
    17.570517156889));
#1251 = CARTESIAN_POINT('',(42.087762503506,-1.679032087579,
    17.762304145051));
#1252 = CARTESIAN_POINT('',(42.673277330684,-1.695211909023,
    17.933468777133));
#1253 = CARTESIAN_POINT('',(43.264708199003,-1.709418121739,
    18.083754809689));
#1254 = CARTESIAN_POINT('',(43.861228355533,-1.721629863123,
    18.212941539507));
#1255 = CARTESIAN_POINT('',(44.462001882913,-1.731829680095,
    18.320844332175));
#1256 = CARTESIAN_POINT('',(45.066185498885,-1.740003569477,
    18.407315049656));
#1257 = CARTESIAN_POINT('',(45.67293038057,-1.746141008496,
    18.47224237255));
#1258 = CARTESIAN_POINT('',(46.281384005854,-1.750234975168,
    18.515552016094));
#1259 = CARTESIAN_POINT('',(46.890692002926,-1.752281958505,
    18.537206837861));
#1260 = CARTESIAN_POINT('',(48.109307997073,-1.752281958505,
    18.537206837862));
#1261 = CARTESIAN_POINT('',(48.718615994147,-1.750234975168,
    18.515552016093));
#1262 = CARTESIAN_POINT('',(49.327069619427,-1.746141008496,
    18.472242372552));
#1263 = CARTESIAN_POINT('',(49.933814501122,-1.740003569477,
    18.407315049653));
#1264 = CARTESIAN_POINT('',(50.537998117073,-1.731829680095,
    18.320844332182));
#1265 = CARTESIAN_POINT('',(51.138771644491,-1.721629863123,
    18.212941539497));
#1266 = CARTESIAN_POINT('',(51.735291800971,-1.709418121739,
    18.0837548097));
#1267 = CARTESIAN_POINT('',(52.326722669335,-1.695211909023,
    17.933468777126));
#1268 = CARTESIAN_POINT('',(52.912237496485,-1.679032087579,
    17.762304145054));
#1269 = CARTESIAN_POINT('',(53.4910204604,-1.660902879539,
    17.570517156888));
#1270 = CARTESIAN_POINT('',(54.062268396085,-1.640851807376,
    17.358398969976));
#1271 = CARTESIAN_POINT('',(55.188116554899,-1.596967444596,
    16.894150904265));
#1272 = CARTESIAN_POINT('',(55.742716773508,-1.573134154692,
    16.642021033028));
#1273 = CARTESIAN_POINT('',(56.288204316082,-1.54744050921,
    16.370210655477));
#1274 = CARTESIAN_POINT('',(56.82380468426,-1.51992049641,
    16.079079329847));
#1275 = CARTESIAN_POINT('',(57.348759397321,-1.49061126916,
    15.769020092433));
#1276 = CARTESIAN_POINT('',(57.862327631133,-1.4595530672,
    15.440458635207));
#1277 = CARTESIAN_POINT('',(58.363787796021,-1.426789132396,
    15.09385240936));
#1278 = CARTESIAN_POINT('',(58.852439052628,-1.392365616971,
    14.729689654355));
#1279 = CARTESIAN_POINT('',(59.327602766754,-1.356331484724,
    14.348488353144));
#1280 = CARTESIAN_POINT('',(59.788623902273,-1.318738405235,
    13.950795112747));
#1281 = CARTESIAN_POINT('',(60.23487235284,-1.279640641051,
    13.537183970973));
#1282 = CARTESIAN_POINT('',(61.527487930017,-1.158003501472,
    12.250397444073));
#1283 = CARTESIAN_POINT('',(62.327725908553,-1.071120271269,
    11.331268875068));
#1284 = CARTESIAN_POINT('',(63.061625058243,-0.978899153154,
    10.355671350348));
#1285 = CARTESIAN_POINT('',(63.724773841556,-0.881833694891,
    9.328826059894));
#1286 = CARTESIAN_POINT('',(64.313220130822,-0.780453273408,
    8.256333226645));
#1287 = CARTESIAN_POINT('',(64.823506015046,-0.675319068824,
    7.144129516131));
#1288 = CARTESIAN_POINT('',(65.252699554122,-0.567019815244,
    5.998443084649));
#1289 = CARTESIAN_POINT('',(65.598423482134,-0.456167328284,
    4.825746265337));
#1290 = CARTESIAN_POINT('',(65.858880857977,-0.343391809342,
    3.632705892626));
#1291 = CARTESIAN_POINT('',(66.032877664815,-0.229336926626,
    2.426131264884));
#1292 = CARTESIAN_POINT('',(66.119842357329,-0.1146546729,1.212919745115
    ));
#1293 = CARTESIAN_POINT('',(66.119842357329,2.178767846119E-02,
    -0.230489562591));
#1294 = CARTESIAN_POINT('',(66.119842357328,4.375819058779E-02,
    -0.46291330333));
#1295 = CARTESIAN_POINT('',(66.119842357328,6.59115363798E-02,
    -0.697271222216));
#1296 = CARTESIAN_POINT('',(66.119842357329,8.824771583722E-02,
    -0.93356331925));
#1297 = CARTESIAN_POINT('',(66.119842357329,0.11076672896,
    -1.171789594431));
#1298 = CARTESIAN_POINT('',(66.119842357329,0.133468575748,
    -1.411950047761));
#1299 = CARTESIAN_POINT('',(66.119842357329,0.156353256202,
    -1.654044679237));
#1300 = CARTESIAN_POINT('',(66.119842357328,0.179420770321,
    -1.898073488862));
#1301 = CARTESIAN_POINT('',(66.119842357328,0.202671118105,
    -2.144036476634));
#1302 = CARTESIAN_POINT('',(66.119842357328,0.226104299555,
    -2.391933642553));
#1303 = CARTESIAN_POINT('',(66.119842357328,0.249720314671,
    -2.64176498662));
#1304 = CARTESIAN_POINT('',(66.119842357328,0.273519163451,
    -2.893530508835));
#1305 = CARTESIAN_POINT('',(28.919821212189,-0.581132492316,
    -2.974318876269));
#1306 = CARTESIAN_POINT('',(28.91982121219,-0.604977752719,
    -2.72206237037));
#1307 = CARTESIAN_POINT('',(28.91982121219,-0.62863174098,-2.47182931238
    ));
#1308 = CARTESIAN_POINT('',(28.91982121219,-0.652094457099,
    -2.223619702298));
#1309 = CARTESIAN_POINT('',(28.919821212191,-0.675365901076,
    -1.977433540124));
#1310 = CARTESIAN_POINT('',(28.919821212191,-0.69844607291,
    -1.733270825859));
#1311 = CARTESIAN_POINT('',(28.919821212191,-0.721334972602,
    -1.491131559502));
#1312 = CARTESIAN_POINT('',(28.919821212191,-0.744032600152,
    -1.251015741053));
#1313 = CARTESIAN_POINT('',(28.919821212191,-0.76653895556,
    -1.012923370513));
#1314 = CARTESIAN_POINT('',(28.919821212191,-0.788854038825,
    -0.77685444788));
#1315 = CARTESIAN_POINT('',(28.919821212191,-0.810977849948,
    -0.542808973157));
#1316 = CARTESIAN_POINT('',(28.91982121219,-0.832910388929,
    -0.310786946341));
#1317 = CARTESIAN_POINT('',(28.919821212188,-0.969062093861,
    1.129547643313));
#1318 = CARTESIAN_POINT('',(29.006600662002,-1.083500093095,
    2.340175220448));
#1319 = CARTESIAN_POINT('',(29.180226915957,-1.197312064993,
    3.544180120231));
#1320 = CARTESIAN_POINT('',(29.440129639365,-1.309847388307,
    4.734679488706));
#1321 = CARTESIAN_POINT('',(29.785117310246,-1.420463758857,
    5.90487845748));
#1322 = CARTESIAN_POINT('',(30.213396758444,-1.528532317357,
    7.048124389947));
#1323 = CARTESIAN_POINT('',(30.722595736905,-1.633442554906,
    8.157958776747));
#1324 = CARTESIAN_POINT('',(31.30978853264,-1.734606996581,
    9.228166782147));
#1325 = CARTESIAN_POINT('',(31.971524608294,-1.831465662625,
    10.252824439345));
#1326 = CARTESIAN_POINT('',(32.703860283591,-1.923490307741,
    11.226343496728));
#1327 = CARTESIAN_POINT('',(33.502393448605,-2.010188438042,
    12.1435139133));
#1328 = CARTESIAN_POINT('',(34.792255247931,-2.131566439983,
    13.427559050316));
#1329 = CARTESIAN_POINT('',(35.237553014215,-2.170580910327,
    13.840289035315));
#1330 = CARTESIAN_POINT('',(35.697591996685,-2.208093902414,
    14.237135039453));
#1331 = CARTESIAN_POINT('',(36.171743433454,-2.244051269361,
    14.617524248729));
#1332 = CARTESIAN_POINT('',(36.659353687766,-2.278401451786,
    14.980911221457));
#1333 = CARTESIAN_POINT('',(37.159745571556,-2.311095590049,
    15.326779077254));
#1334 = CARTESIAN_POINT('',(37.672219742828,-2.342087630332,
    15.654640616855));
#1335 = CARTESIAN_POINT('',(38.196056148433,-2.371334422623,
    15.964039361559));
#1336 = CARTESIAN_POINT('',(38.730515545367,-2.398795812881,
    16.254550525387));
#1337 = CARTESIAN_POINT('',(39.274841068229,-2.424434727142,
    16.525781907146));
#1338 = CARTESIAN_POINT('',(39.828259869397,-2.448217249414,
    16.777374712929));
#1339 = CARTESIAN_POINT('',(40.951709757967,-2.49200813476,
    17.240633890674));
#1340 = CARTESIAN_POINT('',(41.521740840935,-2.512016497125,
    17.452300255109));
#1341 = CARTESIAN_POINT('',(42.09929091468,-2.53010708962,17.64367873349
    ));
#1342 = CARTESIAN_POINT('',(42.683558524967,-2.546252448241,
    17.81447878694));
#1343 = CARTESIAN_POINT('',(43.273729586113,-2.560428402253,
    17.964444715901));
#1344 = CARTESIAN_POINT('',(43.868979105949,-2.572614133383,
    18.093356285888));
#1345 = CARTESIAN_POINT('',(44.468472945325,-2.582792225537,
    18.201029254052));
#1346 = CARTESIAN_POINT('',(45.071369617566,-2.590948705305,
    18.287315796989));
#1347 = CARTESIAN_POINT('',(45.676822105334,-2.5970730722,
    18.352104831285));
#1348 = CARTESIAN_POINT('',(46.283979701018,-2.601158319164,
    18.395322229929));
#1349 = CARTESIAN_POINT('',(46.891989850498,-2.603200942644,
    18.416930929234));
#1350 = CARTESIAN_POINT('',(48.108010149502,-2.603200942644,
    18.416930929237));
#1351 = CARTESIAN_POINT('',(48.716020298982,-2.601158319162,
    18.395322229917));
#1352 = CARTESIAN_POINT('',(49.323177894662,-2.597073072205,
    18.352104831317));
#1353 = CARTESIAN_POINT('',(49.928630382451,-2.590948705296,
    18.287315796929));
#1354 = CARTESIAN_POINT('',(50.531527054629,-2.582792225549,
    18.20102925414));
#1355 = CARTESIAN_POINT('',(51.13102089413,-2.572614133371,
    18.093356285789));
#1356 = CARTESIAN_POINT('',(51.726270413795,-2.560428402264,
    17.964444715987));
#1357 = CARTESIAN_POINT('',(52.316441475107,-2.546252448234,
    17.814478786882));
#1358 = CARTESIAN_POINT('',(52.900709085277,-2.530107089623,
    17.643678733519));
#1359 = CARTESIAN_POINT('',(53.478259159085,-2.512016497124,
    17.452300255099));
#1360 = CARTESIAN_POINT('',(54.048290242026,-2.492008134761,
    17.240633890676));
#1361 = CARTESIAN_POINT('',(55.171740130614,-2.448217249414,
    16.777374712928));
#1362 = CARTESIAN_POINT('',(55.725158931713,-2.424434727144,
    16.525781907153));
#1363 = CARTESIAN_POINT('',(56.269484454789,-2.398795812878,
    16.254550525368));
#1364 = CARTESIAN_POINT('',(56.803943851273,-2.371334422631,
    15.9640393616));
#1365 = CARTESIAN_POINT('',(57.327780257591,-2.34208763032,
    15.654640616788));
#1366 = CARTESIAN_POINT('',(57.840254427977,-2.311095590064,
    15.32677907734));
#1367 = CARTESIAN_POINT('',(58.340646312644,-2.278401451772,
    14.980911221374));
#1368 = CARTESIAN_POINT('',(58.828256566265,-2.244051269371,
    14.617524248791));
#1369 = CARTESIAN_POINT('',(59.302408003459,-2.208093902409,
    14.23713503942));
#1370 = CARTESIAN_POINT('',(59.762446985733,-2.170580910329,
    13.840289035327));
#1371 = CARTESIAN_POINT('',(60.207744752078,-2.131566439983,
    13.427559050314));
#1372 = CARTESIAN_POINT('',(61.497606551383,-2.010188438043,
    12.143513913301));
#1373 = CARTESIAN_POINT('',(62.296139716452,-1.923490307741,
    11.226343496726));
#1374 = CARTESIAN_POINT('',(63.028475391593,-1.831465662626,
    10.252824439346));
#1375 = CARTESIAN_POINT('',(63.690211467579,-1.734606996581,
    9.228166782149));
#1376 = CARTESIAN_POINT('',(64.277404262768,-1.633442554905,
    8.157958776741));
#1377 = CARTESIAN_POINT('',(64.786603241933,-1.528532317358,
    7.048124389957));
#1378 = CARTESIAN_POINT('',(65.214882689417,-1.420463758856,
    5.904878457471));
#1379 = CARTESIAN_POINT('',(65.559870360869,-1.309847388307,
    4.734679488712));
#1380 = CARTESIAN_POINT('',(65.81977308392,-1.197312064993,
    3.544180120228));
#1381 = CARTESIAN_POINT('',(65.993399338045,-1.083500093095,
    2.340175220449));
#1382 = CARTESIAN_POINT('',(66.080178787802,-0.969062093861,
    1.129547643313));
#1383 = CARTESIAN_POINT('',(66.080178787812,-0.832910388929,
    -0.310786946341));
#1384 = CARTESIAN_POINT('',(66.080178787813,-0.810977849948,
    -0.542808973157));
#1385 = CARTESIAN_POINT('',(66.080178787815,-0.788854038825,
    -0.776854447881));
#1386 = CARTESIAN_POINT('',(66.080178787816,-0.76653895556,
    -1.012923370513));
#1387 = CARTESIAN_POINT('',(66.080178787818,-0.744032600152,
    -1.251015741053));
#1388 = CARTESIAN_POINT('',(66.08017878782,-0.721334972602,
    -1.491131559502));
#1389 = CARTESIAN_POINT('',(66.080178787821,-0.69844607291,
    -1.733270825859));
#1390 = CARTESIAN_POINT('',(66.080178787823,-0.675365901076,
    -1.977433540125));
#1391 = CARTESIAN_POINT('',(66.080178787825,-0.652094457099,
    -2.223619702298));
#1392 = CARTESIAN_POINT('',(66.080178787827,-0.62863174098,
    -2.47182931238));
#1393 = CARTESIAN_POINT('',(66.080178787828,-0.604977752719,
    -2.72206237037));
#1394 = CARTESIAN_POINT('',(66.08017878783,-0.581132492316,
    -2.974318876269));
#1395 = DEFINITIONAL_REPRESENTATION('',(#1396),#1419);
#1396 = B_SPLINE_CURVE_WITH_KNOTS('',6,(#1397,#1398,#1399,#1400,#1401,
    #1402,#1403,#1404,#1405,#1406,#1407,#1408,#1409,#1410,#1411,#1412,
    #1413,#1414,#1415,#1416,#1417,#1418),.UNSPECIFIED.,.F.,.F.,(7,5,5,5,
    7),(0.,0.249392919989,0.499381704408,0.749410125905,1.),
  .UNSPECIFIED.);
#1397 = CARTESIAN_POINT('',(58.43362335677,6.479002679534));
#1398 = CARTESIAN_POINT('',(56.004247569813,6.485577130261));
#1399 = CARTESIAN_POINT('',(53.574892133991,6.490468480111));
#1400 = CARTESIAN_POINT('',(51.145568585328,6.493438753116));
#1401 = CARTESIAN_POINT('',(48.716289901583,6.494283208332));
#1402 = CARTESIAN_POINT('',(46.287069837329,6.49288807016));
#1403 = CARTESIAN_POINT('',(41.422975478934,6.485614166434));
#1404 = CARTESIAN_POINT('',(38.988098448079,6.479724634154));
#1405 = CARTESIAN_POINT('',(36.553311312911,6.471588119848));
#1406 = CARTESIAN_POINT('',(34.118621349053,6.461320841008));
#1407 = CARTESIAN_POINT('',(31.684026306158,6.44916593363));
#1408 = CARTESIAN_POINT('',(26.81462605372,6.421681812832));
#1409 = CARTESIAN_POINT('',(24.379819425274,6.406352246567));
#1410 = CARTESIAN_POINT('',(21.945088206671,6.3897376496));
#1411 = CARTESIAN_POINT('',(19.510410784874,6.372203131043));
#1412 = CARTESIAN_POINT('',(17.075761255171,6.354104512247));
#1413 = CARTESIAN_POINT('',(12.200999027084,6.317346093115));
#1414 = CARTESIAN_POINT('',(9.760886886351,6.298685174733));
#1415 = CARTESIAN_POINT('',(7.320750949047,6.280070205264));
#1416 = CARTESIAN_POINT('',(4.880567705041,6.261757453842));
#1417 = CARTESIAN_POINT('',(2.440320741345,6.24392274501));
#1418 = CARTESIAN_POINT('',(0.,6.226682729623));
#1419 = ( GEOMETRIC_REPRESENTATION_CONTEXT(2) 
PARAMETRIC_REPRESENTATION_CONTEXT() REPRESENTATION_CONTEXT('2D SPACE',''
  ) );
#1420 = ORIENTED_EDGE('',*,*,#1421,.F.);
#1421 = EDGE_CURVE('',#1422,#1071,#1424,.T.);
#1422 = VERTEX_POINT('',#1423);
#1423 = CARTESIAN_POINT('',(28.890324972182,-0.602293205238,
    6.37159657346));
#1424 = SURFACE_CURVE('',#1425,(#1429,#1435),.PCURVE_S1.);
#1425 = LINE('',#1426,#1427);
#1426 = CARTESIAN_POINT('',(23.2,-0.602293205238,6.37159657346));
#1427 = VECTOR('',#1428,1.);
#1428 = DIRECTION('',(1.,0.,0.));
#1429 = PCURVE('',#781,#1430);
#1430 = DEFINITIONAL_REPRESENTATION('',(#1431),#1434);
#1431 = B_SPLINE_CURVE_WITH_KNOTS('',1,(#1432,#1433),.UNSPECIFIED.,.F.,
  .F.,(2,2),(0.684682936701,7.3000006),.PIECEWISE_BEZIER_KNOTS.);
#1432 = CARTESIAN_POINT('',(9.424777960769E-02,0.684682936701));
#1433 = CARTESIAN_POINT('',(9.424777960769E-02,7.3000006));
#1434 = ( GEOMETRIC_REPRESENTATION_CONTEXT(2) 
PARAMETRIC_REPRESENTATION_CONTEXT() REPRESENTATION_CONTEXT('2D SPACE',''
  ) );
#1435 = PCURVE('',#1436,#1441);
#1436 = PLANE('',#1437);
#1437 = AXIS2_PLACEMENT_3D('',#1438,#1439,#1440);
#1438 = CARTESIAN_POINT('',(17.5,-7.528665065481,79.644957168246));
#1439 = DIRECTION('',(-0.,0.995561964603,9.410831331851E-02));
#1440 = DIRECTION('',(0.,9.410831331851E-02,-0.995561964603));
#1441 = DEFINITIONAL_REPRESENTATION('',(#1442),#1445);
#1442 = B_SPLINE_CURVE_WITH_KNOTS('',1,(#1443,#1444),.UNSPECIFIED.,.F.,
  .F.,(2,2),(0.684682936701,7.3000006),.PIECEWISE_BEZIER_KNOTS.);
#1443 = CARTESIAN_POINT('',(73.6,-6.384682936701));
#1444 = CARTESIAN_POINT('',(73.6,-13.0000006));
#1445 = ( GEOMETRIC_REPRESENTATION_CONTEXT(2) 
PARAMETRIC_REPRESENTATION_CONTEXT() REPRESENTATION_CONTEXT('2D SPACE',''
  ) );
#1446 = ORIENTED_EDGE('',*,*,#1447,.T.);
#1447 = EDGE_CURVE('',#1422,#286,#1448,.T.);
#1448 = SURFACE_CURVE('',#1449,(#1470,#1494),.PCURVE_S1.);
#1449 = B_SPLINE_CURVE_WITH_KNOTS('',7,(#1450,#1451,#1452,#1453,#1454,
    #1455,#1456,#1457,#1458,#1459,#1460,#1461,#1462,#1463,#1464,#1465,
    #1466,#1467,#1468,#1469),.UNSPECIFIED.,.F.,.F.,(8,6,6,8),(0.,
    0.340036196159,0.680048431196,1.),.UNSPECIFIED.);
#1450 = CARTESIAN_POINT('',(28.890324972182,-0.602293205238,
    6.37159657346));
#1451 = CARTESIAN_POINT('',(28.82346924058,-0.602293205238,6.37159657346
    ));
#1452 = CARTESIAN_POINT('',(28.754302021629,-0.607451438653,
    6.37110899837));
#1453 = CARTESIAN_POINT('',(28.683487747166,-0.618418285555,
    6.370072220627));
#1454 = CARTESIAN_POINT('',(28.611915479032,-0.635756356219,
    6.368406987149));
#1455 = CARTESIAN_POINT('',(28.540710015848,-0.659835773981,
    6.36600575388));
#1456 = CARTESIAN_POINT('',(28.471115949009,-0.690673905707,
    6.362733417278));
#1457 = CARTESIAN_POINT('',(28.337525066876,-0.765203992407,
    6.354200943871));
#1458 = CARTESIAN_POINT('',(28.273528033279,-0.808895169171,
    6.348940886019));
#1459 = CARTESIAN_POINT('',(28.213511887475,-0.858682361245,
    6.342563880171));
#1460 = CARTESIAN_POINT('',(28.158608996045,-0.913889891385,
    6.334957172365));
#1461 = CARTESIAN_POINT('',(28.109721846221,-0.973482672619,
    6.326055148473));
#1462 = CARTESIAN_POINT('',(28.067374044396,-1.036263338904,
    6.315891295138));
#1463 = CARTESIAN_POINT('',(27.998237873876,-1.162003076433,
    6.293931852746));
#1464 = CARTESIAN_POINT('',(27.970678126785,-1.224733016664,
    6.282268202612));
#1465 = CARTESIAN_POINT('',(27.949236567065,-1.288244765008,
    6.269679141846));
#1466 = CARTESIAN_POINT('',(27.933796873875,-1.351551776379,
    6.256324814317));
#1467 = CARTESIAN_POINT('',(27.924015472223,-1.413802793777,
    6.242410249434));
#1468 = CARTESIAN_POINT('',(27.919397237738,-1.47434043097,
    6.228156355583));
#1469 = CARTESIAN_POINT('',(27.9193972375,-1.53268579928,6.213764900661)
  );
#1470 = PCURVE('',#781,#1471);
#1471 = DEFINITIONAL_REPRESENTATION('',(#1472),#1493);
#1472 = B_SPLINE_CURVE_WITH_KNOTS('',7,(#1473,#1474,#1475,#1476,#1477,
    #1478,#1479,#1480,#1481,#1482,#1483,#1484,#1485,#1486,#1487,#1488,
    #1489,#1490,#1491,#1492),.UNSPECIFIED.,.F.,.F.,(8,6,6,8),(0.,
    0.340036196159,0.680048431196,1.),.UNSPECIFIED.);
#1473 = CARTESIAN_POINT('',(9.424777960769E-02,5.690324972182));
#1474 = CARTESIAN_POINT('',(9.424777960769E-02,5.62346924058));
#1475 = CARTESIAN_POINT('',(9.505734685324E-02,5.554302021629));
#1476 = CARTESIAN_POINT('',(9.67785533251E-02,5.483487747166));
#1477 = CARTESIAN_POINT('',(9.95000999778E-02,5.411915479032));
#1478 = CARTESIAN_POINT('',(0.103281101191,5.340710015848));
#1479 = CARTESIAN_POINT('',(0.108126444764,5.271115949009));
#1480 = CARTESIAN_POINT('',(0.119847837097,5.137525066876));
#1481 = CARTESIAN_POINT('',(0.126723761144,5.073528033279));
#1482 = CARTESIAN_POINT('',(0.134566195602,5.013511887475));
#1483 = CARTESIAN_POINT('',(0.143273054226,4.958608996045));
#1484 = CARTESIAN_POINT('',(0.152686652801,4.909721846221));
#1485 = CARTESIAN_POINT('',(0.162623091458,4.867374044396));
#1486 = CARTESIAN_POINT('',(0.182567287718,4.798237873876));
#1487 = CARTESIAN_POINT('',(0.192536237145,4.770678126785));
#1488 = CARTESIAN_POINT('',(0.202651853473,4.749236567065));
#1489 = CARTESIAN_POINT('',(0.212759940011,4.733796873875));
#1490 = CARTESIAN_POINT('',(0.222725625448,4.724015472223));
#1491 = CARTESIAN_POINT('',(0.232442754783,4.719397237738));
#1492 = CARTESIAN_POINT('',(0.241832451568,4.7193972375));
#1493 = ( GEOMETRIC_REPRESENTATION_CONTEXT(2) 
PARAMETRIC_REPRESENTATION_CONTEXT() REPRESENTATION_CONTEXT('2D SPACE',''
  ) );
#1494 = PCURVE('',#451,#1495);
#1495 = DEFINITIONAL_REPRESENTATION('',(#1496),#1517);
#1496 = B_SPLINE_CURVE_WITH_KNOTS('',7,(#1497,#1498,#1499,#1500,#1501,
    #1502,#1503,#1504,#1505,#1506,#1507,#1508,#1509,#1510,#1511,#1512,
    #1513,#1514,#1515,#1516),.UNSPECIFIED.,.F.,.F.,(8,6,6,8),(0.,
    0.340036196159,0.680048431196,1.),.UNSPECIFIED.);
#1497 = CARTESIAN_POINT('',(64.716808663949,6.823303936887));
#1498 = CARTESIAN_POINT('',(61.573232498694,6.80055000136));
#1499 = CARTESIAN_POINT('',(58.429759034372,6.77717995201));
#1500 = CARTESIAN_POINT('',(55.286372583862,6.753438736208));
#1501 = CARTESIAN_POINT('',(52.143048637988,6.729612772049));
#1502 = CARTESIAN_POINT('',(48.999752971745,6.706006273323));
#1503 = CARTESIAN_POINT('',(45.85644649268,6.682885099026));
#1504 = CARTESIAN_POINT('',(39.569962396196,6.638043184181));
#1505 = CARTESIAN_POINT('',(36.426782797835,6.616322342866));
#1506 = CARTESIAN_POINT('',(33.283527386302,6.595514769793));
#1507 = CARTESIAN_POINT('',(30.140169886511,6.575783059313));
#1508 = CARTESIAN_POINT('',(26.99669132154,6.557220364073));
#1509 = CARTESIAN_POINT('',(23.853089023873,6.539880774599));
#1510 = CARTESIAN_POINT('',(17.751146089828,6.508654916076));
#1511 = CARTESIAN_POINT('',(14.792812286564,6.494625292468));
#1512 = CARTESIAN_POINT('',(11.834387962156,6.481728183516));
#1513 = CARTESIAN_POINT('',(8.875882712301,6.469968626901));
#1514 = CARTESIAN_POINT('',(5.917307504601,6.459341434209));
#1515 = CARTESIAN_POINT('',(2.95867537191,6.449833095763));
#1516 = CARTESIAN_POINT('',(0.,6.441417064859));
#1517 = ( GEOMETRIC_REPRESENTATION_CONTEXT(2) 
PARAMETRIC_REPRESENTATION_CONTEXT() REPRESENTATION_CONTEXT('2D SPACE',''
  ) );
#1518 = ORIENTED_EDGE('',*,*,#753,.T.);
#1519 = ORIENTED_EDGE('',*,*,#1520,.F.);
#1520 = EDGE_CURVE('',#1521,#754,#1523,.T.);
#1521 = VERTEX_POINT('',#1522);
#1522 = CARTESIAN_POINT('',(23.2,-1.977708764,6.086761704289));
#1523 = SURFACE_CURVE('',#1524,(#1528,#1534),.PCURVE_S1.);
#1524 = LINE('',#1525,#1526);
#1525 = CARTESIAN_POINT('',(19.6,-1.977708764,6.086761704289));
#1526 = VECTOR('',#1527,1.);
#1527 = DIRECTION('',(1.,0.,0.));
#1528 = PCURVE('',#781,#1529);
#1529 = DEFINITIONAL_REPRESENTATION('',(#1530),#1533);
#1530 = B_SPLINE_CURVE_WITH_KNOTS('',1,(#1531,#1532),.UNSPECIFIED.,.F.,
  .F.,(2,2),(0.9999994,11.9000006),.PIECEWISE_BEZIER_KNOTS.);
#1531 = CARTESIAN_POINT('',(0.314159265359,-2.6000006));
#1532 = CARTESIAN_POINT('',(0.314159265359,8.3000006));
#1533 = ( GEOMETRIC_REPRESENTATION_CONTEXT(2) 
PARAMETRIC_REPRESENTATION_CONTEXT() REPRESENTATION_CONTEXT('2D SPACE',''
  ) );
#1534 = PCURVE('',#814,#1535);
#1535 = DEFINITIONAL_REPRESENTATION('',(#1536),#1539);
#1536 = B_SPLINE_CURVE_WITH_KNOTS('',1,(#1537,#1538),.UNSPECIFIED.,.F.,
  .F.,(2,2),(0.9999994,11.9000006),.PIECEWISE_BEZIER_KNOTS.);
#1537 = CARTESIAN_POINT('',(6.379257435813,-0.9999994));
#1538 = CARTESIAN_POINT('',(6.379257435813,-11.9000006));
#1539 = ( GEOMETRIC_REPRESENTATION_CONTEXT(2) 
PARAMETRIC_REPRESENTATION_CONTEXT() REPRESENTATION_CONTEXT('2D SPACE',''
  ) );
#1540 = ORIENTED_EDGE('',*,*,#1541,.F.);
#1541 = EDGE_CURVE('',#1542,#1521,#1544,.T.);
#1542 = VERTEX_POINT('',#1543);
#1543 = CARTESIAN_POINT('',(23.2,-4.113840701994,4.902684435961));
#1544 = SURFACE_CURVE('',#1545,(#1550,#1557),.PCURVE_S1.);
#1545 = CIRCLE('',#1546,6.4);
#1546 = AXIS2_PLACEMENT_3D('',#1547,#1548,#1549);
#1547 = CARTESIAN_POINT('',(23.2,0.,0.));
#1548 = DIRECTION('',(-1.,0.,0.));
#1549 = DIRECTION('',(0.,-0.642787609687,0.766044443119));
#1550 = PCURVE('',#781,#1551);
#1551 = DEFINITIONAL_REPRESENTATION('',(#1552),#1556);
#1552 = LINE('',#1553,#1554);
#1553 = CARTESIAN_POINT('',(0.698131700798,0.));
#1554 = VECTOR('',#1555,1.);
#1555 = DIRECTION('',(-1.,-0.));
#1556 = ( GEOMETRIC_REPRESENTATION_CONTEXT(2) 
PARAMETRIC_REPRESENTATION_CONTEXT() REPRESENTATION_CONTEXT('2D SPACE',''
  ) );
#1557 = PCURVE('',#1558,#1563);
#1558 = PLANE('',#1559);
#1559 = AXIS2_PLACEMENT_3D('',#1560,#1561,#1562);
#1560 = CARTESIAN_POINT('',(23.2,0.,0.));
#1561 = DIRECTION('',(1.,0.,0.));
#1562 = DIRECTION('',(-0.,0.,1.));
#1563 = DEFINITIONAL_REPRESENTATION('',(#1564),#1572);
#1564 = ( BOUNDED_CURVE() B_SPLINE_CURVE(2,(#1565,#1566,#1567,#1568,
#1569,#1570,#1571),.UNSPECIFIED.,.T.,.F.) B_SPLINE_CURVE_WITH_KNOTS((1,2
    ,2,2,2,1),(-2.094395102393,0.,2.094395102393,4.188790204786,
6.28318530718,8.377580409573),.UNSPECIFIED.) CURVE() 
GEOMETRIC_REPRESENTATION_ITEM() RATIONAL_B_SPLINE_CURVE((1.,0.5,1.,0.5,
1.,0.5,1.)) REPRESENTATION_ITEM('') );
#1565 = CARTESIAN_POINT('',(4.902684435961,4.113840701994));
#1566 = CARTESIAN_POINT('',(12.02806554606,-4.377857834569));
#1567 = CARTESIAN_POINT('',(1.111348337068,-6.302769619278));
#1568 = CARTESIAN_POINT('',(-9.805368871923,-8.227681403988));
#1569 = CARTESIAN_POINT('',(-6.01403277303,2.188928917284));
#1570 = CARTESIAN_POINT('',(-2.222696674137,12.605539238556));
#1571 = CARTESIAN_POINT('',(4.902684435961,4.113840701994));
#1572 = ( GEOMETRIC_REPRESENTATION_CONTEXT(2) 
PARAMETRIC_REPRESENTATION_CONTEXT() REPRESENTATION_CONTEXT('2D SPACE',''
  ) );
#1573 = ORIENTED_EDGE('',*,*,#1574,.T.);
#1574 = EDGE_CURVE('',#1542,#860,#1575,.T.);
#1575 = SURFACE_CURVE('',#1576,(#1580,#1586),.PCURVE_S1.);
#1576 = LINE('',#1577,#1578);
#1577 = CARTESIAN_POINT('',(19.6,-4.113840701994,4.902684435961));
#1578 = VECTOR('',#1579,1.);
#1579 = DIRECTION('',(1.,0.,0.));
#1580 = PCURVE('',#781,#1581);
#1581 = DEFINITIONAL_REPRESENTATION('',(#1582),#1585);
#1582 = B_SPLINE_CURVE_WITH_KNOTS('',1,(#1583,#1584),.UNSPECIFIED.,.F.,
  .F.,(2,2),(0.9999994,11.9000006),.PIECEWISE_BEZIER_KNOTS.);
#1583 = CARTESIAN_POINT('',(0.698131700798,-2.6000006));
#1584 = CARTESIAN_POINT('',(0.698131700798,8.3000006));
#1585 = ( GEOMETRIC_REPRESENTATION_CONTEXT(2) 
PARAMETRIC_REPRESENTATION_CONTEXT() REPRESENTATION_CONTEXT('2D SPACE',''
  ) );
#1586 = PCURVE('',#879,#1587);
#1587 = DEFINITIONAL_REPRESENTATION('',(#1588),#1592);
#1588 = LINE('',#1589,#1590);
#1589 = CARTESIAN_POINT('',(6.4,0.));
#1590 = VECTOR('',#1591,1.);
#1591 = DIRECTION('',(0.,-1.));
#1592 = ( GEOMETRIC_REPRESENTATION_CONTEXT(2) 
PARAMETRIC_REPRESENTATION_CONTEXT() REPRESENTATION_CONTEXT('2D SPACE',''
  ) );
#1593 = ORIENTED_EDGE('',*,*,#891,.T.);
#1594 = ORIENTED_EDGE('',*,*,#1019,.T.);
#1595 = ADVANCED_FACE('',(#1596),#879,.T.);
#1596 = FACE_BOUND('',#1597,.T.);
#1597 = EDGE_LOOP('',(#1598,#1621,#1649,#1676,#1697,#1698));
#1598 = ORIENTED_EDGE('',*,*,#1599,.T.);
#1599 = EDGE_CURVE('',#827,#1600,#1602,.T.);
#1600 = VERTEX_POINT('',#1601);
#1601 = CARTESIAN_POINT('',(20.6,-6.749269901709,8.043466652749));
#1602 = SURFACE_CURVE('',#1603,(#1607,#1614),.PCURVE_S1.);
#1603 = LINE('',#1604,#1605);
#1604 = CARTESIAN_POINT('',(29.776851295551,-6.749269901709,
    8.043466652749));
#1605 = VECTOR('',#1606,1.);
#1606 = DIRECTION('',(-1.,9.678465860406E-17,-1.935693172081E-16));
#1607 = PCURVE('',#879,#1608);
#1608 = DEFINITIONAL_REPRESENTATION('',(#1609),#1613);
#1609 = LINE('',#1610,#1611);
#1610 = CARTESIAN_POINT('',(10.5,-10.17685129555));
#1611 = VECTOR('',#1612,1.);
#1612 = DIRECTION('',(-2.10494679164E-16,1.));
#1613 = ( GEOMETRIC_REPRESENTATION_CONTEXT(2) 
PARAMETRIC_REPRESENTATION_CONTEXT() REPRESENTATION_CONTEXT('2D SPACE',''
  ) );
#1614 = PCURVE('',#847,#1615);
#1615 = DEFINITIONAL_REPRESENTATION('',(#1616),#1620);
#1616 = LINE('',#1617,#1618);
#1617 = CARTESIAN_POINT('',(0.698131700798,9.176851295551));
#1618 = VECTOR('',#1619,1.);
#1619 = DIRECTION('',(-0.,-1.));
#1620 = ( GEOMETRIC_REPRESENTATION_CONTEXT(2) 
PARAMETRIC_REPRESENTATION_CONTEXT() REPRESENTATION_CONTEXT('2D SPACE',''
  ) );
#1621 = ORIENTED_EDGE('',*,*,#1622,.T.);
#1622 = EDGE_CURVE('',#1600,#1623,#1625,.T.);
#1623 = VERTEX_POINT('',#1624);
#1624 = CARTESIAN_POINT('',(20.6,-3.856725658119,4.596266658714));
#1625 = SURFACE_CURVE('',#1626,(#1630,#1637),.PCURVE_S1.);
#1626 = LINE('',#1627,#1628);
#1627 = CARTESIAN_POINT('',(20.6,-6.749269901709,8.043466652749));
#1628 = VECTOR('',#1629,1.);
#1629 = DIRECTION('',(0.,0.642787609687,-0.766044443119));
#1630 = PCURVE('',#879,#1631);
#1631 = DEFINITIONAL_REPRESENTATION('',(#1632),#1636);
#1632 = LINE('',#1633,#1634);
#1633 = CARTESIAN_POINT('',(10.5,-1.));
#1634 = VECTOR('',#1635,1.);
#1635 = DIRECTION('',(-1.,-0.));
#1636 = ( GEOMETRIC_REPRESENTATION_CONTEXT(2) 
PARAMETRIC_REPRESENTATION_CONTEXT() REPRESENTATION_CONTEXT('2D SPACE',''
  ) );
#1637 = PCURVE('',#1638,#1643);
#1638 = PLANE('',#1639);
#1639 = AXIS2_PLACEMENT_3D('',#1640,#1641,#1642);
#1640 = CARTESIAN_POINT('',(20.6,0.,0.));
#1641 = DIRECTION('',(1.,0.,0.));
#1642 = DIRECTION('',(-0.,0.,1.));
#1643 = DEFINITIONAL_REPRESENTATION('',(#1644),#1648);
#1644 = LINE('',#1645,#1646);
#1645 = CARTESIAN_POINT('',(8.043466652749,6.749269901709));
#1646 = VECTOR('',#1647,1.);
#1647 = DIRECTION('',(-0.766044443119,-0.642787609687));
#1648 = ( GEOMETRIC_REPRESENTATION_CONTEXT(2) 
PARAMETRIC_REPRESENTATION_CONTEXT() REPRESENTATION_CONTEXT('2D SPACE',''
  ) );
#1649 = ORIENTED_EDGE('',*,*,#1650,.T.);
#1650 = EDGE_CURVE('',#1623,#1651,#1653,.T.);
#1651 = VERTEX_POINT('',#1652);
#1652 = CARTESIAN_POINT('',(23.2,-3.856725658119,4.596266658714));
#1653 = SURFACE_CURVE('',#1654,(#1658,#1665),.PCURVE_S1.);
#1654 = LINE('',#1655,#1656);
#1655 = CARTESIAN_POINT('',(20.6,-3.856725658119,4.596266658714));
#1656 = VECTOR('',#1657,1.);
#1657 = DIRECTION('',(1.,0.,0.));
#1658 = PCURVE('',#879,#1659);
#1659 = DEFINITIONAL_REPRESENTATION('',(#1660),#1664);
#1660 = LINE('',#1661,#1662);
#1661 = CARTESIAN_POINT('',(6.,-1.));
#1662 = VECTOR('',#1663,1.);
#1663 = DIRECTION('',(0.,-1.));
#1664 = ( GEOMETRIC_REPRESENTATION_CONTEXT(2) 
PARAMETRIC_REPRESENTATION_CONTEXT() REPRESENTATION_CONTEXT('2D SPACE',''
  ) );
#1665 = PCURVE('',#1666,#1671);
#1666 = CYLINDRICAL_SURFACE('',#1667,6.);
#1667 = AXIS2_PLACEMENT_3D('',#1668,#1669,#1670);
#1668 = CARTESIAN_POINT('',(20.6,0.,0.));
#1669 = DIRECTION('',(1.,0.,0.));
#1670 = DIRECTION('',(-0.,0.,1.));
#1671 = DEFINITIONAL_REPRESENTATION('',(#1672),#1675);
#1672 = B_SPLINE_CURVE_WITH_KNOTS('',1,(#1673,#1674),.UNSPECIFIED.,.F.,
  .F.,(2,2),(0.,2.6),.PIECEWISE_BEZIER_KNOTS.);
#1673 = CARTESIAN_POINT('',(0.698131700798,0.));
#1674 = CARTESIAN_POINT('',(0.698131700798,2.6));
#1675 = ( GEOMETRIC_REPRESENTATION_CONTEXT(2) 
PARAMETRIC_REPRESENTATION_CONTEXT() REPRESENTATION_CONTEXT('2D SPACE',''
  ) );
#1676 = ORIENTED_EDGE('',*,*,#1677,.F.);
#1677 = EDGE_CURVE('',#1542,#1651,#1678,.T.);
#1678 = SURFACE_CURVE('',#1679,(#1683,#1690),.PCURVE_S1.);
#1679 = LINE('',#1680,#1681);
#1680 = CARTESIAN_POINT('',(23.2,0.,0.));
#1681 = VECTOR('',#1682,1.);
#1682 = DIRECTION('',(0.,0.642787609687,-0.766044443119));
#1683 = PCURVE('',#879,#1684);
#1684 = DEFINITIONAL_REPRESENTATION('',(#1685),#1689);
#1685 = LINE('',#1686,#1687);
#1686 = CARTESIAN_POINT('',(0.,-3.6));
#1687 = VECTOR('',#1688,1.);
#1688 = DIRECTION('',(-1.,-0.));
#1689 = ( GEOMETRIC_REPRESENTATION_CONTEXT(2) 
PARAMETRIC_REPRESENTATION_CONTEXT() REPRESENTATION_CONTEXT('2D SPACE',''
  ) );
#1690 = PCURVE('',#1558,#1691);
#1691 = DEFINITIONAL_REPRESENTATION('',(#1692),#1696);
#1692 = LINE('',#1693,#1694);
#1693 = CARTESIAN_POINT('',(0.,0.));
#1694 = VECTOR('',#1695,1.);
#1695 = DIRECTION('',(-0.766044443119,-0.642787609687));
#1696 = ( GEOMETRIC_REPRESENTATION_CONTEXT(2) 
PARAMETRIC_REPRESENTATION_CONTEXT() REPRESENTATION_CONTEXT('2D SPACE',''
  ) );
#1697 = ORIENTED_EDGE('',*,*,#1574,.T.);
#1698 = ORIENTED_EDGE('',*,*,#859,.F.);
#1699 = ADVANCED_FACE('',(#1700),#847,.T.);
#1700 = FACE_BOUND('',#1701,.T.);
#1701 = EDGE_LOOP('',(#1702,#1703,#1724,#1748,#1776,#1798));
#1702 = ORIENTED_EDGE('',*,*,#826,.F.);
#1703 = ORIENTED_EDGE('',*,*,#1704,.F.);
#1704 = EDGE_CURVE('',#1705,#794,#1707,.T.);
#1705 = VERTEX_POINT('',#1706);
#1706 = CARTESIAN_POINT('',(23.2,-3.244678440937,9.986093421099));
#1707 = SURFACE_CURVE('',#1708,(#1712,#1718),.PCURVE_S1.);
#1708 = LINE('',#1709,#1710);
#1709 = CARTESIAN_POINT('',(20.6,-3.244678440937,9.986093421099));
#1710 = VECTOR('',#1711,1.);
#1711 = DIRECTION('',(1.,0.,0.));
#1712 = PCURVE('',#847,#1713);
#1713 = DEFINITIONAL_REPRESENTATION('',(#1714),#1717);
#1714 = B_SPLINE_CURVE_WITH_KNOTS('',1,(#1715,#1716),.UNSPECIFIED.,.F.,
  .F.,(2,2),(-5.999999999062E-07,10.9000006),.PIECEWISE_BEZIER_KNOTS.);
#1715 = CARTESIAN_POINT('',(0.314159265359,-5.999999999062E-07));
#1716 = CARTESIAN_POINT('',(0.314159265359,10.9000006));
#1717 = ( GEOMETRIC_REPRESENTATION_CONTEXT(2) 
PARAMETRIC_REPRESENTATION_CONTEXT() REPRESENTATION_CONTEXT('2D SPACE',''
  ) );
#1718 = PCURVE('',#814,#1719);
#1719 = DEFINITIONAL_REPRESENTATION('',(#1720),#1723);
#1720 = B_SPLINE_CURVE_WITH_KNOTS('',1,(#1721,#1722),.UNSPECIFIED.,.F.,
  .F.,(2,2),(-5.999999999062E-07,10.9000006),.PIECEWISE_BEZIER_KNOTS.);
#1721 = CARTESIAN_POINT('',(2.279257435813,-0.9999994));
#1722 = CARTESIAN_POINT('',(2.279257435813,-11.9000006));
#1723 = ( GEOMETRIC_REPRESENTATION_CONTEXT(2) 
PARAMETRIC_REPRESENTATION_CONTEXT() REPRESENTATION_CONTEXT('2D SPACE',''
  ) );
#1724 = ORIENTED_EDGE('',*,*,#1725,.T.);
#1725 = EDGE_CURVE('',#1705,#1726,#1728,.T.);
#1726 = VERTEX_POINT('',#1727);
#1727 = CARTESIAN_POINT('',(23.2,-6.464445490919,8.274112912871));
#1728 = SURFACE_CURVE('',#1729,(#1734,#1741),.PCURVE_S1.);
#1729 = CIRCLE('',#1730,10.5);
#1730 = AXIS2_PLACEMENT_3D('',#1731,#1732,#1733);
#1731 = CARTESIAN_POINT('',(23.2,0.,0.));
#1732 = DIRECTION('',(1.,0.,0.));
#1733 = DIRECTION('',(-0.,0.,1.));
#1734 = PCURVE('',#847,#1735);
#1735 = DEFINITIONAL_REPRESENTATION('',(#1736),#1740);
#1736 = LINE('',#1737,#1738);
#1737 = CARTESIAN_POINT('',(0.,2.6));
#1738 = VECTOR('',#1739,1.);
#1739 = DIRECTION('',(1.,0.));
#1740 = ( GEOMETRIC_REPRESENTATION_CONTEXT(2) 
PARAMETRIC_REPRESENTATION_CONTEXT() REPRESENTATION_CONTEXT('2D SPACE',''
  ) );
#1741 = PCURVE('',#1558,#1742);
#1742 = DEFINITIONAL_REPRESENTATION('',(#1743),#1747);
#1743 = CIRCLE('',#1744,10.5);
#1744 = AXIS2_PLACEMENT_2D('',#1745,#1746);
#1745 = CARTESIAN_POINT('',(0.,0.));
#1746 = DIRECTION('',(1.,0.));
#1747 = ( GEOMETRIC_REPRESENTATION_CONTEXT(2) 
PARAMETRIC_REPRESENTATION_CONTEXT() REPRESENTATION_CONTEXT('2D SPACE',''
  ) );
#1748 = ORIENTED_EDGE('',*,*,#1749,.F.);
#1749 = EDGE_CURVE('',#1750,#1726,#1752,.T.);
#1750 = VERTEX_POINT('',#1751);
#1751 = CARTESIAN_POINT('',(20.6,-6.464445490919,8.274112912871));
#1752 = SURFACE_CURVE('',#1753,(#1757,#1764),.PCURVE_S1.);
#1753 = LINE('',#1754,#1755);
#1754 = CARTESIAN_POINT('',(20.6,-6.464445490919,8.274112912871));
#1755 = VECTOR('',#1756,1.);
#1756 = DIRECTION('',(1.,0.,0.));
#1757 = PCURVE('',#847,#1758);
#1758 = DEFINITIONAL_REPRESENTATION('',(#1759),#1763);
#1759 = LINE('',#1760,#1761);
#1760 = CARTESIAN_POINT('',(0.663225115758,0.));
#1761 = VECTOR('',#1762,1.);
#1762 = DIRECTION('',(0.,1.));
#1763 = ( GEOMETRIC_REPRESENTATION_CONTEXT(2) 
PARAMETRIC_REPRESENTATION_CONTEXT() REPRESENTATION_CONTEXT('2D SPACE',''
  ) );
#1764 = PCURVE('',#1765,#1770);
#1765 = PLANE('',#1766);
#1766 = AXIS2_PLACEMENT_3D('',#1767,#1768,#1769);
#1767 = CARTESIAN_POINT('',(19.6,0.,0.));
#1768 = DIRECTION('',(0.,-0.788010753607,-0.615661475326));
#1769 = DIRECTION('',(0.,-0.615661475326,0.788010753607));
#1770 = DEFINITIONAL_REPRESENTATION('',(#1771),#1775);
#1771 = LINE('',#1772,#1773);
#1772 = CARTESIAN_POINT('',(10.5,-1.));
#1773 = VECTOR('',#1774,1.);
#1774 = DIRECTION('',(0.,-1.));
#1775 = ( GEOMETRIC_REPRESENTATION_CONTEXT(2) 
PARAMETRIC_REPRESENTATION_CONTEXT() REPRESENTATION_CONTEXT('2D SPACE',''
  ) );
#1776 = ORIENTED_EDGE('',*,*,#1777,.T.);
#1777 = EDGE_CURVE('',#1750,#1600,#1778,.T.);
#1778 = SURFACE_CURVE('',#1779,(#1784,#1791),.PCURVE_S1.);
#1779 = CIRCLE('',#1780,10.5);
#1780 = AXIS2_PLACEMENT_3D('',#1781,#1782,#1783);
#1781 = CARTESIAN_POINT('',(20.6,0.,0.));
#1782 = DIRECTION('',(1.,0.,0.));
#1783 = DIRECTION('',(-0.,0.,1.));
#1784 = PCURVE('',#847,#1785);
#1785 = DEFINITIONAL_REPRESENTATION('',(#1786),#1790);
#1786 = LINE('',#1787,#1788);
#1787 = CARTESIAN_POINT('',(0.,0.));
#1788 = VECTOR('',#1789,1.);
#1789 = DIRECTION('',(1.,0.));
#1790 = ( GEOMETRIC_REPRESENTATION_CONTEXT(2) 
PARAMETRIC_REPRESENTATION_CONTEXT() REPRESENTATION_CONTEXT('2D SPACE',''
  ) );
#1791 = PCURVE('',#1638,#1792);
#1792 = DEFINITIONAL_REPRESENTATION('',(#1793),#1797);
#1793 = CIRCLE('',#1794,10.5);
#1794 = AXIS2_PLACEMENT_2D('',#1795,#1796);
#1795 = CARTESIAN_POINT('',(0.,0.));
#1796 = DIRECTION('',(1.,0.));
#1797 = ( GEOMETRIC_REPRESENTATION_CONTEXT(2) 
PARAMETRIC_REPRESENTATION_CONTEXT() REPRESENTATION_CONTEXT('2D SPACE',''
  ) );
#1798 = ORIENTED_EDGE('',*,*,#1599,.F.);
#1799 = ADVANCED_FACE('',(#1800),#814,.T.);
#1800 = FACE_BOUND('',#1801,.T.);
#1801 = EDGE_LOOP('',(#1802,#1803,#1824,#1825));
#1802 = ORIENTED_EDGE('',*,*,#1520,.F.);
#1803 = ORIENTED_EDGE('',*,*,#1804,.T.);
#1804 = EDGE_CURVE('',#1521,#1705,#1805,.T.);
#1805 = SURFACE_CURVE('',#1806,(#1810,#1817),.PCURVE_S1.);
#1806 = LINE('',#1807,#1808);
#1807 = CARTESIAN_POINT('',(23.2,-1.974503861579,6.076898028872));
#1808 = VECTOR('',#1809,1.);
#1809 = DIRECTION('',(0.,-0.309016994375,0.951056516295));
#1810 = PCURVE('',#814,#1811);
#1811 = DEFINITIONAL_REPRESENTATION('',(#1812),#1816);
#1812 = LINE('',#1813,#1814);
#1813 = CARTESIAN_POINT('',(6.389628717906,-3.6));
#1814 = VECTOR('',#1815,1.);
#1815 = DIRECTION('',(-1.,-0.));
#1816 = ( GEOMETRIC_REPRESENTATION_CONTEXT(2) 
PARAMETRIC_REPRESENTATION_CONTEXT() REPRESENTATION_CONTEXT('2D SPACE',''
  ) );
#1817 = PCURVE('',#1558,#1818);
#1818 = DEFINITIONAL_REPRESENTATION('',(#1819),#1823);
#1819 = LINE('',#1820,#1821);
#1820 = CARTESIAN_POINT('',(6.076898028872,1.974503861579));
#1821 = VECTOR('',#1822,1.);
#1822 = DIRECTION('',(0.951056516295,0.309016994375));
#1823 = ( GEOMETRIC_REPRESENTATION_CONTEXT(2) 
PARAMETRIC_REPRESENTATION_CONTEXT() REPRESENTATION_CONTEXT('2D SPACE',''
  ) );
#1824 = ORIENTED_EDGE('',*,*,#1704,.T.);
#1825 = ORIENTED_EDGE('',*,*,#793,.F.);
#1826 = ADVANCED_FACE('',(#1827),#451,.F.);
#1827 = FACE_BOUND('',#1828,.F.);
#1828 = EDGE_LOOP('',(#1829,#1830,#1831,#2020));
#1829 = ORIENTED_EDGE('',*,*,#285,.F.);
#1830 = ORIENTED_EDGE('',*,*,#1447,.F.);
#1831 = ORIENTED_EDGE('',*,*,#1832,.T.);
#1832 = EDGE_CURVE('',#1422,#1833,#1835,.T.);
#1833 = VERTEX_POINT('',#1834);
#1834 = CARTESIAN_POINT('',(66.109675027818,-0.602293205238,
    6.37159657346));
#1835 = SURFACE_CURVE('',#1836,(#1935,#1942),.PCURVE_S1.);
#1836 = B_SPLINE_CURVE_WITH_KNOTS('',13,(#1837,#1838,#1839,#1840,#1841,
    #1842,#1843,#1844,#1845,#1846,#1847,#1848,#1849,#1850,#1851,#1852,
    #1853,#1854,#1855,#1856,#1857,#1858,#1859,#1860,#1861,#1862,#1863,
    #1864,#1865,#1866,#1867,#1868,#1869,#1870,#1871,#1872,#1873,#1874,
    #1875,#1876,#1877,#1878,#1879,#1880,#1881,#1882,#1883,#1884,#1885,
    #1886,#1887,#1888,#1889,#1890,#1891,#1892,#1893,#1894,#1895,#1896,
    #1897,#1898,#1899,#1900,#1901,#1902,#1903,#1904,#1905,#1906,#1907,
    #1908,#1909,#1910,#1911,#1912,#1913,#1914,#1915,#1916,#1917,#1918,
    #1919,#1920,#1921,#1922,#1923,#1924,#1925,#1926,#1927,#1928,#1929,
    #1930,#1931,#1932,#1933,#1934),.UNSPECIFIED.,.F.,.F.,(14,12,12,12,12
    ,12,12,12,14),(-3.216482699012,1.279684695702E-14,16.179202165987,
    24.268803248981,32.358404331974,40.448005414968,48.537606497962,
    64.716808663949,67.933291362959),.UNSPECIFIED.);
#1837 = CARTESIAN_POINT('',(27.820569113923,0.302929826188,
    -3.204662821613));
#1838 = CARTESIAN_POINT('',(27.820569113923,0.278562960044,
    -2.946888303358));
#1839 = CARTESIAN_POINT('',(27.820569113924,0.254373522537,
    -2.690990784022));
#1840 = CARTESIAN_POINT('',(27.820569113924,0.230361513667,
    -2.436970263605));
#1841 = CARTESIAN_POINT('',(27.820569113924,0.206526933434,
    -2.184826742107));
#1842 = CARTESIAN_POINT('',(27.820569113924,0.182869781838,
    -1.934560219529));
#1843 = CARTESIAN_POINT('',(27.820569113924,0.159390058879,
    -1.68617069587));
#1844 = CARTESIAN_POINT('',(27.820569113924,0.136087764556,
    -1.439658171131));
#1845 = CARTESIAN_POINT('',(27.820569113923,0.112962898871,
    -1.195022645311));
#1846 = CARTESIAN_POINT('',(27.820569113923,9.001546182304E-02,
    -0.95226411841));
#1847 = CARTESIAN_POINT('',(27.820569113922,6.724545341182E-02,
    -0.711382590428));
#1848 = CARTESIAN_POINT('',(27.820569113922,4.465287363758E-02,
    -0.472378061366));
#1849 = CARTESIAN_POINT('',(27.820569113921,2.22377225003E-02,
    -0.235250531223));
#1850 = CARTESIAN_POINT('',(27.820569113916,-0.111857778111,
    1.183331688832));
#1851 = CARTESIAN_POINT('',(27.898342261891,-0.223741007378,
    2.366932622767));
#1852 = CARTESIAN_POINT('',(28.053944764852,-0.335116627598,
    3.54516361392));
#1853 = CARTESIAN_POINT('',(28.286963925904,-0.445453981258,
    4.712410892095));
#1854 = CARTESIAN_POINT('',(28.596529485766,-0.554228242199,
    5.863122376646));
#1855 = CARTESIAN_POINT('',(28.981326578508,-0.660923725549,
    6.991842691186));
#1856 = CARTESIAN_POINT('',(29.439610289556,-0.765037078465,
    8.093246919191));
#1857 = CARTESIAN_POINT('',(29.969221833916,-0.866080352363,
    9.162173103467));
#1858 = CARTESIAN_POINT('',(30.567606331889,-0.963583955792,
    10.193653485676));
#1859 = CARTESIAN_POINT('',(31.231832206713,-1.057099488845,
    11.182944490069));
#1860 = CARTESIAN_POINT('',(31.95861218174,-1.146202458302,
    12.12555544756));
#1861 = CARTESIAN_POINT('',(32.744325894652,-1.230494874119,
    13.017276063227));
#1862 = CARTESIAN_POINT('',(34.005403228271,-1.349164153249,
    14.272665906086));
#1863 = CARTESIAN_POINT('',(34.439513640192,-1.387425690826,
    14.677430694396));
#1864 = CARTESIAN_POINT('',(34.886884426493,-1.424346216737,
    15.068009061119));
#1865 = CARTESIAN_POINT('',(35.34700549078,-1.459881416488,
    15.443932207846));
#1866 = CARTESIAN_POINT('',(35.819348388917,-1.493988861939,
    15.804751291773));
#1867 = CARTESIAN_POINT('',(36.303367191195,-1.526628085477,
    16.150038210244));
#1868 = CARTESIAN_POINT('',(36.798499372821,-1.557760649942,
    16.479386340594));
#1869 = CARTESIAN_POINT('',(37.304166748911,-1.587350214895,
    16.79241124113));
#1870 = CARTESIAN_POINT('',(37.819776434906,-1.615362598555,
    17.088751306384));
#1871 = CARTESIAN_POINT('',(38.344721851488,-1.641765836066,
    17.368068383507));
#1872 = CARTESIAN_POINT('',(38.878383757742,-1.666530233536,
    17.630048343915));
#1873 = CARTESIAN_POINT('',(39.420131324391,-1.689628418249,
    17.874401614532));
#1874 = CARTESIAN_POINT('',(40.518515155117,-1.732442351363,
    18.327325717197));
#1875 = CARTESIAN_POINT('',(41.07515141512,-1.752158099106,
    18.535896542286));
#1876 = CARTESIAN_POINT('',(41.63859069736,-1.770157620989,
    18.726311594214));
#1877 = CARTESIAN_POINT('',(42.208181182876,-1.786418275123,
    18.898331346829));
#1878 = CARTESIAN_POINT('',(42.783261647562,-1.800919829013,
    19.051741762667));
#1879 = CARTESIAN_POINT('',(43.363162584268,-1.813644498974,
    19.18635471002));
#1880 = CARTESIAN_POINT('',(43.947207342707,-1.824576984094,
    19.302008322114));
#1881 = CARTESIAN_POINT('',(44.534713295914,-1.833704495065,
    19.398567302229));
#1882 = CARTESIAN_POINT('',(45.124993016613,-1.841016777152,
    19.475923166594));
#1883 = CARTESIAN_POINT('',(45.717355470927,-1.84650612771,
    19.533994429718));
#1884 = CARTESIAN_POINT('',(46.311107216746,-1.850167407741,
    19.572726726713));
#1885 = CARTESIAN_POINT('',(46.905553608379,-1.851998047757,
    19.592092875217));
#1886 = CARTESIAN_POINT('',(48.094446391618,-1.851998047757,
    19.592092875214));
#1887 = CARTESIAN_POINT('',(48.688892783277,-1.850167407742,
    19.572726726727));
#1888 = CARTESIAN_POINT('',(49.282644529007,-1.846506127706,
    19.533994429681));
#1889 = CARTESIAN_POINT('',(49.87500698351,-1.84101677716,
    19.475923166666));
#1890 = CARTESIAN_POINT('',(50.465286703918,-1.833704495054,
    19.39856730212));
#1891 = CARTESIAN_POINT('',(51.052792657461,-1.824576984107,
    19.30200832225));
#1892 = CARTESIAN_POINT('',(51.636837415617,-1.813644498961,
    19.18635470988));
#1893 = CARTESIAN_POINT('',(52.216738352479,-1.800919829024,
    19.051741762787));
#1894 = CARTESIAN_POINT('',(52.791818817138,-1.786418275115,
    18.898331346747));
#1895 = CARTESIAN_POINT('',(53.361409302607,-1.770157620992,
    18.726311594255));
#1896 = CARTESIAN_POINT('',(53.924848584905,-1.752158099105,
    18.535896542273));
#1897 = CARTESIAN_POINT('',(54.48148484487,-1.732442351363,
    18.327325717197));
#1898 = CARTESIAN_POINT('',(55.579868675632,-1.68962841825,
    17.874401614537));
#1899 = CARTESIAN_POINT('',(56.121616242121,-1.666530233533,
    17.630048343883));
#1900 = CARTESIAN_POINT('',(56.655278148903,-1.641765836075,
    17.368068383602));
#1901 = CARTESIAN_POINT('',(57.180223564315,-1.615362598538,
    17.088751306195));
#1902 = CARTESIAN_POINT('',(57.695833252274,-1.58735021492,
    16.792411241411));
#1903 = CARTESIAN_POINT('',(58.201500625751,-1.557760649913,
    16.479386340268));
#1904 = CARTESIAN_POINT('',(58.696632810187,-1.526628085503,
    16.150038210546));
#1905 = CARTESIAN_POINT('',(59.180651610006,-1.49398886192,
    15.804751291552));
#1906 = CARTESIAN_POINT('',(59.65299450989,-1.459881416499,
    15.443932207975));
#1907 = CARTESIAN_POINT('',(60.113115573187,-1.424346216733,
    15.068009061062));
#1908 = CARTESIAN_POINT('',(60.560486359914,-1.387425690827,
    14.677430694413));
#1909 = CARTESIAN_POINT('',(60.994596771713,-1.349164153249,
    14.272665906084));
#1910 = CARTESIAN_POINT('',(62.255674105363,-1.230494874119,
    13.017276063228));
#1911 = CARTESIAN_POINT('',(63.04138781822,-1.146202458302,
    12.125555447561));
#1912 = CARTESIAN_POINT('',(63.768167793384,-1.057099488844,
    11.182944490062));
#1913 = CARTESIAN_POINT('',(64.432393667908,-0.963583955796,
    10.193653485691));
#1914 = CARTESIAN_POINT('',(65.030778166432,-0.866080352357,
    9.162173103446));
#1915 = CARTESIAN_POINT('',(65.560389709971,-0.765037078473,
    8.093246919215));
#1916 = CARTESIAN_POINT('',(66.018673422001,-0.660923725542,
    6.991842691164));
#1917 = CARTESIAN_POINT('',(66.403470513801,-0.554228242205,
    5.863122376662));
#1918 = CARTESIAN_POINT('',(66.713036074385,-0.445453981254,
    4.712410892085));
#1919 = CARTESIAN_POINT('',(66.946055235001,-0.3351166276,3.545163613925
    ));
#1920 = CARTESIAN_POINT('',(67.101657738163,-0.223741007377,
    2.366932622766));
#1921 = CARTESIAN_POINT('',(67.179430886072,-0.111857778111,
    1.183331688832));
#1922 = CARTESIAN_POINT('',(67.179430886082,2.223772250032E-02,
    -0.235250531223));
#1923 = CARTESIAN_POINT('',(67.179430886083,4.465287363762E-02,
    -0.472378061366));
#1924 = CARTESIAN_POINT('',(67.179430886085,6.724545341189E-02,
    -0.711382590428));
#1925 = CARTESIAN_POINT('',(67.179430886086,9.001546182313E-02,
    -0.95226411841));
#1926 = CARTESIAN_POINT('',(67.179430886088,0.112962898871,
    -1.195022645311));
#1927 = CARTESIAN_POINT('',(67.17943088609,0.136087764557,
    -1.439658171131));
#1928 = CARTESIAN_POINT('',(67.179430886091,0.159390058879,
    -1.68617069587));
#1929 = CARTESIAN_POINT('',(67.179430886093,0.182869781838,
    -1.934560219529));
#1930 = CARTESIAN_POINT('',(67.179430886094,0.206526933434,
    -2.184826742107));
#1931 = CARTESIAN_POINT('',(67.179430886096,0.230361513667,
    -2.436970263605));
#1932 = CARTESIAN_POINT('',(67.179430886098,0.254373522537,
    -2.690990784022));
#1933 = CARTESIAN_POINT('',(67.179430886099,0.278562960044,
    -2.946888303358));
#1934 = CARTESIAN_POINT('',(67.179430886101,0.302929826188,
    -3.204662821613));
#1935 = PCURVE('',#451,#1936);
#1936 = DEFINITIONAL_REPRESENTATION('',(#1937),#1941);
#1937 = LINE('',#1938,#1939);
#1938 = CARTESIAN_POINT('',(64.716808663949,0.));
#1939 = VECTOR('',#1940,1.);
#1940 = DIRECTION('',(0.,1.));
#1941 = ( GEOMETRIC_REPRESENTATION_CONTEXT(2) 
PARAMETRIC_REPRESENTATION_CONTEXT() REPRESENTATION_CONTEXT('2D SPACE',''
  ) );
#1942 = PCURVE('',#1436,#1943);
#1943 = DEFINITIONAL_REPRESENTATION('',(#1944),#2019);
#1944 = B_SPLINE_CURVE_WITH_KNOTS('',13,(#1945,#1946,#1947,#1948,#1949,
    #1950,#1951,#1952,#1953,#1954,#1955,#1956,#1957,#1958,#1959,#1960,
    #1961,#1962,#1963,#1964,#1965,#1966,#1967,#1968,#1969,#1970,#1971,
    #1972,#1973,#1974,#1975,#1976,#1977,#1978,#1979,#1980,#1981,#1982,
    #1983,#1984,#1985,#1986,#1987,#1988,#1989,#1990,#1991,#1992,#1993,
    #1994,#1995,#1996,#1997,#1998,#1999,#2000,#2001,#2002,#2003,#2004,
    #2005,#2006,#2007,#2008,#2009,#2010,#2011,#2012,#2013,#2014,#2015,
    #2016,#2017,#2018),.UNSPECIFIED.,.F.,.F.,(14,12,12,12,12,12,14),(
    1.279684695702E-14,16.179202165987,24.268803248981,32.358404331974,
    40.448005414968,48.537606497962,64.716808663949),.UNSPECIFIED.);
#1945 = CARTESIAN_POINT('',(80.,-10.32056911392));
#1946 = CARTESIAN_POINT('',(78.811393232256,-10.32056911391));
#1947 = CARTESIAN_POINT('',(77.622516019186,-10.39834226188));
#1948 = CARTESIAN_POINT('',(76.439032687053,-10.55394476487));
#1949 = CARTESIAN_POINT('',(75.266582031506,-10.78696392585));
#1950 = CARTESIAN_POINT('',(74.110740882785,-11.09652948584));
#1951 = CARTESIAN_POINT('',(72.9769889373,-11.4813265784));
#1952 = CARTESIAN_POINT('',(71.870674847864,-11.93961028965));
#1953 = CARTESIAN_POINT('',(70.79698358405,-12.46922183383));
#1954 = CARTESIAN_POINT('',(69.760905048412,-13.06760633194));
#1955 = CARTESIAN_POINT('',(68.76720396356,-13.73183220668));
#1956 = CARTESIAN_POINT('',(67.820391016631,-14.45861218175));
#1957 = CARTESIAN_POINT('',(66.924695271569,-15.24432589464));
#1958 = CARTESIAN_POINT('',(65.663709127555,-16.50540322827));
#1959 = CARTESIAN_POINT('',(65.25713997098,-16.93951364017));
#1960 = CARTESIAN_POINT('',(64.864820476317,-17.38688442653));
#1961 = CARTESIAN_POINT('',(64.487221532394,-17.8470054907));
#1962 = CARTESIAN_POINT('',(64.12479398173,-18.31934838903));
#1963 = CARTESIAN_POINT('',(63.777967837084,-18.80336719106));
#1964 = CARTESIAN_POINT('',(63.447151531738,-19.29849937293));
#1965 = CARTESIAN_POINT('',(63.132731223169,-19.80416674883));
#1966 = CARTESIAN_POINT('',(62.835070127145,-20.31977643495));
#1967 = CARTESIAN_POINT('',(62.554507905114,-20.84472185146));
#1968 = CARTESIAN_POINT('',(62.291360085291,-21.37838375774));
#1969 = CARTESIAN_POINT('',(62.045917531961,-21.92013132438));
#1970 = CARTESIAN_POINT('',(61.590974375452,-23.01851515512));
#1971 = CARTESIAN_POINT('',(61.381473779336,-23.57515141509));
#1972 = CARTESIAN_POINT('',(61.190209891416,-24.13859069742));
#1973 = CARTESIAN_POINT('',(61.017423305957,-24.70818118275));
#1974 = CARTESIAN_POINT('',(60.863329014056,-25.28326164774));
#1975 = CARTESIAN_POINT('',(60.728115986575,-25.86316258405));
#1976 = CARTESIAN_POINT('',(60.611946811596,-26.4472073429));
#1977 = CARTESIAN_POINT('',(60.514957388894,-27.03471329575));
#1978 = CARTESIAN_POINT('',(60.437256686166,-27.62499301671));
#1979 = CARTESIAN_POINT('',(60.378926551769,-28.21735547087));
#1980 = CARTESIAN_POINT('',(60.34002159322,-28.81110721676));
#1981 = CARTESIAN_POINT('',(60.320569113922,-29.40555360837));
#1982 = CARTESIAN_POINT('',(60.320569113913,-30.59444639162));
#1983 = CARTESIAN_POINT('',(60.34002159326,-31.18889278326));
#1984 = CARTESIAN_POINT('',(60.378926551662,-31.78264452903));
#1985 = CARTESIAN_POINT('',(60.437256686376,-32.37500698345));
#1986 = CARTESIAN_POINT('',(60.514957388573,-32.965286704));
#1987 = CARTESIAN_POINT('',(60.611946811993,-33.55279265736));
#1988 = CARTESIAN_POINT('',(60.728115986172,-34.13683741571));
#1989 = CARTESIAN_POINT('',(60.863329014393,-34.7167383524));
#1990 = CARTESIAN_POINT('',(61.017423305734,-35.29181881718));
#1991 = CARTESIAN_POINT('',(61.190209891525,-35.86140930259));
#1992 = CARTESIAN_POINT('',(61.381473779305,-36.4248485849));
#1993 = CARTESIAN_POINT('',(61.590974375449,-36.98148484487));
#1994 = CARTESIAN_POINT('',(62.045917531979,-38.07986867562));
#1995 = CARTESIAN_POINT('',(62.291360085162,-38.62161624217));
#1996 = CARTESIAN_POINT('',(62.554507905495,-39.15527814875));
#1997 = CARTESIAN_POINT('',(62.835070126379,-39.68022356461));
#1998 = CARTESIAN_POINT('',(63.132731224329,-40.19583325181));
#1999 = CARTESIAN_POINT('',(63.447151530361,-40.70150062629));
#2000 = CARTESIAN_POINT('',(63.777967838385,-41.19663280965));
#2001 = CARTESIAN_POINT('',(64.124793980746,-41.68065161042));
#2002 = CARTESIAN_POINT('',(64.487221532983,-42.15299450963));
#2003 = CARTESIAN_POINT('',(64.864820476047,-42.6131155733));
#2004 = CARTESIAN_POINT('',(65.257139971065,-43.06048635987));
#2005 = CARTESIAN_POINT('',(65.663709127544,-43.49459677171));
#2006 = CARTESIAN_POINT('',(66.924695271575,-44.75567410536));
#2007 = CARTESIAN_POINT('',(67.820391016634,-45.54138781821));
#2008 = CARTESIAN_POINT('',(68.767203963544,-46.26816779341));
#2009 = CARTESIAN_POINT('',(69.760905048431,-46.93239366784));
#2010 = CARTESIAN_POINT('',(70.796983584055,-47.53077816653));
#2011 = CARTESIAN_POINT('',(71.870674847811,-48.06038970984));
#2012 = CARTESIAN_POINT('',(72.976988937399,-48.51867342213));
#2013 = CARTESIAN_POINT('',(74.110740882667,-48.90347051369));
#2014 = CARTESIAN_POINT('',(75.266582031607,-49.21303607445));
#2015 = CARTESIAN_POINT('',(76.43903268699,-49.44605523496));
#2016 = CARTESIAN_POINT('',(77.622516019213,-49.60165773817));
#2017 = CARTESIAN_POINT('',(78.81139323225,-49.67943088606));
#2018 = CARTESIAN_POINT('',(80.,-49.67943088608));
#2019 = ( GEOMETRIC_REPRESENTATION_CONTEXT(2) 
PARAMETRIC_REPRESENTATION_CONTEXT() REPRESENTATION_CONTEXT('2D SPACE',''
  ) );
#2020 = ORIENTED_EDGE('',*,*,#2021,.T.);
#2021 = EDGE_CURVE('',#1833,#251,#2022,.T.);
#2022 = SURFACE_CURVE('',#2023,(#2044,#2068),.PCURVE_S1.);
#2023 = B_SPLINE_CURVE_WITH_KNOTS('',7,(#2024,#2025,#2026,#2027,#2028,
    #2029,#2030,#2031,#2032,#2033,#2034,#2035,#2036,#2037,#2038,#2039,
    #2040,#2041,#2042,#2043),.UNSPECIFIED.,.F.,.F.,(8,6,6,8),(0.,
    0.340036196159,0.680048431196,1.),.UNSPECIFIED.);
#2024 = CARTESIAN_POINT('',(66.109675027818,-0.602293205238,
    6.37159657346));
#2025 = CARTESIAN_POINT('',(66.17653075942,-0.602293205238,6.37159657346
    ));
#2026 = CARTESIAN_POINT('',(66.245697978371,-0.607451438653,
    6.37110899837));
#2027 = CARTESIAN_POINT('',(66.316512252834,-0.618418285555,
    6.370072220627));
#2028 = CARTESIAN_POINT('',(66.388084520968,-0.635756356219,
    6.368406987149));
#2029 = CARTESIAN_POINT('',(66.459289984152,-0.659835773981,
    6.36600575388));
#2030 = CARTESIAN_POINT('',(66.528884050991,-0.690673905707,
    6.362733417278));
#2031 = CARTESIAN_POINT('',(66.662474933124,-0.765203992407,
    6.354200943871));
#2032 = CARTESIAN_POINT('',(66.72647196672,-0.808895169171,
    6.348940886019));
#2033 = CARTESIAN_POINT('',(66.786488112526,-0.858682361246,
    6.342563880171));
#2034 = CARTESIAN_POINT('',(66.841391003955,-0.913889891384,
    6.334957172365));
#2035 = CARTESIAN_POINT('',(66.890278153779,-0.97348267262,
    6.326055148473));
#2036 = CARTESIAN_POINT('',(66.932625955604,-1.036263338903,
    6.315891295138));
#2037 = CARTESIAN_POINT('',(67.001762126124,-1.162003076433,
    6.293931852746));
#2038 = CARTESIAN_POINT('',(67.029321873215,-1.224733016664,
    6.282268202612));
#2039 = CARTESIAN_POINT('',(67.050763432935,-1.288244765008,
    6.269679141846));
#2040 = CARTESIAN_POINT('',(67.066203126125,-1.351551776379,
    6.256324814317));
#2041 = CARTESIAN_POINT('',(67.075984527777,-1.413802793777,
    6.242410249434));
#2042 = CARTESIAN_POINT('',(67.080602762262,-1.47434043097,
    6.228156355583));
#2043 = CARTESIAN_POINT('',(67.0806027625,-1.53268579928,6.213764900661)
  );
#2044 = PCURVE('',#451,#2045);
#2045 = DEFINITIONAL_REPRESENTATION('',(#2046),#2067);
#2046 = B_SPLINE_CURVE_WITH_KNOTS('',7,(#2047,#2048,#2049,#2050,#2051,
    #2052,#2053,#2054,#2055,#2056,#2057,#2058,#2059,#2060,#2061,#2062,
    #2063,#2064,#2065,#2066),.UNSPECIFIED.,.F.,.F.,(8,6,6,8),(0.,
    0.340036196159,0.680048431196,1.),.UNSPECIFIED.);
#2047 = CARTESIAN_POINT('',(64.716808663949,57.893504727062));
#2048 = CARTESIAN_POINT('',(61.573232498702,57.916258662589));
#2049 = CARTESIAN_POINT('',(58.429759034358,57.939628711939));
#2050 = CARTESIAN_POINT('',(55.286372583867,57.963369927741));
#2051 = CARTESIAN_POINT('',(52.143048637997,57.9871958919));
#2052 = CARTESIAN_POINT('',(48.999752971734,58.010802390626));
#2053 = CARTESIAN_POINT('',(45.856446492683,58.033923564923));
#2054 = CARTESIAN_POINT('',(39.569962396188,58.078765479768));
#2055 = CARTESIAN_POINT('',(36.426782797865,58.100486321083));
#2056 = CARTESIAN_POINT('',(33.283527386251,58.121293894156));
#2057 = CARTESIAN_POINT('',(30.140169886557,58.141025604636));
#2058 = CARTESIAN_POINT('',(26.996691321518,58.159588299876));
#2059 = CARTESIAN_POINT('',(23.853089023877,58.17692788935));
#2060 = CARTESIAN_POINT('',(17.751146089828,58.208153747872));
#2061 = CARTESIAN_POINT('',(14.792812286564,58.222183371481));
#2062 = CARTESIAN_POINT('',(11.834387962157,58.235080480433));
#2063 = CARTESIAN_POINT('',(8.875882712301,58.246840037048));
#2064 = CARTESIAN_POINT('',(5.917307504601,58.25746722974));
#2065 = CARTESIAN_POINT('',(2.95867537191,58.266975568185));
#2066 = CARTESIAN_POINT('',(0.,58.27539159909));
#2067 = ( GEOMETRIC_REPRESENTATION_CONTEXT(2) 
PARAMETRIC_REPRESENTATION_CONTEXT() REPRESENTATION_CONTEXT('2D SPACE',''
  ) );
#2068 = PCURVE('',#140,#2069);
#2069 = DEFINITIONAL_REPRESENTATION('',(#2070),#2091);
#2070 = B_SPLINE_CURVE_WITH_KNOTS('',7,(#2071,#2072,#2073,#2074,#2075,
    #2076,#2077,#2078,#2079,#2080,#2081,#2082,#2083,#2084,#2085,#2086,
    #2087,#2088,#2089,#2090),.UNSPECIFIED.,.F.,.F.,(8,6,6,8),(0.,
    0.340036196159,0.680048431196,1.),.UNSPECIFIED.);
#2071 = CARTESIAN_POINT('',(9.424777960769E-02,1.609675027818));
#2072 = CARTESIAN_POINT('',(9.424777960769E-02,1.67653075942));
#2073 = CARTESIAN_POINT('',(9.505734685323E-02,1.745697978371));
#2074 = CARTESIAN_POINT('',(9.677855332512E-02,1.816512252834));
#2075 = CARTESIAN_POINT('',(9.950009997778E-02,1.888084520968));
#2076 = CARTESIAN_POINT('',(0.103281101191,1.959289984152));
#2077 = CARTESIAN_POINT('',(0.108126444764,2.028884050991));
#2078 = CARTESIAN_POINT('',(0.119847837097,2.162474933124));
#2079 = CARTESIAN_POINT('',(0.126723761144,2.22647196672));
#2080 = CARTESIAN_POINT('',(0.134566195602,2.286488112526));
#2081 = CARTESIAN_POINT('',(0.143273054226,2.341391003955));
#2082 = CARTESIAN_POINT('',(0.152686652801,2.390278153779));
#2083 = CARTESIAN_POINT('',(0.162623091458,2.432625955604));
#2084 = CARTESIAN_POINT('',(0.182567287718,2.501762126124));
#2085 = CARTESIAN_POINT('',(0.192536237145,2.529321873215));
#2086 = CARTESIAN_POINT('',(0.202651853473,2.550763432935));
#2087 = CARTESIAN_POINT('',(0.212759940011,2.566203126125));
#2088 = CARTESIAN_POINT('',(0.222725625448,2.575984527777));
#2089 = CARTESIAN_POINT('',(0.232442754783,2.580602762262));
#2090 = CARTESIAN_POINT('',(0.241832451568,2.5806027625));
#2091 = ( GEOMETRIC_REPRESENTATION_CONTEXT(2) 
PARAMETRIC_REPRESENTATION_CONTEXT() REPRESENTATION_CONTEXT('2D SPACE',''
  ) );
#2092 = ADVANCED_FACE('',(#2093),#140,.F.);
#2093 = FACE_BOUND('',#2094,.F.);
#2094 = EDGE_LOOP('',(#2095,#2096,#2097,#2118,#2198,#2225,#2226,#2227,
    #2249,#2278));
#2095 = ORIENTED_EDGE('',*,*,#250,.F.);
#2096 = ORIENTED_EDGE('',*,*,#2021,.F.);
#2097 = ORIENTED_EDGE('',*,*,#2098,.F.);
#2098 = EDGE_CURVE('',#2099,#1833,#2101,.T.);
#2099 = VERTEX_POINT('',#2100);
#2100 = CARTESIAN_POINT('',(65.897826028969,-0.602293205238,
    6.37159657346));
#2101 = SURFACE_CURVE('',#2102,(#2106,#2112),.PCURVE_S1.);
#2102 = LINE('',#2103,#2104);
#2103 = CARTESIAN_POINT('',(64.5,-0.602293205238,6.37159657346));
#2104 = VECTOR('',#2105,1.);
#2105 = DIRECTION('',(1.,0.,0.));
#2106 = PCURVE('',#140,#2107);
#2107 = DEFINITIONAL_REPRESENTATION('',(#2108),#2111);
#2108 = B_SPLINE_CURVE_WITH_KNOTS('',1,(#2109,#2110),.UNSPECIFIED.,.F.,
  .F.,(2,2),(-6.000000070117E-07,6.615317063296),
  .PIECEWISE_BEZIER_KNOTS.);
#2109 = CARTESIAN_POINT('',(9.424777960769E-02,-6.000000070117E-07));
#2110 = CARTESIAN_POINT('',(9.424777960769E-02,6.615317063296));
#2111 = ( GEOMETRIC_REPRESENTATION_CONTEXT(2) 
PARAMETRIC_REPRESENTATION_CONTEXT() REPRESENTATION_CONTEXT('2D SPACE',''
  ) );
#2112 = PCURVE('',#1436,#2113);
#2113 = DEFINITIONAL_REPRESENTATION('',(#2114),#2117);
#2114 = B_SPLINE_CURVE_WITH_KNOTS('',1,(#2115,#2116),.UNSPECIFIED.,.F.,
  .F.,(2,2),(-6.000000070117E-07,6.615317063296),
  .PIECEWISE_BEZIER_KNOTS.);
#2115 = CARTESIAN_POINT('',(73.6,-46.9999994));
#2116 = CARTESIAN_POINT('',(73.6,-53.61531706329));
#2117 = ( GEOMETRIC_REPRESENTATION_CONTEXT(2) 
PARAMETRIC_REPRESENTATION_CONTEXT() REPRESENTATION_CONTEXT('2D SPACE',''
  ) );
#2118 = ORIENTED_EDGE('',*,*,#2119,.F.);
#2119 = EDGE_CURVE('',#2120,#2099,#2122,.T.);
#2120 = VERTEX_POINT('',#2121);
#2121 = CARTESIAN_POINT('',(64.964249272947,-1.451502009488,
    6.233228851603));
#2122 = SURFACE_CURVE('',#2123,(#2146,#2172),.PCURVE_S1.);
#2123 = B_SPLINE_CURVE_WITH_KNOTS('',6,(#2124,#2125,#2126,#2127,#2128,
    #2129,#2130,#2131,#2132,#2133,#2134,#2135,#2136,#2137,#2138,#2139,
    #2140,#2141,#2142,#2143,#2144,#2145),.UNSPECIFIED.,.F.,.F.,(7,5,5,5,
    7),(0.,0.249392919876,0.499381704294,0.749410125791,1.),
  .UNSPECIFIED.);
#2124 = CARTESIAN_POINT('',(64.964249272947,-1.451502009488,
    6.233228851603));
#2125 = CARTESIAN_POINT('',(64.96424927249,-1.400763102667,
    6.245044176688));
#2126 = CARTESIAN_POINT('',(64.968225709904,-1.348736672046,
    6.256636782565));
#2127 = CARTESIAN_POINT('',(64.976589377659,-1.295814770918,
    6.267870396154));
#2128 = CARTESIAN_POINT('',(64.989686754574,-1.242507088404,
    6.278605609836));
#2129 = CARTESIAN_POINT('',(65.007712384584,-1.189439031157,
    6.288723646027));
#2130 = CARTESIAN_POINT('',(65.053658778474,-1.084977152361,
    6.307586569278));
#2131 = CARTESIAN_POINT('',(65.081603237478,-1.033587716518,
    6.316328094519));
#2132 = CARTESIAN_POINT('',(65.114484283033,-0.98376583369,
    6.324286869458));
#2133 = CARTESIAN_POINT('',(65.15209447077,-0.936214451673,
    6.331418656897));
#2134 = CARTESIAN_POINT('',(65.193988465581,-0.891580341595,
    6.337729360451));
#2135 = CARTESIAN_POINT('',(65.285168643217,-0.809149826695,
    6.348779887357));
#2136 = CARTESIAN_POINT('',(65.334455827992,-0.77135463492,
    6.353519522694));
#2137 = CARTESIAN_POINT('',(65.386845873284,-0.737488680296,
    6.357508144331));
#2138 = CARTESIAN_POINT('',(65.441595738238,-0.707920806212,
    6.360812096505));
#2139 = CARTESIAN_POINT('',(65.497915616943,-0.682810423228,
    6.363505447606));
#2140 = CARTESIAN_POINT('',(65.612357566732,-0.641434353318,
    6.36780932244));
#2141 = CARTESIAN_POINT('',(65.67048323227,-0.62518853853,6.369417419582
    ));
#2142 = CARTESIAN_POINT('',(65.728710283878,-0.613396759331,
    6.370546858838));
#2143 = CARTESIAN_POINT('',(65.786351807334,-0.605870718272,
    6.371258429339));
#2144 = CARTESIAN_POINT('',(65.842861081983,-0.602293205238,
    6.37159657346));
#2145 = CARTESIAN_POINT('',(65.897826028969,-0.602293205238,
    6.37159657346));
#2146 = PCURVE('',#140,#2147);
#2147 = DEFINITIONAL_REPRESENTATION('',(#2148),#2171);
#2148 = B_SPLINE_CURVE_WITH_KNOTS('',6,(#2149,#2150,#2151,#2152,#2153,
    #2154,#2155,#2156,#2157,#2158,#2159,#2160,#2161,#2162,#2163,#2164,
    #2165,#2166,#2167,#2168,#2169,#2170),.UNSPECIFIED.,.F.,.F.,(7,5,5,5,
    7),(0.,0.249392919876,0.499381704294,0.749410125791,1.),
  .UNSPECIFIED.);
#2149 = CARTESIAN_POINT('',(0.228787914032,0.464249272947));
#2150 = CARTESIAN_POINT('',(0.220647846014,0.46424927249));
#2151 = CARTESIAN_POINT('',(0.212319736299,0.468225709904));
#2152 = CARTESIAN_POINT('',(0.203867110849,0.476589377659));
#2153 = CARTESIAN_POINT('',(0.195371260196,0.489686754574));
#2154 = CARTESIAN_POINT('',(0.186930409825,0.507712384584));
#2155 = CARTESIAN_POINT('',(0.17034427251,0.553658778474));
#2156 = CARTESIAN_POINT('',(0.162199751847,0.581603237478));
#2157 = CARTESIAN_POINT('',(0.154316970729,0.614484283033));
#2158 = CARTESIAN_POINT('',(0.146804391732,0.65209447077));
#2159 = CARTESIAN_POINT('',(0.139761131051,0.693988465581));
#2160 = CARTESIAN_POINT('',(0.126766142598,0.785168643217));
#2161 = CARTESIAN_POINT('',(0.120814606871,0.834455827992));
#2162 = CARTESIAN_POINT('',(0.115486662943,0.886845873284));
#2163 = CARTESIAN_POINT('',(0.11083799907,0.941595738238));
#2164 = CARTESIAN_POINT('',(0.106892017856,0.997915616943));
#2165 = CARTESIAN_POINT('',(0.100392125843,1.112357566732));
#2166 = CARTESIAN_POINT('',(9.78413434291E-02,1.17048323227));
#2167 = CARTESIAN_POINT('',(9.599044527918E-02,1.228710283878));
#2168 = CARTESIAN_POINT('',(9.480925751811E-02,1.286351807334));
#2169 = CARTESIAN_POINT('',(9.424777960769E-02,1.342861081983));
#2170 = CARTESIAN_POINT('',(9.424777960769E-02,1.397826028969));
#2171 = ( GEOMETRIC_REPRESENTATION_CONTEXT(2) 
PARAMETRIC_REPRESENTATION_CONTEXT() REPRESENTATION_CONTEXT('2D SPACE',''
  ) );
#2172 = PCURVE('',#1124,#2173);
#2173 = DEFINITIONAL_REPRESENTATION('',(#2174),#2197);
#2174 = B_SPLINE_CURVE_WITH_KNOTS('',6,(#2175,#2176,#2177,#2178,#2179,
    #2180,#2181,#2182,#2183,#2184,#2185,#2186,#2187,#2188,#2189,#2190,
    #2191,#2192,#2193,#2194,#2195,#2196),.UNSPECIFIED.,.F.,.F.,(7,5,5,5,
    7),(0.,0.249392919876,0.499381704294,0.749410125791,1.),
  .UNSPECIFIED.);
#2175 = CARTESIAN_POINT('',(58.43362335677,51.954620677236));
#2176 = CARTESIAN_POINT('',(56.004247570934,51.948046226512));
#2177 = CARTESIAN_POINT('',(53.574892136185,51.943154876663));
#2178 = CARTESIAN_POINT('',(51.145568588713,51.940184603658));
#2179 = CARTESIAN_POINT('',(48.716289906002,51.93934014844));
#2180 = CARTESIAN_POINT('',(46.287069842903,51.940735286607));
#2181 = CARTESIAN_POINT('',(41.422975485611,51.948009190321));
#2182 = CARTESIAN_POINT('',(38.988098454753,51.953898722596));
#2183 = CARTESIAN_POINT('',(36.553311319591,51.962035236897));
#2184 = CARTESIAN_POINT('',(34.118621355725,51.972302515732));
#2185 = CARTESIAN_POINT('',(31.684026312836,51.984457423105));
#2186 = CARTESIAN_POINT('',(26.814626060395,52.011941543897));
#2187 = CARTESIAN_POINT('',(24.379819431954,52.027271110159));
#2188 = CARTESIAN_POINT('',(21.94508821334,52.043885707123));
#2189 = CARTESIAN_POINT('',(19.510410791556,52.061420225679));
#2190 = CARTESIAN_POINT('',(17.075761261846,52.079518844473));
#2191 = CARTESIAN_POINT('',(12.200999032646,52.116277263612));
#2192 = CARTESIAN_POINT('',(9.760886890807,52.134938182003));
#2193 = CARTESIAN_POINT('',(7.32075095238,52.153553151481));
#2194 = CARTESIAN_POINT('',(4.880567707271,52.171865902912));
#2195 = CARTESIAN_POINT('',(2.440320742457,52.189700611752));
#2196 = CARTESIAN_POINT('',(0.,52.206940627147));
#2197 = ( GEOMETRIC_REPRESENTATION_CONTEXT(2) 
PARAMETRIC_REPRESENTATION_CONTEXT() REPRESENTATION_CONTEXT('2D SPACE',''
  ) );
#2198 = ORIENTED_EDGE('',*,*,#2199,.F.);
#2199 = EDGE_CURVE('',#928,#2120,#2200,.T.);
#2200 = SURFACE_CURVE('',#2201,(#2206,#2213),.PCURVE_S1.);
#2201 = CIRCLE('',#2202,6.4);
#2202 = AXIS2_PLACEMENT_3D('',#2203,#2204,#2205);
#2203 = CARTESIAN_POINT('',(64.964249196573,0.,0.));
#2204 = DIRECTION('',(-1.,0.,0.));
#2205 = DIRECTION('',(0.,-0.694658370459,0.719339800339));
#2206 = PCURVE('',#140,#2207);
#2207 = DEFINITIONAL_REPRESENTATION('',(#2208),#2212);
#2208 = LINE('',#2209,#2210);
#2209 = CARTESIAN_POINT('',(0.767944870878,0.464249196573));
#2210 = VECTOR('',#2211,1.);
#2211 = DIRECTION('',(-1.,-0.));
#2212 = ( GEOMETRIC_REPRESENTATION_CONTEXT(2) 
PARAMETRIC_REPRESENTATION_CONTEXT() REPRESENTATION_CONTEXT('2D SPACE',''
  ) );
#2213 = PCURVE('',#946,#2214);
#2214 = DEFINITIONAL_REPRESENTATION('',(#2215),#2224);
#2215 = B_SPLINE_CURVE_WITH_KNOTS('',7,(#2216,#2217,#2218,#2219,#2220,
    #2221,#2222,#2223),.UNSPECIFIED.,.F.,.F.,(8,8),(0.,0.539156956845),
  .PIECEWISE_BEZIER_KNOTS.);
#2216 = CARTESIAN_POINT('',(6.033913359411,0.250114367824));
#2217 = CARTESIAN_POINT('',(6.052981644812,0.269115682418));
#2218 = CARTESIAN_POINT('',(6.073920591597,0.286456492372));
#2219 = CARTESIAN_POINT('',(6.096594526508,0.301930004919));
#2220 = CARTESIAN_POINT('',(6.120824143937,0.315343775368));
#2221 = CARTESIAN_POINT('',(6.146375440523,0.326528417823));
#2222 = CARTESIAN_POINT('',(6.172961364931,0.335352861959));
#2223 = CARTESIAN_POINT('',(6.200263128912,0.341732412512));
#2224 = ( GEOMETRIC_REPRESENTATION_CONTEXT(2) 
PARAMETRIC_REPRESENTATION_CONTEXT() REPRESENTATION_CONTEXT('2D SPACE',''
  ) );
#2225 = ORIENTED_EDGE('',*,*,#999,.T.);
#2226 = ORIENTED_EDGE('',*,*,#112,.F.);
#2227 = ORIENTED_EDGE('',*,*,#2228,.T.);
#2228 = EDGE_CURVE('',#113,#2229,#2231,.T.);
#2229 = VERTEX_POINT('',#2230);
#2230 = CARTESIAN_POINT('',(71.8,-4.113840701994,4.902684435961));
#2231 = SURFACE_CURVE('',#2232,(#2236,#2242),.PCURVE_S1.);
#2232 = LINE('',#2233,#2234);
#2233 = CARTESIAN_POINT('',(62.5,-4.113840701994,4.902684435961));
#2234 = VECTOR('',#2235,1.);
#2235 = DIRECTION('',(1.,0.,0.));
#2236 = PCURVE('',#140,#2237);
#2237 = DEFINITIONAL_REPRESENTATION('',(#2238),#2241);
#2238 = B_SPLINE_CURVE_WITH_KNOTS('',1,(#2239,#2240),.UNSPECIFIED.,.F.,
  .F.,(2,2),(0.9999994,11.9000006),.PIECEWISE_BEZIER_KNOTS.);
#2239 = CARTESIAN_POINT('',(0.698131700798,-1.0000006));
#2240 = CARTESIAN_POINT('',(0.698131700798,9.9000006));
#2241 = ( GEOMETRIC_REPRESENTATION_CONTEXT(2) 
PARAMETRIC_REPRESENTATION_CONTEXT() REPRESENTATION_CONTEXT('2D SPACE',''
  ) );
#2242 = PCURVE('',#172,#2243);
#2243 = DEFINITIONAL_REPRESENTATION('',(#2244),#2248);
#2244 = LINE('',#2245,#2246);
#2245 = CARTESIAN_POINT('',(6.4,0.));
#2246 = VECTOR('',#2247,1.);
#2247 = DIRECTION('',(0.,-1.));
#2248 = ( GEOMETRIC_REPRESENTATION_CONTEXT(2) 
PARAMETRIC_REPRESENTATION_CONTEXT() REPRESENTATION_CONTEXT('2D SPACE',''
  ) );
#2249 = ORIENTED_EDGE('',*,*,#2250,.F.);
#2250 = EDGE_CURVE('',#2251,#2229,#2253,.T.);
#2251 = VERTEX_POINT('',#2252);
#2252 = CARTESIAN_POINT('',(71.8,-1.977708764,6.086761704289));
#2253 = SURFACE_CURVE('',#2254,(#2259,#2266),.PCURVE_S1.);
#2254 = CIRCLE('',#2255,6.4);
#2255 = AXIS2_PLACEMENT_3D('',#2256,#2257,#2258);
#2256 = CARTESIAN_POINT('',(71.8,0.,0.));
#2257 = DIRECTION('',(1.,0.,0.));
#2258 = DIRECTION('',(-0.,0.,1.));
#2259 = PCURVE('',#140,#2260);
#2260 = DEFINITIONAL_REPRESENTATION('',(#2261),#2265);
#2261 = LINE('',#2262,#2263);
#2262 = CARTESIAN_POINT('',(0.,7.3));
#2263 = VECTOR('',#2264,1.);
#2264 = DIRECTION('',(1.,0.));
#2265 = ( GEOMETRIC_REPRESENTATION_CONTEXT(2) 
PARAMETRIC_REPRESENTATION_CONTEXT() REPRESENTATION_CONTEXT('2D SPACE',''
  ) );
#2266 = PCURVE('',#2267,#2272);
#2267 = PLANE('',#2268);
#2268 = AXIS2_PLACEMENT_3D('',#2269,#2270,#2271);
#2269 = CARTESIAN_POINT('',(71.8,0.,0.));
#2270 = DIRECTION('',(1.,0.,0.));
#2271 = DIRECTION('',(-0.,0.,1.));
#2272 = DEFINITIONAL_REPRESENTATION('',(#2273),#2277);
#2273 = CIRCLE('',#2274,6.4);
#2274 = AXIS2_PLACEMENT_2D('',#2275,#2276);
#2275 = CARTESIAN_POINT('',(0.,0.));
#2276 = DIRECTION('',(1.,0.));
#2277 = ( GEOMETRIC_REPRESENTATION_CONTEXT(2) 
PARAMETRIC_REPRESENTATION_CONTEXT() REPRESENTATION_CONTEXT('2D SPACE',''
  ) );
#2278 = ORIENTED_EDGE('',*,*,#2279,.F.);
#2279 = EDGE_CURVE('',#218,#2251,#2280,.T.);
#2280 = SURFACE_CURVE('',#2281,(#2285,#2291),.PCURVE_S1.);
#2281 = LINE('',#2282,#2283);
#2282 = CARTESIAN_POINT('',(62.5,-1.977708764,6.086761704289));
#2283 = VECTOR('',#2284,1.);
#2284 = DIRECTION('',(1.,0.,0.));
#2285 = PCURVE('',#140,#2286);
#2286 = DEFINITIONAL_REPRESENTATION('',(#2287),#2290);
#2287 = B_SPLINE_CURVE_WITH_KNOTS('',1,(#2288,#2289),.UNSPECIFIED.,.F.,
  .F.,(2,2),(0.9999994,11.9000006),.PIECEWISE_BEZIER_KNOTS.);
#2288 = CARTESIAN_POINT('',(0.314159265359,-1.0000006));
#2289 = CARTESIAN_POINT('',(0.314159265359,9.9000006));
#2290 = ( GEOMETRIC_REPRESENTATION_CONTEXT(2) 
PARAMETRIC_REPRESENTATION_CONTEXT() REPRESENTATION_CONTEXT('2D SPACE',''
  ) );
#2291 = PCURVE('',#238,#2292);
#2292 = DEFINITIONAL_REPRESENTATION('',(#2293),#2297);
#2293 = LINE('',#2294,#2295);
#2294 = CARTESIAN_POINT('',(6.379257435813,0.));
#2295 = VECTOR('',#2296,1.);
#2296 = DIRECTION('',(0.,-1.));
#2297 = ( GEOMETRIC_REPRESENTATION_CONTEXT(2) 
PARAMETRIC_REPRESENTATION_CONTEXT() REPRESENTATION_CONTEXT('2D SPACE',''
  ) );
#2298 = ADVANCED_FACE('',(#2299),#238,.T.);
#2299 = FACE_BOUND('',#2300,.T.);
#2300 = EDGE_LOOP('',(#2301,#2302,#2303,#2326,#2354,#2381));
#2301 = ORIENTED_EDGE('',*,*,#2279,.F.);
#2302 = ORIENTED_EDGE('',*,*,#217,.F.);
#2303 = ORIENTED_EDGE('',*,*,#2304,.T.);
#2304 = EDGE_CURVE('',#185,#2305,#2307,.T.);
#2305 = VERTEX_POINT('',#2306);
#2306 = CARTESIAN_POINT('',(74.4,-3.244678440937,9.986093421099));
#2307 = SURFACE_CURVE('',#2308,(#2312,#2319),.PCURVE_S1.);
#2308 = LINE('',#2309,#2310);
#2309 = CARTESIAN_POINT('',(65.223148704449,-3.244678440937,
    9.986093421099));
#2310 = VECTOR('',#2311,1.);
#2311 = DIRECTION('',(1.,-4.839232930203E-17,-1.935693172081E-16));
#2312 = PCURVE('',#238,#2313);
#2313 = DEFINITIONAL_REPRESENTATION('',(#2314),#2318);
#2314 = LINE('',#2315,#2316);
#2315 = CARTESIAN_POINT('',(2.279257435813,-2.723148704449));
#2316 = VECTOR('',#2317,1.);
#2317 = DIRECTION('',(1.691413083339E-16,-1.));
#2318 = ( GEOMETRIC_REPRESENTATION_CONTEXT(2) 
PARAMETRIC_REPRESENTATION_CONTEXT() REPRESENTATION_CONTEXT('2D SPACE',''
  ) );
#2319 = PCURVE('',#205,#2320);
#2320 = DEFINITIONAL_REPRESENTATION('',(#2321),#2325);
#2321 = LINE('',#2322,#2323);
#2322 = CARTESIAN_POINT('',(0.314159265359,1.723148704449));
#2323 = VECTOR('',#2324,1.);
#2324 = DIRECTION('',(0.,1.));
#2325 = ( GEOMETRIC_REPRESENTATION_CONTEXT(2) 
PARAMETRIC_REPRESENTATION_CONTEXT() REPRESENTATION_CONTEXT('2D SPACE',''
  ) );
#2326 = ORIENTED_EDGE('',*,*,#2327,.T.);
#2327 = EDGE_CURVE('',#2305,#2328,#2330,.T.);
#2328 = VERTEX_POINT('',#2329);
#2329 = CARTESIAN_POINT('',(74.4,-1.85410196625,5.706339097771));
#2330 = SURFACE_CURVE('',#2331,(#2335,#2342),.PCURVE_S1.);
#2331 = LINE('',#2332,#2333);
#2332 = CARTESIAN_POINT('',(74.4,-3.244678440937,9.986093421099));
#2333 = VECTOR('',#2334,1.);
#2334 = DIRECTION('',(0.,0.309016994375,-0.951056516295));
#2335 = PCURVE('',#238,#2336);
#2336 = DEFINITIONAL_REPRESENTATION('',(#2337),#2341);
#2337 = LINE('',#2338,#2339);
#2338 = CARTESIAN_POINT('',(2.279257435813,-11.9));
#2339 = VECTOR('',#2340,1.);
#2340 = DIRECTION('',(1.,0.));
#2341 = ( GEOMETRIC_REPRESENTATION_CONTEXT(2) 
PARAMETRIC_REPRESENTATION_CONTEXT() REPRESENTATION_CONTEXT('2D SPACE',''
  ) );
#2342 = PCURVE('',#2343,#2348);
#2343 = PLANE('',#2344);
#2344 = AXIS2_PLACEMENT_3D('',#2345,#2346,#2347);
#2345 = CARTESIAN_POINT('',(74.4,0.,0.));
#2346 = DIRECTION('',(1.,0.,0.));
#2347 = DIRECTION('',(-0.,0.,1.));
#2348 = DEFINITIONAL_REPRESENTATION('',(#2349),#2353);
#2349 = LINE('',#2350,#2351);
#2350 = CARTESIAN_POINT('',(9.986093421099,3.244678440937));
#2351 = VECTOR('',#2352,1.);
#2352 = DIRECTION('',(-0.951056516295,-0.309016994375));
#2353 = ( GEOMETRIC_REPRESENTATION_CONTEXT(2) 
PARAMETRIC_REPRESENTATION_CONTEXT() REPRESENTATION_CONTEXT('2D SPACE',''
  ) );
#2354 = ORIENTED_EDGE('',*,*,#2355,.F.);
#2355 = EDGE_CURVE('',#2356,#2328,#2358,.T.);
#2356 = VERTEX_POINT('',#2357);
#2357 = CARTESIAN_POINT('',(71.8,-1.85410196625,5.706339097771));
#2358 = SURFACE_CURVE('',#2359,(#2363,#2370),.PCURVE_S1.);
#2359 = LINE('',#2360,#2361);
#2360 = CARTESIAN_POINT('',(71.8,-1.85410196625,5.706339097771));
#2361 = VECTOR('',#2362,1.);
#2362 = DIRECTION('',(1.,0.,0.));
#2363 = PCURVE('',#238,#2364);
#2364 = DEFINITIONAL_REPRESENTATION('',(#2365),#2369);
#2365 = LINE('',#2366,#2367);
#2366 = CARTESIAN_POINT('',(6.779257435813,-9.3));
#2367 = VECTOR('',#2368,1.);
#2368 = DIRECTION('',(0.,-1.));
#2369 = ( GEOMETRIC_REPRESENTATION_CONTEXT(2) 
PARAMETRIC_REPRESENTATION_CONTEXT() REPRESENTATION_CONTEXT('2D SPACE',''
  ) );
#2370 = PCURVE('',#2371,#2376);
#2371 = CYLINDRICAL_SURFACE('',#2372,6.);
#2372 = AXIS2_PLACEMENT_3D('',#2373,#2374,#2375);
#2373 = CARTESIAN_POINT('',(71.8,0.,0.));
#2374 = DIRECTION('',(1.,0.,0.));
#2375 = DIRECTION('',(-0.,0.,1.));
#2376 = DEFINITIONAL_REPRESENTATION('',(#2377),#2380);
#2377 = B_SPLINE_CURVE_WITH_KNOTS('',1,(#2378,#2379),.UNSPECIFIED.,.F.,
  .F.,(2,2),(0.,2.6),.PIECEWISE_BEZIER_KNOTS.);
#2378 = CARTESIAN_POINT('',(6.597344572539,0.));
#2379 = CARTESIAN_POINT('',(6.597344572539,2.6));
#2380 = ( GEOMETRIC_REPRESENTATION_CONTEXT(2) 
PARAMETRIC_REPRESENTATION_CONTEXT() REPRESENTATION_CONTEXT('2D SPACE',''
  ) );
#2381 = ORIENTED_EDGE('',*,*,#2382,.T.);
#2382 = EDGE_CURVE('',#2356,#2251,#2383,.T.);
#2383 = SURFACE_CURVE('',#2384,(#2388,#2395),.PCURVE_S1.);
#2384 = LINE('',#2385,#2386);
#2385 = CARTESIAN_POINT('',(71.8,-1.974503861579,6.076898028872));
#2386 = VECTOR('',#2387,1.);
#2387 = DIRECTION('',(0.,-0.309016994375,0.951056516295));
#2388 = PCURVE('',#238,#2389);
#2389 = DEFINITIONAL_REPRESENTATION('',(#2390),#2394);
#2390 = LINE('',#2391,#2392);
#2391 = CARTESIAN_POINT('',(6.389628717906,-9.3));
#2392 = VECTOR('',#2393,1.);
#2393 = DIRECTION('',(-1.,-0.));
#2394 = ( GEOMETRIC_REPRESENTATION_CONTEXT(2) 
PARAMETRIC_REPRESENTATION_CONTEXT() REPRESENTATION_CONTEXT('2D SPACE',''
  ) );
#2395 = PCURVE('',#2267,#2396);
#2396 = DEFINITIONAL_REPRESENTATION('',(#2397),#2401);
#2397 = LINE('',#2398,#2399);
#2398 = CARTESIAN_POINT('',(6.076898028872,1.974503861579));
#2399 = VECTOR('',#2400,1.);
#2400 = DIRECTION('',(0.951056516295,0.309016994375));
#2401 = ( GEOMETRIC_REPRESENTATION_CONTEXT(2) 
PARAMETRIC_REPRESENTATION_CONTEXT() REPRESENTATION_CONTEXT('2D SPACE',''
  ) );
#2402 = ADVANCED_FACE('',(#2403),#205,.T.);
#2403 = FACE_BOUND('',#2404,.T.);
#2404 = EDGE_LOOP('',(#2405,#2428,#2450,#2451));
#2405 = ORIENTED_EDGE('',*,*,#2406,.T.);
#2406 = EDGE_CURVE('',#153,#2407,#2409,.T.);
#2407 = VERTEX_POINT('',#2408);
#2408 = CARTESIAN_POINT('',(74.4,-6.749269901709,8.043466652749));
#2409 = SURFACE_CURVE('',#2410,(#2414,#2421),.PCURVE_S1.);
#2410 = LINE('',#2411,#2412);
#2411 = CARTESIAN_POINT('',(65.223148704449,-6.749269901709,
    8.043466652749));
#2412 = VECTOR('',#2413,1.);
#2413 = DIRECTION('',(1.,9.678465860406E-17,-1.935693172081E-16));
#2414 = PCURVE('',#205,#2415);
#2415 = DEFINITIONAL_REPRESENTATION('',(#2416),#2420);
#2416 = LINE('',#2417,#2418);
#2417 = CARTESIAN_POINT('',(0.698131700798,1.723148704449));
#2418 = VECTOR('',#2419,1.);
#2419 = DIRECTION('',(0.,1.));
#2420 = ( GEOMETRIC_REPRESENTATION_CONTEXT(2) 
PARAMETRIC_REPRESENTATION_CONTEXT() REPRESENTATION_CONTEXT('2D SPACE',''
  ) );
#2421 = PCURVE('',#172,#2422);
#2422 = DEFINITIONAL_REPRESENTATION('',(#2423),#2427);
#2423 = LINE('',#2424,#2425);
#2424 = CARTESIAN_POINT('',(10.5,-2.723148704449));
#2425 = VECTOR('',#2426,1.);
#2426 = DIRECTION('',(-2.10494679164E-16,-1.));
#2427 = ( GEOMETRIC_REPRESENTATION_CONTEXT(2) 
PARAMETRIC_REPRESENTATION_CONTEXT() REPRESENTATION_CONTEXT('2D SPACE',''
  ) );
#2428 = ORIENTED_EDGE('',*,*,#2429,.F.);
#2429 = EDGE_CURVE('',#2305,#2407,#2430,.T.);
#2430 = SURFACE_CURVE('',#2431,(#2436,#2443),.PCURVE_S1.);
#2431 = CIRCLE('',#2432,10.5);
#2432 = AXIS2_PLACEMENT_3D('',#2433,#2434,#2435);
#2433 = CARTESIAN_POINT('',(74.4,0.,0.));
#2434 = DIRECTION('',(1.,0.,0.));
#2435 = DIRECTION('',(-0.,0.,1.));
#2436 = PCURVE('',#205,#2437);
#2437 = DEFINITIONAL_REPRESENTATION('',(#2438),#2442);
#2438 = LINE('',#2439,#2440);
#2439 = CARTESIAN_POINT('',(0.,10.9));
#2440 = VECTOR('',#2441,1.);
#2441 = DIRECTION('',(1.,0.));
#2442 = ( GEOMETRIC_REPRESENTATION_CONTEXT(2) 
PARAMETRIC_REPRESENTATION_CONTEXT() REPRESENTATION_CONTEXT('2D SPACE',''
  ) );
#2443 = PCURVE('',#2343,#2444);
#2444 = DEFINITIONAL_REPRESENTATION('',(#2445),#2449);
#2445 = CIRCLE('',#2446,10.5);
#2446 = AXIS2_PLACEMENT_2D('',#2447,#2448);
#2447 = CARTESIAN_POINT('',(0.,0.));
#2448 = DIRECTION('',(1.,0.));
#2449 = ( GEOMETRIC_REPRESENTATION_CONTEXT(2) 
PARAMETRIC_REPRESENTATION_CONTEXT() REPRESENTATION_CONTEXT('2D SPACE',''
  ) );
#2450 = ORIENTED_EDGE('',*,*,#2304,.F.);
#2451 = ORIENTED_EDGE('',*,*,#184,.T.);
#2452 = ADVANCED_FACE('',(#2453),#172,.T.);
#2453 = FACE_BOUND('',#2454,.T.);
#2454 = EDGE_LOOP('',(#2455,#2456,#2479,#2501,#2522,#2523));
#2455 = ORIENTED_EDGE('',*,*,#2228,.T.);
#2456 = ORIENTED_EDGE('',*,*,#2457,.T.);
#2457 = EDGE_CURVE('',#2229,#2458,#2460,.T.);
#2458 = VERTEX_POINT('',#2459);
#2459 = CARTESIAN_POINT('',(71.8,-3.856725658119,4.596266658714));
#2460 = SURFACE_CURVE('',#2461,(#2465,#2472),.PCURVE_S1.);
#2461 = LINE('',#2462,#2463);
#2462 = CARTESIAN_POINT('',(71.8,0.,0.));
#2463 = VECTOR('',#2464,1.);
#2464 = DIRECTION('',(0.,0.642787609687,-0.766044443119));
#2465 = PCURVE('',#172,#2466);
#2466 = DEFINITIONAL_REPRESENTATION('',(#2467),#2471);
#2467 = LINE('',#2468,#2469);
#2468 = CARTESIAN_POINT('',(0.,-9.3));
#2469 = VECTOR('',#2470,1.);
#2470 = DIRECTION('',(-1.,-0.));
#2471 = ( GEOMETRIC_REPRESENTATION_CONTEXT(2) 
PARAMETRIC_REPRESENTATION_CONTEXT() REPRESENTATION_CONTEXT('2D SPACE',''
  ) );
#2472 = PCURVE('',#2267,#2473);
#2473 = DEFINITIONAL_REPRESENTATION('',(#2474),#2478);
#2474 = LINE('',#2475,#2476);
#2475 = CARTESIAN_POINT('',(0.,0.));
#2476 = VECTOR('',#2477,1.);
#2477 = DIRECTION('',(-0.766044443119,-0.642787609687));
#2478 = ( GEOMETRIC_REPRESENTATION_CONTEXT(2) 
PARAMETRIC_REPRESENTATION_CONTEXT() REPRESENTATION_CONTEXT('2D SPACE',''
  ) );
#2479 = ORIENTED_EDGE('',*,*,#2480,.T.);
#2480 = EDGE_CURVE('',#2458,#2481,#2483,.T.);
#2481 = VERTEX_POINT('',#2482);
#2482 = CARTESIAN_POINT('',(74.4,-3.856725658119,4.596266658714));
#2483 = SURFACE_CURVE('',#2484,(#2488,#2495),.PCURVE_S1.);
#2484 = LINE('',#2485,#2486);
#2485 = CARTESIAN_POINT('',(71.8,-3.856725658119,4.596266658714));
#2486 = VECTOR('',#2487,1.);
#2487 = DIRECTION('',(1.,0.,0.));
#2488 = PCURVE('',#172,#2489);
#2489 = DEFINITIONAL_REPRESENTATION('',(#2490),#2494);
#2490 = LINE('',#2491,#2492);
#2491 = CARTESIAN_POINT('',(6.,-9.3));
#2492 = VECTOR('',#2493,1.);
#2493 = DIRECTION('',(0.,-1.));
#2494 = ( GEOMETRIC_REPRESENTATION_CONTEXT(2) 
PARAMETRIC_REPRESENTATION_CONTEXT() REPRESENTATION_CONTEXT('2D SPACE',''
  ) );
#2495 = PCURVE('',#2371,#2496);
#2496 = DEFINITIONAL_REPRESENTATION('',(#2497),#2500);
#2497 = B_SPLINE_CURVE_WITH_KNOTS('',1,(#2498,#2499),.UNSPECIFIED.,.F.,
  .F.,(2,2),(0.,2.6),.PIECEWISE_BEZIER_KNOTS.);
#2498 = CARTESIAN_POINT('',(0.698131700798,0.));
#2499 = CARTESIAN_POINT('',(0.698131700798,2.6));
#2500 = ( GEOMETRIC_REPRESENTATION_CONTEXT(2) 
PARAMETRIC_REPRESENTATION_CONTEXT() REPRESENTATION_CONTEXT('2D SPACE',''
  ) );
#2501 = ORIENTED_EDGE('',*,*,#2502,.T.);
#2502 = EDGE_CURVE('',#2481,#2407,#2503,.T.);
#2503 = SURFACE_CURVE('',#2504,(#2508,#2515),.PCURVE_S1.);
#2504 = LINE('',#2505,#2506);
#2505 = CARTESIAN_POINT('',(74.4,-3.856725658119,4.596266658714));
#2506 = VECTOR('',#2507,1.);
#2507 = DIRECTION('',(0.,-0.642787609687,0.766044443119));
#2508 = PCURVE('',#172,#2509);
#2509 = DEFINITIONAL_REPRESENTATION('',(#2510),#2514);
#2510 = LINE('',#2511,#2512);
#2511 = CARTESIAN_POINT('',(6.,-11.9));
#2512 = VECTOR('',#2513,1.);
#2513 = DIRECTION('',(1.,0.));
#2514 = ( GEOMETRIC_REPRESENTATION_CONTEXT(2) 
PARAMETRIC_REPRESENTATION_CONTEXT() REPRESENTATION_CONTEXT('2D SPACE',''
  ) );
#2515 = PCURVE('',#2343,#2516);
#2516 = DEFINITIONAL_REPRESENTATION('',(#2517),#2521);
#2517 = LINE('',#2518,#2519);
#2518 = CARTESIAN_POINT('',(4.596266658714,3.856725658119));
#2519 = VECTOR('',#2520,1.);
#2520 = DIRECTION('',(0.766044443119,0.642787609687));
#2521 = ( GEOMETRIC_REPRESENTATION_CONTEXT(2) 
PARAMETRIC_REPRESENTATION_CONTEXT() REPRESENTATION_CONTEXT('2D SPACE',''
  ) );
#2522 = ORIENTED_EDGE('',*,*,#2406,.F.);
#2523 = ORIENTED_EDGE('',*,*,#152,.F.);
#2524 = ADVANCED_FACE('',(#2525),#946,.F.);
#2525 = FACE_BOUND('',#2526,.F.);
#2526 = EDGE_LOOP('',(#2527,#2528,#2529,#2696));
#2527 = ORIENTED_EDGE('',*,*,#927,.F.);
#2528 = ORIENTED_EDGE('',*,*,#2199,.T.);
#2529 = ORIENTED_EDGE('',*,*,#2530,.F.);
#2530 = EDGE_CURVE('',#1042,#2120,#2531,.T.);
#2531 = SURFACE_CURVE('',#2532,(#2623,#2689),.PCURVE_S1.);
#2532 = B_SPLINE_CURVE_WITH_KNOTS('',12,(#2533,#2534,#2535,#2536,#2537,
    #2538,#2539,#2540,#2541,#2542,#2543,#2544,#2545,#2546,#2547,#2548,
    #2549,#2550,#2551,#2552,#2553,#2554,#2555,#2556,#2557,#2558,#2559,
    #2560,#2561,#2562,#2563,#2564,#2565,#2566,#2567,#2568,#2569,#2570,
    #2571,#2572,#2573,#2574,#2575,#2576,#2577,#2578,#2579,#2580,#2581,
    #2582,#2583,#2584,#2585,#2586,#2587,#2588,#2589,#2590,#2591,#2592,
    #2593,#2594,#2595,#2596,#2597,#2598,#2599,#2600,#2601,#2602,#2603,
    #2604,#2605,#2606,#2607,#2608,#2609,#2610,#2611,#2612,#2613,#2614,
    #2615,#2616,#2617,#2618,#2619,#2620,#2621,#2622),.UNSPECIFIED.,.F.,
  .F.,(13,11,11,11,11,11,11,11,13),(-2.776016373373,-7.339787318653E-15,
    14.608405839192,21.912608758789,29.216811678385,36.521014597981,
    43.825217517577,58.43362335677,61.209639730144),.UNSPECIFIED.);
#2533 = CARTESIAN_POINT('',(28.919821212189,-0.581132492316,
    -2.974318876269));
#2534 = CARTESIAN_POINT('',(28.91982121219,-0.604977752719,
    -2.72206237037));
#2535 = CARTESIAN_POINT('',(28.91982121219,-0.62863174098,-2.47182931238
    ));
#2536 = CARTESIAN_POINT('',(28.91982121219,-0.652094457099,
    -2.223619702298));
#2537 = CARTESIAN_POINT('',(28.919821212191,-0.675365901076,
    -1.977433540124));
#2538 = CARTESIAN_POINT('',(28.919821212191,-0.69844607291,
    -1.733270825859));
#2539 = CARTESIAN_POINT('',(28.919821212191,-0.721334972602,
    -1.491131559502));
#2540 = CARTESIAN_POINT('',(28.919821212191,-0.744032600152,
    -1.251015741053));
#2541 = CARTESIAN_POINT('',(28.919821212191,-0.76653895556,
    -1.012923370513));
#2542 = CARTESIAN_POINT('',(28.919821212191,-0.788854038825,
    -0.77685444788));
#2543 = CARTESIAN_POINT('',(28.919821212191,-0.810977849948,
    -0.542808973157));
#2544 = CARTESIAN_POINT('',(28.91982121219,-0.832910388929,
    -0.310786946341));
#2545 = CARTESIAN_POINT('',(28.919821212188,-0.969062093861,
    1.129547643313));
#2546 = CARTESIAN_POINT('',(29.006600662002,-1.083500093095,
    2.340175220448));
#2547 = CARTESIAN_POINT('',(29.180226915957,-1.197312064993,
    3.544180120231));
#2548 = CARTESIAN_POINT('',(29.440129639365,-1.309847388307,
    4.734679488706));
#2549 = CARTESIAN_POINT('',(29.785117310246,-1.420463758857,
    5.90487845748));
#2550 = CARTESIAN_POINT('',(30.213396758444,-1.528532317357,
    7.048124389947));
#2551 = CARTESIAN_POINT('',(30.722595736905,-1.633442554906,
    8.157958776747));
#2552 = CARTESIAN_POINT('',(31.30978853264,-1.734606996581,
    9.228166782147));
#2553 = CARTESIAN_POINT('',(31.971524608294,-1.831465662625,
    10.252824439345));
#2554 = CARTESIAN_POINT('',(32.703860283591,-1.923490307741,
    11.226343496728));
#2555 = CARTESIAN_POINT('',(33.502393448605,-2.010188438042,
    12.1435139133));
#2556 = CARTESIAN_POINT('',(34.792255247931,-2.131566439983,
    13.427559050316));
#2557 = CARTESIAN_POINT('',(35.237553014215,-2.170580910327,
    13.840289035315));
#2558 = CARTESIAN_POINT('',(35.697591996685,-2.208093902414,
    14.237135039453));
#2559 = CARTESIAN_POINT('',(36.171743433454,-2.244051269361,
    14.617524248729));
#2560 = CARTESIAN_POINT('',(36.659353687766,-2.278401451786,
    14.980911221457));
#2561 = CARTESIAN_POINT('',(37.159745571556,-2.311095590049,
    15.326779077254));
#2562 = CARTESIAN_POINT('',(37.672219742828,-2.342087630332,
    15.654640616855));
#2563 = CARTESIAN_POINT('',(38.196056148433,-2.371334422623,
    15.964039361559));
#2564 = CARTESIAN_POINT('',(38.730515545367,-2.398795812881,
    16.254550525387));
#2565 = CARTESIAN_POINT('',(39.274841068229,-2.424434727142,
    16.525781907146));
#2566 = CARTESIAN_POINT('',(39.828259869397,-2.448217249414,
    16.777374712929));
#2567 = CARTESIAN_POINT('',(40.951709757967,-2.49200813476,
    17.240633890674));
#2568 = CARTESIAN_POINT('',(41.521740840935,-2.512016497125,
    17.452300255109));
#2569 = CARTESIAN_POINT('',(42.09929091468,-2.53010708962,17.64367873349
    ));
#2570 = CARTESIAN_POINT('',(42.683558524967,-2.546252448241,
    17.81447878694));
#2571 = CARTESIAN_POINT('',(43.273729586113,-2.560428402253,
    17.964444715901));
#2572 = CARTESIAN_POINT('',(43.868979105949,-2.572614133383,
    18.093356285888));
#2573 = CARTESIAN_POINT('',(44.468472945325,-2.582792225537,
    18.201029254052));
#2574 = CARTESIAN_POINT('',(45.071369617566,-2.590948705305,
    18.287315796989));
#2575 = CARTESIAN_POINT('',(45.676822105334,-2.5970730722,
    18.352104831285));
#2576 = CARTESIAN_POINT('',(46.283979701018,-2.601158319164,
    18.395322229929));
#2577 = CARTESIAN_POINT('',(46.891989850498,-2.603200942644,
    18.416930929234));
#2578 = CARTESIAN_POINT('',(48.108010149502,-2.603200942644,
    18.416930929237));
#2579 = CARTESIAN_POINT('',(48.716020298982,-2.601158319162,
    18.395322229917));
#2580 = CARTESIAN_POINT('',(49.323177894662,-2.597073072205,
    18.352104831317));
#2581 = CARTESIAN_POINT('',(49.928630382451,-2.590948705296,
    18.287315796929));
#2582 = CARTESIAN_POINT('',(50.531527054629,-2.582792225549,
    18.20102925414));
#2583 = CARTESIAN_POINT('',(51.13102089413,-2.572614133371,
    18.093356285789));
#2584 = CARTESIAN_POINT('',(51.726270413795,-2.560428402264,
    17.964444715987));
#2585 = CARTESIAN_POINT('',(52.316441475107,-2.546252448234,
    17.814478786882));
#2586 = CARTESIAN_POINT('',(52.900709085277,-2.530107089623,
    17.643678733519));
#2587 = CARTESIAN_POINT('',(53.478259159085,-2.512016497124,
    17.452300255099));
#2588 = CARTESIAN_POINT('',(54.048290242026,-2.492008134761,
    17.240633890676));
#2589 = CARTESIAN_POINT('',(55.171740130614,-2.448217249414,
    16.777374712928));
#2590 = CARTESIAN_POINT('',(55.725158931713,-2.424434727144,
    16.525781907153));
#2591 = CARTESIAN_POINT('',(56.269484454789,-2.398795812878,
    16.254550525368));
#2592 = CARTESIAN_POINT('',(56.803943851273,-2.371334422631,
    15.9640393616));
#2593 = CARTESIAN_POINT('',(57.327780257591,-2.34208763032,
    15.654640616788));
#2594 = CARTESIAN_POINT('',(57.840254427977,-2.311095590064,
    15.32677907734));
#2595 = CARTESIAN_POINT('',(58.340646312644,-2.278401451772,
    14.980911221374));
#2596 = CARTESIAN_POINT('',(58.828256566265,-2.244051269371,
    14.617524248791));
#2597 = CARTESIAN_POINT('',(59.302408003459,-2.208093902409,
    14.23713503942));
#2598 = CARTESIAN_POINT('',(59.762446985733,-2.170580910329,
    13.840289035327));
#2599 = CARTESIAN_POINT('',(60.207744752078,-2.131566439983,
    13.427559050314));
#2600 = CARTESIAN_POINT('',(61.497606551383,-2.010188438043,
    12.143513913301));
#2601 = CARTESIAN_POINT('',(62.296139716452,-1.923490307741,
    11.226343496726));
#2602 = CARTESIAN_POINT('',(63.028475391593,-1.831465662626,
    10.252824439346));
#2603 = CARTESIAN_POINT('',(63.690211467579,-1.734606996581,
    9.228166782149));
#2604 = CARTESIAN_POINT('',(64.277404262768,-1.633442554905,
    8.157958776741));
#2605 = CARTESIAN_POINT('',(64.786603241933,-1.528532317358,
    7.048124389957));
#2606 = CARTESIAN_POINT('',(65.214882689417,-1.420463758856,
    5.904878457471));
#2607 = CARTESIAN_POINT('',(65.559870360869,-1.309847388307,
    4.734679488712));
#2608 = CARTESIAN_POINT('',(65.81977308392,-1.197312064993,
    3.544180120228));
#2609 = CARTESIAN_POINT('',(65.993399338045,-1.083500093095,
    2.340175220449));
#2610 = CARTESIAN_POINT('',(66.080178787802,-0.969062093861,
    1.129547643313));
#2611 = CARTESIAN_POINT('',(66.080178787812,-0.832910388929,
    -0.310786946341));
#2612 = CARTESIAN_POINT('',(66.080178787813,-0.810977849948,
    -0.542808973157));
#2613 = CARTESIAN_POINT('',(66.080178787815,-0.788854038825,
    -0.776854447881));
#2614 = CARTESIAN_POINT('',(66.080178787816,-0.76653895556,
    -1.012923370513));
#2615 = CARTESIAN_POINT('',(66.080178787818,-0.744032600152,
    -1.251015741053));
#2616 = CARTESIAN_POINT('',(66.08017878782,-0.721334972602,
    -1.491131559502));
#2617 = CARTESIAN_POINT('',(66.080178787821,-0.69844607291,
    -1.733270825859));
#2618 = CARTESIAN_POINT('',(66.080178787823,-0.675365901076,
    -1.977433540125));
#2619 = CARTESIAN_POINT('',(66.080178787825,-0.652094457099,
    -2.223619702298));
#2620 = CARTESIAN_POINT('',(66.080178787827,-0.62863174098,
    -2.47182931238));
#2621 = CARTESIAN_POINT('',(66.080178787828,-0.604977752719,
    -2.72206237037));
#2622 = CARTESIAN_POINT('',(66.08017878783,-0.581132492316,
    -2.974318876269));
#2623 = PCURVE('',#946,#2624);
#2624 = DEFINITIONAL_REPRESENTATION('',(#2625),#2688);
#2625 = B_SPLINE_CURVE_WITH_KNOTS('',11,(#2626,#2627,#2628,#2629,#2630,
    #2631,#2632,#2633,#2634,#2635,#2636,#2637,#2638,#2639,#2640,#2641,
    #2642,#2643,#2644,#2645,#2646,#2647,#2648,#2649,#2650,#2651,#2652,
    #2653,#2654,#2655,#2656,#2657,#2658,#2659,#2660,#2661,#2662,#2663,
    #2664,#2665,#2666,#2667,#2668,#2669,#2670,#2671,#2672,#2673,#2674,
    #2675,#2676,#2677,#2678,#2679,#2680,#2681,#2682,#2683,#2684,#2685,
    #2686,#2687),.UNSPECIFIED.,.F.,.F.,(12,10,10,10,10,10,12),(
    1.077330865143,15.147071271764,22.181941475075,29.216811678385,
    36.251681881695,43.286552085006,57.356292491627),.UNSPECIFIED.);
#2626 = CARTESIAN_POINT('',(3.193079892665,5.324090157178E-02));
#2627 = CARTESIAN_POINT('',(3.199740764143,0.121604106287));
#2628 = CARTESIAN_POINT('',(3.206689534883,0.189954039665));
#2629 = CARTESIAN_POINT('',(3.21401866471,0.258279100989));
#2630 = CARTESIAN_POINT('',(3.221829061454,0.326567760378));
#2631 = CARTESIAN_POINT('',(3.230244326397,0.39480892745));
#2632 = CARTESIAN_POINT('',(3.239415302751,0.462991539232));
#2633 = CARTESIAN_POINT('',(3.249528556671,0.531103032422));
#2634 = CARTESIAN_POINT('',(3.260832420182,0.59912636507));
#2635 = CARTESIAN_POINT('',(3.273694225591,0.667035252806));
#2636 = CARTESIAN_POINT('',(3.288702360733,0.734787284683));
#2637 = CARTESIAN_POINT('',(3.315888981523,0.83607823328));
#2638 = CARTESIAN_POINT('',(3.325733892638,0.869785247116));
#2639 = CARTESIAN_POINT('',(3.336460728584,0.903429530105));
#2640 = CARTESIAN_POINT('',(3.348270890055,0.936995181192));
#2641 = CARTESIAN_POINT('',(3.361358092397,0.970467838142));
#2642 = CARTESIAN_POINT('',(3.37594450536,1.003832098807));
#2643 = CARTESIAN_POINT('',(3.392346082222,1.037065647414));
#2644 = CARTESIAN_POINT('',(3.411014557108,1.070135205544));
#2645 = CARTESIAN_POINT('',(3.432567884238,1.10299391854));
#2646 = CARTESIAN_POINT('',(3.457885187415,1.1355742793));
#2647 = CARTESIAN_POINT('',(3.518927978515,1.199956085691));
#2648 = CARTESIAN_POINT('',(3.554726952953,1.231767771767));
#2649 = CARTESIAN_POINT('',(3.596914116552,1.262984724928));
#2650 = CARTESIAN_POINT('',(3.648173459585,1.293890672444));
#2651 = CARTESIAN_POINT('',(3.712176508314,1.322967069701));
#2652 = CARTESIAN_POINT('',(3.785489292219,1.352478047541));
#2653 = CARTESIAN_POINT('',(3.899181340089,1.377747705057));
#2654 = CARTESIAN_POINT('',(4.013050185765,1.402617734178));
#2655 = CARTESIAN_POINT('',(4.221883831016,1.421146729234));
#2656 = CARTESIAN_POINT('',(4.466987396407,1.430378299325));
#2657 = CARTESIAN_POINT('',(4.957790564362,1.430378299325));
#2658 = CARTESIAN_POINT('',(5.202894129753,1.421146729233));
#2659 = CARTESIAN_POINT('',(5.411727775003,1.402617734179));
#2660 = CARTESIAN_POINT('',(5.525596620682,1.377747705057));
#2661 = CARTESIAN_POINT('',(5.639288668549,1.352478047541));
#2662 = CARTESIAN_POINT('',(5.712601452457,1.322967069701));
#2663 = CARTESIAN_POINT('',(5.776604501184,1.293890672444));
#2664 = CARTESIAN_POINT('',(5.827863844219,1.262984724928));
#2665 = CARTESIAN_POINT('',(5.870051007816,1.231767771767));
#2666 = CARTESIAN_POINT('',(5.905849982254,1.199956085691));
#2667 = CARTESIAN_POINT('',(5.966892773355,1.1355742793));
#2668 = CARTESIAN_POINT('',(5.992210076532,1.10299391854));
#2669 = CARTESIAN_POINT('',(6.01376340366,1.070135205544));
#2670 = CARTESIAN_POINT('',(6.032431878547,1.037065647415));
#2671 = CARTESIAN_POINT('',(6.04883345541,1.003832098807));
#2672 = CARTESIAN_POINT('',(6.063419868372,0.970467838142));
#2673 = CARTESIAN_POINT('',(6.076507070715,0.936995181191));
#2674 = CARTESIAN_POINT('',(6.088317232185,0.903429530105));
#2675 = CARTESIAN_POINT('',(6.099044068132,0.869785247116));
#2676 = CARTESIAN_POINT('',(6.108888979247,0.83607823328));
#2677 = CARTESIAN_POINT('',(6.136075600037,0.734787284683));
#2678 = CARTESIAN_POINT('',(6.151083735178,0.667035252806));
#2679 = CARTESIAN_POINT('',(6.163945540586,0.59912636507));
#2680 = CARTESIAN_POINT('',(6.1752494041,0.531103032422));
#2681 = CARTESIAN_POINT('',(6.185362658017,0.462991539232));
#2682 = CARTESIAN_POINT('',(6.194533634373,0.394808927449));
#2683 = CARTESIAN_POINT('',(6.202948899315,0.326567760379));
#2684 = CARTESIAN_POINT('',(6.210759296059,0.258279100989));
#2685 = CARTESIAN_POINT('',(6.218088425886,0.189954039665));
#2686 = CARTESIAN_POINT('',(6.225037196627,0.121604106287));
#2687 = CARTESIAN_POINT('',(6.231698068105,5.324090157178E-02));
#2688 = ( GEOMETRIC_REPRESENTATION_CONTEXT(2) 
PARAMETRIC_REPRESENTATION_CONTEXT() REPRESENTATION_CONTEXT('2D SPACE',''
  ) );
#2689 = PCURVE('',#1124,#2690);
#2690 = DEFINITIONAL_REPRESENTATION('',(#2691),#2695);
#2691 = LINE('',#2692,#2693);
#2692 = CARTESIAN_POINT('',(58.43362335677,0.));
#2693 = VECTOR('',#2694,1.);
#2694 = DIRECTION('',(0.,1.));
#2695 = ( GEOMETRIC_REPRESENTATION_CONTEXT(2) 
PARAMETRIC_REPRESENTATION_CONTEXT() REPRESENTATION_CONTEXT('2D SPACE',''
  ) );
#2696 = ORIENTED_EDGE('',*,*,#1041,.T.);
#2697 = ADVANCED_FACE('',(#2698),#1124,.F.);
#2698 = FACE_BOUND('',#2699,.F.);
#2699 = EDGE_LOOP('',(#2700,#2873,#2874,#2875));
#2700 = ORIENTED_EDGE('',*,*,#2701,.F.);
#2701 = EDGE_CURVE('',#1071,#2099,#2702,.T.);
#2702 = SURFACE_CURVE('',#2703,(#2794,#2801),.PCURVE_S1.);
#2703 = B_SPLINE_CURVE_WITH_KNOTS('',12,(#2704,#2705,#2706,#2707,#2708,
    #2709,#2710,#2711,#2712,#2713,#2714,#2715,#2716,#2717,#2718,#2719,
    #2720,#2721,#2722,#2723,#2724,#2725,#2726,#2727,#2728,#2729,#2730,
    #2731,#2732,#2733,#2734,#2735,#2736,#2737,#2738,#2739,#2740,#2741,
    #2742,#2743,#2744,#2745,#2746,#2747,#2748,#2749,#2750,#2751,#2752,
    #2753,#2754,#2755,#2756,#2757,#2758,#2759,#2760,#2761,#2762,#2763,
    #2764,#2765,#2766,#2767,#2768,#2769,#2770,#2771,#2772,#2773,#2774,
    #2775,#2776,#2777,#2778,#2779,#2780,#2781,#2782,#2783,#2784,#2785,
    #2786,#2787,#2788,#2789,#2790,#2791,#2792,#2793),.UNSPECIFIED.,.F.,
  .F.,(13,11,11,11,11,11,11,11,13),(-2.776016373373,-7.339787318653E-15,
    14.608405839192,21.912608758789,29.216811678385,36.521014597981,
    43.825217517577,58.43362335677,61.209639730144),.UNSPECIFIED.);
#2704 = CARTESIAN_POINT('',(28.020780303104,0.273519163451,
    -2.893530508835));
#2705 = CARTESIAN_POINT('',(28.020780303104,0.25072589983,
    -2.652402966432));
#2706 = CARTESIAN_POINT('',(28.020780303105,0.227932636209,
    -2.411275424029));
#2707 = CARTESIAN_POINT('',(28.020780303105,0.205139372588,
    -2.170147881626));
#2708 = CARTESIAN_POINT('',(28.020780303105,0.182346108967,
    -1.929020339224));
#2709 = CARTESIAN_POINT('',(28.020780303105,0.159552845347,
    -1.687892796821));
#2710 = CARTESIAN_POINT('',(28.020780303105,0.136759581726,
    -1.446765254418));
#2711 = CARTESIAN_POINT('',(28.020780303105,0.113966318105,
    -1.205637712015));
#2712 = CARTESIAN_POINT('',(28.020780303104,9.117305448374E-02,
    -0.964510169612));
#2713 = CARTESIAN_POINT('',(28.020780303104,6.837979086281E-02,
    -0.723382627209));
#2714 = CARTESIAN_POINT('',(28.020780303104,4.558652724187E-02,
    -0.482255084806));
#2715 = CARTESIAN_POINT('',(28.020780303103,2.279326362094E-02,
    -0.241127542403));
#2716 = CARTESIAN_POINT('',(28.020780303099,-0.119946427034,
    1.268900656428));
#2717 = CARTESIAN_POINT('',(28.111758587774,-0.23992086148,
    2.538097600326));
#2718 = CARTESIAN_POINT('',(28.293784039666,-0.359238811753,
    3.800349667094));
#2719 = CARTESIAN_POINT('',(28.566258887071,-0.47721856912,
    5.048445131625));
#2720 = CARTESIAN_POINT('',(28.927935049841,-0.593186911216,
    6.275262045223));
#2721 = CARTESIAN_POINT('',(29.376933895726,-0.706484558248,
    7.473825956165));
#2722 = CARTESIAN_POINT('',(29.910769400153,-0.816471381752,
    8.637365012684));
#2723 = CARTESIAN_POINT('',(30.526374719476,-0.922531366104,
    9.759362450137));
#2724 = CARTESIAN_POINT('',(31.220132165781,-1.024077322533,
    10.833606460203));
#2725 = CARTESIAN_POINT('',(31.987906595232,-1.120555355901,
    11.854237444371));
#2726 = CARTESIAN_POINT('',(32.825082199708,-1.211449084017,
    12.815792649669));
#2727 = CARTESIAN_POINT('',(34.177362963936,-1.338700872479,
    14.161975957533));
#2728 = CARTESIAN_POINT('',(34.644209572896,-1.379603336471,
    14.594678829082));
#2729 = CARTESIAN_POINT('',(35.126510694555,-1.418931643203,
    15.010728856271));
#2730 = CARTESIAN_POINT('',(35.623607077552,-1.456629023143,
    15.409525480168));
#2731 = CARTESIAN_POINT('',(36.134813395318,-1.492641420971,
    15.790496855264));
#2732 = CARTESIAN_POINT('',(36.659419636686,-1.526917613214,
    16.153101093762));
#2733 = CARTESIAN_POINT('',(37.196692572435,-1.559409319037,
    16.496827437843));
#2734 = CARTESIAN_POINT('',(37.745877269913,-1.590071303023,
    16.821197346704));
#2735 = CARTESIAN_POINT('',(38.306198688075,-1.618861471301,
    17.125765513767));
#2736 = CARTESIAN_POINT('',(38.876863321469,-1.6457409597,
    17.410120799011));
#2737 = CARTESIAN_POINT('',(39.457060918898,-1.670674215009,
    17.673887088772));
#2738 = CARTESIAN_POINT('',(40.634871599382,-1.716583922198,
    18.1595610603));
#2739 = CARTESIAN_POINT('',(41.232484677884,-1.737560373355,
    18.38146873443));
#2740 = CARTESIAN_POINT('',(41.837980260361,-1.756526251463,
    18.582106767389));
#2741 = CARTESIAN_POINT('',(42.450518123222,-1.773452767591,
    18.761170604117));
#2742 = CARTESIAN_POINT('',(43.069244808802,-1.788314585307,
    18.918392213131));
#2743 = CARTESIAN_POINT('',(43.693295432892,-1.801089882538,
    19.053540741058));
#2744 = CARTESIAN_POINT('',(44.321795528069,-1.811760403608,
    19.166423062972));
#2745 = CARTESIAN_POINT('',(44.953862929149,-1.820311501551,
    19.256884230204));
#2746 = CARTESIAN_POINT('',(45.588609676498,-1.826732169792,
    19.324807805302));
#2747 = CARTESIAN_POINT('',(46.22514394429,-1.831015063556,19.3701160887
    ));
#2748 = CARTESIAN_POINT('',(46.862571972134,-1.833156510436,
    19.392770230377));
#2749 = CARTESIAN_POINT('',(48.137428027866,-1.833156510436,
    19.39277023038));
#2750 = CARTESIAN_POINT('',(48.77485605571,-1.831015063554,
    19.370116088685));
#2751 = CARTESIAN_POINT('',(49.411390323498,-1.826732169795,
    19.324807805341));
#2752 = CARTESIAN_POINT('',(50.046137070867,-1.820311501545,
    19.25688423013));
#2753 = CARTESIAN_POINT('',(50.678204471891,-1.811760403617,
    19.166423063078));
#2754 = CARTESIAN_POINT('',(51.306704567173,-1.801089882528,
    19.05354074094));
#2755 = CARTESIAN_POINT('',(51.930755191123,-1.788314585316,
    18.918392213235));
#2756 = CARTESIAN_POINT('',(52.54948187684,-1.773452767586,
    18.761170604048));
#2757 = CARTESIAN_POINT('',(53.1620197396,-1.756526251466,
    18.582106767423));
#2758 = CARTESIAN_POINT('',(53.767515322135,-1.737560373354,
    18.381468734418));
#2759 = CARTESIAN_POINT('',(54.365128400611,-1.716583922198,
    18.159561060303));
#2760 = CARTESIAN_POINT('',(55.542939081113,-1.670674215009,
    17.67388708877));
#2761 = CARTESIAN_POINT('',(56.123136678474,-1.645740959701,
    17.410120799017));
#2762 = CARTESIAN_POINT('',(56.693801312079,-1.618861471299,
    17.125765513749));
#2763 = CARTESIAN_POINT('',(57.254122729797,-1.590071303027,
    16.821197346743));
#2764 = CARTESIAN_POINT('',(57.803307427981,-1.55940931903,
    16.496827437777));
#2765 = CARTESIAN_POINT('',(58.340580362848,-1.526917613223,
    16.153101093846));
#2766 = CARTESIAN_POINT('',(58.865186605094,-1.492641420962,
    15.790496855181));
#2767 = CARTESIAN_POINT('',(59.376392922166,-1.456629023149,
    15.409525480229));
#2768 = CARTESIAN_POINT('',(59.873489305591,-1.4189316432,
    15.010728856238));
#2769 = CARTESIAN_POINT('',(60.355790427051,-1.379603336473,
    14.594678829095));
#2770 = CARTESIAN_POINT('',(60.822637036073,-1.338700872478,
    14.161975957531));
#2771 = CARTESIAN_POINT('',(62.17491780028,-1.211449084017,
    12.815792649671));
#2772 = CARTESIAN_POINT('',(63.012093404809,-1.1205553559,
    11.854237444368));
#2773 = CARTESIAN_POINT('',(63.779867834115,-1.024077322533,
    10.833606460205));
#2774 = CARTESIAN_POINT('',(64.47362528073,-0.922531366104,
    9.759362450137));
#2775 = CARTESIAN_POINT('',(65.089230599537,-0.816471381753,
    8.637365012678));
#2776 = CARTESIAN_POINT('',(65.623066104636,-0.706484558248,
    7.473825956175));
#2777 = CARTESIAN_POINT('',(66.07206494983,-0.593186911216,
    6.275262045213));
#2778 = CARTESIAN_POINT('',(66.433741113161,-0.477218569121,
    5.048445131633));
#2779 = CARTESIAN_POINT('',(66.706215960209,-0.359238811753,
    3.80034966709));
#2780 = CARTESIAN_POINT('',(66.888241412274,-0.23992086148,
    2.538097600328));
#2781 = CARTESIAN_POINT('',(66.97921969689,-0.119946427034,
    1.268900656428));
#2782 = CARTESIAN_POINT('',(66.979219696899,2.279326362094E-02,
    -0.241127542403));
#2783 = CARTESIAN_POINT('',(66.9792196969,4.558652724189E-02,
    -0.482255084806));
#2784 = CARTESIAN_POINT('',(66.979219696902,6.837979086283E-02,
    -0.723382627209));
#2785 = CARTESIAN_POINT('',(66.979219696903,9.117305448377E-02,
    -0.964510169612));
#2786 = CARTESIAN_POINT('',(66.979219696905,0.113966318105,
    -1.205637712015));
#2787 = CARTESIAN_POINT('',(66.979219696906,0.136759581726,
    -1.446765254418));
#2788 = CARTESIAN_POINT('',(66.979219696908,0.159552845347,
    -1.687892796821));
#2789 = CARTESIAN_POINT('',(66.979219696909,0.182346108968,
    -1.929020339224));
#2790 = CARTESIAN_POINT('',(66.979219696911,0.205139372588,
    -2.170147881627));
#2791 = CARTESIAN_POINT('',(66.979219696912,0.227932636209,
    -2.411275424029));
#2792 = CARTESIAN_POINT('',(66.979219696914,0.25072589983,
    -2.652402966432));
#2793 = CARTESIAN_POINT('',(66.979219696915,0.273519163451,
    -2.893530508835));
#2794 = PCURVE('',#1124,#2795);
#2795 = DEFINITIONAL_REPRESENTATION('',(#2796),#2800);
#2796 = LINE('',#2797,#2798);
#2797 = CARTESIAN_POINT('',(0.,0.));
#2798 = VECTOR('',#2799,1.);
#2799 = DIRECTION('',(0.,1.));
#2800 = ( GEOMETRIC_REPRESENTATION_CONTEXT(2) 
PARAMETRIC_REPRESENTATION_CONTEXT() REPRESENTATION_CONTEXT('2D SPACE',''
  ) );
#2801 = PCURVE('',#1436,#2802);
#2802 = DEFINITIONAL_REPRESENTATION('',(#2803),#2872);
#2803 = B_SPLINE_CURVE_WITH_KNOTS('',12,(#2804,#2805,#2806,#2807,#2808,
    #2809,#2810,#2811,#2812,#2813,#2814,#2815,#2816,#2817,#2818,#2819,
    #2820,#2821,#2822,#2823,#2824,#2825,#2826,#2827,#2828,#2829,#2830,
    #2831,#2832,#2833,#2834,#2835,#2836,#2837,#2838,#2839,#2840,#2841,
    #2842,#2843,#2844,#2845,#2846,#2847,#2848,#2849,#2850,#2851,#2852,
    #2853,#2854,#2855,#2856,#2857,#2858,#2859,#2860,#2861,#2862,#2863,
    #2864,#2865,#2866,#2867,#2868,#2869,#2870,#2871),.UNSPECIFIED.,.F.,
  .F.,(13,11,11,11,11,11,13),(-7.339787318653E-15,14.608405839192,
    21.912608758789,29.216811678385,36.521014597981,43.825217517577,
    58.43362335677),.UNSPECIFIED.);
#2804 = CARTESIAN_POINT('',(80.,-10.5207803031));
#2805 = CARTESIAN_POINT('',(78.725442813656,-10.5207803031));
#2806 = CARTESIAN_POINT('',(77.450588019097,-10.61175858776));
#2807 = CARTESIAN_POINT('',(76.182709060501,-10.79378403968));
#2808 = CARTESIAN_POINT('',(74.929049812126,-11.06625888703));
#2809 = CARTESIAN_POINT('',(73.6967639699,-11.42793504989));
#2810 = CARTESIAN_POINT('',(72.49285707811,-11.87693389566));
#2811 = CARTESIAN_POINT('',(71.324131174106,-12.41076940021));
#2812 = CARTESIAN_POINT('',(70.19713207521,-13.02637471943));
#2813 = CARTESIAN_POINT('',(69.118099279104,-13.7201321658));
#2814 = CARTESIAN_POINT('',(68.092918506536,-14.48790659522));
#2815 = CARTESIAN_POINT('',(67.127076861764,-15.32508219971));
#2816 = CARTESIAN_POINT('',(65.774892511926,-16.67736296393));
#2817 = CARTESIAN_POINT('',(65.340260729032,-17.14420957291));
#2818 = CARTESIAN_POINT('',(64.922356026325,-17.62651069451));
#2819 = CARTESIAN_POINT('',(64.521781638386,-18.12360707763));
#2820 = CARTESIAN_POINT('',(64.139111962869,-18.6348133952));
#2821 = CARTESIAN_POINT('',(63.774891298782,-19.1594196368));
#2822 = CARTESIAN_POINT('',(63.429632686085,-19.69669257233));
#2823 = CARTESIAN_POINT('',(63.103816793757,-20.24587726998));
#2824 = CARTESIAN_POINT('',(62.797890917421,-20.80619868804));
#2825 = CARTESIAN_POINT('',(62.512268027413,-21.37686332148));
#2826 = CARTESIAN_POINT('',(62.247325915263,-21.95706091889));
#2827 = CARTESIAN_POINT('',(61.759486896881,-23.13487159938));
#2828 = CARTESIAN_POINT('',(61.536589998466,-23.73248467787));
#2829 = CARTESIAN_POINT('',(61.335057557293,-24.33798026039));
#2830 = CARTESIAN_POINT('',(61.155195486544,-24.95051812316));
#2831 = CARTESIAN_POINT('',(60.99727301166,-25.56924480888));
#2832 = CARTESIAN_POINT('',(60.861522016423,-26.1932954328));
#2833 = CARTESIAN_POINT('',(60.748136485106,-26.82179552814));
#2834 = CARTESIAN_POINT('',(60.657272058647,-27.4538629291));
#2835 = CARTESIAN_POINT('',(60.589045692325,-28.08860967652));
#2836 = CARTESIAN_POINT('',(60.543535432879,-28.72514394428));
#2837 = CARTESIAN_POINT('',(60.520780303097,-29.36257197213));
#2838 = CARTESIAN_POINT('',(60.520780303109,-30.63742802786));
#2839 = CARTESIAN_POINT('',(60.543535432829,-31.27485605572));
#2840 = CARTESIAN_POINT('',(60.589045692452,-31.91139032346));
#2841 = CARTESIAN_POINT('',(60.657272058414,-32.54613707092));
#2842 = CARTESIAN_POINT('',(60.748136485428,-33.1782044718));
#2843 = CARTESIAN_POINT('',(60.861522016077,-33.80670456726));
#2844 = CARTESIAN_POINT('',(60.997273011951,-34.43075519103));
#2845 = CARTESIAN_POINT('',(61.155195486353,-35.0494818769));
#2846 = CARTESIAN_POINT('',(61.335057557388,-35.66201973956));
#2847 = CARTESIAN_POINT('',(61.536589998434,-36.26751532214));
#2848 = CARTESIAN_POINT('',(61.759486896886,-36.8651284006));
#2849 = CARTESIAN_POINT('',(62.247325915261,-38.04293908111));
#2850 = CARTESIAN_POINT('',(62.512268027418,-38.62313667847));
#2851 = CARTESIAN_POINT('',(62.7978909174,-39.19380131208));
#2852 = CARTESIAN_POINT('',(63.103816793819,-39.75412272978));
#2853 = CARTESIAN_POINT('',(63.429632685956,-40.30330742799));
#2854 = CARTESIAN_POINT('',(63.774891298974,-40.84058036283));
#2855 = CARTESIAN_POINT('',(64.139111962663,-41.36518660509));
#2856 = CARTESIAN_POINT('',(64.521781638549,-41.87639292216));
#2857 = CARTESIAN_POINT('',(64.922356026231,-42.37348930559));
#2858 = CARTESIAN_POINT('',(65.340260729068,-42.85579042705));
#2859 = CARTESIAN_POINT('',(65.774892511919,-43.32263703607));
#2860 = CARTESIAN_POINT('',(67.127076861773,-44.67491780028));
#2861 = CARTESIAN_POINT('',(68.092918506508,-45.5120934048));
#2862 = CARTESIAN_POINT('',(69.118099279161,-46.27986783413));
#2863 = CARTESIAN_POINT('',(70.197132075126,-46.97362528068));
#2864 = CARTESIAN_POINT('',(71.324131174203,-47.5892305996));
#2865 = CARTESIAN_POINT('',(72.492857078017,-48.12306610455));
#2866 = CARTESIAN_POINT('',(73.696763969976,-48.5720649499));
#2867 = CARTESIAN_POINT('',(74.929049812076,-48.9337411131));
#2868 = CARTESIAN_POINT('',(76.182709060526,-49.20621596023));
#2869 = CARTESIAN_POINT('',(77.450588019088,-49.38824141226));
#2870 = CARTESIAN_POINT('',(78.725442813657,-49.47921969689));
#2871 = CARTESIAN_POINT('',(80.,-49.47921969689));
#2872 = ( GEOMETRIC_REPRESENTATION_CONTEXT(2) 
PARAMETRIC_REPRESENTATION_CONTEXT() REPRESENTATION_CONTEXT('2D SPACE',''
  ) );
#2873 = ORIENTED_EDGE('',*,*,#1070,.F.);
#2874 = ORIENTED_EDGE('',*,*,#2530,.T.);
#2875 = ORIENTED_EDGE('',*,*,#2119,.T.);
#2876 = ADVANCED_FACE('',(#2877),#1436,.T.);
#2877 = FACE_BOUND('',#2878,.T.);
#2878 = EDGE_LOOP('',(#2879,#2880,#2881,#2882));
#2879 = ORIENTED_EDGE('',*,*,#1421,.F.);
#2880 = ORIENTED_EDGE('',*,*,#1832,.T.);
#2881 = ORIENTED_EDGE('',*,*,#2098,.F.);
#2882 = ORIENTED_EDGE('',*,*,#2701,.F.);
#2883 = ADVANCED_FACE('',(#2884,#2992),#1558,.T.);
#2884 = FACE_BOUND('',#2885,.T.);
#2885 = EDGE_LOOP('',(#2886,#2887,#2888,#2889,#2913,#2941,#2970,#2991));
#2886 = ORIENTED_EDGE('',*,*,#1804,.F.);
#2887 = ORIENTED_EDGE('',*,*,#1541,.F.);
#2888 = ORIENTED_EDGE('',*,*,#1677,.T.);
#2889 = ORIENTED_EDGE('',*,*,#2890,.T.);
#2890 = EDGE_CURVE('',#1651,#2891,#2893,.T.);
#2891 = VERTEX_POINT('',#2892);
#2892 = CARTESIAN_POINT('',(23.2,-1.451531373598,5.821774357656));
#2893 = SURFACE_CURVE('',#2894,(#2899,#2906),.PCURVE_S1.);
#2894 = CIRCLE('',#2895,6.);
#2895 = AXIS2_PLACEMENT_3D('',#2896,#2897,#2898);
#2896 = CARTESIAN_POINT('',(23.2,0.,0.));
#2897 = DIRECTION('',(1.,0.,0.));
#2898 = DIRECTION('',(0.,-0.642787609687,0.766044443119));
#2899 = PCURVE('',#1558,#2900);
#2900 = DEFINITIONAL_REPRESENTATION('',(#2901),#2905);
#2901 = CIRCLE('',#2902,6.);
#2902 = AXIS2_PLACEMENT_2D('',#2903,#2904);
#2903 = CARTESIAN_POINT('',(0.,0.));
#2904 = DIRECTION('',(0.766044443119,0.642787609687));
#2905 = ( GEOMETRIC_REPRESENTATION_CONTEXT(2) 
PARAMETRIC_REPRESENTATION_CONTEXT() REPRESENTATION_CONTEXT('2D SPACE',''
  ) );
#2906 = PCURVE('',#1666,#2907);
#2907 = DEFINITIONAL_REPRESENTATION('',(#2908),#2912);
#2908 = LINE('',#2909,#2910);
#2909 = CARTESIAN_POINT('',(0.698131700798,2.6));
#2910 = VECTOR('',#2911,1.);
#2911 = DIRECTION('',(1.,0.));
#2912 = ( GEOMETRIC_REPRESENTATION_CONTEXT(2) 
PARAMETRIC_REPRESENTATION_CONTEXT() REPRESENTATION_CONTEXT('2D SPACE',''
  ) );
#2913 = ORIENTED_EDGE('',*,*,#2914,.T.);
#2914 = EDGE_CURVE('',#2891,#2915,#2917,.T.);
#2915 = VERTEX_POINT('',#2916);
#2916 = CARTESIAN_POINT('',(23.2,-4.354594120794,17.465323072968));
#2917 = SURFACE_CURVE('',#2918,(#2922,#2929),.PCURVE_S1.);
#2918 = LINE('',#2919,#2920);
#2919 = CARTESIAN_POINT('',(23.2,-2.482854352191,9.958184896514));
#2920 = VECTOR('',#2921,1.);
#2921 = DIRECTION('',(0.,-0.2419218956,0.970295726276));
#2922 = PCURVE('',#1558,#2923);
#2923 = DEFINITIONAL_REPRESENTATION('',(#2924),#2928);
#2924 = LINE('',#2925,#2926);
#2925 = CARTESIAN_POINT('',(9.958184896514,2.482854352191));
#2926 = VECTOR('',#2927,1.);
#2927 = DIRECTION('',(0.970295726276,0.2419218956));
#2928 = ( GEOMETRIC_REPRESENTATION_CONTEXT(2) 
PARAMETRIC_REPRESENTATION_CONTEXT() REPRESENTATION_CONTEXT('2D SPACE',''
  ) );
#2929 = PCURVE('',#2930,#2935);
#2930 = PLANE('',#2931);
#2931 = AXIS2_PLACEMENT_3D('',#2932,#2933,#2934);
#2932 = CARTESIAN_POINT('',(19.6,-4.965708704382,19.916369793029));
#2933 = DIRECTION('',(-0.,0.970295726276,0.2419218956));
#2934 = DIRECTION('',(0.,0.2419218956,-0.970295726276));
#2935 = DEFINITIONAL_REPRESENTATION('',(#2936),#2940);
#2936 = LINE('',#2937,#2938);
#2937 = CARTESIAN_POINT('',(10.263041077934,-3.6));
#2938 = VECTOR('',#2939,1.);
#2939 = DIRECTION('',(-1.,-0.));
#2940 = ( GEOMETRIC_REPRESENTATION_CONTEXT(2) 
PARAMETRIC_REPRESENTATION_CONTEXT() REPRESENTATION_CONTEXT('2D SPACE',''
  ) );
#2941 = ORIENTED_EDGE('',*,*,#2942,.T.);
#2942 = EDGE_CURVE('',#2915,#2943,#2945,.T.);
#2943 = VERTEX_POINT('',#2944);
#2944 = CARTESIAN_POINT('',(23.2,-11.08190655586,14.184193564921));
#2945 = SURFACE_CURVE('',#2946,(#2951,#2958),.PCURVE_S1.);
#2946 = CIRCLE('',#2947,18.);
#2947 = AXIS2_PLACEMENT_3D('',#2948,#2949,#2950);
#2948 = CARTESIAN_POINT('',(23.2,0.,0.));
#2949 = DIRECTION('',(1.,0.,0.));
#2950 = DIRECTION('',(-0.,0.,1.));
#2951 = PCURVE('',#1558,#2952);
#2952 = DEFINITIONAL_REPRESENTATION('',(#2953),#2957);
#2953 = CIRCLE('',#2954,18.);
#2954 = AXIS2_PLACEMENT_2D('',#2955,#2956);
#2955 = CARTESIAN_POINT('',(0.,0.));
#2956 = DIRECTION('',(1.,0.));
#2957 = ( GEOMETRIC_REPRESENTATION_CONTEXT(2) 
PARAMETRIC_REPRESENTATION_CONTEXT() REPRESENTATION_CONTEXT('2D SPACE',''
  ) );
#2958 = PCURVE('',#2959,#2964);
#2959 = CYLINDRICAL_SURFACE('',#2960,18.);
#2960 = AXIS2_PLACEMENT_3D('',#2961,#2962,#2963);
#2961 = CARTESIAN_POINT('',(20.6,0.,0.));
#2962 = DIRECTION('',(1.,0.,0.));
#2963 = DIRECTION('',(-0.,0.,1.));
#2964 = DEFINITIONAL_REPRESENTATION('',(#2965),#2969);
#2965 = LINE('',#2966,#2967);
#2966 = CARTESIAN_POINT('',(0.,2.6));
#2967 = VECTOR('',#2968,1.);
#2968 = DIRECTION('',(1.,0.));
#2969 = ( GEOMETRIC_REPRESENTATION_CONTEXT(2) 
PARAMETRIC_REPRESENTATION_CONTEXT() REPRESENTATION_CONTEXT('2D SPACE',''
  ) );
#2970 = ORIENTED_EDGE('',*,*,#2971,.T.);
#2971 = EDGE_CURVE('',#2943,#1726,#2972,.T.);
#2972 = SURFACE_CURVE('',#2973,(#2977,#2984),.PCURVE_S1.);
#2973 = LINE('',#2974,#2975);
#2974 = CARTESIAN_POINT('',(23.2,0.,0.));
#2975 = VECTOR('',#2976,1.);
#2976 = DIRECTION('',(0.,0.615661475326,-0.788010753607));
#2977 = PCURVE('',#1558,#2978);
#2978 = DEFINITIONAL_REPRESENTATION('',(#2979),#2983);
#2979 = LINE('',#2980,#2981);
#2980 = CARTESIAN_POINT('',(0.,0.));
#2981 = VECTOR('',#2982,1.);
#2982 = DIRECTION('',(-0.788010753607,-0.615661475326));
#2983 = ( GEOMETRIC_REPRESENTATION_CONTEXT(2) 
PARAMETRIC_REPRESENTATION_CONTEXT() REPRESENTATION_CONTEXT('2D SPACE',''
  ) );
#2984 = PCURVE('',#1765,#2985);
#2985 = DEFINITIONAL_REPRESENTATION('',(#2986),#2990);
#2986 = LINE('',#2987,#2988);
#2987 = CARTESIAN_POINT('',(0.,-3.6));
#2988 = VECTOR('',#2989,1.);
#2989 = DIRECTION('',(-1.,-0.));
#2990 = ( GEOMETRIC_REPRESENTATION_CONTEXT(2) 
PARAMETRIC_REPRESENTATION_CONTEXT() REPRESENTATION_CONTEXT('2D SPACE',''
  ) );
#2991 = ORIENTED_EDGE('',*,*,#1725,.F.);
#2992 = FACE_BOUND('',#2993,.T.);
#2993 = EDGE_LOOP('',(#2994));
#2994 = ORIENTED_EDGE('',*,*,#2995,.T.);
#2995 = EDGE_CURVE('',#2996,#2996,#2998,.T.);
#2996 = VERTEX_POINT('',#2997);
#2997 = CARTESIAN_POINT('',(23.2,5.265981236334E-16,-2.15));
#2998 = SURFACE_CURVE('',#2999,(#3004,#3015),.PCURVE_S1.);
#2999 = CIRCLE('',#3000,2.15);
#3000 = AXIS2_PLACEMENT_3D('',#3001,#3002,#3003);
#3001 = CARTESIAN_POINT('',(23.2,0.,0.));
#3002 = DIRECTION('',(-1.,0.,0.));
#3003 = DIRECTION('',(0.,0.,-1.));
#3004 = PCURVE('',#1558,#3005);
#3005 = DEFINITIONAL_REPRESENTATION('',(#3006),#3014);
#3006 = ( BOUNDED_CURVE() B_SPLINE_CURVE(2,(#3007,#3008,#3009,#3010,
#3011,#3012,#3013),.UNSPECIFIED.,.T.,.F.) B_SPLINE_CURVE_WITH_KNOTS((1,2
    ,2,2,2,1),(-2.094395102393,0.,2.094395102393,4.188790204786,
6.28318530718,8.377580409573),.UNSPECIFIED.) CURVE() 
GEOMETRIC_REPRESENTATION_ITEM() RATIONAL_B_SPLINE_CURVE((1.,0.5,1.,0.5,
1.,0.5,1.)) REPRESENTATION_ITEM('') );
#3007 = CARTESIAN_POINT('',(-2.15,0.));
#3008 = CARTESIAN_POINT('',(-2.15,3.723909236273));
#3009 = CARTESIAN_POINT('',(1.075,1.861954618137));
#3010 = CARTESIAN_POINT('',(4.3,5.265981236334E-16));
#3011 = CARTESIAN_POINT('',(1.075,-1.861954618137));
#3012 = CARTESIAN_POINT('',(-2.15,-3.723909236273));
#3013 = CARTESIAN_POINT('',(-2.15,0.));
#3014 = ( GEOMETRIC_REPRESENTATION_CONTEXT(2) 
PARAMETRIC_REPRESENTATION_CONTEXT() REPRESENTATION_CONTEXT('2D SPACE',''
  ) );
#3015 = PCURVE('',#3016,#3021);
#3016 = CYLINDRICAL_SURFACE('',#3017,2.15);
#3017 = AXIS2_PLACEMENT_3D('',#3018,#3019,#3020);
#3018 = CARTESIAN_POINT('',(23.6,0.,0.));
#3019 = DIRECTION('',(-1.,0.,0.));
#3020 = DIRECTION('',(0.,0.,-1.));
#3021 = DEFINITIONAL_REPRESENTATION('',(#3022),#3026);
#3022 = LINE('',#3023,#3024);
#3023 = CARTESIAN_POINT('',(0.,0.4));
#3024 = VECTOR('',#3025,1.);
#3025 = DIRECTION('',(1.,0.));
#3026 = ( GEOMETRIC_REPRESENTATION_CONTEXT(2) 
PARAMETRIC_REPRESENTATION_CONTEXT() REPRESENTATION_CONTEXT('2D SPACE',''
  ) );
#3027 = ADVANCED_FACE('',(#3028,#3133),#1638,.F.);
#3028 = FACE_BOUND('',#3029,.F.);
#3029 = EDGE_LOOP('',(#3030,#3031,#3059,#3082,#3111,#3132));
#3030 = ORIENTED_EDGE('',*,*,#1622,.T.);
#3031 = ORIENTED_EDGE('',*,*,#3032,.F.);
#3032 = EDGE_CURVE('',#3033,#1623,#3035,.T.);
#3033 = VERTEX_POINT('',#3034);
#3034 = CARTESIAN_POINT('',(20.6,-1.451531373598,5.821774357656));
#3035 = SURFACE_CURVE('',#3036,(#3041,#3052),.PCURVE_S1.);
#3036 = CIRCLE('',#3037,6.);
#3037 = AXIS2_PLACEMENT_3D('',#3038,#3039,#3040);
#3038 = CARTESIAN_POINT('',(20.6,0.,0.));
#3039 = DIRECTION('',(-1.,0.,0.));
#3040 = DIRECTION('',(0.,-0.2419218956,0.970295726276));
#3041 = PCURVE('',#1638,#3042);
#3042 = DEFINITIONAL_REPRESENTATION('',(#3043),#3051);
#3043 = ( BOUNDED_CURVE() B_SPLINE_CURVE(2,(#3044,#3045,#3046,#3047,
#3048,#3049,#3050),.UNSPECIFIED.,.T.,.F.) B_SPLINE_CURVE_WITH_KNOTS((1,2
    ,2,2,2,1),(-2.094395102393,0.,2.094395102393,4.188790204786,
6.28318530718,8.377580409573),.UNSPECIFIED.) CURVE() 
GEOMETRIC_REPRESENTATION_ITEM() RATIONAL_B_SPLINE_CURVE((1.,0.5,1.,0.5,
1.,0.5,1.)) REPRESENTATION_ITEM('') );
#3044 = CARTESIAN_POINT('',(5.821774357656,1.451531373598));
#3045 = CARTESIAN_POINT('',(8.335900445508,-8.632077604064));
#3046 = CARTESIAN_POINT('',(-1.653824134902,-5.76757017563));
#3047 = CARTESIAN_POINT('',(-11.64354871531,-2.903062747196));
#3048 = CARTESIAN_POINT('',(-4.167950222754,4.316038802032));
#3049 = CARTESIAN_POINT('',(3.307648269804,11.53514035126));
#3050 = CARTESIAN_POINT('',(5.821774357656,1.451531373598));
#3051 = ( GEOMETRIC_REPRESENTATION_CONTEXT(2) 
PARAMETRIC_REPRESENTATION_CONTEXT() REPRESENTATION_CONTEXT('2D SPACE',''
  ) );
#3052 = PCURVE('',#1666,#3053);
#3053 = DEFINITIONAL_REPRESENTATION('',(#3054),#3058);
#3054 = LINE('',#3055,#3056);
#3055 = CARTESIAN_POINT('',(6.527531402459,0.));
#3056 = VECTOR('',#3057,1.);
#3057 = DIRECTION('',(-1.,-0.));
#3058 = ( GEOMETRIC_REPRESENTATION_CONTEXT(2) 
PARAMETRIC_REPRESENTATION_CONTEXT() REPRESENTATION_CONTEXT('2D SPACE',''
  ) );
#3059 = ORIENTED_EDGE('',*,*,#3060,.T.);
#3060 = EDGE_CURVE('',#3033,#3061,#3063,.T.);
#3061 = VERTEX_POINT('',#3062);
#3062 = CARTESIAN_POINT('',(20.6,-2.903062747196,11.643548715312));
#3063 = SURFACE_CURVE('',#3064,(#3068,#3075),.PCURVE_S1.);
#3064 = LINE('',#3065,#3066);
#3065 = CARTESIAN_POINT('',(20.6,-2.482854352191,9.958184896514));
#3066 = VECTOR('',#3067,1.);
#3067 = DIRECTION('',(0.,-0.2419218956,0.970295726276));
#3068 = PCURVE('',#1638,#3069);
#3069 = DEFINITIONAL_REPRESENTATION('',(#3070),#3074);
#3070 = LINE('',#3071,#3072);
#3071 = CARTESIAN_POINT('',(9.958184896514,2.482854352191));
#3072 = VECTOR('',#3073,1.);
#3073 = DIRECTION('',(0.970295726276,0.2419218956));
#3074 = ( GEOMETRIC_REPRESENTATION_CONTEXT(2) 
PARAMETRIC_REPRESENTATION_CONTEXT() REPRESENTATION_CONTEXT('2D SPACE',''
  ) );
#3075 = PCURVE('',#2930,#3076);
#3076 = DEFINITIONAL_REPRESENTATION('',(#3077),#3081);
#3077 = LINE('',#3078,#3079);
#3078 = CARTESIAN_POINT('',(10.263041077934,-1.));
#3079 = VECTOR('',#3080,1.);
#3080 = DIRECTION('',(-1.,-0.));
#3081 = ( GEOMETRIC_REPRESENTATION_CONTEXT(2) 
PARAMETRIC_REPRESENTATION_CONTEXT() REPRESENTATION_CONTEXT('2D SPACE',''
  ) );
#3082 = ORIENTED_EDGE('',*,*,#3083,.T.);
#3083 = EDGE_CURVE('',#3061,#3084,#3086,.T.);
#3084 = VERTEX_POINT('',#3085);
#3085 = CARTESIAN_POINT('',(20.6,-7.387937703908,9.456129043281));
#3086 = SURFACE_CURVE('',#3087,(#3092,#3099),.PCURVE_S1.);
#3087 = CIRCLE('',#3088,12.);
#3088 = AXIS2_PLACEMENT_3D('',#3089,#3090,#3091);
#3089 = CARTESIAN_POINT('',(20.6,0.,0.));
#3090 = DIRECTION('',(1.,0.,0.));
#3091 = DIRECTION('',(-0.,0.,1.));
#3092 = PCURVE('',#1638,#3093);
#3093 = DEFINITIONAL_REPRESENTATION('',(#3094),#3098);
#3094 = CIRCLE('',#3095,12.);
#3095 = AXIS2_PLACEMENT_2D('',#3096,#3097);
#3096 = CARTESIAN_POINT('',(0.,0.));
#3097 = DIRECTION('',(1.,0.));
#3098 = ( GEOMETRIC_REPRESENTATION_CONTEXT(2) 
PARAMETRIC_REPRESENTATION_CONTEXT() REPRESENTATION_CONTEXT('2D SPACE',''
  ) );
#3099 = PCURVE('',#3100,#3105);
#3100 = CYLINDRICAL_SURFACE('',#3101,12.);
#3101 = AXIS2_PLACEMENT_3D('',#3102,#3103,#3104);
#3102 = CARTESIAN_POINT('',(12.6,0.,0.));
#3103 = DIRECTION('',(1.,0.,0.));
#3104 = DIRECTION('',(-0.,0.,1.));
#3105 = DEFINITIONAL_REPRESENTATION('',(#3106),#3110);
#3106 = LINE('',#3107,#3108);
#3107 = CARTESIAN_POINT('',(0.,8.));
#3108 = VECTOR('',#3109,1.);
#3109 = DIRECTION('',(1.,0.));
#3110 = ( GEOMETRIC_REPRESENTATION_CONTEXT(2) 
PARAMETRIC_REPRESENTATION_CONTEXT() REPRESENTATION_CONTEXT('2D SPACE',''
  ) );
#3111 = ORIENTED_EDGE('',*,*,#3112,.T.);
#3112 = EDGE_CURVE('',#3084,#1750,#3113,.T.);
#3113 = SURFACE_CURVE('',#3114,(#3118,#3125),.PCURVE_S1.);
#3114 = LINE('',#3115,#3116);
#3115 = CARTESIAN_POINT('',(20.6,0.,0.));
#3116 = VECTOR('',#3117,1.);
#3117 = DIRECTION('',(0.,0.615661475326,-0.788010753607));
#3118 = PCURVE('',#1638,#3119);
#3119 = DEFINITIONAL_REPRESENTATION('',(#3120),#3124);
#3120 = LINE('',#3121,#3122);
#3121 = CARTESIAN_POINT('',(0.,0.));
#3122 = VECTOR('',#3123,1.);
#3123 = DIRECTION('',(-0.788010753607,-0.615661475326));
#3124 = ( GEOMETRIC_REPRESENTATION_CONTEXT(2) 
PARAMETRIC_REPRESENTATION_CONTEXT() REPRESENTATION_CONTEXT('2D SPACE',''
  ) );
#3125 = PCURVE('',#1765,#3126);
#3126 = DEFINITIONAL_REPRESENTATION('',(#3127),#3131);
#3127 = LINE('',#3128,#3129);
#3128 = CARTESIAN_POINT('',(0.,-1.));
#3129 = VECTOR('',#3130,1.);
#3130 = DIRECTION('',(-1.,-0.));
#3131 = ( GEOMETRIC_REPRESENTATION_CONTEXT(2) 
PARAMETRIC_REPRESENTATION_CONTEXT() REPRESENTATION_CONTEXT('2D SPACE',''
  ) );
#3132 = ORIENTED_EDGE('',*,*,#1777,.T.);
#3133 = FACE_BOUND('',#3134,.F.);
#3134 = EDGE_LOOP('',(#3135));
#3135 = ORIENTED_EDGE('',*,*,#3136,.T.);
#3136 = EDGE_CURVE('',#3137,#3137,#3139,.T.);
#3137 = VERTEX_POINT('',#3138);
#3138 = CARTESIAN_POINT('',(20.6,5.265981236334E-16,-2.15));
#3139 = SURFACE_CURVE('',#3140,(#3145,#3156),.PCURVE_S1.);
#3140 = CIRCLE('',#3141,2.15);
#3141 = AXIS2_PLACEMENT_3D('',#3142,#3143,#3144);
#3142 = CARTESIAN_POINT('',(20.6,0.,0.));
#3143 = DIRECTION('',(-1.,0.,0.));
#3144 = DIRECTION('',(0.,0.,-1.));
#3145 = PCURVE('',#1638,#3146);
#3146 = DEFINITIONAL_REPRESENTATION('',(#3147),#3155);
#3147 = ( BOUNDED_CURVE() B_SPLINE_CURVE(2,(#3148,#3149,#3150,#3151,
#3152,#3153,#3154),.UNSPECIFIED.,.T.,.F.) B_SPLINE_CURVE_WITH_KNOTS((1,2
    ,2,2,2,1),(-2.094395102393,0.,2.094395102393,4.188790204786,
6.28318530718,8.377580409573),.UNSPECIFIED.) CURVE() 
GEOMETRIC_REPRESENTATION_ITEM() RATIONAL_B_SPLINE_CURVE((1.,0.5,1.,0.5,
1.,0.5,1.)) REPRESENTATION_ITEM('') );
#3148 = CARTESIAN_POINT('',(-2.15,0.));
#3149 = CARTESIAN_POINT('',(-2.15,3.723909236273));
#3150 = CARTESIAN_POINT('',(1.075,1.861954618137));
#3151 = CARTESIAN_POINT('',(4.3,5.265981236334E-16));
#3152 = CARTESIAN_POINT('',(1.075,-1.861954618137));
#3153 = CARTESIAN_POINT('',(-2.15,-3.723909236273));
#3154 = CARTESIAN_POINT('',(-2.15,0.));
#3155 = ( GEOMETRIC_REPRESENTATION_CONTEXT(2) 
PARAMETRIC_REPRESENTATION_CONTEXT() REPRESENTATION_CONTEXT('2D SPACE',''
  ) );
#3156 = PCURVE('',#3016,#3157);
#3157 = DEFINITIONAL_REPRESENTATION('',(#3158),#3162);
#3158 = LINE('',#3159,#3160);
#3159 = CARTESIAN_POINT('',(0.,3.));
#3160 = VECTOR('',#3161,1.);
#3161 = DIRECTION('',(1.,0.));
#3162 = ( GEOMETRIC_REPRESENTATION_CONTEXT(2) 
PARAMETRIC_REPRESENTATION_CONTEXT() REPRESENTATION_CONTEXT('2D SPACE',''
  ) );
#3163 = ADVANCED_FACE('',(#3164),#1666,.T.);
#3164 = FACE_BOUND('',#3165,.T.);
#3165 = EDGE_LOOP('',(#3166,#3167,#3187,#3188));
#3166 = ORIENTED_EDGE('',*,*,#3032,.F.);
#3167 = ORIENTED_EDGE('',*,*,#3168,.T.);
#3168 = EDGE_CURVE('',#3033,#2891,#3169,.T.);
#3169 = SURFACE_CURVE('',#3170,(#3174,#3180),.PCURVE_S1.);
#3170 = LINE('',#3171,#3172);
#3171 = CARTESIAN_POINT('',(20.6,-1.451531373598,5.821774357656));
#3172 = VECTOR('',#3173,1.);
#3173 = DIRECTION('',(1.,0.,0.));
#3174 = PCURVE('',#1666,#3175);
#3175 = DEFINITIONAL_REPRESENTATION('',(#3176),#3179);
#3176 = B_SPLINE_CURVE_WITH_KNOTS('',1,(#3177,#3178),.UNSPECIFIED.,.F.,
  .F.,(2,2),(0.,2.6),.PIECEWISE_BEZIER_KNOTS.);
#3177 = CARTESIAN_POINT('',(6.527531402459,0.));
#3178 = CARTESIAN_POINT('',(6.527531402459,2.6));
#3179 = ( GEOMETRIC_REPRESENTATION_CONTEXT(2) 
PARAMETRIC_REPRESENTATION_CONTEXT() REPRESENTATION_CONTEXT('2D SPACE',''
  ) );
#3180 = PCURVE('',#2930,#3181);
#3181 = DEFINITIONAL_REPRESENTATION('',(#3182),#3186);
#3182 = LINE('',#3183,#3184);
#3183 = CARTESIAN_POINT('',(14.526082155868,-1.));
#3184 = VECTOR('',#3185,1.);
#3185 = DIRECTION('',(0.,-1.));
#3186 = ( GEOMETRIC_REPRESENTATION_CONTEXT(2) 
PARAMETRIC_REPRESENTATION_CONTEXT() REPRESENTATION_CONTEXT('2D SPACE',''
  ) );
#3187 = ORIENTED_EDGE('',*,*,#2890,.F.);
#3188 = ORIENTED_EDGE('',*,*,#1650,.F.);
#3189 = ADVANCED_FACE('',(#3190),#1765,.T.);
#3190 = FACE_BOUND('',#3191,.T.);
#3191 = EDGE_LOOP('',(#3192,#3215,#3242,#3269,#3296,#3316,#3317,#3318));
#3192 = ORIENTED_EDGE('',*,*,#3193,.T.);
#3193 = EDGE_CURVE('',#2943,#3194,#3196,.T.);
#3194 = VERTEX_POINT('',#3195);
#3195 = CARTESIAN_POINT('',(13.9,-11.08190655586,14.184193564921));
#3196 = SURFACE_CURVE('',#3197,(#3201,#3208),.PCURVE_S1.);
#3197 = LINE('',#3198,#3199);
#3198 = CARTESIAN_POINT('',(23.2,-11.08190655586,14.184193564921));
#3199 = VECTOR('',#3200,1.);
#3200 = DIRECTION('',(-1.,2.311173952338E-14,1.814558061753E-14));
#3201 = PCURVE('',#1765,#3202);
#3202 = DEFINITIONAL_REPRESENTATION('',(#3203),#3207);
#3203 = LINE('',#3204,#3205);
#3204 = CARTESIAN_POINT('',(18.,-3.6));
#3205 = VECTOR('',#3206,1.);
#3206 = DIRECTION('',(6.990500474469E-17,1.));
#3207 = ( GEOMETRIC_REPRESENTATION_CONTEXT(2) 
PARAMETRIC_REPRESENTATION_CONTEXT() REPRESENTATION_CONTEXT('2D SPACE',''
  ) );
#3208 = PCURVE('',#2959,#3209);
#3209 = DEFINITIONAL_REPRESENTATION('',(#3210),#3214);
#3210 = LINE('',#3211,#3212);
#3211 = CARTESIAN_POINT('',(0.663225115758,2.6));
#3212 = VECTOR('',#3213,1.);
#3213 = DIRECTION('',(-0.,-1.));
#3214 = ( GEOMETRIC_REPRESENTATION_CONTEXT(2) 
PARAMETRIC_REPRESENTATION_CONTEXT() REPRESENTATION_CONTEXT('2D SPACE',''
  ) );
#3215 = ORIENTED_EDGE('',*,*,#3216,.F.);
#3216 = EDGE_CURVE('',#3217,#3194,#3219,.T.);
#3217 = VERTEX_POINT('',#3218);
#3218 = CARTESIAN_POINT('',(13.9,-9.234922129885,11.820161304101));
#3219 = SURFACE_CURVE('',#3220,(#3224,#3231),.PCURVE_S1.);
#3220 = LINE('',#3221,#3222);
#3221 = CARTESIAN_POINT('',(13.9,0.,0.));
#3222 = VECTOR('',#3223,1.);
#3223 = DIRECTION('',(0.,-0.615661475326,0.788010753607));
#3224 = PCURVE('',#1765,#3225);
#3225 = DEFINITIONAL_REPRESENTATION('',(#3226),#3230);
#3226 = LINE('',#3227,#3228);
#3227 = CARTESIAN_POINT('',(0.,5.7));
#3228 = VECTOR('',#3229,1.);
#3229 = DIRECTION('',(1.,0.));
#3230 = ( GEOMETRIC_REPRESENTATION_CONTEXT(2) 
PARAMETRIC_REPRESENTATION_CONTEXT() REPRESENTATION_CONTEXT('2D SPACE',''
  ) );
#3231 = PCURVE('',#3232,#3237);
#3232 = PLANE('',#3233);
#3233 = AXIS2_PLACEMENT_3D('',#3234,#3235,#3236);
#3234 = CARTESIAN_POINT('',(13.9,0.,0.));
#3235 = DIRECTION('',(1.,0.,0.));
#3236 = DIRECTION('',(-0.,0.,1.));
#3237 = DEFINITIONAL_REPRESENTATION('',(#3238),#3241);
#3238 = B_SPLINE_CURVE_WITH_KNOTS('',1,(#3239,#3240),.UNSPECIFIED.,.F.,
  .F.,(2,2),(12.235637776728,18.),.PIECEWISE_BEZIER_KNOTS.);
#3239 = CARTESIAN_POINT('',(9.641814145298,7.533010805171));
#3240 = CARTESIAN_POINT('',(14.184193564921,11.081906555862));
#3241 = ( GEOMETRIC_REPRESENTATION_CONTEXT(2) 
PARAMETRIC_REPRESENTATION_CONTEXT() REPRESENTATION_CONTEXT('2D SPACE',''
  ) );
#3242 = ORIENTED_EDGE('',*,*,#3243,.F.);
#3243 = EDGE_CURVE('',#3244,#3217,#3246,.T.);
#3244 = VERTEX_POINT('',#3245);
#3245 = CARTESIAN_POINT('',(13.6,-9.234922129885,11.820161304101));
#3246 = SURFACE_CURVE('',#3247,(#3251,#3258),.PCURVE_S1.);
#3247 = LINE('',#3248,#3249);
#3248 = CARTESIAN_POINT('',(-3.,-9.234922129885,11.820161304101));
#3249 = VECTOR('',#3250,1.);
#3250 = DIRECTION('',(1.,0.,0.));
#3251 = PCURVE('',#1765,#3252);
#3252 = DEFINITIONAL_REPRESENTATION('',(#3253),#3257);
#3253 = LINE('',#3254,#3255);
#3254 = CARTESIAN_POINT('',(15.,22.6));
#3255 = VECTOR('',#3256,1.);
#3256 = DIRECTION('',(0.,-1.));
#3257 = ( GEOMETRIC_REPRESENTATION_CONTEXT(2) 
PARAMETRIC_REPRESENTATION_CONTEXT() REPRESENTATION_CONTEXT('2D SPACE',''
  ) );
#3258 = PCURVE('',#3259,#3264);
#3259 = CYLINDRICAL_SURFACE('',#3260,15.);
#3260 = AXIS2_PLACEMENT_3D('',#3261,#3262,#3263);
#3261 = CARTESIAN_POINT('',(-3.,0.,0.));
#3262 = DIRECTION('',(1.,0.,0.));
#3263 = DIRECTION('',(-0.,0.,1.));
#3264 = DEFINITIONAL_REPRESENTATION('',(#3265),#3268);
#3265 = B_SPLINE_CURVE_WITH_KNOTS('',1,(#3266,#3267),.UNSPECIFIED.,.F.,
  .F.,(2,2),(15.9,16.9000006),.PIECEWISE_BEZIER_KNOTS.);
#3266 = CARTESIAN_POINT('',(0.663225115758,15.9));
#3267 = CARTESIAN_POINT('',(0.663225115758,16.9000006));
#3268 = ( GEOMETRIC_REPRESENTATION_CONTEXT(2) 
PARAMETRIC_REPRESENTATION_CONTEXT() REPRESENTATION_CONTEXT('2D SPACE',''
  ) );
#3269 = ORIENTED_EDGE('',*,*,#3270,.T.);
#3270 = EDGE_CURVE('',#3244,#3271,#3273,.T.);
#3271 = VERTEX_POINT('',#3272);
#3272 = CARTESIAN_POINT('',(13.6,-7.387937703908,9.456129043281));
#3273 = SURFACE_CURVE('',#3274,(#3278,#3285),.PCURVE_S1.);
#3274 = LINE('',#3275,#3276);
#3275 = CARTESIAN_POINT('',(13.6,0.,0.));
#3276 = VECTOR('',#3277,1.);
#3277 = DIRECTION('',(0.,0.615661475326,-0.788010753607));
#3278 = PCURVE('',#1765,#3279);
#3279 = DEFINITIONAL_REPRESENTATION('',(#3280),#3284);
#3280 = LINE('',#3281,#3282);
#3281 = CARTESIAN_POINT('',(0.,6.));
#3282 = VECTOR('',#3283,1.);
#3283 = DIRECTION('',(-1.,-0.));
#3284 = ( GEOMETRIC_REPRESENTATION_CONTEXT(2) 
PARAMETRIC_REPRESENTATION_CONTEXT() REPRESENTATION_CONTEXT('2D SPACE',''
  ) );
#3285 = PCURVE('',#3286,#3291);
#3286 = PLANE('',#3287);
#3287 = AXIS2_PLACEMENT_3D('',#3288,#3289,#3290);
#3288 = CARTESIAN_POINT('',(13.6,0.,0.));
#3289 = DIRECTION('',(1.,0.,0.));
#3290 = DIRECTION('',(-0.,0.,1.));
#3291 = DEFINITIONAL_REPRESENTATION('',(#3292),#3295);
#3292 = B_SPLINE_CURVE_WITH_KNOTS('',1,(#3293,#3294),.UNSPECIFIED.,.F.,
  .F.,(2,2),(-20.52608215586,-0.),.PIECEWISE_BEZIER_KNOTS.);
#3293 = CARTESIAN_POINT('',(16.174773468239,12.637118022737));
#3294 = CARTESIAN_POINT('',(0.,0.));
#3295 = ( GEOMETRIC_REPRESENTATION_CONTEXT(2) 
PARAMETRIC_REPRESENTATION_CONTEXT() REPRESENTATION_CONTEXT('2D SPACE',''
  ) );
#3296 = ORIENTED_EDGE('',*,*,#3297,.T.);
#3297 = EDGE_CURVE('',#3271,#3084,#3298,.T.);
#3298 = SURFACE_CURVE('',#3299,(#3303,#3310),.PCURVE_S1.);
#3299 = LINE('',#3300,#3301);
#3300 = CARTESIAN_POINT('',(12.6,-7.387937703908,9.456129043281));
#3301 = VECTOR('',#3302,1.);
#3302 = DIRECTION('',(1.,0.,0.));
#3303 = PCURVE('',#1765,#3304);
#3304 = DEFINITIONAL_REPRESENTATION('',(#3305),#3309);
#3305 = LINE('',#3306,#3307);
#3306 = CARTESIAN_POINT('',(12.,7.));
#3307 = VECTOR('',#3308,1.);
#3308 = DIRECTION('',(0.,-1.));
#3309 = ( GEOMETRIC_REPRESENTATION_CONTEXT(2) 
PARAMETRIC_REPRESENTATION_CONTEXT() REPRESENTATION_CONTEXT('2D SPACE',''
  ) );
#3310 = PCURVE('',#3100,#3311);
#3311 = DEFINITIONAL_REPRESENTATION('',(#3312),#3315);
#3312 = B_SPLINE_CURVE_WITH_KNOTS('',1,(#3313,#3314),.UNSPECIFIED.,.F.,
  .F.,(2,2),(0.9999994,8.0000006),.PIECEWISE_BEZIER_KNOTS.);
#3313 = CARTESIAN_POINT('',(0.663225115758,0.9999994));
#3314 = CARTESIAN_POINT('',(0.663225115758,8.0000006));
#3315 = ( GEOMETRIC_REPRESENTATION_CONTEXT(2) 
PARAMETRIC_REPRESENTATION_CONTEXT() REPRESENTATION_CONTEXT('2D SPACE',''
  ) );
#3316 = ORIENTED_EDGE('',*,*,#3112,.T.);
#3317 = ORIENTED_EDGE('',*,*,#1749,.T.);
#3318 = ORIENTED_EDGE('',*,*,#2971,.F.);
#3319 = ADVANCED_FACE('',(#3320,#3351),#2267,.F.);
#3320 = FACE_BOUND('',#3321,.F.);
#3321 = EDGE_LOOP('',(#3322,#3323,#3349,#3350));
#3322 = ORIENTED_EDGE('',*,*,#2457,.T.);
#3323 = ORIENTED_EDGE('',*,*,#3324,.F.);
#3324 = EDGE_CURVE('',#2356,#2458,#3325,.T.);
#3325 = SURFACE_CURVE('',#3326,(#3331,#3342),.PCURVE_S1.);
#3326 = CIRCLE('',#3327,6.);
#3327 = AXIS2_PLACEMENT_3D('',#3328,#3329,#3330);
#3328 = CARTESIAN_POINT('',(71.8,0.,0.));
#3329 = DIRECTION('',(-1.,0.,0.));
#3330 = DIRECTION('',(0.,-0.309016994375,0.951056516295));
#3331 = PCURVE('',#2267,#3332);
#3332 = DEFINITIONAL_REPRESENTATION('',(#3333),#3341);
#3333 = ( BOUNDED_CURVE() B_SPLINE_CURVE(2,(#3334,#3335,#3336,#3337,
#3338,#3339,#3340),.UNSPECIFIED.,.T.,.F.) B_SPLINE_CURVE_WITH_KNOTS((1,2
    ,2,2,2,1),(-2.094395102393,0.,2.094395102393,4.188790204786,
6.28318530718,8.377580409573),.UNSPECIFIED.) CURVE() 
GEOMETRIC_REPRESENTATION_ITEM() RATIONAL_B_SPLINE_CURVE((1.,0.5,1.,0.5,
1.,0.5,1.)) REPRESENTATION_ITEM('') );
#3334 = CARTESIAN_POINT('',(5.706339097771,1.85410196625));
#3335 = CARTESIAN_POINT('',(8.917737905729,-8.029567276306));
#3336 = CARTESIAN_POINT('',(-1.247470144907,-5.868885604403));
#3337 = CARTESIAN_POINT('',(-11.41267819554,-3.708203932499));
#3338 = CARTESIAN_POINT('',(-4.458868952864,4.014783638153));
#3339 = CARTESIAN_POINT('',(2.494940289813,11.737771208806));
#3340 = CARTESIAN_POINT('',(5.706339097771,1.85410196625));
#3341 = ( GEOMETRIC_REPRESENTATION_CONTEXT(2) 
PARAMETRIC_REPRESENTATION_CONTEXT() REPRESENTATION_CONTEXT('2D SPACE',''
  ) );
#3342 = PCURVE('',#2371,#3343);
#3343 = DEFINITIONAL_REPRESENTATION('',(#3344),#3348);
#3344 = LINE('',#3345,#3346);
#3345 = CARTESIAN_POINT('',(6.597344572539,0.));
#3346 = VECTOR('',#3347,1.);
#3347 = DIRECTION('',(-1.,-0.));
#3348 = ( GEOMETRIC_REPRESENTATION_CONTEXT(2) 
PARAMETRIC_REPRESENTATION_CONTEXT() REPRESENTATION_CONTEXT('2D SPACE',''
  ) );
#3349 = ORIENTED_EDGE('',*,*,#2382,.T.);
#3350 = ORIENTED_EDGE('',*,*,#2250,.T.);
#3351 = FACE_BOUND('',#3352,.F.);
#3352 = EDGE_LOOP('',(#3353));
#3353 = ORIENTED_EDGE('',*,*,#3354,.F.);
#3354 = EDGE_CURVE('',#3355,#3355,#3357,.T.);
#3355 = VERTEX_POINT('',#3356);
#3356 = CARTESIAN_POINT('',(71.8,5.265981236334E-16,2.15));
#3357 = SURFACE_CURVE('',#3358,(#3363,#3370),.PCURVE_S1.);
#3358 = CIRCLE('',#3359,2.15);
#3359 = AXIS2_PLACEMENT_3D('',#3360,#3361,#3362);
#3360 = CARTESIAN_POINT('',(71.8,0.,0.));
#3361 = DIRECTION('',(1.,0.,0.));
#3362 = DIRECTION('',(-0.,0.,1.));
#3363 = PCURVE('',#2267,#3364);
#3364 = DEFINITIONAL_REPRESENTATION('',(#3365),#3369);
#3365 = CIRCLE('',#3366,2.15);
#3366 = AXIS2_PLACEMENT_2D('',#3367,#3368);
#3367 = CARTESIAN_POINT('',(0.,0.));
#3368 = DIRECTION('',(1.,0.));
#3369 = ( GEOMETRIC_REPRESENTATION_CONTEXT(2) 
PARAMETRIC_REPRESENTATION_CONTEXT() REPRESENTATION_CONTEXT('2D SPACE',''
  ) );
#3370 = PCURVE('',#3371,#3376);
#3371 = CYLINDRICAL_SURFACE('',#3372,2.15);
#3372 = AXIS2_PLACEMENT_3D('',#3373,#3374,#3375);
#3373 = CARTESIAN_POINT('',(71.4,0.,0.));
#3374 = DIRECTION('',(1.,0.,0.));
#3375 = DIRECTION('',(-0.,0.,1.));
#3376 = DEFINITIONAL_REPRESENTATION('',(#3377),#3381);
#3377 = LINE('',#3378,#3379);
#3378 = CARTESIAN_POINT('',(0.,0.4));
#3379 = VECTOR('',#3380,1.);
#3380 = DIRECTION('',(1.,0.));
#3381 = ( GEOMETRIC_REPRESENTATION_CONTEXT(2) 
PARAMETRIC_REPRESENTATION_CONTEXT() REPRESENTATION_CONTEXT('2D SPACE',''
  ) );
#3382 = ADVANCED_FACE('',(#3383,#3410),#2343,.T.);
#3383 = FACE_BOUND('',#3384,.T.);
#3384 = EDGE_LOOP('',(#3385,#3386,#3387,#3388));
#3385 = ORIENTED_EDGE('',*,*,#2327,.F.);
#3386 = ORIENTED_EDGE('',*,*,#2429,.T.);
#3387 = ORIENTED_EDGE('',*,*,#2502,.F.);
#3388 = ORIENTED_EDGE('',*,*,#3389,.T.);
#3389 = EDGE_CURVE('',#2481,#2328,#3390,.T.);
#3390 = SURFACE_CURVE('',#3391,(#3396,#3403),.PCURVE_S1.);
#3391 = CIRCLE('',#3392,6.);
#3392 = AXIS2_PLACEMENT_3D('',#3393,#3394,#3395);
#3393 = CARTESIAN_POINT('',(74.4,0.,0.));
#3394 = DIRECTION('',(1.,0.,0.));
#3395 = DIRECTION('',(0.,-0.642787609687,0.766044443119));
#3396 = PCURVE('',#2343,#3397);
#3397 = DEFINITIONAL_REPRESENTATION('',(#3398),#3402);
#3398 = CIRCLE('',#3399,6.);
#3399 = AXIS2_PLACEMENT_2D('',#3400,#3401);
#3400 = CARTESIAN_POINT('',(0.,0.));
#3401 = DIRECTION('',(0.766044443119,0.642787609687));
#3402 = ( GEOMETRIC_REPRESENTATION_CONTEXT(2) 
PARAMETRIC_REPRESENTATION_CONTEXT() REPRESENTATION_CONTEXT('2D SPACE',''
  ) );
#3403 = PCURVE('',#2371,#3404);
#3404 = DEFINITIONAL_REPRESENTATION('',(#3405),#3409);
#3405 = LINE('',#3406,#3407);
#3406 = CARTESIAN_POINT('',(0.698131700798,2.6));
#3407 = VECTOR('',#3408,1.);
#3408 = DIRECTION('',(1.,0.));
#3409 = ( GEOMETRIC_REPRESENTATION_CONTEXT(2) 
PARAMETRIC_REPRESENTATION_CONTEXT() REPRESENTATION_CONTEXT('2D SPACE',''
  ) );
#3410 = FACE_BOUND('',#3411,.T.);
#3411 = EDGE_LOOP('',(#3412));
#3412 = ORIENTED_EDGE('',*,*,#3413,.F.);
#3413 = EDGE_CURVE('',#3414,#3414,#3416,.T.);
#3414 = VERTEX_POINT('',#3415);
#3415 = CARTESIAN_POINT('',(74.4,5.265981236334E-16,2.15));
#3416 = SURFACE_CURVE('',#3417,(#3422,#3429),.PCURVE_S1.);
#3417 = CIRCLE('',#3418,2.15);
#3418 = AXIS2_PLACEMENT_3D('',#3419,#3420,#3421);
#3419 = CARTESIAN_POINT('',(74.4,0.,0.));
#3420 = DIRECTION('',(1.,0.,0.));
#3421 = DIRECTION('',(-0.,0.,1.));
#3422 = PCURVE('',#2343,#3423);
#3423 = DEFINITIONAL_REPRESENTATION('',(#3424),#3428);
#3424 = CIRCLE('',#3425,2.15);
#3425 = AXIS2_PLACEMENT_2D('',#3426,#3427);
#3426 = CARTESIAN_POINT('',(0.,0.));
#3427 = DIRECTION('',(1.,0.));
#3428 = ( GEOMETRIC_REPRESENTATION_CONTEXT(2) 
PARAMETRIC_REPRESENTATION_CONTEXT() REPRESENTATION_CONTEXT('2D SPACE',''
  ) );
#3429 = PCURVE('',#3371,#3430);
#3430 = DEFINITIONAL_REPRESENTATION('',(#3431),#3435);
#3431 = LINE('',#3432,#3433);
#3432 = CARTESIAN_POINT('',(0.,3.));
#3433 = VECTOR('',#3434,1.);
#3434 = DIRECTION('',(1.,0.));
#3435 = ( GEOMETRIC_REPRESENTATION_CONTEXT(2) 
PARAMETRIC_REPRESENTATION_CONTEXT() REPRESENTATION_CONTEXT('2D SPACE',''
  ) );
#3436 = ADVANCED_FACE('',(#3437),#2371,.T.);
#3437 = FACE_BOUND('',#3438,.T.);
#3438 = EDGE_LOOP('',(#3439,#3440,#3441,#3442));
#3439 = ORIENTED_EDGE('',*,*,#3389,.F.);
#3440 = ORIENTED_EDGE('',*,*,#2480,.F.);
#3441 = ORIENTED_EDGE('',*,*,#3324,.F.);
#3442 = ORIENTED_EDGE('',*,*,#2355,.T.);
#3443 = ADVANCED_FACE('',(#3444,#3603,#3756),#2959,.T.);
#3444 = FACE_BOUND('',#3445,.T.);
#3445 = EDGE_LOOP('',(#3446,#3447,#3470,#3499,#3525,#3554,#3580,#3602));
#3446 = ORIENTED_EDGE('',*,*,#2942,.F.);
#3447 = ORIENTED_EDGE('',*,*,#3448,.T.);
#3448 = EDGE_CURVE('',#2915,#3449,#3451,.T.);
#3449 = VERTEX_POINT('',#3450);
#3450 = CARTESIAN_POINT('',(13.9,-4.354594120794,17.465323072968));
#3451 = SURFACE_CURVE('',#3452,(#3456,#3463),.PCURVE_S1.);
#3452 = LINE('',#3453,#3454);
#3453 = CARTESIAN_POINT('',(23.2,-4.354594120794,17.465323072968));
#3454 = VECTOR('',#3455,1.);
#3455 = DIRECTION('',(-1.,2.454428536161E-14,6.112195576431E-15));
#3456 = PCURVE('',#2959,#3457);
#3457 = DEFINITIONAL_REPRESENTATION('',(#3458),#3462);
#3458 = LINE('',#3459,#3460);
#3459 = CARTESIAN_POINT('',(0.244346095279,2.6));
#3460 = VECTOR('',#3461,1.);
#3461 = DIRECTION('',(-0.,-1.));
#3462 = ( GEOMETRIC_REPRESENTATION_CONTEXT(2) 
PARAMETRIC_REPRESENTATION_CONTEXT() REPRESENTATION_CONTEXT('2D SPACE',''
  ) );
#3463 = PCURVE('',#2930,#3464);
#3464 = DEFINITIONAL_REPRESENTATION('',(#3465),#3469);
#3465 = LINE('',#3466,#3467);
#3466 = CARTESIAN_POINT('',(2.526082155868,-3.6));
#3467 = VECTOR('',#3468,1.);
#3468 = DIRECTION('',(7.162794844785E-18,1.));
#3469 = ( GEOMETRIC_REPRESENTATION_CONTEXT(2) 
PARAMETRIC_REPRESENTATION_CONTEXT() REPRESENTATION_CONTEXT('2D SPACE',''
  ) );
#3470 = ORIENTED_EDGE('',*,*,#3471,.F.);
#3471 = EDGE_CURVE('',#3472,#3449,#3474,.T.);
#3472 = VERTEX_POINT('',#3473);
#3473 = CARTESIAN_POINT('',(13.9,-1.255616527394,17.956152904677));
#3474 = SURFACE_CURVE('',#3475,(#3480,#3487),.PCURVE_S1.);
#3475 = CIRCLE('',#3476,18.);
#3476 = AXIS2_PLACEMENT_3D('',#3477,#3478,#3479);
#3477 = CARTESIAN_POINT('',(13.9,0.,0.));
#3478 = DIRECTION('',(1.,0.,0.));
#3479 = DIRECTION('',(-0.,0.,1.));
#3480 = PCURVE('',#2959,#3481);
#3481 = DEFINITIONAL_REPRESENTATION('',(#3482),#3486);
#3482 = LINE('',#3483,#3484);
#3483 = CARTESIAN_POINT('',(0.,-6.7));
#3484 = VECTOR('',#3485,1.);
#3485 = DIRECTION('',(1.,0.));
#3486 = ( GEOMETRIC_REPRESENTATION_CONTEXT(2) 
PARAMETRIC_REPRESENTATION_CONTEXT() REPRESENTATION_CONTEXT('2D SPACE',''
  ) );
#3487 = PCURVE('',#3488,#3493);
#3488 = PLANE('',#3489);
#3489 = AXIS2_PLACEMENT_3D('',#3490,#3491,#3492);
#3490 = CARTESIAN_POINT('',(13.9,0.,0.));
#3491 = DIRECTION('',(1.,0.,0.));
#3492 = DIRECTION('',(-0.,0.,1.));
#3493 = DEFINITIONAL_REPRESENTATION('',(#3494),#3498);
#3494 = CIRCLE('',#3495,18.);
#3495 = AXIS2_PLACEMENT_2D('',#3496,#3497);
#3496 = CARTESIAN_POINT('',(0.,0.));
#3497 = DIRECTION('',(1.,0.));
#3498 = ( GEOMETRIC_REPRESENTATION_CONTEXT(2) 
PARAMETRIC_REPRESENTATION_CONTEXT() REPRESENTATION_CONTEXT('2D SPACE',''
  ) );
#3499 = ORIENTED_EDGE('',*,*,#3500,.F.);
#3500 = EDGE_CURVE('',#3501,#3472,#3503,.T.);
#3501 = VERTEX_POINT('',#3502);
#3502 = CARTESIAN_POINT('',(-2.,-1.255616527394,17.956152904677));
#3503 = SURFACE_CURVE('',#3504,(#3508,#3514),.PCURVE_S1.);
#3504 = LINE('',#3505,#3506);
#3505 = CARTESIAN_POINT('',(-2.,-1.255616527394,17.956152904677));
#3506 = VECTOR('',#3507,1.);
#3507 = DIRECTION('',(1.,0.,0.));
#3508 = PCURVE('',#2959,#3509);
#3509 = DEFINITIONAL_REPRESENTATION('',(#3510),#3513);
#3510 = B_SPLINE_CURVE_WITH_KNOTS('',1,(#3511,#3512),.UNSPECIFIED.,.F.,
  .F.,(2,2),(-5.999999999062E-07,15.9000006),.PIECEWISE_BEZIER_KNOTS.);
#3511 = CARTESIAN_POINT('',(6.981317007977E-02,-22.6000006));
#3512 = CARTESIAN_POINT('',(6.981317007977E-02,-6.6999994));
#3513 = ( GEOMETRIC_REPRESENTATION_CONTEXT(2) 
PARAMETRIC_REPRESENTATION_CONTEXT() REPRESENTATION_CONTEXT('2D SPACE',''
  ) );
#3514 = PCURVE('',#3515,#3520);
#3515 = PLANE('',#3516);
#3516 = AXIS2_PLACEMENT_3D('',#3517,#3518,#3519);
#3517 = CARTESIAN_POINT('',(-3.,-1.527159336419,21.839395990957));
#3518 = DIRECTION('',(-0.,0.99756405026,6.975647374413E-02));
#3519 = DIRECTION('',(0.,6.975647374413E-02,-0.99756405026));
#3520 = DEFINITIONAL_REPRESENTATION('',(#3521),#3524);
#3521 = B_SPLINE_CURVE_WITH_KNOTS('',1,(#3522,#3523),.UNSPECIFIED.,.F.,
  .F.,(2,2),(-5.999999999062E-07,15.9000006),.PIECEWISE_BEZIER_KNOTS.);
#3522 = CARTESIAN_POINT('',(3.892725570121,-0.9999994));
#3523 = CARTESIAN_POINT('',(3.892725570121,-16.9000006));
#3524 = ( GEOMETRIC_REPRESENTATION_CONTEXT(2) 
PARAMETRIC_REPRESENTATION_CONTEXT() REPRESENTATION_CONTEXT('2D SPACE',''
  ) );
#3525 = ORIENTED_EDGE('',*,*,#3526,.T.);
#3526 = EDGE_CURVE('',#3501,#3527,#3529,.T.);
#3527 = VERTEX_POINT('',#3528);
#3528 = CARTESIAN_POINT('',(-2.,-13.78879997614,11.570176974358));
#3529 = SURFACE_CURVE('',#3530,(#3535,#3542),.PCURVE_S1.);
#3530 = CIRCLE('',#3531,18.);
#3531 = AXIS2_PLACEMENT_3D('',#3532,#3533,#3534);
#3532 = CARTESIAN_POINT('',(-2.,0.,0.));
#3533 = DIRECTION('',(1.,0.,0.));
#3534 = DIRECTION('',(-0.,0.,1.));
#3535 = PCURVE('',#2959,#3536);
#3536 = DEFINITIONAL_REPRESENTATION('',(#3537),#3541);
#3537 = LINE('',#3538,#3539);
#3538 = CARTESIAN_POINT('',(0.,-22.6));
#3539 = VECTOR('',#3540,1.);
#3540 = DIRECTION('',(1.,0.));
#3541 = ( GEOMETRIC_REPRESENTATION_CONTEXT(2) 
PARAMETRIC_REPRESENTATION_CONTEXT() REPRESENTATION_CONTEXT('2D SPACE',''
  ) );
#3542 = PCURVE('',#3543,#3548);
#3543 = PLANE('',#3544);
#3544 = AXIS2_PLACEMENT_3D('',#3545,#3546,#3547);
#3545 = CARTESIAN_POINT('',(-2.,0.,0.));
#3546 = DIRECTION('',(1.,0.,0.));
#3547 = DIRECTION('',(-0.,0.,1.));
#3548 = DEFINITIONAL_REPRESENTATION('',(#3549),#3553);
#3549 = CIRCLE('',#3550,18.);
#3550 = AXIS2_PLACEMENT_2D('',#3551,#3552);
#3551 = CARTESIAN_POINT('',(0.,0.));
#3552 = DIRECTION('',(1.,0.));
#3553 = ( GEOMETRIC_REPRESENTATION_CONTEXT(2) 
PARAMETRIC_REPRESENTATION_CONTEXT() REPRESENTATION_CONTEXT('2D SPACE',''
  ) );
#3554 = ORIENTED_EDGE('',*,*,#3555,.T.);
#3555 = EDGE_CURVE('',#3527,#3556,#3558,.T.);
#3556 = VERTEX_POINT('',#3557);
#3557 = CARTESIAN_POINT('',(13.9,-13.78879997614,11.570176974358));
#3558 = SURFACE_CURVE('',#3559,(#3563,#3569),.PCURVE_S1.);
#3559 = LINE('',#3560,#3561);
#3560 = CARTESIAN_POINT('',(-2.,-13.78879997614,11.570176974358));
#3561 = VECTOR('',#3562,1.);
#3562 = DIRECTION('',(1.,0.,0.));
#3563 = PCURVE('',#2959,#3564);
#3564 = DEFINITIONAL_REPRESENTATION('',(#3565),#3568);
#3565 = B_SPLINE_CURVE_WITH_KNOTS('',1,(#3566,#3567),.UNSPECIFIED.,.F.,
  .F.,(2,2),(-5.999999999062E-07,15.9000006),.PIECEWISE_BEZIER_KNOTS.);
#3566 = CARTESIAN_POINT('',(0.872664625997,-22.6000006));
#3567 = CARTESIAN_POINT('',(0.872664625997,-6.6999994));
#3568 = ( GEOMETRIC_REPRESENTATION_CONTEXT(2) 
PARAMETRIC_REPRESENTATION_CONTEXT() REPRESENTATION_CONTEXT('2D SPACE',''
  ) );
#3569 = PCURVE('',#3570,#3575);
#3570 = PLANE('',#3571);
#3571 = AXIS2_PLACEMENT_3D('',#3572,#3573,#3574);
#3572 = CARTESIAN_POINT('',(-3.,0.,0.));
#3573 = DIRECTION('',(0.,-0.642787609687,-0.766044443119));
#3574 = DIRECTION('',(0.,-0.766044443119,0.642787609687));
#3575 = DEFINITIONAL_REPRESENTATION('',(#3576),#3579);
#3576 = B_SPLINE_CURVE_WITH_KNOTS('',1,(#3577,#3578),.UNSPECIFIED.,.F.,
  .F.,(2,2),(-5.999999999062E-07,15.9000006),.PIECEWISE_BEZIER_KNOTS.);
#3577 = CARTESIAN_POINT('',(18.,-0.9999994));
#3578 = CARTESIAN_POINT('',(18.,-16.9000006));
#3579 = ( GEOMETRIC_REPRESENTATION_CONTEXT(2) 
PARAMETRIC_REPRESENTATION_CONTEXT() REPRESENTATION_CONTEXT('2D SPACE',''
  ) );
#3580 = ORIENTED_EDGE('',*,*,#3581,.F.);
#3581 = EDGE_CURVE('',#3194,#3556,#3582,.T.);
#3582 = SURFACE_CURVE('',#3583,(#3588,#3595),.PCURVE_S1.);
#3583 = CIRCLE('',#3584,18.);
#3584 = AXIS2_PLACEMENT_3D('',#3585,#3586,#3587);
#3585 = CARTESIAN_POINT('',(13.9,0.,0.));
#3586 = DIRECTION('',(1.,0.,0.));
#3587 = DIRECTION('',(-0.,0.,1.));
#3588 = PCURVE('',#2959,#3589);
#3589 = DEFINITIONAL_REPRESENTATION('',(#3590),#3594);
#3590 = LINE('',#3591,#3592);
#3591 = CARTESIAN_POINT('',(0.,-6.7));
#3592 = VECTOR('',#3593,1.);
#3593 = DIRECTION('',(1.,0.));
#3594 = ( GEOMETRIC_REPRESENTATION_CONTEXT(2) 
PARAMETRIC_REPRESENTATION_CONTEXT() REPRESENTATION_CONTEXT('2D SPACE',''
  ) );
#3595 = PCURVE('',#3232,#3596);
#3596 = DEFINITIONAL_REPRESENTATION('',(#3597),#3601);
#3597 = CIRCLE('',#3598,18.);
#3598 = AXIS2_PLACEMENT_2D('',#3599,#3600);
#3599 = CARTESIAN_POINT('',(0.,0.));
#3600 = DIRECTION('',(1.,0.));
#3601 = ( GEOMETRIC_REPRESENTATION_CONTEXT(2) 
PARAMETRIC_REPRESENTATION_CONTEXT() REPRESENTATION_CONTEXT('2D SPACE',''
  ) );
#3602 = ORIENTED_EDGE('',*,*,#3193,.F.);
#3603 = FACE_BOUND('',#3604,.T.);
#3604 = EDGE_LOOP('',(#3605));
#3605 = ORIENTED_EDGE('',*,*,#3606,.T.);
#3606 = EDGE_CURVE('',#3607,#3607,#3609,.T.);
#3607 = VERTEX_POINT('',#3608);
#3608 = CARTESIAN_POINT('',(1.9,-9.607584300853,15.221508594814));
#3609 = SURFACE_CURVE('',#3610,(#3655,#3703),.PCURVE_S1.);
#3610 = B_SPLINE_CURVE_WITH_KNOTS('',7,(#3611,#3612,#3613,#3614,#3615,
    #3616,#3617,#3618,#3619,#3620,#3621,#3622,#3623,#3624,#3625,#3626,
    #3627,#3628,#3629,#3630,#3631,#3632,#3633,#3634,#3635,#3636,#3637,
    #3638,#3639,#3640,#3641,#3642,#3643,#3644,#3645,#3646,#3647,#3648,
    #3649,#3650,#3651,#3652,#3653,#3654),.UNSPECIFIED.,.T.,.F.,(8,6,6,6,
    6,6,6,8),(0.,0.1525743578,0.285802237118,0.422071343763,
    0.588481790321,0.714355740278,0.83801268764,1.),.UNSPECIFIED.);
#3611 = CARTESIAN_POINT('',(1.9,-9.607584300853,15.221508594814));
#3612 = CARTESIAN_POINT('',(1.702624332505,-9.607584300853,
    15.221508594814));
#3613 = CARTESIAN_POINT('',(1.505327824605,-9.58419318261,
    15.236272568264));
#3614 = CARTESIAN_POINT('',(1.310568916901,-9.53743834703,
    15.265784255354));
#3615 = CARTESIAN_POINT('',(1.121123083857,-9.466541443979,
    15.31021469341));
#3616 = CARTESIAN_POINT('',(0.940588974221,-9.3702061751,15.369758894994
    ));
#3617 = CARTESIAN_POINT('',(0.773939773816,-9.246796090371,
    15.444342348817));
#3618 = CARTESIAN_POINT('',(0.501788916526,-8.962419816407,
    15.610849707597));
#3619 = CARTESIAN_POINT('',(0.386788645776,-8.803576328272,
    15.702081967655));
#3620 = CARTESIAN_POINT('',(0.296739122161,-8.621161365984,
    15.804122255895));
#3621 = CARTESIAN_POINT('',(0.240623930848,-8.421178338316,
    15.912106077803));
#3622 = CARTESIAN_POINT('',(0.223255475233,-8.212053594124,16.0204360889
    ));
#3623 = CARTESIAN_POINT('',(0.24507020527,-8.00337722039,16.124356158871
    ));
#3624 = CARTESIAN_POINT('',(0.35990121124,-7.600256069064,
    16.318311019609));
#3625 = CARTESIAN_POINT('',(0.452523494654,-7.41328905643,
    16.404586630286));
#3626 = CARTESIAN_POINT('',(0.571936548534,-7.246957441256,
    16.478444226256));
#3627 = CARTESIAN_POINT('',(0.711606434302,-7.10331497871,
    16.540275581889));
#3628 = CARTESIAN_POINT('',(0.865754885489,-6.983310412378,
    16.590732178308));
#3629 = CARTESIAN_POINT('',(1.029228460382,-6.886958857136,
    16.630577510244));
#3630 = CARTESIAN_POINT('',(1.402911904457,-6.723638170894,
    16.697368080318));
#3631 = CARTESIAN_POINT('',(1.618288540028,-6.666646907253,
    16.720015879852));
#3632 = CARTESIAN_POINT('',(1.838755070028,-6.641275540951,
    16.729946106649));
#3633 = CARTESIAN_POINT('',(2.060817269166,-6.647237987625,16.7276024935
    ));
#3634 = CARTESIAN_POINT('',(2.280703438942,-6.684854080676,
    16.71282975172));
#3635 = CARTESIAN_POINT('',(2.494034113662,-6.754681850284,
    16.684919706791));
#3636 = CARTESIAN_POINT('',(2.846824962642,-6.93458702928,
    16.610795419439));
#3637 = CARTESIAN_POINT('',(2.993686548874,-7.031769507067,
    16.570262143149));
#3638 = CARTESIAN_POINT('',(3.131476347884,-7.149182393133,
    16.520447029999));
#3639 = CARTESIAN_POINT('',(3.255822848355,-7.286596940543,
    16.460787010988));
#3640 = CARTESIAN_POINT('',(3.361977037809,-7.443005202641,
    16.390853609539));
#3641 = CARTESIAN_POINT('',(3.444735660326,-7.616534085512,
    16.310479129859));
#3642 = CARTESIAN_POINT('',(3.550647775963,-7.98834493603,
    16.131588685892));
#3643 = CARTESIAN_POINT('',(3.573463739197,-8.181359249463,
    16.035715215247));
#3644 = CARTESIAN_POINT('',(3.562711743601,-8.375741357137,
    15.935597957246));
#3645 = CARTESIAN_POINT('',(3.518280410465,-8.563483402466,
    15.835135123519));
#3646 = CARTESIAN_POINT('',(3.443645467659,-8.737348430786,
    15.738916488358));
#3647 = CARTESIAN_POINT('',(3.345732584112,-8.891886924627,
    15.651124394256));
#3648 = CARTESIAN_POINT('',(3.089661537073,-9.197289651157,
    15.474169727356));
#3649 = CARTESIAN_POINT('',(2.917307732406,-9.338044124491,
    15.389612902246));
#3650 = CARTESIAN_POINT('',(2.727666925295,-9.447639690537,
    15.322053968772));
#3651 = CARTESIAN_POINT('',(2.527051801587,-9.528121733864,
    15.271665526383));
#3652 = CARTESIAN_POINT('',(2.320078495549,-9.581085873748,
    15.238233659556));
#3653 = CARTESIAN_POINT('',(2.110070671506,-9.607584300853,
    15.221508594814));
#3654 = CARTESIAN_POINT('',(1.9,-9.607584300853,15.221508594814));
#3655 = PCURVE('',#2959,#3656);
#3656 = DEFINITIONAL_REPRESENTATION('',(#3657),#3702);
#3657 = B_SPLINE_CURVE_WITH_KNOTS('',7,(#3658,#3659,#3660,#3661,#3662,
    #3663,#3664,#3665,#3666,#3667,#3668,#3669,#3670,#3671,#3672,#3673,
    #3674,#3675,#3676,#3677,#3678,#3679,#3680,#3681,#3682,#3683,#3684,
    #3685,#3686,#3687,#3688,#3689,#3690,#3691,#3692,#3693,#3694,#3695,
    #3696,#3697,#3698,#3699,#3700,#3701),.UNSPECIFIED.,.T.,.F.,(8,6,6,6,
    6,6,6,8),(0.,0.1525743578,0.285802237118,0.422071343763,
    0.588481790321,0.714355740278,0.83801268764,1.),.UNSPECIFIED.);
#3658 = CARTESIAN_POINT('',(0.56303442834,-18.7));
#3659 = CARTESIAN_POINT('',(0.56303442834,-18.89737566749));
#3660 = CARTESIAN_POINT('',(0.56149771746,-19.09467217539));
#3661 = CARTESIAN_POINT('',(0.5584260669,-19.28943108309));
#3662 = CARTESIAN_POINT('',(0.553777834672,-19.47887691614));
#3663 = CARTESIAN_POINT('',(0.547486332227,-19.65941102577));
#3664 = CARTESIAN_POINT('',(0.539476170209,-19.82606022618));
#3665 = CARTESIAN_POINT('',(0.521168564885,-20.09821108347));
#3666 = CARTESIAN_POINT('',(0.510992318209,-20.21321135422));
#3667 = CARTESIAN_POINT('',(0.499381505815,-20.30326087783));
#3668 = CARTESIAN_POINT('',(0.486758130756,-20.35937606915));
#3669 = CARTESIAN_POINT('',(0.473676566108,-20.37674452476));
#3670 = CARTESIAN_POINT('',(0.460726605327,-20.35492979473));
#3671 = CARTESIAN_POINT('',(0.435873633311,-20.24009878876));
#3672 = CARTESIAN_POINT('',(0.424435511477,-20.14747650534));
#3673 = CARTESIAN_POINT('',(0.414326297124,-20.02806345146));
#3674 = CARTESIAN_POINT('',(0.405638831338,-19.88839356569));
#3675 = CARTESIAN_POINT('',(0.398406805284,-19.73424511451));
#3676 = CARTESIAN_POINT('',(0.392614324817,-19.57077153961));
#3677 = CARTESIAN_POINT('',(0.382811543213,-19.19708809554));
#3678 = CARTESIAN_POINT('',(0.379404687792,-18.98171145997));
#3679 = CARTESIAN_POINT('',(0.377890979086,-18.76124492997));
#3680 = CARTESIAN_POINT('',(0.378246907746,-18.53918273083));
#3681 = CARTESIAN_POINT('',(0.380492134246,-18.31929656105));
#3682 = CARTESIAN_POINT('',(0.384669623559,-18.10596588633));
#3683 = CARTESIAN_POINT('',(0.395479467524,-17.75317503735));
#3684 = CARTESIAN_POINT('',(0.401329227247,-17.60631345112));
#3685 = CARTESIAN_POINT('',(0.408414745473,-17.46852365211));
#3686 = CARTESIAN_POINT('',(0.416736775378,-17.34417715164));
#3687 = CARTESIAN_POINT('',(0.426253956751,-17.23802296219));
#3688 = CARTESIAN_POINT('',(0.436877195356,-17.15526433967));
#3689 = CARTESIAN_POINT('',(0.459799844374,-17.04935222403));
#3690 = CARTESIAN_POINT('',(0.471771901122,-17.0265362608));
#3691 = CARTESIAN_POINT('',(0.483916994483,-17.03728825639));
#3692 = CARTESIAN_POINT('',(0.495744093322,-17.08171958953));
#3693 = CARTESIAN_POINT('',(0.506782640105,-17.15635453234));
#3694 = CARTESIAN_POINT('',(0.516656419795,-17.25426741588));
#3695 = CARTESIAN_POINT('',(0.536265546191,-17.51033846292));
#3696 = CARTESIAN_POINT('',(0.545386632092,-17.68269226759));
#3697 = CARTESIAN_POINT('',(0.552538754855,-17.8723330747));
#3698 = CARTESIAN_POINT('',(0.557813978464,-18.07294819841));
#3699 = CARTESIAN_POINT('',(0.561293583009,-18.27992150445));
#3700 = CARTESIAN_POINT('',(0.56303442834,-18.48992932849));
#3701 = CARTESIAN_POINT('',(0.56303442834,-18.7));
#3702 = ( GEOMETRIC_REPRESENTATION_CONTEXT(2) 
PARAMETRIC_REPRESENTATION_CONTEXT() REPRESENTATION_CONTEXT('2D SPACE',''
  ) );
#3703 = PCURVE('',#3704,#3709);
#3704 = CYLINDRICAL_SURFACE('',#3705,1.65);
#3705 = AXIS2_PLACEMENT_3D('',#3706,#3707,#3708);
#3706 = CARTESIAN_POINT('',(1.9,-8.26262709526,16.216318740228));
#3707 = DIRECTION('',(0.,0.45399049974,-0.891006524188));
#3708 = DIRECTION('',(0.,-0.891006524188,-0.45399049974));
#3709 = DEFINITIONAL_REPRESENTATION('',(#3710),#3755);
#3710 = B_SPLINE_CURVE_WITH_KNOTS('',7,(#3711,#3712,#3713,#3714,#3715,
    #3716,#3717,#3718,#3719,#3720,#3721,#3722,#3723,#3724,#3725,#3726,
    #3727,#3728,#3729,#3730,#3731,#3732,#3733,#3734,#3735,#3736,#3737,
    #3738,#3739,#3740,#3741,#3742,#3743,#3744,#3745,#3746,#3747,#3748,
    #3749,#3750,#3751,#3752,#3753,#3754),.UNSPECIFIED.,.F.,.F.,(8,6,6,6,
    6,6,6,8),(0.,0.1525743578,0.285802237118,0.422071343763,
    0.588481790321,0.714355740278,0.83801268764,1.),.UNSPECIFIED.);
#3711 = CARTESIAN_POINT('',(0.,0.275784535997));
#3712 = CARTESIAN_POINT('',(0.119621616664,0.275784535997));
#3713 = CARTESIAN_POINT('',(0.239194529285,0.273249084791));
#3714 = CARTESIAN_POINT('',(0.360029359789,0.268180230224));
#3715 = CARTESIAN_POINT('',(0.483215779578,0.26077894049));
#3716 = CARTESIAN_POINT('',(0.609967329361,0.251459965262));
#3717 = CARTESIAN_POINT('',(0.741507904509,0.241032627348));
#3718 = CARTESIAN_POINT('',(1.000268033029,0.221777611081));
#3719 = CARTESIAN_POINT('',(1.130129215278,0.212602506712));
#3720 = CARTESIAN_POINT('',(1.265307523604,0.204498604049));
#3721 = CARTESIAN_POINT('',(1.403690644762,0.199074708892));
#3722 = CARTESIAN_POINT('',(1.543652705052,0.197492609363));
#3723 = CARTESIAN_POINT('',(1.683780384452,0.19963624022));
#3724 = CARTESIAN_POINT('',(1.963625093321,0.20983436685));
#3725 = CARTESIAN_POINT('',(2.098369578751,0.217843482359));
#3726 = CARTESIAN_POINT('',(2.227671555656,0.227548855585));
#3727 = CARTESIAN_POINT('',(2.352242221145,0.237669027672));
#3728 = CARTESIAN_POINT('',(2.472617804642,0.247192804114));
#3729 = CARTESIAN_POINT('',(2.589084020006,0.255433044115));
#3730 = CARTESIAN_POINT('',(2.839380266094,0.27006825039));
#3731 = CARTESIAN_POINT('',(2.973245931528,0.275762405508));
#3732 = CARTESIAN_POINT('',(3.105394542742,0.278432867912));
#3733 = CARTESIAN_POINT('',(3.237264043218,0.277814148373));
#3734 = CARTESIAN_POINT('',(3.370167703073,0.273899408796));
#3735 = CARTESIAN_POINT('',(3.505331500542,0.267066296898));
#3736 = CARTESIAN_POINT('',(3.749324432029,0.251436278411));
#3737 = CARTESIAN_POINT('',(3.857976178145,0.243431770376));
#3738 = CARTESIAN_POINT('',(3.97020053557,0.234513026374));
#3739 = CARTESIAN_POINT('',(4.08615693773,0.225285593497));
#3740 = CARTESIAN_POINT('',(4.206204198084,0.216588845373));
#3741 = CARTESIAN_POINT('',(4.330860332344,0.209422566893));
#3742 = CARTESIAN_POINT('',(4.588969585295,0.200016525747));
#3743 = CARTESIAN_POINT('',(4.718912276888,0.197813748976));
#3744 = CARTESIAN_POINT('',(4.849063175867,0.198771248835));
#3745 = CARTESIAN_POINT('',(4.978073114725,0.203051184143));
#3746 = CARTESIAN_POINT('',(5.104469717828,0.209849544726));
#3747 = CARTESIAN_POINT('',(5.226406290561,0.217913865295));
#3748 = CARTESIAN_POINT('',(5.490439070147,0.236931691549));
#3749 = CARTESIAN_POINT('',(5.632152615189,0.248371180698));
#3750 = CARTESIAN_POINT('',(5.768100896428,0.258811285392));
#3751 = CARTESIAN_POINT('',(5.899780104821,0.267169633233));
#3752 = CARTESIAN_POINT('',(6.028593102592,0.272912428359));
#3753 = CARTESIAN_POINT('',(6.155869748691,0.275784535997));
#3754 = CARTESIAN_POINT('',(6.28318530718,0.275784535997));
#3755 = ( GEOMETRIC_REPRESENTATION_CONTEXT(2) 
PARAMETRIC_REPRESENTATION_CONTEXT() REPRESENTATION_CONTEXT('2D SPACE',''
  ) );
#3756 = FACE_BOUND('',#3757,.T.);
#3757 = EDGE_LOOP('',(#3758));
#3758 = ORIENTED_EDGE('',*,*,#3759,.T.);
#3759 = EDGE_CURVE('',#3760,#3760,#3762,.T.);
#3760 = VERTEX_POINT('',#3761);
#3761 = CARTESIAN_POINT('',(8.3,-9.607584300853,15.221508594814));
#3762 = SURFACE_CURVE('',#3763,(#3808,#3856),.PCURVE_S1.);
#3763 = B_SPLINE_CURVE_WITH_KNOTS('',7,(#3764,#3765,#3766,#3767,#3768,
    #3769,#3770,#3771,#3772,#3773,#3774,#3775,#3776,#3777,#3778,#3779,
    #3780,#3781,#3782,#3783,#3784,#3785,#3786,#3787,#3788,#3789,#3790,
    #3791,#3792,#3793,#3794,#3795,#3796,#3797,#3798,#3799,#3800,#3801,
    #3802,#3803,#3804,#3805,#3806,#3807),.UNSPECIFIED.,.T.,.F.,(8,6,6,6,
    6,6,6,8),(0.,0.152574357874,0.285802237258,0.422071343924,
    0.588481790434,0.714355740357,0.838012687684,1.),.UNSPECIFIED.);
#3764 = CARTESIAN_POINT('',(8.3,-9.607584300853,15.221508594814));
#3765 = CARTESIAN_POINT('',(8.102624332505,-9.607584300853,
    15.221508594814));
#3766 = CARTESIAN_POINT('',(7.905327824605,-9.58419318261,
    15.236272568264));
#3767 = CARTESIAN_POINT('',(7.710568916901,-9.537438347031,
    15.265784255354));
#3768 = CARTESIAN_POINT('',(7.521123083857,-9.466541443979,
    15.31021469341));
#3769 = CARTESIAN_POINT('',(7.340588974221,-9.3702061751,15.369758894994
    ));
#3770 = CARTESIAN_POINT('',(7.173939773816,-9.246796090371,
    15.444342348817));
#3771 = CARTESIAN_POINT('',(6.901788916526,-8.962419816407,
    15.610849707597));
#3772 = CARTESIAN_POINT('',(6.786788645776,-8.803576328272,
    15.702081967654));
#3773 = CARTESIAN_POINT('',(6.696739122161,-8.621161365984,
    15.804122255895));
#3774 = CARTESIAN_POINT('',(6.640623930848,-8.421178338316,
    15.912106077803));
#3775 = CARTESIAN_POINT('',(6.623255475233,-8.212053594124,16.0204360889
    ));
#3776 = CARTESIAN_POINT('',(6.64507020527,-8.00337722039,16.124356158871
    ));
#3777 = CARTESIAN_POINT('',(6.75990121122,-7.600256069131,
    16.318311019577));
#3778 = CARTESIAN_POINT('',(6.852523494625,-7.413289056437,
    16.404586630285));
#3779 = CARTESIAN_POINT('',(6.971936548559,-7.246957441203,
    16.47844422628));
#3780 = CARTESIAN_POINT('',(7.111606434361,-7.103314978671,
    16.540275581904));
#3781 = CARTESIAN_POINT('',(7.265754885501,-6.983310412395,
    16.590732178301));
#3782 = CARTESIAN_POINT('',(7.429228460308,-6.886958857169,
    16.630577510231));
#3783 = CARTESIAN_POINT('',(7.802911904457,-6.723638170895,
    16.697368080318));
#3784 = CARTESIAN_POINT('',(8.018288540028,-6.666646907253,
    16.720015879852));
#3785 = CARTESIAN_POINT('',(8.238755070026,-6.641275540951,
    16.729946106649));
#3786 = CARTESIAN_POINT('',(8.460817269168,-6.647237987624,16.7276024935
    ));
#3787 = CARTESIAN_POINT('',(8.680703438942,-6.684854080676,
    16.712829751719));
#3788 = CARTESIAN_POINT('',(8.894034113662,-6.754681850284,
    16.684919706791));
#3789 = CARTESIAN_POINT('',(9.246824962643,-6.93458702928,
    16.610795419439));
#3790 = CARTESIAN_POINT('',(9.393686548873,-7.031769507067,
    16.570262143149));
#3791 = CARTESIAN_POINT('',(9.531476347883,-7.149182393133,16.52044703)
  );
#3792 = CARTESIAN_POINT('',(9.655822848355,-7.286596940542,
    16.460787010988));
#3793 = CARTESIAN_POINT('',(9.761977037809,-7.443005202641,
    16.390853609539));
#3794 = CARTESIAN_POINT('',(9.844735660326,-7.616534085513,
    16.310479129858));
#3795 = CARTESIAN_POINT('',(9.950647775963,-7.98834493603,
    16.131588685892));
#3796 = CARTESIAN_POINT('',(9.973463739197,-8.181359249464,
    16.035715215246));
#3797 = CARTESIAN_POINT('',(9.9627117436,-8.375741357137,15.935597957246
    ));
#3798 = CARTESIAN_POINT('',(9.918280410466,-8.563483402465,
    15.835135123519));
#3799 = CARTESIAN_POINT('',(9.843645467658,-8.737348430787,
    15.738916488357));
#3800 = CARTESIAN_POINT('',(9.745732584112,-8.891886924627,
    15.651124394256));
#3801 = CARTESIAN_POINT('',(9.489661537073,-9.197289651157,
    15.474169727356));
#3802 = CARTESIAN_POINT('',(9.317307732407,-9.338044124491,
    15.389612902246));
#3803 = CARTESIAN_POINT('',(9.127666925295,-9.447639690537,
    15.322053968772));
#3804 = CARTESIAN_POINT('',(8.927051801587,-9.528121733864,
    15.271665526384));
#3805 = CARTESIAN_POINT('',(8.72007849555,-9.581085873748,
    15.238233659556));
#3806 = CARTESIAN_POINT('',(8.510070671506,-9.607584300853,
    15.221508594814));
#3807 = CARTESIAN_POINT('',(8.3,-9.607584300853,15.221508594814));
#3808 = PCURVE('',#2959,#3809);
#3809 = DEFINITIONAL_REPRESENTATION('',(#3810),#3855);
#3810 = B_SPLINE_CURVE_WITH_KNOTS('',7,(#3811,#3812,#3813,#3814,#3815,
    #3816,#3817,#3818,#3819,#3820,#3821,#3822,#3823,#3824,#3825,#3826,
    #3827,#3828,#3829,#3830,#3831,#3832,#3833,#3834,#3835,#3836,#3837,
    #3838,#3839,#3840,#3841,#3842,#3843,#3844,#3845,#3846,#3847,#3848,
    #3849,#3850,#3851,#3852,#3853,#3854),.UNSPECIFIED.,.T.,.F.,(8,6,6,6,
    6,6,6,8),(0.,0.152574357874,0.285802237258,0.422071343924,
    0.588481790434,0.714355740357,0.838012687684,1.),.UNSPECIFIED.);
#3811 = CARTESIAN_POINT('',(0.56303442834,-12.3));
#3812 = CARTESIAN_POINT('',(0.56303442834,-12.49737566749));
#3813 = CARTESIAN_POINT('',(0.56149771746,-12.69467217539));
#3814 = CARTESIAN_POINT('',(0.5584260669,-12.88943108309));
#3815 = CARTESIAN_POINT('',(0.553777834672,-13.07887691614));
#3816 = CARTESIAN_POINT('',(0.547486332227,-13.25941102577));
#3817 = CARTESIAN_POINT('',(0.539476170209,-13.42606022618));
#3818 = CARTESIAN_POINT('',(0.521168564885,-13.69821108347));
#3819 = CARTESIAN_POINT('',(0.510992318209,-13.81321135422));
#3820 = CARTESIAN_POINT('',(0.499381505815,-13.90326087783));
#3821 = CARTESIAN_POINT('',(0.486758130756,-13.95937606915));
#3822 = CARTESIAN_POINT('',(0.473676566108,-13.97674452476));
#3823 = CARTESIAN_POINT('',(0.460726605327,-13.95492979473));
#3824 = CARTESIAN_POINT('',(0.435873633315,-13.84009878878));
#3825 = CARTESIAN_POINT('',(0.424435511478,-13.74747650537));
#3826 = CARTESIAN_POINT('',(0.414326297121,-13.62806345144));
#3827 = CARTESIAN_POINT('',(0.405638831335,-13.48839356563));
#3828 = CARTESIAN_POINT('',(0.398406805285,-13.33424511449));
#3829 = CARTESIAN_POINT('',(0.392614324819,-13.17077153969));
#3830 = CARTESIAN_POINT('',(0.382811543213,-12.79708809554));
#3831 = CARTESIAN_POINT('',(0.379404687792,-12.58171145997));
#3832 = CARTESIAN_POINT('',(0.377890979086,-12.36124492997));
#3833 = CARTESIAN_POINT('',(0.378246907746,-12.13918273083));
#3834 = CARTESIAN_POINT('',(0.380492134246,-11.91929656105));
#3835 = CARTESIAN_POINT('',(0.384669623559,-11.70596588633));
#3836 = CARTESIAN_POINT('',(0.395479467524,-11.35317503735));
#3837 = CARTESIAN_POINT('',(0.401329227247,-11.20631345112));
#3838 = CARTESIAN_POINT('',(0.408414745473,-11.06852365211));
#3839 = CARTESIAN_POINT('',(0.416736775378,-10.94417715164));
#3840 = CARTESIAN_POINT('',(0.426253956751,-10.83802296219));
#3841 = CARTESIAN_POINT('',(0.436877195356,-10.75526433967));
#3842 = CARTESIAN_POINT('',(0.459799844374,-10.64935222403));
#3843 = CARTESIAN_POINT('',(0.471771901122,-10.6265362608));
#3844 = CARTESIAN_POINT('',(0.483916994483,-10.6372882564));
#3845 = CARTESIAN_POINT('',(0.495744093322,-10.68171958953));
#3846 = CARTESIAN_POINT('',(0.506782640105,-10.75635453234));
#3847 = CARTESIAN_POINT('',(0.516656419795,-10.85426741588));
#3848 = CARTESIAN_POINT('',(0.536265546191,-11.11033846292));
#3849 = CARTESIAN_POINT('',(0.545386632092,-11.28269226759));
#3850 = CARTESIAN_POINT('',(0.552538754855,-11.4723330747));
#3851 = CARTESIAN_POINT('',(0.557813978464,-11.67294819841));
#3852 = CARTESIAN_POINT('',(0.561293583009,-11.87992150445));
#3853 = CARTESIAN_POINT('',(0.56303442834,-12.08992932849));
#3854 = CARTESIAN_POINT('',(0.56303442834,-12.3));
#3855 = ( GEOMETRIC_REPRESENTATION_CONTEXT(2) 
PARAMETRIC_REPRESENTATION_CONTEXT() REPRESENTATION_CONTEXT('2D SPACE',''
  ) );
#3856 = PCURVE('',#3857,#3862);
#3857 = CYLINDRICAL_SURFACE('',#3858,1.65);
#3858 = AXIS2_PLACEMENT_3D('',#3859,#3860,#3861);
#3859 = CARTESIAN_POINT('',(8.3,-8.26262709526,16.216318740228));
#3860 = DIRECTION('',(0.,0.45399049974,-0.891006524188));
#3861 = DIRECTION('',(0.,-0.891006524188,-0.45399049974));
#3862 = DEFINITIONAL_REPRESENTATION('',(#3863),#3908);
#3863 = B_SPLINE_CURVE_WITH_KNOTS('',7,(#3864,#3865,#3866,#3867,#3868,
    #3869,#3870,#3871,#3872,#3873,#3874,#3875,#3876,#3877,#3878,#3879,
    #3880,#3881,#3882,#3883,#3884,#3885,#3886,#3887,#3888,#3889,#3890,
    #3891,#3892,#3893,#3894,#3895,#3896,#3897,#3898,#3899,#3900,#3901,
    #3902,#3903,#3904,#3905,#3906,#3907),.UNSPECIFIED.,.F.,.F.,(8,6,6,6,
    6,6,6,8),(0.,0.152574357874,0.285802237258,0.422071343924,
    0.588481790434,0.714355740357,0.838012687684,1.),.UNSPECIFIED.);
#3864 = CARTESIAN_POINT('',(0.,0.275784535997));
#3865 = CARTESIAN_POINT('',(0.119621616664,0.275784535997));
#3866 = CARTESIAN_POINT('',(0.239194529286,0.273249084791));
#3867 = CARTESIAN_POINT('',(0.360029359789,0.268180230224));
#3868 = CARTESIAN_POINT('',(0.483215779578,0.26077894049));
#3869 = CARTESIAN_POINT('',(0.609967329361,0.251459965262));
#3870 = CARTESIAN_POINT('',(0.741507904509,0.241032627348));
#3871 = CARTESIAN_POINT('',(1.000268033029,0.221777611081));
#3872 = CARTESIAN_POINT('',(1.130129215278,0.212602506712));
#3873 = CARTESIAN_POINT('',(1.265307523605,0.204498604049));
#3874 = CARTESIAN_POINT('',(1.403690644762,0.199074708892));
#3875 = CARTESIAN_POINT('',(1.543652705052,0.197492609363));
#3876 = CARTESIAN_POINT('',(1.683780384452,0.19963624022));
#3877 = CARTESIAN_POINT('',(1.963625093274,0.209834366849));
#3878 = CARTESIAN_POINT('',(2.098369578743,0.217843482357));
#3879 = CARTESIAN_POINT('',(2.22767155569,0.227548855588));
#3880 = CARTESIAN_POINT('',(2.352242221184,0.237669027676));
#3881 = CARTESIAN_POINT('',(2.472617804643,0.247192804113));
#3882 = CARTESIAN_POINT('',(2.589084019956,0.255433044112));
#3883 = CARTESIAN_POINT('',(2.839380266094,0.27006825039));
#3884 = CARTESIAN_POINT('',(2.973245931528,0.275762405508));
#3885 = CARTESIAN_POINT('',(3.105394542741,0.278432867912));
#3886 = CARTESIAN_POINT('',(3.237264043219,0.277814148373));
#3887 = CARTESIAN_POINT('',(3.370167703073,0.273899408796));
#3888 = CARTESIAN_POINT('',(3.505331500542,0.267066296898));
#3889 = CARTESIAN_POINT('',(3.74932443203,0.251436278411));
#3890 = CARTESIAN_POINT('',(3.857976178145,0.243431770376));
#3891 = CARTESIAN_POINT('',(3.97020053557,0.234513026374));
#3892 = CARTESIAN_POINT('',(4.086156937729,0.225285593497));
#3893 = CARTESIAN_POINT('',(4.206204198084,0.216588845373));
#3894 = CARTESIAN_POINT('',(4.330860332345,0.209422566893));
#3895 = CARTESIAN_POINT('',(4.588969585295,0.200016525747));
#3896 = CARTESIAN_POINT('',(4.718912276889,0.197813748976));
#3897 = CARTESIAN_POINT('',(4.849063175867,0.198771248835));
#3898 = CARTESIAN_POINT('',(4.978073114724,0.203051184143));
#3899 = CARTESIAN_POINT('',(5.104469717828,0.209849544726));
#3900 = CARTESIAN_POINT('',(5.22640629056,0.217913865295));
#3901 = CARTESIAN_POINT('',(5.490439070147,0.236931691549));
#3902 = CARTESIAN_POINT('',(5.632152615188,0.248371180698));
#3903 = CARTESIAN_POINT('',(5.768100896428,0.258811285392));
#3904 = CARTESIAN_POINT('',(5.899780104821,0.267169633233));
#3905 = CARTESIAN_POINT('',(6.028593102591,0.272912428359));
#3906 = CARTESIAN_POINT('',(6.155869748691,0.275784535997));
#3907 = CARTESIAN_POINT('',(6.28318530718,0.275784535997));
#3908 = ( GEOMETRIC_REPRESENTATION_CONTEXT(2) 
PARAMETRIC_REPRESENTATION_CONTEXT() REPRESENTATION_CONTEXT('2D SPACE',''
  ) );
#3909 = ADVANCED_FACE('',(#3910),#2930,.T.);
#3910 = FACE_BOUND('',#3911,.T.);
#3911 = EDGE_LOOP('',(#3912,#3913,#3935,#3957,#3979,#3999,#4000,#4001));
#3912 = ORIENTED_EDGE('',*,*,#3060,.T.);
#3913 = ORIENTED_EDGE('',*,*,#3914,.F.);
#3914 = EDGE_CURVE('',#3915,#3061,#3917,.T.);
#3915 = VERTEX_POINT('',#3916);
#3916 = CARTESIAN_POINT('',(13.6,-2.903062747196,11.643548715312));
#3917 = SURFACE_CURVE('',#3918,(#3922,#3929),.PCURVE_S1.);
#3918 = LINE('',#3919,#3920);
#3919 = CARTESIAN_POINT('',(12.6,-2.903062747196,11.643548715312));
#3920 = VECTOR('',#3921,1.);
#3921 = DIRECTION('',(1.,0.,0.));
#3922 = PCURVE('',#2930,#3923);
#3923 = DEFINITIONAL_REPRESENTATION('',(#3924),#3928);
#3924 = LINE('',#3925,#3926);
#3925 = CARTESIAN_POINT('',(8.526082155868,7.));
#3926 = VECTOR('',#3927,1.);
#3927 = DIRECTION('',(0.,-1.));
#3928 = ( GEOMETRIC_REPRESENTATION_CONTEXT(2) 
PARAMETRIC_REPRESENTATION_CONTEXT() REPRESENTATION_CONTEXT('2D SPACE',''
  ) );
#3929 = PCURVE('',#3100,#3930);
#3930 = DEFINITIONAL_REPRESENTATION('',(#3931),#3934);
#3931 = B_SPLINE_CURVE_WITH_KNOTS('',1,(#3932,#3933),.UNSPECIFIED.,.F.,
  .F.,(2,2),(0.9999994,8.0000006),.PIECEWISE_BEZIER_KNOTS.);
#3932 = CARTESIAN_POINT('',(0.244346095279,0.9999994));
#3933 = CARTESIAN_POINT('',(0.244346095279,8.0000006));
#3934 = ( GEOMETRIC_REPRESENTATION_CONTEXT(2) 
PARAMETRIC_REPRESENTATION_CONTEXT() REPRESENTATION_CONTEXT('2D SPACE',''
  ) );
#3935 = ORIENTED_EDGE('',*,*,#3936,.T.);
#3936 = EDGE_CURVE('',#3915,#3937,#3939,.T.);
#3937 = VERTEX_POINT('',#3938);
#3938 = CARTESIAN_POINT('',(13.6,-3.628828433995,14.55443589414));
#3939 = SURFACE_CURVE('',#3940,(#3944,#3951),.PCURVE_S1.);
#3940 = LINE('',#3941,#3942);
#3941 = CARTESIAN_POINT('',(13.6,-2.482854352191,9.958184896514));
#3942 = VECTOR('',#3943,1.);
#3943 = DIRECTION('',(0.,-0.2419218956,0.970295726276));
#3944 = PCURVE('',#2930,#3945);
#3945 = DEFINITIONAL_REPRESENTATION('',(#3946),#3950);
#3946 = LINE('',#3947,#3948);
#3947 = CARTESIAN_POINT('',(10.263041077934,6.));
#3948 = VECTOR('',#3949,1.);
#3949 = DIRECTION('',(-1.,-0.));
#3950 = ( GEOMETRIC_REPRESENTATION_CONTEXT(2) 
PARAMETRIC_REPRESENTATION_CONTEXT() REPRESENTATION_CONTEXT('2D SPACE',''
  ) );
#3951 = PCURVE('',#3286,#3952);
#3952 = DEFINITIONAL_REPRESENTATION('',(#3953),#3956);
#3953 = B_SPLINE_CURVE_WITH_KNOTS('',1,(#3954,#3955),.UNSPECIFIED.,.F.,
  .F.,(2,2),(-10.26304107793,8.288004250364),.PIECEWISE_BEZIER_KNOTS.);
#3954 = CARTESIAN_POINT('',(-1.7763568394E-15,-4.440892098501E-16));
#3955 = CARTESIAN_POINT('',(18.,4.487904051177));
#3956 = ( GEOMETRIC_REPRESENTATION_CONTEXT(2) 
PARAMETRIC_REPRESENTATION_CONTEXT() REPRESENTATION_CONTEXT('2D SPACE',''
  ) );
#3957 = ORIENTED_EDGE('',*,*,#3958,.T.);
#3958 = EDGE_CURVE('',#3937,#3959,#3961,.T.);
#3959 = VERTEX_POINT('',#3960);
#3960 = CARTESIAN_POINT('',(13.9,-3.628828433995,14.55443589414));
#3961 = SURFACE_CURVE('',#3962,(#3966,#3973),.PCURVE_S1.);
#3962 = LINE('',#3963,#3964);
#3963 = CARTESIAN_POINT('',(-3.,-3.628828433995,14.55443589414));
#3964 = VECTOR('',#3965,1.);
#3965 = DIRECTION('',(1.,0.,0.));
#3966 = PCURVE('',#2930,#3967);
#3967 = DEFINITIONAL_REPRESENTATION('',(#3968),#3972);
#3968 = LINE('',#3969,#3970);
#3969 = CARTESIAN_POINT('',(5.526082155868,22.6));
#3970 = VECTOR('',#3971,1.);
#3971 = DIRECTION('',(0.,-1.));
#3972 = ( GEOMETRIC_REPRESENTATION_CONTEXT(2) 
PARAMETRIC_REPRESENTATION_CONTEXT() REPRESENTATION_CONTEXT('2D SPACE',''
  ) );
#3973 = PCURVE('',#3259,#3974);
#3974 = DEFINITIONAL_REPRESENTATION('',(#3975),#3978);
#3975 = B_SPLINE_CURVE_WITH_KNOTS('',1,(#3976,#3977),.UNSPECIFIED.,.F.,
  .F.,(2,2),(15.9,16.9000006),.PIECEWISE_BEZIER_KNOTS.);
#3976 = CARTESIAN_POINT('',(0.244346095279,15.9));
#3977 = CARTESIAN_POINT('',(0.244346095279,16.9000006));
#3978 = ( GEOMETRIC_REPRESENTATION_CONTEXT(2) 
PARAMETRIC_REPRESENTATION_CONTEXT() REPRESENTATION_CONTEXT('2D SPACE',''
  ) );
#3979 = ORIENTED_EDGE('',*,*,#3980,.F.);
#3980 = EDGE_CURVE('',#3449,#3959,#3981,.T.);
#3981 = SURFACE_CURVE('',#3982,(#3986,#3993),.PCURVE_S1.);
#3982 = LINE('',#3983,#3984);
#3983 = CARTESIAN_POINT('',(13.9,-2.482854352191,9.958184896514));
#3984 = VECTOR('',#3985,1.);
#3985 = DIRECTION('',(0.,0.2419218956,-0.970295726276));
#3986 = PCURVE('',#2930,#3987);
#3987 = DEFINITIONAL_REPRESENTATION('',(#3988),#3992);
#3988 = LINE('',#3989,#3990);
#3989 = CARTESIAN_POINT('',(10.263041077934,5.7));
#3990 = VECTOR('',#3991,1.);
#3991 = DIRECTION('',(1.,0.));
#3992 = ( GEOMETRIC_REPRESENTATION_CONTEXT(2) 
PARAMETRIC_REPRESENTATION_CONTEXT() REPRESENTATION_CONTEXT('2D SPACE',''
  ) );
#3993 = PCURVE('',#3488,#3994);
#3994 = DEFINITIONAL_REPRESENTATION('',(#3995),#3998);
#3995 = B_SPLINE_CURVE_WITH_KNOTS('',1,(#3996,#3997),.UNSPECIFIED.,.F.,
  .F.,(2,2),(-7.736958922066,-1.736958922066),.PIECEWISE_BEZIER_KNOTS.);
#3996 = CARTESIAN_POINT('',(17.465323072968,4.354594120794));
#3997 = CARTESIAN_POINT('',(11.643548715312,2.903062747196));
#3998 = ( GEOMETRIC_REPRESENTATION_CONTEXT(2) 
PARAMETRIC_REPRESENTATION_CONTEXT() REPRESENTATION_CONTEXT('2D SPACE',''
  ) );
#3999 = ORIENTED_EDGE('',*,*,#3448,.F.);
#4000 = ORIENTED_EDGE('',*,*,#2914,.F.);
#4001 = ORIENTED_EDGE('',*,*,#3168,.F.);
#4002 = ADVANCED_FACE('',(#4003),#3016,.F.);
#4003 = FACE_BOUND('',#4004,.F.);
#4004 = EDGE_LOOP('',(#4005,#4006,#4027,#4028));
#4005 = ORIENTED_EDGE('',*,*,#3136,.F.);
#4006 = ORIENTED_EDGE('',*,*,#4007,.F.);
#4007 = EDGE_CURVE('',#2996,#3137,#4008,.T.);
#4008 = SEAM_CURVE('',#4009,(#4013,#4020),.PCURVE_S1.);
#4009 = LINE('',#4010,#4011);
#4010 = CARTESIAN_POINT('',(23.6,5.265981236334E-16,-2.15));
#4011 = VECTOR('',#4012,1.);
#4012 = DIRECTION('',(-1.,0.,0.));
#4013 = PCURVE('',#3016,#4014);
#4014 = DEFINITIONAL_REPRESENTATION('',(#4015),#4019);
#4015 = LINE('',#4016,#4017);
#4016 = CARTESIAN_POINT('',(6.28318530718,-0.));
#4017 = VECTOR('',#4018,1.);
#4018 = DIRECTION('',(0.,1.));
#4019 = ( GEOMETRIC_REPRESENTATION_CONTEXT(2) 
PARAMETRIC_REPRESENTATION_CONTEXT() REPRESENTATION_CONTEXT('2D SPACE',''
  ) );
#4020 = PCURVE('',#3016,#4021);
#4021 = DEFINITIONAL_REPRESENTATION('',(#4022),#4026);
#4022 = LINE('',#4023,#4024);
#4023 = CARTESIAN_POINT('',(0.,-0.));
#4024 = VECTOR('',#4025,1.);
#4025 = DIRECTION('',(0.,1.));
#4026 = ( GEOMETRIC_REPRESENTATION_CONTEXT(2) 
PARAMETRIC_REPRESENTATION_CONTEXT() REPRESENTATION_CONTEXT('2D SPACE',''
  ) );
#4027 = ORIENTED_EDGE('',*,*,#2995,.T.);
#4028 = ORIENTED_EDGE('',*,*,#4007,.T.);
#4029 = ADVANCED_FACE('',(#4030),#3100,.F.);
#4030 = FACE_BOUND('',#4031,.F.);
#4031 = EDGE_LOOP('',(#4032,#4033,#4034,#4056));
#4032 = ORIENTED_EDGE('',*,*,#3083,.F.);
#4033 = ORIENTED_EDGE('',*,*,#3914,.F.);
#4034 = ORIENTED_EDGE('',*,*,#4035,.T.);
#4035 = EDGE_CURVE('',#3915,#3271,#4036,.T.);
#4036 = SURFACE_CURVE('',#4037,(#4042,#4049),.PCURVE_S1.);
#4037 = CIRCLE('',#4038,12.);
#4038 = AXIS2_PLACEMENT_3D('',#4039,#4040,#4041);
#4039 = CARTESIAN_POINT('',(13.6,0.,0.));
#4040 = DIRECTION('',(1.,0.,0.));
#4041 = DIRECTION('',(-0.,0.,1.));
#4042 = PCURVE('',#3100,#4043);
#4043 = DEFINITIONAL_REPRESENTATION('',(#4044),#4048);
#4044 = LINE('',#4045,#4046);
#4045 = CARTESIAN_POINT('',(0.,1.));
#4046 = VECTOR('',#4047,1.);
#4047 = DIRECTION('',(1.,0.));
#4048 = ( GEOMETRIC_REPRESENTATION_CONTEXT(2) 
PARAMETRIC_REPRESENTATION_CONTEXT() REPRESENTATION_CONTEXT('2D SPACE',''
  ) );
#4049 = PCURVE('',#3286,#4050);
#4050 = DEFINITIONAL_REPRESENTATION('',(#4051),#4055);
#4051 = CIRCLE('',#4052,12.);
#4052 = AXIS2_PLACEMENT_2D('',#4053,#4054);
#4053 = CARTESIAN_POINT('',(0.,0.));
#4054 = DIRECTION('',(1.,0.));
#4055 = ( GEOMETRIC_REPRESENTATION_CONTEXT(2) 
PARAMETRIC_REPRESENTATION_CONTEXT() REPRESENTATION_CONTEXT('2D SPACE',''
  ) );
#4056 = ORIENTED_EDGE('',*,*,#3297,.T.);
#4057 = ADVANCED_FACE('',(#4058),#3232,.T.);
#4058 = FACE_BOUND('',#4059,.T.);
#4059 = EDGE_LOOP('',(#4060,#4084,#4085,#4086));
#4060 = ORIENTED_EDGE('',*,*,#4061,.F.);
#4061 = EDGE_CURVE('',#3217,#4062,#4064,.T.);
#4062 = VERTEX_POINT('',#4063);
#4063 = CARTESIAN_POINT('',(13.9,-11.49066664678,9.641814145298));
#4064 = SURFACE_CURVE('',#4065,(#4070,#4077),.PCURVE_S1.);
#4065 = CIRCLE('',#4066,15.);
#4066 = AXIS2_PLACEMENT_3D('',#4067,#4068,#4069);
#4067 = CARTESIAN_POINT('',(13.9,0.,0.));
#4068 = DIRECTION('',(1.,0.,0.));
#4069 = DIRECTION('',(-0.,0.,1.));
#4070 = PCURVE('',#3232,#4071);
#4071 = DEFINITIONAL_REPRESENTATION('',(#4072),#4076);
#4072 = CIRCLE('',#4073,15.);
#4073 = AXIS2_PLACEMENT_2D('',#4074,#4075);
#4074 = CARTESIAN_POINT('',(0.,0.));
#4075 = DIRECTION('',(1.,0.));
#4076 = ( GEOMETRIC_REPRESENTATION_CONTEXT(2) 
PARAMETRIC_REPRESENTATION_CONTEXT() REPRESENTATION_CONTEXT('2D SPACE',''
  ) );
#4077 = PCURVE('',#3259,#4078);
#4078 = DEFINITIONAL_REPRESENTATION('',(#4079),#4083);
#4079 = LINE('',#4080,#4081);
#4080 = CARTESIAN_POINT('',(0.,16.9));
#4081 = VECTOR('',#4082,1.);
#4082 = DIRECTION('',(1.,0.));
#4083 = ( GEOMETRIC_REPRESENTATION_CONTEXT(2) 
PARAMETRIC_REPRESENTATION_CONTEXT() REPRESENTATION_CONTEXT('2D SPACE',''
  ) );
#4084 = ORIENTED_EDGE('',*,*,#3216,.T.);
#4085 = ORIENTED_EDGE('',*,*,#3581,.T.);
#4086 = ORIENTED_EDGE('',*,*,#4087,.T.);
#4087 = EDGE_CURVE('',#3556,#4062,#4088,.T.);
#4088 = SURFACE_CURVE('',#4089,(#4093,#4099),.PCURVE_S1.);
#4089 = LINE('',#4090,#4091);
#4090 = CARTESIAN_POINT('',(13.9,0.,0.));
#4091 = VECTOR('',#4092,1.);
#4092 = DIRECTION('',(0.,0.766044443119,-0.642787609687));
#4093 = PCURVE('',#3232,#4094);
#4094 = DEFINITIONAL_REPRESENTATION('',(#4095),#4098);
#4095 = B_SPLINE_CURVE_WITH_KNOTS('',1,(#4096,#4097),.UNSPECIFIED.,.F.,
  .F.,(2,2),(-21.89272557012,-0.),.PIECEWISE_BEZIER_KNOTS.);
#4096 = CARTESIAN_POINT('',(14.072372738741,16.77080076772));
#4097 = CARTESIAN_POINT('',(0.,0.));
#4098 = ( GEOMETRIC_REPRESENTATION_CONTEXT(2) 
PARAMETRIC_REPRESENTATION_CONTEXT() REPRESENTATION_CONTEXT('2D SPACE',''
  ) );
#4099 = PCURVE('',#3570,#4100);
#4100 = DEFINITIONAL_REPRESENTATION('',(#4101),#4104);
#4101 = B_SPLINE_CURVE_WITH_KNOTS('',1,(#4102,#4103),.UNSPECIFIED.,.F.,
  .F.,(2,2),(-21.89272557012,-0.),.PIECEWISE_BEZIER_KNOTS.);
#4102 = CARTESIAN_POINT('',(21.892725570121,-16.9));
#4103 = CARTESIAN_POINT('',(0.,-16.9));
#4104 = ( GEOMETRIC_REPRESENTATION_CONTEXT(2) 
PARAMETRIC_REPRESENTATION_CONTEXT() REPRESENTATION_CONTEXT('2D SPACE',''
  ) );
#4105 = ADVANCED_FACE('',(#4106,#4221,#4390),#3259,.F.);
#4106 = FACE_BOUND('',#4107,.F.);
#4107 = EDGE_LOOP('',(#4108,#4132,#4153,#4177,#4196,#4197,#4198,#4220));
#4108 = ORIENTED_EDGE('',*,*,#4109,.F.);
#4109 = EDGE_CURVE('',#4110,#3959,#4112,.T.);
#4110 = VERTEX_POINT('',#4111);
#4111 = CARTESIAN_POINT('',(13.9,-1.046347106162,14.963460753897));
#4112 = SURFACE_CURVE('',#4113,(#4118,#4125),.PCURVE_S1.);
#4113 = CIRCLE('',#4114,15.);
#4114 = AXIS2_PLACEMENT_3D('',#4115,#4116,#4117);
#4115 = CARTESIAN_POINT('',(13.9,0.,0.));
#4116 = DIRECTION('',(1.,0.,0.));
#4117 = DIRECTION('',(-0.,0.,1.));
#4118 = PCURVE('',#3259,#4119);
#4119 = DEFINITIONAL_REPRESENTATION('',(#4120),#4124);
#4120 = LINE('',#4121,#4122);
#4121 = CARTESIAN_POINT('',(0.,16.9));
#4122 = VECTOR('',#4123,1.);
#4123 = DIRECTION('',(1.,0.));
#4124 = ( GEOMETRIC_REPRESENTATION_CONTEXT(2) 
PARAMETRIC_REPRESENTATION_CONTEXT() REPRESENTATION_CONTEXT('2D SPACE',''
  ) );
#4125 = PCURVE('',#3488,#4126);
#4126 = DEFINITIONAL_REPRESENTATION('',(#4127),#4131);
#4127 = CIRCLE('',#4128,15.);
#4128 = AXIS2_PLACEMENT_2D('',#4129,#4130);
#4129 = CARTESIAN_POINT('',(0.,0.));
#4130 = DIRECTION('',(1.,0.));
#4131 = ( GEOMETRIC_REPRESENTATION_CONTEXT(2) 
PARAMETRIC_REPRESENTATION_CONTEXT() REPRESENTATION_CONTEXT('2D SPACE',''
  ) );
#4132 = ORIENTED_EDGE('',*,*,#4133,.F.);
#4133 = EDGE_CURVE('',#4134,#4110,#4136,.T.);
#4134 = VERTEX_POINT('',#4135);
#4135 = CARTESIAN_POINT('',(-2.,-1.046347106162,14.963460753897));
#4136 = SURFACE_CURVE('',#4137,(#4141,#4147),.PCURVE_S1.);
#4137 = LINE('',#4138,#4139);
#4138 = CARTESIAN_POINT('',(-3.,-1.046347106162,14.963460753897));
#4139 = VECTOR('',#4140,1.);
#4140 = DIRECTION('',(1.,0.,0.));
#4141 = PCURVE('',#3259,#4142);
#4142 = DEFINITIONAL_REPRESENTATION('',(#4143),#4146);
#4143 = B_SPLINE_CURVE_WITH_KNOTS('',1,(#4144,#4145),.UNSPECIFIED.,.F.,
  .F.,(2,2),(0.9999994,16.9000006),.PIECEWISE_BEZIER_KNOTS.);
#4144 = CARTESIAN_POINT('',(6.981317007977E-02,0.9999994));
#4145 = CARTESIAN_POINT('',(6.981317007977E-02,16.9000006));
#4146 = ( GEOMETRIC_REPRESENTATION_CONTEXT(2) 
PARAMETRIC_REPRESENTATION_CONTEXT() REPRESENTATION_CONTEXT('2D SPACE',''
  ) );
#4147 = PCURVE('',#3515,#4148);
#4148 = DEFINITIONAL_REPRESENTATION('',(#4149),#4152);
#4149 = B_SPLINE_CURVE_WITH_KNOTS('',1,(#4150,#4151),.UNSPECIFIED.,.F.,
  .F.,(2,2),(0.9999994,16.9000006),.PIECEWISE_BEZIER_KNOTS.);
#4150 = CARTESIAN_POINT('',(6.892725570121,-0.9999994));
#4151 = CARTESIAN_POINT('',(6.892725570121,-16.9000006));
#4152 = ( GEOMETRIC_REPRESENTATION_CONTEXT(2) 
PARAMETRIC_REPRESENTATION_CONTEXT() REPRESENTATION_CONTEXT('2D SPACE',''
  ) );
#4153 = ORIENTED_EDGE('',*,*,#4154,.T.);
#4154 = EDGE_CURVE('',#4134,#4155,#4157,.T.);
#4155 = VERTEX_POINT('',#4156);
#4156 = CARTESIAN_POINT('',(-2.,-11.49066664678,9.641814145298));
#4157 = SURFACE_CURVE('',#4158,(#4163,#4170),.PCURVE_S1.);
#4158 = CIRCLE('',#4159,15.);
#4159 = AXIS2_PLACEMENT_3D('',#4160,#4161,#4162);
#4160 = CARTESIAN_POINT('',(-2.,0.,0.));
#4161 = DIRECTION('',(1.,0.,0.));
#4162 = DIRECTION('',(-0.,0.,1.));
#4163 = PCURVE('',#3259,#4164);
#4164 = DEFINITIONAL_REPRESENTATION('',(#4165),#4169);
#4165 = LINE('',#4166,#4167);
#4166 = CARTESIAN_POINT('',(0.,1.));
#4167 = VECTOR('',#4168,1.);
#4168 = DIRECTION('',(1.,0.));
#4169 = ( GEOMETRIC_REPRESENTATION_CONTEXT(2) 
PARAMETRIC_REPRESENTATION_CONTEXT() REPRESENTATION_CONTEXT('2D SPACE',''
  ) );
#4170 = PCURVE('',#3543,#4171);
#4171 = DEFINITIONAL_REPRESENTATION('',(#4172),#4176);
#4172 = CIRCLE('',#4173,15.);
#4173 = AXIS2_PLACEMENT_2D('',#4174,#4175);
#4174 = CARTESIAN_POINT('',(0.,0.));
#4175 = DIRECTION('',(1.,0.));
#4176 = ( GEOMETRIC_REPRESENTATION_CONTEXT(2) 
PARAMETRIC_REPRESENTATION_CONTEXT() REPRESENTATION_CONTEXT('2D SPACE',''
  ) );
#4177 = ORIENTED_EDGE('',*,*,#4178,.T.);
#4178 = EDGE_CURVE('',#4155,#4062,#4179,.T.);
#4179 = SURFACE_CURVE('',#4180,(#4184,#4190),.PCURVE_S1.);
#4180 = LINE('',#4181,#4182);
#4181 = CARTESIAN_POINT('',(-3.,-11.49066664678,9.641814145298));
#4182 = VECTOR('',#4183,1.);
#4183 = DIRECTION('',(1.,0.,0.));
#4184 = PCURVE('',#3259,#4185);
#4185 = DEFINITIONAL_REPRESENTATION('',(#4186),#4189);
#4186 = B_SPLINE_CURVE_WITH_KNOTS('',1,(#4187,#4188),.UNSPECIFIED.,.F.,
  .F.,(2,2),(0.9999994,16.9000006),.PIECEWISE_BEZIER_KNOTS.);
#4187 = CARTESIAN_POINT('',(0.872664625997,0.9999994));
#4188 = CARTESIAN_POINT('',(0.872664625997,16.9000006));
#4189 = ( GEOMETRIC_REPRESENTATION_CONTEXT(2) 
PARAMETRIC_REPRESENTATION_CONTEXT() REPRESENTATION_CONTEXT('2D SPACE',''
  ) );
#4190 = PCURVE('',#3570,#4191);
#4191 = DEFINITIONAL_REPRESENTATION('',(#4192),#4195);
#4192 = B_SPLINE_CURVE_WITH_KNOTS('',1,(#4193,#4194),.UNSPECIFIED.,.F.,
  .F.,(2,2),(0.9999994,16.9000006),.PIECEWISE_BEZIER_KNOTS.);
#4193 = CARTESIAN_POINT('',(15.,-0.9999994));
#4194 = CARTESIAN_POINT('',(15.,-16.9000006));
#4195 = ( GEOMETRIC_REPRESENTATION_CONTEXT(2) 
PARAMETRIC_REPRESENTATION_CONTEXT() REPRESENTATION_CONTEXT('2D SPACE',''
  ) );
#4196 = ORIENTED_EDGE('',*,*,#4061,.F.);
#4197 = ORIENTED_EDGE('',*,*,#3243,.F.);
#4198 = ORIENTED_EDGE('',*,*,#4199,.F.);
#4199 = EDGE_CURVE('',#3937,#3244,#4200,.T.);
#4200 = SURFACE_CURVE('',#4201,(#4206,#4213),.PCURVE_S1.);
#4201 = CIRCLE('',#4202,15.);
#4202 = AXIS2_PLACEMENT_3D('',#4203,#4204,#4205);
#4203 = CARTESIAN_POINT('',(13.6,0.,0.));
#4204 = DIRECTION('',(1.,0.,0.));
#4205 = DIRECTION('',(-0.,0.,1.));
#4206 = PCURVE('',#3259,#4207);
#4207 = DEFINITIONAL_REPRESENTATION('',(#4208),#4212);
#4208 = LINE('',#4209,#4210);
#4209 = CARTESIAN_POINT('',(0.,16.6));
#4210 = VECTOR('',#4211,1.);
#4211 = DIRECTION('',(1.,0.));
#4212 = ( GEOMETRIC_REPRESENTATION_CONTEXT(2) 
PARAMETRIC_REPRESENTATION_CONTEXT() REPRESENTATION_CONTEXT('2D SPACE',''
  ) );
#4213 = PCURVE('',#3286,#4214);
#4214 = DEFINITIONAL_REPRESENTATION('',(#4215),#4219);
#4215 = CIRCLE('',#4216,15.);
#4216 = AXIS2_PLACEMENT_2D('',#4217,#4218);
#4217 = CARTESIAN_POINT('',(0.,0.));
#4218 = DIRECTION('',(1.,0.));
#4219 = ( GEOMETRIC_REPRESENTATION_CONTEXT(2) 
PARAMETRIC_REPRESENTATION_CONTEXT() REPRESENTATION_CONTEXT('2D SPACE',''
  ) );
#4220 = ORIENTED_EDGE('',*,*,#3958,.T.);
#4221 = FACE_BOUND('',#4222,.F.);
#4222 = EDGE_LOOP('',(#4223));
#4223 = ORIENTED_EDGE('',*,*,#4224,.T.);
#4224 = EDGE_CURVE('',#4225,#4225,#4227,.T.);
#4225 = VERTEX_POINT('',#4226);
#4226 = CARTESIAN_POINT('',(1.9,-8.238693234492,12.534908607083));
#4227 = SURFACE_CURVE('',#4228,(#4280,#4335),.PCURVE_S1.);
#4228 = B_SPLINE_CURVE_WITH_KNOTS('',8,(#4229,#4230,#4231,#4232,#4233,
    #4234,#4235,#4236,#4237,#4238,#4239,#4240,#4241,#4242,#4243,#4244,
    #4245,#4246,#4247,#4248,#4249,#4250,#4251,#4252,#4253,#4254,#4255,
    #4256,#4257,#4258,#4259,#4260,#4261,#4262,#4263,#4264,#4265,#4266,
    #4267,#4268,#4269,#4270,#4271,#4272,#4273,#4274,#4275,#4276,#4277,
    #4278,#4279),.UNSPECIFIED.,.T.,.F.,(9,7,7,7,7,7,7,9),(0.,
    0.152584141292,0.285842708489,0.422123271155,0.588479527688,
    0.714356747273,0.838025140331,1.),.UNSPECIFIED.);
#4229 = CARTESIAN_POINT('',(1.9,-8.238693234492,12.534908607083));
#4230 = CARTESIAN_POINT('',(1.727239563955,-8.238693234492,
    12.534908607083));
#4231 = CARTESIAN_POINT('',(1.55453946419,-8.221313072023,12.54633176435
    ));
#4232 = CARTESIAN_POINT('',(1.383450273159,-8.186570154676,
    12.56916739996));
#4233 = CARTESIAN_POINT('',(1.215677362226,-8.134075920605,
    12.603475700917));
#4234 = CARTESIAN_POINT('',(1.053268189128,-8.063140651901,
    12.649326990086));
#4235 = CARTESIAN_POINT('',(0.89881244247,-7.972847076987,
    12.706702682718));
#4236 = CARTESIAN_POINT('',(0.755721436506,-7.86216920227,
    12.775367106422));
#4237 = CARTESIAN_POINT('',(0.517678720952,-7.614969386406,
    12.924021241164));
#4238 = CARTESIAN_POINT('',(0.415569165059,-7.480010372785,
    13.003571427794));
#4239 = CARTESIAN_POINT('',(0.330530192147,-7.326965705596,
    13.091461337224));
#4240 = CARTESIAN_POINT('',(0.268695237292,-7.159088378843,
    13.184752859665));
#4241 = CARTESIAN_POINT('',(0.234115836264,-6.980975651386,
    13.279949736856));
#4242 = CARTESIAN_POINT('',(0.228705262491,-6.798135130188,
    13.373727364664));
#4243 = CARTESIAN_POINT('',(0.252158652585,-6.616497298989,
    13.463262194579));
#4244 = CARTESIAN_POINT('',(0.35264352326,-6.262928275408,
    13.631394403008));
#4245 = CARTESIAN_POINT('',(0.42936439014,-6.096633205422,
    13.707166563633));
#4246 = CARTESIAN_POINT('',(0.527139353303,-5.945219869498,
    13.773446983605));
#4247 = CARTESIAN_POINT('',(0.641732635691,-5.810247396377,
    13.830496833491));
#4248 = CARTESIAN_POINT('',(0.769351397532,-5.692641561945,
    13.878785481878));
#4249 = CARTESIAN_POINT('',(0.906551792056,-5.592809332033,
    13.918848106917));
#4250 = CARTESIAN_POINT('',(1.050201165011,-5.510692368572,
    13.951240794275));
#4251 = CARTESIAN_POINT('',(1.377226576531,-5.366590280175,
    14.007388614138));
#4252 = CARTESIAN_POINT('',(1.564447576116,-5.312133872434,
    14.028016047238));
#4253 = CARTESIAN_POINT('',(1.75609692012,-5.281742846902,14.03932712374
    ));
#4254 = CARTESIAN_POINT('',(1.949813185256,-5.275150006692,
    14.041752771896));
#4255 = CARTESIAN_POINT('',(2.143301946954,-5.292406606687,
    14.035359797384));
#4256 = CARTESIAN_POINT('',(2.334054304211,-5.333757381784,
    14.019897622171));
#4257 = CARTESIAN_POINT('',(2.519148022481,-5.399499978045,
    13.994814124107));
#4258 = CARTESIAN_POINT('',(2.827875395137,-5.55818764241,13.93240628708
    ));
#4259 = CARTESIAN_POINT('',(2.957021997931,-5.641400658902,
    13.899238986701));
#4260 = CARTESIAN_POINT('',(3.07984592145,-5.739775701728,
    13.859327971314));
#4261 = CARTESIAN_POINT('',(3.193672854564,-5.853231797177,
    13.812245203361));
#4262 = CARTESIAN_POINT('',(3.295638020538,-5.98129473464,
    13.757604462512));
#4263 = CARTESIAN_POINT('',(3.382665325687,-6.123073577517,
    13.69510018065));
#4264 = CARTESIAN_POINT('',(3.45141209331,-6.27719848724,13.624608508119
    ));
#4265 = CARTESIAN_POINT('',(3.544091992118,-6.603304707085,
    13.469535650295));
#4266 = CARTESIAN_POINT('',(3.567763779506,-6.771314948698,
    13.38693954848));
#4267 = CARTESIAN_POINT('',(3.566741912202,-6.941063108404,
    13.300383158168));
#4268 = CARTESIAN_POINT('',(3.540486640395,-7.107606910708,
    13.212158806219));
#4269 = CARTESIAN_POINT('',(3.490274220387,-7.266254444005,
    13.125007621555));
#4270 = CARTESIAN_POINT('',(3.419140334841,-7.412982173647,
    13.041805905478));
#4271 = CARTESIAN_POINT('',(3.331847615495,-7.544753088514,
    12.965129737093));
#4272 = CARTESIAN_POINT('',(3.107871997556,-7.810361091365,
    12.807378577582));
#4273 = CARTESIAN_POINT('',(2.960517064138,-7.936640197409,
    12.72965863507));
#4274 = CARTESIAN_POINT('',(2.798950348436,-8.03947003286,
    12.664610838473));
#4275 = CARTESIAN_POINT('',(2.627547035201,-8.120090912391,
    12.612612261368));
#4276 = CARTESIAN_POINT('',(2.449611118123,-8.179643711911,
    12.573720354522));
#4277 = CARTESIAN_POINT('',(2.267707415397,-8.219002657311,
    12.547850134159));
#4278 = CARTESIAN_POINT('',(2.083879728,-8.238693234492,12.534908607083)
  );
#4279 = CARTESIAN_POINT('',(1.9,-8.238693234492,12.534908607083));
#4280 = PCURVE('',#3259,#4281);
#4281 = DEFINITIONAL_REPRESENTATION('',(#4282),#4334);
#4282 = B_SPLINE_CURVE_WITH_KNOTS('',8,(#4283,#4284,#4285,#4286,#4287,
    #4288,#4289,#4290,#4291,#4292,#4293,#4294,#4295,#4296,#4297,#4298,
    #4299,#4300,#4301,#4302,#4303,#4304,#4305,#4306,#4307,#4308,#4309,
    #4310,#4311,#4312,#4313,#4314,#4315,#4316,#4317,#4318,#4319,#4320,
    #4321,#4322,#4323,#4324,#4325,#4326,#4327,#4328,#4329,#4330,#4331,
    #4332,#4333),.UNSPECIFIED.,.T.,.F.,(9,7,7,7,7,7,7,9),(0.,
    0.152584141292,0.285842708489,0.422123271155,0.588479527688,
    0.714356747273,0.838025140331,1.),.UNSPECIFIED.);
#4283 = CARTESIAN_POINT('',(0.581461948026,4.9));
#4284 = CARTESIAN_POINT('',(0.581461948026,4.727239563955));
#4285 = CARTESIAN_POINT('',(0.580075411467,4.55453946419));
#4286 = CARTESIAN_POINT('',(0.577303701096,4.383450273159));
#4287 = CARTESIAN_POINT('',(0.573122963329,4.215677362226));
#4288 = CARTESIAN_POINT('',(0.567492193837,4.053268189128));
#4289 = CARTESIAN_POINT('',(0.560360653445,3.89881244247));
#4290 = CARTESIAN_POINT('',(0.551678326929,3.755721436506));
#4291 = CARTESIAN_POINT('',(0.53244804979,3.517678720952));
#4292 = CARTESIAN_POINT('',(0.522004495578,3.415569165059));
#4293 = CARTESIAN_POINT('',(0.510240036433,3.330530192147));
#4294 = CARTESIAN_POINT('',(0.497438896219,3.268695237292));
#4295 = CARTESIAN_POINT('',(0.483978908546,3.234115836264));
#4296 = CARTESIAN_POINT('',(0.470282663422,3.228705262491));
#4297 = CARTESIAN_POINT('',(0.456783589426,3.252158652585));
#4298 = CARTESIAN_POINT('',(0.430682972665,3.352643523259));
#4299 = CARTESIAN_POINT('',(0.418501650512,3.42936439014));
#4300 = CARTESIAN_POINT('',(0.407484525099,3.527139353303));
#4301 = CARTESIAN_POINT('',(0.397716815405,3.641732635691));
#4302 = CARTESIAN_POINT('',(0.389241804295,3.769351397532));
#4303 = CARTESIAN_POINT('',(0.382070642336,3.906551792056));
#4304 = CARTESIAN_POINT('',(0.376185687616,4.050201165011));
#4305 = CARTESIAN_POINT('',(0.365875392965,4.377226576531));
#4306 = CARTESIAN_POINT('',(0.361993416179,4.564447576115));
#4307 = CARTESIAN_POINT('',(0.359831554743,4.75609692012));
#4308 = CARTESIAN_POINT('',(0.359363191925,4.949813185256));
#4309 = CARTESIAN_POINT('',(0.360590092229,5.143301946954));
#4310 = CARTESIAN_POINT('',(0.363533218967,5.334054304211));
#4311 = CARTESIAN_POINT('',(0.368223994412,5.519148022481));
#4312 = CARTESIAN_POINT('',(0.37959188544,5.827875395137));
#4313 = CARTESIAN_POINT('',(0.385563787148,5.957021997931));
#4314 = CARTESIAN_POINT('',(0.392641070855,6.07984592145));
#4315 = CARTESIAN_POINT('',(0.400829698007,6.193672854564));
#4316 = CARTESIAN_POINT('',(0.410110801483,6.295638020538));
#4317 = CARTESIAN_POINT('',(0.42043897947,6.382665325687));
#4318 = CARTESIAN_POINT('',(0.431736405814,6.45141209331));
#4319 = CARTESIAN_POINT('',(0.455809706641,6.544091992118));
#4320 = CARTESIAN_POINT('',(0.468289674853,6.567763779506));
#4321 = CARTESIAN_POINT('',(0.480990193174,6.566741912202));
#4322 = CARTESIAN_POINT('',(0.493551823888,6.540486640395));
#4323 = CARTESIAN_POINT('',(0.505616717989,6.490274220387));
#4324 = CARTESIAN_POINT('',(0.51686062977,6.419140334841));
#4325 = CARTESIAN_POINT('',(0.527023941275,6.331847615495));
#4326 = CARTESIAN_POINT('',(0.547618766893,6.107871997556));
#4327 = CARTESIAN_POINT('',(0.557502833776,5.960517064138));
#4328 = CARTESIAN_POINT('',(0.565613843534,5.798950348436));
#4329 = CARTESIAN_POINT('',(0.572009298527,5.627547035201));
#4330 = CARTESIAN_POINT('',(0.576751114176,5.449611118123));
#4331 = CARTESIAN_POINT('',(0.579891098248,5.267707415397));
#4332 = CARTESIAN_POINT('',(0.581461948026,5.083879728));
#4333 = CARTESIAN_POINT('',(0.581461948026,4.9));
#4334 = ( GEOMETRIC_REPRESENTATION_CONTEXT(2) 
PARAMETRIC_REPRESENTATION_CONTEXT() REPRESENTATION_CONTEXT('2D SPACE',''
  ) );
#4335 = PCURVE('',#3704,#4336);
#4336 = DEFINITIONAL_REPRESENTATION('',(#4337),#4389);
#4337 = B_SPLINE_CURVE_WITH_KNOTS('',8,(#4338,#4339,#4340,#4341,#4342,
    #4343,#4344,#4345,#4346,#4347,#4348,#4349,#4350,#4351,#4352,#4353,
    #4354,#4355,#4356,#4357,#4358,#4359,#4360,#4361,#4362,#4363,#4364,
    #4365,#4366,#4367,#4368,#4369,#4370,#4371,#4372,#4373,#4374,#4375,
    #4376,#4377,#4378,#4379,#4380,#4381,#4382,#4383,#4384,#4385,#4386,
    #4387,#4388),.UNSPECIFIED.,.F.,.F.,(9,7,7,7,7,7,7,9),(0.,
    0.152584141292,0.285842708489,0.422123271155,0.588479527688,
    0.714356747273,0.838025140331,1.),.UNSPECIFIED.);
#4338 = CARTESIAN_POINT('',(0.,3.291026192256));
#4339 = CARTESIAN_POINT('',(0.104703294573,3.291026192256));
#4340 = CARTESIAN_POINT('',(0.209369479935,3.288738513249));
#4341 = CARTESIAN_POINT('',(0.314810879172,3.284164767346));
#4342 = CARTESIAN_POINT('',(0.421731580709,3.277427730918));
#4343 = CARTESIAN_POINT('',(0.5308558437,3.268777871215));
#4344 = CARTESIAN_POINT('',(0.642942839931,3.258648179948));
#4345 = CARTESIAN_POINT('',(0.758829838935,3.247714434101));
#4346 = CARTESIAN_POINT('',(0.985160059914,3.227488998138));
#4347 = CARTESIAN_POINT('',(1.097625629442,3.217879372888));
#4348 = CARTESIAN_POINT('',(1.21457840675,3.209049715115));
#4349 = CARTESIAN_POINT('',(1.334459900441,3.202141071436));
#4350 = CARTESIAN_POINT('',(1.456143017564,3.198181518925));
#4351 = CARTESIAN_POINT('',(1.57865511096,3.197632900317));
#4352 = CARTESIAN_POINT('',(1.701055026073,3.200318632478));
#4353 = CARTESIAN_POINT('',(1.945938009918,3.211028715549));
#4354 = CARTESIAN_POINT('',(2.06467421458,3.219011608008));
#4355 = CARTESIAN_POINT('',(2.179159343601,3.228695537431));
#4356 = CARTESIAN_POINT('',(2.289917746839,3.239139969501));
#4357 = CARTESIAN_POINT('',(2.397332879157,3.24950640029));
#4358 = CARTESIAN_POINT('',(2.501682447391,3.259133223953));
#4359 = CARTESIAN_POINT('',(2.603131710162,3.267551449459));
#4360 = CARTESIAN_POINT('',(2.82217602207,3.282944354767));
#4361 = CARTESIAN_POINT('',(2.939782028803,3.289287869062));
#4362 = CARTESIAN_POINT('',(3.055849111407,3.293006862972));
#4363 = CARTESIAN_POINT('',(3.171345098027,3.293838681462));
#4364 = CARTESIAN_POINT('',(3.287119355409,3.291700531005));
#4365 = CARTESIAN_POINT('',(3.403970546859,3.286704570948));
#4366 = CARTESIAN_POINT('',(3.522700477803,3.27920761724));
#4367 = CARTESIAN_POINT('',(3.736218761802,3.262770715145));
#4368 = CARTESIAN_POINT('',(3.830851748522,3.25454507723));
#4369 = CARTESIAN_POINT('',(3.928151996671,3.245444717473));
#4370 = CARTESIAN_POINT('',(4.028204234572,3.235887781424));
#4371 = CARTESIAN_POINT('',(4.131187371354,3.22643368103));
#4372 = CARTESIAN_POINT('',(4.237369549814,3.217759156228));
#4373 = CARTESIAN_POINT('',(4.34713088949,3.210596451567));
#4374 = CARTESIAN_POINT('',(4.572993051727,3.200718253898));
#4375 = CARTESIAN_POINT('',(4.686448317978,3.198036865936));
#4376 = CARTESIAN_POINT('',(4.800285107969,3.198095122559));
#4377 = CARTESIAN_POINT('',(4.913601487685,3.201094291702));
#4378 = CARTESIAN_POINT('',(5.025508445233,3.206722092904));
#4379 = CARTESIAN_POINT('',(5.134990750901,3.214242369447));
#4380 = CARTESIAN_POINT('',(5.24072296908,3.222738592235));
#4381 = CARTESIAN_POINT('',(5.471662412051,3.242712394609));
#4382 = CARTESIAN_POINT('',(5.596624388309,3.254631855987));
#4383 = CARTESIAN_POINT('',(5.716999875742,3.265906098755));
#4384 = CARTESIAN_POINT('',(5.83381788385,3.275636056816));
#4385 = CARTESIAN_POINT('',(5.94797702023,3.283252594339));
#4386 = CARTESIAN_POINT('',(6.060332939025,3.288434542173));
#4387 = CARTESIAN_POINT('',(6.171743047786,3.291026192256));
#4388 = CARTESIAN_POINT('',(6.28318530718,3.291026192256));
#4389 = ( GEOMETRIC_REPRESENTATION_CONTEXT(2) 
PARAMETRIC_REPRESENTATION_CONTEXT() REPRESENTATION_CONTEXT('2D SPACE',''
  ) );
#4390 = FACE_BOUND('',#4391,.F.);
#4391 = EDGE_LOOP('',(#4392));
#4392 = ORIENTED_EDGE('',*,*,#4393,.T.);
#4393 = EDGE_CURVE('',#4394,#4394,#4396,.T.);
#4394 = VERTEX_POINT('',#4395);
#4395 = CARTESIAN_POINT('',(8.3,-8.238693234492,12.534908607083));
#4396 = SURFACE_CURVE('',#4397,(#4449,#4504),.PCURVE_S1.);
#4397 = B_SPLINE_CURVE_WITH_KNOTS('',8,(#4398,#4399,#4400,#4401,#4402,
    #4403,#4404,#4405,#4406,#4407,#4408,#4409,#4410,#4411,#4412,#4413,
    #4414,#4415,#4416,#4417,#4418,#4419,#4420,#4421,#4422,#4423,#4424,
    #4425,#4426,#4427,#4428,#4429,#4430,#4431,#4432,#4433,#4434,#4435,
    #4436,#4437,#4438,#4439,#4440,#4441,#4442,#4443,#4444,#4445,#4446,
    #4447,#4448),.UNSPECIFIED.,.T.,.F.,(9,7,7,7,7,7,7,9),(0.,
    0.152584141306,0.285842708515,0.422123271186,0.588479527717,
    0.714356747296,0.838025140344,1.),.UNSPECIFIED.);
#4398 = CARTESIAN_POINT('',(8.3,-8.238693234492,12.534908607083));
#4399 = CARTESIAN_POINT('',(8.127239563955,-8.238693234492,
    12.534908607083));
#4400 = CARTESIAN_POINT('',(7.95453946419,-8.221313072023,12.54633176435
    ));
#4401 = CARTESIAN_POINT('',(7.783450273159,-8.186570154676,
    12.56916739996));
#4402 = CARTESIAN_POINT('',(7.615677362226,-8.134075920605,
    12.603475700917));
#4403 = CARTESIAN_POINT('',(7.453268189127,-8.063140651901,
    12.649326990086));
#4404 = CARTESIAN_POINT('',(7.29881244247,-7.972847076987,
    12.706702682718));
#4405 = CARTESIAN_POINT('',(7.155721436506,-7.86216920227,
    12.775367106422));
#4406 = CARTESIAN_POINT('',(6.917678720952,-7.614969386406,
    12.924021241164));
#4407 = CARTESIAN_POINT('',(6.815569165059,-7.480010372785,
    13.003571427795));
#4408 = CARTESIAN_POINT('',(6.730530192147,-7.326965705597,
    13.091461337224));
#4409 = CARTESIAN_POINT('',(6.668695237292,-7.159088378842,
    13.184752859666));
#4410 = CARTESIAN_POINT('',(6.634115836264,-6.980975651387,
    13.279949736856));
#4411 = CARTESIAN_POINT('',(6.628705262492,-6.798135130188,
    13.373727364664));
#4412 = CARTESIAN_POINT('',(6.652158652585,-6.616497298989,
    13.463262194579));
#4413 = CARTESIAN_POINT('',(6.752643523257,-6.262928275417,
    13.631394403004));
#4414 = CARTESIAN_POINT('',(6.829364390137,-6.096633205425,
    13.707166563632));
#4415 = CARTESIAN_POINT('',(6.927139353304,-5.945219869494,
    13.773446983607));
#4416 = CARTESIAN_POINT('',(7.041732635697,-5.810247396371,
    13.830496833493));
#4417 = CARTESIAN_POINT('',(7.169351397538,-5.692641561943,
    13.878785481879));
#4418 = CARTESIAN_POINT('',(7.306551792055,-5.592809332036,
    13.918848106915));
#4419 = CARTESIAN_POINT('',(7.450201165002,-5.510692368576,
    13.951240794273));
#4420 = CARTESIAN_POINT('',(7.777226576533,-5.366590280174,
    14.007388614138));
#4421 = CARTESIAN_POINT('',(7.964447576119,-5.312133872433,
    14.028016047238));
#4422 = CARTESIAN_POINT('',(8.156096920123,-5.281742846903,
    14.03932712374));
#4423 = CARTESIAN_POINT('',(8.349813185257,-5.275150006692,
    14.041752771895));
#4424 = CARTESIAN_POINT('',(8.543301946952,-5.292406606687,
    14.035359797384));
#4425 = CARTESIAN_POINT('',(8.734054304207,-5.333757381783,
    14.019897622171));
#4426 = CARTESIAN_POINT('',(8.919148022478,-5.399499978044,
    13.994814124108));
#4427 = CARTESIAN_POINT('',(9.227875395133,-5.558187642408,
    13.93240628708));
#4428 = CARTESIAN_POINT('',(9.357021997931,-5.641400658901,
    13.899238986702));
#4429 = CARTESIAN_POINT('',(9.479845921453,-5.73977570173,
    13.859327971313));
#4430 = CARTESIAN_POINT('',(9.593672854567,-5.85323179718,13.81224520336
    ));
#4431 = CARTESIAN_POINT('',(9.695638020538,-5.981294734642,
    13.757604462511));
#4432 = CARTESIAN_POINT('',(9.782665325685,-6.123073577516,
    13.695100180651));
#4433 = CARTESIAN_POINT('',(9.851412093309,-6.277198487236,
    13.624608508121));
#4434 = CARTESIAN_POINT('',(9.944091992118,-6.603304707085,
    13.469535650295));
#4435 = CARTESIAN_POINT('',(9.967763779506,-6.771314948698,
    13.38693954848));
#4436 = CARTESIAN_POINT('',(9.966741912203,-6.941063108404,
    13.300383158168));
#4437 = CARTESIAN_POINT('',(9.940486640395,-7.107606910708,
    13.212158806219));
#4438 = CARTESIAN_POINT('',(9.890274220387,-7.266254444005,
    13.125007621555));
#4439 = CARTESIAN_POINT('',(9.819140334841,-7.412982173647,
    13.041805905478));
#4440 = CARTESIAN_POINT('',(9.731847615495,-7.544753088514,
    12.965129737093));
#4441 = CARTESIAN_POINT('',(9.507871997556,-7.810361091365,
    12.807378577582));
#4442 = CARTESIAN_POINT('',(9.360517064138,-7.936640197409,
    12.72965863507));
#4443 = CARTESIAN_POINT('',(9.198950348436,-8.03947003286,
    12.664610838473));
#4444 = CARTESIAN_POINT('',(9.027547035201,-8.120090912391,
    12.612612261368));
#4445 = CARTESIAN_POINT('',(8.849611118123,-8.179643711911,
    12.573720354522));
#4446 = CARTESIAN_POINT('',(8.667707415397,-8.219002657311,
    12.547850134159));
#4447 = CARTESIAN_POINT('',(8.483879728,-8.238693234492,12.534908607083)
  );
#4448 = CARTESIAN_POINT('',(8.3,-8.238693234492,12.534908607083));
#4449 = PCURVE('',#3259,#4450);
#4450 = DEFINITIONAL_REPRESENTATION('',(#4451),#4503);
#4451 = B_SPLINE_CURVE_WITH_KNOTS('',8,(#4452,#4453,#4454,#4455,#4456,
    #4457,#4458,#4459,#4460,#4461,#4462,#4463,#4464,#4465,#4466,#4467,
    #4468,#4469,#4470,#4471,#4472,#4473,#4474,#4475,#4476,#4477,#4478,
    #4479,#4480,#4481,#4482,#4483,#4484,#4485,#4486,#4487,#4488,#4489,
    #4490,#4491,#4492,#4493,#4494,#4495,#4496,#4497,#4498,#4499,#4500,
    #4501,#4502),.UNSPECIFIED.,.T.,.F.,(9,7,7,7,7,7,7,9),(0.,
    0.152584141306,0.285842708515,0.422123271186,0.588479527717,
    0.714356747296,0.838025140344,1.),.UNSPECIFIED.);
#4452 = CARTESIAN_POINT('',(0.581461948026,11.3));
#4453 = CARTESIAN_POINT('',(0.581461948026,11.127239563955));
#4454 = CARTESIAN_POINT('',(0.580075411467,10.95453946419));
#4455 = CARTESIAN_POINT('',(0.577303701096,10.783450273159));
#4456 = CARTESIAN_POINT('',(0.573122963329,10.615677362226));
#4457 = CARTESIAN_POINT('',(0.567492193837,10.453268189127));
#4458 = CARTESIAN_POINT('',(0.560360653445,10.29881244247));
#4459 = CARTESIAN_POINT('',(0.551678326929,10.155721436506));
#4460 = CARTESIAN_POINT('',(0.53244804979,9.917678720952));
#4461 = CARTESIAN_POINT('',(0.522004495578,9.815569165059));
#4462 = CARTESIAN_POINT('',(0.510240036433,9.730530192147));
#4463 = CARTESIAN_POINT('',(0.497438896219,9.668695237292));
#4464 = CARTESIAN_POINT('',(0.483978908546,9.634115836264));
#4465 = CARTESIAN_POINT('',(0.470282663422,9.628705262492));
#4466 = CARTESIAN_POINT('',(0.456783589426,9.652158652585));
#4467 = CARTESIAN_POINT('',(0.430682972665,9.752643523257));
#4468 = CARTESIAN_POINT('',(0.418501650512,9.829364390137));
#4469 = CARTESIAN_POINT('',(0.407484525098,9.927139353304));
#4470 = CARTESIAN_POINT('',(0.397716815405,10.041732635697));
#4471 = CARTESIAN_POINT('',(0.389241804295,10.169351397538));
#4472 = CARTESIAN_POINT('',(0.382070642337,10.306551792055));
#4473 = CARTESIAN_POINT('',(0.376185687617,10.450201165002));
#4474 = CARTESIAN_POINT('',(0.365875392965,10.777226576533));
#4475 = CARTESIAN_POINT('',(0.361993416179,10.964447576119));
#4476 = CARTESIAN_POINT('',(0.359831554743,11.156096920123));
#4477 = CARTESIAN_POINT('',(0.359363191925,11.349813185257));
#4478 = CARTESIAN_POINT('',(0.360590092229,11.543301946952));
#4479 = CARTESIAN_POINT('',(0.363533218967,11.734054304207));
#4480 = CARTESIAN_POINT('',(0.368223994412,11.919148022478));
#4481 = CARTESIAN_POINT('',(0.37959188544,12.227875395133));
#4482 = CARTESIAN_POINT('',(0.385563787148,12.357021997931));
#4483 = CARTESIAN_POINT('',(0.392641070855,12.479845921453));
#4484 = CARTESIAN_POINT('',(0.400829698007,12.593672854567));
#4485 = CARTESIAN_POINT('',(0.410110801483,12.695638020538));
#4486 = CARTESIAN_POINT('',(0.42043897947,12.782665325685));
#4487 = CARTESIAN_POINT('',(0.431736405814,12.851412093309));
#4488 = CARTESIAN_POINT('',(0.455809706641,12.944091992118));
#4489 = CARTESIAN_POINT('',(0.468289674853,12.967763779506));
#4490 = CARTESIAN_POINT('',(0.480990193174,12.966741912203));
#4491 = CARTESIAN_POINT('',(0.493551823888,12.940486640395));
#4492 = CARTESIAN_POINT('',(0.505616717989,12.890274220387));
#4493 = CARTESIAN_POINT('',(0.51686062977,12.819140334841));
#4494 = CARTESIAN_POINT('',(0.527023941275,12.731847615495));
#4495 = CARTESIAN_POINT('',(0.547618766893,12.507871997556));
#4496 = CARTESIAN_POINT('',(0.557502833776,12.360517064138));
#4497 = CARTESIAN_POINT('',(0.565613843534,12.198950348436));
#4498 = CARTESIAN_POINT('',(0.572009298527,12.027547035201));
#4499 = CARTESIAN_POINT('',(0.576751114177,11.849611118123));
#4500 = CARTESIAN_POINT('',(0.579891098248,11.667707415397));
#4501 = CARTESIAN_POINT('',(0.581461948026,11.483879728));
#4502 = CARTESIAN_POINT('',(0.581461948026,11.3));
#4503 = ( GEOMETRIC_REPRESENTATION_CONTEXT(2) 
PARAMETRIC_REPRESENTATION_CONTEXT() REPRESENTATION_CONTEXT('2D SPACE',''
  ) );
#4504 = PCURVE('',#3857,#4505);
#4505 = DEFINITIONAL_REPRESENTATION('',(#4506),#4558);
#4506 = B_SPLINE_CURVE_WITH_KNOTS('',8,(#4507,#4508,#4509,#4510,#4511,
    #4512,#4513,#4514,#4515,#4516,#4517,#4518,#4519,#4520,#4521,#4522,
    #4523,#4524,#4525,#4526,#4527,#4528,#4529,#4530,#4531,#4532,#4533,
    #4534,#4535,#4536,#4537,#4538,#4539,#4540,#4541,#4542,#4543,#4544,
    #4545,#4546,#4547,#4548,#4549,#4550,#4551,#4552,#4553,#4554,#4555,
    #4556,#4557),.UNSPECIFIED.,.F.,.F.,(9,7,7,7,7,7,7,9),(0.,
    0.152584141306,0.285842708515,0.422123271186,0.588479527717,
    0.714356747296,0.838025140344,1.),.UNSPECIFIED.);
#4507 = CARTESIAN_POINT('',(0.,3.291026192256));
#4508 = CARTESIAN_POINT('',(0.104703294573,3.291026192256));
#4509 = CARTESIAN_POINT('',(0.209369479936,3.288738513249));
#4510 = CARTESIAN_POINT('',(0.314810879172,3.284164767346));
#4511 = CARTESIAN_POINT('',(0.421731580709,3.277427730918));
#4512 = CARTESIAN_POINT('',(0.5308558437,3.268777871215));
#4513 = CARTESIAN_POINT('',(0.642942839931,3.258648179948));
#4514 = CARTESIAN_POINT('',(0.758829838935,3.247714434101));
#4515 = CARTESIAN_POINT('',(0.985160059914,3.227488998138));
#4516 = CARTESIAN_POINT('',(1.097625629442,3.217879372888));
#4517 = CARTESIAN_POINT('',(1.214578406749,3.209049715115));
#4518 = CARTESIAN_POINT('',(1.334459900443,3.202141071436));
#4519 = CARTESIAN_POINT('',(1.456143017563,3.198181518925));
#4520 = CARTESIAN_POINT('',(1.57865511096,3.197632900317));
#4521 = CARTESIAN_POINT('',(1.701055026073,3.200318632478));
#4522 = CARTESIAN_POINT('',(1.945938009912,3.211028715549));
#4523 = CARTESIAN_POINT('',(2.064674214577,3.219011608007));
#4524 = CARTESIAN_POINT('',(2.179159343603,3.228695537431));
#4525 = CARTESIAN_POINT('',(2.289917746844,3.239139969502));
#4526 = CARTESIAN_POINT('',(2.39733287916,3.249506400291));
#4527 = CARTESIAN_POINT('',(2.501682447389,3.259133223953));
#4528 = CARTESIAN_POINT('',(2.603131710156,3.267551449459));
#4529 = CARTESIAN_POINT('',(2.822176022072,3.282944354767));
#4530 = CARTESIAN_POINT('',(2.939782028805,3.289287869063));
#4531 = CARTESIAN_POINT('',(3.055849111408,3.293006862972));
#4532 = CARTESIAN_POINT('',(3.171345098027,3.293838681462));
#4533 = CARTESIAN_POINT('',(3.287119355408,3.291700531005));
#4534 = CARTESIAN_POINT('',(3.403970546857,3.286704570948));
#4535 = CARTESIAN_POINT('',(3.522700477801,3.279207617241));
#4536 = CARTESIAN_POINT('',(3.736218761799,3.262770715145));
#4537 = CARTESIAN_POINT('',(3.830851748521,3.25454507723));
#4538 = CARTESIAN_POINT('',(3.928151996672,3.245444717473));
#4539 = CARTESIAN_POINT('',(4.028204234574,3.235887781424));
#4540 = CARTESIAN_POINT('',(4.131187371355,3.22643368103));
#4541 = CARTESIAN_POINT('',(4.237369549813,3.217759156228));
#4542 = CARTESIAN_POINT('',(4.347130889487,3.210596451567));
#4543 = CARTESIAN_POINT('',(4.572993051727,3.200718253898));
#4544 = CARTESIAN_POINT('',(4.686448317978,3.198036865936));
#4545 = CARTESIAN_POINT('',(4.800285107969,3.198095122559));
#4546 = CARTESIAN_POINT('',(4.913601487685,3.201094291702));
#4547 = CARTESIAN_POINT('',(5.025508445233,3.206722092904));
#4548 = CARTESIAN_POINT('',(5.134990750901,3.214242369447));
#4549 = CARTESIAN_POINT('',(5.24072296908,3.222738592235));
#4550 = CARTESIAN_POINT('',(5.471662412051,3.242712394609));
#4551 = CARTESIAN_POINT('',(5.596624388309,3.254631855987));
#4552 = CARTESIAN_POINT('',(5.716999875742,3.265906098755));
#4553 = CARTESIAN_POINT('',(5.83381788385,3.275636056816));
#4554 = CARTESIAN_POINT('',(5.94797702023,3.283252594339));
#4555 = CARTESIAN_POINT('',(6.060332939025,3.288434542173));
#4556 = CARTESIAN_POINT('',(6.171743047786,3.291026192256));
#4557 = CARTESIAN_POINT('',(6.28318530718,3.291026192256));
#4558 = ( GEOMETRIC_REPRESENTATION_CONTEXT(2) 
PARAMETRIC_REPRESENTATION_CONTEXT() REPRESENTATION_CONTEXT('2D SPACE',''
  ) );
#4559 = ADVANCED_FACE('',(#4560),#3286,.F.);
#4560 = FACE_BOUND('',#4561,.F.);
#4561 = EDGE_LOOP('',(#4562,#4563,#4564,#4565));
#4562 = ORIENTED_EDGE('',*,*,#4035,.F.);
#4563 = ORIENTED_EDGE('',*,*,#3936,.T.);
#4564 = ORIENTED_EDGE('',*,*,#4199,.T.);
#4565 = ORIENTED_EDGE('',*,*,#3270,.T.);
#4566 = ADVANCED_FACE('',(#4567),#3371,.F.);
#4567 = FACE_BOUND('',#4568,.F.);
#4568 = EDGE_LOOP('',(#4569,#4570,#4591,#4592));
#4569 = ORIENTED_EDGE('',*,*,#3413,.F.);
#4570 = ORIENTED_EDGE('',*,*,#4571,.F.);
#4571 = EDGE_CURVE('',#3355,#3414,#4572,.T.);
#4572 = SEAM_CURVE('',#4573,(#4577,#4584),.PCURVE_S1.);
#4573 = LINE('',#4574,#4575);
#4574 = CARTESIAN_POINT('',(71.4,5.265981236334E-16,2.15));
#4575 = VECTOR('',#4576,1.);
#4576 = DIRECTION('',(1.,0.,0.));
#4577 = PCURVE('',#3371,#4578);
#4578 = DEFINITIONAL_REPRESENTATION('',(#4579),#4583);
#4579 = LINE('',#4580,#4581);
#4580 = CARTESIAN_POINT('',(6.28318530718,-0.));
#4581 = VECTOR('',#4582,1.);
#4582 = DIRECTION('',(0.,1.));
#4583 = ( GEOMETRIC_REPRESENTATION_CONTEXT(2) 
PARAMETRIC_REPRESENTATION_CONTEXT() REPRESENTATION_CONTEXT('2D SPACE',''
  ) );
#4584 = PCURVE('',#3371,#4585);
#4585 = DEFINITIONAL_REPRESENTATION('',(#4586),#4590);
#4586 = LINE('',#4587,#4588);
#4587 = CARTESIAN_POINT('',(0.,-0.));
#4588 = VECTOR('',#4589,1.);
#4589 = DIRECTION('',(0.,1.));
#4590 = ( GEOMETRIC_REPRESENTATION_CONTEXT(2) 
PARAMETRIC_REPRESENTATION_CONTEXT() REPRESENTATION_CONTEXT('2D SPACE',''
  ) );
#4591 = ORIENTED_EDGE('',*,*,#3354,.T.);
#4592 = ORIENTED_EDGE('',*,*,#4571,.T.);
#4593 = ADVANCED_FACE('',(#4594),#3488,.T.);
#4594 = FACE_BOUND('',#4595,.T.);
#4595 = EDGE_LOOP('',(#4596,#4597,#4616,#4617));
#4596 = ORIENTED_EDGE('',*,*,#4109,.F.);
#4597 = ORIENTED_EDGE('',*,*,#4598,.T.);
#4598 = EDGE_CURVE('',#4110,#3472,#4599,.T.);
#4599 = SURFACE_CURVE('',#4600,(#4604,#4610),.PCURVE_S1.);
#4600 = LINE('',#4601,#4602);
#4601 = CARTESIAN_POINT('',(13.9,-0.76357966821,10.919697995478));
#4602 = VECTOR('',#4603,1.);
#4603 = DIRECTION('',(0.,-6.975647374413E-02,0.99756405026));
#4604 = PCURVE('',#3488,#4605);
#4605 = DEFINITIONAL_REPRESENTATION('',(#4606),#4609);
#4606 = B_SPLINE_CURVE_WITH_KNOTS('',1,(#4607,#4608),.UNSPECIFIED.,.F.,
  .F.,(2,2),(-10.94636278506,7.097591380401),.PIECEWISE_BEZIER_KNOTS.);
#4607 = CARTESIAN_POINT('',(-3.552713678801E-15,-3.330669073875E-16));
#4608 = CARTESIAN_POINT('',(18.,1.258682614983));
#4609 = ( GEOMETRIC_REPRESENTATION_CONTEXT(2) 
PARAMETRIC_REPRESENTATION_CONTEXT() REPRESENTATION_CONTEXT('2D SPACE',''
  ) );
#4610 = PCURVE('',#3515,#4611);
#4611 = DEFINITIONAL_REPRESENTATION('',(#4612),#4615);
#4612 = B_SPLINE_CURVE_WITH_KNOTS('',1,(#4613,#4614),.UNSPECIFIED.,.F.,
  .F.,(2,2),(-10.94636278506,7.097591380401),.PIECEWISE_BEZIER_KNOTS.);
#4613 = CARTESIAN_POINT('',(21.892725570121,-16.9));
#4614 = CARTESIAN_POINT('',(3.84877140466,-16.9));
#4615 = ( GEOMETRIC_REPRESENTATION_CONTEXT(2) 
PARAMETRIC_REPRESENTATION_CONTEXT() REPRESENTATION_CONTEXT('2D SPACE',''
  ) );
#4616 = ORIENTED_EDGE('',*,*,#3471,.T.);
#4617 = ORIENTED_EDGE('',*,*,#3980,.T.);
#4618 = ADVANCED_FACE('',(#4619),#3515,.T.);
#4619 = FACE_BOUND('',#4620,.T.);
#4620 = EDGE_LOOP('',(#4621,#4640,#4641,#4642));
#4621 = ORIENTED_EDGE('',*,*,#4622,.T.);
#4622 = EDGE_CURVE('',#4134,#3501,#4623,.T.);
#4623 = SURFACE_CURVE('',#4624,(#4628,#4634),.PCURVE_S1.);
#4624 = LINE('',#4625,#4626);
#4625 = CARTESIAN_POINT('',(-2.,-0.76357966821,10.919697995478));
#4626 = VECTOR('',#4627,1.);
#4627 = DIRECTION('',(0.,-6.975647374413E-02,0.99756405026));
#4628 = PCURVE('',#3515,#4629);
#4629 = DEFINITIONAL_REPRESENTATION('',(#4630),#4633);
#4630 = B_SPLINE_CURVE_WITH_KNOTS('',1,(#4631,#4632),.UNSPECIFIED.,.F.,
  .F.,(2,2),(-10.94636278506,7.097591380401),.PIECEWISE_BEZIER_KNOTS.);
#4631 = CARTESIAN_POINT('',(21.892725570121,-1.));
#4632 = CARTESIAN_POINT('',(3.84877140466,-1.));
#4633 = ( GEOMETRIC_REPRESENTATION_CONTEXT(2) 
PARAMETRIC_REPRESENTATION_CONTEXT() REPRESENTATION_CONTEXT('2D SPACE',''
  ) );
#4634 = PCURVE('',#3543,#4635);
#4635 = DEFINITIONAL_REPRESENTATION('',(#4636),#4639);
#4636 = B_SPLINE_CURVE_WITH_KNOTS('',1,(#4637,#4638),.UNSPECIFIED.,.F.,
  .F.,(2,2),(-10.94636278506,7.097591380401),.PIECEWISE_BEZIER_KNOTS.);
#4637 = CARTESIAN_POINT('',(-3.552713678801E-15,-3.330669073875E-16));
#4638 = CARTESIAN_POINT('',(18.,1.258682614983));
#4639 = ( GEOMETRIC_REPRESENTATION_CONTEXT(2) 
PARAMETRIC_REPRESENTATION_CONTEXT() REPRESENTATION_CONTEXT('2D SPACE',''
  ) );
#4640 = ORIENTED_EDGE('',*,*,#3500,.T.);
#4641 = ORIENTED_EDGE('',*,*,#4598,.F.);
#4642 = ORIENTED_EDGE('',*,*,#4133,.F.);
#4643 = ADVANCED_FACE('',(#4644),#3570,.T.);
#4644 = FACE_BOUND('',#4645,.T.);
#4645 = EDGE_LOOP('',(#4646,#4647,#4666,#4667));
#4646 = ORIENTED_EDGE('',*,*,#3555,.F.);
#4647 = ORIENTED_EDGE('',*,*,#4648,.T.);
#4648 = EDGE_CURVE('',#3527,#4155,#4649,.T.);
#4649 = SURFACE_CURVE('',#4650,(#4654,#4660),.PCURVE_S1.);
#4650 = LINE('',#4651,#4652);
#4651 = CARTESIAN_POINT('',(-2.,0.,0.));
#4652 = VECTOR('',#4653,1.);
#4653 = DIRECTION('',(0.,0.766044443119,-0.642787609687));
#4654 = PCURVE('',#3570,#4655);
#4655 = DEFINITIONAL_REPRESENTATION('',(#4656),#4659);
#4656 = B_SPLINE_CURVE_WITH_KNOTS('',1,(#4657,#4658),.UNSPECIFIED.,.F.,
  .F.,(2,2),(-21.89272557012,-0.),.PIECEWISE_BEZIER_KNOTS.);
#4657 = CARTESIAN_POINT('',(21.892725570121,-1.));
#4658 = CARTESIAN_POINT('',(0.,-1.));
#4659 = ( GEOMETRIC_REPRESENTATION_CONTEXT(2) 
PARAMETRIC_REPRESENTATION_CONTEXT() REPRESENTATION_CONTEXT('2D SPACE',''
  ) );
#4660 = PCURVE('',#3543,#4661);
#4661 = DEFINITIONAL_REPRESENTATION('',(#4662),#4665);
#4662 = B_SPLINE_CURVE_WITH_KNOTS('',1,(#4663,#4664),.UNSPECIFIED.,.F.,
  .F.,(2,2),(-21.89272557012,-0.),.PIECEWISE_BEZIER_KNOTS.);
#4663 = CARTESIAN_POINT('',(14.072372738741,16.77080076772));
#4664 = CARTESIAN_POINT('',(0.,0.));
#4665 = ( GEOMETRIC_REPRESENTATION_CONTEXT(2) 
PARAMETRIC_REPRESENTATION_CONTEXT() REPRESENTATION_CONTEXT('2D SPACE',''
  ) );
#4666 = ORIENTED_EDGE('',*,*,#4178,.T.);
#4667 = ORIENTED_EDGE('',*,*,#4087,.F.);
#4668 = ADVANCED_FACE('',(#4669),#3543,.F.);
#4669 = FACE_BOUND('',#4670,.F.);
#4670 = EDGE_LOOP('',(#4671,#4672,#4673,#4674));
#4671 = ORIENTED_EDGE('',*,*,#4622,.T.);
#4672 = ORIENTED_EDGE('',*,*,#3526,.T.);
#4673 = ORIENTED_EDGE('',*,*,#4648,.T.);
#4674 = ORIENTED_EDGE('',*,*,#4154,.F.);
#4675 = ADVANCED_FACE('',(#4676),#3704,.F.);
#4676 = FACE_BOUND('',#4677,.F.);
#4677 = EDGE_LOOP('',(#4678,#4679,#4700,#4701));
#4678 = ORIENTED_EDGE('',*,*,#4224,.F.);
#4679 = ORIENTED_EDGE('',*,*,#4680,.F.);
#4680 = EDGE_CURVE('',#3607,#4225,#4681,.T.);
#4681 = SEAM_CURVE('',#4682,(#4686,#4693),.PCURVE_S1.);
#4682 = LINE('',#4683,#4684);
#4683 = CARTESIAN_POINT('',(1.9,-9.732787860171,15.467234415658));
#4684 = VECTOR('',#4685,1.);
#4685 = DIRECTION('',(0.,0.45399049974,-0.891006524188));
#4686 = PCURVE('',#3704,#4687);
#4687 = DEFINITIONAL_REPRESENTATION('',(#4688),#4692);
#4688 = LINE('',#4689,#4690);
#4689 = CARTESIAN_POINT('',(6.28318530718,-0.));
#4690 = VECTOR('',#4691,1.);
#4691 = DIRECTION('',(0.,1.));
#4692 = ( GEOMETRIC_REPRESENTATION_CONTEXT(2) 
PARAMETRIC_REPRESENTATION_CONTEXT() REPRESENTATION_CONTEXT('2D SPACE',''
  ) );
#4693 = PCURVE('',#3704,#4694);
#4694 = DEFINITIONAL_REPRESENTATION('',(#4695),#4699);
#4695 = LINE('',#4696,#4697);
#4696 = CARTESIAN_POINT('',(0.,-0.));
#4697 = VECTOR('',#4698,1.);
#4698 = DIRECTION('',(0.,1.));
#4699 = ( GEOMETRIC_REPRESENTATION_CONTEXT(2) 
PARAMETRIC_REPRESENTATION_CONTEXT() REPRESENTATION_CONTEXT('2D SPACE',''
  ) );
#4700 = ORIENTED_EDGE('',*,*,#3606,.T.);
#4701 = ORIENTED_EDGE('',*,*,#4680,.T.);
#4702 = ADVANCED_FACE('',(#4703),#3857,.F.);
#4703 = FACE_BOUND('',#4704,.F.);
#4704 = EDGE_LOOP('',(#4705,#4706,#4727,#4728));
#4705 = ORIENTED_EDGE('',*,*,#4393,.F.);
#4706 = ORIENTED_EDGE('',*,*,#4707,.F.);
#4707 = EDGE_CURVE('',#3760,#4394,#4708,.T.);
#4708 = SEAM_CURVE('',#4709,(#4713,#4720),.PCURVE_S1.);
#4709 = LINE('',#4710,#4711);
#4710 = CARTESIAN_POINT('',(8.3,-9.732787860171,15.467234415658));
#4711 = VECTOR('',#4712,1.);
#4712 = DIRECTION('',(0.,0.45399049974,-0.891006524188));
#4713 = PCURVE('',#3857,#4714);
#4714 = DEFINITIONAL_REPRESENTATION('',(#4715),#4719);
#4715 = LINE('',#4716,#4717);
#4716 = CARTESIAN_POINT('',(6.28318530718,-0.));
#4717 = VECTOR('',#4718,1.);
#4718 = DIRECTION('',(0.,1.));
#4719 = ( GEOMETRIC_REPRESENTATION_CONTEXT(2) 
PARAMETRIC_REPRESENTATION_CONTEXT() REPRESENTATION_CONTEXT('2D SPACE',''
  ) );
#4720 = PCURVE('',#3857,#4721);
#4721 = DEFINITIONAL_REPRESENTATION('',(#4722),#4726);
#4722 = LINE('',#4723,#4724);
#4723 = CARTESIAN_POINT('',(0.,-0.));
#4724 = VECTOR('',#4725,1.);
#4725 = DIRECTION('',(0.,1.));
#4726 = ( GEOMETRIC_REPRESENTATION_CONTEXT(2) 
PARAMETRIC_REPRESENTATION_CONTEXT() REPRESENTATION_CONTEXT('2D SPACE',''
  ) );
#4727 = ORIENTED_EDGE('',*,*,#3759,.T.);
#4728 = ORIENTED_EDGE('',*,*,#4707,.T.);
#4729 = ( GEOMETRIC_REPRESENTATION_CONTEXT(3) 
GLOBAL_UNCERTAINTY_ASSIGNED_CONTEXT((#4733)) 
GLOBAL_UNIT_ASSIGNED_CONTEXT((#4730,#4731,#4732)) REPRESENTATION_CONTEXT
('Context #1','3D Context with UNIT and UNCERTAINTY') );
#4730 = ( LENGTH_UNIT() NAMED_UNIT(*) SI_UNIT(.MILLI.,.METRE.) );
#4731 = ( NAMED_UNIT(*) PLANE_ANGLE_UNIT() SI_UNIT($,.RADIAN.) );
#4732 = ( NAMED_UNIT(*) SI_UNIT($,.STERADIAN.) SOLID_ANGLE_UNIT() );
#4733 = UNCERTAINTY_MEASURE_WITH_UNIT(LENGTH_MEASURE(2.E-06),#4730,
  'distance_accuracy_value','confusion accuracy');
#4734 = PRODUCT_RELATED_PRODUCT_CATEGORY('part',$,(#7));
ENDSEC;
END-ISO-10303-21;
