ISO-10303-21;
HEADER;
FILE_DESCRIPTION(('Open CASCADE Model'),'2;1');
FILE_NAME('Open CASCADE Shape Model','2026-09-30T02:35:12',('Author'),(
    'Open CASCADE'),'Open CASCADE STEP processor 7.9','Open CASCADE 7.9'
  ,'Unknown');
FILE_SCHEMA(('AUTOMOTIVE_DESIGN { 1 0 10303 214 1 1 1 1 }'));
ENDSEC;
DATA;
#1 = APPLICATION_PROTOCOL_DEFINITION('international standard',
  'automotive_design',2000,#2);
#2 = APPLICATION_CONTEXT(
  'core data for automotive mechanical design processes');
#3 = SHAPE_DEFINITION_REPRESENTATION(#4,#10);
#4 = PRODUCT_DEFINITION_SHAPE('','',#5);
#5 = PRODUCT_DEFINITION('design','',#6,#9);
#6 = PRODUCT_DEFINITION_FORMATION('','',#7);
#7 = PRODUCT('Open CASCADE STEP translator 7.9 7',
  'Open CASCADE STEP translator 7.9 7','',(#8));
#8 = PRODUCT_CONTEXT('',#2,'mechanical');
#9 = PRODUCT_DEFINITION_CONTEXT('part definition',#2,'design');
#10 = ADVANCED_BREP_SHAPE_REPRESENTATION('',(#11,#15),#5904);
#11 = AXIS2_PLACEMENT_3D('',#12,#13,#14);
#12 = CARTESIAN_POINT('',(0.,0.,0.));
#13 = DIRECTION('',(0.,0.,1.));
#14 = DIRECTION('',(1.,0.,-0.));
#15 = MANIFOLD_SOLID_BREP('',#16);
#16 = CLOSED_SHELL('',(#17,#137,#471,#550,#631,#707,#737,#1375,#1428,
    #1483,#1513,#1538,#1619,#1644,#1718,#1743,#2029,#2061,#2092,#2397,
    #2478,#2531,#2585,#2638,#2697,#2777,#2851,#2878,#2905,#2932,#2959,
    #2986,#3020,#3096,#3149,#3203,#3256,#3310,#3360,#3413,#3573,#3604,
    #3635,#3702,#3709,#3783,#3831,#3858,#3864,#3896,#3921,#3969,#4024,
    #4049,#4128,#4176,#4203,#4253,#4278,#4331,#4379,#4406,#4480,#4507,
    #4557,#4582,#4630,#4657,#4705,#4840,#4889,#4992,#5019,#5025,#5031,
    #5058,#5065,#5203,#5261,#5288,#5315,#5348,#5375,#5382,#5409,#5464,
    #5471,#5606,#5655,#5753,#5780,#5807,#5811,#5838,#5845,#5900));
#17 = ADVANCED_FACE('',(#18),#32,.F.);
#18 = FACE_BOUND('',#19,.F.);
#19 = EDGE_LOOP('',(#20,#55,#83,#111));
#20 = ORIENTED_EDGE('',*,*,#21,.F.);
#21 = EDGE_CURVE('',#22,#24,#26,.T.);
#22 = VERTEX_POINT('',#23);
#23 = CARTESIAN_POINT('',(-34.5,3.,-83.));
#24 = VERTEX_POINT('',#25);
#25 = CARTESIAN_POINT('',(-34.5,3.,-49.6));
#26 = SURFACE_CURVE('',#27,(#31,#43),.PCURVE_S1.);
#27 = LINE('',#28,#29);
#28 = CARTESIAN_POINT('',(-34.5,3.,-84.));
#29 = VECTOR('',#30,1.);
#30 = DIRECTION('',(0.,0.,1.));
#31 = PCURVE('',#32,#37);
#32 = PLANE('',#33);
#33 = AXIS2_PLACEMENT_3D('',#34,#35,#36);
#34 = CARTESIAN_POINT('',(-34.5,2.,-84.));
#35 = DIRECTION('',(1.,0.,0.));
#36 = DIRECTION('',(0.,0.,1.));
#37 = DEFINITIONAL_REPRESENTATION('',(#38),#42);
#38 = LINE('',#39,#40);
#39 = CARTESIAN_POINT('',(0.,-1.));
#40 = VECTOR('',#41,1.);
#41 = DIRECTION('',(1.,0.));
#42 = ( GEOMETRIC_REPRESENTATION_CONTEXT(2) 
PARAMETRIC_REPRESENTATION_CONTEXT() REPRESENTATION_CONTEXT('2D SPACE',''
  ) );
#43 = PCURVE('',#44,#49);
#44 = CYLINDRICAL_SURFACE('',#45,1.);
#45 = AXIS2_PLACEMENT_3D('',#46,#47,#48);
#46 = CARTESIAN_POINT('',(-33.5,3.,-84.));
#47 = DIRECTION('',(0.,0.,1.));
#48 = DIRECTION('',(-1.,-0.,0.));
#49 = DEFINITIONAL_REPRESENTATION('',(#50),#54);
#50 = LINE('',#51,#52);
#51 = CARTESIAN_POINT('',(0.,0.));
#52 = VECTOR('',#53,1.);
#53 = DIRECTION('',(0.,1.));
#54 = ( GEOMETRIC_REPRESENTATION_CONTEXT(2) 
PARAMETRIC_REPRESENTATION_CONTEXT() REPRESENTATION_CONTEXT('2D SPACE',''
  ) );
#55 = ORIENTED_EDGE('',*,*,#56,.T.);
#56 = EDGE_CURVE('',#22,#57,#59,.T.);
#57 = VERTEX_POINT('',#58);
#58 = CARTESIAN_POINT('',(-34.5,5.,-83.));
#59 = SURFACE_CURVE('',#60,(#64,#71),.PCURVE_S1.);
#60 = LINE('',#61,#62);
#61 = CARTESIAN_POINT('',(-34.5,2.,-83.));
#62 = VECTOR('',#63,1.);
#63 = DIRECTION('',(0.,1.,0.));
#64 = PCURVE('',#32,#65);
#65 = DEFINITIONAL_REPRESENTATION('',(#66),#70);
#66 = LINE('',#67,#68);
#67 = CARTESIAN_POINT('',(1.,0.));
#68 = VECTOR('',#69,1.);
#69 = DIRECTION('',(0.,-1.));
#70 = ( GEOMETRIC_REPRESENTATION_CONTEXT(2) 
PARAMETRIC_REPRESENTATION_CONTEXT() REPRESENTATION_CONTEXT('2D SPACE',''
  ) );
#71 = PCURVE('',#72,#77);
#72 = CYLINDRICAL_SURFACE('',#73,1.);
#73 = AXIS2_PLACEMENT_3D('',#74,#75,#76);
#74 = CARTESIAN_POINT('',(-33.5,2.,-83.));
#75 = DIRECTION('',(0.,1.,0.));
#76 = DIRECTION('',(-1.,0.,0.));
#77 = DEFINITIONAL_REPRESENTATION('',(#78),#82);
#78 = LINE('',#79,#80);
#79 = CARTESIAN_POINT('',(-0.,0.));
#80 = VECTOR('',#81,1.);
#81 = DIRECTION('',(-0.,1.));
#82 = ( GEOMETRIC_REPRESENTATION_CONTEXT(2) 
PARAMETRIC_REPRESENTATION_CONTEXT() REPRESENTATION_CONTEXT('2D SPACE',''
  ) );
#83 = ORIENTED_EDGE('',*,*,#84,.T.);
#84 = EDGE_CURVE('',#57,#85,#87,.T.);
#85 = VERTEX_POINT('',#86);
#86 = CARTESIAN_POINT('',(-34.5,5.,-49.6));
#87 = SURFACE_CURVE('',#88,(#92,#99),.PCURVE_S1.);
#88 = LINE('',#89,#90);
#89 = CARTESIAN_POINT('',(-34.5,5.,-84.));
#90 = VECTOR('',#91,1.);
#91 = DIRECTION('',(0.,0.,1.));
#92 = PCURVE('',#32,#93);
#93 = DEFINITIONAL_REPRESENTATION('',(#94),#98);
#94 = LINE('',#95,#96);
#95 = CARTESIAN_POINT('',(0.,-3.));
#96 = VECTOR('',#97,1.);
#97 = DIRECTION('',(1.,0.));
#98 = ( GEOMETRIC_REPRESENTATION_CONTEXT(2) 
PARAMETRIC_REPRESENTATION_CONTEXT() REPRESENTATION_CONTEXT('2D SPACE',''
  ) );
#99 = PCURVE('',#100,#105);
#100 = CYLINDRICAL_SURFACE('',#101,1.);
#101 = AXIS2_PLACEMENT_3D('',#102,#103,#104);
#102 = CARTESIAN_POINT('',(-33.5,5.,-84.));
#103 = DIRECTION('',(0.,0.,1.));
#104 = DIRECTION('',(-1.,-0.,0.));
#105 = DEFINITIONAL_REPRESENTATION('',(#106),#110);
#106 = LINE('',#107,#108);
#107 = CARTESIAN_POINT('',(-0.,0.));
#108 = VECTOR('',#109,1.);
#109 = DIRECTION('',(-0.,1.));
#110 = ( GEOMETRIC_REPRESENTATION_CONTEXT(2) 
PARAMETRIC_REPRESENTATION_CONTEXT() REPRESENTATION_CONTEXT('2D SPACE',''
  ) );
#111 = ORIENTED_EDGE('',*,*,#112,.F.);
#112 = EDGE_CURVE('',#24,#85,#113,.T.);
#113 = SURFACE_CURVE('',#114,(#118,#125),.PCURVE_S1.);
#114 = LINE('',#115,#116);
#115 = CARTESIAN_POINT('',(-34.5,2.,-49.6));
#116 = VECTOR('',#117,1.);
#117 = DIRECTION('',(0.,1.,0.));
#118 = PCURVE('',#32,#119);
#119 = DEFINITIONAL_REPRESENTATION('',(#120),#124);
#120 = LINE('',#121,#122);
#121 = CARTESIAN_POINT('',(34.4,0.));
#122 = VECTOR('',#123,1.);
#123 = DIRECTION('',(0.,-1.));
#124 = ( GEOMETRIC_REPRESENTATION_CONTEXT(2) 
PARAMETRIC_REPRESENTATION_CONTEXT() REPRESENTATION_CONTEXT('2D SPACE',''
  ) );
#125 = PCURVE('',#126,#131);
#126 = CYLINDRICAL_SURFACE('',#127,1.);
#127 = AXIS2_PLACEMENT_3D('',#128,#129,#130);
#128 = CARTESIAN_POINT('',(-33.5,2.,-49.6));
#129 = DIRECTION('',(0.,1.,0.));
#130 = DIRECTION('',(-1.,0.,0.));
#131 = DEFINITIONAL_REPRESENTATION('',(#132),#136);
#132 = LINE('',#133,#134);
#133 = CARTESIAN_POINT('',(0.,0.));
#134 = VECTOR('',#135,1.);
#135 = DIRECTION('',(0.,1.));
#136 = ( GEOMETRIC_REPRESENTATION_CONTEXT(2) 
PARAMETRIC_REPRESENTATION_CONTEXT() REPRESENTATION_CONTEXT('2D SPACE',''
  ) );
#137 = ADVANCED_FACE('',(#138),#44,.T.);
#138 = FACE_BOUND('',#139,.T.);
#139 = EDGE_LOOP('',(#140,#141,#170,#198,#262,#288,#421,#444));
#140 = ORIENTED_EDGE('',*,*,#21,.F.);
#141 = ORIENTED_EDGE('',*,*,#142,.T.);
#142 = EDGE_CURVE('',#22,#143,#145,.T.);
#143 = VERTEX_POINT('',#144);
#144 = CARTESIAN_POINT('',(-33.5,2.,-83.));
#145 = SURFACE_CURVE('',#146,(#151,#158),.PCURVE_S1.);
#146 = CIRCLE('',#147,1.);
#147 = AXIS2_PLACEMENT_3D('',#148,#149,#150);
#148 = CARTESIAN_POINT('',(-33.5,3.,-83.));
#149 = DIRECTION('',(0.,0.,1.));
#150 = DIRECTION('',(-1.,0.,0.));
#151 = PCURVE('',#44,#152);
#152 = DEFINITIONAL_REPRESENTATION('',(#153),#157);
#153 = LINE('',#154,#155);
#154 = CARTESIAN_POINT('',(0.,1.));
#155 = VECTOR('',#156,1.);
#156 = DIRECTION('',(1.,0.));
#157 = ( GEOMETRIC_REPRESENTATION_CONTEXT(2) 
PARAMETRIC_REPRESENTATION_CONTEXT() REPRESENTATION_CONTEXT('2D SPACE',''
  ) );
#158 = PCURVE('',#159,#164);
#159 = SPHERICAL_SURFACE('',#160,1.);
#160 = AXIS2_PLACEMENT_3D('',#161,#162,#163);
#161 = CARTESIAN_POINT('',(-33.5,3.,-83.));
#162 = DIRECTION('',(0.,0.,1.));
#163 = DIRECTION('',(-1.,0.,0.));
#164 = DEFINITIONAL_REPRESENTATION('',(#165),#169);
#165 = LINE('',#166,#167);
#166 = CARTESIAN_POINT('',(0.,0.));
#167 = VECTOR('',#168,1.);
#168 = DIRECTION('',(1.,0.));
#169 = ( GEOMETRIC_REPRESENTATION_CONTEXT(2) 
PARAMETRIC_REPRESENTATION_CONTEXT() REPRESENTATION_CONTEXT('2D SPACE',''
  ) );
#170 = ORIENTED_EDGE('',*,*,#171,.T.);
#171 = EDGE_CURVE('',#143,#172,#174,.T.);
#172 = VERTEX_POINT('',#173);
#173 = CARTESIAN_POINT('',(-33.5,2.,-72.));
#174 = SURFACE_CURVE('',#175,(#179,#186),.PCURVE_S1.);
#175 = LINE('',#176,#177);
#176 = CARTESIAN_POINT('',(-33.5,2.,-84.));
#177 = VECTOR('',#178,1.);
#178 = DIRECTION('',(0.,0.,1.));
#179 = PCURVE('',#44,#180);
#180 = DEFINITIONAL_REPRESENTATION('',(#181),#185);
#181 = LINE('',#182,#183);
#182 = CARTESIAN_POINT('',(1.570796326795,0.));
#183 = VECTOR('',#184,1.);
#184 = DIRECTION('',(0.,1.));
#185 = ( GEOMETRIC_REPRESENTATION_CONTEXT(2) 
PARAMETRIC_REPRESENTATION_CONTEXT() REPRESENTATION_CONTEXT('2D SPACE',''
  ) );
#186 = PCURVE('',#187,#192);
#187 = PLANE('',#188);
#188 = AXIS2_PLACEMENT_3D('',#189,#190,#191);
#189 = CARTESIAN_POINT('',(-34.5,2.,-84.));
#190 = DIRECTION('',(0.,1.,0.));
#191 = DIRECTION('',(0.,0.,1.));
#192 = DEFINITIONAL_REPRESENTATION('',(#193),#197);
#193 = LINE('',#194,#195);
#194 = CARTESIAN_POINT('',(0.,1.));
#195 = VECTOR('',#196,1.);
#196 = DIRECTION('',(1.,0.));
#197 = ( GEOMETRIC_REPRESENTATION_CONTEXT(2) 
PARAMETRIC_REPRESENTATION_CONTEXT() REPRESENTATION_CONTEXT('2D SPACE',''
  ) );
#198 = ORIENTED_EDGE('',*,*,#199,.F.);
#199 = EDGE_CURVE('',#200,#172,#202,.T.);
#200 = VERTEX_POINT('',#201);
#201 = CARTESIAN_POINT('',(-34.36602540378,2.5,-71.));
#202 = SURFACE_CURVE('',#203,(#224,#237),.PCURVE_S1.);
#203 = B_SPLINE_CURVE_WITH_KNOTS('',4,(#204,#205,#206,#207,#208,#209,
    #210,#211,#212,#213,#214,#215,#216,#217,#218,#219,#220,#221,#222,
    #223),.UNSPECIFIED.,.F.,.F.,(5,3,3,3,3,3,5),(0.,0.198678755862,
    0.370852402121,0.58079830201,0.688169895755,0.794245954092,1.),
  .UNSPECIFIED.);
#204 = CARTESIAN_POINT('',(-34.36602540378,2.5,-71.));
#205 = CARTESIAN_POINT('',(-34.36602540378,2.5,-71.07983127914));
#206 = CARTESIAN_POINT('',(-34.36114269864,2.491496178939,
    -71.15916148971));
#207 = CARTESIAN_POINT('',(-34.35140386686,2.474759588676,
    -71.23667764299));
#208 = CARTESIAN_POINT('',(-34.32307304082,2.431558227584,
    -71.37555372841));
#209 = CARTESIAN_POINT('',(-34.30584974119,2.4066768958,-71.43768821511)
  );
#210 = CARTESIAN_POINT('',(-34.28419262003,2.378160896423,-71.4967578829
    ));
#211 = CARTESIAN_POINT('',(-34.22550853244,2.310015389826,
    -71.62013225696));
#212 = CARTESIAN_POINT('',(-34.18617472747,2.269307807986,
    -71.68272439876));
#213 = CARTESIAN_POINT('',(-34.13908310984,2.22791321396,-71.73936806312
    ));
#214 = CARTESIAN_POINT('',(-34.05639472617,2.168366824812,
    -71.81481165431));
#215 = CARTESIAN_POINT('',(-34.02642955584,2.148740472195,
    -71.83857632883));
#216 = CARTESIAN_POINT('',(-33.99451028737,2.129997513622,-71.8604654271
    ));
#217 = CARTESIAN_POINT('',(-33.92744853861,2.095180767582,
    -71.90001374994));
#218 = CARTESIAN_POINT('',(-33.89234994365,2.079075936651,
    -71.91772157188));
#219 = CARTESIAN_POINT('',(-33.85561796127,2.064505113771,
    -71.93336561003));
#220 = CARTESIAN_POINT('',(-33.7436001787,2.026997174987,-71.97297937177
    ));
#221 = CARTESIAN_POINT('',(-33.66447425363,2.009036171041,
    -71.99097711591));
#222 = CARTESIAN_POINT('',(-33.58221450462,1.999993340866,
    -72.00000232806));
#223 = CARTESIAN_POINT('',(-33.5,2.,-72.));
#224 = PCURVE('',#44,#225);
#225 = DEFINITIONAL_REPRESENTATION('',(#226),#236);
#226 = B_SPLINE_CURVE_WITH_KNOTS('',8,(#227,#228,#229,#230,#231,#232,
    #233,#234,#235),.UNSPECIFIED.,.F.,.F.,(9,9),(0.,1.),
  .PIECEWISE_BEZIER_KNOTS.);
#227 = CARTESIAN_POINT('',(0.523598775598,13.));
#228 = CARTESIAN_POINT('',(0.523598775598,12.799094576574));
#229 = CARTESIAN_POINT('',(0.576586485791,12.601099654998));
#230 = CARTESIAN_POINT('',(0.682453762982,12.415636143262));
#231 = CARTESIAN_POINT('',(0.821666552251,12.266791318405));
#232 = CARTESIAN_POINT('',(0.983102403169,12.13652212677));
#233 = CARTESIAN_POINT('',(1.171210183925,12.045706627998));
#234 = CARTESIAN_POINT('',(1.371008020669,11.999994342612));
#235 = CARTESIAN_POINT('',(1.570796326795,12.));
#236 = ( GEOMETRIC_REPRESENTATION_CONTEXT(2) 
PARAMETRIC_REPRESENTATION_CONTEXT() REPRESENTATION_CONTEXT('2D SPACE',''
  ) );
#237 = PCURVE('',#238,#243);
#238 = SPHERICAL_SURFACE('',#239,1.);
#239 = AXIS2_PLACEMENT_3D('',#240,#241,#242);
#240 = CARTESIAN_POINT('',(-33.5,2.,-71.));
#241 = DIRECTION('',(0.,0.,1.));
#242 = DIRECTION('',(-1.,0.,0.));
#243 = DEFINITIONAL_REPRESENTATION('',(#244),#261);
#244 = B_SPLINE_CURVE_WITH_KNOTS('',8,(#245,#246,#247,#248,#249,#250,
    #251,#252,#253,#254,#255,#256,#257,#258,#259,#260),.UNSPECIFIED.,.F.
  ,.F.,(9,7,9),(0.,0.990000074646,1.),.UNSPECIFIED.);
#245 = CARTESIAN_POINT('',(-0.523598775598,0.));
#246 = CARTESIAN_POINT('',(-0.523598775598,-0.198896369192));
#247 = CARTESIAN_POINT('',(-0.497514021235,-0.394974296833));
#248 = CARTESIAN_POINT('',(-0.446265824403,-0.590481412389));
#249 = CARTESIAN_POINT('',(-0.376325503734,-0.775238639292));
#250 = CARTESIAN_POINT('',(-0.298985911441,-0.965412256069));
#251 = CARTESIAN_POINT('',(-0.204701839092,-1.159267312963));
#252 = CARTESIAN_POINT('',(-0.107136008192,-1.35701643327));
#253 = CARTESIAN_POINT('',(-6.937298992113E-03,-1.556810823851));
#254 = CARTESIAN_POINT('',(-5.935319379555E-03,-1.558808752843));
#255 = CARTESIAN_POINT('',(-4.933339766996E-03,-1.560806681835));
#256 = CARTESIAN_POINT('',(-3.931360154438E-03,-1.562804610827));
#257 = CARTESIAN_POINT('',(-2.929380541879E-03,-1.564802539819));
#258 = CARTESIAN_POINT('',(-1.927400929321E-03,-1.566800468811));
#259 = CARTESIAN_POINT('',(-9.254213167627E-04,-1.568798397803));
#260 = CARTESIAN_POINT('',(7.655829579561E-05,-1.570796326795));
#261 = ( GEOMETRIC_REPRESENTATION_CONTEXT(2) 
PARAMETRIC_REPRESENTATION_CONTEXT() REPRESENTATION_CONTEXT('2D SPACE',''
  ) );
#262 = ORIENTED_EDGE('',*,*,#263,.T.);
#263 = EDGE_CURVE('',#200,#264,#266,.T.);
#264 = VERTEX_POINT('',#265);
#265 = CARTESIAN_POINT('',(-34.36602540378,2.5,-56.));
#266 = SURFACE_CURVE('',#267,(#271,#277),.PCURVE_S1.);
#267 = LINE('',#268,#269);
#268 = CARTESIAN_POINT('',(-34.36602540378,2.5,-84.));
#269 = VECTOR('',#270,1.);
#270 = DIRECTION('',(0.,0.,1.));
#271 = PCURVE('',#44,#272);
#272 = DEFINITIONAL_REPRESENTATION('',(#273),#276);
#273 = B_SPLINE_CURVE_WITH_KNOTS('',1,(#274,#275),.UNSPECIFIED.,.F.,.F.,
  (2,2),(12.9999994,28.0000006),.PIECEWISE_BEZIER_KNOTS.);
#274 = CARTESIAN_POINT('',(0.523598775598,12.9999994));
#275 = CARTESIAN_POINT('',(0.523598775598,28.0000006));
#276 = ( GEOMETRIC_REPRESENTATION_CONTEXT(2) 
PARAMETRIC_REPRESENTATION_CONTEXT() REPRESENTATION_CONTEXT('2D SPACE',''
  ) );
#277 = PCURVE('',#278,#283);
#278 = CYLINDRICAL_SURFACE('',#279,1.);
#279 = AXIS2_PLACEMENT_3D('',#280,#281,#282);
#280 = CARTESIAN_POINT('',(-33.5,2.,-72.));
#281 = DIRECTION('',(0.,0.,1.));
#282 = DIRECTION('',(-1.,-0.,0.));
#283 = DEFINITIONAL_REPRESENTATION('',(#284),#287);
#284 = B_SPLINE_CURVE_WITH_KNOTS('',1,(#285,#286),.UNSPECIFIED.,.F.,.F.,
  (2,2),(12.9999994,28.0000006),.PIECEWISE_BEZIER_KNOTS.);
#285 = CARTESIAN_POINT('',(-0.523598775598,0.9999994));
#286 = CARTESIAN_POINT('',(-0.523598775598,16.0000006));
#287 = ( GEOMETRIC_REPRESENTATION_CONTEXT(2) 
PARAMETRIC_REPRESENTATION_CONTEXT() REPRESENTATION_CONTEXT('2D SPACE',''
  ) );
#288 = ORIENTED_EDGE('',*,*,#289,.F.);
#289 = EDGE_CURVE('',#290,#264,#292,.T.);
#290 = VERTEX_POINT('',#291);
#291 = CARTESIAN_POINT('',(-33.5,2.,-55.));
#292 = SURFACE_CURVE('',#293,(#332,#374),.PCURVE_S1.);
#293 = B_SPLINE_CURVE_WITH_KNOTS('',7,(#294,#295,#296,#297,#298,#299,
    #300,#301,#302,#303,#304,#305,#306,#307,#308,#309,#310,#311,#312,
    #313,#314,#315,#316,#317,#318,#319,#320,#321,#322,#323,#324,#325,
    #326,#327,#328,#329,#330,#331),.UNSPECIFIED.,.F.,.F.,(8,6,6,6,6,6,8)
  ,(0.,0.13439797582,0.275060922026,0.411886464507,0.53540267107,
    0.749667395528,1.),.UNSPECIFIED.);
#294 = CARTESIAN_POINT('',(-33.5,2.,-55.));
#295 = CARTESIAN_POINT('',(-33.53120691589,2.,-55.));
#296 = CARTESIAN_POINT('',(-33.56241542128,2.001136212694,-55.0011362564
    ));
#297 = CARTESIAN_POINT('',(-33.59352333889,2.003408732265,
    -55.00340869425));
#298 = CARTESIAN_POINT('',(-33.62443200369,2.006803725683,
    -55.00681182534));
#299 = CARTESIAN_POINT('',(-33.65504671144,2.011294289499,-55.0113349981
    ));
#300 = CARTESIAN_POINT('',(-33.68527716726,2.016841306654,
    -55.01696264757));
#301 = CARTESIAN_POINT('',(-33.74618600111,2.030252768258,
    -55.03069931862));
#302 = CARTESIAN_POINT('',(-33.77682205964,2.03821373037,-55.03891230058
    ));
#303 = CARTESIAN_POINT('',(-33.80684976504,2.047219801325,
    -55.04829057809));
#304 = CARTESIAN_POINT('',(-33.83618433776,2.057201600203,
    -55.05880701585));
#305 = CARTESIAN_POINT('',(-33.86475243215,2.068080072678,
    -55.07043108862));
#306 = CARTESIAN_POINT('',(-33.89249200531,2.079768810249,
    -55.08312971349));
#307 = CARTESIAN_POINT('',(-33.94547959819,2.104245440018,-55.1102316565
    ));
#308 = CARTESIAN_POINT('',(-33.97077540871,2.116994851941,
    -55.12457921468));
#309 = CARTESIAN_POINT('',(-33.99519426162,2.130341078212,-55.1398795191
    ));
#310 = CARTESIAN_POINT('',(-34.01870119281,2.144196601485,
    -55.15610022896));
#311 = CARTESIAN_POINT('',(-34.04127098817,2.158471532549,
    -55.17320859306));
#312 = CARTESIAN_POINT('',(-34.06288754187,2.173075228768,-55.1911721426
    ));
#313 = CARTESIAN_POINT('',(-34.10218966227,2.201316814234,
    -55.22691914711));
#314 = CARTESIAN_POINT('',(-34.1200525765,2.214910100533,-55.24454969416
    ));
#315 = CARTESIAN_POINT('',(-34.13712655852,2.228631841451,
    -55.26282810304));
#316 = CARTESIAN_POINT('',(-34.15341070215,2.242415820956,
    -55.28173112335));
#317 = CARTESIAN_POINT('',(-34.16890826165,2.256196200355,-55.3012354147
    ));
#318 = CARTESIAN_POINT('',(-34.18362631963,2.269908181683,
    -55.32131778498));
#319 = CARTESIAN_POINT('',(-34.2217731515,2.307046873738,-55.37775574326
    ));
#320 = CARTESIAN_POINT('',(-34.24365366457,2.330206084432,
    -55.41522209252));
#321 = CARTESIAN_POINT('',(-34.26327582961,2.352640406799,
    -55.45423953412));
#322 = CARTESIAN_POINT('',(-34.28071497133,2.374025494142,
    -55.49467956294));
#323 = CARTESIAN_POINT('',(-34.29606560424,2.394053316346,
    -55.53640040667));
#324 = CARTESIAN_POINT('',(-34.30943466959,2.412445382148,
    -55.57925072464));
#325 = CARTESIAN_POINT('',(-34.33435020488,2.448264154408,
    -55.67428006675));
#326 = CARTESIAN_POINT('',(-34.34521359793,2.465010659503,
    -55.72682458939));
#327 = CARTESIAN_POINT('',(-34.35366763486,2.478807454033,
    -55.78042355097));
#328 = CARTESIAN_POINT('',(-34.35987750955,2.489351475514,-55.8347958269
    ));
#329 = CARTESIAN_POINT('',(-34.3639772312,2.496452466108,-55.88968855259
    ));
#330 = CARTESIAN_POINT('',(-34.36602540378,2.5,-55.94485709199));
#331 = CARTESIAN_POINT('',(-34.36602540378,2.5,-56.));
#332 = PCURVE('',#44,#333);
#333 = DEFINITIONAL_REPRESENTATION('',(#334),#373);
#334 = B_SPLINE_CURVE_WITH_KNOTS('',7,(#335,#336,#337,#338,#339,#340,
    #341,#342,#343,#344,#345,#346,#347,#348,#349,#350,#351,#352,#353,
    #354,#355,#356,#357,#358,#359,#360,#361,#362,#363,#364,#365,#366,
    #367,#368,#369,#370,#371,#372),.UNSPECIFIED.,.F.,.F.,(8,6,6,6,6,6,8)
  ,(0.,0.13439797582,0.275060922026,0.411886464507,0.53540267107,
    0.749667395528,1.),.UNSPECIFIED.);
#335 = CARTESIAN_POINT('',(1.570796326795,29.));
#336 = CARTESIAN_POINT('',(1.5395894109,29.));
#337 = CARTESIAN_POINT('',(1.508380926103,28.998863743597));
#338 = CARTESIAN_POINT('',(1.477223328738,28.996591305742));
#339 = CARTESIAN_POINT('',(1.44616573003,28.993188174656));
#340 = CARTESIAN_POINT('',(1.415255410042,28.988665001896));
#341 = CARTESIAN_POINT('',(1.384539331607,28.983037352426));
#342 = CARTESIAN_POINT('',(1.322171444484,28.96930068138));
#343 = CARTESIAN_POINT('',(1.29054024656,28.961087699417));
#344 = CARTESIAN_POINT('',(1.259225265601,28.951709421905));
#345 = CARTESIAN_POINT('',(1.228275454646,28.941192984147));
#346 = CARTESIAN_POINT('',(1.197736558644,28.929568911377));
#347 = CARTESIAN_POINT('',(1.167652158421,28.916870286505));
#348 = CARTESIAN_POINT('',(1.109284441285,28.889768343494));
#349 = CARTESIAN_POINT('',(1.080973855583,28.875420785313));
#350 = CARTESIAN_POINT('',(1.053170059247,28.860120480894));
#351 = CARTESIAN_POINT('',(1.025908478802,28.843899771034));
#352 = CARTESIAN_POINT('',(0.999223110676,28.826791406936));
#353 = CARTESIAN_POINT('',(0.973146766289,28.808827857398));
#354 = CARTESIAN_POINT('',(0.924750032743,28.773080852884));
#355 = CARTESIAN_POINT('',(0.902311624887,28.755450305839));
#356 = CARTESIAN_POINT('',(0.880419121396,28.737171896958));
#357 = CARTESIAN_POINT('',(0.859096246004,28.718268876643));
#358 = CARTESIAN_POINT('',(0.838367189015,28.698764585294));
#359 = CARTESIAN_POINT('',(0.818256377967,28.678682215011));
#360 = CARTESIAN_POINT('',(0.765016700763,28.62224425674));
#361 = CARTESIAN_POINT('',(0.733183769527,28.584777907475));
#362 = CARTESIAN_POINT('',(0.703411729292,28.545760465876));
#363 = CARTESIAN_POINT('',(0.675842384716,28.505320437051));
#364 = CARTESIAN_POINT('',(0.650621969426,28.463599593326));
#365 = CARTESIAN_POINT('',(0.627889242934,28.420749275352));
#366 = CARTESIAN_POINT('',(0.584257049025,28.325719933243));
#367 = CARTESIAN_POINT('',(0.564306043729,28.273175410606));
#368 = CARTESIAN_POINT('',(0.548131076417,28.219576449026));
#369 = CARTESIAN_POINT('',(0.535894557606,28.165204173099));
#370 = CARTESIAN_POINT('',(0.527695131407,28.110311447404));
#371 = CARTESIAN_POINT('',(0.523598775598,28.055142908004));
#372 = CARTESIAN_POINT('',(0.523598775598,28.));
#373 = ( GEOMETRIC_REPRESENTATION_CONTEXT(2) 
PARAMETRIC_REPRESENTATION_CONTEXT() REPRESENTATION_CONTEXT('2D SPACE',''
  ) );
#374 = PCURVE('',#375,#380);
#375 = SPHERICAL_SURFACE('',#376,1.);
#376 = AXIS2_PLACEMENT_3D('',#377,#378,#379);
#377 = CARTESIAN_POINT('',(-33.5,2.,-56.));
#378 = DIRECTION('',(-0.,-1.,-0.));
#379 = DIRECTION('',(-1.,0.,0.));
#380 = DEFINITIONAL_REPRESENTATION('',(#381),#420);
#381 = B_SPLINE_CURVE_WITH_KNOTS('',7,(#382,#383,#384,#385,#386,#387,
    #388,#389,#390,#391,#392,#393,#394,#395,#396,#397,#398,#399,#400,
    #401,#402,#403,#404,#405,#406,#407,#408,#409,#410,#411,#412,#413,
    #414,#415,#416,#417,#418,#419),.UNSPECIFIED.,.F.,.F.,(8,6,6,6,6,6,8)
  ,(0.,0.13439797582,0.275060922026,0.411886464507,0.53540267107,
    0.749667395528,1.),.UNSPECIFIED.);
#382 = CARTESIAN_POINT('',(-1.570796326795,-1.7763568394E-15));
#383 = CARTESIAN_POINT('',(-1.5395894109,-1.7763568394E-15));
#384 = CARTESIAN_POINT('',(-1.508380867333,-1.136196308134E-03));
#385 = CARTESIAN_POINT('',(-1.477223366045,-3.408748927103E-03));
#386 = CARTESIAN_POINT('',(-1.446165805297,-6.803734633404E-03));
#387 = CARTESIAN_POINT('',(-1.415252368874,-1.129427212381E-02));
#388 = CARTESIAN_POINT('',(-1.38452158331,-1.684164716184E-02));
#389 = CARTESIAN_POINT('',(-1.322066651864,-3.025678027519E-02));
#390 = CARTESIAN_POINT('',(-1.290360431279,-3.822123418125E-02));
#391 = CARTESIAN_POINT('',(-1.258922042491,-4.723356523659E-02));
#392 = CARTESIAN_POINT('',(-1.227773043378,-5.722663482021E-02));
#393 = CARTESIAN_POINT('',(-1.196922050437,-6.812487979752E-02));
#394 = CARTESIAN_POINT('',(-1.166365568661,-7.984679242201E-02));
#395 = CARTESIAN_POINT('',(-1.106638049382,-0.104428072168));
#396 = CARTESIAN_POINT('',(-1.077451500234,-0.117247884808));
#397 = CARTESIAN_POINT('',(-1.048513960285,-0.130689061831));
#398 = CARTESIAN_POINT('',(-1.019799888921,-0.144671216248));
#399 = CARTESIAN_POINT('',(-0.991274719395,-0.159112366963));
#400 = CARTESIAN_POINT('',(-0.962896159593,-0.173929955323));
#401 = CARTESIAN_POINT('',(-0.909085751688,-0.202683798051));
#402 = CARTESIAN_POINT('',(-0.883636451538,-0.216565184387));
#403 = CARTESIAN_POINT('',(-0.858231399406,-0.230625669071));
#404 = CARTESIAN_POINT('',(-0.83283152635,-0.244804213138));
#405 = CARTESIAN_POINT('',(-0.807395674671,-0.259039212929));
#406 = CARTESIAN_POINT('',(-0.781881385149,-0.273268622758));
#407 = CARTESIAN_POINT('',(-0.71177519302,-0.311996086336));
#408 = CARTESIAN_POINT('',(-0.666945325733,-0.336354231036));
#409 = CARTESIAN_POINT('',(-0.621527307422,-0.360182191516));
#410 = CARTESIAN_POINT('',(-0.575309228358,-0.383142067675));
#411 = CARTESIAN_POINT('',(-0.528115458239,-0.404883776263));
#412 = CARTESIAN_POINT('',(-0.479831226589,-0.425059051173));
#413 = CARTESIAN_POINT('',(-0.372718041393,-0.464711352951));
#414 = CARTESIAN_POINT('',(-0.313471222412,-0.483503060942));
#415 = CARTESIAN_POINT('',(-0.252698876429,-0.499188519612));
#416 = CARTESIAN_POINT('',(-0.190551404155,-0.51130299823));
#417 = CARTESIAN_POINT('',(-0.127376456342,-0.519502419474));
#418 = CARTESIAN_POINT('',(-6.367354556019E-02,-0.523598775598));
#419 = CARTESIAN_POINT('',(0.,-0.523598775598));
#420 = ( GEOMETRIC_REPRESENTATION_CONTEXT(2) 
PARAMETRIC_REPRESENTATION_CONTEXT() REPRESENTATION_CONTEXT('2D SPACE',''
  ) );
#421 = ORIENTED_EDGE('',*,*,#422,.T.);
#422 = EDGE_CURVE('',#290,#423,#425,.T.);
#423 = VERTEX_POINT('',#424);
#424 = CARTESIAN_POINT('',(-33.5,2.,-49.6));
#425 = SURFACE_CURVE('',#426,(#430,#437),.PCURVE_S1.);
#426 = LINE('',#427,#428);
#427 = CARTESIAN_POINT('',(-33.5,2.,-84.));
#428 = VECTOR('',#429,1.);
#429 = DIRECTION('',(0.,0.,1.));
#430 = PCURVE('',#44,#431);
#431 = DEFINITIONAL_REPRESENTATION('',(#432),#436);
#432 = LINE('',#433,#434);
#433 = CARTESIAN_POINT('',(1.570796326795,0.));
#434 = VECTOR('',#435,1.);
#435 = DIRECTION('',(0.,1.));
#436 = ( GEOMETRIC_REPRESENTATION_CONTEXT(2) 
PARAMETRIC_REPRESENTATION_CONTEXT() REPRESENTATION_CONTEXT('2D SPACE',''
  ) );
#437 = PCURVE('',#187,#438);
#438 = DEFINITIONAL_REPRESENTATION('',(#439),#443);
#439 = LINE('',#440,#441);
#440 = CARTESIAN_POINT('',(0.,1.));
#441 = VECTOR('',#442,1.);
#442 = DIRECTION('',(1.,0.));
#443 = ( GEOMETRIC_REPRESENTATION_CONTEXT(2) 
PARAMETRIC_REPRESENTATION_CONTEXT() REPRESENTATION_CONTEXT('2D SPACE',''
  ) );
#444 = ORIENTED_EDGE('',*,*,#445,.F.);
#445 = EDGE_CURVE('',#24,#423,#446,.T.);
#446 = SURFACE_CURVE('',#447,(#452,#459),.PCURVE_S1.);
#447 = CIRCLE('',#448,1.);
#448 = AXIS2_PLACEMENT_3D('',#449,#450,#451);
#449 = CARTESIAN_POINT('',(-33.5,3.,-49.6));
#450 = DIRECTION('',(0.,0.,1.));
#451 = DIRECTION('',(-1.,0.,0.));
#452 = PCURVE('',#44,#453);
#453 = DEFINITIONAL_REPRESENTATION('',(#454),#458);
#454 = LINE('',#455,#456);
#455 = CARTESIAN_POINT('',(0.,34.4));
#456 = VECTOR('',#457,1.);
#457 = DIRECTION('',(1.,0.));
#458 = ( GEOMETRIC_REPRESENTATION_CONTEXT(2) 
PARAMETRIC_REPRESENTATION_CONTEXT() REPRESENTATION_CONTEXT('2D SPACE',''
  ) );
#459 = PCURVE('',#460,#465);
#460 = SPHERICAL_SURFACE('',#461,1.);
#461 = AXIS2_PLACEMENT_3D('',#462,#463,#464);
#462 = CARTESIAN_POINT('',(-33.5,3.,-49.6));
#463 = DIRECTION('',(-0.,-0.,-1.));
#464 = DIRECTION('',(-1.,0.,0.));
#465 = DEFINITIONAL_REPRESENTATION('',(#466),#470);
#466 = LINE('',#467,#468);
#467 = CARTESIAN_POINT('',(-0.,0.));
#468 = VECTOR('',#469,1.);
#469 = DIRECTION('',(-1.,0.));
#470 = ( GEOMETRIC_REPRESENTATION_CONTEXT(2) 
PARAMETRIC_REPRESENTATION_CONTEXT() REPRESENTATION_CONTEXT('2D SPACE',''
  ) );
#471 = ADVANCED_FACE('',(#472),#72,.T.);
#472 = FACE_BOUND('',#473,.F.);
#473 = EDGE_LOOP('',(#474,#496,#524,#549));
#474 = ORIENTED_EDGE('',*,*,#475,.F.);
#475 = EDGE_CURVE('',#476,#22,#478,.T.);
#476 = VERTEX_POINT('',#477);
#477 = CARTESIAN_POINT('',(-33.5,3.,-84.));
#478 = SURFACE_CURVE('',#479,(#484,#490),.PCURVE_S1.);
#479 = CIRCLE('',#480,1.);
#480 = AXIS2_PLACEMENT_3D('',#481,#482,#483);
#481 = CARTESIAN_POINT('',(-33.5,3.,-83.));
#482 = DIRECTION('',(0.,1.,-0.));
#483 = DIRECTION('',(-1.,0.,0.));
#484 = PCURVE('',#72,#485);
#485 = DEFINITIONAL_REPRESENTATION('',(#486),#489);
#486 = B_SPLINE_CURVE_WITH_KNOTS('',1,(#487,#488),.UNSPECIFIED.,.F.,.F.,
  (2,2),(4.712388980385,6.28318530718),.PIECEWISE_BEZIER_KNOTS.);
#487 = CARTESIAN_POINT('',(-1.570796326795,1.));
#488 = CARTESIAN_POINT('',(0.,1.));
#489 = ( GEOMETRIC_REPRESENTATION_CONTEXT(2) 
PARAMETRIC_REPRESENTATION_CONTEXT() REPRESENTATION_CONTEXT('2D SPACE',''
  ) );
#490 = PCURVE('',#159,#491);
#491 = DEFINITIONAL_REPRESENTATION('',(#492),#495);
#492 = B_SPLINE_CURVE_WITH_KNOTS('',1,(#493,#494),.UNSPECIFIED.,.F.,.F.,
  (2,2),(4.712388980385,6.28318530718),.PIECEWISE_BEZIER_KNOTS.);
#493 = CARTESIAN_POINT('',(0.,-1.570796326795));
#494 = CARTESIAN_POINT('',(0.,0.));
#495 = ( GEOMETRIC_REPRESENTATION_CONTEXT(2) 
PARAMETRIC_REPRESENTATION_CONTEXT() REPRESENTATION_CONTEXT('2D SPACE',''
  ) );
#496 = ORIENTED_EDGE('',*,*,#497,.T.);
#497 = EDGE_CURVE('',#476,#498,#500,.T.);
#498 = VERTEX_POINT('',#499);
#499 = CARTESIAN_POINT('',(-33.5,5.,-84.));
#500 = SURFACE_CURVE('',#501,(#505,#512),.PCURVE_S1.);
#501 = LINE('',#502,#503);
#502 = CARTESIAN_POINT('',(-33.5,2.,-84.));
#503 = VECTOR('',#504,1.);
#504 = DIRECTION('',(0.,1.,0.));
#505 = PCURVE('',#72,#506);
#506 = DEFINITIONAL_REPRESENTATION('',(#507),#511);
#507 = LINE('',#508,#509);
#508 = CARTESIAN_POINT('',(-1.570796326795,0.));
#509 = VECTOR('',#510,1.);
#510 = DIRECTION('',(-0.,1.));
#511 = ( GEOMETRIC_REPRESENTATION_CONTEXT(2) 
PARAMETRIC_REPRESENTATION_CONTEXT() REPRESENTATION_CONTEXT('2D SPACE',''
  ) );
#512 = PCURVE('',#513,#518);
#513 = PLANE('',#514);
#514 = AXIS2_PLACEMENT_3D('',#515,#516,#517);
#515 = CARTESIAN_POINT('',(-34.5,2.,-84.));
#516 = DIRECTION('',(0.,0.,1.));
#517 = DIRECTION('',(1.,0.,0.));
#518 = DEFINITIONAL_REPRESENTATION('',(#519),#523);
#519 = LINE('',#520,#521);
#520 = CARTESIAN_POINT('',(1.,0.));
#521 = VECTOR('',#522,1.);
#522 = DIRECTION('',(0.,1.));
#523 = ( GEOMETRIC_REPRESENTATION_CONTEXT(2) 
PARAMETRIC_REPRESENTATION_CONTEXT() REPRESENTATION_CONTEXT('2D SPACE',''
  ) );
#524 = ORIENTED_EDGE('',*,*,#525,.T.);
#525 = EDGE_CURVE('',#498,#57,#526,.T.);
#526 = SURFACE_CURVE('',#527,(#532,#538),.PCURVE_S1.);
#527 = CIRCLE('',#528,1.);
#528 = AXIS2_PLACEMENT_3D('',#529,#530,#531);
#529 = CARTESIAN_POINT('',(-33.5,5.,-83.));
#530 = DIRECTION('',(0.,1.,-0.));
#531 = DIRECTION('',(-1.,0.,0.));
#532 = PCURVE('',#72,#533);
#533 = DEFINITIONAL_REPRESENTATION('',(#534),#537);
#534 = B_SPLINE_CURVE_WITH_KNOTS('',1,(#535,#536),.UNSPECIFIED.,.F.,.F.,
  (2,2),(4.712388980385,6.28318530718),.PIECEWISE_BEZIER_KNOTS.);
#535 = CARTESIAN_POINT('',(-1.570796326795,3.));
#536 = CARTESIAN_POINT('',(0.,3.));
#537 = ( GEOMETRIC_REPRESENTATION_CONTEXT(2) 
PARAMETRIC_REPRESENTATION_CONTEXT() REPRESENTATION_CONTEXT('2D SPACE',''
  ) );
#538 = PCURVE('',#539,#544);
#539 = SPHERICAL_SURFACE('',#540,1.);
#540 = AXIS2_PLACEMENT_3D('',#541,#542,#543);
#541 = CARTESIAN_POINT('',(-33.5,5.,-83.));
#542 = DIRECTION('',(0.,0.,1.));
#543 = DIRECTION('',(-1.,0.,0.));
#544 = DEFINITIONAL_REPRESENTATION('',(#545),#548);
#545 = B_SPLINE_CURVE_WITH_KNOTS('',1,(#546,#547),.UNSPECIFIED.,.F.,.F.,
  (2,2),(4.712388980385,6.28318530718),.PIECEWISE_BEZIER_KNOTS.);
#546 = CARTESIAN_POINT('',(0.,-1.570796326795));
#547 = CARTESIAN_POINT('',(0.,0.));
#548 = ( GEOMETRIC_REPRESENTATION_CONTEXT(2) 
PARAMETRIC_REPRESENTATION_CONTEXT() REPRESENTATION_CONTEXT('2D SPACE',''
  ) );
#549 = ORIENTED_EDGE('',*,*,#56,.F.);
#550 = ADVANCED_FACE('',(#551),#126,.T.);
#551 = FACE_BOUND('',#552,.T.);
#552 = EDGE_LOOP('',(#553,#575,#603,#630));
#553 = ORIENTED_EDGE('',*,*,#554,.F.);
#554 = EDGE_CURVE('',#555,#24,#557,.T.);
#555 = VERTEX_POINT('',#556);
#556 = CARTESIAN_POINT('',(-33.5,3.,-48.6));
#557 = SURFACE_CURVE('',#558,(#563,#569),.PCURVE_S1.);
#558 = CIRCLE('',#559,1.);
#559 = AXIS2_PLACEMENT_3D('',#560,#561,#562);
#560 = CARTESIAN_POINT('',(-33.5,3.,-49.6));
#561 = DIRECTION('',(0.,-1.,0.));
#562 = DIRECTION('',(-1.,0.,0.));
#563 = PCURVE('',#126,#564);
#564 = DEFINITIONAL_REPRESENTATION('',(#565),#568);
#565 = B_SPLINE_CURVE_WITH_KNOTS('',1,(#566,#567),.UNSPECIFIED.,.F.,.F.,
  (2,2),(4.712388980385,6.28318530718),.PIECEWISE_BEZIER_KNOTS.);
#566 = CARTESIAN_POINT('',(1.570796326795,1.));
#567 = CARTESIAN_POINT('',(0.,1.));
#568 = ( GEOMETRIC_REPRESENTATION_CONTEXT(2) 
PARAMETRIC_REPRESENTATION_CONTEXT() REPRESENTATION_CONTEXT('2D SPACE',''
  ) );
#569 = PCURVE('',#460,#570);
#570 = DEFINITIONAL_REPRESENTATION('',(#571),#574);
#571 = B_SPLINE_CURVE_WITH_KNOTS('',1,(#572,#573),.UNSPECIFIED.,.F.,.F.,
  (2,2),(4.712388980385,6.28318530718),.PIECEWISE_BEZIER_KNOTS.);
#572 = CARTESIAN_POINT('',(0.,-1.570796326795));
#573 = CARTESIAN_POINT('',(0.,0.));
#574 = ( GEOMETRIC_REPRESENTATION_CONTEXT(2) 
PARAMETRIC_REPRESENTATION_CONTEXT() REPRESENTATION_CONTEXT('2D SPACE',''
  ) );
#575 = ORIENTED_EDGE('',*,*,#576,.T.);
#576 = EDGE_CURVE('',#555,#577,#579,.T.);
#577 = VERTEX_POINT('',#578);
#578 = CARTESIAN_POINT('',(-33.5,5.,-48.6));
#579 = SURFACE_CURVE('',#580,(#584,#591),.PCURVE_S1.);
#580 = LINE('',#581,#582);
#581 = CARTESIAN_POINT('',(-33.5,2.,-48.6));
#582 = VECTOR('',#583,1.);
#583 = DIRECTION('',(0.,1.,0.));
#584 = PCURVE('',#126,#585);
#585 = DEFINITIONAL_REPRESENTATION('',(#586),#590);
#586 = LINE('',#587,#588);
#587 = CARTESIAN_POINT('',(1.570796326795,0.));
#588 = VECTOR('',#589,1.);
#589 = DIRECTION('',(0.,1.));
#590 = ( GEOMETRIC_REPRESENTATION_CONTEXT(2) 
PARAMETRIC_REPRESENTATION_CONTEXT() REPRESENTATION_CONTEXT('2D SPACE',''
  ) );
#591 = PCURVE('',#592,#597);
#592 = PLANE('',#593);
#593 = AXIS2_PLACEMENT_3D('',#594,#595,#596);
#594 = CARTESIAN_POINT('',(-34.5,2.,-48.6));
#595 = DIRECTION('',(0.,0.,1.));
#596 = DIRECTION('',(1.,0.,0.));
#597 = DEFINITIONAL_REPRESENTATION('',(#598),#602);
#598 = LINE('',#599,#600);
#599 = CARTESIAN_POINT('',(1.,0.));
#600 = VECTOR('',#601,1.);
#601 = DIRECTION('',(0.,1.));
#602 = ( GEOMETRIC_REPRESENTATION_CONTEXT(2) 
PARAMETRIC_REPRESENTATION_CONTEXT() REPRESENTATION_CONTEXT('2D SPACE',''
  ) );
#603 = ORIENTED_EDGE('',*,*,#604,.F.);
#604 = EDGE_CURVE('',#85,#577,#605,.T.);
#605 = SURFACE_CURVE('',#606,(#611,#618),.PCURVE_S1.);
#606 = CIRCLE('',#607,1.);
#607 = AXIS2_PLACEMENT_3D('',#608,#609,#610);
#608 = CARTESIAN_POINT('',(-33.5,5.,-49.6));
#609 = DIRECTION('',(0.,1.,0.));
#610 = DIRECTION('',(-1.,0.,0.));
#611 = PCURVE('',#126,#612);
#612 = DEFINITIONAL_REPRESENTATION('',(#613),#617);
#613 = LINE('',#614,#615);
#614 = CARTESIAN_POINT('',(0.,3.));
#615 = VECTOR('',#616,1.);
#616 = DIRECTION('',(1.,0.));
#617 = ( GEOMETRIC_REPRESENTATION_CONTEXT(2) 
PARAMETRIC_REPRESENTATION_CONTEXT() REPRESENTATION_CONTEXT('2D SPACE',''
  ) );
#618 = PCURVE('',#619,#624);
#619 = SPHERICAL_SURFACE('',#620,1.);
#620 = AXIS2_PLACEMENT_3D('',#621,#622,#623);
#621 = CARTESIAN_POINT('',(-33.5,5.,-49.6));
#622 = DIRECTION('',(-0.,-1.,-0.));
#623 = DIRECTION('',(-1.,0.,0.));
#624 = DEFINITIONAL_REPRESENTATION('',(#625),#629);
#625 = LINE('',#626,#627);
#626 = CARTESIAN_POINT('',(-0.,0.));
#627 = VECTOR('',#628,1.);
#628 = DIRECTION('',(-1.,0.));
#629 = ( GEOMETRIC_REPRESENTATION_CONTEXT(2) 
PARAMETRIC_REPRESENTATION_CONTEXT() REPRESENTATION_CONTEXT('2D SPACE',''
  ) );
#630 = ORIENTED_EDGE('',*,*,#112,.F.);
#631 = ADVANCED_FACE('',(#632),#100,.T.);
#632 = FACE_BOUND('',#633,.F.);
#633 = EDGE_LOOP('',(#634,#635,#659,#687));
#634 = ORIENTED_EDGE('',*,*,#84,.F.);
#635 = ORIENTED_EDGE('',*,*,#636,.T.);
#636 = EDGE_CURVE('',#57,#637,#639,.T.);
#637 = VERTEX_POINT('',#638);
#638 = CARTESIAN_POINT('',(-33.5,6.,-83.));
#639 = SURFACE_CURVE('',#640,(#645,#652),.PCURVE_S1.);
#640 = CIRCLE('',#641,1.);
#641 = AXIS2_PLACEMENT_3D('',#642,#643,#644);
#642 = CARTESIAN_POINT('',(-33.5,5.,-83.));
#643 = DIRECTION('',(-0.,0.,-1.));
#644 = DIRECTION('',(-1.,0.,0.));
#645 = PCURVE('',#100,#646);
#646 = DEFINITIONAL_REPRESENTATION('',(#647),#651);
#647 = LINE('',#648,#649);
#648 = CARTESIAN_POINT('',(-0.,1.));
#649 = VECTOR('',#650,1.);
#650 = DIRECTION('',(-1.,0.));
#651 = ( GEOMETRIC_REPRESENTATION_CONTEXT(2) 
PARAMETRIC_REPRESENTATION_CONTEXT() REPRESENTATION_CONTEXT('2D SPACE',''
  ) );
#652 = PCURVE('',#539,#653);
#653 = DEFINITIONAL_REPRESENTATION('',(#654),#658);
#654 = LINE('',#655,#656);
#655 = CARTESIAN_POINT('',(-0.,0.));
#656 = VECTOR('',#657,1.);
#657 = DIRECTION('',(-1.,0.));
#658 = ( GEOMETRIC_REPRESENTATION_CONTEXT(2) 
PARAMETRIC_REPRESENTATION_CONTEXT() REPRESENTATION_CONTEXT('2D SPACE',''
  ) );
#659 = ORIENTED_EDGE('',*,*,#660,.T.);
#660 = EDGE_CURVE('',#637,#661,#663,.T.);
#661 = VERTEX_POINT('',#662);
#662 = CARTESIAN_POINT('',(-33.5,6.,-49.6));
#663 = SURFACE_CURVE('',#664,(#668,#675),.PCURVE_S1.);
#664 = LINE('',#665,#666);
#665 = CARTESIAN_POINT('',(-33.5,6.,-84.));
#666 = VECTOR('',#667,1.);
#667 = DIRECTION('',(0.,0.,1.));
#668 = PCURVE('',#100,#669);
#669 = DEFINITIONAL_REPRESENTATION('',(#670),#674);
#670 = LINE('',#671,#672);
#671 = CARTESIAN_POINT('',(-1.570796326795,0.));
#672 = VECTOR('',#673,1.);
#673 = DIRECTION('',(-0.,1.));
#674 = ( GEOMETRIC_REPRESENTATION_CONTEXT(2) 
PARAMETRIC_REPRESENTATION_CONTEXT() REPRESENTATION_CONTEXT('2D SPACE',''
  ) );
#675 = PCURVE('',#676,#681);
#676 = PLANE('',#677);
#677 = AXIS2_PLACEMENT_3D('',#678,#679,#680);
#678 = CARTESIAN_POINT('',(-34.5,6.,-84.));
#679 = DIRECTION('',(0.,1.,0.));
#680 = DIRECTION('',(0.,0.,1.));
#681 = DEFINITIONAL_REPRESENTATION('',(#682),#686);
#682 = LINE('',#683,#684);
#683 = CARTESIAN_POINT('',(0.,1.));
#684 = VECTOR('',#685,1.);
#685 = DIRECTION('',(1.,0.));
#686 = ( GEOMETRIC_REPRESENTATION_CONTEXT(2) 
PARAMETRIC_REPRESENTATION_CONTEXT() REPRESENTATION_CONTEXT('2D SPACE',''
  ) );
#687 = ORIENTED_EDGE('',*,*,#688,.T.);
#688 = EDGE_CURVE('',#661,#85,#689,.T.);
#689 = SURFACE_CURVE('',#690,(#695,#701),.PCURVE_S1.);
#690 = CIRCLE('',#691,1.);
#691 = AXIS2_PLACEMENT_3D('',#692,#693,#694);
#692 = CARTESIAN_POINT('',(-33.5,5.,-49.6));
#693 = DIRECTION('',(0.,0.,1.));
#694 = DIRECTION('',(-1.,0.,0.));
#695 = PCURVE('',#100,#696);
#696 = DEFINITIONAL_REPRESENTATION('',(#697),#700);
#697 = B_SPLINE_CURVE_WITH_KNOTS('',1,(#698,#699),.UNSPECIFIED.,.F.,.F.,
  (2,2),(4.712388980385,6.28318530718),.PIECEWISE_BEZIER_KNOTS.);
#698 = CARTESIAN_POINT('',(-1.570796326795,34.4));
#699 = CARTESIAN_POINT('',(0.,34.4));
#700 = ( GEOMETRIC_REPRESENTATION_CONTEXT(2) 
PARAMETRIC_REPRESENTATION_CONTEXT() REPRESENTATION_CONTEXT('2D SPACE',''
  ) );
#701 = PCURVE('',#619,#702);
#702 = DEFINITIONAL_REPRESENTATION('',(#703),#706);
#703 = B_SPLINE_CURVE_WITH_KNOTS('',1,(#704,#705),.UNSPECIFIED.,.F.,.F.,
  (2,2),(4.712388980385,6.28318530718),.PIECEWISE_BEZIER_KNOTS.);
#704 = CARTESIAN_POINT('',(0.,-1.570796326795));
#705 = CARTESIAN_POINT('',(0.,0.));
#706 = ( GEOMETRIC_REPRESENTATION_CONTEXT(2) 
PARAMETRIC_REPRESENTATION_CONTEXT() REPRESENTATION_CONTEXT('2D SPACE',''
  ) );
#707 = ADVANCED_FACE('',(#708),#460,.T.);
#708 = FACE_BOUND('',#709,.F.);
#709 = EDGE_LOOP('',(#710,#711,#736));
#710 = ORIENTED_EDGE('',*,*,#554,.F.);
#711 = ORIENTED_EDGE('',*,*,#712,.T.);
#712 = EDGE_CURVE('',#555,#423,#713,.T.);
#713 = SURFACE_CURVE('',#714,(#719,#725),.PCURVE_S1.);
#714 = CIRCLE('',#715,1.);
#715 = AXIS2_PLACEMENT_3D('',#716,#717,#718);
#716 = CARTESIAN_POINT('',(-33.5,3.,-49.6));
#717 = DIRECTION('',(1.,-6.123233995737E-17,0.));
#718 = DIRECTION('',(-6.123233995737E-17,-1.,0.));
#719 = PCURVE('',#460,#720);
#720 = DEFINITIONAL_REPRESENTATION('',(#721),#724);
#721 = B_SPLINE_CURVE_WITH_KNOTS('',1,(#722,#723),.UNSPECIFIED.,.F.,.F.,
  (2,2),(4.712388980385,6.28318530718),.PIECEWISE_BEZIER_KNOTS.);
#722 = CARTESIAN_POINT('',(-1.570796326795,-1.570796326795));
#723 = CARTESIAN_POINT('',(-1.570796326795,0.));
#724 = ( GEOMETRIC_REPRESENTATION_CONTEXT(2) 
PARAMETRIC_REPRESENTATION_CONTEXT() REPRESENTATION_CONTEXT('2D SPACE',''
  ) );
#725 = PCURVE('',#726,#731);
#726 = CYLINDRICAL_SURFACE('',#727,1.);
#727 = AXIS2_PLACEMENT_3D('',#728,#729,#730);
#728 = CARTESIAN_POINT('',(-34.5,3.,-49.6));
#729 = DIRECTION('',(1.,0.,0.));
#730 = DIRECTION('',(0.,-1.,0.));
#731 = DEFINITIONAL_REPRESENTATION('',(#732),#735);
#732 = B_SPLINE_CURVE_WITH_KNOTS('',1,(#733,#734),.UNSPECIFIED.,.F.,.F.,
  (2,2),(4.712388980385,6.28318530718),.PIECEWISE_BEZIER_KNOTS.);
#733 = CARTESIAN_POINT('',(-1.570796326795,1.));
#734 = CARTESIAN_POINT('',(0.,1.));
#735 = ( GEOMETRIC_REPRESENTATION_CONTEXT(2) 
PARAMETRIC_REPRESENTATION_CONTEXT() REPRESENTATION_CONTEXT('2D SPACE',''
  ) );
#736 = ORIENTED_EDGE('',*,*,#445,.F.);
#737 = ADVANCED_FACE('',(#738,#1340),#187,.F.);
#738 = FACE_BOUND('',#739,.F.);
#739 = EDGE_LOOP('',(#740,#768,#769,#797,#829,#857,#890,#916,#917,#940,
    #966,#992,#1018,#1044,#1070,#1096,#1122,#1150,#1178,#1206,#1235,
    #1263,#1291,#1319));
#740 = ORIENTED_EDGE('',*,*,#741,.F.);
#741 = EDGE_CURVE('',#143,#742,#744,.T.);
#742 = VERTEX_POINT('',#743);
#743 = CARTESIAN_POINT('',(33.5,2.,-83.));
#744 = SURFACE_CURVE('',#745,(#749,#756),.PCURVE_S1.);
#745 = LINE('',#746,#747);
#746 = CARTESIAN_POINT('',(-34.5,2.,-83.));
#747 = VECTOR('',#748,1.);
#748 = DIRECTION('',(1.,0.,0.));
#749 = PCURVE('',#187,#750);
#750 = DEFINITIONAL_REPRESENTATION('',(#751),#755);
#751 = LINE('',#752,#753);
#752 = CARTESIAN_POINT('',(1.,0.));
#753 = VECTOR('',#754,1.);
#754 = DIRECTION('',(0.,1.));
#755 = ( GEOMETRIC_REPRESENTATION_CONTEXT(2) 
PARAMETRIC_REPRESENTATION_CONTEXT() REPRESENTATION_CONTEXT('2D SPACE',''
  ) );
#756 = PCURVE('',#757,#762);
#757 = CYLINDRICAL_SURFACE('',#758,1.);
#758 = AXIS2_PLACEMENT_3D('',#759,#760,#761);
#759 = CARTESIAN_POINT('',(-34.5,3.,-83.));
#760 = DIRECTION('',(1.,0.,0.));
#761 = DIRECTION('',(0.,-1.,0.));
#762 = DEFINITIONAL_REPRESENTATION('',(#763),#767);
#763 = LINE('',#764,#765);
#764 = CARTESIAN_POINT('',(0.,0.));
#765 = VECTOR('',#766,1.);
#766 = DIRECTION('',(0.,1.));
#767 = ( GEOMETRIC_REPRESENTATION_CONTEXT(2) 
PARAMETRIC_REPRESENTATION_CONTEXT() REPRESENTATION_CONTEXT('2D SPACE',''
  ) );
#768 = ORIENTED_EDGE('',*,*,#171,.T.);
#769 = ORIENTED_EDGE('',*,*,#770,.T.);
#770 = EDGE_CURVE('',#172,#771,#773,.T.);
#771 = VERTEX_POINT('',#772);
#772 = CARTESIAN_POINT('',(-24.5,2.,-72.));
#773 = SURFACE_CURVE('',#774,(#778,#785),.PCURVE_S1.);
#774 = LINE('',#775,#776);
#775 = CARTESIAN_POINT('',(-34.5,2.,-72.));
#776 = VECTOR('',#777,1.);
#777 = DIRECTION('',(1.,0.,0.));
#778 = PCURVE('',#187,#779);
#779 = DEFINITIONAL_REPRESENTATION('',(#780),#784);
#780 = LINE('',#781,#782);
#781 = CARTESIAN_POINT('',(12.,0.));
#782 = VECTOR('',#783,1.);
#783 = DIRECTION('',(0.,1.));
#784 = ( GEOMETRIC_REPRESENTATION_CONTEXT(2) 
PARAMETRIC_REPRESENTATION_CONTEXT() REPRESENTATION_CONTEXT('2D SPACE',''
  ) );
#785 = PCURVE('',#786,#791);
#786 = PLANE('',#787);
#787 = AXIS2_PLACEMENT_3D('',#788,#789,#790);
#788 = CARTESIAN_POINT('',(-34.5,-24.4,-72.));
#789 = DIRECTION('',(0.,0.,1.));
#790 = DIRECTION('',(1.,0.,0.));
#791 = DEFINITIONAL_REPRESENTATION('',(#792),#796);
#792 = LINE('',#793,#794);
#793 = CARTESIAN_POINT('',(0.,26.4));
#794 = VECTOR('',#795,1.);
#795 = DIRECTION('',(1.,0.));
#796 = ( GEOMETRIC_REPRESENTATION_CONTEXT(2) 
PARAMETRIC_REPRESENTATION_CONTEXT() REPRESENTATION_CONTEXT('2D SPACE',''
  ) );
#797 = ORIENTED_EDGE('',*,*,#798,.T.);
#798 = EDGE_CURVE('',#771,#799,#801,.T.);
#799 = VERTEX_POINT('',#800);
#800 = CARTESIAN_POINT('',(-23.5,2.,-71.));
#801 = SURFACE_CURVE('',#802,(#807,#818),.PCURVE_S1.);
#802 = CIRCLE('',#803,1.);
#803 = AXIS2_PLACEMENT_3D('',#804,#805,#806);
#804 = CARTESIAN_POINT('',(-24.5,2.,-71.));
#805 = DIRECTION('',(0.,-1.,0.));
#806 = DIRECTION('',(1.,0.,0.));
#807 = PCURVE('',#187,#808);
#808 = DEFINITIONAL_REPRESENTATION('',(#809),#817);
#809 = ( BOUNDED_CURVE() B_SPLINE_CURVE(2,(#810,#811,#812,#813,#814,#815
,#816),.UNSPECIFIED.,.T.,.F.) B_SPLINE_CURVE_WITH_KNOTS((1,2,2,2,2,1),(
    -2.094395102393,0.,2.094395102393,4.188790204786,6.28318530718,
8.377580409573),.UNSPECIFIED.) CURVE() GEOMETRIC_REPRESENTATION_ITEM() 
RATIONAL_B_SPLINE_CURVE((1.,0.5,1.,0.5,1.,0.5,1.)) REPRESENTATION_ITEM(
  '') );
#810 = CARTESIAN_POINT('',(13.,11.));
#811 = CARTESIAN_POINT('',(14.732050807569,11.));
#812 = CARTESIAN_POINT('',(13.866025403784,9.5));
#813 = CARTESIAN_POINT('',(13.,8.));
#814 = CARTESIAN_POINT('',(12.133974596216,9.5));
#815 = CARTESIAN_POINT('',(11.267949192431,11.));
#816 = CARTESIAN_POINT('',(13.,11.));
#817 = ( GEOMETRIC_REPRESENTATION_CONTEXT(2) 
PARAMETRIC_REPRESENTATION_CONTEXT() REPRESENTATION_CONTEXT('2D SPACE',''
  ) );
#818 = PCURVE('',#819,#824);
#819 = CYLINDRICAL_SURFACE('',#820,1.);
#820 = AXIS2_PLACEMENT_3D('',#821,#822,#823);
#821 = CARTESIAN_POINT('',(-24.5,-24.4,-71.));
#822 = DIRECTION('',(0.,1.,0.));
#823 = DIRECTION('',(1.,0.,-0.));
#824 = DEFINITIONAL_REPRESENTATION('',(#825),#828);
#825 = B_SPLINE_CURVE_WITH_KNOTS('',1,(#826,#827),.UNSPECIFIED.,.F.,.F.,
  (2,2),(4.712388980385,6.28318530718),.PIECEWISE_BEZIER_KNOTS.);
#826 = CARTESIAN_POINT('',(1.570796326795,26.4));
#827 = CARTESIAN_POINT('',(0.,26.4));
#828 = ( GEOMETRIC_REPRESENTATION_CONTEXT(2) 
PARAMETRIC_REPRESENTATION_CONTEXT() REPRESENTATION_CONTEXT('2D SPACE',''
  ) );
#829 = ORIENTED_EDGE('',*,*,#830,.T.);
#830 = EDGE_CURVE('',#799,#831,#833,.T.);
#831 = VERTEX_POINT('',#832);
#832 = CARTESIAN_POINT('',(-23.5,2.,-56.));
#833 = SURFACE_CURVE('',#834,(#838,#845),.PCURVE_S1.);
#834 = LINE('',#835,#836);
#835 = CARTESIAN_POINT('',(-23.5,2.,-72.));
#836 = VECTOR('',#837,1.);
#837 = DIRECTION('',(0.,0.,1.));
#838 = PCURVE('',#187,#839);
#839 = DEFINITIONAL_REPRESENTATION('',(#840),#844);
#840 = LINE('',#841,#842);
#841 = CARTESIAN_POINT('',(12.,11.));
#842 = VECTOR('',#843,1.);
#843 = DIRECTION('',(1.,0.));
#844 = ( GEOMETRIC_REPRESENTATION_CONTEXT(2) 
PARAMETRIC_REPRESENTATION_CONTEXT() REPRESENTATION_CONTEXT('2D SPACE',''
  ) );
#845 = PCURVE('',#846,#851);
#846 = PLANE('',#847);
#847 = AXIS2_PLACEMENT_3D('',#848,#849,#850);
#848 = CARTESIAN_POINT('',(-23.5,-24.4,-72.));
#849 = DIRECTION('',(1.,0.,0.));
#850 = DIRECTION('',(0.,0.,1.));
#851 = DEFINITIONAL_REPRESENTATION('',(#852),#856);
#852 = LINE('',#853,#854);
#853 = CARTESIAN_POINT('',(0.,-26.4));
#854 = VECTOR('',#855,1.);
#855 = DIRECTION('',(1.,0.));
#856 = ( GEOMETRIC_REPRESENTATION_CONTEXT(2) 
PARAMETRIC_REPRESENTATION_CONTEXT() REPRESENTATION_CONTEXT('2D SPACE',''
  ) );
#857 = ORIENTED_EDGE('',*,*,#858,.T.);
#858 = EDGE_CURVE('',#831,#859,#861,.T.);
#859 = VERTEX_POINT('',#860);
#860 = CARTESIAN_POINT('',(-24.5,2.,-55.));
#861 = SURFACE_CURVE('',#862,(#867,#878),.PCURVE_S1.);
#862 = CIRCLE('',#863,1.);
#863 = AXIS2_PLACEMENT_3D('',#864,#865,#866);
#864 = CARTESIAN_POINT('',(-24.5,2.,-56.));
#865 = DIRECTION('',(-0.,-1.,0.));
#866 = DIRECTION('',(1.,-0.,0.));
#867 = PCURVE('',#187,#868);
#868 = DEFINITIONAL_REPRESENTATION('',(#869),#877);
#869 = ( BOUNDED_CURVE() B_SPLINE_CURVE(2,(#870,#871,#872,#873,#874,#875
,#876),.UNSPECIFIED.,.T.,.F.) B_SPLINE_CURVE_WITH_KNOTS((1,2,2,2,2,1),(
    -2.094395102393,0.,2.094395102393,4.188790204786,6.28318530718,
8.377580409573),.UNSPECIFIED.) CURVE() GEOMETRIC_REPRESENTATION_ITEM() 
RATIONAL_B_SPLINE_CURVE((1.,0.5,1.,0.5,1.,0.5,1.)) REPRESENTATION_ITEM(
  '') );
#870 = CARTESIAN_POINT('',(28.,11.));
#871 = CARTESIAN_POINT('',(29.732050807569,11.));
#872 = CARTESIAN_POINT('',(28.866025403784,9.5));
#873 = CARTESIAN_POINT('',(28.,8.));
#874 = CARTESIAN_POINT('',(27.133974596216,9.5));
#875 = CARTESIAN_POINT('',(26.267949192431,11.));
#876 = CARTESIAN_POINT('',(28.,11.));
#877 = ( GEOMETRIC_REPRESENTATION_CONTEXT(2) 
PARAMETRIC_REPRESENTATION_CONTEXT() REPRESENTATION_CONTEXT('2D SPACE',''
  ) );
#878 = PCURVE('',#879,#884);
#879 = CYLINDRICAL_SURFACE('',#880,1.);
#880 = AXIS2_PLACEMENT_3D('',#881,#882,#883);
#881 = CARTESIAN_POINT('',(-24.5,-24.4,-56.));
#882 = DIRECTION('',(0.,1.,0.));
#883 = DIRECTION('',(1.,0.,-0.));
#884 = DEFINITIONAL_REPRESENTATION('',(#885),#889);
#885 = LINE('',#886,#887);
#886 = CARTESIAN_POINT('',(-0.,26.4));
#887 = VECTOR('',#888,1.);
#888 = DIRECTION('',(-1.,0.));
#889 = ( GEOMETRIC_REPRESENTATION_CONTEXT(2) 
PARAMETRIC_REPRESENTATION_CONTEXT() REPRESENTATION_CONTEXT('2D SPACE',''
  ) );
#890 = ORIENTED_EDGE('',*,*,#891,.F.);
#891 = EDGE_CURVE('',#290,#859,#892,.T.);
#892 = SURFACE_CURVE('',#893,(#897,#904),.PCURVE_S1.);
#893 = LINE('',#894,#895);
#894 = CARTESIAN_POINT('',(-34.5,2.,-55.));
#895 = VECTOR('',#896,1.);
#896 = DIRECTION('',(1.,0.,0.));
#897 = PCURVE('',#187,#898);
#898 = DEFINITIONAL_REPRESENTATION('',(#899),#903);
#899 = LINE('',#900,#901);
#900 = CARTESIAN_POINT('',(29.,0.));
#901 = VECTOR('',#902,1.);
#902 = DIRECTION('',(0.,1.));
#903 = ( GEOMETRIC_REPRESENTATION_CONTEXT(2) 
PARAMETRIC_REPRESENTATION_CONTEXT() REPRESENTATION_CONTEXT('2D SPACE',''
  ) );
#904 = PCURVE('',#905,#910);
#905 = PLANE('',#906);
#906 = AXIS2_PLACEMENT_3D('',#907,#908,#909);
#907 = CARTESIAN_POINT('',(-34.5,-24.4,-55.));
#908 = DIRECTION('',(0.,0.,1.));
#909 = DIRECTION('',(1.,0.,0.));
#910 = DEFINITIONAL_REPRESENTATION('',(#911),#915);
#911 = LINE('',#912,#913);
#912 = CARTESIAN_POINT('',(0.,26.4));
#913 = VECTOR('',#914,1.);
#914 = DIRECTION('',(1.,0.));
#915 = ( GEOMETRIC_REPRESENTATION_CONTEXT(2) 
PARAMETRIC_REPRESENTATION_CONTEXT() REPRESENTATION_CONTEXT('2D SPACE',''
  ) );
#916 = ORIENTED_EDGE('',*,*,#422,.T.);
#917 = ORIENTED_EDGE('',*,*,#918,.T.);
#918 = EDGE_CURVE('',#423,#919,#921,.T.);
#919 = VERTEX_POINT('',#920);
#920 = CARTESIAN_POINT('',(-3.,2.,-49.6));
#921 = SURFACE_CURVE('',#922,(#926,#933),.PCURVE_S1.);
#922 = LINE('',#923,#924);
#923 = CARTESIAN_POINT('',(-34.5,2.,-49.6));
#924 = VECTOR('',#925,1.);
#925 = DIRECTION('',(1.,0.,0.));
#926 = PCURVE('',#187,#927);
#927 = DEFINITIONAL_REPRESENTATION('',(#928),#932);
#928 = LINE('',#929,#930);
#929 = CARTESIAN_POINT('',(34.4,0.));
#930 = VECTOR('',#931,1.);
#931 = DIRECTION('',(0.,1.));
#932 = ( GEOMETRIC_REPRESENTATION_CONTEXT(2) 
PARAMETRIC_REPRESENTATION_CONTEXT() REPRESENTATION_CONTEXT('2D SPACE',''
  ) );
#933 = PCURVE('',#726,#934);
#934 = DEFINITIONAL_REPRESENTATION('',(#935),#939);
#935 = LINE('',#936,#937);
#936 = CARTESIAN_POINT('',(-0.,0.));
#937 = VECTOR('',#938,1.);
#938 = DIRECTION('',(-0.,1.));
#939 = ( GEOMETRIC_REPRESENTATION_CONTEXT(2) 
PARAMETRIC_REPRESENTATION_CONTEXT() REPRESENTATION_CONTEXT('2D SPACE',''
  ) );
#940 = ORIENTED_EDGE('',*,*,#941,.F.);
#941 = EDGE_CURVE('',#942,#919,#944,.T.);
#942 = VERTEX_POINT('',#943);
#943 = CARTESIAN_POINT('',(-3.,2.,-54.));
#944 = SURFACE_CURVE('',#945,(#949,#955),.PCURVE_S1.);
#945 = LINE('',#946,#947);
#946 = CARTESIAN_POINT('',(-3.,2.,-65.));
#947 = VECTOR('',#948,1.);
#948 = DIRECTION('',(0.,-0.,1.));
#949 = PCURVE('',#187,#950);
#950 = DEFINITIONAL_REPRESENTATION('',(#951),#954);
#951 = B_SPLINE_CURVE_WITH_KNOTS('',1,(#952,#953),.UNSPECIFIED.,.F.,.F.,
  (2,2),(11.,15.4),.PIECEWISE_BEZIER_KNOTS.);
#952 = CARTESIAN_POINT('',(30.,31.5));
#953 = CARTESIAN_POINT('',(34.4,31.5));
#954 = ( GEOMETRIC_REPRESENTATION_CONTEXT(2) 
PARAMETRIC_REPRESENTATION_CONTEXT() REPRESENTATION_CONTEXT('2D SPACE',''
  ) );
#955 = PCURVE('',#956,#961);
#956 = PLANE('',#957);
#957 = AXIS2_PLACEMENT_3D('',#958,#959,#960);
#958 = CARTESIAN_POINT('',(-3.,18.6,-46.));
#959 = DIRECTION('',(-1.,0.,0.));
#960 = DIRECTION('',(0.,0.,-1.));
#961 = DEFINITIONAL_REPRESENTATION('',(#962),#965);
#962 = B_SPLINE_CURVE_WITH_KNOTS('',1,(#963,#964),.UNSPECIFIED.,.F.,.F.,
  (2,2),(11.,15.4),.PIECEWISE_BEZIER_KNOTS.);
#963 = CARTESIAN_POINT('',(8.,16.6));
#964 = CARTESIAN_POINT('',(3.6,16.6));
#965 = ( GEOMETRIC_REPRESENTATION_CONTEXT(2) 
PARAMETRIC_REPRESENTATION_CONTEXT() REPRESENTATION_CONTEXT('2D SPACE',''
  ) );
#966 = ORIENTED_EDGE('',*,*,#967,.T.);
#967 = EDGE_CURVE('',#942,#968,#970,.T.);
#968 = VERTEX_POINT('',#969);
#969 = CARTESIAN_POINT('',(-6.35,2.,-54.));
#970 = SURFACE_CURVE('',#971,(#975,#981),.PCURVE_S1.);
#971 = LINE('',#972,#973);
#972 = CARTESIAN_POINT('',(-14.075,2.,-54.));
#973 = VECTOR('',#974,1.);
#974 = DIRECTION('',(-1.,0.,0.));
#975 = PCURVE('',#187,#976);
#976 = DEFINITIONAL_REPRESENTATION('',(#977),#980);
#977 = B_SPLINE_CURVE_WITH_KNOTS('',1,(#978,#979),.UNSPECIFIED.,.F.,.F.,
  (2,2),(-11.075,-7.725),.PIECEWISE_BEZIER_KNOTS.);
#978 = CARTESIAN_POINT('',(30.,31.5));
#979 = CARTESIAN_POINT('',(30.,28.15));
#980 = ( GEOMETRIC_REPRESENTATION_CONTEXT(2) 
PARAMETRIC_REPRESENTATION_CONTEXT() REPRESENTATION_CONTEXT('2D SPACE',''
  ) );
#981 = PCURVE('',#982,#987);
#982 = PLANE('',#983);
#983 = AXIS2_PLACEMENT_3D('',#984,#985,#986);
#984 = CARTESIAN_POINT('',(6.35,18.6,-54.));
#985 = DIRECTION('',(0.,0.,-1.));
#986 = DIRECTION('',(-1.,0.,0.));
#987 = DEFINITIONAL_REPRESENTATION('',(#988),#991);
#988 = B_SPLINE_CURVE_WITH_KNOTS('',1,(#989,#990),.UNSPECIFIED.,.F.,.F.,
  (2,2),(-11.075,-7.725),.PIECEWISE_BEZIER_KNOTS.);
#989 = CARTESIAN_POINT('',(9.35,-16.6));
#990 = CARTESIAN_POINT('',(12.7,-16.6));
#991 = ( GEOMETRIC_REPRESENTATION_CONTEXT(2) 
PARAMETRIC_REPRESENTATION_CONTEXT() REPRESENTATION_CONTEXT('2D SPACE',''
  ) );
#992 = ORIENTED_EDGE('',*,*,#993,.F.);
#993 = EDGE_CURVE('',#994,#968,#996,.T.);
#994 = VERTEX_POINT('',#995);
#995 = CARTESIAN_POINT('',(-6.35,2.,-76.9));
#996 = SURFACE_CURVE('',#997,(#1001,#1007),.PCURVE_S1.);
#997 = LINE('',#998,#999);
#998 = CARTESIAN_POINT('',(-6.35,2.,-69.));
#999 = VECTOR('',#1000,1.);
#1000 = DIRECTION('',(0.,-0.,1.));
#1001 = PCURVE('',#187,#1002);
#1002 = DEFINITIONAL_REPRESENTATION('',(#1003),#1006);
#1003 = B_SPLINE_CURVE_WITH_KNOTS('',1,(#1004,#1005),.UNSPECIFIED.,.F.,
  .F.,(2,2),(-7.9,15.),.PIECEWISE_BEZIER_KNOTS.);
#1004 = CARTESIAN_POINT('',(7.1,28.15));
#1005 = CARTESIAN_POINT('',(30.,28.15));
#1006 = ( GEOMETRIC_REPRESENTATION_CONTEXT(2) 
PARAMETRIC_REPRESENTATION_CONTEXT() REPRESENTATION_CONTEXT('2D SPACE',''
  ) );
#1007 = PCURVE('',#1008,#1013);
#1008 = PLANE('',#1009);
#1009 = AXIS2_PLACEMENT_3D('',#1010,#1011,#1012);
#1010 = CARTESIAN_POINT('',(-6.35,18.6,-54.));
#1011 = DIRECTION('',(-1.,0.,0.));
#1012 = DIRECTION('',(0.,0.,-1.));
#1013 = DEFINITIONAL_REPRESENTATION('',(#1014),#1017);
#1014 = B_SPLINE_CURVE_WITH_KNOTS('',1,(#1015,#1016),.UNSPECIFIED.,.F.,
  .F.,(2,2),(-7.9,15.),.PIECEWISE_BEZIER_KNOTS.);
#1015 = CARTESIAN_POINT('',(22.9,16.6));
#1016 = CARTESIAN_POINT('',(0.,16.6));
#1017 = ( GEOMETRIC_REPRESENTATION_CONTEXT(2) 
PARAMETRIC_REPRESENTATION_CONTEXT() REPRESENTATION_CONTEXT('2D SPACE',''
  ) );
#1018 = ORIENTED_EDGE('',*,*,#1019,.F.);
#1019 = EDGE_CURVE('',#1020,#994,#1022,.T.);
#1020 = VERTEX_POINT('',#1021);
#1021 = CARTESIAN_POINT('',(6.35,2.,-76.9));
#1022 = SURFACE_CURVE('',#1023,(#1027,#1033),.PCURVE_S1.);
#1023 = LINE('',#1024,#1025);
#1024 = CARTESIAN_POINT('',(-14.075,2.,-76.9));
#1025 = VECTOR('',#1026,1.);
#1026 = DIRECTION('',(-1.,0.,0.));
#1027 = PCURVE('',#187,#1028);
#1028 = DEFINITIONAL_REPRESENTATION('',(#1029),#1032);
#1029 = B_SPLINE_CURVE_WITH_KNOTS('',1,(#1030,#1031),.UNSPECIFIED.,.F.,
  .F.,(2,2),(-20.425,-7.725),.PIECEWISE_BEZIER_KNOTS.);
#1030 = CARTESIAN_POINT('',(7.1,40.85));
#1031 = CARTESIAN_POINT('',(7.1,28.15));
#1032 = ( GEOMETRIC_REPRESENTATION_CONTEXT(2) 
PARAMETRIC_REPRESENTATION_CONTEXT() REPRESENTATION_CONTEXT('2D SPACE',''
  ) );
#1033 = PCURVE('',#1034,#1039);
#1034 = PLANE('',#1035);
#1035 = AXIS2_PLACEMENT_3D('',#1036,#1037,#1038);
#1036 = CARTESIAN_POINT('',(6.35,18.6,-76.9));
#1037 = DIRECTION('',(0.,0.,-1.));
#1038 = DIRECTION('',(-1.,0.,0.));
#1039 = DEFINITIONAL_REPRESENTATION('',(#1040),#1043);
#1040 = B_SPLINE_CURVE_WITH_KNOTS('',1,(#1041,#1042),.UNSPECIFIED.,.F.,
  .F.,(2,2),(-20.425,-7.725),.PIECEWISE_BEZIER_KNOTS.);
#1041 = CARTESIAN_POINT('',(0.,-16.6));
#1042 = CARTESIAN_POINT('',(12.7,-16.6));
#1043 = ( GEOMETRIC_REPRESENTATION_CONTEXT(2) 
PARAMETRIC_REPRESENTATION_CONTEXT() REPRESENTATION_CONTEXT('2D SPACE',''
  ) );
#1044 = ORIENTED_EDGE('',*,*,#1045,.T.);
#1045 = EDGE_CURVE('',#1020,#1046,#1048,.T.);
#1046 = VERTEX_POINT('',#1047);
#1047 = CARTESIAN_POINT('',(6.35,2.,-54.));
#1048 = SURFACE_CURVE('',#1049,(#1053,#1059),.PCURVE_S1.);
#1049 = LINE('',#1050,#1051);
#1050 = CARTESIAN_POINT('',(6.35,2.,-69.));
#1051 = VECTOR('',#1052,1.);
#1052 = DIRECTION('',(0.,-0.,1.));
#1053 = PCURVE('',#187,#1054);
#1054 = DEFINITIONAL_REPRESENTATION('',(#1055),#1058);
#1055 = B_SPLINE_CURVE_WITH_KNOTS('',1,(#1056,#1057),.UNSPECIFIED.,.F.,
  .F.,(2,2),(-7.9,15.),.PIECEWISE_BEZIER_KNOTS.);
#1056 = CARTESIAN_POINT('',(7.1,40.85));
#1057 = CARTESIAN_POINT('',(30.,40.85));
#1058 = ( GEOMETRIC_REPRESENTATION_CONTEXT(2) 
PARAMETRIC_REPRESENTATION_CONTEXT() REPRESENTATION_CONTEXT('2D SPACE',''
  ) );
#1059 = PCURVE('',#1060,#1065);
#1060 = PLANE('',#1061);
#1061 = AXIS2_PLACEMENT_3D('',#1062,#1063,#1064);
#1062 = CARTESIAN_POINT('',(6.35,18.6,-54.));
#1063 = DIRECTION('',(-1.,0.,0.));
#1064 = DIRECTION('',(0.,0.,-1.));
#1065 = DEFINITIONAL_REPRESENTATION('',(#1066),#1069);
#1066 = B_SPLINE_CURVE_WITH_KNOTS('',1,(#1067,#1068),.UNSPECIFIED.,.F.,
  .F.,(2,2),(-7.9,15.),.PIECEWISE_BEZIER_KNOTS.);
#1067 = CARTESIAN_POINT('',(22.9,16.6));
#1068 = CARTESIAN_POINT('',(0.,16.6));
#1069 = ( GEOMETRIC_REPRESENTATION_CONTEXT(2) 
PARAMETRIC_REPRESENTATION_CONTEXT() REPRESENTATION_CONTEXT('2D SPACE',''
  ) );
#1070 = ORIENTED_EDGE('',*,*,#1071,.T.);
#1071 = EDGE_CURVE('',#1046,#1072,#1074,.T.);
#1072 = VERTEX_POINT('',#1073);
#1073 = CARTESIAN_POINT('',(3.,2.,-54.));
#1074 = SURFACE_CURVE('',#1075,(#1079,#1085),.PCURVE_S1.);
#1075 = LINE('',#1076,#1077);
#1076 = CARTESIAN_POINT('',(-14.075,2.,-54.));
#1077 = VECTOR('',#1078,1.);
#1078 = DIRECTION('',(-1.,0.,0.));
#1079 = PCURVE('',#187,#1080);
#1080 = DEFINITIONAL_REPRESENTATION('',(#1081),#1084);
#1081 = B_SPLINE_CURVE_WITH_KNOTS('',1,(#1082,#1083),.UNSPECIFIED.,.F.,
  .F.,(2,2),(-20.425,-17.075),.PIECEWISE_BEZIER_KNOTS.);
#1082 = CARTESIAN_POINT('',(30.,40.85));
#1083 = CARTESIAN_POINT('',(30.,37.5));
#1084 = ( GEOMETRIC_REPRESENTATION_CONTEXT(2) 
PARAMETRIC_REPRESENTATION_CONTEXT() REPRESENTATION_CONTEXT('2D SPACE',''
  ) );
#1085 = PCURVE('',#1086,#1091);
#1086 = PLANE('',#1087);
#1087 = AXIS2_PLACEMENT_3D('',#1088,#1089,#1090);
#1088 = CARTESIAN_POINT('',(6.35,18.6,-54.));
#1089 = DIRECTION('',(0.,0.,-1.));
#1090 = DIRECTION('',(-1.,0.,0.));
#1091 = DEFINITIONAL_REPRESENTATION('',(#1092),#1095);
#1092 = B_SPLINE_CURVE_WITH_KNOTS('',1,(#1093,#1094),.UNSPECIFIED.,.F.,
  .F.,(2,2),(-20.425,-17.075),.PIECEWISE_BEZIER_KNOTS.);
#1093 = CARTESIAN_POINT('',(0.,-16.6));
#1094 = CARTESIAN_POINT('',(3.35,-16.6));
#1095 = ( GEOMETRIC_REPRESENTATION_CONTEXT(2) 
PARAMETRIC_REPRESENTATION_CONTEXT() REPRESENTATION_CONTEXT('2D SPACE',''
  ) );
#1096 = ORIENTED_EDGE('',*,*,#1097,.T.);
#1097 = EDGE_CURVE('',#1072,#1098,#1100,.T.);
#1098 = VERTEX_POINT('',#1099);
#1099 = CARTESIAN_POINT('',(3.,2.,-49.6));
#1100 = SURFACE_CURVE('',#1101,(#1105,#1111),.PCURVE_S1.);
#1101 = LINE('',#1102,#1103);
#1102 = CARTESIAN_POINT('',(3.,2.,-65.));
#1103 = VECTOR('',#1104,1.);
#1104 = DIRECTION('',(0.,-0.,1.));
#1105 = PCURVE('',#187,#1106);
#1106 = DEFINITIONAL_REPRESENTATION('',(#1107),#1110);
#1107 = B_SPLINE_CURVE_WITH_KNOTS('',1,(#1108,#1109),.UNSPECIFIED.,.F.,
  .F.,(2,2),(11.,15.4),.PIECEWISE_BEZIER_KNOTS.);
#1108 = CARTESIAN_POINT('',(30.,37.5));
#1109 = CARTESIAN_POINT('',(34.4,37.5));
#1110 = ( GEOMETRIC_REPRESENTATION_CONTEXT(2) 
PARAMETRIC_REPRESENTATION_CONTEXT() REPRESENTATION_CONTEXT('2D SPACE',''
  ) );
#1111 = PCURVE('',#1112,#1117);
#1112 = PLANE('',#1113);
#1113 = AXIS2_PLACEMENT_3D('',#1114,#1115,#1116);
#1114 = CARTESIAN_POINT('',(3.,18.6,-46.));
#1115 = DIRECTION('',(-1.,0.,0.));
#1116 = DIRECTION('',(0.,0.,-1.));
#1117 = DEFINITIONAL_REPRESENTATION('',(#1118),#1121);
#1118 = B_SPLINE_CURVE_WITH_KNOTS('',1,(#1119,#1120),.UNSPECIFIED.,.F.,
  .F.,(2,2),(11.,15.4),.PIECEWISE_BEZIER_KNOTS.);
#1119 = CARTESIAN_POINT('',(8.,16.6));
#1120 = CARTESIAN_POINT('',(3.6,16.6));
#1121 = ( GEOMETRIC_REPRESENTATION_CONTEXT(2) 
PARAMETRIC_REPRESENTATION_CONTEXT() REPRESENTATION_CONTEXT('2D SPACE',''
  ) );
#1122 = ORIENTED_EDGE('',*,*,#1123,.T.);
#1123 = EDGE_CURVE('',#1098,#1124,#1126,.T.);
#1124 = VERTEX_POINT('',#1125);
#1125 = CARTESIAN_POINT('',(33.5,2.,-49.6));
#1126 = SURFACE_CURVE('',#1127,(#1131,#1138),.PCURVE_S1.);
#1127 = LINE('',#1128,#1129);
#1128 = CARTESIAN_POINT('',(-34.5,2.,-49.6));
#1129 = VECTOR('',#1130,1.);
#1130 = DIRECTION('',(1.,0.,0.));
#1131 = PCURVE('',#187,#1132);
#1132 = DEFINITIONAL_REPRESENTATION('',(#1133),#1137);
#1133 = LINE('',#1134,#1135);
#1134 = CARTESIAN_POINT('',(34.4,0.));
#1135 = VECTOR('',#1136,1.);
#1136 = DIRECTION('',(0.,1.));
#1137 = ( GEOMETRIC_REPRESENTATION_CONTEXT(2) 
PARAMETRIC_REPRESENTATION_CONTEXT() REPRESENTATION_CONTEXT('2D SPACE',''
  ) );
#1138 = PCURVE('',#1139,#1144);
#1139 = CYLINDRICAL_SURFACE('',#1140,1.);
#1140 = AXIS2_PLACEMENT_3D('',#1141,#1142,#1143);
#1141 = CARTESIAN_POINT('',(-34.5,3.,-49.6));
#1142 = DIRECTION('',(1.,0.,0.));
#1143 = DIRECTION('',(0.,-1.,0.));
#1144 = DEFINITIONAL_REPRESENTATION('',(#1145),#1149);
#1145 = LINE('',#1146,#1147);
#1146 = CARTESIAN_POINT('',(-0.,0.));
#1147 = VECTOR('',#1148,1.);
#1148 = DIRECTION('',(-0.,1.));
#1149 = ( GEOMETRIC_REPRESENTATION_CONTEXT(2) 
PARAMETRIC_REPRESENTATION_CONTEXT() REPRESENTATION_CONTEXT('2D SPACE',''
  ) );
#1150 = ORIENTED_EDGE('',*,*,#1151,.F.);
#1151 = EDGE_CURVE('',#1152,#1124,#1154,.T.);
#1152 = VERTEX_POINT('',#1153);
#1153 = CARTESIAN_POINT('',(33.5,2.,-55.));
#1154 = SURFACE_CURVE('',#1155,(#1159,#1166),.PCURVE_S1.);
#1155 = LINE('',#1156,#1157);
#1156 = CARTESIAN_POINT('',(33.5,2.,-84.));
#1157 = VECTOR('',#1158,1.);
#1158 = DIRECTION('',(0.,0.,1.));
#1159 = PCURVE('',#187,#1160);
#1160 = DEFINITIONAL_REPRESENTATION('',(#1161),#1165);
#1161 = LINE('',#1162,#1163);
#1162 = CARTESIAN_POINT('',(0.,68.));
#1163 = VECTOR('',#1164,1.);
#1164 = DIRECTION('',(1.,0.));
#1165 = ( GEOMETRIC_REPRESENTATION_CONTEXT(2) 
PARAMETRIC_REPRESENTATION_CONTEXT() REPRESENTATION_CONTEXT('2D SPACE',''
  ) );
#1166 = PCURVE('',#1167,#1172);
#1167 = CYLINDRICAL_SURFACE('',#1168,1.);
#1168 = AXIS2_PLACEMENT_3D('',#1169,#1170,#1171);
#1169 = CARTESIAN_POINT('',(33.5,3.,-84.));
#1170 = DIRECTION('',(0.,0.,1.));
#1171 = DIRECTION('',(1.,0.,-0.));
#1172 = DEFINITIONAL_REPRESENTATION('',(#1173),#1177);
#1173 = LINE('',#1174,#1175);
#1174 = CARTESIAN_POINT('',(-1.570796326795,0.));
#1175 = VECTOR('',#1176,1.);
#1176 = DIRECTION('',(-0.,1.));
#1177 = ( GEOMETRIC_REPRESENTATION_CONTEXT(2) 
PARAMETRIC_REPRESENTATION_CONTEXT() REPRESENTATION_CONTEXT('2D SPACE',''
  ) );
#1178 = ORIENTED_EDGE('',*,*,#1179,.F.);
#1179 = EDGE_CURVE('',#1180,#1152,#1182,.T.);
#1180 = VERTEX_POINT('',#1181);
#1181 = CARTESIAN_POINT('',(24.5,2.,-55.));
#1182 = SURFACE_CURVE('',#1183,(#1187,#1194),.PCURVE_S1.);
#1183 = LINE('',#1184,#1185);
#1184 = CARTESIAN_POINT('',(23.5,2.,-55.));
#1185 = VECTOR('',#1186,1.);
#1186 = DIRECTION('',(1.,0.,0.));
#1187 = PCURVE('',#187,#1188);
#1188 = DEFINITIONAL_REPRESENTATION('',(#1189),#1193);
#1189 = LINE('',#1190,#1191);
#1190 = CARTESIAN_POINT('',(29.,58.));
#1191 = VECTOR('',#1192,1.);
#1192 = DIRECTION('',(0.,1.));
#1193 = ( GEOMETRIC_REPRESENTATION_CONTEXT(2) 
PARAMETRIC_REPRESENTATION_CONTEXT() REPRESENTATION_CONTEXT('2D SPACE',''
  ) );
#1194 = PCURVE('',#1195,#1200);
#1195 = PLANE('',#1196);
#1196 = AXIS2_PLACEMENT_3D('',#1197,#1198,#1199);
#1197 = CARTESIAN_POINT('',(23.5,-24.4,-55.));
#1198 = DIRECTION('',(0.,0.,1.));
#1199 = DIRECTION('',(1.,0.,0.));
#1200 = DEFINITIONAL_REPRESENTATION('',(#1201),#1205);
#1201 = LINE('',#1202,#1203);
#1202 = CARTESIAN_POINT('',(0.,26.4));
#1203 = VECTOR('',#1204,1.);
#1204 = DIRECTION('',(1.,0.));
#1205 = ( GEOMETRIC_REPRESENTATION_CONTEXT(2) 
PARAMETRIC_REPRESENTATION_CONTEXT() REPRESENTATION_CONTEXT('2D SPACE',''
  ) );
#1206 = ORIENTED_EDGE('',*,*,#1207,.F.);
#1207 = EDGE_CURVE('',#1208,#1180,#1210,.T.);
#1208 = VERTEX_POINT('',#1209);
#1209 = CARTESIAN_POINT('',(23.5,2.,-56.));
#1210 = SURFACE_CURVE('',#1211,(#1216,#1223),.PCURVE_S1.);
#1211 = CIRCLE('',#1212,1.);
#1212 = AXIS2_PLACEMENT_3D('',#1213,#1214,#1215);
#1213 = CARTESIAN_POINT('',(24.5,2.,-56.));
#1214 = DIRECTION('',(0.,1.,0.));
#1215 = DIRECTION('',(-1.,0.,0.));
#1216 = PCURVE('',#187,#1217);
#1217 = DEFINITIONAL_REPRESENTATION('',(#1218),#1222);
#1218 = CIRCLE('',#1219,1.);
#1219 = AXIS2_PLACEMENT_2D('',#1220,#1221);
#1220 = CARTESIAN_POINT('',(28.,59.));
#1221 = DIRECTION('',(0.,-1.));
#1222 = ( GEOMETRIC_REPRESENTATION_CONTEXT(2) 
PARAMETRIC_REPRESENTATION_CONTEXT() REPRESENTATION_CONTEXT('2D SPACE',''
  ) );
#1223 = PCURVE('',#1224,#1229);
#1224 = CYLINDRICAL_SURFACE('',#1225,1.);
#1225 = AXIS2_PLACEMENT_3D('',#1226,#1227,#1228);
#1226 = CARTESIAN_POINT('',(24.5,-24.4,-56.));
#1227 = DIRECTION('',(0.,1.,0.));
#1228 = DIRECTION('',(-1.,0.,0.));
#1229 = DEFINITIONAL_REPRESENTATION('',(#1230),#1234);
#1230 = LINE('',#1231,#1232);
#1231 = CARTESIAN_POINT('',(0.,26.4));
#1232 = VECTOR('',#1233,1.);
#1233 = DIRECTION('',(1.,0.));
#1234 = ( GEOMETRIC_REPRESENTATION_CONTEXT(2) 
PARAMETRIC_REPRESENTATION_CONTEXT() REPRESENTATION_CONTEXT('2D SPACE',''
  ) );
#1235 = ORIENTED_EDGE('',*,*,#1236,.F.);
#1236 = EDGE_CURVE('',#1237,#1208,#1239,.T.);
#1237 = VERTEX_POINT('',#1238);
#1238 = CARTESIAN_POINT('',(23.5,2.,-71.));
#1239 = SURFACE_CURVE('',#1240,(#1244,#1251),.PCURVE_S1.);
#1240 = LINE('',#1241,#1242);
#1241 = CARTESIAN_POINT('',(23.5,2.,-72.));
#1242 = VECTOR('',#1243,1.);
#1243 = DIRECTION('',(0.,0.,1.));
#1244 = PCURVE('',#187,#1245);
#1245 = DEFINITIONAL_REPRESENTATION('',(#1246),#1250);
#1246 = LINE('',#1247,#1248);
#1247 = CARTESIAN_POINT('',(12.,58.));
#1248 = VECTOR('',#1249,1.);
#1249 = DIRECTION('',(1.,0.));
#1250 = ( GEOMETRIC_REPRESENTATION_CONTEXT(2) 
PARAMETRIC_REPRESENTATION_CONTEXT() REPRESENTATION_CONTEXT('2D SPACE',''
  ) );
#1251 = PCURVE('',#1252,#1257);
#1252 = PLANE('',#1253);
#1253 = AXIS2_PLACEMENT_3D('',#1254,#1255,#1256);
#1254 = CARTESIAN_POINT('',(23.5,-24.4,-72.));
#1255 = DIRECTION('',(1.,0.,0.));
#1256 = DIRECTION('',(0.,0.,1.));
#1257 = DEFINITIONAL_REPRESENTATION('',(#1258),#1262);
#1258 = LINE('',#1259,#1260);
#1259 = CARTESIAN_POINT('',(0.,-26.4));
#1260 = VECTOR('',#1261,1.);
#1261 = DIRECTION('',(1.,0.));
#1262 = ( GEOMETRIC_REPRESENTATION_CONTEXT(2) 
PARAMETRIC_REPRESENTATION_CONTEXT() REPRESENTATION_CONTEXT('2D SPACE',''
  ) );
#1263 = ORIENTED_EDGE('',*,*,#1264,.F.);
#1264 = EDGE_CURVE('',#1265,#1237,#1267,.T.);
#1265 = VERTEX_POINT('',#1266);
#1266 = CARTESIAN_POINT('',(24.5,2.,-72.));
#1267 = SURFACE_CURVE('',#1268,(#1273,#1280),.PCURVE_S1.);
#1268 = CIRCLE('',#1269,1.);
#1269 = AXIS2_PLACEMENT_3D('',#1270,#1271,#1272);
#1270 = CARTESIAN_POINT('',(24.5,2.,-71.));
#1271 = DIRECTION('',(0.,1.,-0.));
#1272 = DIRECTION('',(-1.,0.,0.));
#1273 = PCURVE('',#187,#1274);
#1274 = DEFINITIONAL_REPRESENTATION('',(#1275),#1279);
#1275 = CIRCLE('',#1276,1.);
#1276 = AXIS2_PLACEMENT_2D('',#1277,#1278);
#1277 = CARTESIAN_POINT('',(13.,59.));
#1278 = DIRECTION('',(0.,-1.));
#1279 = ( GEOMETRIC_REPRESENTATION_CONTEXT(2) 
PARAMETRIC_REPRESENTATION_CONTEXT() REPRESENTATION_CONTEXT('2D SPACE',''
  ) );
#1280 = PCURVE('',#1281,#1286);
#1281 = CYLINDRICAL_SURFACE('',#1282,1.);
#1282 = AXIS2_PLACEMENT_3D('',#1283,#1284,#1285);
#1283 = CARTESIAN_POINT('',(24.5,-24.4,-71.));
#1284 = DIRECTION('',(0.,1.,0.));
#1285 = DIRECTION('',(-1.,0.,0.));
#1286 = DEFINITIONAL_REPRESENTATION('',(#1287),#1290);
#1287 = B_SPLINE_CURVE_WITH_KNOTS('',1,(#1288,#1289),.UNSPECIFIED.,.F.,
  .F.,(2,2),(4.712388980385,6.28318530718),.PIECEWISE_BEZIER_KNOTS.);
#1288 = CARTESIAN_POINT('',(-1.570796326795,26.4));
#1289 = CARTESIAN_POINT('',(0.,26.4));
#1290 = ( GEOMETRIC_REPRESENTATION_CONTEXT(2) 
PARAMETRIC_REPRESENTATION_CONTEXT() REPRESENTATION_CONTEXT('2D SPACE',''
  ) );
#1291 = ORIENTED_EDGE('',*,*,#1292,.T.);
#1292 = EDGE_CURVE('',#1265,#1293,#1295,.T.);
#1293 = VERTEX_POINT('',#1294);
#1294 = CARTESIAN_POINT('',(33.5,2.,-72.));
#1295 = SURFACE_CURVE('',#1296,(#1300,#1307),.PCURVE_S1.);
#1296 = LINE('',#1297,#1298);
#1297 = CARTESIAN_POINT('',(23.5,2.,-72.));
#1298 = VECTOR('',#1299,1.);
#1299 = DIRECTION('',(1.,0.,0.));
#1300 = PCURVE('',#187,#1301);
#1301 = DEFINITIONAL_REPRESENTATION('',(#1302),#1306);
#1302 = LINE('',#1303,#1304);
#1303 = CARTESIAN_POINT('',(12.,58.));
#1304 = VECTOR('',#1305,1.);
#1305 = DIRECTION('',(0.,1.));
#1306 = ( GEOMETRIC_REPRESENTATION_CONTEXT(2) 
PARAMETRIC_REPRESENTATION_CONTEXT() REPRESENTATION_CONTEXT('2D SPACE',''
  ) );
#1307 = PCURVE('',#1308,#1313);
#1308 = PLANE('',#1309);
#1309 = AXIS2_PLACEMENT_3D('',#1310,#1311,#1312);
#1310 = CARTESIAN_POINT('',(23.5,-24.4,-72.));
#1311 = DIRECTION('',(0.,0.,1.));
#1312 = DIRECTION('',(1.,0.,0.));
#1313 = DEFINITIONAL_REPRESENTATION('',(#1314),#1318);
#1314 = LINE('',#1315,#1316);
#1315 = CARTESIAN_POINT('',(0.,26.4));
#1316 = VECTOR('',#1317,1.);
#1317 = DIRECTION('',(1.,0.));
#1318 = ( GEOMETRIC_REPRESENTATION_CONTEXT(2) 
PARAMETRIC_REPRESENTATION_CONTEXT() REPRESENTATION_CONTEXT('2D SPACE',''
  ) );
#1319 = ORIENTED_EDGE('',*,*,#1320,.F.);
#1320 = EDGE_CURVE('',#742,#1293,#1321,.T.);
#1321 = SURFACE_CURVE('',#1322,(#1326,#1333),.PCURVE_S1.);
#1322 = LINE('',#1323,#1324);
#1323 = CARTESIAN_POINT('',(33.5,2.,-84.));
#1324 = VECTOR('',#1325,1.);
#1325 = DIRECTION('',(0.,0.,1.));
#1326 = PCURVE('',#187,#1327);
#1327 = DEFINITIONAL_REPRESENTATION('',(#1328),#1332);
#1328 = LINE('',#1329,#1330);
#1329 = CARTESIAN_POINT('',(0.,68.));
#1330 = VECTOR('',#1331,1.);
#1331 = DIRECTION('',(1.,0.));
#1332 = ( GEOMETRIC_REPRESENTATION_CONTEXT(2) 
PARAMETRIC_REPRESENTATION_CONTEXT() REPRESENTATION_CONTEXT('2D SPACE',''
  ) );
#1333 = PCURVE('',#1167,#1334);
#1334 = DEFINITIONAL_REPRESENTATION('',(#1335),#1339);
#1335 = LINE('',#1336,#1337);
#1336 = CARTESIAN_POINT('',(-1.570796326795,0.));
#1337 = VECTOR('',#1338,1.);
#1338 = DIRECTION('',(-0.,1.));
#1339 = ( GEOMETRIC_REPRESENTATION_CONTEXT(2) 
PARAMETRIC_REPRESENTATION_CONTEXT() REPRESENTATION_CONTEXT('2D SPACE',''
  ) );
#1340 = FACE_BOUND('',#1341,.F.);
#1341 = EDGE_LOOP('',(#1342));
#1342 = ORIENTED_EDGE('',*,*,#1343,.T.);
#1343 = EDGE_CURVE('',#1344,#1344,#1346,.T.);
#1344 = VERTEX_POINT('',#1345);
#1345 = CARTESIAN_POINT('',(-4.041334437186E-16,2.,-81.));
#1346 = SURFACE_CURVE('',#1347,(#1352,#1363),.PCURVE_S1.);
#1347 = CIRCLE('',#1348,1.65);
#1348 = AXIS2_PLACEMENT_3D('',#1349,#1350,#1351);
#1349 = CARTESIAN_POINT('',(0.,2.,-79.35));
#1350 = DIRECTION('',(0.,-1.,0.));
#1351 = DIRECTION('',(0.,-0.,-1.));
#1352 = PCURVE('',#187,#1353);
#1353 = DEFINITIONAL_REPRESENTATION('',(#1354),#1362);
#1354 = ( BOUNDED_CURVE() B_SPLINE_CURVE(2,(#1355,#1356,#1357,#1358,
#1359,#1360,#1361),.UNSPECIFIED.,.T.,.F.) B_SPLINE_CURVE_WITH_KNOTS((1,2
    ,2,2,2,1),(-2.094395102393,0.,2.094395102393,4.188790204786,
6.28318530718,8.377580409573),.UNSPECIFIED.) CURVE() 
GEOMETRIC_REPRESENTATION_ITEM() RATIONAL_B_SPLINE_CURVE((1.,0.5,1.,0.5,
1.,0.5,1.)) REPRESENTATION_ITEM('') );
#1355 = CARTESIAN_POINT('',(3.,34.5));
#1356 = CARTESIAN_POINT('',(3.,37.357883832489));
#1357 = CARTESIAN_POINT('',(5.475,35.928941916244));
#1358 = CARTESIAN_POINT('',(7.95,34.5));
#1359 = CARTESIAN_POINT('',(5.475,33.071058083756));
#1360 = CARTESIAN_POINT('',(3.,31.642116167511));
#1361 = CARTESIAN_POINT('',(3.,34.5));
#1362 = ( GEOMETRIC_REPRESENTATION_CONTEXT(2) 
PARAMETRIC_REPRESENTATION_CONTEXT() REPRESENTATION_CONTEXT('2D SPACE',''
  ) );
#1363 = PCURVE('',#1364,#1369);
#1364 = CYLINDRICAL_SURFACE('',#1365,1.65);
#1365 = AXIS2_PLACEMENT_3D('',#1366,#1367,#1368);
#1366 = CARTESIAN_POINT('',(0.,6.2,-79.35));
#1367 = DIRECTION('',(0.,-1.,0.));
#1368 = DIRECTION('',(0.,-0.,-1.));
#1369 = DEFINITIONAL_REPRESENTATION('',(#1370),#1374);
#1370 = LINE('',#1371,#1372);
#1371 = CARTESIAN_POINT('',(0.,4.2));
#1372 = VECTOR('',#1373,1.);
#1373 = DIRECTION('',(1.,0.));
#1374 = ( GEOMETRIC_REPRESENTATION_CONTEXT(2) 
PARAMETRIC_REPRESENTATION_CONTEXT() REPRESENTATION_CONTEXT('2D SPACE',''
  ) );
#1375 = ADVANCED_FACE('',(#1376),#375,.T.);
#1376 = FACE_BOUND('',#1377,.F.);
#1377 = EDGE_LOOP('',(#1378,#1400,#1401));
#1378 = ORIENTED_EDGE('',*,*,#1379,.F.);
#1379 = EDGE_CURVE('',#264,#1380,#1382,.T.);
#1380 = VERTEX_POINT('',#1381);
#1381 = CARTESIAN_POINT('',(-34.5,2.,-56.));
#1382 = SURFACE_CURVE('',#1383,(#1388,#1394),.PCURVE_S1.);
#1383 = CIRCLE('',#1384,1.);
#1384 = AXIS2_PLACEMENT_3D('',#1385,#1386,#1387);
#1385 = CARTESIAN_POINT('',(-33.5,2.,-56.));
#1386 = DIRECTION('',(0.,0.,1.));
#1387 = DIRECTION('',(-1.,0.,0.));
#1388 = PCURVE('',#375,#1389);
#1389 = DEFINITIONAL_REPRESENTATION('',(#1390),#1393);
#1390 = B_SPLINE_CURVE_WITH_KNOTS('',1,(#1391,#1392),.UNSPECIFIED.,.F.,
  .F.,(2,2),(4.712388980385,6.28318530718),.PIECEWISE_BEZIER_KNOTS.);
#1391 = CARTESIAN_POINT('',(0.,-1.570796326795));
#1392 = CARTESIAN_POINT('',(0.,0.));
#1393 = ( GEOMETRIC_REPRESENTATION_CONTEXT(2) 
PARAMETRIC_REPRESENTATION_CONTEXT() REPRESENTATION_CONTEXT('2D SPACE',''
  ) );
#1394 = PCURVE('',#278,#1395);
#1395 = DEFINITIONAL_REPRESENTATION('',(#1396),#1399);
#1396 = B_SPLINE_CURVE_WITH_KNOTS('',1,(#1397,#1398),.UNSPECIFIED.,.F.,
  .F.,(2,2),(4.712388980385,6.28318530718),.PIECEWISE_BEZIER_KNOTS.);
#1397 = CARTESIAN_POINT('',(-1.570796326795,16.));
#1398 = CARTESIAN_POINT('',(0.,16.));
#1399 = ( GEOMETRIC_REPRESENTATION_CONTEXT(2) 
PARAMETRIC_REPRESENTATION_CONTEXT() REPRESENTATION_CONTEXT('2D SPACE',''
  ) );
#1400 = ORIENTED_EDGE('',*,*,#289,.F.);
#1401 = ORIENTED_EDGE('',*,*,#1402,.F.);
#1402 = EDGE_CURVE('',#1380,#290,#1403,.T.);
#1403 = SURFACE_CURVE('',#1404,(#1409,#1416),.PCURVE_S1.);
#1404 = CIRCLE('',#1405,1.);
#1405 = AXIS2_PLACEMENT_3D('',#1406,#1407,#1408);
#1406 = CARTESIAN_POINT('',(-33.5,2.,-56.));
#1407 = DIRECTION('',(0.,1.,0.));
#1408 = DIRECTION('',(-1.,0.,0.));
#1409 = PCURVE('',#375,#1410);
#1410 = DEFINITIONAL_REPRESENTATION('',(#1411),#1415);
#1411 = LINE('',#1412,#1413);
#1412 = CARTESIAN_POINT('',(-0.,0.));
#1413 = VECTOR('',#1414,1.);
#1414 = DIRECTION('',(-1.,0.));
#1415 = ( GEOMETRIC_REPRESENTATION_CONTEXT(2) 
PARAMETRIC_REPRESENTATION_CONTEXT() REPRESENTATION_CONTEXT('2D SPACE',''
  ) );
#1416 = PCURVE('',#1417,#1422);
#1417 = CYLINDRICAL_SURFACE('',#1418,1.);
#1418 = AXIS2_PLACEMENT_3D('',#1419,#1420,#1421);
#1419 = CARTESIAN_POINT('',(-33.5,-24.4,-56.));
#1420 = DIRECTION('',(0.,1.,0.));
#1421 = DIRECTION('',(-1.,0.,0.));
#1422 = DEFINITIONAL_REPRESENTATION('',(#1423),#1427);
#1423 = LINE('',#1424,#1425);
#1424 = CARTESIAN_POINT('',(0.,26.4));
#1425 = VECTOR('',#1426,1.);
#1426 = DIRECTION('',(1.,0.));
#1427 = ( GEOMETRIC_REPRESENTATION_CONTEXT(2) 
PARAMETRIC_REPRESENTATION_CONTEXT() REPRESENTATION_CONTEXT('2D SPACE',''
  ) );
#1428 = ADVANCED_FACE('',(#1429),#278,.T.);
#1429 = FACE_BOUND('',#1430,.F.);
#1430 = EDGE_LOOP('',(#1431,#1459,#1481,#1482));
#1431 = ORIENTED_EDGE('',*,*,#1432,.F.);
#1432 = EDGE_CURVE('',#1433,#1380,#1435,.T.);
#1433 = VERTEX_POINT('',#1434);
#1434 = CARTESIAN_POINT('',(-34.5,2.,-71.));
#1435 = SURFACE_CURVE('',#1436,(#1440,#1447),.PCURVE_S1.);
#1436 = LINE('',#1437,#1438);
#1437 = CARTESIAN_POINT('',(-34.5,2.,-72.));
#1438 = VECTOR('',#1439,1.);
#1439 = DIRECTION('',(0.,0.,1.));
#1440 = PCURVE('',#278,#1441);
#1441 = DEFINITIONAL_REPRESENTATION('',(#1442),#1446);
#1442 = LINE('',#1443,#1444);
#1443 = CARTESIAN_POINT('',(-0.,0.));
#1444 = VECTOR('',#1445,1.);
#1445 = DIRECTION('',(-0.,1.));
#1446 = ( GEOMETRIC_REPRESENTATION_CONTEXT(2) 
PARAMETRIC_REPRESENTATION_CONTEXT() REPRESENTATION_CONTEXT('2D SPACE',''
  ) );
#1447 = PCURVE('',#1448,#1453);
#1448 = PLANE('',#1449);
#1449 = AXIS2_PLACEMENT_3D('',#1450,#1451,#1452);
#1450 = CARTESIAN_POINT('',(-34.5,-24.4,-72.));
#1451 = DIRECTION('',(1.,0.,0.));
#1452 = DIRECTION('',(0.,0.,1.));
#1453 = DEFINITIONAL_REPRESENTATION('',(#1454),#1458);
#1454 = LINE('',#1455,#1456);
#1455 = CARTESIAN_POINT('',(0.,-26.4));
#1456 = VECTOR('',#1457,1.);
#1457 = DIRECTION('',(1.,0.));
#1458 = ( GEOMETRIC_REPRESENTATION_CONTEXT(2) 
PARAMETRIC_REPRESENTATION_CONTEXT() REPRESENTATION_CONTEXT('2D SPACE',''
  ) );
#1459 = ORIENTED_EDGE('',*,*,#1460,.T.);
#1460 = EDGE_CURVE('',#1433,#200,#1461,.T.);
#1461 = SURFACE_CURVE('',#1462,(#1467,#1474),.PCURVE_S1.);
#1462 = CIRCLE('',#1463,1.);
#1463 = AXIS2_PLACEMENT_3D('',#1464,#1465,#1466);
#1464 = CARTESIAN_POINT('',(-33.5,2.,-71.));
#1465 = DIRECTION('',(-0.,0.,-1.));
#1466 = DIRECTION('',(-1.,0.,0.));
#1467 = PCURVE('',#278,#1468);
#1468 = DEFINITIONAL_REPRESENTATION('',(#1469),#1473);
#1469 = LINE('',#1470,#1471);
#1470 = CARTESIAN_POINT('',(-0.,1.));
#1471 = VECTOR('',#1472,1.);
#1472 = DIRECTION('',(-1.,0.));
#1473 = ( GEOMETRIC_REPRESENTATION_CONTEXT(2) 
PARAMETRIC_REPRESENTATION_CONTEXT() REPRESENTATION_CONTEXT('2D SPACE',''
  ) );
#1474 = PCURVE('',#238,#1475);
#1475 = DEFINITIONAL_REPRESENTATION('',(#1476),#1480);
#1476 = LINE('',#1477,#1478);
#1477 = CARTESIAN_POINT('',(-0.,0.));
#1478 = VECTOR('',#1479,1.);
#1479 = DIRECTION('',(-1.,0.));
#1480 = ( GEOMETRIC_REPRESENTATION_CONTEXT(2) 
PARAMETRIC_REPRESENTATION_CONTEXT() REPRESENTATION_CONTEXT('2D SPACE',''
  ) );
#1481 = ORIENTED_EDGE('',*,*,#263,.T.);
#1482 = ORIENTED_EDGE('',*,*,#1379,.T.);
#1483 = ADVANCED_FACE('',(#1484),#238,.T.);
#1484 = FACE_BOUND('',#1485,.F.);
#1485 = EDGE_LOOP('',(#1486,#1511,#1512));
#1486 = ORIENTED_EDGE('',*,*,#1487,.F.);
#1487 = EDGE_CURVE('',#172,#1433,#1488,.T.);
#1488 = SURFACE_CURVE('',#1489,(#1494,#1500),.PCURVE_S1.);
#1489 = CIRCLE('',#1490,1.);
#1490 = AXIS2_PLACEMENT_3D('',#1491,#1492,#1493);
#1491 = CARTESIAN_POINT('',(-33.5,2.,-71.));
#1492 = DIRECTION('',(0.,1.,-0.));
#1493 = DIRECTION('',(-1.,0.,0.));
#1494 = PCURVE('',#238,#1495);
#1495 = DEFINITIONAL_REPRESENTATION('',(#1496),#1499);
#1496 = B_SPLINE_CURVE_WITH_KNOTS('',1,(#1497,#1498),.UNSPECIFIED.,.F.,
  .F.,(2,2),(4.712388980385,6.28318530718),.PIECEWISE_BEZIER_KNOTS.);
#1497 = CARTESIAN_POINT('',(0.,-1.570796326795));
#1498 = CARTESIAN_POINT('',(0.,0.));
#1499 = ( GEOMETRIC_REPRESENTATION_CONTEXT(2) 
PARAMETRIC_REPRESENTATION_CONTEXT() REPRESENTATION_CONTEXT('2D SPACE',''
  ) );
#1500 = PCURVE('',#1501,#1506);
#1501 = CYLINDRICAL_SURFACE('',#1502,1.);
#1502 = AXIS2_PLACEMENT_3D('',#1503,#1504,#1505);
#1503 = CARTESIAN_POINT('',(-33.5,-24.4,-71.));
#1504 = DIRECTION('',(0.,1.,0.));
#1505 = DIRECTION('',(-1.,0.,0.));
#1506 = DEFINITIONAL_REPRESENTATION('',(#1507),#1510);
#1507 = B_SPLINE_CURVE_WITH_KNOTS('',1,(#1508,#1509),.UNSPECIFIED.,.F.,
  .F.,(2,2),(4.712388980385,6.28318530718),.PIECEWISE_BEZIER_KNOTS.);
#1508 = CARTESIAN_POINT('',(-1.570796326795,26.4));
#1509 = CARTESIAN_POINT('',(0.,26.4));
#1510 = ( GEOMETRIC_REPRESENTATION_CONTEXT(2) 
PARAMETRIC_REPRESENTATION_CONTEXT() REPRESENTATION_CONTEXT('2D SPACE',''
  ) );
#1511 = ORIENTED_EDGE('',*,*,#199,.F.);
#1512 = ORIENTED_EDGE('',*,*,#1460,.F.);
#1513 = ADVANCED_FACE('',(#1514),#159,.T.);
#1514 = FACE_BOUND('',#1515,.T.);
#1515 = EDGE_LOOP('',(#1516,#1517,#1537));
#1516 = ORIENTED_EDGE('',*,*,#475,.F.);
#1517 = ORIENTED_EDGE('',*,*,#1518,.T.);
#1518 = EDGE_CURVE('',#476,#143,#1519,.T.);
#1519 = SURFACE_CURVE('',#1520,(#1525,#1531),.PCURVE_S1.);
#1520 = CIRCLE('',#1521,1.);
#1521 = AXIS2_PLACEMENT_3D('',#1522,#1523,#1524);
#1522 = CARTESIAN_POINT('',(-33.5,3.,-83.));
#1523 = DIRECTION('',(-1.,6.123233995737E-17,0.));
#1524 = DIRECTION('',(-6.123233995737E-17,-1.,0.));
#1525 = PCURVE('',#159,#1526);
#1526 = DEFINITIONAL_REPRESENTATION('',(#1527),#1530);
#1527 = B_SPLINE_CURVE_WITH_KNOTS('',1,(#1528,#1529),.UNSPECIFIED.,.F.,
  .F.,(2,2),(4.712388980385,6.28318530718),.PIECEWISE_BEZIER_KNOTS.);
#1528 = CARTESIAN_POINT('',(1.570796326795,-1.570796326795));
#1529 = CARTESIAN_POINT('',(1.570796326795,0.));
#1530 = ( GEOMETRIC_REPRESENTATION_CONTEXT(2) 
PARAMETRIC_REPRESENTATION_CONTEXT() REPRESENTATION_CONTEXT('2D SPACE',''
  ) );
#1531 = PCURVE('',#757,#1532);
#1532 = DEFINITIONAL_REPRESENTATION('',(#1533),#1536);
#1533 = B_SPLINE_CURVE_WITH_KNOTS('',1,(#1534,#1535),.UNSPECIFIED.,.F.,
  .F.,(2,2),(4.712388980385,6.28318530718),.PIECEWISE_BEZIER_KNOTS.);
#1534 = CARTESIAN_POINT('',(1.570796326795,1.));
#1535 = CARTESIAN_POINT('',(0.,1.));
#1536 = ( GEOMETRIC_REPRESENTATION_CONTEXT(2) 
PARAMETRIC_REPRESENTATION_CONTEXT() REPRESENTATION_CONTEXT('2D SPACE',''
  ) );
#1537 = ORIENTED_EDGE('',*,*,#142,.F.);
#1538 = ADVANCED_FACE('',(#1539),#513,.F.);
#1539 = FACE_BOUND('',#1540,.F.);
#1540 = EDGE_LOOP('',(#1541,#1542,#1565,#1593));
#1541 = ORIENTED_EDGE('',*,*,#497,.F.);
#1542 = ORIENTED_EDGE('',*,*,#1543,.T.);
#1543 = EDGE_CURVE('',#476,#1544,#1546,.T.);
#1544 = VERTEX_POINT('',#1545);
#1545 = CARTESIAN_POINT('',(33.5,3.,-84.));
#1546 = SURFACE_CURVE('',#1547,(#1551,#1558),.PCURVE_S1.);
#1547 = LINE('',#1548,#1549);
#1548 = CARTESIAN_POINT('',(-34.5,3.,-84.));
#1549 = VECTOR('',#1550,1.);
#1550 = DIRECTION('',(1.,0.,0.));
#1551 = PCURVE('',#513,#1552);
#1552 = DEFINITIONAL_REPRESENTATION('',(#1553),#1557);
#1553 = LINE('',#1554,#1555);
#1554 = CARTESIAN_POINT('',(0.,1.));
#1555 = VECTOR('',#1556,1.);
#1556 = DIRECTION('',(1.,0.));
#1557 = ( GEOMETRIC_REPRESENTATION_CONTEXT(2) 
PARAMETRIC_REPRESENTATION_CONTEXT() REPRESENTATION_CONTEXT('2D SPACE',''
  ) );
#1558 = PCURVE('',#757,#1559);
#1559 = DEFINITIONAL_REPRESENTATION('',(#1560),#1564);
#1560 = LINE('',#1561,#1562);
#1561 = CARTESIAN_POINT('',(1.570796326795,0.));
#1562 = VECTOR('',#1563,1.);
#1563 = DIRECTION('',(0.,1.));
#1564 = ( GEOMETRIC_REPRESENTATION_CONTEXT(2) 
PARAMETRIC_REPRESENTATION_CONTEXT() REPRESENTATION_CONTEXT('2D SPACE',''
  ) );
#1565 = ORIENTED_EDGE('',*,*,#1566,.T.);
#1566 = EDGE_CURVE('',#1544,#1567,#1569,.T.);
#1567 = VERTEX_POINT('',#1568);
#1568 = CARTESIAN_POINT('',(33.5,5.,-84.));
#1569 = SURFACE_CURVE('',#1570,(#1574,#1581),.PCURVE_S1.);
#1570 = LINE('',#1571,#1572);
#1571 = CARTESIAN_POINT('',(33.5,2.,-84.));
#1572 = VECTOR('',#1573,1.);
#1573 = DIRECTION('',(0.,1.,0.));
#1574 = PCURVE('',#513,#1575);
#1575 = DEFINITIONAL_REPRESENTATION('',(#1576),#1580);
#1576 = LINE('',#1577,#1578);
#1577 = CARTESIAN_POINT('',(68.,0.));
#1578 = VECTOR('',#1579,1.);
#1579 = DIRECTION('',(0.,1.));
#1580 = ( GEOMETRIC_REPRESENTATION_CONTEXT(2) 
PARAMETRIC_REPRESENTATION_CONTEXT() REPRESENTATION_CONTEXT('2D SPACE',''
  ) );
#1581 = PCURVE('',#1582,#1587);
#1582 = CYLINDRICAL_SURFACE('',#1583,1.);
#1583 = AXIS2_PLACEMENT_3D('',#1584,#1585,#1586);
#1584 = CARTESIAN_POINT('',(33.5,2.,-83.));
#1585 = DIRECTION('',(0.,1.,0.));
#1586 = DIRECTION('',(1.,0.,-0.));
#1587 = DEFINITIONAL_REPRESENTATION('',(#1588),#1592);
#1588 = LINE('',#1589,#1590);
#1589 = CARTESIAN_POINT('',(1.570796326795,0.));
#1590 = VECTOR('',#1591,1.);
#1591 = DIRECTION('',(0.,1.));
#1592 = ( GEOMETRIC_REPRESENTATION_CONTEXT(2) 
PARAMETRIC_REPRESENTATION_CONTEXT() REPRESENTATION_CONTEXT('2D SPACE',''
  ) );
#1593 = ORIENTED_EDGE('',*,*,#1594,.F.);
#1594 = EDGE_CURVE('',#498,#1567,#1595,.T.);
#1595 = SURFACE_CURVE('',#1596,(#1600,#1607),.PCURVE_S1.);
#1596 = LINE('',#1597,#1598);
#1597 = CARTESIAN_POINT('',(-34.5,5.,-84.));
#1598 = VECTOR('',#1599,1.);
#1599 = DIRECTION('',(1.,0.,0.));
#1600 = PCURVE('',#513,#1601);
#1601 = DEFINITIONAL_REPRESENTATION('',(#1602),#1606);
#1602 = LINE('',#1603,#1604);
#1603 = CARTESIAN_POINT('',(0.,3.));
#1604 = VECTOR('',#1605,1.);
#1605 = DIRECTION('',(1.,0.));
#1606 = ( GEOMETRIC_REPRESENTATION_CONTEXT(2) 
PARAMETRIC_REPRESENTATION_CONTEXT() REPRESENTATION_CONTEXT('2D SPACE',''
  ) );
#1607 = PCURVE('',#1608,#1613);
#1608 = CYLINDRICAL_SURFACE('',#1609,1.);
#1609 = AXIS2_PLACEMENT_3D('',#1610,#1611,#1612);
#1610 = CARTESIAN_POINT('',(-34.5,5.,-83.));
#1611 = DIRECTION('',(1.,0.,0.));
#1612 = DIRECTION('',(-0.,1.,0.));
#1613 = DEFINITIONAL_REPRESENTATION('',(#1614),#1618);
#1614 = LINE('',#1615,#1616);
#1615 = CARTESIAN_POINT('',(-1.570796326795,0.));
#1616 = VECTOR('',#1617,1.);
#1617 = DIRECTION('',(-0.,1.));
#1618 = ( GEOMETRIC_REPRESENTATION_CONTEXT(2) 
PARAMETRIC_REPRESENTATION_CONTEXT() REPRESENTATION_CONTEXT('2D SPACE',''
  ) );
#1619 = ADVANCED_FACE('',(#1620),#539,.T.);
#1620 = FACE_BOUND('',#1621,.F.);
#1621 = EDGE_LOOP('',(#1622,#1623,#1643));
#1622 = ORIENTED_EDGE('',*,*,#525,.F.);
#1623 = ORIENTED_EDGE('',*,*,#1624,.T.);
#1624 = EDGE_CURVE('',#498,#637,#1625,.T.);
#1625 = SURFACE_CURVE('',#1626,(#1631,#1637),.PCURVE_S1.);
#1626 = CIRCLE('',#1627,1.);
#1627 = AXIS2_PLACEMENT_3D('',#1628,#1629,#1630);
#1628 = CARTESIAN_POINT('',(-33.5,5.,-83.));
#1629 = DIRECTION('',(1.,6.123233995737E-17,-0.));
#1630 = DIRECTION('',(-6.123233995737E-17,1.,0.));
#1631 = PCURVE('',#539,#1632);
#1632 = DEFINITIONAL_REPRESENTATION('',(#1633),#1636);
#1633 = B_SPLINE_CURVE_WITH_KNOTS('',1,(#1634,#1635),.UNSPECIFIED.,.F.,
  .F.,(2,2),(4.712388980385,6.28318530718),.PIECEWISE_BEZIER_KNOTS.);
#1634 = CARTESIAN_POINT('',(-1.570796326795,-1.570796326795));
#1635 = CARTESIAN_POINT('',(-1.570796326795,0.));
#1636 = ( GEOMETRIC_REPRESENTATION_CONTEXT(2) 
PARAMETRIC_REPRESENTATION_CONTEXT() REPRESENTATION_CONTEXT('2D SPACE',''
  ) );
#1637 = PCURVE('',#1608,#1638);
#1638 = DEFINITIONAL_REPRESENTATION('',(#1639),#1642);
#1639 = B_SPLINE_CURVE_WITH_KNOTS('',1,(#1640,#1641),.UNSPECIFIED.,.F.,
  .F.,(2,2),(4.712388980385,6.28318530718),.PIECEWISE_BEZIER_KNOTS.);
#1640 = CARTESIAN_POINT('',(-1.570796326795,1.));
#1641 = CARTESIAN_POINT('',(0.,1.));
#1642 = ( GEOMETRIC_REPRESENTATION_CONTEXT(2) 
PARAMETRIC_REPRESENTATION_CONTEXT() REPRESENTATION_CONTEXT('2D SPACE',''
  ) );
#1643 = ORIENTED_EDGE('',*,*,#636,.F.);
#1644 = ADVANCED_FACE('',(#1645),#592,.T.);
#1645 = FACE_BOUND('',#1646,.T.);
#1646 = EDGE_LOOP('',(#1647,#1648,#1671,#1692));
#1647 = ORIENTED_EDGE('',*,*,#576,.F.);
#1648 = ORIENTED_EDGE('',*,*,#1649,.T.);
#1649 = EDGE_CURVE('',#555,#1650,#1652,.T.);
#1650 = VERTEX_POINT('',#1651);
#1651 = CARTESIAN_POINT('',(-3.,3.,-48.6));
#1652 = SURFACE_CURVE('',#1653,(#1657,#1664),.PCURVE_S1.);
#1653 = LINE('',#1654,#1655);
#1654 = CARTESIAN_POINT('',(-34.5,3.,-48.6));
#1655 = VECTOR('',#1656,1.);
#1656 = DIRECTION('',(1.,0.,0.));
#1657 = PCURVE('',#592,#1658);
#1658 = DEFINITIONAL_REPRESENTATION('',(#1659),#1663);
#1659 = LINE('',#1660,#1661);
#1660 = CARTESIAN_POINT('',(0.,1.));
#1661 = VECTOR('',#1662,1.);
#1662 = DIRECTION('',(1.,0.));
#1663 = ( GEOMETRIC_REPRESENTATION_CONTEXT(2) 
PARAMETRIC_REPRESENTATION_CONTEXT() REPRESENTATION_CONTEXT('2D SPACE',''
  ) );
#1664 = PCURVE('',#726,#1665);
#1665 = DEFINITIONAL_REPRESENTATION('',(#1666),#1670);
#1666 = LINE('',#1667,#1668);
#1667 = CARTESIAN_POINT('',(-1.570796326795,0.));
#1668 = VECTOR('',#1669,1.);
#1669 = DIRECTION('',(-0.,1.));
#1670 = ( GEOMETRIC_REPRESENTATION_CONTEXT(2) 
PARAMETRIC_REPRESENTATION_CONTEXT() REPRESENTATION_CONTEXT('2D SPACE',''
  ) );
#1671 = ORIENTED_EDGE('',*,*,#1672,.F.);
#1672 = EDGE_CURVE('',#1673,#1650,#1675,.T.);
#1673 = VERTEX_POINT('',#1674);
#1674 = CARTESIAN_POINT('',(-3.,5.,-48.6));
#1675 = SURFACE_CURVE('',#1676,(#1680,#1686),.PCURVE_S1.);
#1676 = LINE('',#1677,#1678);
#1677 = CARTESIAN_POINT('',(-3.,10.3,-48.6));
#1678 = VECTOR('',#1679,1.);
#1679 = DIRECTION('',(0.,-1.,0.));
#1680 = PCURVE('',#592,#1681);
#1681 = DEFINITIONAL_REPRESENTATION('',(#1682),#1685);
#1682 = B_SPLINE_CURVE_WITH_KNOTS('',1,(#1683,#1684),.UNSPECIFIED.,.F.,
  .F.,(2,2),(5.3,7.3),.PIECEWISE_BEZIER_KNOTS.);
#1683 = CARTESIAN_POINT('',(31.5,3.));
#1684 = CARTESIAN_POINT('',(31.5,1.));
#1685 = ( GEOMETRIC_REPRESENTATION_CONTEXT(2) 
PARAMETRIC_REPRESENTATION_CONTEXT() REPRESENTATION_CONTEXT('2D SPACE',''
  ) );
#1686 = PCURVE('',#956,#1687);
#1687 = DEFINITIONAL_REPRESENTATION('',(#1688),#1691);
#1688 = B_SPLINE_CURVE_WITH_KNOTS('',1,(#1689,#1690),.UNSPECIFIED.,.F.,
  .F.,(2,2),(5.3,7.3),.PIECEWISE_BEZIER_KNOTS.);
#1689 = CARTESIAN_POINT('',(2.6,13.6));
#1690 = CARTESIAN_POINT('',(2.6,15.6));
#1691 = ( GEOMETRIC_REPRESENTATION_CONTEXT(2) 
PARAMETRIC_REPRESENTATION_CONTEXT() REPRESENTATION_CONTEXT('2D SPACE',''
  ) );
#1692 = ORIENTED_EDGE('',*,*,#1693,.F.);
#1693 = EDGE_CURVE('',#577,#1673,#1694,.T.);
#1694 = SURFACE_CURVE('',#1695,(#1699,#1706),.PCURVE_S1.);
#1695 = LINE('',#1696,#1697);
#1696 = CARTESIAN_POINT('',(-34.5,5.,-48.6));
#1697 = VECTOR('',#1698,1.);
#1698 = DIRECTION('',(1.,0.,0.));
#1699 = PCURVE('',#592,#1700);
#1700 = DEFINITIONAL_REPRESENTATION('',(#1701),#1705);
#1701 = LINE('',#1702,#1703);
#1702 = CARTESIAN_POINT('',(0.,3.));
#1703 = VECTOR('',#1704,1.);
#1704 = DIRECTION('',(1.,0.));
#1705 = ( GEOMETRIC_REPRESENTATION_CONTEXT(2) 
PARAMETRIC_REPRESENTATION_CONTEXT() REPRESENTATION_CONTEXT('2D SPACE',''
  ) );
#1706 = PCURVE('',#1707,#1712);
#1707 = CYLINDRICAL_SURFACE('',#1708,1.);
#1708 = AXIS2_PLACEMENT_3D('',#1709,#1710,#1711);
#1709 = CARTESIAN_POINT('',(-34.5,5.,-49.6));
#1710 = DIRECTION('',(1.,0.,0.));
#1711 = DIRECTION('',(-0.,1.,0.));
#1712 = DEFINITIONAL_REPRESENTATION('',(#1713),#1717);
#1713 = LINE('',#1714,#1715);
#1714 = CARTESIAN_POINT('',(1.570796326795,0.));
#1715 = VECTOR('',#1716,1.);
#1716 = DIRECTION('',(0.,1.));
#1717 = ( GEOMETRIC_REPRESENTATION_CONTEXT(2) 
PARAMETRIC_REPRESENTATION_CONTEXT() REPRESENTATION_CONTEXT('2D SPACE',''
  ) );
#1718 = ADVANCED_FACE('',(#1719),#619,.T.);
#1719 = FACE_BOUND('',#1720,.F.);
#1720 = EDGE_LOOP('',(#1721,#1722,#1742));
#1721 = ORIENTED_EDGE('',*,*,#688,.F.);
#1722 = ORIENTED_EDGE('',*,*,#1723,.T.);
#1723 = EDGE_CURVE('',#661,#577,#1724,.T.);
#1724 = SURFACE_CURVE('',#1725,(#1730,#1736),.PCURVE_S1.);
#1725 = CIRCLE('',#1726,1.);
#1726 = AXIS2_PLACEMENT_3D('',#1727,#1728,#1729);
#1727 = CARTESIAN_POINT('',(-33.5,5.,-49.6));
#1728 = DIRECTION('',(1.,0.,6.123233995737E-17));
#1729 = DIRECTION('',(-6.123233995737E-17,0.,1.));
#1730 = PCURVE('',#619,#1731);
#1731 = DEFINITIONAL_REPRESENTATION('',(#1732),#1735);
#1732 = B_SPLINE_CURVE_WITH_KNOTS('',1,(#1733,#1734),.UNSPECIFIED.,.F.,
  .F.,(2,2),(4.712388980385,6.28318530718),.PIECEWISE_BEZIER_KNOTS.);
#1733 = CARTESIAN_POINT('',(-1.570796326795,-1.570796326795));
#1734 = CARTESIAN_POINT('',(-1.570796326795,0.));
#1735 = ( GEOMETRIC_REPRESENTATION_CONTEXT(2) 
PARAMETRIC_REPRESENTATION_CONTEXT() REPRESENTATION_CONTEXT('2D SPACE',''
  ) );
#1736 = PCURVE('',#1707,#1737);
#1737 = DEFINITIONAL_REPRESENTATION('',(#1738),#1741);
#1738 = B_SPLINE_CURVE_WITH_KNOTS('',1,(#1739,#1740),.UNSPECIFIED.,.F.,
  .F.,(2,2),(4.712388980385,6.28318530718),.PIECEWISE_BEZIER_KNOTS.);
#1739 = CARTESIAN_POINT('',(0.,1.));
#1740 = CARTESIAN_POINT('',(1.570796326795,1.));
#1741 = ( GEOMETRIC_REPRESENTATION_CONTEXT(2) 
PARAMETRIC_REPRESENTATION_CONTEXT() REPRESENTATION_CONTEXT('2D SPACE',''
  ) );
#1742 = ORIENTED_EDGE('',*,*,#604,.F.);
#1743 = ADVANCED_FACE('',(#1744,#1994),#676,.T.);
#1744 = FACE_BOUND('',#1745,.T.);
#1745 = EDGE_LOOP('',(#1746,#1769,#1770,#1793,#1814,#1835,#1856,#1877,
    #1898,#1919,#1940,#1968));
#1746 = ORIENTED_EDGE('',*,*,#1747,.F.);
#1747 = EDGE_CURVE('',#637,#1748,#1750,.T.);
#1748 = VERTEX_POINT('',#1749);
#1749 = CARTESIAN_POINT('',(33.5,6.,-83.));
#1750 = SURFACE_CURVE('',#1751,(#1755,#1762),.PCURVE_S1.);
#1751 = LINE('',#1752,#1753);
#1752 = CARTESIAN_POINT('',(-34.5,6.,-83.));
#1753 = VECTOR('',#1754,1.);
#1754 = DIRECTION('',(1.,0.,0.));
#1755 = PCURVE('',#676,#1756);
#1756 = DEFINITIONAL_REPRESENTATION('',(#1757),#1761);
#1757 = LINE('',#1758,#1759);
#1758 = CARTESIAN_POINT('',(1.,0.));
#1759 = VECTOR('',#1760,1.);
#1760 = DIRECTION('',(0.,1.));
#1761 = ( GEOMETRIC_REPRESENTATION_CONTEXT(2) 
PARAMETRIC_REPRESENTATION_CONTEXT() REPRESENTATION_CONTEXT('2D SPACE',''
  ) );
#1762 = PCURVE('',#1608,#1763);
#1763 = DEFINITIONAL_REPRESENTATION('',(#1764),#1768);
#1764 = LINE('',#1765,#1766);
#1765 = CARTESIAN_POINT('',(-0.,0.));
#1766 = VECTOR('',#1767,1.);
#1767 = DIRECTION('',(-0.,1.));
#1768 = ( GEOMETRIC_REPRESENTATION_CONTEXT(2) 
PARAMETRIC_REPRESENTATION_CONTEXT() REPRESENTATION_CONTEXT('2D SPACE',''
  ) );
#1769 = ORIENTED_EDGE('',*,*,#660,.T.);
#1770 = ORIENTED_EDGE('',*,*,#1771,.T.);
#1771 = EDGE_CURVE('',#661,#1772,#1774,.T.);
#1772 = VERTEX_POINT('',#1773);
#1773 = CARTESIAN_POINT('',(-3.,6.,-49.6));
#1774 = SURFACE_CURVE('',#1775,(#1779,#1786),.PCURVE_S1.);
#1775 = LINE('',#1776,#1777);
#1776 = CARTESIAN_POINT('',(-34.5,6.,-49.6));
#1777 = VECTOR('',#1778,1.);
#1778 = DIRECTION('',(1.,0.,0.));
#1779 = PCURVE('',#676,#1780);
#1780 = DEFINITIONAL_REPRESENTATION('',(#1781),#1785);
#1781 = LINE('',#1782,#1783);
#1782 = CARTESIAN_POINT('',(34.4,0.));
#1783 = VECTOR('',#1784,1.);
#1784 = DIRECTION('',(0.,1.));
#1785 = ( GEOMETRIC_REPRESENTATION_CONTEXT(2) 
PARAMETRIC_REPRESENTATION_CONTEXT() REPRESENTATION_CONTEXT('2D SPACE',''
  ) );
#1786 = PCURVE('',#1707,#1787);
#1787 = DEFINITIONAL_REPRESENTATION('',(#1788),#1792);
#1788 = LINE('',#1789,#1790);
#1789 = CARTESIAN_POINT('',(0.,0.));
#1790 = VECTOR('',#1791,1.);
#1791 = DIRECTION('',(0.,1.));
#1792 = ( GEOMETRIC_REPRESENTATION_CONTEXT(2) 
PARAMETRIC_REPRESENTATION_CONTEXT() REPRESENTATION_CONTEXT('2D SPACE',''
  ) );
#1793 = ORIENTED_EDGE('',*,*,#1794,.F.);
#1794 = EDGE_CURVE('',#1795,#1772,#1797,.T.);
#1795 = VERTEX_POINT('',#1796);
#1796 = CARTESIAN_POINT('',(-3.,6.,-54.));
#1797 = SURFACE_CURVE('',#1798,(#1802,#1808),.PCURVE_S1.);
#1798 = LINE('',#1799,#1800);
#1799 = CARTESIAN_POINT('',(-3.,6.,-65.));
#1800 = VECTOR('',#1801,1.);
#1801 = DIRECTION('',(0.,-0.,1.));
#1802 = PCURVE('',#676,#1803);
#1803 = DEFINITIONAL_REPRESENTATION('',(#1804),#1807);
#1804 = B_SPLINE_CURVE_WITH_KNOTS('',1,(#1805,#1806),.UNSPECIFIED.,.F.,
  .F.,(2,2),(11.,15.4),.PIECEWISE_BEZIER_KNOTS.);
#1805 = CARTESIAN_POINT('',(30.,31.5));
#1806 = CARTESIAN_POINT('',(34.4,31.5));
#1807 = ( GEOMETRIC_REPRESENTATION_CONTEXT(2) 
PARAMETRIC_REPRESENTATION_CONTEXT() REPRESENTATION_CONTEXT('2D SPACE',''
  ) );
#1808 = PCURVE('',#956,#1809);
#1809 = DEFINITIONAL_REPRESENTATION('',(#1810),#1813);
#1810 = B_SPLINE_CURVE_WITH_KNOTS('',1,(#1811,#1812),.UNSPECIFIED.,.F.,
  .F.,(2,2),(11.,15.4),.PIECEWISE_BEZIER_KNOTS.);
#1811 = CARTESIAN_POINT('',(8.,12.6));
#1812 = CARTESIAN_POINT('',(3.6,12.6));
#1813 = ( GEOMETRIC_REPRESENTATION_CONTEXT(2) 
PARAMETRIC_REPRESENTATION_CONTEXT() REPRESENTATION_CONTEXT('2D SPACE',''
  ) );
#1814 = ORIENTED_EDGE('',*,*,#1815,.T.);
#1815 = EDGE_CURVE('',#1795,#1816,#1818,.T.);
#1816 = VERTEX_POINT('',#1817);
#1817 = CARTESIAN_POINT('',(-6.35,6.,-54.));
#1818 = SURFACE_CURVE('',#1819,(#1823,#1829),.PCURVE_S1.);
#1819 = LINE('',#1820,#1821);
#1820 = CARTESIAN_POINT('',(-14.075,6.,-54.));
#1821 = VECTOR('',#1822,1.);
#1822 = DIRECTION('',(-1.,0.,0.));
#1823 = PCURVE('',#676,#1824);
#1824 = DEFINITIONAL_REPRESENTATION('',(#1825),#1828);
#1825 = B_SPLINE_CURVE_WITH_KNOTS('',1,(#1826,#1827),.UNSPECIFIED.,.F.,
  .F.,(2,2),(-11.075,-7.725),.PIECEWISE_BEZIER_KNOTS.);
#1826 = CARTESIAN_POINT('',(30.,31.5));
#1827 = CARTESIAN_POINT('',(30.,28.15));
#1828 = ( GEOMETRIC_REPRESENTATION_CONTEXT(2) 
PARAMETRIC_REPRESENTATION_CONTEXT() REPRESENTATION_CONTEXT('2D SPACE',''
  ) );
#1829 = PCURVE('',#982,#1830);
#1830 = DEFINITIONAL_REPRESENTATION('',(#1831),#1834);
#1831 = B_SPLINE_CURVE_WITH_KNOTS('',1,(#1832,#1833),.UNSPECIFIED.,.F.,
  .F.,(2,2),(-11.075,-7.725),.PIECEWISE_BEZIER_KNOTS.);
#1832 = CARTESIAN_POINT('',(9.35,-12.6));
#1833 = CARTESIAN_POINT('',(12.7,-12.6));
#1834 = ( GEOMETRIC_REPRESENTATION_CONTEXT(2) 
PARAMETRIC_REPRESENTATION_CONTEXT() REPRESENTATION_CONTEXT('2D SPACE',''
  ) );
#1835 = ORIENTED_EDGE('',*,*,#1836,.F.);
#1836 = EDGE_CURVE('',#1837,#1816,#1839,.T.);
#1837 = VERTEX_POINT('',#1838);
#1838 = CARTESIAN_POINT('',(-6.35,6.,-76.9));
#1839 = SURFACE_CURVE('',#1840,(#1844,#1850),.PCURVE_S1.);
#1840 = LINE('',#1841,#1842);
#1841 = CARTESIAN_POINT('',(-6.35,6.,-69.));
#1842 = VECTOR('',#1843,1.);
#1843 = DIRECTION('',(0.,-0.,1.));
#1844 = PCURVE('',#676,#1845);
#1845 = DEFINITIONAL_REPRESENTATION('',(#1846),#1849);
#1846 = B_SPLINE_CURVE_WITH_KNOTS('',1,(#1847,#1848),.UNSPECIFIED.,.F.,
  .F.,(2,2),(-7.9,15.),.PIECEWISE_BEZIER_KNOTS.);
#1847 = CARTESIAN_POINT('',(7.1,28.15));
#1848 = CARTESIAN_POINT('',(30.,28.15));
#1849 = ( GEOMETRIC_REPRESENTATION_CONTEXT(2) 
PARAMETRIC_REPRESENTATION_CONTEXT() REPRESENTATION_CONTEXT('2D SPACE',''
  ) );
#1850 = PCURVE('',#1008,#1851);
#1851 = DEFINITIONAL_REPRESENTATION('',(#1852),#1855);
#1852 = B_SPLINE_CURVE_WITH_KNOTS('',1,(#1853,#1854),.UNSPECIFIED.,.F.,
  .F.,(2,2),(-7.9,15.),.PIECEWISE_BEZIER_KNOTS.);
#1853 = CARTESIAN_POINT('',(22.9,12.6));
#1854 = CARTESIAN_POINT('',(0.,12.6));
#1855 = ( GEOMETRIC_REPRESENTATION_CONTEXT(2) 
PARAMETRIC_REPRESENTATION_CONTEXT() REPRESENTATION_CONTEXT('2D SPACE',''
  ) );
#1856 = ORIENTED_EDGE('',*,*,#1857,.F.);
#1857 = EDGE_CURVE('',#1858,#1837,#1860,.T.);
#1858 = VERTEX_POINT('',#1859);
#1859 = CARTESIAN_POINT('',(6.35,6.,-76.9));
#1860 = SURFACE_CURVE('',#1861,(#1865,#1871),.PCURVE_S1.);
#1861 = LINE('',#1862,#1863);
#1862 = CARTESIAN_POINT('',(-14.075,6.,-76.9));
#1863 = VECTOR('',#1864,1.);
#1864 = DIRECTION('',(-1.,0.,0.));
#1865 = PCURVE('',#676,#1866);
#1866 = DEFINITIONAL_REPRESENTATION('',(#1867),#1870);
#1867 = B_SPLINE_CURVE_WITH_KNOTS('',1,(#1868,#1869),.UNSPECIFIED.,.F.,
  .F.,(2,2),(-20.425,-7.725),.PIECEWISE_BEZIER_KNOTS.);
#1868 = CARTESIAN_POINT('',(7.1,40.85));
#1869 = CARTESIAN_POINT('',(7.1,28.15));
#1870 = ( GEOMETRIC_REPRESENTATION_CONTEXT(2) 
PARAMETRIC_REPRESENTATION_CONTEXT() REPRESENTATION_CONTEXT('2D SPACE',''
  ) );
#1871 = PCURVE('',#1034,#1872);
#1872 = DEFINITIONAL_REPRESENTATION('',(#1873),#1876);
#1873 = B_SPLINE_CURVE_WITH_KNOTS('',1,(#1874,#1875),.UNSPECIFIED.,.F.,
  .F.,(2,2),(-20.425,-7.725),.PIECEWISE_BEZIER_KNOTS.);
#1874 = CARTESIAN_POINT('',(0.,-12.6));
#1875 = CARTESIAN_POINT('',(12.7,-12.6));
#1876 = ( GEOMETRIC_REPRESENTATION_CONTEXT(2) 
PARAMETRIC_REPRESENTATION_CONTEXT() REPRESENTATION_CONTEXT('2D SPACE',''
  ) );
#1877 = ORIENTED_EDGE('',*,*,#1878,.T.);
#1878 = EDGE_CURVE('',#1858,#1879,#1881,.T.);
#1879 = VERTEX_POINT('',#1880);
#1880 = CARTESIAN_POINT('',(6.35,6.,-54.));
#1881 = SURFACE_CURVE('',#1882,(#1886,#1892),.PCURVE_S1.);
#1882 = LINE('',#1883,#1884);
#1883 = CARTESIAN_POINT('',(6.35,6.,-69.));
#1884 = VECTOR('',#1885,1.);
#1885 = DIRECTION('',(0.,-0.,1.));
#1886 = PCURVE('',#676,#1887);
#1887 = DEFINITIONAL_REPRESENTATION('',(#1888),#1891);
#1888 = B_SPLINE_CURVE_WITH_KNOTS('',1,(#1889,#1890),.UNSPECIFIED.,.F.,
  .F.,(2,2),(-7.9,15.),.PIECEWISE_BEZIER_KNOTS.);
#1889 = CARTESIAN_POINT('',(7.1,40.85));
#1890 = CARTESIAN_POINT('',(30.,40.85));
#1891 = ( GEOMETRIC_REPRESENTATION_CONTEXT(2) 
PARAMETRIC_REPRESENTATION_CONTEXT() REPRESENTATION_CONTEXT('2D SPACE',''
  ) );
#1892 = PCURVE('',#1060,#1893);
#1893 = DEFINITIONAL_REPRESENTATION('',(#1894),#1897);
#1894 = B_SPLINE_CURVE_WITH_KNOTS('',1,(#1895,#1896),.UNSPECIFIED.,.F.,
  .F.,(2,2),(-7.9,15.),.PIECEWISE_BEZIER_KNOTS.);
#1895 = CARTESIAN_POINT('',(22.9,12.6));
#1896 = CARTESIAN_POINT('',(0.,12.6));
#1897 = ( GEOMETRIC_REPRESENTATION_CONTEXT(2) 
PARAMETRIC_REPRESENTATION_CONTEXT() REPRESENTATION_CONTEXT('2D SPACE',''
  ) );
#1898 = ORIENTED_EDGE('',*,*,#1899,.T.);
#1899 = EDGE_CURVE('',#1879,#1900,#1902,.T.);
#1900 = VERTEX_POINT('',#1901);
#1901 = CARTESIAN_POINT('',(3.,6.,-54.));
#1902 = SURFACE_CURVE('',#1903,(#1907,#1913),.PCURVE_S1.);
#1903 = LINE('',#1904,#1905);
#1904 = CARTESIAN_POINT('',(-14.075,6.,-54.));
#1905 = VECTOR('',#1906,1.);
#1906 = DIRECTION('',(-1.,0.,0.));
#1907 = PCURVE('',#676,#1908);
#1908 = DEFINITIONAL_REPRESENTATION('',(#1909),#1912);
#1909 = B_SPLINE_CURVE_WITH_KNOTS('',1,(#1910,#1911),.UNSPECIFIED.,.F.,
  .F.,(2,2),(-20.425,-17.075),.PIECEWISE_BEZIER_KNOTS.);
#1910 = CARTESIAN_POINT('',(30.,40.85));
#1911 = CARTESIAN_POINT('',(30.,37.5));
#1912 = ( GEOMETRIC_REPRESENTATION_CONTEXT(2) 
PARAMETRIC_REPRESENTATION_CONTEXT() REPRESENTATION_CONTEXT('2D SPACE',''
  ) );
#1913 = PCURVE('',#1086,#1914);
#1914 = DEFINITIONAL_REPRESENTATION('',(#1915),#1918);
#1915 = B_SPLINE_CURVE_WITH_KNOTS('',1,(#1916,#1917),.UNSPECIFIED.,.F.,
  .F.,(2,2),(-20.425,-17.075),.PIECEWISE_BEZIER_KNOTS.);
#1916 = CARTESIAN_POINT('',(0.,-12.6));
#1917 = CARTESIAN_POINT('',(3.35,-12.6));
#1918 = ( GEOMETRIC_REPRESENTATION_CONTEXT(2) 
PARAMETRIC_REPRESENTATION_CONTEXT() REPRESENTATION_CONTEXT('2D SPACE',''
  ) );
#1919 = ORIENTED_EDGE('',*,*,#1920,.T.);
#1920 = EDGE_CURVE('',#1900,#1921,#1923,.T.);
#1921 = VERTEX_POINT('',#1922);
#1922 = CARTESIAN_POINT('',(3.,6.,-49.6));
#1923 = SURFACE_CURVE('',#1924,(#1928,#1934),.PCURVE_S1.);
#1924 = LINE('',#1925,#1926);
#1925 = CARTESIAN_POINT('',(3.,6.,-65.));
#1926 = VECTOR('',#1927,1.);
#1927 = DIRECTION('',(0.,-0.,1.));
#1928 = PCURVE('',#676,#1929);
#1929 = DEFINITIONAL_REPRESENTATION('',(#1930),#1933);
#1930 = B_SPLINE_CURVE_WITH_KNOTS('',1,(#1931,#1932),.UNSPECIFIED.,.F.,
  .F.,(2,2),(11.,15.4),.PIECEWISE_BEZIER_KNOTS.);
#1931 = CARTESIAN_POINT('',(30.,37.5));
#1932 = CARTESIAN_POINT('',(34.4,37.5));
#1933 = ( GEOMETRIC_REPRESENTATION_CONTEXT(2) 
PARAMETRIC_REPRESENTATION_CONTEXT() REPRESENTATION_CONTEXT('2D SPACE',''
  ) );
#1934 = PCURVE('',#1112,#1935);
#1935 = DEFINITIONAL_REPRESENTATION('',(#1936),#1939);
#1936 = B_SPLINE_CURVE_WITH_KNOTS('',1,(#1937,#1938),.UNSPECIFIED.,.F.,
  .F.,(2,2),(11.,15.4),.PIECEWISE_BEZIER_KNOTS.);
#1937 = CARTESIAN_POINT('',(8.,12.6));
#1938 = CARTESIAN_POINT('',(3.6,12.6));
#1939 = ( GEOMETRIC_REPRESENTATION_CONTEXT(2) 
PARAMETRIC_REPRESENTATION_CONTEXT() REPRESENTATION_CONTEXT('2D SPACE',''
  ) );
#1940 = ORIENTED_EDGE('',*,*,#1941,.T.);
#1941 = EDGE_CURVE('',#1921,#1942,#1944,.T.);
#1942 = VERTEX_POINT('',#1943);
#1943 = CARTESIAN_POINT('',(33.5,6.,-49.6));
#1944 = SURFACE_CURVE('',#1945,(#1949,#1956),.PCURVE_S1.);
#1945 = LINE('',#1946,#1947);
#1946 = CARTESIAN_POINT('',(-34.5,6.,-49.6));
#1947 = VECTOR('',#1948,1.);
#1948 = DIRECTION('',(1.,0.,0.));
#1949 = PCURVE('',#676,#1950);
#1950 = DEFINITIONAL_REPRESENTATION('',(#1951),#1955);
#1951 = LINE('',#1952,#1953);
#1952 = CARTESIAN_POINT('',(34.4,0.));
#1953 = VECTOR('',#1954,1.);
#1954 = DIRECTION('',(0.,1.));
#1955 = ( GEOMETRIC_REPRESENTATION_CONTEXT(2) 
PARAMETRIC_REPRESENTATION_CONTEXT() REPRESENTATION_CONTEXT('2D SPACE',''
  ) );
#1956 = PCURVE('',#1957,#1962);
#1957 = CYLINDRICAL_SURFACE('',#1958,1.);
#1958 = AXIS2_PLACEMENT_3D('',#1959,#1960,#1961);
#1959 = CARTESIAN_POINT('',(-34.5,5.,-49.6));
#1960 = DIRECTION('',(1.,0.,0.));
#1961 = DIRECTION('',(-0.,1.,0.));
#1962 = DEFINITIONAL_REPRESENTATION('',(#1963),#1967);
#1963 = LINE('',#1964,#1965);
#1964 = CARTESIAN_POINT('',(0.,0.));
#1965 = VECTOR('',#1966,1.);
#1966 = DIRECTION('',(0.,1.));
#1967 = ( GEOMETRIC_REPRESENTATION_CONTEXT(2) 
PARAMETRIC_REPRESENTATION_CONTEXT() REPRESENTATION_CONTEXT('2D SPACE',''
  ) );
#1968 = ORIENTED_EDGE('',*,*,#1969,.F.);
#1969 = EDGE_CURVE('',#1748,#1942,#1970,.T.);
#1970 = SURFACE_CURVE('',#1971,(#1975,#1982),.PCURVE_S1.);
#1971 = LINE('',#1972,#1973);
#1972 = CARTESIAN_POINT('',(33.5,6.,-84.));
#1973 = VECTOR('',#1974,1.);
#1974 = DIRECTION('',(0.,0.,1.));
#1975 = PCURVE('',#676,#1976);
#1976 = DEFINITIONAL_REPRESENTATION('',(#1977),#1981);
#1977 = LINE('',#1978,#1979);
#1978 = CARTESIAN_POINT('',(0.,68.));
#1979 = VECTOR('',#1980,1.);
#1980 = DIRECTION('',(1.,0.));
#1981 = ( GEOMETRIC_REPRESENTATION_CONTEXT(2) 
PARAMETRIC_REPRESENTATION_CONTEXT() REPRESENTATION_CONTEXT('2D SPACE',''
  ) );
#1982 = PCURVE('',#1983,#1988);
#1983 = CYLINDRICAL_SURFACE('',#1984,1.);
#1984 = AXIS2_PLACEMENT_3D('',#1985,#1986,#1987);
#1985 = CARTESIAN_POINT('',(33.5,5.,-84.));
#1986 = DIRECTION('',(0.,0.,1.));
#1987 = DIRECTION('',(1.,0.,-0.));
#1988 = DEFINITIONAL_REPRESENTATION('',(#1989),#1993);
#1989 = LINE('',#1990,#1991);
#1990 = CARTESIAN_POINT('',(1.570796326795,0.));
#1991 = VECTOR('',#1992,1.);
#1992 = DIRECTION('',(0.,1.));
#1993 = ( GEOMETRIC_REPRESENTATION_CONTEXT(2) 
PARAMETRIC_REPRESENTATION_CONTEXT() REPRESENTATION_CONTEXT('2D SPACE',''
  ) );
#1994 = FACE_BOUND('',#1995,.T.);
#1995 = EDGE_LOOP('',(#1996));
#1996 = ORIENTED_EDGE('',*,*,#1997,.T.);
#1997 = EDGE_CURVE('',#1998,#1998,#2000,.T.);
#1998 = VERTEX_POINT('',#1999);
#1999 = CARTESIAN_POINT('',(-5.021051876504E-16,6.,-81.4));
#2000 = SURFACE_CURVE('',#2001,(#2006,#2017),.PCURVE_S1.);
#2001 = CIRCLE('',#2002,2.05);
#2002 = AXIS2_PLACEMENT_3D('',#2003,#2004,#2005);
#2003 = CARTESIAN_POINT('',(0.,6.,-79.35));
#2004 = DIRECTION('',(0.,-1.,0.));
#2005 = DIRECTION('',(0.,-0.,-1.));
#2006 = PCURVE('',#676,#2007);
#2007 = DEFINITIONAL_REPRESENTATION('',(#2008),#2016);
#2008 = ( BOUNDED_CURVE() B_SPLINE_CURVE(2,(#2009,#2010,#2011,#2012,
#2013,#2014,#2015),.UNSPECIFIED.,.T.,.F.) B_SPLINE_CURVE_WITH_KNOTS((1,2
    ,2,2,2,1),(-2.094395102393,0.,2.094395102393,4.188790204786,
6.28318530718,8.377580409573),.UNSPECIFIED.) CURVE() 
GEOMETRIC_REPRESENTATION_ITEM() RATIONAL_B_SPLINE_CURVE((1.,0.5,1.,0.5,
1.,0.5,1.)) REPRESENTATION_ITEM('') );
#2009 = CARTESIAN_POINT('',(2.6,34.5));
#2010 = CARTESIAN_POINT('',(2.6,38.050704155516));
#2011 = CARTESIAN_POINT('',(5.675,36.275352077758));
#2012 = CARTESIAN_POINT('',(8.75,34.5));
#2013 = CARTESIAN_POINT('',(5.675,32.724647922242));
#2014 = CARTESIAN_POINT('',(2.6,30.949295844484));
#2015 = CARTESIAN_POINT('',(2.6,34.5));
#2016 = ( GEOMETRIC_REPRESENTATION_CONTEXT(2) 
PARAMETRIC_REPRESENTATION_CONTEXT() REPRESENTATION_CONTEXT('2D SPACE',''
  ) );
#2017 = PCURVE('',#2018,#2023);
#2018 = CONICAL_SURFACE('',#2019,2.25,0.785398163397);
#2019 = AXIS2_PLACEMENT_3D('',#2020,#2021,#2022);
#2020 = CARTESIAN_POINT('',(0.,6.2,-79.35));
#2021 = DIRECTION('',(-0.,1.,-0.));
#2022 = DIRECTION('',(0.,-0.,-1.));
#2023 = DEFINITIONAL_REPRESENTATION('',(#2024),#2028);
#2024 = LINE('',#2025,#2026);
#2025 = CARTESIAN_POINT('',(-0.,-0.2));
#2026 = VECTOR('',#2027,1.);
#2027 = DIRECTION('',(-1.,-0.));
#2028 = ( GEOMETRIC_REPRESENTATION_CONTEXT(2) 
PARAMETRIC_REPRESENTATION_CONTEXT() REPRESENTATION_CONTEXT('2D SPACE',''
  ) );
#2029 = ADVANCED_FACE('',(#2030),#726,.T.);
#2030 = FACE_BOUND('',#2031,.F.);
#2031 = EDGE_LOOP('',(#2032,#2033,#2034,#2060));
#2032 = ORIENTED_EDGE('',*,*,#712,.F.);
#2033 = ORIENTED_EDGE('',*,*,#1649,.T.);
#2034 = ORIENTED_EDGE('',*,*,#2035,.T.);
#2035 = EDGE_CURVE('',#1650,#919,#2036,.T.);
#2036 = SURFACE_CURVE('',#2037,(#2042,#2049),.PCURVE_S1.);
#2037 = CIRCLE('',#2038,1.);
#2038 = AXIS2_PLACEMENT_3D('',#2039,#2040,#2041);
#2039 = CARTESIAN_POINT('',(-3.,3.,-49.6));
#2040 = DIRECTION('',(1.,0.,0.));
#2041 = DIRECTION('',(0.,-1.,0.));
#2042 = PCURVE('',#726,#2043);
#2043 = DEFINITIONAL_REPRESENTATION('',(#2044),#2048);
#2044 = LINE('',#2045,#2046);
#2045 = CARTESIAN_POINT('',(-6.28318530718,31.5));
#2046 = VECTOR('',#2047,1.);
#2047 = DIRECTION('',(1.,-0.));
#2048 = ( GEOMETRIC_REPRESENTATION_CONTEXT(2) 
PARAMETRIC_REPRESENTATION_CONTEXT() REPRESENTATION_CONTEXT('2D SPACE',''
  ) );
#2049 = PCURVE('',#956,#2050);
#2050 = DEFINITIONAL_REPRESENTATION('',(#2051),#2059);
#2051 = ( BOUNDED_CURVE() B_SPLINE_CURVE(2,(#2052,#2053,#2054,#2055,
#2056,#2057,#2058),.UNSPECIFIED.,.T.,.F.) B_SPLINE_CURVE_WITH_KNOTS((1,2
    ,2,2,2,1),(-2.094395102393,0.,2.094395102393,4.188790204786,
6.28318530718,8.377580409573),.UNSPECIFIED.) CURVE() 
GEOMETRIC_REPRESENTATION_ITEM() RATIONAL_B_SPLINE_CURVE((1.,0.5,1.,0.5,
1.,0.5,1.)) REPRESENTATION_ITEM('') );
#2052 = CARTESIAN_POINT('',(3.6,16.6));
#2053 = CARTESIAN_POINT('',(5.332050807569,16.6));
#2054 = CARTESIAN_POINT('',(4.466025403784,15.1));
#2055 = CARTESIAN_POINT('',(3.6,13.6));
#2056 = CARTESIAN_POINT('',(2.733974596216,15.1));
#2057 = CARTESIAN_POINT('',(1.867949192431,16.6));
#2058 = CARTESIAN_POINT('',(3.6,16.6));
#2059 = ( GEOMETRIC_REPRESENTATION_CONTEXT(2) 
PARAMETRIC_REPRESENTATION_CONTEXT() REPRESENTATION_CONTEXT('2D SPACE',''
  ) );
#2060 = ORIENTED_EDGE('',*,*,#918,.F.);
#2061 = ADVANCED_FACE('',(#2062),#757,.T.);
#2062 = FACE_BOUND('',#2063,.T.);
#2063 = EDGE_LOOP('',(#2064,#2065,#2066,#2091));
#2064 = ORIENTED_EDGE('',*,*,#1518,.F.);
#2065 = ORIENTED_EDGE('',*,*,#1543,.T.);
#2066 = ORIENTED_EDGE('',*,*,#2067,.T.);
#2067 = EDGE_CURVE('',#1544,#742,#2068,.T.);
#2068 = SURFACE_CURVE('',#2069,(#2074,#2080),.PCURVE_S1.);
#2069 = CIRCLE('',#2070,1.);
#2070 = AXIS2_PLACEMENT_3D('',#2071,#2072,#2073);
#2071 = CARTESIAN_POINT('',(33.5,3.,-83.));
#2072 = DIRECTION('',(-1.,-6.123233995737E-17,0.));
#2073 = DIRECTION('',(6.123233995737E-17,-1.,-0.));
#2074 = PCURVE('',#757,#2075);
#2075 = DEFINITIONAL_REPRESENTATION('',(#2076),#2079);
#2076 = B_SPLINE_CURVE_WITH_KNOTS('',1,(#2077,#2078),.UNSPECIFIED.,.F.,
  .F.,(2,2),(4.712388980385,6.28318530718),.PIECEWISE_BEZIER_KNOTS.);
#2077 = CARTESIAN_POINT('',(1.570796326795,68.));
#2078 = CARTESIAN_POINT('',(0.,68.));
#2079 = ( GEOMETRIC_REPRESENTATION_CONTEXT(2) 
PARAMETRIC_REPRESENTATION_CONTEXT() REPRESENTATION_CONTEXT('2D SPACE',''
  ) );
#2080 = PCURVE('',#2081,#2086);
#2081 = SPHERICAL_SURFACE('',#2082,1.);
#2082 = AXIS2_PLACEMENT_3D('',#2083,#2084,#2085);
#2083 = CARTESIAN_POINT('',(33.5,3.,-83.));
#2084 = DIRECTION('',(0.,0.,1.));
#2085 = DIRECTION('',(1.,0.,-0.));
#2086 = DEFINITIONAL_REPRESENTATION('',(#2087),#2090);
#2087 = B_SPLINE_CURVE_WITH_KNOTS('',1,(#2088,#2089),.UNSPECIFIED.,.F.,
  .F.,(2,2),(4.712388980385,6.28318530718),.PIECEWISE_BEZIER_KNOTS.);
#2088 = CARTESIAN_POINT('',(-1.570796326795,-1.570796326795));
#2089 = CARTESIAN_POINT('',(-1.570796326795,0.));
#2090 = ( GEOMETRIC_REPRESENTATION_CONTEXT(2) 
PARAMETRIC_REPRESENTATION_CONTEXT() REPRESENTATION_CONTEXT('2D SPACE',''
  ) );
#2091 = ORIENTED_EDGE('',*,*,#741,.F.);
#2092 = ADVANCED_FACE('',(#2093),#1167,.T.);
#2093 = FACE_BOUND('',#2094,.F.);
#2094 = EDGE_LOOP('',(#2095,#2125,#2147,#2148,#2212,#2238,#2369,#2370));
#2095 = ORIENTED_EDGE('',*,*,#2096,.F.);
#2096 = EDGE_CURVE('',#2097,#2099,#2101,.T.);
#2097 = VERTEX_POINT('',#2098);
#2098 = CARTESIAN_POINT('',(34.5,3.,-83.));
#2099 = VERTEX_POINT('',#2100);
#2100 = CARTESIAN_POINT('',(34.5,3.,-49.6));
#2101 = SURFACE_CURVE('',#2102,(#2106,#2113),.PCURVE_S1.);
#2102 = LINE('',#2103,#2104);
#2103 = CARTESIAN_POINT('',(34.5,3.,-84.));
#2104 = VECTOR('',#2105,1.);
#2105 = DIRECTION('',(0.,0.,1.));
#2106 = PCURVE('',#1167,#2107);
#2107 = DEFINITIONAL_REPRESENTATION('',(#2108),#2112);
#2108 = LINE('',#2109,#2110);
#2109 = CARTESIAN_POINT('',(-0.,0.));
#2110 = VECTOR('',#2111,1.);
#2111 = DIRECTION('',(-0.,1.));
#2112 = ( GEOMETRIC_REPRESENTATION_CONTEXT(2) 
PARAMETRIC_REPRESENTATION_CONTEXT() REPRESENTATION_CONTEXT('2D SPACE',''
  ) );
#2113 = PCURVE('',#2114,#2119);
#2114 = PLANE('',#2115);
#2115 = AXIS2_PLACEMENT_3D('',#2116,#2117,#2118);
#2116 = CARTESIAN_POINT('',(34.5,2.,-84.));
#2117 = DIRECTION('',(1.,0.,0.));
#2118 = DIRECTION('',(0.,0.,1.));
#2119 = DEFINITIONAL_REPRESENTATION('',(#2120),#2124);
#2120 = LINE('',#2121,#2122);
#2121 = CARTESIAN_POINT('',(0.,-1.));
#2122 = VECTOR('',#2123,1.);
#2123 = DIRECTION('',(1.,0.));
#2124 = ( GEOMETRIC_REPRESENTATION_CONTEXT(2) 
PARAMETRIC_REPRESENTATION_CONTEXT() REPRESENTATION_CONTEXT('2D SPACE',''
  ) );
#2125 = ORIENTED_EDGE('',*,*,#2126,.T.);
#2126 = EDGE_CURVE('',#2097,#742,#2127,.T.);
#2127 = SURFACE_CURVE('',#2128,(#2133,#2140),.PCURVE_S1.);
#2128 = CIRCLE('',#2129,1.);
#2129 = AXIS2_PLACEMENT_3D('',#2130,#2131,#2132);
#2130 = CARTESIAN_POINT('',(33.5,3.,-83.));
#2131 = DIRECTION('',(0.,-0.,-1.));
#2132 = DIRECTION('',(1.,0.,-0.));
#2133 = PCURVE('',#1167,#2134);
#2134 = DEFINITIONAL_REPRESENTATION('',(#2135),#2139);
#2135 = LINE('',#2136,#2137);
#2136 = CARTESIAN_POINT('',(-0.,1.));
#2137 = VECTOR('',#2138,1.);
#2138 = DIRECTION('',(-1.,0.));
#2139 = ( GEOMETRIC_REPRESENTATION_CONTEXT(2) 
PARAMETRIC_REPRESENTATION_CONTEXT() REPRESENTATION_CONTEXT('2D SPACE',''
  ) );
#2140 = PCURVE('',#2081,#2141);
#2141 = DEFINITIONAL_REPRESENTATION('',(#2142),#2146);
#2142 = LINE('',#2143,#2144);
#2143 = CARTESIAN_POINT('',(-0.,0.));
#2144 = VECTOR('',#2145,1.);
#2145 = DIRECTION('',(-1.,0.));
#2146 = ( GEOMETRIC_REPRESENTATION_CONTEXT(2) 
PARAMETRIC_REPRESENTATION_CONTEXT() REPRESENTATION_CONTEXT('2D SPACE',''
  ) );
#2147 = ORIENTED_EDGE('',*,*,#1320,.T.);
#2148 = ORIENTED_EDGE('',*,*,#2149,.F.);
#2149 = EDGE_CURVE('',#2150,#1293,#2152,.T.);
#2150 = VERTEX_POINT('',#2151);
#2151 = CARTESIAN_POINT('',(34.366025403784,2.5,-71.));
#2152 = SURFACE_CURVE('',#2153,(#2174,#2187),.PCURVE_S1.);
#2153 = B_SPLINE_CURVE_WITH_KNOTS('',4,(#2154,#2155,#2156,#2157,#2158,
    #2159,#2160,#2161,#2162,#2163,#2164,#2165,#2166,#2167,#2168,#2169,
    #2170,#2171,#2172,#2173),.UNSPECIFIED.,.F.,.F.,(5,3,3,3,3,3,5),(0.,
    0.198678755862,0.370852402121,0.58079830201,0.688169895755,
    0.794245954092,1.),.UNSPECIFIED.);
#2154 = CARTESIAN_POINT('',(34.366025403784,2.5,-71.));
#2155 = CARTESIAN_POINT('',(34.366025403784,2.5,-71.07983127914));
#2156 = CARTESIAN_POINT('',(34.361142698646,2.491496178939,
    -71.15916148971));
#2157 = CARTESIAN_POINT('',(34.35140386686,2.474759588676,
    -71.23667764299));
#2158 = CARTESIAN_POINT('',(34.323073040828,2.431558227584,
    -71.37555372841));
#2159 = CARTESIAN_POINT('',(34.305849741191,2.4066768958,-71.43768821511
    ));
#2160 = CARTESIAN_POINT('',(34.284192620037,2.378160896423,
    -71.4967578829));
#2161 = CARTESIAN_POINT('',(34.225508532443,2.310015389826,
    -71.62013225696));
#2162 = CARTESIAN_POINT('',(34.186174727475,2.269307807986,
    -71.68272439876));
#2163 = CARTESIAN_POINT('',(34.139083109844,2.22791321396,
    -71.73936806312));
#2164 = CARTESIAN_POINT('',(34.05639472617,2.168366824812,
    -71.81481165431));
#2165 = CARTESIAN_POINT('',(34.026429555846,2.148740472195,
    -71.83857632883));
#2166 = CARTESIAN_POINT('',(33.994510287378,2.129997513622,
    -71.8604654271));
#2167 = CARTESIAN_POINT('',(33.927448538614,2.095180767582,
    -71.90001374994));
#2168 = CARTESIAN_POINT('',(33.892349943652,2.079075936651,
    -71.91772157188));
#2169 = CARTESIAN_POINT('',(33.85561796127,2.064505113771,
    -71.93336561003));
#2170 = CARTESIAN_POINT('',(33.743600178703,2.026997174987,
    -71.97297937177));
#2171 = CARTESIAN_POINT('',(33.664474253633,2.009036171041,
    -71.99097711591));
#2172 = CARTESIAN_POINT('',(33.582214504621,1.999993340866,
    -72.00000232806));
#2173 = CARTESIAN_POINT('',(33.5,2.,-72.));
#2174 = PCURVE('',#1167,#2175);
#2175 = DEFINITIONAL_REPRESENTATION('',(#2176),#2186);
#2176 = B_SPLINE_CURVE_WITH_KNOTS('',8,(#2177,#2178,#2179,#2180,#2181,
    #2182,#2183,#2184,#2185),.UNSPECIFIED.,.F.,.F.,(9,9),(0.,1.),
  .PIECEWISE_BEZIER_KNOTS.);
#2177 = CARTESIAN_POINT('',(-0.523598775598,13.));
#2178 = CARTESIAN_POINT('',(-0.523598775598,12.799094576574));
#2179 = CARTESIAN_POINT('',(-0.576586485791,12.601099654992));
#2180 = CARTESIAN_POINT('',(-0.682453762985,12.415636143283));
#2181 = CARTESIAN_POINT('',(-0.821666552248,12.26679131834));
#2182 = CARTESIAN_POINT('',(-0.983102403169,12.136522126813));
#2183 = CARTESIAN_POINT('',(-1.171210183924,12.045706627987));
#2184 = CARTESIAN_POINT('',(-1.371008020669,11.999994342612));
#2185 = CARTESIAN_POINT('',(-1.570796326795,12.));
#2186 = ( GEOMETRIC_REPRESENTATION_CONTEXT(2) 
PARAMETRIC_REPRESENTATION_CONTEXT() REPRESENTATION_CONTEXT('2D SPACE',''
  ) );
#2187 = PCURVE('',#2188,#2193);
#2188 = SPHERICAL_SURFACE('',#2189,1.);
#2189 = AXIS2_PLACEMENT_3D('',#2190,#2191,#2192);
#2190 = CARTESIAN_POINT('',(33.5,2.,-71.));
#2191 = DIRECTION('',(0.,0.,1.));
#2192 = DIRECTION('',(1.,0.,-0.));
#2193 = DEFINITIONAL_REPRESENTATION('',(#2194),#2211);
#2194 = B_SPLINE_CURVE_WITH_KNOTS('',8,(#2195,#2196,#2197,#2198,#2199,
    #2200,#2201,#2202,#2203,#2204,#2205,#2206,#2207,#2208,#2209,#2210),
  .UNSPECIFIED.,.F.,.F.,(9,7,9),(0.,0.990000074646,1.),.UNSPECIFIED.);
#2195 = CARTESIAN_POINT('',(0.523598775598,0.));
#2196 = CARTESIAN_POINT('',(0.523598775598,-0.198896369192));
#2197 = CARTESIAN_POINT('',(0.497514021236,-0.394974296834));
#2198 = CARTESIAN_POINT('',(0.446265824403,-0.590481412385));
#2199 = CARTESIAN_POINT('',(0.376325503736,-0.7752386393));
#2200 = CARTESIAN_POINT('',(0.298985911438,-0.965412256063));
#2201 = CARTESIAN_POINT('',(0.204701839093,-1.159267312965));
#2202 = CARTESIAN_POINT('',(0.107136008192,-1.357016433269));
#2203 = CARTESIAN_POINT('',(6.937298992136E-03,-1.556810823851));
#2204 = CARTESIAN_POINT('',(5.93531937958E-03,-1.558808752843));
#2205 = CARTESIAN_POINT('',(4.933339767024E-03,-1.560806681835));
#2206 = CARTESIAN_POINT('',(3.931360154468E-03,-1.562804610827));
#2207 = CARTESIAN_POINT('',(2.929380541912E-03,-1.564802539819));
#2208 = CARTESIAN_POINT('',(1.927400929355E-03,-1.566800468811));
#2209 = CARTESIAN_POINT('',(9.254213167994E-04,-1.568798397803));
#2210 = CARTESIAN_POINT('',(-7.655829575664E-05,-1.570796326795));
#2211 = ( GEOMETRIC_REPRESENTATION_CONTEXT(2) 
PARAMETRIC_REPRESENTATION_CONTEXT() REPRESENTATION_CONTEXT('2D SPACE',''
  ) );
#2212 = ORIENTED_EDGE('',*,*,#2213,.T.);
#2213 = EDGE_CURVE('',#2150,#2214,#2216,.T.);
#2214 = VERTEX_POINT('',#2215);
#2215 = CARTESIAN_POINT('',(34.366025403784,2.5,-56.));
#2216 = SURFACE_CURVE('',#2217,(#2221,#2227),.PCURVE_S1.);
#2217 = LINE('',#2218,#2219);
#2218 = CARTESIAN_POINT('',(34.366025403784,2.5,-84.));
#2219 = VECTOR('',#2220,1.);
#2220 = DIRECTION('',(0.,0.,1.));
#2221 = PCURVE('',#1167,#2222);
#2222 = DEFINITIONAL_REPRESENTATION('',(#2223),#2226);
#2223 = B_SPLINE_CURVE_WITH_KNOTS('',1,(#2224,#2225),.UNSPECIFIED.,.F.,
  .F.,(2,2),(12.9999994,28.0000006),.PIECEWISE_BEZIER_KNOTS.);
#2224 = CARTESIAN_POINT('',(-0.523598775598,12.9999994));
#2225 = CARTESIAN_POINT('',(-0.523598775598,28.0000006));
#2226 = ( GEOMETRIC_REPRESENTATION_CONTEXT(2) 
PARAMETRIC_REPRESENTATION_CONTEXT() REPRESENTATION_CONTEXT('2D SPACE',''
  ) );
#2227 = PCURVE('',#2228,#2233);
#2228 = CYLINDRICAL_SURFACE('',#2229,1.);
#2229 = AXIS2_PLACEMENT_3D('',#2230,#2231,#2232);
#2230 = CARTESIAN_POINT('',(33.5,2.,-72.));
#2231 = DIRECTION('',(0.,0.,1.));
#2232 = DIRECTION('',(1.,0.,-0.));
#2233 = DEFINITIONAL_REPRESENTATION('',(#2234),#2237);
#2234 = B_SPLINE_CURVE_WITH_KNOTS('',1,(#2235,#2236),.UNSPECIFIED.,.F.,
  .F.,(2,2),(12.9999994,28.0000006),.PIECEWISE_BEZIER_KNOTS.);
#2235 = CARTESIAN_POINT('',(0.523598775598,0.9999994));
#2236 = CARTESIAN_POINT('',(0.523598775598,16.0000006));
#2237 = ( GEOMETRIC_REPRESENTATION_CONTEXT(2) 
PARAMETRIC_REPRESENTATION_CONTEXT() REPRESENTATION_CONTEXT('2D SPACE',''
  ) );
#2238 = ORIENTED_EDGE('',*,*,#2239,.F.);
#2239 = EDGE_CURVE('',#1152,#2214,#2240,.T.);
#2240 = SURFACE_CURVE('',#2241,(#2280,#2322),.PCURVE_S1.);
#2241 = B_SPLINE_CURVE_WITH_KNOTS('',7,(#2242,#2243,#2244,#2245,#2246,
    #2247,#2248,#2249,#2250,#2251,#2252,#2253,#2254,#2255,#2256,#2257,
    #2258,#2259,#2260,#2261,#2262,#2263,#2264,#2265,#2266,#2267,#2268,
    #2269,#2270,#2271,#2272,#2273,#2274,#2275,#2276,#2277,#2278,#2279),
  .UNSPECIFIED.,.F.,.F.,(8,6,6,6,6,6,8),(0.,0.13439797582,0.275060922026
    ,0.411886464507,0.53540267107,0.749667395528,1.),.UNSPECIFIED.);
#2242 = CARTESIAN_POINT('',(33.5,2.,-55.));
#2243 = CARTESIAN_POINT('',(33.531206915895,2.,-55.));
#2244 = CARTESIAN_POINT('',(33.562415421282,2.001136212694,
    -55.0011362564));
#2245 = CARTESIAN_POINT('',(33.593523338892,2.003408732265,
    -55.00340869425));
#2246 = CARTESIAN_POINT('',(33.624432003692,2.006803725683,
    -55.00681182534));
#2247 = CARTESIAN_POINT('',(33.655046711446,2.011294289499,
    -55.0113349981));
#2248 = CARTESIAN_POINT('',(33.68527716726,2.016841306654,
    -55.01696264757));
#2249 = CARTESIAN_POINT('',(33.746186001117,2.030252768258,
    -55.03069931862));
#2250 = CARTESIAN_POINT('',(33.776822059643,2.03821373037,
    -55.03891230058));
#2251 = CARTESIAN_POINT('',(33.806849765048,2.047219801325,
    -55.04829057809));
#2252 = CARTESIAN_POINT('',(33.836184337763,2.057201600203,
    -55.05880701585));
#2253 = CARTESIAN_POINT('',(33.86475243215,2.068080072678,
    -55.07043108862));
#2254 = CARTESIAN_POINT('',(33.892492005317,2.079768810249,
    -55.08312971349));
#2255 = CARTESIAN_POINT('',(33.945479598194,2.104245440018,
    -55.1102316565));
#2256 = CARTESIAN_POINT('',(33.970775408715,2.116994851941,
    -55.12457921468));
#2257 = CARTESIAN_POINT('',(33.995194261623,2.130341078212,
    -55.1398795191));
#2258 = CARTESIAN_POINT('',(34.018701192811,2.144196601485,
    -55.15610022896));
#2259 = CARTESIAN_POINT('',(34.041270988179,2.158471532549,
    -55.17320859306));
#2260 = CARTESIAN_POINT('',(34.062887541874,2.173075228768,
    -55.1911721426));
#2261 = CARTESIAN_POINT('',(34.102189662279,2.201316814234,
    -55.22691914711));
#2262 = CARTESIAN_POINT('',(34.120052576501,2.214910100533,
    -55.24454969416));
#2263 = CARTESIAN_POINT('',(34.137126558524,2.228631841451,
    -55.26282810304));
#2264 = CARTESIAN_POINT('',(34.153410702159,2.242415820956,
    -55.28173112335));
#2265 = CARTESIAN_POINT('',(34.168908261651,2.256196200355,
    -55.3012354147));
#2266 = CARTESIAN_POINT('',(34.183626319636,2.269908181683,
    -55.32131778498));
#2267 = CARTESIAN_POINT('',(34.2217731515,2.307046873738,-55.37775574326
    ));
#2268 = CARTESIAN_POINT('',(34.243653664571,2.330206084432,
    -55.41522209252));
#2269 = CARTESIAN_POINT('',(34.26327582961,2.352640406799,
    -55.45423953412));
#2270 = CARTESIAN_POINT('',(34.280714971332,2.374025494142,
    -55.49467956294));
#2271 = CARTESIAN_POINT('',(34.296065604246,2.394053316346,
    -55.53640040667));
#2272 = CARTESIAN_POINT('',(34.309434669591,2.412445382148,
    -55.57925072464));
#2273 = CARTESIAN_POINT('',(34.334350204887,2.448264154408,
    -55.67428006675));
#2274 = CARTESIAN_POINT('',(34.345213597932,2.465010659503,
    -55.72682458939));
#2275 = CARTESIAN_POINT('',(34.35366763486,2.478807454033,
    -55.78042355097));
#2276 = CARTESIAN_POINT('',(34.359877509552,2.489351475514,
    -55.8347958269));
#2277 = CARTESIAN_POINT('',(34.363977231202,2.496452466108,
    -55.88968855259));
#2278 = CARTESIAN_POINT('',(34.366025403784,2.5,-55.94485709199));
#2279 = CARTESIAN_POINT('',(34.366025403784,2.5,-56.));
#2280 = PCURVE('',#1167,#2281);
#2281 = DEFINITIONAL_REPRESENTATION('',(#2282),#2321);
#2282 = B_SPLINE_CURVE_WITH_KNOTS('',7,(#2283,#2284,#2285,#2286,#2287,
    #2288,#2289,#2290,#2291,#2292,#2293,#2294,#2295,#2296,#2297,#2298,
    #2299,#2300,#2301,#2302,#2303,#2304,#2305,#2306,#2307,#2308,#2309,
    #2310,#2311,#2312,#2313,#2314,#2315,#2316,#2317,#2318,#2319,#2320),
  .UNSPECIFIED.,.F.,.F.,(8,6,6,6,6,6,8),(0.,0.13439797582,0.275060922026
    ,0.411886464507,0.53540267107,0.749667395528,1.),.UNSPECIFIED.);
#2283 = CARTESIAN_POINT('',(-1.570796326795,29.));
#2284 = CARTESIAN_POINT('',(-1.5395894109,29.));
#2285 = CARTESIAN_POINT('',(-1.508380926103,28.998863743597));
#2286 = CARTESIAN_POINT('',(-1.477223328738,28.996591305742));
#2287 = CARTESIAN_POINT('',(-1.44616573003,28.993188174656));
#2288 = CARTESIAN_POINT('',(-1.415255410042,28.988665001896));
#2289 = CARTESIAN_POINT('',(-1.384539331607,28.983037352426));
#2290 = CARTESIAN_POINT('',(-1.322171444484,28.96930068138));
#2291 = CARTESIAN_POINT('',(-1.29054024656,28.961087699417));
#2292 = CARTESIAN_POINT('',(-1.259225265601,28.951709421905));
#2293 = CARTESIAN_POINT('',(-1.228275454646,28.941192984147));
#2294 = CARTESIAN_POINT('',(-1.197736558644,28.929568911377));
#2295 = CARTESIAN_POINT('',(-1.167652158421,28.916870286505));
#2296 = CARTESIAN_POINT('',(-1.109284441285,28.889768343494));
#2297 = CARTESIAN_POINT('',(-1.080973855583,28.875420785313));
#2298 = CARTESIAN_POINT('',(-1.053170059247,28.860120480894));
#2299 = CARTESIAN_POINT('',(-1.025908478802,28.843899771034));
#2300 = CARTESIAN_POINT('',(-0.999223110676,28.826791406936));
#2301 = CARTESIAN_POINT('',(-0.973146766289,28.808827857398));
#2302 = CARTESIAN_POINT('',(-0.924750032743,28.773080852884));
#2303 = CARTESIAN_POINT('',(-0.902311624887,28.755450305839));
#2304 = CARTESIAN_POINT('',(-0.880419121396,28.737171896958));
#2305 = CARTESIAN_POINT('',(-0.859096246004,28.718268876643));
#2306 = CARTESIAN_POINT('',(-0.838367189015,28.698764585294));
#2307 = CARTESIAN_POINT('',(-0.818256377967,28.678682215011));
#2308 = CARTESIAN_POINT('',(-0.765016700763,28.62224425674));
#2309 = CARTESIAN_POINT('',(-0.733183769527,28.584777907475));
#2310 = CARTESIAN_POINT('',(-0.703411729292,28.545760465876));
#2311 = CARTESIAN_POINT('',(-0.675842384716,28.505320437051));
#2312 = CARTESIAN_POINT('',(-0.650621969426,28.463599593326));
#2313 = CARTESIAN_POINT('',(-0.627889242934,28.420749275352));
#2314 = CARTESIAN_POINT('',(-0.584257049025,28.325719933243));
#2315 = CARTESIAN_POINT('',(-0.56430604373,28.273175410606));
#2316 = CARTESIAN_POINT('',(-0.548131076417,28.219576449026));
#2317 = CARTESIAN_POINT('',(-0.535894557606,28.165204173099));
#2318 = CARTESIAN_POINT('',(-0.527695131407,28.110311447404));
#2319 = CARTESIAN_POINT('',(-0.523598775598,28.055142908004));
#2320 = CARTESIAN_POINT('',(-0.523598775598,28.));
#2321 = ( GEOMETRIC_REPRESENTATION_CONTEXT(2) 
PARAMETRIC_REPRESENTATION_CONTEXT() REPRESENTATION_CONTEXT('2D SPACE',''
  ) );
#2322 = PCURVE('',#2323,#2328);
#2323 = SPHERICAL_SURFACE('',#2324,1.);
#2324 = AXIS2_PLACEMENT_3D('',#2325,#2326,#2327);
#2325 = CARTESIAN_POINT('',(33.5,2.,-56.));
#2326 = DIRECTION('',(-0.,-1.,-0.));
#2327 = DIRECTION('',(1.,-0.,0.));
#2328 = DEFINITIONAL_REPRESENTATION('',(#2329),#2368);
#2329 = B_SPLINE_CURVE_WITH_KNOTS('',7,(#2330,#2331,#2332,#2333,#2334,
    #2335,#2336,#2337,#2338,#2339,#2340,#2341,#2342,#2343,#2344,#2345,
    #2346,#2347,#2348,#2349,#2350,#2351,#2352,#2353,#2354,#2355,#2356,
    #2357,#2358,#2359,#2360,#2361,#2362,#2363,#2364,#2365,#2366,#2367),
  .UNSPECIFIED.,.F.,.F.,(8,6,6,6,6,6,8),(0.,0.13439797582,0.275060922026
    ,0.411886464507,0.53540267107,0.749667395528,1.),.UNSPECIFIED.);
#2330 = CARTESIAN_POINT('',(1.570796326795,-1.7763568394E-15));
#2331 = CARTESIAN_POINT('',(1.5395894109,-1.7763568394E-15));
#2332 = CARTESIAN_POINT('',(1.508380867333,-1.13619630813E-03));
#2333 = CARTESIAN_POINT('',(1.477223366045,-3.408748927103E-03));
#2334 = CARTESIAN_POINT('',(1.446165805297,-6.803734633411E-03));
#2335 = CARTESIAN_POINT('',(1.415252368874,-1.129427212381E-02));
#2336 = CARTESIAN_POINT('',(1.38452158331,-1.684164716183E-02));
#2337 = CARTESIAN_POINT('',(1.322066651864,-3.025678027519E-02));
#2338 = CARTESIAN_POINT('',(1.290360431279,-3.822123418125E-02));
#2339 = CARTESIAN_POINT('',(1.258922042491,-4.723356523659E-02));
#2340 = CARTESIAN_POINT('',(1.227773043378,-5.722663482021E-02));
#2341 = CARTESIAN_POINT('',(1.196922050437,-6.812487979752E-02));
#2342 = CARTESIAN_POINT('',(1.166365568661,-7.984679242201E-02));
#2343 = CARTESIAN_POINT('',(1.106638049382,-0.104428072168));
#2344 = CARTESIAN_POINT('',(1.077451500234,-0.117247884808));
#2345 = CARTESIAN_POINT('',(1.048513960285,-0.130689061831));
#2346 = CARTESIAN_POINT('',(1.019799888921,-0.144671216248));
#2347 = CARTESIAN_POINT('',(0.991274719395,-0.159112366963));
#2348 = CARTESIAN_POINT('',(0.962896159593,-0.173929955323));
#2349 = CARTESIAN_POINT('',(0.909085751688,-0.202683798051));
#2350 = CARTESIAN_POINT('',(0.883636451538,-0.216565184387));
#2351 = CARTESIAN_POINT('',(0.858231399406,-0.230625669071));
#2352 = CARTESIAN_POINT('',(0.83283152635,-0.244804213138));
#2353 = CARTESIAN_POINT('',(0.807395674671,-0.259039212929));
#2354 = CARTESIAN_POINT('',(0.781881385149,-0.273268622758));
#2355 = CARTESIAN_POINT('',(0.71177519302,-0.311996086336));
#2356 = CARTESIAN_POINT('',(0.666945325733,-0.336354231036));
#2357 = CARTESIAN_POINT('',(0.621527307422,-0.360182191516));
#2358 = CARTESIAN_POINT('',(0.575309228358,-0.383142067675));
#2359 = CARTESIAN_POINT('',(0.528115458239,-0.404883776263));
#2360 = CARTESIAN_POINT('',(0.479831226589,-0.425059051173));
#2361 = CARTESIAN_POINT('',(0.372718041393,-0.464711352951));
#2362 = CARTESIAN_POINT('',(0.313471222412,-0.483503060942));
#2363 = CARTESIAN_POINT('',(0.252698876429,-0.499188519612));
#2364 = CARTESIAN_POINT('',(0.190551404155,-0.51130299823));
#2365 = CARTESIAN_POINT('',(0.127376456342,-0.519502419474));
#2366 = CARTESIAN_POINT('',(6.367354556021E-02,-0.523598775598));
#2367 = CARTESIAN_POINT('',(0.,-0.523598775598));
#2368 = ( GEOMETRIC_REPRESENTATION_CONTEXT(2) 
PARAMETRIC_REPRESENTATION_CONTEXT() REPRESENTATION_CONTEXT('2D SPACE',''
  ) );
#2369 = ORIENTED_EDGE('',*,*,#1151,.T.);
#2370 = ORIENTED_EDGE('',*,*,#2371,.F.);
#2371 = EDGE_CURVE('',#2099,#1124,#2372,.T.);
#2372 = SURFACE_CURVE('',#2373,(#2378,#2385),.PCURVE_S1.);
#2373 = CIRCLE('',#2374,1.);
#2374 = AXIS2_PLACEMENT_3D('',#2375,#2376,#2377);
#2375 = CARTESIAN_POINT('',(33.5,3.,-49.6));
#2376 = DIRECTION('',(0.,0.,-1.));
#2377 = DIRECTION('',(1.,0.,0.));
#2378 = PCURVE('',#1167,#2379);
#2379 = DEFINITIONAL_REPRESENTATION('',(#2380),#2384);
#2380 = LINE('',#2381,#2382);
#2381 = CARTESIAN_POINT('',(-0.,34.4));
#2382 = VECTOR('',#2383,1.);
#2383 = DIRECTION('',(-1.,0.));
#2384 = ( GEOMETRIC_REPRESENTATION_CONTEXT(2) 
PARAMETRIC_REPRESENTATION_CONTEXT() REPRESENTATION_CONTEXT('2D SPACE',''
  ) );
#2385 = PCURVE('',#2386,#2391);
#2386 = SPHERICAL_SURFACE('',#2387,1.);
#2387 = AXIS2_PLACEMENT_3D('',#2388,#2389,#2390);
#2388 = CARTESIAN_POINT('',(33.5,3.,-49.6));
#2389 = DIRECTION('',(-0.,-0.,-1.));
#2390 = DIRECTION('',(1.,0.,0.));
#2391 = DEFINITIONAL_REPRESENTATION('',(#2392),#2396);
#2392 = LINE('',#2393,#2394);
#2393 = CARTESIAN_POINT('',(0.,0.));
#2394 = VECTOR('',#2395,1.);
#2395 = DIRECTION('',(1.,0.));
#2396 = ( GEOMETRIC_REPRESENTATION_CONTEXT(2) 
PARAMETRIC_REPRESENTATION_CONTEXT() REPRESENTATION_CONTEXT('2D SPACE',''
  ) );
#2397 = ADVANCED_FACE('',(#2398),#1308,.F.);
#2398 = FACE_BOUND('',#2399,.F.);
#2399 = EDGE_LOOP('',(#2400,#2423,#2451,#2477));
#2400 = ORIENTED_EDGE('',*,*,#2401,.F.);
#2401 = EDGE_CURVE('',#2402,#1265,#2404,.T.);
#2402 = VERTEX_POINT('',#2403);
#2403 = CARTESIAN_POINT('',(24.5,-23.4,-72.));
#2404 = SURFACE_CURVE('',#2405,(#2409,#2416),.PCURVE_S1.);
#2405 = LINE('',#2406,#2407);
#2406 = CARTESIAN_POINT('',(24.5,-24.4,-72.));
#2407 = VECTOR('',#2408,1.);
#2408 = DIRECTION('',(0.,1.,0.));
#2409 = PCURVE('',#1308,#2410);
#2410 = DEFINITIONAL_REPRESENTATION('',(#2411),#2415);
#2411 = LINE('',#2412,#2413);
#2412 = CARTESIAN_POINT('',(1.,0.));
#2413 = VECTOR('',#2414,1.);
#2414 = DIRECTION('',(0.,1.));
#2415 = ( GEOMETRIC_REPRESENTATION_CONTEXT(2) 
PARAMETRIC_REPRESENTATION_CONTEXT() REPRESENTATION_CONTEXT('2D SPACE',''
  ) );
#2416 = PCURVE('',#1281,#2417);
#2417 = DEFINITIONAL_REPRESENTATION('',(#2418),#2422);
#2418 = LINE('',#2419,#2420);
#2419 = CARTESIAN_POINT('',(-1.570796326795,0.));
#2420 = VECTOR('',#2421,1.);
#2421 = DIRECTION('',(-0.,1.));
#2422 = ( GEOMETRIC_REPRESENTATION_CONTEXT(2) 
PARAMETRIC_REPRESENTATION_CONTEXT() REPRESENTATION_CONTEXT('2D SPACE',''
  ) );
#2423 = ORIENTED_EDGE('',*,*,#2424,.T.);
#2424 = EDGE_CURVE('',#2402,#2425,#2427,.T.);
#2425 = VERTEX_POINT('',#2426);
#2426 = CARTESIAN_POINT('',(33.5,-23.4,-72.));
#2427 = SURFACE_CURVE('',#2428,(#2432,#2439),.PCURVE_S1.);
#2428 = LINE('',#2429,#2430);
#2429 = CARTESIAN_POINT('',(23.5,-23.4,-72.));
#2430 = VECTOR('',#2431,1.);
#2431 = DIRECTION('',(1.,0.,0.));
#2432 = PCURVE('',#1308,#2433);
#2433 = DEFINITIONAL_REPRESENTATION('',(#2434),#2438);
#2434 = LINE('',#2435,#2436);
#2435 = CARTESIAN_POINT('',(0.,1.));
#2436 = VECTOR('',#2437,1.);
#2437 = DIRECTION('',(1.,0.));
#2438 = ( GEOMETRIC_REPRESENTATION_CONTEXT(2) 
PARAMETRIC_REPRESENTATION_CONTEXT() REPRESENTATION_CONTEXT('2D SPACE',''
  ) );
#2439 = PCURVE('',#2440,#2445);
#2440 = CYLINDRICAL_SURFACE('',#2441,1.);
#2441 = AXIS2_PLACEMENT_3D('',#2442,#2443,#2444);
#2442 = CARTESIAN_POINT('',(23.5,-23.4,-71.));
#2443 = DIRECTION('',(1.,0.,0.));
#2444 = DIRECTION('',(0.,-1.,0.));
#2445 = DEFINITIONAL_REPRESENTATION('',(#2446),#2450);
#2446 = LINE('',#2447,#2448);
#2447 = CARTESIAN_POINT('',(1.570796326795,0.));
#2448 = VECTOR('',#2449,1.);
#2449 = DIRECTION('',(0.,1.));
#2450 = ( GEOMETRIC_REPRESENTATION_CONTEXT(2) 
PARAMETRIC_REPRESENTATION_CONTEXT() REPRESENTATION_CONTEXT('2D SPACE',''
  ) );
#2451 = ORIENTED_EDGE('',*,*,#2452,.T.);
#2452 = EDGE_CURVE('',#2425,#1293,#2453,.T.);
#2453 = SURFACE_CURVE('',#2454,(#2458,#2465),.PCURVE_S1.);
#2454 = LINE('',#2455,#2456);
#2455 = CARTESIAN_POINT('',(33.5,-24.4,-72.));
#2456 = VECTOR('',#2457,1.);
#2457 = DIRECTION('',(0.,1.,0.));
#2458 = PCURVE('',#1308,#2459);
#2459 = DEFINITIONAL_REPRESENTATION('',(#2460),#2464);
#2460 = LINE('',#2461,#2462);
#2461 = CARTESIAN_POINT('',(10.,0.));
#2462 = VECTOR('',#2463,1.);
#2463 = DIRECTION('',(0.,1.));
#2464 = ( GEOMETRIC_REPRESENTATION_CONTEXT(2) 
PARAMETRIC_REPRESENTATION_CONTEXT() REPRESENTATION_CONTEXT('2D SPACE',''
  ) );
#2465 = PCURVE('',#2466,#2471);
#2466 = CYLINDRICAL_SURFACE('',#2467,1.);
#2467 = AXIS2_PLACEMENT_3D('',#2468,#2469,#2470);
#2468 = CARTESIAN_POINT('',(33.5,-24.4,-71.));
#2469 = DIRECTION('',(0.,1.,0.));
#2470 = DIRECTION('',(1.,0.,-0.));
#2471 = DEFINITIONAL_REPRESENTATION('',(#2472),#2476);
#2472 = LINE('',#2473,#2474);
#2473 = CARTESIAN_POINT('',(1.570796326795,0.));
#2474 = VECTOR('',#2475,1.);
#2475 = DIRECTION('',(0.,1.));
#2476 = ( GEOMETRIC_REPRESENTATION_CONTEXT(2) 
PARAMETRIC_REPRESENTATION_CONTEXT() REPRESENTATION_CONTEXT('2D SPACE',''
  ) );
#2477 = ORIENTED_EDGE('',*,*,#1292,.F.);
#2478 = ADVANCED_FACE('',(#2479),#1281,.T.);
#2479 = FACE_BOUND('',#2480,.F.);
#2480 = EDGE_LOOP('',(#2481,#2508,#2509,#2510));
#2481 = ORIENTED_EDGE('',*,*,#2482,.F.);
#2482 = EDGE_CURVE('',#2402,#2483,#2485,.T.);
#2483 = VERTEX_POINT('',#2484);
#2484 = CARTESIAN_POINT('',(23.5,-23.4,-71.));
#2485 = SURFACE_CURVE('',#2486,(#2491,#2497),.PCURVE_S1.);
#2486 = CIRCLE('',#2487,1.);
#2487 = AXIS2_PLACEMENT_3D('',#2488,#2489,#2490);
#2488 = CARTESIAN_POINT('',(24.5,-23.4,-71.));
#2489 = DIRECTION('',(0.,1.,-0.));
#2490 = DIRECTION('',(-1.,0.,0.));
#2491 = PCURVE('',#1281,#2492);
#2492 = DEFINITIONAL_REPRESENTATION('',(#2493),#2496);
#2493 = B_SPLINE_CURVE_WITH_KNOTS('',1,(#2494,#2495),.UNSPECIFIED.,.F.,
  .F.,(2,2),(4.712388980385,6.28318530718),.PIECEWISE_BEZIER_KNOTS.);
#2494 = CARTESIAN_POINT('',(-1.570796326795,1.));
#2495 = CARTESIAN_POINT('',(0.,1.));
#2496 = ( GEOMETRIC_REPRESENTATION_CONTEXT(2) 
PARAMETRIC_REPRESENTATION_CONTEXT() REPRESENTATION_CONTEXT('2D SPACE',''
  ) );
#2497 = PCURVE('',#2498,#2503);
#2498 = SPHERICAL_SURFACE('',#2499,1.);
#2499 = AXIS2_PLACEMENT_3D('',#2500,#2501,#2502);
#2500 = CARTESIAN_POINT('',(24.5,-23.4,-71.));
#2501 = DIRECTION('',(0.,0.,1.));
#2502 = DIRECTION('',(-1.,0.,0.));
#2503 = DEFINITIONAL_REPRESENTATION('',(#2504),#2507);
#2504 = B_SPLINE_CURVE_WITH_KNOTS('',1,(#2505,#2506),.UNSPECIFIED.,.F.,
  .F.,(2,2),(4.712388980385,6.28318530718),.PIECEWISE_BEZIER_KNOTS.);
#2505 = CARTESIAN_POINT('',(0.,-1.570796326795));
#2506 = CARTESIAN_POINT('',(0.,0.));
#2507 = ( GEOMETRIC_REPRESENTATION_CONTEXT(2) 
PARAMETRIC_REPRESENTATION_CONTEXT() REPRESENTATION_CONTEXT('2D SPACE',''
  ) );
#2508 = ORIENTED_EDGE('',*,*,#2401,.T.);
#2509 = ORIENTED_EDGE('',*,*,#1264,.T.);
#2510 = ORIENTED_EDGE('',*,*,#2511,.F.);
#2511 = EDGE_CURVE('',#2483,#1237,#2512,.T.);
#2512 = SURFACE_CURVE('',#2513,(#2517,#2524),.PCURVE_S1.);
#2513 = LINE('',#2514,#2515);
#2514 = CARTESIAN_POINT('',(23.5,-24.4,-71.));
#2515 = VECTOR('',#2516,1.);
#2516 = DIRECTION('',(0.,1.,0.));
#2517 = PCURVE('',#1281,#2518);
#2518 = DEFINITIONAL_REPRESENTATION('',(#2519),#2523);
#2519 = LINE('',#2520,#2521);
#2520 = CARTESIAN_POINT('',(-0.,0.));
#2521 = VECTOR('',#2522,1.);
#2522 = DIRECTION('',(-0.,1.));
#2523 = ( GEOMETRIC_REPRESENTATION_CONTEXT(2) 
PARAMETRIC_REPRESENTATION_CONTEXT() REPRESENTATION_CONTEXT('2D SPACE',''
  ) );
#2524 = PCURVE('',#1252,#2525);
#2525 = DEFINITIONAL_REPRESENTATION('',(#2526),#2530);
#2526 = LINE('',#2527,#2528);
#2527 = CARTESIAN_POINT('',(1.,0.));
#2528 = VECTOR('',#2529,1.);
#2529 = DIRECTION('',(0.,-1.));
#2530 = ( GEOMETRIC_REPRESENTATION_CONTEXT(2) 
PARAMETRIC_REPRESENTATION_CONTEXT() REPRESENTATION_CONTEXT('2D SPACE',''
  ) );
#2531 = ADVANCED_FACE('',(#2532),#1252,.F.);
#2532 = FACE_BOUND('',#2533,.F.);
#2533 = EDGE_LOOP('',(#2534,#2562,#2563,#2564));
#2534 = ORIENTED_EDGE('',*,*,#2535,.F.);
#2535 = EDGE_CURVE('',#2483,#2536,#2538,.T.);
#2536 = VERTEX_POINT('',#2537);
#2537 = CARTESIAN_POINT('',(23.5,-23.4,-56.));
#2538 = SURFACE_CURVE('',#2539,(#2543,#2550),.PCURVE_S1.);
#2539 = LINE('',#2540,#2541);
#2540 = CARTESIAN_POINT('',(23.5,-23.4,-72.));
#2541 = VECTOR('',#2542,1.);
#2542 = DIRECTION('',(0.,0.,1.));
#2543 = PCURVE('',#1252,#2544);
#2544 = DEFINITIONAL_REPRESENTATION('',(#2545),#2549);
#2545 = LINE('',#2546,#2547);
#2546 = CARTESIAN_POINT('',(0.,-1.));
#2547 = VECTOR('',#2548,1.);
#2548 = DIRECTION('',(1.,0.));
#2549 = ( GEOMETRIC_REPRESENTATION_CONTEXT(2) 
PARAMETRIC_REPRESENTATION_CONTEXT() REPRESENTATION_CONTEXT('2D SPACE',''
  ) );
#2550 = PCURVE('',#2551,#2556);
#2551 = CYLINDRICAL_SURFACE('',#2552,1.);
#2552 = AXIS2_PLACEMENT_3D('',#2553,#2554,#2555);
#2553 = CARTESIAN_POINT('',(24.5,-23.4,-72.));
#2554 = DIRECTION('',(0.,0.,1.));
#2555 = DIRECTION('',(-1.,-0.,0.));
#2556 = DEFINITIONAL_REPRESENTATION('',(#2557),#2561);
#2557 = LINE('',#2558,#2559);
#2558 = CARTESIAN_POINT('',(0.,0.));
#2559 = VECTOR('',#2560,1.);
#2560 = DIRECTION('',(0.,1.));
#2561 = ( GEOMETRIC_REPRESENTATION_CONTEXT(2) 
PARAMETRIC_REPRESENTATION_CONTEXT() REPRESENTATION_CONTEXT('2D SPACE',''
  ) );
#2562 = ORIENTED_EDGE('',*,*,#2511,.T.);
#2563 = ORIENTED_EDGE('',*,*,#1236,.T.);
#2564 = ORIENTED_EDGE('',*,*,#2565,.F.);
#2565 = EDGE_CURVE('',#2536,#1208,#2566,.T.);
#2566 = SURFACE_CURVE('',#2567,(#2571,#2578),.PCURVE_S1.);
#2567 = LINE('',#2568,#2569);
#2568 = CARTESIAN_POINT('',(23.5,-24.4,-56.));
#2569 = VECTOR('',#2570,1.);
#2570 = DIRECTION('',(0.,1.,0.));
#2571 = PCURVE('',#1252,#2572);
#2572 = DEFINITIONAL_REPRESENTATION('',(#2573),#2577);
#2573 = LINE('',#2574,#2575);
#2574 = CARTESIAN_POINT('',(16.,0.));
#2575 = VECTOR('',#2576,1.);
#2576 = DIRECTION('',(0.,-1.));
#2577 = ( GEOMETRIC_REPRESENTATION_CONTEXT(2) 
PARAMETRIC_REPRESENTATION_CONTEXT() REPRESENTATION_CONTEXT('2D SPACE',''
  ) );
#2578 = PCURVE('',#1224,#2579);
#2579 = DEFINITIONAL_REPRESENTATION('',(#2580),#2584);
#2580 = LINE('',#2581,#2582);
#2581 = CARTESIAN_POINT('',(0.,0.));
#2582 = VECTOR('',#2583,1.);
#2583 = DIRECTION('',(0.,1.));
#2584 = ( GEOMETRIC_REPRESENTATION_CONTEXT(2) 
PARAMETRIC_REPRESENTATION_CONTEXT() REPRESENTATION_CONTEXT('2D SPACE',''
  ) );
#2585 = ADVANCED_FACE('',(#2586),#1224,.T.);
#2586 = FACE_BOUND('',#2587,.T.);
#2587 = EDGE_LOOP('',(#2588,#2615,#2636,#2637));
#2588 = ORIENTED_EDGE('',*,*,#2589,.F.);
#2589 = EDGE_CURVE('',#2590,#2536,#2592,.T.);
#2590 = VERTEX_POINT('',#2591);
#2591 = CARTESIAN_POINT('',(24.5,-23.4,-55.));
#2592 = SURFACE_CURVE('',#2593,(#2598,#2604),.PCURVE_S1.);
#2593 = CIRCLE('',#2594,1.);
#2594 = AXIS2_PLACEMENT_3D('',#2595,#2596,#2597);
#2595 = CARTESIAN_POINT('',(24.5,-23.4,-56.));
#2596 = DIRECTION('',(0.,-1.,0.));
#2597 = DIRECTION('',(-1.,0.,0.));
#2598 = PCURVE('',#1224,#2599);
#2599 = DEFINITIONAL_REPRESENTATION('',(#2600),#2603);
#2600 = B_SPLINE_CURVE_WITH_KNOTS('',1,(#2601,#2602),.UNSPECIFIED.,.F.,
  .F.,(2,2),(4.712388980385,6.28318530718),.PIECEWISE_BEZIER_KNOTS.);
#2601 = CARTESIAN_POINT('',(1.570796326795,1.));
#2602 = CARTESIAN_POINT('',(0.,1.));
#2603 = ( GEOMETRIC_REPRESENTATION_CONTEXT(2) 
PARAMETRIC_REPRESENTATION_CONTEXT() REPRESENTATION_CONTEXT('2D SPACE',''
  ) );
#2604 = PCURVE('',#2605,#2610);
#2605 = SPHERICAL_SURFACE('',#2606,1.);
#2606 = AXIS2_PLACEMENT_3D('',#2607,#2608,#2609);
#2607 = CARTESIAN_POINT('',(24.5,-23.4,-56.));
#2608 = DIRECTION('',(-0.,-0.,-1.));
#2609 = DIRECTION('',(-1.,0.,0.));
#2610 = DEFINITIONAL_REPRESENTATION('',(#2611),#2614);
#2611 = B_SPLINE_CURVE_WITH_KNOTS('',1,(#2612,#2613),.UNSPECIFIED.,.F.,
  .F.,(2,2),(4.712388980385,6.28318530718),.PIECEWISE_BEZIER_KNOTS.);
#2612 = CARTESIAN_POINT('',(0.,-1.570796326795));
#2613 = CARTESIAN_POINT('',(0.,0.));
#2614 = ( GEOMETRIC_REPRESENTATION_CONTEXT(2) 
PARAMETRIC_REPRESENTATION_CONTEXT() REPRESENTATION_CONTEXT('2D SPACE',''
  ) );
#2615 = ORIENTED_EDGE('',*,*,#2616,.T.);
#2616 = EDGE_CURVE('',#2590,#1180,#2617,.T.);
#2617 = SURFACE_CURVE('',#2618,(#2622,#2629),.PCURVE_S1.);
#2618 = LINE('',#2619,#2620);
#2619 = CARTESIAN_POINT('',(24.5,-24.4,-55.));
#2620 = VECTOR('',#2621,1.);
#2621 = DIRECTION('',(0.,1.,0.));
#2622 = PCURVE('',#1224,#2623);
#2623 = DEFINITIONAL_REPRESENTATION('',(#2624),#2628);
#2624 = LINE('',#2625,#2626);
#2625 = CARTESIAN_POINT('',(1.570796326795,0.));
#2626 = VECTOR('',#2627,1.);
#2627 = DIRECTION('',(0.,1.));
#2628 = ( GEOMETRIC_REPRESENTATION_CONTEXT(2) 
PARAMETRIC_REPRESENTATION_CONTEXT() REPRESENTATION_CONTEXT('2D SPACE',''
  ) );
#2629 = PCURVE('',#1195,#2630);
#2630 = DEFINITIONAL_REPRESENTATION('',(#2631),#2635);
#2631 = LINE('',#2632,#2633);
#2632 = CARTESIAN_POINT('',(1.,0.));
#2633 = VECTOR('',#2634,1.);
#2634 = DIRECTION('',(0.,1.));
#2635 = ( GEOMETRIC_REPRESENTATION_CONTEXT(2) 
PARAMETRIC_REPRESENTATION_CONTEXT() REPRESENTATION_CONTEXT('2D SPACE',''
  ) );
#2636 = ORIENTED_EDGE('',*,*,#1207,.F.);
#2637 = ORIENTED_EDGE('',*,*,#2565,.F.);
#2638 = ADVANCED_FACE('',(#2639),#1195,.T.);
#2639 = FACE_BOUND('',#2640,.T.);
#2640 = EDGE_LOOP('',(#2641,#2642,#2670,#2696));
#2641 = ORIENTED_EDGE('',*,*,#2616,.F.);
#2642 = ORIENTED_EDGE('',*,*,#2643,.T.);
#2643 = EDGE_CURVE('',#2590,#2644,#2646,.T.);
#2644 = VERTEX_POINT('',#2645);
#2645 = CARTESIAN_POINT('',(33.5,-23.4,-55.));
#2646 = SURFACE_CURVE('',#2647,(#2651,#2658),.PCURVE_S1.);
#2647 = LINE('',#2648,#2649);
#2648 = CARTESIAN_POINT('',(23.5,-23.4,-55.));
#2649 = VECTOR('',#2650,1.);
#2650 = DIRECTION('',(1.,0.,0.));
#2651 = PCURVE('',#1195,#2652);
#2652 = DEFINITIONAL_REPRESENTATION('',(#2653),#2657);
#2653 = LINE('',#2654,#2655);
#2654 = CARTESIAN_POINT('',(0.,1.));
#2655 = VECTOR('',#2656,1.);
#2656 = DIRECTION('',(1.,0.));
#2657 = ( GEOMETRIC_REPRESENTATION_CONTEXT(2) 
PARAMETRIC_REPRESENTATION_CONTEXT() REPRESENTATION_CONTEXT('2D SPACE',''
  ) );
#2658 = PCURVE('',#2659,#2664);
#2659 = CYLINDRICAL_SURFACE('',#2660,1.);
#2660 = AXIS2_PLACEMENT_3D('',#2661,#2662,#2663);
#2661 = CARTESIAN_POINT('',(23.5,-23.4,-56.));
#2662 = DIRECTION('',(1.,0.,0.));
#2663 = DIRECTION('',(0.,-1.,0.));
#2664 = DEFINITIONAL_REPRESENTATION('',(#2665),#2669);
#2665 = LINE('',#2666,#2667);
#2666 = CARTESIAN_POINT('',(-1.570796326795,0.));
#2667 = VECTOR('',#2668,1.);
#2668 = DIRECTION('',(-0.,1.));
#2669 = ( GEOMETRIC_REPRESENTATION_CONTEXT(2) 
PARAMETRIC_REPRESENTATION_CONTEXT() REPRESENTATION_CONTEXT('2D SPACE',''
  ) );
#2670 = ORIENTED_EDGE('',*,*,#2671,.T.);
#2671 = EDGE_CURVE('',#2644,#1152,#2672,.T.);
#2672 = SURFACE_CURVE('',#2673,(#2677,#2684),.PCURVE_S1.);
#2673 = LINE('',#2674,#2675);
#2674 = CARTESIAN_POINT('',(33.5,-24.4,-55.));
#2675 = VECTOR('',#2676,1.);
#2676 = DIRECTION('',(0.,1.,0.));
#2677 = PCURVE('',#1195,#2678);
#2678 = DEFINITIONAL_REPRESENTATION('',(#2679),#2683);
#2679 = LINE('',#2680,#2681);
#2680 = CARTESIAN_POINT('',(10.,0.));
#2681 = VECTOR('',#2682,1.);
#2682 = DIRECTION('',(0.,1.));
#2683 = ( GEOMETRIC_REPRESENTATION_CONTEXT(2) 
PARAMETRIC_REPRESENTATION_CONTEXT() REPRESENTATION_CONTEXT('2D SPACE',''
  ) );
#2684 = PCURVE('',#2685,#2690);
#2685 = CYLINDRICAL_SURFACE('',#2686,1.);
#2686 = AXIS2_PLACEMENT_3D('',#2687,#2688,#2689);
#2687 = CARTESIAN_POINT('',(33.5,-24.4,-56.));
#2688 = DIRECTION('',(0.,1.,0.));
#2689 = DIRECTION('',(1.,0.,-0.));
#2690 = DEFINITIONAL_REPRESENTATION('',(#2691),#2695);
#2691 = LINE('',#2692,#2693);
#2692 = CARTESIAN_POINT('',(-1.570796326795,0.));
#2693 = VECTOR('',#2694,1.);
#2694 = DIRECTION('',(-0.,1.));
#2695 = ( GEOMETRIC_REPRESENTATION_CONTEXT(2) 
PARAMETRIC_REPRESENTATION_CONTEXT() REPRESENTATION_CONTEXT('2D SPACE',''
  ) );
#2696 = ORIENTED_EDGE('',*,*,#1179,.F.);
#2697 = ADVANCED_FACE('',(#2698),#1139,.T.);
#2698 = FACE_BOUND('',#2699,.F.);
#2699 = EDGE_LOOP('',(#2700,#2728,#2756,#2776));
#2700 = ORIENTED_EDGE('',*,*,#2701,.F.);
#2701 = EDGE_CURVE('',#2702,#1098,#2704,.T.);
#2702 = VERTEX_POINT('',#2703);
#2703 = CARTESIAN_POINT('',(3.,3.,-48.6));
#2704 = SURFACE_CURVE('',#2705,(#2710,#2717),.PCURVE_S1.);
#2705 = CIRCLE('',#2706,1.);
#2706 = AXIS2_PLACEMENT_3D('',#2707,#2708,#2709);
#2707 = CARTESIAN_POINT('',(3.,3.,-49.6));
#2708 = DIRECTION('',(1.,0.,0.));
#2709 = DIRECTION('',(0.,-1.,0.));
#2710 = PCURVE('',#1139,#2711);
#2711 = DEFINITIONAL_REPRESENTATION('',(#2712),#2716);
#2712 = LINE('',#2713,#2714);
#2713 = CARTESIAN_POINT('',(-6.28318530718,37.5));
#2714 = VECTOR('',#2715,1.);
#2715 = DIRECTION('',(1.,-0.));
#2716 = ( GEOMETRIC_REPRESENTATION_CONTEXT(2) 
PARAMETRIC_REPRESENTATION_CONTEXT() REPRESENTATION_CONTEXT('2D SPACE',''
  ) );
#2717 = PCURVE('',#1112,#2718);
#2718 = DEFINITIONAL_REPRESENTATION('',(#2719),#2727);
#2719 = ( BOUNDED_CURVE() B_SPLINE_CURVE(2,(#2720,#2721,#2722,#2723,
#2724,#2725,#2726),.UNSPECIFIED.,.T.,.F.) B_SPLINE_CURVE_WITH_KNOTS((1,2
    ,2,2,2,1),(-2.094395102393,0.,2.094395102393,4.188790204786,
6.28318530718,8.377580409573),.UNSPECIFIED.) CURVE() 
GEOMETRIC_REPRESENTATION_ITEM() RATIONAL_B_SPLINE_CURVE((1.,0.5,1.,0.5,
1.,0.5,1.)) REPRESENTATION_ITEM('') );
#2720 = CARTESIAN_POINT('',(3.6,16.6));
#2721 = CARTESIAN_POINT('',(5.332050807569,16.6));
#2722 = CARTESIAN_POINT('',(4.466025403784,15.1));
#2723 = CARTESIAN_POINT('',(3.6,13.6));
#2724 = CARTESIAN_POINT('',(2.733974596216,15.1));
#2725 = CARTESIAN_POINT('',(1.867949192431,16.6));
#2726 = CARTESIAN_POINT('',(3.6,16.6));
#2727 = ( GEOMETRIC_REPRESENTATION_CONTEXT(2) 
PARAMETRIC_REPRESENTATION_CONTEXT() REPRESENTATION_CONTEXT('2D SPACE',''
  ) );
#2728 = ORIENTED_EDGE('',*,*,#2729,.T.);
#2729 = EDGE_CURVE('',#2702,#2730,#2732,.T.);
#2730 = VERTEX_POINT('',#2731);
#2731 = CARTESIAN_POINT('',(33.5,3.,-48.6));
#2732 = SURFACE_CURVE('',#2733,(#2737,#2744),.PCURVE_S1.);
#2733 = LINE('',#2734,#2735);
#2734 = CARTESIAN_POINT('',(-34.5,3.,-48.6));
#2735 = VECTOR('',#2736,1.);
#2736 = DIRECTION('',(1.,0.,0.));
#2737 = PCURVE('',#1139,#2738);
#2738 = DEFINITIONAL_REPRESENTATION('',(#2739),#2743);
#2739 = LINE('',#2740,#2741);
#2740 = CARTESIAN_POINT('',(-1.570796326795,0.));
#2741 = VECTOR('',#2742,1.);
#2742 = DIRECTION('',(-0.,1.));
#2743 = ( GEOMETRIC_REPRESENTATION_CONTEXT(2) 
PARAMETRIC_REPRESENTATION_CONTEXT() REPRESENTATION_CONTEXT('2D SPACE',''
  ) );
#2744 = PCURVE('',#2745,#2750);
#2745 = PLANE('',#2746);
#2746 = AXIS2_PLACEMENT_3D('',#2747,#2748,#2749);
#2747 = CARTESIAN_POINT('',(-34.5,2.,-48.6));
#2748 = DIRECTION('',(0.,0.,1.));
#2749 = DIRECTION('',(1.,0.,0.));
#2750 = DEFINITIONAL_REPRESENTATION('',(#2751),#2755);
#2751 = LINE('',#2752,#2753);
#2752 = CARTESIAN_POINT('',(0.,1.));
#2753 = VECTOR('',#2754,1.);
#2754 = DIRECTION('',(1.,0.));
#2755 = ( GEOMETRIC_REPRESENTATION_CONTEXT(2) 
PARAMETRIC_REPRESENTATION_CONTEXT() REPRESENTATION_CONTEXT('2D SPACE',''
  ) );
#2756 = ORIENTED_EDGE('',*,*,#2757,.T.);
#2757 = EDGE_CURVE('',#2730,#1124,#2758,.T.);
#2758 = SURFACE_CURVE('',#2759,(#2764,#2770),.PCURVE_S1.);
#2759 = CIRCLE('',#2760,1.);
#2760 = AXIS2_PLACEMENT_3D('',#2761,#2762,#2763);
#2761 = CARTESIAN_POINT('',(33.5,3.,-49.6));
#2762 = DIRECTION('',(1.,6.123233995737E-17,0.));
#2763 = DIRECTION('',(6.123233995737E-17,-1.,0.));
#2764 = PCURVE('',#1139,#2765);
#2765 = DEFINITIONAL_REPRESENTATION('',(#2766),#2769);
#2766 = B_SPLINE_CURVE_WITH_KNOTS('',1,(#2767,#2768),.UNSPECIFIED.,.F.,
  .F.,(2,2),(4.712388980385,6.28318530718),.PIECEWISE_BEZIER_KNOTS.);
#2767 = CARTESIAN_POINT('',(-1.570796326795,68.));
#2768 = CARTESIAN_POINT('',(0.,68.));
#2769 = ( GEOMETRIC_REPRESENTATION_CONTEXT(2) 
PARAMETRIC_REPRESENTATION_CONTEXT() REPRESENTATION_CONTEXT('2D SPACE',''
  ) );
#2770 = PCURVE('',#2386,#2771);
#2771 = DEFINITIONAL_REPRESENTATION('',(#2772),#2775);
#2772 = B_SPLINE_CURVE_WITH_KNOTS('',1,(#2773,#2774),.UNSPECIFIED.,.F.,
  .F.,(2,2),(4.712388980385,6.28318530718),.PIECEWISE_BEZIER_KNOTS.);
#2773 = CARTESIAN_POINT('',(1.570796326795,-1.570796326795));
#2774 = CARTESIAN_POINT('',(1.570796326795,0.));
#2775 = ( GEOMETRIC_REPRESENTATION_CONTEXT(2) 
PARAMETRIC_REPRESENTATION_CONTEXT() REPRESENTATION_CONTEXT('2D SPACE',''
  ) );
#2776 = ORIENTED_EDGE('',*,*,#1123,.F.);
#2777 = ADVANCED_FACE('',(#2778),#1112,.T.);
#2778 = FACE_BOUND('',#2779,.T.);
#2779 = EDGE_LOOP('',(#2780,#2801,#2802,#2803,#2824,#2850));
#2780 = ORIENTED_EDGE('',*,*,#2781,.F.);
#2781 = EDGE_CURVE('',#1072,#1900,#2782,.T.);
#2782 = SURFACE_CURVE('',#2783,(#2787,#2794),.PCURVE_S1.);
#2783 = LINE('',#2784,#2785);
#2784 = CARTESIAN_POINT('',(3.,18.6,-54.));
#2785 = VECTOR('',#2786,1.);
#2786 = DIRECTION('',(0.,1.,0.));
#2787 = PCURVE('',#1112,#2788);
#2788 = DEFINITIONAL_REPRESENTATION('',(#2789),#2793);
#2789 = LINE('',#2790,#2791);
#2790 = CARTESIAN_POINT('',(8.,0.));
#2791 = VECTOR('',#2792,1.);
#2792 = DIRECTION('',(0.,-1.));
#2793 = ( GEOMETRIC_REPRESENTATION_CONTEXT(2) 
PARAMETRIC_REPRESENTATION_CONTEXT() REPRESENTATION_CONTEXT('2D SPACE',''
  ) );
#2794 = PCURVE('',#1086,#2795);
#2795 = DEFINITIONAL_REPRESENTATION('',(#2796),#2800);
#2796 = LINE('',#2797,#2798);
#2797 = CARTESIAN_POINT('',(3.35,0.));
#2798 = VECTOR('',#2799,1.);
#2799 = DIRECTION('',(0.,1.));
#2800 = ( GEOMETRIC_REPRESENTATION_CONTEXT(2) 
PARAMETRIC_REPRESENTATION_CONTEXT() REPRESENTATION_CONTEXT('2D SPACE',''
  ) );
#2801 = ORIENTED_EDGE('',*,*,#1097,.T.);
#2802 = ORIENTED_EDGE('',*,*,#2701,.F.);
#2803 = ORIENTED_EDGE('',*,*,#2804,.F.);
#2804 = EDGE_CURVE('',#2805,#2702,#2807,.T.);
#2805 = VERTEX_POINT('',#2806);
#2806 = CARTESIAN_POINT('',(3.,5.,-48.6));
#2807 = SURFACE_CURVE('',#2808,(#2812,#2818),.PCURVE_S1.);
#2808 = LINE('',#2809,#2810);
#2809 = CARTESIAN_POINT('',(3.,10.3,-48.6));
#2810 = VECTOR('',#2811,1.);
#2811 = DIRECTION('',(0.,-1.,0.));
#2812 = PCURVE('',#1112,#2813);
#2813 = DEFINITIONAL_REPRESENTATION('',(#2814),#2817);
#2814 = B_SPLINE_CURVE_WITH_KNOTS('',1,(#2815,#2816),.UNSPECIFIED.,.F.,
  .F.,(2,2),(5.3,7.3),.PIECEWISE_BEZIER_KNOTS.);
#2815 = CARTESIAN_POINT('',(2.6,13.6));
#2816 = CARTESIAN_POINT('',(2.6,15.6));
#2817 = ( GEOMETRIC_REPRESENTATION_CONTEXT(2) 
PARAMETRIC_REPRESENTATION_CONTEXT() REPRESENTATION_CONTEXT('2D SPACE',''
  ) );
#2818 = PCURVE('',#2745,#2819);
#2819 = DEFINITIONAL_REPRESENTATION('',(#2820),#2823);
#2820 = B_SPLINE_CURVE_WITH_KNOTS('',1,(#2821,#2822),.UNSPECIFIED.,.F.,
  .F.,(2,2),(5.3,7.3),.PIECEWISE_BEZIER_KNOTS.);
#2821 = CARTESIAN_POINT('',(37.5,3.));
#2822 = CARTESIAN_POINT('',(37.5,1.));
#2823 = ( GEOMETRIC_REPRESENTATION_CONTEXT(2) 
PARAMETRIC_REPRESENTATION_CONTEXT() REPRESENTATION_CONTEXT('2D SPACE',''
  ) );
#2824 = ORIENTED_EDGE('',*,*,#2825,.F.);
#2825 = EDGE_CURVE('',#1921,#2805,#2826,.T.);
#2826 = SURFACE_CURVE('',#2827,(#2832,#2843),.PCURVE_S1.);
#2827 = CIRCLE('',#2828,1.);
#2828 = AXIS2_PLACEMENT_3D('',#2829,#2830,#2831);
#2829 = CARTESIAN_POINT('',(3.,5.,-49.6));
#2830 = DIRECTION('',(1.,0.,0.));
#2831 = DIRECTION('',(-0.,1.,0.));
#2832 = PCURVE('',#1112,#2833);
#2833 = DEFINITIONAL_REPRESENTATION('',(#2834),#2842);
#2834 = ( BOUNDED_CURVE() B_SPLINE_CURVE(2,(#2835,#2836,#2837,#2838,
#2839,#2840,#2841),.UNSPECIFIED.,.T.,.F.) B_SPLINE_CURVE_WITH_KNOTS((1,2
    ,2,2,2,1),(-2.094395102393,0.,2.094395102393,4.188790204786,
6.28318530718,8.377580409573),.UNSPECIFIED.) CURVE() 
GEOMETRIC_REPRESENTATION_ITEM() RATIONAL_B_SPLINE_CURVE((1.,0.5,1.,0.5,
1.,0.5,1.)) REPRESENTATION_ITEM('') );
#2835 = CARTESIAN_POINT('',(3.6,12.6));
#2836 = CARTESIAN_POINT('',(1.867949192431,12.6));
#2837 = CARTESIAN_POINT('',(2.733974596216,14.1));
#2838 = CARTESIAN_POINT('',(3.6,15.6));
#2839 = CARTESIAN_POINT('',(4.466025403784,14.1));
#2840 = CARTESIAN_POINT('',(5.332050807569,12.6));
#2841 = CARTESIAN_POINT('',(3.6,12.6));
#2842 = ( GEOMETRIC_REPRESENTATION_CONTEXT(2) 
PARAMETRIC_REPRESENTATION_CONTEXT() REPRESENTATION_CONTEXT('2D SPACE',''
  ) );
#2843 = PCURVE('',#1957,#2844);
#2844 = DEFINITIONAL_REPRESENTATION('',(#2845),#2849);
#2845 = LINE('',#2846,#2847);
#2846 = CARTESIAN_POINT('',(0.,37.5));
#2847 = VECTOR('',#2848,1.);
#2848 = DIRECTION('',(1.,0.));
#2849 = ( GEOMETRIC_REPRESENTATION_CONTEXT(2) 
PARAMETRIC_REPRESENTATION_CONTEXT() REPRESENTATION_CONTEXT('2D SPACE',''
  ) );
#2850 = ORIENTED_EDGE('',*,*,#1920,.F.);
#2851 = ADVANCED_FACE('',(#2852),#1086,.T.);
#2852 = FACE_BOUND('',#2853,.T.);
#2853 = EDGE_LOOP('',(#2854,#2855,#2876,#2877));
#2854 = ORIENTED_EDGE('',*,*,#1899,.F.);
#2855 = ORIENTED_EDGE('',*,*,#2856,.T.);
#2856 = EDGE_CURVE('',#1879,#1046,#2857,.T.);
#2857 = SURFACE_CURVE('',#2858,(#2862,#2869),.PCURVE_S1.);
#2858 = LINE('',#2859,#2860);
#2859 = CARTESIAN_POINT('',(6.35,18.6,-54.));
#2860 = VECTOR('',#2861,1.);
#2861 = DIRECTION('',(0.,-1.,0.));
#2862 = PCURVE('',#1086,#2863);
#2863 = DEFINITIONAL_REPRESENTATION('',(#2864),#2868);
#2864 = LINE('',#2865,#2866);
#2865 = CARTESIAN_POINT('',(0.,0.));
#2866 = VECTOR('',#2867,1.);
#2867 = DIRECTION('',(0.,-1.));
#2868 = ( GEOMETRIC_REPRESENTATION_CONTEXT(2) 
PARAMETRIC_REPRESENTATION_CONTEXT() REPRESENTATION_CONTEXT('2D SPACE',''
  ) );
#2869 = PCURVE('',#1060,#2870);
#2870 = DEFINITIONAL_REPRESENTATION('',(#2871),#2875);
#2871 = LINE('',#2872,#2873);
#2872 = CARTESIAN_POINT('',(0.,0.));
#2873 = VECTOR('',#2874,1.);
#2874 = DIRECTION('',(0.,1.));
#2875 = ( GEOMETRIC_REPRESENTATION_CONTEXT(2) 
PARAMETRIC_REPRESENTATION_CONTEXT() REPRESENTATION_CONTEXT('2D SPACE',''
  ) );
#2876 = ORIENTED_EDGE('',*,*,#1071,.T.);
#2877 = ORIENTED_EDGE('',*,*,#2781,.T.);
#2878 = ADVANCED_FACE('',(#2879),#1060,.T.);
#2879 = FACE_BOUND('',#2880,.T.);
#2880 = EDGE_LOOP('',(#2881,#2882,#2883,#2904));
#2881 = ORIENTED_EDGE('',*,*,#2856,.F.);
#2882 = ORIENTED_EDGE('',*,*,#1878,.F.);
#2883 = ORIENTED_EDGE('',*,*,#2884,.T.);
#2884 = EDGE_CURVE('',#1858,#1020,#2885,.T.);
#2885 = SURFACE_CURVE('',#2886,(#2890,#2897),.PCURVE_S1.);
#2886 = LINE('',#2887,#2888);
#2887 = CARTESIAN_POINT('',(6.35,18.6,-76.9));
#2888 = VECTOR('',#2889,1.);
#2889 = DIRECTION('',(0.,-1.,0.));
#2890 = PCURVE('',#1060,#2891);
#2891 = DEFINITIONAL_REPRESENTATION('',(#2892),#2896);
#2892 = LINE('',#2893,#2894);
#2893 = CARTESIAN_POINT('',(22.9,0.));
#2894 = VECTOR('',#2895,1.);
#2895 = DIRECTION('',(0.,1.));
#2896 = ( GEOMETRIC_REPRESENTATION_CONTEXT(2) 
PARAMETRIC_REPRESENTATION_CONTEXT() REPRESENTATION_CONTEXT('2D SPACE',''
  ) );
#2897 = PCURVE('',#1034,#2898);
#2898 = DEFINITIONAL_REPRESENTATION('',(#2899),#2903);
#2899 = LINE('',#2900,#2901);
#2900 = CARTESIAN_POINT('',(0.,0.));
#2901 = VECTOR('',#2902,1.);
#2902 = DIRECTION('',(0.,-1.));
#2903 = ( GEOMETRIC_REPRESENTATION_CONTEXT(2) 
PARAMETRIC_REPRESENTATION_CONTEXT() REPRESENTATION_CONTEXT('2D SPACE',''
  ) );
#2904 = ORIENTED_EDGE('',*,*,#1045,.T.);
#2905 = ADVANCED_FACE('',(#2906),#1034,.F.);
#2906 = FACE_BOUND('',#2907,.F.);
#2907 = EDGE_LOOP('',(#2908,#2929,#2930,#2931));
#2908 = ORIENTED_EDGE('',*,*,#2909,.F.);
#2909 = EDGE_CURVE('',#1837,#994,#2910,.T.);
#2910 = SURFACE_CURVE('',#2911,(#2915,#2922),.PCURVE_S1.);
#2911 = LINE('',#2912,#2913);
#2912 = CARTESIAN_POINT('',(-6.35,18.6,-76.9));
#2913 = VECTOR('',#2914,1.);
#2914 = DIRECTION('',(0.,-1.,0.));
#2915 = PCURVE('',#1034,#2916);
#2916 = DEFINITIONAL_REPRESENTATION('',(#2917),#2921);
#2917 = LINE('',#2918,#2919);
#2918 = CARTESIAN_POINT('',(12.7,0.));
#2919 = VECTOR('',#2920,1.);
#2920 = DIRECTION('',(0.,-1.));
#2921 = ( GEOMETRIC_REPRESENTATION_CONTEXT(2) 
PARAMETRIC_REPRESENTATION_CONTEXT() REPRESENTATION_CONTEXT('2D SPACE',''
  ) );
#2922 = PCURVE('',#1008,#2923);
#2923 = DEFINITIONAL_REPRESENTATION('',(#2924),#2928);
#2924 = LINE('',#2925,#2926);
#2925 = CARTESIAN_POINT('',(22.9,0.));
#2926 = VECTOR('',#2927,1.);
#2927 = DIRECTION('',(0.,1.));
#2928 = ( GEOMETRIC_REPRESENTATION_CONTEXT(2) 
PARAMETRIC_REPRESENTATION_CONTEXT() REPRESENTATION_CONTEXT('2D SPACE',''
  ) );
#2929 = ORIENTED_EDGE('',*,*,#1857,.F.);
#2930 = ORIENTED_EDGE('',*,*,#2884,.T.);
#2931 = ORIENTED_EDGE('',*,*,#1019,.T.);
#2932 = ADVANCED_FACE('',(#2933),#1008,.F.);
#2933 = FACE_BOUND('',#2934,.F.);
#2934 = EDGE_LOOP('',(#2935,#2956,#2957,#2958));
#2935 = ORIENTED_EDGE('',*,*,#2936,.F.);
#2936 = EDGE_CURVE('',#1816,#968,#2937,.T.);
#2937 = SURFACE_CURVE('',#2938,(#2942,#2949),.PCURVE_S1.);
#2938 = LINE('',#2939,#2940);
#2939 = CARTESIAN_POINT('',(-6.35,18.6,-54.));
#2940 = VECTOR('',#2941,1.);
#2941 = DIRECTION('',(0.,-1.,0.));
#2942 = PCURVE('',#1008,#2943);
#2943 = DEFINITIONAL_REPRESENTATION('',(#2944),#2948);
#2944 = LINE('',#2945,#2946);
#2945 = CARTESIAN_POINT('',(0.,0.));
#2946 = VECTOR('',#2947,1.);
#2947 = DIRECTION('',(0.,1.));
#2948 = ( GEOMETRIC_REPRESENTATION_CONTEXT(2) 
PARAMETRIC_REPRESENTATION_CONTEXT() REPRESENTATION_CONTEXT('2D SPACE',''
  ) );
#2949 = PCURVE('',#982,#2950);
#2950 = DEFINITIONAL_REPRESENTATION('',(#2951),#2955);
#2951 = LINE('',#2952,#2953);
#2952 = CARTESIAN_POINT('',(12.7,0.));
#2953 = VECTOR('',#2954,1.);
#2954 = DIRECTION('',(0.,-1.));
#2955 = ( GEOMETRIC_REPRESENTATION_CONTEXT(2) 
PARAMETRIC_REPRESENTATION_CONTEXT() REPRESENTATION_CONTEXT('2D SPACE',''
  ) );
#2956 = ORIENTED_EDGE('',*,*,#1836,.F.);
#2957 = ORIENTED_EDGE('',*,*,#2909,.T.);
#2958 = ORIENTED_EDGE('',*,*,#993,.T.);
#2959 = ADVANCED_FACE('',(#2960),#982,.T.);
#2960 = FACE_BOUND('',#2961,.T.);
#2961 = EDGE_LOOP('',(#2962,#2963,#2984,#2985));
#2962 = ORIENTED_EDGE('',*,*,#1815,.F.);
#2963 = ORIENTED_EDGE('',*,*,#2964,.F.);
#2964 = EDGE_CURVE('',#942,#1795,#2965,.T.);
#2965 = SURFACE_CURVE('',#2966,(#2970,#2977),.PCURVE_S1.);
#2966 = LINE('',#2967,#2968);
#2967 = CARTESIAN_POINT('',(-3.,18.6,-54.));
#2968 = VECTOR('',#2969,1.);
#2969 = DIRECTION('',(0.,1.,0.));
#2970 = PCURVE('',#982,#2971);
#2971 = DEFINITIONAL_REPRESENTATION('',(#2972),#2976);
#2972 = LINE('',#2973,#2974);
#2973 = CARTESIAN_POINT('',(9.35,0.));
#2974 = VECTOR('',#2975,1.);
#2975 = DIRECTION('',(0.,1.));
#2976 = ( GEOMETRIC_REPRESENTATION_CONTEXT(2) 
PARAMETRIC_REPRESENTATION_CONTEXT() REPRESENTATION_CONTEXT('2D SPACE',''
  ) );
#2977 = PCURVE('',#956,#2978);
#2978 = DEFINITIONAL_REPRESENTATION('',(#2979),#2983);
#2979 = LINE('',#2980,#2981);
#2980 = CARTESIAN_POINT('',(8.,0.));
#2981 = VECTOR('',#2982,1.);
#2982 = DIRECTION('',(0.,-1.));
#2983 = ( GEOMETRIC_REPRESENTATION_CONTEXT(2) 
PARAMETRIC_REPRESENTATION_CONTEXT() REPRESENTATION_CONTEXT('2D SPACE',''
  ) );
#2984 = ORIENTED_EDGE('',*,*,#967,.T.);
#2985 = ORIENTED_EDGE('',*,*,#2936,.F.);
#2986 = ADVANCED_FACE('',(#2987),#956,.F.);
#2987 = FACE_BOUND('',#2988,.F.);
#2988 = EDGE_LOOP('',(#2989,#2990,#2991,#2992,#2993,#3019));
#2989 = ORIENTED_EDGE('',*,*,#2964,.F.);
#2990 = ORIENTED_EDGE('',*,*,#941,.T.);
#2991 = ORIENTED_EDGE('',*,*,#2035,.F.);
#2992 = ORIENTED_EDGE('',*,*,#1672,.F.);
#2993 = ORIENTED_EDGE('',*,*,#2994,.F.);
#2994 = EDGE_CURVE('',#1772,#1673,#2995,.T.);
#2995 = SURFACE_CURVE('',#2996,(#3001,#3012),.PCURVE_S1.);
#2996 = CIRCLE('',#2997,1.);
#2997 = AXIS2_PLACEMENT_3D('',#2998,#2999,#3000);
#2998 = CARTESIAN_POINT('',(-3.,5.,-49.6));
#2999 = DIRECTION('',(1.,0.,0.));
#3000 = DIRECTION('',(-0.,1.,0.));
#3001 = PCURVE('',#956,#3002);
#3002 = DEFINITIONAL_REPRESENTATION('',(#3003),#3011);
#3003 = ( BOUNDED_CURVE() B_SPLINE_CURVE(2,(#3004,#3005,#3006,#3007,
#3008,#3009,#3010),.UNSPECIFIED.,.T.,.F.) B_SPLINE_CURVE_WITH_KNOTS((1,2
    ,2,2,2,1),(-2.094395102393,0.,2.094395102393,4.188790204786,
6.28318530718,8.377580409573),.UNSPECIFIED.) CURVE() 
GEOMETRIC_REPRESENTATION_ITEM() RATIONAL_B_SPLINE_CURVE((1.,0.5,1.,0.5,
1.,0.5,1.)) REPRESENTATION_ITEM('') );
#3004 = CARTESIAN_POINT('',(3.6,12.6));
#3005 = CARTESIAN_POINT('',(1.867949192431,12.6));
#3006 = CARTESIAN_POINT('',(2.733974596216,14.1));
#3007 = CARTESIAN_POINT('',(3.6,15.6));
#3008 = CARTESIAN_POINT('',(4.466025403784,14.1));
#3009 = CARTESIAN_POINT('',(5.332050807569,12.6));
#3010 = CARTESIAN_POINT('',(3.6,12.6));
#3011 = ( GEOMETRIC_REPRESENTATION_CONTEXT(2) 
PARAMETRIC_REPRESENTATION_CONTEXT() REPRESENTATION_CONTEXT('2D SPACE',''
  ) );
#3012 = PCURVE('',#1707,#3013);
#3013 = DEFINITIONAL_REPRESENTATION('',(#3014),#3018);
#3014 = LINE('',#3015,#3016);
#3015 = CARTESIAN_POINT('',(0.,31.5));
#3016 = VECTOR('',#3017,1.);
#3017 = DIRECTION('',(1.,0.));
#3018 = ( GEOMETRIC_REPRESENTATION_CONTEXT(2) 
PARAMETRIC_REPRESENTATION_CONTEXT() REPRESENTATION_CONTEXT('2D SPACE',''
  ) );
#3019 = ORIENTED_EDGE('',*,*,#1794,.F.);
#3020 = ADVANCED_FACE('',(#3021),#905,.T.);
#3021 = FACE_BOUND('',#3022,.T.);
#3022 = EDGE_LOOP('',(#3023,#3046,#3074,#3095));
#3023 = ORIENTED_EDGE('',*,*,#3024,.F.);
#3024 = EDGE_CURVE('',#3025,#290,#3027,.T.);
#3025 = VERTEX_POINT('',#3026);
#3026 = CARTESIAN_POINT('',(-33.5,-23.4,-55.));
#3027 = SURFACE_CURVE('',#3028,(#3032,#3039),.PCURVE_S1.);
#3028 = LINE('',#3029,#3030);
#3029 = CARTESIAN_POINT('',(-33.5,-24.4,-55.));
#3030 = VECTOR('',#3031,1.);
#3031 = DIRECTION('',(0.,1.,0.));
#3032 = PCURVE('',#905,#3033);
#3033 = DEFINITIONAL_REPRESENTATION('',(#3034),#3038);
#3034 = LINE('',#3035,#3036);
#3035 = CARTESIAN_POINT('',(1.,0.));
#3036 = VECTOR('',#3037,1.);
#3037 = DIRECTION('',(0.,1.));
#3038 = ( GEOMETRIC_REPRESENTATION_CONTEXT(2) 
PARAMETRIC_REPRESENTATION_CONTEXT() REPRESENTATION_CONTEXT('2D SPACE',''
  ) );
#3039 = PCURVE('',#1417,#3040);
#3040 = DEFINITIONAL_REPRESENTATION('',(#3041),#3045);
#3041 = LINE('',#3042,#3043);
#3042 = CARTESIAN_POINT('',(1.570796326795,0.));
#3043 = VECTOR('',#3044,1.);
#3044 = DIRECTION('',(0.,1.));
#3045 = ( GEOMETRIC_REPRESENTATION_CONTEXT(2) 
PARAMETRIC_REPRESENTATION_CONTEXT() REPRESENTATION_CONTEXT('2D SPACE',''
  ) );
#3046 = ORIENTED_EDGE('',*,*,#3047,.T.);
#3047 = EDGE_CURVE('',#3025,#3048,#3050,.T.);
#3048 = VERTEX_POINT('',#3049);
#3049 = CARTESIAN_POINT('',(-24.5,-23.4,-55.));
#3050 = SURFACE_CURVE('',#3051,(#3055,#3062),.PCURVE_S1.);
#3051 = LINE('',#3052,#3053);
#3052 = CARTESIAN_POINT('',(-34.5,-23.4,-55.));
#3053 = VECTOR('',#3054,1.);
#3054 = DIRECTION('',(1.,0.,0.));
#3055 = PCURVE('',#905,#3056);
#3056 = DEFINITIONAL_REPRESENTATION('',(#3057),#3061);
#3057 = LINE('',#3058,#3059);
#3058 = CARTESIAN_POINT('',(0.,1.));
#3059 = VECTOR('',#3060,1.);
#3060 = DIRECTION('',(1.,0.));
#3061 = ( GEOMETRIC_REPRESENTATION_CONTEXT(2) 
PARAMETRIC_REPRESENTATION_CONTEXT() REPRESENTATION_CONTEXT('2D SPACE',''
  ) );
#3062 = PCURVE('',#3063,#3068);
#3063 = CYLINDRICAL_SURFACE('',#3064,1.);
#3064 = AXIS2_PLACEMENT_3D('',#3065,#3066,#3067);
#3065 = CARTESIAN_POINT('',(-34.5,-23.4,-56.));
#3066 = DIRECTION('',(1.,0.,0.));
#3067 = DIRECTION('',(0.,-1.,0.));
#3068 = DEFINITIONAL_REPRESENTATION('',(#3069),#3073);
#3069 = LINE('',#3070,#3071);
#3070 = CARTESIAN_POINT('',(-1.570796326795,0.));
#3071 = VECTOR('',#3072,1.);
#3072 = DIRECTION('',(-0.,1.));
#3073 = ( GEOMETRIC_REPRESENTATION_CONTEXT(2) 
PARAMETRIC_REPRESENTATION_CONTEXT() REPRESENTATION_CONTEXT('2D SPACE',''
  ) );
#3074 = ORIENTED_EDGE('',*,*,#3075,.T.);
#3075 = EDGE_CURVE('',#3048,#859,#3076,.T.);
#3076 = SURFACE_CURVE('',#3077,(#3081,#3088),.PCURVE_S1.);
#3077 = LINE('',#3078,#3079);
#3078 = CARTESIAN_POINT('',(-24.5,-24.4,-55.));
#3079 = VECTOR('',#3080,1.);
#3080 = DIRECTION('',(0.,1.,0.));
#3081 = PCURVE('',#905,#3082);
#3082 = DEFINITIONAL_REPRESENTATION('',(#3083),#3087);
#3083 = LINE('',#3084,#3085);
#3084 = CARTESIAN_POINT('',(10.,0.));
#3085 = VECTOR('',#3086,1.);
#3086 = DIRECTION('',(0.,1.));
#3087 = ( GEOMETRIC_REPRESENTATION_CONTEXT(2) 
PARAMETRIC_REPRESENTATION_CONTEXT() REPRESENTATION_CONTEXT('2D SPACE',''
  ) );
#3088 = PCURVE('',#879,#3089);
#3089 = DEFINITIONAL_REPRESENTATION('',(#3090),#3094);
#3090 = LINE('',#3091,#3092);
#3091 = CARTESIAN_POINT('',(-1.570796326795,0.));
#3092 = VECTOR('',#3093,1.);
#3093 = DIRECTION('',(-0.,1.));
#3094 = ( GEOMETRIC_REPRESENTATION_CONTEXT(2) 
PARAMETRIC_REPRESENTATION_CONTEXT() REPRESENTATION_CONTEXT('2D SPACE',''
  ) );
#3095 = ORIENTED_EDGE('',*,*,#891,.F.);
#3096 = ADVANCED_FACE('',(#3097),#879,.T.);
#3097 = FACE_BOUND('',#3098,.F.);
#3098 = EDGE_LOOP('',(#3099,#3126,#3127,#3128));
#3099 = ORIENTED_EDGE('',*,*,#3100,.F.);
#3100 = EDGE_CURVE('',#3048,#3101,#3103,.T.);
#3101 = VERTEX_POINT('',#3102);
#3102 = CARTESIAN_POINT('',(-23.5,-23.4,-56.));
#3103 = SURFACE_CURVE('',#3104,(#3109,#3115),.PCURVE_S1.);
#3104 = CIRCLE('',#3105,1.);
#3105 = AXIS2_PLACEMENT_3D('',#3106,#3107,#3108);
#3106 = CARTESIAN_POINT('',(-24.5,-23.4,-56.));
#3107 = DIRECTION('',(-0.,1.,0.));
#3108 = DIRECTION('',(1.,0.,0.));
#3109 = PCURVE('',#879,#3110);
#3110 = DEFINITIONAL_REPRESENTATION('',(#3111),#3114);
#3111 = B_SPLINE_CURVE_WITH_KNOTS('',1,(#3112,#3113),.UNSPECIFIED.,.F.,
  .F.,(2,2),(4.712388980385,6.28318530718),.PIECEWISE_BEZIER_KNOTS.);
#3112 = CARTESIAN_POINT('',(-1.570796326795,1.));
#3113 = CARTESIAN_POINT('',(0.,1.));
#3114 = ( GEOMETRIC_REPRESENTATION_CONTEXT(2) 
PARAMETRIC_REPRESENTATION_CONTEXT() REPRESENTATION_CONTEXT('2D SPACE',''
  ) );
#3115 = PCURVE('',#3116,#3121);
#3116 = SPHERICAL_SURFACE('',#3117,1.);
#3117 = AXIS2_PLACEMENT_3D('',#3118,#3119,#3120);
#3118 = CARTESIAN_POINT('',(-24.5,-23.4,-56.));
#3119 = DIRECTION('',(-0.,-0.,-1.));
#3120 = DIRECTION('',(1.,0.,0.));
#3121 = DEFINITIONAL_REPRESENTATION('',(#3122),#3125);
#3122 = B_SPLINE_CURVE_WITH_KNOTS('',1,(#3123,#3124),.UNSPECIFIED.,.F.,
  .F.,(2,2),(4.712388980385,6.28318530718),.PIECEWISE_BEZIER_KNOTS.);
#3123 = CARTESIAN_POINT('',(0.,-1.570796326795));
#3124 = CARTESIAN_POINT('',(0.,0.));
#3125 = ( GEOMETRIC_REPRESENTATION_CONTEXT(2) 
PARAMETRIC_REPRESENTATION_CONTEXT() REPRESENTATION_CONTEXT('2D SPACE',''
  ) );
#3126 = ORIENTED_EDGE('',*,*,#3075,.T.);
#3127 = ORIENTED_EDGE('',*,*,#858,.F.);
#3128 = ORIENTED_EDGE('',*,*,#3129,.F.);
#3129 = EDGE_CURVE('',#3101,#831,#3130,.T.);
#3130 = SURFACE_CURVE('',#3131,(#3135,#3142),.PCURVE_S1.);
#3131 = LINE('',#3132,#3133);
#3132 = CARTESIAN_POINT('',(-23.5,-24.4,-56.));
#3133 = VECTOR('',#3134,1.);
#3134 = DIRECTION('',(0.,1.,0.));
#3135 = PCURVE('',#879,#3136);
#3136 = DEFINITIONAL_REPRESENTATION('',(#3137),#3141);
#3137 = LINE('',#3138,#3139);
#3138 = CARTESIAN_POINT('',(-0.,0.));
#3139 = VECTOR('',#3140,1.);
#3140 = DIRECTION('',(-0.,1.));
#3141 = ( GEOMETRIC_REPRESENTATION_CONTEXT(2) 
PARAMETRIC_REPRESENTATION_CONTEXT() REPRESENTATION_CONTEXT('2D SPACE',''
  ) );
#3142 = PCURVE('',#846,#3143);
#3143 = DEFINITIONAL_REPRESENTATION('',(#3144),#3148);
#3144 = LINE('',#3145,#3146);
#3145 = CARTESIAN_POINT('',(16.,0.));
#3146 = VECTOR('',#3147,1.);
#3147 = DIRECTION('',(0.,-1.));
#3148 = ( GEOMETRIC_REPRESENTATION_CONTEXT(2) 
PARAMETRIC_REPRESENTATION_CONTEXT() REPRESENTATION_CONTEXT('2D SPACE',''
  ) );
#3149 = ADVANCED_FACE('',(#3150),#846,.T.);
#3150 = FACE_BOUND('',#3151,.T.);
#3151 = EDGE_LOOP('',(#3152,#3180,#3201,#3202));
#3152 = ORIENTED_EDGE('',*,*,#3153,.F.);
#3153 = EDGE_CURVE('',#3154,#3101,#3156,.T.);
#3154 = VERTEX_POINT('',#3155);
#3155 = CARTESIAN_POINT('',(-23.5,-23.4,-71.));
#3156 = SURFACE_CURVE('',#3157,(#3161,#3168),.PCURVE_S1.);
#3157 = LINE('',#3158,#3159);
#3158 = CARTESIAN_POINT('',(-23.5,-23.4,-72.));
#3159 = VECTOR('',#3160,1.);
#3160 = DIRECTION('',(0.,0.,1.));
#3161 = PCURVE('',#846,#3162);
#3162 = DEFINITIONAL_REPRESENTATION('',(#3163),#3167);
#3163 = LINE('',#3164,#3165);
#3164 = CARTESIAN_POINT('',(0.,-1.));
#3165 = VECTOR('',#3166,1.);
#3166 = DIRECTION('',(1.,0.));
#3167 = ( GEOMETRIC_REPRESENTATION_CONTEXT(2) 
PARAMETRIC_REPRESENTATION_CONTEXT() REPRESENTATION_CONTEXT('2D SPACE',''
  ) );
#3168 = PCURVE('',#3169,#3174);
#3169 = CYLINDRICAL_SURFACE('',#3170,1.);
#3170 = AXIS2_PLACEMENT_3D('',#3171,#3172,#3173);
#3171 = CARTESIAN_POINT('',(-24.5,-23.4,-72.));
#3172 = DIRECTION('',(0.,0.,1.));
#3173 = DIRECTION('',(1.,0.,-0.));
#3174 = DEFINITIONAL_REPRESENTATION('',(#3175),#3179);
#3175 = LINE('',#3176,#3177);
#3176 = CARTESIAN_POINT('',(-0.,0.));
#3177 = VECTOR('',#3178,1.);
#3178 = DIRECTION('',(-0.,1.));
#3179 = ( GEOMETRIC_REPRESENTATION_CONTEXT(2) 
PARAMETRIC_REPRESENTATION_CONTEXT() REPRESENTATION_CONTEXT('2D SPACE',''
  ) );
#3180 = ORIENTED_EDGE('',*,*,#3181,.T.);
#3181 = EDGE_CURVE('',#3154,#799,#3182,.T.);
#3182 = SURFACE_CURVE('',#3183,(#3187,#3194),.PCURVE_S1.);
#3183 = LINE('',#3184,#3185);
#3184 = CARTESIAN_POINT('',(-23.5,-24.4,-71.));
#3185 = VECTOR('',#3186,1.);
#3186 = DIRECTION('',(0.,1.,0.));
#3187 = PCURVE('',#846,#3188);
#3188 = DEFINITIONAL_REPRESENTATION('',(#3189),#3193);
#3189 = LINE('',#3190,#3191);
#3190 = CARTESIAN_POINT('',(1.,0.));
#3191 = VECTOR('',#3192,1.);
#3192 = DIRECTION('',(0.,-1.));
#3193 = ( GEOMETRIC_REPRESENTATION_CONTEXT(2) 
PARAMETRIC_REPRESENTATION_CONTEXT() REPRESENTATION_CONTEXT('2D SPACE',''
  ) );
#3194 = PCURVE('',#819,#3195);
#3195 = DEFINITIONAL_REPRESENTATION('',(#3196),#3200);
#3196 = LINE('',#3197,#3198);
#3197 = CARTESIAN_POINT('',(0.,0.));
#3198 = VECTOR('',#3199,1.);
#3199 = DIRECTION('',(0.,1.));
#3200 = ( GEOMETRIC_REPRESENTATION_CONTEXT(2) 
PARAMETRIC_REPRESENTATION_CONTEXT() REPRESENTATION_CONTEXT('2D SPACE',''
  ) );
#3201 = ORIENTED_EDGE('',*,*,#830,.T.);
#3202 = ORIENTED_EDGE('',*,*,#3129,.F.);
#3203 = ADVANCED_FACE('',(#3204),#819,.T.);
#3204 = FACE_BOUND('',#3205,.T.);
#3205 = EDGE_LOOP('',(#3206,#3233,#3254,#3255));
#3206 = ORIENTED_EDGE('',*,*,#3207,.F.);
#3207 = EDGE_CURVE('',#3208,#3154,#3210,.T.);
#3208 = VERTEX_POINT('',#3209);
#3209 = CARTESIAN_POINT('',(-24.5,-23.4,-72.));
#3210 = SURFACE_CURVE('',#3211,(#3216,#3222),.PCURVE_S1.);
#3211 = CIRCLE('',#3212,1.);
#3212 = AXIS2_PLACEMENT_3D('',#3213,#3214,#3215);
#3213 = CARTESIAN_POINT('',(-24.5,-23.4,-71.));
#3214 = DIRECTION('',(0.,-1.,0.));
#3215 = DIRECTION('',(1.,0.,0.));
#3216 = PCURVE('',#819,#3217);
#3217 = DEFINITIONAL_REPRESENTATION('',(#3218),#3221);
#3218 = B_SPLINE_CURVE_WITH_KNOTS('',1,(#3219,#3220),.UNSPECIFIED.,.F.,
  .F.,(2,2),(4.712388980385,6.28318530718),.PIECEWISE_BEZIER_KNOTS.);
#3219 = CARTESIAN_POINT('',(1.570796326795,1.));
#3220 = CARTESIAN_POINT('',(0.,1.));
#3221 = ( GEOMETRIC_REPRESENTATION_CONTEXT(2) 
PARAMETRIC_REPRESENTATION_CONTEXT() REPRESENTATION_CONTEXT('2D SPACE',''
  ) );
#3222 = PCURVE('',#3223,#3228);
#3223 = SPHERICAL_SURFACE('',#3224,1.);
#3224 = AXIS2_PLACEMENT_3D('',#3225,#3226,#3227);
#3225 = CARTESIAN_POINT('',(-24.5,-23.4,-71.));
#3226 = DIRECTION('',(0.,0.,1.));
#3227 = DIRECTION('',(1.,0.,-0.));
#3228 = DEFINITIONAL_REPRESENTATION('',(#3229),#3232);
#3229 = B_SPLINE_CURVE_WITH_KNOTS('',1,(#3230,#3231),.UNSPECIFIED.,.F.,
  .F.,(2,2),(4.712388980385,6.28318530718),.PIECEWISE_BEZIER_KNOTS.);
#3230 = CARTESIAN_POINT('',(0.,-1.570796326795));
#3231 = CARTESIAN_POINT('',(0.,0.));
#3232 = ( GEOMETRIC_REPRESENTATION_CONTEXT(2) 
PARAMETRIC_REPRESENTATION_CONTEXT() REPRESENTATION_CONTEXT('2D SPACE',''
  ) );
#3233 = ORIENTED_EDGE('',*,*,#3234,.T.);
#3234 = EDGE_CURVE('',#3208,#771,#3235,.T.);
#3235 = SURFACE_CURVE('',#3236,(#3240,#3247),.PCURVE_S1.);
#3236 = LINE('',#3237,#3238);
#3237 = CARTESIAN_POINT('',(-24.5,-24.4,-72.));
#3238 = VECTOR('',#3239,1.);
#3239 = DIRECTION('',(0.,1.,0.));
#3240 = PCURVE('',#819,#3241);
#3241 = DEFINITIONAL_REPRESENTATION('',(#3242),#3246);
#3242 = LINE('',#3243,#3244);
#3243 = CARTESIAN_POINT('',(1.570796326795,0.));
#3244 = VECTOR('',#3245,1.);
#3245 = DIRECTION('',(0.,1.));
#3246 = ( GEOMETRIC_REPRESENTATION_CONTEXT(2) 
PARAMETRIC_REPRESENTATION_CONTEXT() REPRESENTATION_CONTEXT('2D SPACE',''
  ) );
#3247 = PCURVE('',#786,#3248);
#3248 = DEFINITIONAL_REPRESENTATION('',(#3249),#3253);
#3249 = LINE('',#3250,#3251);
#3250 = CARTESIAN_POINT('',(10.,0.));
#3251 = VECTOR('',#3252,1.);
#3252 = DIRECTION('',(0.,1.));
#3253 = ( GEOMETRIC_REPRESENTATION_CONTEXT(2) 
PARAMETRIC_REPRESENTATION_CONTEXT() REPRESENTATION_CONTEXT('2D SPACE',''
  ) );
#3254 = ORIENTED_EDGE('',*,*,#798,.T.);
#3255 = ORIENTED_EDGE('',*,*,#3181,.F.);
#3256 = ADVANCED_FACE('',(#3257),#786,.F.);
#3257 = FACE_BOUND('',#3258,.F.);
#3258 = EDGE_LOOP('',(#3259,#3282,#3308,#3309));
#3259 = ORIENTED_EDGE('',*,*,#3260,.F.);
#3260 = EDGE_CURVE('',#3261,#172,#3263,.T.);
#3261 = VERTEX_POINT('',#3262);
#3262 = CARTESIAN_POINT('',(-33.5,-23.4,-72.));
#3263 = SURFACE_CURVE('',#3264,(#3268,#3275),.PCURVE_S1.);
#3264 = LINE('',#3265,#3266);
#3265 = CARTESIAN_POINT('',(-33.5,-24.4,-72.));
#3266 = VECTOR('',#3267,1.);
#3267 = DIRECTION('',(0.,1.,0.));
#3268 = PCURVE('',#786,#3269);
#3269 = DEFINITIONAL_REPRESENTATION('',(#3270),#3274);
#3270 = LINE('',#3271,#3272);
#3271 = CARTESIAN_POINT('',(1.,0.));
#3272 = VECTOR('',#3273,1.);
#3273 = DIRECTION('',(0.,1.));
#3274 = ( GEOMETRIC_REPRESENTATION_CONTEXT(2) 
PARAMETRIC_REPRESENTATION_CONTEXT() REPRESENTATION_CONTEXT('2D SPACE',''
  ) );
#3275 = PCURVE('',#1501,#3276);
#3276 = DEFINITIONAL_REPRESENTATION('',(#3277),#3281);
#3277 = LINE('',#3278,#3279);
#3278 = CARTESIAN_POINT('',(-1.570796326795,0.));
#3279 = VECTOR('',#3280,1.);
#3280 = DIRECTION('',(-0.,1.));
#3281 = ( GEOMETRIC_REPRESENTATION_CONTEXT(2) 
PARAMETRIC_REPRESENTATION_CONTEXT() REPRESENTATION_CONTEXT('2D SPACE',''
  ) );
#3282 = ORIENTED_EDGE('',*,*,#3283,.T.);
#3283 = EDGE_CURVE('',#3261,#3208,#3284,.T.);
#3284 = SURFACE_CURVE('',#3285,(#3289,#3296),.PCURVE_S1.);
#3285 = LINE('',#3286,#3287);
#3286 = CARTESIAN_POINT('',(-34.5,-23.4,-72.));
#3287 = VECTOR('',#3288,1.);
#3288 = DIRECTION('',(1.,0.,0.));
#3289 = PCURVE('',#786,#3290);
#3290 = DEFINITIONAL_REPRESENTATION('',(#3291),#3295);
#3291 = LINE('',#3292,#3293);
#3292 = CARTESIAN_POINT('',(0.,1.));
#3293 = VECTOR('',#3294,1.);
#3294 = DIRECTION('',(1.,0.));
#3295 = ( GEOMETRIC_REPRESENTATION_CONTEXT(2) 
PARAMETRIC_REPRESENTATION_CONTEXT() REPRESENTATION_CONTEXT('2D SPACE',''
  ) );
#3296 = PCURVE('',#3297,#3302);
#3297 = CYLINDRICAL_SURFACE('',#3298,1.);
#3298 = AXIS2_PLACEMENT_3D('',#3299,#3300,#3301);
#3299 = CARTESIAN_POINT('',(-34.5,-23.4,-71.));
#3300 = DIRECTION('',(1.,0.,0.));
#3301 = DIRECTION('',(0.,-1.,0.));
#3302 = DEFINITIONAL_REPRESENTATION('',(#3303),#3307);
#3303 = LINE('',#3304,#3305);
#3304 = CARTESIAN_POINT('',(1.570796326795,0.));
#3305 = VECTOR('',#3306,1.);
#3306 = DIRECTION('',(0.,1.));
#3307 = ( GEOMETRIC_REPRESENTATION_CONTEXT(2) 
PARAMETRIC_REPRESENTATION_CONTEXT() REPRESENTATION_CONTEXT('2D SPACE',''
  ) );
#3308 = ORIENTED_EDGE('',*,*,#3234,.T.);
#3309 = ORIENTED_EDGE('',*,*,#770,.F.);
#3310 = ADVANCED_FACE('',(#3311),#1364,.F.);
#3311 = FACE_BOUND('',#3312,.F.);
#3312 = EDGE_LOOP('',(#3313,#3337,#3358,#3359));
#3313 = ORIENTED_EDGE('',*,*,#3314,.T.);
#3314 = EDGE_CURVE('',#3315,#3315,#3317,.T.);
#3315 = VERTEX_POINT('',#3316);
#3316 = CARTESIAN_POINT('',(-4.041334437186E-16,5.6,-81.));
#3317 = SURFACE_CURVE('',#3318,(#3323,#3330),.PCURVE_S1.);
#3318 = CIRCLE('',#3319,1.65);
#3319 = AXIS2_PLACEMENT_3D('',#3320,#3321,#3322);
#3320 = CARTESIAN_POINT('',(0.,5.6,-79.35));
#3321 = DIRECTION('',(0.,-1.,0.));
#3322 = DIRECTION('',(0.,-0.,-1.));
#3323 = PCURVE('',#1364,#3324);
#3324 = DEFINITIONAL_REPRESENTATION('',(#3325),#3329);
#3325 = LINE('',#3326,#3327);
#3326 = CARTESIAN_POINT('',(0.,0.6));
#3327 = VECTOR('',#3328,1.);
#3328 = DIRECTION('',(1.,0.));
#3329 = ( GEOMETRIC_REPRESENTATION_CONTEXT(2) 
PARAMETRIC_REPRESENTATION_CONTEXT() REPRESENTATION_CONTEXT('2D SPACE',''
  ) );
#3330 = PCURVE('',#2018,#3331);
#3331 = DEFINITIONAL_REPRESENTATION('',(#3332),#3336);
#3332 = LINE('',#3333,#3334);
#3333 = CARTESIAN_POINT('',(-0.,-0.6));
#3334 = VECTOR('',#3335,1.);
#3335 = DIRECTION('',(-1.,-0.));
#3336 = ( GEOMETRIC_REPRESENTATION_CONTEXT(2) 
PARAMETRIC_REPRESENTATION_CONTEXT() REPRESENTATION_CONTEXT('2D SPACE',''
  ) );
#3337 = ORIENTED_EDGE('',*,*,#3338,.T.);
#3338 = EDGE_CURVE('',#3315,#1344,#3339,.T.);
#3339 = SEAM_CURVE('',#3340,(#3344,#3351),.PCURVE_S1.);
#3340 = LINE('',#3341,#3342);
#3341 = CARTESIAN_POINT('',(-4.041334437186E-16,6.2,-81.));
#3342 = VECTOR('',#3343,1.);
#3343 = DIRECTION('',(0.,-1.,0.));
#3344 = PCURVE('',#1364,#3345);
#3345 = DEFINITIONAL_REPRESENTATION('',(#3346),#3350);
#3346 = LINE('',#3347,#3348);
#3347 = CARTESIAN_POINT('',(0.,-0.));
#3348 = VECTOR('',#3349,1.);
#3349 = DIRECTION('',(0.,1.));
#3350 = ( GEOMETRIC_REPRESENTATION_CONTEXT(2) 
PARAMETRIC_REPRESENTATION_CONTEXT() REPRESENTATION_CONTEXT('2D SPACE',''
  ) );
#3351 = PCURVE('',#1364,#3352);
#3352 = DEFINITIONAL_REPRESENTATION('',(#3353),#3357);
#3353 = LINE('',#3354,#3355);
#3354 = CARTESIAN_POINT('',(6.28318530718,-0.));
#3355 = VECTOR('',#3356,1.);
#3356 = DIRECTION('',(0.,1.));
#3357 = ( GEOMETRIC_REPRESENTATION_CONTEXT(2) 
PARAMETRIC_REPRESENTATION_CONTEXT() REPRESENTATION_CONTEXT('2D SPACE',''
  ) );
#3358 = ORIENTED_EDGE('',*,*,#1343,.F.);
#3359 = ORIENTED_EDGE('',*,*,#3338,.F.);
#3360 = ADVANCED_FACE('',(#3361),#1417,.T.);
#3361 = FACE_BOUND('',#3362,.T.);
#3362 = EDGE_LOOP('',(#3363,#3390,#3391,#3392));
#3363 = ORIENTED_EDGE('',*,*,#3364,.F.);
#3364 = EDGE_CURVE('',#3025,#3365,#3367,.T.);
#3365 = VERTEX_POINT('',#3366);
#3366 = CARTESIAN_POINT('',(-34.5,-23.4,-56.));
#3367 = SURFACE_CURVE('',#3368,(#3373,#3379),.PCURVE_S1.);
#3368 = CIRCLE('',#3369,1.);
#3369 = AXIS2_PLACEMENT_3D('',#3370,#3371,#3372);
#3370 = CARTESIAN_POINT('',(-33.5,-23.4,-56.));
#3371 = DIRECTION('',(0.,-1.,0.));
#3372 = DIRECTION('',(-1.,0.,0.));
#3373 = PCURVE('',#1417,#3374);
#3374 = DEFINITIONAL_REPRESENTATION('',(#3375),#3378);
#3375 = B_SPLINE_CURVE_WITH_KNOTS('',1,(#3376,#3377),.UNSPECIFIED.,.F.,
  .F.,(2,2),(4.712388980385,6.28318530718),.PIECEWISE_BEZIER_KNOTS.);
#3376 = CARTESIAN_POINT('',(1.570796326795,1.));
#3377 = CARTESIAN_POINT('',(0.,1.));
#3378 = ( GEOMETRIC_REPRESENTATION_CONTEXT(2) 
PARAMETRIC_REPRESENTATION_CONTEXT() REPRESENTATION_CONTEXT('2D SPACE',''
  ) );
#3379 = PCURVE('',#3380,#3385);
#3380 = SPHERICAL_SURFACE('',#3381,1.);
#3381 = AXIS2_PLACEMENT_3D('',#3382,#3383,#3384);
#3382 = CARTESIAN_POINT('',(-33.5,-23.4,-56.));
#3383 = DIRECTION('',(-0.,-0.,-1.));
#3384 = DIRECTION('',(-1.,0.,0.));
#3385 = DEFINITIONAL_REPRESENTATION('',(#3386),#3389);
#3386 = B_SPLINE_CURVE_WITH_KNOTS('',1,(#3387,#3388),.UNSPECIFIED.,.F.,
  .F.,(2,2),(4.712388980385,6.28318530718),.PIECEWISE_BEZIER_KNOTS.);
#3387 = CARTESIAN_POINT('',(0.,-1.570796326795));
#3388 = CARTESIAN_POINT('',(0.,0.));
#3389 = ( GEOMETRIC_REPRESENTATION_CONTEXT(2) 
PARAMETRIC_REPRESENTATION_CONTEXT() REPRESENTATION_CONTEXT('2D SPACE',''
  ) );
#3390 = ORIENTED_EDGE('',*,*,#3024,.T.);
#3391 = ORIENTED_EDGE('',*,*,#1402,.F.);
#3392 = ORIENTED_EDGE('',*,*,#3393,.F.);
#3393 = EDGE_CURVE('',#3365,#1380,#3394,.T.);
#3394 = SURFACE_CURVE('',#3395,(#3399,#3406),.PCURVE_S1.);
#3395 = LINE('',#3396,#3397);
#3396 = CARTESIAN_POINT('',(-34.5,-24.4,-56.));
#3397 = VECTOR('',#3398,1.);
#3398 = DIRECTION('',(0.,1.,0.));
#3399 = PCURVE('',#1417,#3400);
#3400 = DEFINITIONAL_REPRESENTATION('',(#3401),#3405);
#3401 = LINE('',#3402,#3403);
#3402 = CARTESIAN_POINT('',(0.,0.));
#3403 = VECTOR('',#3404,1.);
#3404 = DIRECTION('',(0.,1.));
#3405 = ( GEOMETRIC_REPRESENTATION_CONTEXT(2) 
PARAMETRIC_REPRESENTATION_CONTEXT() REPRESENTATION_CONTEXT('2D SPACE',''
  ) );
#3406 = PCURVE('',#1448,#3407);
#3407 = DEFINITIONAL_REPRESENTATION('',(#3408),#3412);
#3408 = LINE('',#3409,#3410);
#3409 = CARTESIAN_POINT('',(16.,0.));
#3410 = VECTOR('',#3411,1.);
#3411 = DIRECTION('',(0.,-1.));
#3412 = ( GEOMETRIC_REPRESENTATION_CONTEXT(2) 
PARAMETRIC_REPRESENTATION_CONTEXT() REPRESENTATION_CONTEXT('2D SPACE',''
  ) );
#3413 = ADVANCED_FACE('',(#3414,#3467),#1448,.F.);
#3414 = FACE_BOUND('',#3415,.F.);
#3415 = EDGE_LOOP('',(#3416,#3444,#3465,#3466));
#3416 = ORIENTED_EDGE('',*,*,#3417,.F.);
#3417 = EDGE_CURVE('',#3418,#3365,#3420,.T.);
#3418 = VERTEX_POINT('',#3419);
#3419 = CARTESIAN_POINT('',(-34.5,-23.4,-71.));
#3420 = SURFACE_CURVE('',#3421,(#3425,#3432),.PCURVE_S1.);
#3421 = LINE('',#3422,#3423);
#3422 = CARTESIAN_POINT('',(-34.5,-23.4,-72.));
#3423 = VECTOR('',#3424,1.);
#3424 = DIRECTION('',(0.,0.,1.));
#3425 = PCURVE('',#1448,#3426);
#3426 = DEFINITIONAL_REPRESENTATION('',(#3427),#3431);
#3427 = LINE('',#3428,#3429);
#3428 = CARTESIAN_POINT('',(0.,-1.));
#3429 = VECTOR('',#3430,1.);
#3430 = DIRECTION('',(1.,0.));
#3431 = ( GEOMETRIC_REPRESENTATION_CONTEXT(2) 
PARAMETRIC_REPRESENTATION_CONTEXT() REPRESENTATION_CONTEXT('2D SPACE',''
  ) );
#3432 = PCURVE('',#3433,#3438);
#3433 = CYLINDRICAL_SURFACE('',#3434,1.);
#3434 = AXIS2_PLACEMENT_3D('',#3435,#3436,#3437);
#3435 = CARTESIAN_POINT('',(-33.5,-23.4,-72.));
#3436 = DIRECTION('',(0.,0.,1.));
#3437 = DIRECTION('',(-1.,-0.,0.));
#3438 = DEFINITIONAL_REPRESENTATION('',(#3439),#3443);
#3439 = LINE('',#3440,#3441);
#3440 = CARTESIAN_POINT('',(0.,0.));
#3441 = VECTOR('',#3442,1.);
#3442 = DIRECTION('',(0.,1.));
#3443 = ( GEOMETRIC_REPRESENTATION_CONTEXT(2) 
PARAMETRIC_REPRESENTATION_CONTEXT() REPRESENTATION_CONTEXT('2D SPACE',''
  ) );
#3444 = ORIENTED_EDGE('',*,*,#3445,.T.);
#3445 = EDGE_CURVE('',#3418,#1433,#3446,.T.);
#3446 = SURFACE_CURVE('',#3447,(#3451,#3458),.PCURVE_S1.);
#3447 = LINE('',#3448,#3449);
#3448 = CARTESIAN_POINT('',(-34.5,-24.4,-71.));
#3449 = VECTOR('',#3450,1.);
#3450 = DIRECTION('',(0.,1.,0.));
#3451 = PCURVE('',#1448,#3452);
#3452 = DEFINITIONAL_REPRESENTATION('',(#3453),#3457);
#3453 = LINE('',#3454,#3455);
#3454 = CARTESIAN_POINT('',(1.,0.));
#3455 = VECTOR('',#3456,1.);
#3456 = DIRECTION('',(0.,-1.));
#3457 = ( GEOMETRIC_REPRESENTATION_CONTEXT(2) 
PARAMETRIC_REPRESENTATION_CONTEXT() REPRESENTATION_CONTEXT('2D SPACE',''
  ) );
#3458 = PCURVE('',#1501,#3459);
#3459 = DEFINITIONAL_REPRESENTATION('',(#3460),#3464);
#3460 = LINE('',#3461,#3462);
#3461 = CARTESIAN_POINT('',(-0.,0.));
#3462 = VECTOR('',#3463,1.);
#3463 = DIRECTION('',(-0.,1.));
#3464 = ( GEOMETRIC_REPRESENTATION_CONTEXT(2) 
PARAMETRIC_REPRESENTATION_CONTEXT() REPRESENTATION_CONTEXT('2D SPACE',''
  ) );
#3465 = ORIENTED_EDGE('',*,*,#1432,.T.);
#3466 = ORIENTED_EDGE('',*,*,#3393,.F.);
#3467 = FACE_BOUND('',#3468,.F.);
#3468 = EDGE_LOOP('',(#3469,#3497,#3523,#3549));
#3469 = ORIENTED_EDGE('',*,*,#3470,.T.);
#3470 = EDGE_CURVE('',#3471,#3473,#3475,.T.);
#3471 = VERTEX_POINT('',#3472);
#3472 = CARTESIAN_POINT('',(-34.5,-22.8,-67.15));
#3473 = VERTEX_POINT('',#3474);
#3474 = CARTESIAN_POINT('',(-34.5,-22.8,-59.85));
#3475 = SURFACE_CURVE('',#3476,(#3480,#3486),.PCURVE_S1.);
#3476 = LINE('',#3477,#3478);
#3477 = CARTESIAN_POINT('',(-34.5,-22.8,-67.75));
#3478 = VECTOR('',#3479,1.);
#3479 = DIRECTION('',(0.,0.,1.));
#3480 = PCURVE('',#1448,#3481);
#3481 = DEFINITIONAL_REPRESENTATION('',(#3482),#3485);
#3482 = B_SPLINE_CURVE_WITH_KNOTS('',1,(#3483,#3484),.UNSPECIFIED.,.F.,
  .F.,(2,2),(0.6,7.9),.PIECEWISE_BEZIER_KNOTS.);
#3483 = CARTESIAN_POINT('',(4.85,-1.6));
#3484 = CARTESIAN_POINT('',(12.15,-1.6));
#3485 = ( GEOMETRIC_REPRESENTATION_CONTEXT(2) 
PARAMETRIC_REPRESENTATION_CONTEXT() REPRESENTATION_CONTEXT('2D SPACE',''
  ) );
#3486 = PCURVE('',#3487,#3492);
#3487 = PLANE('',#3488);
#3488 = AXIS2_PLACEMENT_3D('',#3489,#3490,#3491);
#3489 = CARTESIAN_POINT('',(-29.,-22.8,-63.5));
#3490 = DIRECTION('',(0.,1.,0.));
#3491 = DIRECTION('',(-1.,0.,0.));
#3492 = DEFINITIONAL_REPRESENTATION('',(#3493),#3496);
#3493 = B_SPLINE_CURVE_WITH_KNOTS('',1,(#3494,#3495),.UNSPECIFIED.,.F.,
  .F.,(2,2),(0.6,7.9),.PIECEWISE_BEZIER_KNOTS.);
#3494 = CARTESIAN_POINT('',(5.5,-3.65));
#3495 = CARTESIAN_POINT('',(5.5,3.65));
#3496 = ( GEOMETRIC_REPRESENTATION_CONTEXT(2) 
PARAMETRIC_REPRESENTATION_CONTEXT() REPRESENTATION_CONTEXT('2D SPACE',''
  ) );
#3497 = ORIENTED_EDGE('',*,*,#3498,.T.);
#3498 = EDGE_CURVE('',#3473,#3499,#3501,.T.);
#3499 = VERTEX_POINT('',#3500);
#3500 = CARTESIAN_POINT('',(-34.5,-19.4,-59.85));
#3501 = SURFACE_CURVE('',#3502,(#3506,#3512),.PCURVE_S1.);
#3502 = LINE('',#3503,#3504);
#3503 = CARTESIAN_POINT('',(-34.5,-23.6,-59.85));
#3504 = VECTOR('',#3505,1.);
#3505 = DIRECTION('',(-0.,1.,0.));
#3506 = PCURVE('',#1448,#3507);
#3507 = DEFINITIONAL_REPRESENTATION('',(#3508),#3511);
#3508 = B_SPLINE_CURVE_WITH_KNOTS('',1,(#3509,#3510),.UNSPECIFIED.,.F.,
  .F.,(2,2),(0.8,4.2),.PIECEWISE_BEZIER_KNOTS.);
#3509 = CARTESIAN_POINT('',(12.15,-1.6));
#3510 = CARTESIAN_POINT('',(12.15,-5.));
#3511 = ( GEOMETRIC_REPRESENTATION_CONTEXT(2) 
PARAMETRIC_REPRESENTATION_CONTEXT() REPRESENTATION_CONTEXT('2D SPACE',''
  ) );
#3512 = PCURVE('',#3513,#3518);
#3513 = PLANE('',#3514);
#3514 = AXIS2_PLACEMENT_3D('',#3515,#3516,#3517);
#3515 = CARTESIAN_POINT('',(-31.10732848254,-22.8,-59.85));
#3516 = DIRECTION('',(1.05367818432E-16,0.,-1.));
#3517 = DIRECTION('',(1.,0.,1.05367818432E-16));
#3518 = DEFINITIONAL_REPRESENTATION('',(#3519),#3522);
#3519 = B_SPLINE_CURVE_WITH_KNOTS('',1,(#3520,#3521),.UNSPECIFIED.,.F.,
  .F.,(2,2),(0.8,4.2),.PIECEWISE_BEZIER_KNOTS.);
#3520 = CARTESIAN_POINT('',(-3.392671517458,0.));
#3521 = CARTESIAN_POINT('',(-3.392671517458,-3.4));
#3522 = ( GEOMETRIC_REPRESENTATION_CONTEXT(2) 
PARAMETRIC_REPRESENTATION_CONTEXT() REPRESENTATION_CONTEXT('2D SPACE',''
  ) );
#3523 = ORIENTED_EDGE('',*,*,#3524,.F.);
#3524 = EDGE_CURVE('',#3525,#3499,#3527,.T.);
#3525 = VERTEX_POINT('',#3526);
#3526 = CARTESIAN_POINT('',(-34.5,-19.4,-67.15));
#3527 = SURFACE_CURVE('',#3528,(#3532,#3538),.PCURVE_S1.);
#3528 = LINE('',#3529,#3530);
#3529 = CARTESIAN_POINT('',(-34.5,-19.4,-67.75));
#3530 = VECTOR('',#3531,1.);
#3531 = DIRECTION('',(0.,0.,1.));
#3532 = PCURVE('',#1448,#3533);
#3533 = DEFINITIONAL_REPRESENTATION('',(#3534),#3537);
#3534 = B_SPLINE_CURVE_WITH_KNOTS('',1,(#3535,#3536),.UNSPECIFIED.,.F.,
  .F.,(2,2),(0.6,7.9),.PIECEWISE_BEZIER_KNOTS.);
#3535 = CARTESIAN_POINT('',(4.85,-5.));
#3536 = CARTESIAN_POINT('',(12.15,-5.));
#3537 = ( GEOMETRIC_REPRESENTATION_CONTEXT(2) 
PARAMETRIC_REPRESENTATION_CONTEXT() REPRESENTATION_CONTEXT('2D SPACE',''
  ) );
#3538 = PCURVE('',#3539,#3544);
#3539 = PLANE('',#3540);
#3540 = AXIS2_PLACEMENT_3D('',#3541,#3542,#3543);
#3541 = CARTESIAN_POINT('',(-29.,-19.4,-63.5));
#3542 = DIRECTION('',(0.,1.,0.));
#3543 = DIRECTION('',(-1.,0.,0.));
#3544 = DEFINITIONAL_REPRESENTATION('',(#3545),#3548);
#3545 = B_SPLINE_CURVE_WITH_KNOTS('',1,(#3546,#3547),.UNSPECIFIED.,.F.,
  .F.,(2,2),(0.6,7.9),.PIECEWISE_BEZIER_KNOTS.);
#3546 = CARTESIAN_POINT('',(5.5,-3.65));
#3547 = CARTESIAN_POINT('',(5.5,3.65));
#3548 = ( GEOMETRIC_REPRESENTATION_CONTEXT(2) 
PARAMETRIC_REPRESENTATION_CONTEXT() REPRESENTATION_CONTEXT('2D SPACE',''
  ) );
#3549 = ORIENTED_EDGE('',*,*,#3550,.T.);
#3550 = EDGE_CURVE('',#3525,#3471,#3551,.T.);
#3551 = SURFACE_CURVE('',#3552,(#3556,#3562),.PCURVE_S1.);
#3552 = LINE('',#3553,#3554);
#3553 = CARTESIAN_POINT('',(-34.5,-23.6,-67.15));
#3554 = VECTOR('',#3555,1.);
#3555 = DIRECTION('',(0.,-1.,0.));
#3556 = PCURVE('',#1448,#3557);
#3557 = DEFINITIONAL_REPRESENTATION('',(#3558),#3561);
#3558 = B_SPLINE_CURVE_WITH_KNOTS('',1,(#3559,#3560),.UNSPECIFIED.,.F.,
  .F.,(2,2),(-4.2,-0.8),.PIECEWISE_BEZIER_KNOTS.);
#3559 = CARTESIAN_POINT('',(4.85,-5.));
#3560 = CARTESIAN_POINT('',(4.85,-1.6));
#3561 = ( GEOMETRIC_REPRESENTATION_CONTEXT(2) 
PARAMETRIC_REPRESENTATION_CONTEXT() REPRESENTATION_CONTEXT('2D SPACE',''
  ) );
#3562 = PCURVE('',#3563,#3568);
#3563 = PLANE('',#3564);
#3564 = AXIS2_PLACEMENT_3D('',#3565,#3566,#3567);
#3565 = CARTESIAN_POINT('',(-26.89267151745,-22.8,-67.15));
#3566 = DIRECTION('',(-6.322069105919E-16,0.,1.));
#3567 = DIRECTION('',(-1.,0.,-6.322069105919E-16));
#3568 = DEFINITIONAL_REPRESENTATION('',(#3569),#3572);
#3569 = B_SPLINE_CURVE_WITH_KNOTS('',1,(#3570,#3571),.UNSPECIFIED.,.F.,
  .F.,(2,2),(-4.2,-0.8),.PIECEWISE_BEZIER_KNOTS.);
#3570 = CARTESIAN_POINT('',(7.607328482542,-3.4));
#3571 = CARTESIAN_POINT('',(7.607328482542,0.));
#3572 = ( GEOMETRIC_REPRESENTATION_CONTEXT(2) 
PARAMETRIC_REPRESENTATION_CONTEXT() REPRESENTATION_CONTEXT('2D SPACE',''
  ) );
#3573 = ADVANCED_FACE('',(#3574),#1501,.T.);
#3574 = FACE_BOUND('',#3575,.F.);
#3575 = EDGE_LOOP('',(#3576,#3601,#3602,#3603));
#3576 = ORIENTED_EDGE('',*,*,#3577,.F.);
#3577 = EDGE_CURVE('',#3261,#3418,#3578,.T.);
#3578 = SURFACE_CURVE('',#3579,(#3584,#3590),.PCURVE_S1.);
#3579 = CIRCLE('',#3580,1.);
#3580 = AXIS2_PLACEMENT_3D('',#3581,#3582,#3583);
#3581 = CARTESIAN_POINT('',(-33.5,-23.4,-71.));
#3582 = DIRECTION('',(0.,1.,-0.));
#3583 = DIRECTION('',(-1.,0.,0.));
#3584 = PCURVE('',#1501,#3585);
#3585 = DEFINITIONAL_REPRESENTATION('',(#3586),#3589);
#3586 = B_SPLINE_CURVE_WITH_KNOTS('',1,(#3587,#3588),.UNSPECIFIED.,.F.,
  .F.,(2,2),(4.712388980385,6.28318530718),.PIECEWISE_BEZIER_KNOTS.);
#3587 = CARTESIAN_POINT('',(-1.570796326795,1.));
#3588 = CARTESIAN_POINT('',(0.,1.));
#3589 = ( GEOMETRIC_REPRESENTATION_CONTEXT(2) 
PARAMETRIC_REPRESENTATION_CONTEXT() REPRESENTATION_CONTEXT('2D SPACE',''
  ) );
#3590 = PCURVE('',#3591,#3596);
#3591 = SPHERICAL_SURFACE('',#3592,1.);
#3592 = AXIS2_PLACEMENT_3D('',#3593,#3594,#3595);
#3593 = CARTESIAN_POINT('',(-33.5,-23.4,-71.));
#3594 = DIRECTION('',(0.,0.,1.));
#3595 = DIRECTION('',(-1.,0.,0.));
#3596 = DEFINITIONAL_REPRESENTATION('',(#3597),#3600);
#3597 = B_SPLINE_CURVE_WITH_KNOTS('',1,(#3598,#3599),.UNSPECIFIED.,.F.,
  .F.,(2,2),(4.712388980385,6.28318530718),.PIECEWISE_BEZIER_KNOTS.);
#3598 = CARTESIAN_POINT('',(0.,-1.570796326795));
#3599 = CARTESIAN_POINT('',(0.,0.));
#3600 = ( GEOMETRIC_REPRESENTATION_CONTEXT(2) 
PARAMETRIC_REPRESENTATION_CONTEXT() REPRESENTATION_CONTEXT('2D SPACE',''
  ) );
#3601 = ORIENTED_EDGE('',*,*,#3260,.T.);
#3602 = ORIENTED_EDGE('',*,*,#1487,.T.);
#3603 = ORIENTED_EDGE('',*,*,#3445,.F.);
#3604 = ADVANCED_FACE('',(#3605),#1608,.T.);
#3605 = FACE_BOUND('',#3606,.F.);
#3606 = EDGE_LOOP('',(#3607,#3608,#3609,#3634));
#3607 = ORIENTED_EDGE('',*,*,#1624,.F.);
#3608 = ORIENTED_EDGE('',*,*,#1594,.T.);
#3609 = ORIENTED_EDGE('',*,*,#3610,.T.);
#3610 = EDGE_CURVE('',#1567,#1748,#3611,.T.);
#3611 = SURFACE_CURVE('',#3612,(#3617,#3623),.PCURVE_S1.);
#3612 = CIRCLE('',#3613,1.);
#3613 = AXIS2_PLACEMENT_3D('',#3614,#3615,#3616);
#3614 = CARTESIAN_POINT('',(33.5,5.,-83.));
#3615 = DIRECTION('',(1.,-6.123233995737E-17,0.));
#3616 = DIRECTION('',(6.123233995737E-17,1.,0.));
#3617 = PCURVE('',#1608,#3618);
#3618 = DEFINITIONAL_REPRESENTATION('',(#3619),#3622);
#3619 = B_SPLINE_CURVE_WITH_KNOTS('',1,(#3620,#3621),.UNSPECIFIED.,.F.,
  .F.,(2,2),(4.712388980385,6.28318530718),.PIECEWISE_BEZIER_KNOTS.);
#3620 = CARTESIAN_POINT('',(-1.570796326795,68.));
#3621 = CARTESIAN_POINT('',(0.,68.));
#3622 = ( GEOMETRIC_REPRESENTATION_CONTEXT(2) 
PARAMETRIC_REPRESENTATION_CONTEXT() REPRESENTATION_CONTEXT('2D SPACE',''
  ) );
#3623 = PCURVE('',#3624,#3629);
#3624 = SPHERICAL_SURFACE('',#3625,1.);
#3625 = AXIS2_PLACEMENT_3D('',#3626,#3627,#3628);
#3626 = CARTESIAN_POINT('',(33.5,5.,-83.));
#3627 = DIRECTION('',(0.,0.,1.));
#3628 = DIRECTION('',(1.,0.,-0.));
#3629 = DEFINITIONAL_REPRESENTATION('',(#3630),#3633);
#3630 = B_SPLINE_CURVE_WITH_KNOTS('',1,(#3631,#3632),.UNSPECIFIED.,.F.,
  .F.,(2,2),(4.712388980385,6.28318530718),.PIECEWISE_BEZIER_KNOTS.);
#3631 = CARTESIAN_POINT('',(1.570796326795,-1.570796326795));
#3632 = CARTESIAN_POINT('',(1.570796326795,0.));
#3633 = ( GEOMETRIC_REPRESENTATION_CONTEXT(2) 
PARAMETRIC_REPRESENTATION_CONTEXT() REPRESENTATION_CONTEXT('2D SPACE',''
  ) );
#3634 = ORIENTED_EDGE('',*,*,#1747,.F.);
#3635 = ADVANCED_FACE('',(#3636),#1582,.T.);
#3636 = FACE_BOUND('',#3637,.T.);
#3637 = EDGE_LOOP('',(#3638,#3658,#3659,#3681));
#3638 = ORIENTED_EDGE('',*,*,#3639,.F.);
#3639 = EDGE_CURVE('',#1544,#2097,#3640,.T.);
#3640 = SURFACE_CURVE('',#3641,(#3646,#3652),.PCURVE_S1.);
#3641 = CIRCLE('',#3642,1.);
#3642 = AXIS2_PLACEMENT_3D('',#3643,#3644,#3645);
#3643 = CARTESIAN_POINT('',(33.5,3.,-83.));
#3644 = DIRECTION('',(0.,-1.,0.));
#3645 = DIRECTION('',(1.,0.,0.));
#3646 = PCURVE('',#1582,#3647);
#3647 = DEFINITIONAL_REPRESENTATION('',(#3648),#3651);
#3648 = B_SPLINE_CURVE_WITH_KNOTS('',1,(#3649,#3650),.UNSPECIFIED.,.F.,
  .F.,(2,2),(4.712388980385,6.28318530718),.PIECEWISE_BEZIER_KNOTS.);
#3649 = CARTESIAN_POINT('',(1.570796326795,1.));
#3650 = CARTESIAN_POINT('',(0.,1.));
#3651 = ( GEOMETRIC_REPRESENTATION_CONTEXT(2) 
PARAMETRIC_REPRESENTATION_CONTEXT() REPRESENTATION_CONTEXT('2D SPACE',''
  ) );
#3652 = PCURVE('',#2081,#3653);
#3653 = DEFINITIONAL_REPRESENTATION('',(#3654),#3657);
#3654 = B_SPLINE_CURVE_WITH_KNOTS('',1,(#3655,#3656),.UNSPECIFIED.,.F.,
  .F.,(2,2),(4.712388980385,6.28318530718),.PIECEWISE_BEZIER_KNOTS.);
#3655 = CARTESIAN_POINT('',(0.,-1.570796326795));
#3656 = CARTESIAN_POINT('',(0.,0.));
#3657 = ( GEOMETRIC_REPRESENTATION_CONTEXT(2) 
PARAMETRIC_REPRESENTATION_CONTEXT() REPRESENTATION_CONTEXT('2D SPACE',''
  ) );
#3658 = ORIENTED_EDGE('',*,*,#1566,.T.);
#3659 = ORIENTED_EDGE('',*,*,#3660,.T.);
#3660 = EDGE_CURVE('',#1567,#3661,#3663,.T.);
#3661 = VERTEX_POINT('',#3662);
#3662 = CARTESIAN_POINT('',(34.5,5.,-83.));
#3663 = SURFACE_CURVE('',#3664,(#3669,#3675),.PCURVE_S1.);
#3664 = CIRCLE('',#3665,1.);
#3665 = AXIS2_PLACEMENT_3D('',#3666,#3667,#3668);
#3666 = CARTESIAN_POINT('',(33.5,5.,-83.));
#3667 = DIRECTION('',(0.,-1.,0.));
#3668 = DIRECTION('',(1.,0.,0.));
#3669 = PCURVE('',#1582,#3670);
#3670 = DEFINITIONAL_REPRESENTATION('',(#3671),#3674);
#3671 = B_SPLINE_CURVE_WITH_KNOTS('',1,(#3672,#3673),.UNSPECIFIED.,.F.,
  .F.,(2,2),(4.712388980385,6.28318530718),.PIECEWISE_BEZIER_KNOTS.);
#3672 = CARTESIAN_POINT('',(1.570796326795,3.));
#3673 = CARTESIAN_POINT('',(0.,3.));
#3674 = ( GEOMETRIC_REPRESENTATION_CONTEXT(2) 
PARAMETRIC_REPRESENTATION_CONTEXT() REPRESENTATION_CONTEXT('2D SPACE',''
  ) );
#3675 = PCURVE('',#3624,#3676);
#3676 = DEFINITIONAL_REPRESENTATION('',(#3677),#3680);
#3677 = B_SPLINE_CURVE_WITH_KNOTS('',1,(#3678,#3679),.UNSPECIFIED.,.F.,
  .F.,(2,2),(4.712388980385,6.28318530718),.PIECEWISE_BEZIER_KNOTS.);
#3678 = CARTESIAN_POINT('',(0.,-1.570796326795));
#3679 = CARTESIAN_POINT('',(0.,0.));
#3680 = ( GEOMETRIC_REPRESENTATION_CONTEXT(2) 
PARAMETRIC_REPRESENTATION_CONTEXT() REPRESENTATION_CONTEXT('2D SPACE',''
  ) );
#3681 = ORIENTED_EDGE('',*,*,#3682,.F.);
#3682 = EDGE_CURVE('',#2097,#3661,#3683,.T.);
#3683 = SURFACE_CURVE('',#3684,(#3688,#3695),.PCURVE_S1.);
#3684 = LINE('',#3685,#3686);
#3685 = CARTESIAN_POINT('',(34.5,2.,-83.));
#3686 = VECTOR('',#3687,1.);
#3687 = DIRECTION('',(0.,1.,0.));
#3688 = PCURVE('',#1582,#3689);
#3689 = DEFINITIONAL_REPRESENTATION('',(#3690),#3694);
#3690 = LINE('',#3691,#3692);
#3691 = CARTESIAN_POINT('',(0.,0.));
#3692 = VECTOR('',#3693,1.);
#3693 = DIRECTION('',(0.,1.));
#3694 = ( GEOMETRIC_REPRESENTATION_CONTEXT(2) 
PARAMETRIC_REPRESENTATION_CONTEXT() REPRESENTATION_CONTEXT('2D SPACE',''
  ) );
#3695 = PCURVE('',#2114,#3696);
#3696 = DEFINITIONAL_REPRESENTATION('',(#3697),#3701);
#3697 = LINE('',#3698,#3699);
#3698 = CARTESIAN_POINT('',(1.,0.));
#3699 = VECTOR('',#3700,1.);
#3700 = DIRECTION('',(0.,-1.));
#3701 = ( GEOMETRIC_REPRESENTATION_CONTEXT(2) 
PARAMETRIC_REPRESENTATION_CONTEXT() REPRESENTATION_CONTEXT('2D SPACE',''
  ) );
#3702 = ADVANCED_FACE('',(#3703),#1707,.T.);
#3703 = FACE_BOUND('',#3704,.T.);
#3704 = EDGE_LOOP('',(#3705,#3706,#3707,#3708));
#3705 = ORIENTED_EDGE('',*,*,#1771,.F.);
#3706 = ORIENTED_EDGE('',*,*,#1723,.T.);
#3707 = ORIENTED_EDGE('',*,*,#1693,.T.);
#3708 = ORIENTED_EDGE('',*,*,#2994,.F.);
#3709 = ADVANCED_FACE('',(#3710),#1983,.T.);
#3710 = FACE_BOUND('',#3711,.T.);
#3711 = EDGE_LOOP('',(#3712,#3735,#3757,#3758));
#3712 = ORIENTED_EDGE('',*,*,#3713,.F.);
#3713 = EDGE_CURVE('',#3661,#3714,#3716,.T.);
#3714 = VERTEX_POINT('',#3715);
#3715 = CARTESIAN_POINT('',(34.5,5.,-49.6));
#3716 = SURFACE_CURVE('',#3717,(#3721,#3728),.PCURVE_S1.);
#3717 = LINE('',#3718,#3719);
#3718 = CARTESIAN_POINT('',(34.5,5.,-84.));
#3719 = VECTOR('',#3720,1.);
#3720 = DIRECTION('',(0.,0.,1.));
#3721 = PCURVE('',#1983,#3722);
#3722 = DEFINITIONAL_REPRESENTATION('',(#3723),#3727);
#3723 = LINE('',#3724,#3725);
#3724 = CARTESIAN_POINT('',(0.,0.));
#3725 = VECTOR('',#3726,1.);
#3726 = DIRECTION('',(0.,1.));
#3727 = ( GEOMETRIC_REPRESENTATION_CONTEXT(2) 
PARAMETRIC_REPRESENTATION_CONTEXT() REPRESENTATION_CONTEXT('2D SPACE',''
  ) );
#3728 = PCURVE('',#2114,#3729);
#3729 = DEFINITIONAL_REPRESENTATION('',(#3730),#3734);
#3730 = LINE('',#3731,#3732);
#3731 = CARTESIAN_POINT('',(0.,-3.));
#3732 = VECTOR('',#3733,1.);
#3733 = DIRECTION('',(1.,0.));
#3734 = ( GEOMETRIC_REPRESENTATION_CONTEXT(2) 
PARAMETRIC_REPRESENTATION_CONTEXT() REPRESENTATION_CONTEXT('2D SPACE',''
  ) );
#3735 = ORIENTED_EDGE('',*,*,#3736,.T.);
#3736 = EDGE_CURVE('',#3661,#1748,#3737,.T.);
#3737 = SURFACE_CURVE('',#3738,(#3743,#3750),.PCURVE_S1.);
#3738 = CIRCLE('',#3739,1.);
#3739 = AXIS2_PLACEMENT_3D('',#3740,#3741,#3742);
#3740 = CARTESIAN_POINT('',(33.5,5.,-83.));
#3741 = DIRECTION('',(0.,0.,1.));
#3742 = DIRECTION('',(1.,0.,-0.));
#3743 = PCURVE('',#1983,#3744);
#3744 = DEFINITIONAL_REPRESENTATION('',(#3745),#3749);
#3745 = LINE('',#3746,#3747);
#3746 = CARTESIAN_POINT('',(0.,1.));
#3747 = VECTOR('',#3748,1.);
#3748 = DIRECTION('',(1.,0.));
#3749 = ( GEOMETRIC_REPRESENTATION_CONTEXT(2) 
PARAMETRIC_REPRESENTATION_CONTEXT() REPRESENTATION_CONTEXT('2D SPACE',''
  ) );
#3750 = PCURVE('',#3624,#3751);
#3751 = DEFINITIONAL_REPRESENTATION('',(#3752),#3756);
#3752 = LINE('',#3753,#3754);
#3753 = CARTESIAN_POINT('',(0.,0.));
#3754 = VECTOR('',#3755,1.);
#3755 = DIRECTION('',(1.,0.));
#3756 = ( GEOMETRIC_REPRESENTATION_CONTEXT(2) 
PARAMETRIC_REPRESENTATION_CONTEXT() REPRESENTATION_CONTEXT('2D SPACE',''
  ) );
#3757 = ORIENTED_EDGE('',*,*,#1969,.T.);
#3758 = ORIENTED_EDGE('',*,*,#3759,.T.);
#3759 = EDGE_CURVE('',#1942,#3714,#3760,.T.);
#3760 = SURFACE_CURVE('',#3761,(#3766,#3772),.PCURVE_S1.);
#3761 = CIRCLE('',#3762,1.);
#3762 = AXIS2_PLACEMENT_3D('',#3763,#3764,#3765);
#3763 = CARTESIAN_POINT('',(33.5,5.,-49.6));
#3764 = DIRECTION('',(0.,0.,-1.));
#3765 = DIRECTION('',(1.,0.,0.));
#3766 = PCURVE('',#1983,#3767);
#3767 = DEFINITIONAL_REPRESENTATION('',(#3768),#3771);
#3768 = B_SPLINE_CURVE_WITH_KNOTS('',1,(#3769,#3770),.UNSPECIFIED.,.F.,
  .F.,(2,2),(4.712388980385,6.28318530718),.PIECEWISE_BEZIER_KNOTS.);
#3769 = CARTESIAN_POINT('',(1.570796326795,34.4));
#3770 = CARTESIAN_POINT('',(0.,34.4));
#3771 = ( GEOMETRIC_REPRESENTATION_CONTEXT(2) 
PARAMETRIC_REPRESENTATION_CONTEXT() REPRESENTATION_CONTEXT('2D SPACE',''
  ) );
#3772 = PCURVE('',#3773,#3778);
#3773 = SPHERICAL_SURFACE('',#3774,1.);
#3774 = AXIS2_PLACEMENT_3D('',#3775,#3776,#3777);
#3775 = CARTESIAN_POINT('',(33.5,5.,-49.6));
#3776 = DIRECTION('',(-0.,-1.,-0.));
#3777 = DIRECTION('',(1.,-0.,0.));
#3778 = DEFINITIONAL_REPRESENTATION('',(#3779),#3782);
#3779 = B_SPLINE_CURVE_WITH_KNOTS('',1,(#3780,#3781),.UNSPECIFIED.,.F.,
  .F.,(2,2),(4.712388980385,6.28318530718),.PIECEWISE_BEZIER_KNOTS.);
#3780 = CARTESIAN_POINT('',(0.,-1.570796326795));
#3781 = CARTESIAN_POINT('',(0.,0.));
#3782 = ( GEOMETRIC_REPRESENTATION_CONTEXT(2) 
PARAMETRIC_REPRESENTATION_CONTEXT() REPRESENTATION_CONTEXT('2D SPACE',''
  ) );
#3783 = ADVANCED_FACE('',(#3784),#1957,.T.);
#3784 = FACE_BOUND('',#3785,.T.);
#3785 = EDGE_LOOP('',(#3786,#3787,#3810,#3830));
#3786 = ORIENTED_EDGE('',*,*,#2825,.T.);
#3787 = ORIENTED_EDGE('',*,*,#3788,.T.);
#3788 = EDGE_CURVE('',#2805,#3789,#3791,.T.);
#3789 = VERTEX_POINT('',#3790);
#3790 = CARTESIAN_POINT('',(33.5,5.,-48.6));
#3791 = SURFACE_CURVE('',#3792,(#3796,#3803),.PCURVE_S1.);
#3792 = LINE('',#3793,#3794);
#3793 = CARTESIAN_POINT('',(-34.5,5.,-48.6));
#3794 = VECTOR('',#3795,1.);
#3795 = DIRECTION('',(1.,0.,0.));
#3796 = PCURVE('',#1957,#3797);
#3797 = DEFINITIONAL_REPRESENTATION('',(#3798),#3802);
#3798 = LINE('',#3799,#3800);
#3799 = CARTESIAN_POINT('',(1.570796326795,0.));
#3800 = VECTOR('',#3801,1.);
#3801 = DIRECTION('',(0.,1.));
#3802 = ( GEOMETRIC_REPRESENTATION_CONTEXT(2) 
PARAMETRIC_REPRESENTATION_CONTEXT() REPRESENTATION_CONTEXT('2D SPACE',''
  ) );
#3803 = PCURVE('',#2745,#3804);
#3804 = DEFINITIONAL_REPRESENTATION('',(#3805),#3809);
#3805 = LINE('',#3806,#3807);
#3806 = CARTESIAN_POINT('',(0.,3.));
#3807 = VECTOR('',#3808,1.);
#3808 = DIRECTION('',(1.,0.));
#3809 = ( GEOMETRIC_REPRESENTATION_CONTEXT(2) 
PARAMETRIC_REPRESENTATION_CONTEXT() REPRESENTATION_CONTEXT('2D SPACE',''
  ) );
#3810 = ORIENTED_EDGE('',*,*,#3811,.F.);
#3811 = EDGE_CURVE('',#1942,#3789,#3812,.T.);
#3812 = SURFACE_CURVE('',#3813,(#3818,#3824),.PCURVE_S1.);
#3813 = CIRCLE('',#3814,1.);
#3814 = AXIS2_PLACEMENT_3D('',#3815,#3816,#3817);
#3815 = CARTESIAN_POINT('',(33.5,5.,-49.6));
#3816 = DIRECTION('',(1.,0.,-6.123233995737E-17));
#3817 = DIRECTION('',(6.123233995737E-17,0.,1.));
#3818 = PCURVE('',#1957,#3819);
#3819 = DEFINITIONAL_REPRESENTATION('',(#3820),#3823);
#3820 = B_SPLINE_CURVE_WITH_KNOTS('',1,(#3821,#3822),.UNSPECIFIED.,.F.,
  .F.,(2,2),(4.712388980385,6.28318530718),.PIECEWISE_BEZIER_KNOTS.);
#3821 = CARTESIAN_POINT('',(0.,68.));
#3822 = CARTESIAN_POINT('',(1.570796326795,68.));
#3823 = ( GEOMETRIC_REPRESENTATION_CONTEXT(2) 
PARAMETRIC_REPRESENTATION_CONTEXT() REPRESENTATION_CONTEXT('2D SPACE',''
  ) );
#3824 = PCURVE('',#3773,#3825);
#3825 = DEFINITIONAL_REPRESENTATION('',(#3826),#3829);
#3826 = B_SPLINE_CURVE_WITH_KNOTS('',1,(#3827,#3828),.UNSPECIFIED.,.F.,
  .F.,(2,2),(4.712388980385,6.28318530718),.PIECEWISE_BEZIER_KNOTS.);
#3827 = CARTESIAN_POINT('',(1.570796326795,-1.570796326795));
#3828 = CARTESIAN_POINT('',(1.570796326795,0.));
#3829 = ( GEOMETRIC_REPRESENTATION_CONTEXT(2) 
PARAMETRIC_REPRESENTATION_CONTEXT() REPRESENTATION_CONTEXT('2D SPACE',''
  ) );
#3830 = ORIENTED_EDGE('',*,*,#1941,.F.);
#3831 = ADVANCED_FACE('',(#3832),#2018,.F.);
#3832 = FACE_BOUND('',#3833,.F.);
#3833 = EDGE_LOOP('',(#3834,#3855,#3856,#3857));
#3834 = ORIENTED_EDGE('',*,*,#3835,.T.);
#3835 = EDGE_CURVE('',#1998,#3315,#3836,.T.);
#3836 = SEAM_CURVE('',#3837,(#3841,#3848),.PCURVE_S1.);
#3837 = LINE('',#3838,#3839);
#3838 = CARTESIAN_POINT('',(-5.510910596163E-16,6.2,-81.6));
#3839 = VECTOR('',#3840,1.);
#3840 = DIRECTION('',(1.731912112471E-16,-0.707106781187,0.707106781187)
  );
#3841 = PCURVE('',#2018,#3842);
#3842 = DEFINITIONAL_REPRESENTATION('',(#3843),#3847);
#3843 = LINE('',#3844,#3845);
#3844 = CARTESIAN_POINT('',(-6.28318530718,0.));
#3845 = VECTOR('',#3846,1.);
#3846 = DIRECTION('',(-0.,-1.));
#3847 = ( GEOMETRIC_REPRESENTATION_CONTEXT(2) 
PARAMETRIC_REPRESENTATION_CONTEXT() REPRESENTATION_CONTEXT('2D SPACE',''
  ) );
#3848 = PCURVE('',#2018,#3849);
#3849 = DEFINITIONAL_REPRESENTATION('',(#3850),#3854);
#3850 = LINE('',#3851,#3852);
#3851 = CARTESIAN_POINT('',(0.,-0.));
#3852 = VECTOR('',#3853,1.);
#3853 = DIRECTION('',(-0.,-1.));
#3854 = ( GEOMETRIC_REPRESENTATION_CONTEXT(2) 
PARAMETRIC_REPRESENTATION_CONTEXT() REPRESENTATION_CONTEXT('2D SPACE',''
  ) );
#3855 = ORIENTED_EDGE('',*,*,#3314,.F.);
#3856 = ORIENTED_EDGE('',*,*,#3835,.F.);
#3857 = ORIENTED_EDGE('',*,*,#1997,.T.);
#3858 = ADVANCED_FACE('',(#3859),#2081,.T.);
#3859 = FACE_BOUND('',#3860,.F.);
#3860 = EDGE_LOOP('',(#3861,#3862,#3863));
#3861 = ORIENTED_EDGE('',*,*,#3639,.F.);
#3862 = ORIENTED_EDGE('',*,*,#2067,.T.);
#3863 = ORIENTED_EDGE('',*,*,#2126,.F.);
#3864 = ADVANCED_FACE('',(#3865),#2114,.T.);
#3865 = FACE_BOUND('',#3866,.T.);
#3866 = EDGE_LOOP('',(#3867,#3868,#3869,#3870));
#3867 = ORIENTED_EDGE('',*,*,#2096,.F.);
#3868 = ORIENTED_EDGE('',*,*,#3682,.T.);
#3869 = ORIENTED_EDGE('',*,*,#3713,.T.);
#3870 = ORIENTED_EDGE('',*,*,#3871,.F.);
#3871 = EDGE_CURVE('',#2099,#3714,#3872,.T.);
#3872 = SURFACE_CURVE('',#3873,(#3877,#3884),.PCURVE_S1.);
#3873 = LINE('',#3874,#3875);
#3874 = CARTESIAN_POINT('',(34.5,2.,-49.6));
#3875 = VECTOR('',#3876,1.);
#3876 = DIRECTION('',(0.,1.,0.));
#3877 = PCURVE('',#2114,#3878);
#3878 = DEFINITIONAL_REPRESENTATION('',(#3879),#3883);
#3879 = LINE('',#3880,#3881);
#3880 = CARTESIAN_POINT('',(34.4,0.));
#3881 = VECTOR('',#3882,1.);
#3882 = DIRECTION('',(0.,-1.));
#3883 = ( GEOMETRIC_REPRESENTATION_CONTEXT(2) 
PARAMETRIC_REPRESENTATION_CONTEXT() REPRESENTATION_CONTEXT('2D SPACE',''
  ) );
#3884 = PCURVE('',#3885,#3890);
#3885 = CYLINDRICAL_SURFACE('',#3886,1.);
#3886 = AXIS2_PLACEMENT_3D('',#3887,#3888,#3889);
#3887 = CARTESIAN_POINT('',(33.5,2.,-49.6));
#3888 = DIRECTION('',(0.,1.,0.));
#3889 = DIRECTION('',(1.,0.,-0.));
#3890 = DEFINITIONAL_REPRESENTATION('',(#3891),#3895);
#3891 = LINE('',#3892,#3893);
#3892 = CARTESIAN_POINT('',(-0.,0.));
#3893 = VECTOR('',#3894,1.);
#3894 = DIRECTION('',(-0.,1.));
#3895 = ( GEOMETRIC_REPRESENTATION_CONTEXT(2) 
PARAMETRIC_REPRESENTATION_CONTEXT() REPRESENTATION_CONTEXT('2D SPACE',''
  ) );
#3896 = ADVANCED_FACE('',(#3897),#2386,.T.);
#3897 = FACE_BOUND('',#3898,.T.);
#3898 = EDGE_LOOP('',(#3899,#3919,#3920));
#3899 = ORIENTED_EDGE('',*,*,#3900,.F.);
#3900 = EDGE_CURVE('',#2730,#2099,#3901,.T.);
#3901 = SURFACE_CURVE('',#3902,(#3907,#3913),.PCURVE_S1.);
#3902 = CIRCLE('',#3903,1.);
#3903 = AXIS2_PLACEMENT_3D('',#3904,#3905,#3906);
#3904 = CARTESIAN_POINT('',(33.5,3.,-49.6));
#3905 = DIRECTION('',(-0.,1.,0.));
#3906 = DIRECTION('',(1.,0.,0.));
#3907 = PCURVE('',#2386,#3908);
#3908 = DEFINITIONAL_REPRESENTATION('',(#3909),#3912);
#3909 = B_SPLINE_CURVE_WITH_KNOTS('',1,(#3910,#3911),.UNSPECIFIED.,.F.,
  .F.,(2,2),(4.712388980385,6.28318530718),.PIECEWISE_BEZIER_KNOTS.);
#3910 = CARTESIAN_POINT('',(0.,-1.570796326795));
#3911 = CARTESIAN_POINT('',(0.,0.));
#3912 = ( GEOMETRIC_REPRESENTATION_CONTEXT(2) 
PARAMETRIC_REPRESENTATION_CONTEXT() REPRESENTATION_CONTEXT('2D SPACE',''
  ) );
#3913 = PCURVE('',#3885,#3914);
#3914 = DEFINITIONAL_REPRESENTATION('',(#3915),#3918);
#3915 = B_SPLINE_CURVE_WITH_KNOTS('',1,(#3916,#3917),.UNSPECIFIED.,.F.,
  .F.,(2,2),(4.712388980385,6.28318530718),.PIECEWISE_BEZIER_KNOTS.);
#3916 = CARTESIAN_POINT('',(-1.570796326795,1.));
#3917 = CARTESIAN_POINT('',(0.,1.));
#3918 = ( GEOMETRIC_REPRESENTATION_CONTEXT(2) 
PARAMETRIC_REPRESENTATION_CONTEXT() REPRESENTATION_CONTEXT('2D SPACE',''
  ) );
#3919 = ORIENTED_EDGE('',*,*,#2757,.T.);
#3920 = ORIENTED_EDGE('',*,*,#2371,.F.);
#3921 = ADVANCED_FACE('',(#3922),#2323,.T.);
#3922 = FACE_BOUND('',#3923,.T.);
#3923 = EDGE_LOOP('',(#3924,#3946,#3947));
#3924 = ORIENTED_EDGE('',*,*,#3925,.F.);
#3925 = EDGE_CURVE('',#2214,#3926,#3928,.T.);
#3926 = VERTEX_POINT('',#3927);
#3927 = CARTESIAN_POINT('',(34.5,2.,-56.));
#3928 = SURFACE_CURVE('',#3929,(#3934,#3940),.PCURVE_S1.);
#3929 = CIRCLE('',#3930,1.);
#3930 = AXIS2_PLACEMENT_3D('',#3931,#3932,#3933);
#3931 = CARTESIAN_POINT('',(33.5,2.,-56.));
#3932 = DIRECTION('',(0.,0.,-1.));
#3933 = DIRECTION('',(1.,0.,0.));
#3934 = PCURVE('',#2323,#3935);
#3935 = DEFINITIONAL_REPRESENTATION('',(#3936),#3939);
#3936 = B_SPLINE_CURVE_WITH_KNOTS('',1,(#3937,#3938),.UNSPECIFIED.,.F.,
  .F.,(2,2),(4.712388980385,6.28318530718),.PIECEWISE_BEZIER_KNOTS.);
#3937 = CARTESIAN_POINT('',(0.,-1.570796326795));
#3938 = CARTESIAN_POINT('',(0.,0.));
#3939 = ( GEOMETRIC_REPRESENTATION_CONTEXT(2) 
PARAMETRIC_REPRESENTATION_CONTEXT() REPRESENTATION_CONTEXT('2D SPACE',''
  ) );
#3940 = PCURVE('',#2228,#3941);
#3941 = DEFINITIONAL_REPRESENTATION('',(#3942),#3945);
#3942 = B_SPLINE_CURVE_WITH_KNOTS('',1,(#3943,#3944),.UNSPECIFIED.,.F.,
  .F.,(2,2),(4.712388980385,6.28318530718),.PIECEWISE_BEZIER_KNOTS.);
#3943 = CARTESIAN_POINT('',(1.570796326795,16.));
#3944 = CARTESIAN_POINT('',(0.,16.));
#3945 = ( GEOMETRIC_REPRESENTATION_CONTEXT(2) 
PARAMETRIC_REPRESENTATION_CONTEXT() REPRESENTATION_CONTEXT('2D SPACE',''
  ) );
#3946 = ORIENTED_EDGE('',*,*,#2239,.F.);
#3947 = ORIENTED_EDGE('',*,*,#3948,.F.);
#3948 = EDGE_CURVE('',#3926,#1152,#3949,.T.);
#3949 = SURFACE_CURVE('',#3950,(#3955,#3962),.PCURVE_S1.);
#3950 = CIRCLE('',#3951,1.);
#3951 = AXIS2_PLACEMENT_3D('',#3952,#3953,#3954);
#3952 = CARTESIAN_POINT('',(33.5,2.,-56.));
#3953 = DIRECTION('',(-0.,-1.,0.));
#3954 = DIRECTION('',(1.,-0.,0.));
#3955 = PCURVE('',#2323,#3956);
#3956 = DEFINITIONAL_REPRESENTATION('',(#3957),#3961);
#3957 = LINE('',#3958,#3959);
#3958 = CARTESIAN_POINT('',(0.,0.));
#3959 = VECTOR('',#3960,1.);
#3960 = DIRECTION('',(1.,0.));
#3961 = ( GEOMETRIC_REPRESENTATION_CONTEXT(2) 
PARAMETRIC_REPRESENTATION_CONTEXT() REPRESENTATION_CONTEXT('2D SPACE',''
  ) );
#3962 = PCURVE('',#2685,#3963);
#3963 = DEFINITIONAL_REPRESENTATION('',(#3964),#3968);
#3964 = LINE('',#3965,#3966);
#3965 = CARTESIAN_POINT('',(-0.,26.4));
#3966 = VECTOR('',#3967,1.);
#3967 = DIRECTION('',(-1.,0.));
#3968 = ( GEOMETRIC_REPRESENTATION_CONTEXT(2) 
PARAMETRIC_REPRESENTATION_CONTEXT() REPRESENTATION_CONTEXT('2D SPACE',''
  ) );
#3969 = ADVANCED_FACE('',(#3970),#2228,.T.);
#3970 = FACE_BOUND('',#3971,.T.);
#3971 = EDGE_LOOP('',(#3972,#4000,#4022,#4023));
#3972 = ORIENTED_EDGE('',*,*,#3973,.F.);
#3973 = EDGE_CURVE('',#3974,#3926,#3976,.T.);
#3974 = VERTEX_POINT('',#3975);
#3975 = CARTESIAN_POINT('',(34.5,2.,-71.));
#3976 = SURFACE_CURVE('',#3977,(#3981,#3988),.PCURVE_S1.);
#3977 = LINE('',#3978,#3979);
#3978 = CARTESIAN_POINT('',(34.5,2.,-72.));
#3979 = VECTOR('',#3980,1.);
#3980 = DIRECTION('',(0.,0.,1.));
#3981 = PCURVE('',#2228,#3982);
#3982 = DEFINITIONAL_REPRESENTATION('',(#3983),#3987);
#3983 = LINE('',#3984,#3985);
#3984 = CARTESIAN_POINT('',(0.,0.));
#3985 = VECTOR('',#3986,1.);
#3986 = DIRECTION('',(0.,1.));
#3987 = ( GEOMETRIC_REPRESENTATION_CONTEXT(2) 
PARAMETRIC_REPRESENTATION_CONTEXT() REPRESENTATION_CONTEXT('2D SPACE',''
  ) );
#3988 = PCURVE('',#3989,#3994);
#3989 = PLANE('',#3990);
#3990 = AXIS2_PLACEMENT_3D('',#3991,#3992,#3993);
#3991 = CARTESIAN_POINT('',(34.5,-24.4,-72.));
#3992 = DIRECTION('',(1.,0.,0.));
#3993 = DIRECTION('',(0.,0.,1.));
#3994 = DEFINITIONAL_REPRESENTATION('',(#3995),#3999);
#3995 = LINE('',#3996,#3997);
#3996 = CARTESIAN_POINT('',(0.,-26.4));
#3997 = VECTOR('',#3998,1.);
#3998 = DIRECTION('',(1.,0.));
#3999 = ( GEOMETRIC_REPRESENTATION_CONTEXT(2) 
PARAMETRIC_REPRESENTATION_CONTEXT() REPRESENTATION_CONTEXT('2D SPACE',''
  ) );
#4000 = ORIENTED_EDGE('',*,*,#4001,.T.);
#4001 = EDGE_CURVE('',#3974,#2150,#4002,.T.);
#4002 = SURFACE_CURVE('',#4003,(#4008,#4015),.PCURVE_S1.);
#4003 = CIRCLE('',#4004,1.);
#4004 = AXIS2_PLACEMENT_3D('',#4005,#4006,#4007);
#4005 = CARTESIAN_POINT('',(33.5,2.,-71.));
#4006 = DIRECTION('',(0.,0.,1.));
#4007 = DIRECTION('',(1.,0.,-0.));
#4008 = PCURVE('',#2228,#4009);
#4009 = DEFINITIONAL_REPRESENTATION('',(#4010),#4014);
#4010 = LINE('',#4011,#4012);
#4011 = CARTESIAN_POINT('',(0.,1.));
#4012 = VECTOR('',#4013,1.);
#4013 = DIRECTION('',(1.,0.));
#4014 = ( GEOMETRIC_REPRESENTATION_CONTEXT(2) 
PARAMETRIC_REPRESENTATION_CONTEXT() REPRESENTATION_CONTEXT('2D SPACE',''
  ) );
#4015 = PCURVE('',#2188,#4016);
#4016 = DEFINITIONAL_REPRESENTATION('',(#4017),#4021);
#4017 = LINE('',#4018,#4019);
#4018 = CARTESIAN_POINT('',(0.,0.));
#4019 = VECTOR('',#4020,1.);
#4020 = DIRECTION('',(1.,0.));
#4021 = ( GEOMETRIC_REPRESENTATION_CONTEXT(2) 
PARAMETRIC_REPRESENTATION_CONTEXT() REPRESENTATION_CONTEXT('2D SPACE',''
  ) );
#4022 = ORIENTED_EDGE('',*,*,#2213,.T.);
#4023 = ORIENTED_EDGE('',*,*,#3925,.T.);
#4024 = ADVANCED_FACE('',(#4025),#2188,.T.);
#4025 = FACE_BOUND('',#4026,.T.);
#4026 = EDGE_LOOP('',(#4027,#4047,#4048));
#4027 = ORIENTED_EDGE('',*,*,#4028,.F.);
#4028 = EDGE_CURVE('',#1293,#3974,#4029,.T.);
#4029 = SURFACE_CURVE('',#4030,(#4035,#4041),.PCURVE_S1.);
#4030 = CIRCLE('',#4031,1.);
#4031 = AXIS2_PLACEMENT_3D('',#4032,#4033,#4034);
#4032 = CARTESIAN_POINT('',(33.5,2.,-71.));
#4033 = DIRECTION('',(0.,-1.,0.));
#4034 = DIRECTION('',(1.,0.,0.));
#4035 = PCURVE('',#2188,#4036);
#4036 = DEFINITIONAL_REPRESENTATION('',(#4037),#4040);
#4037 = B_SPLINE_CURVE_WITH_KNOTS('',1,(#4038,#4039),.UNSPECIFIED.,.F.,
  .F.,(2,2),(4.712388980385,6.28318530718),.PIECEWISE_BEZIER_KNOTS.);
#4038 = CARTESIAN_POINT('',(0.,-1.570796326795));
#4039 = CARTESIAN_POINT('',(0.,0.));
#4040 = ( GEOMETRIC_REPRESENTATION_CONTEXT(2) 
PARAMETRIC_REPRESENTATION_CONTEXT() REPRESENTATION_CONTEXT('2D SPACE',''
  ) );
#4041 = PCURVE('',#2466,#4042);
#4042 = DEFINITIONAL_REPRESENTATION('',(#4043),#4046);
#4043 = B_SPLINE_CURVE_WITH_KNOTS('',1,(#4044,#4045),.UNSPECIFIED.,.F.,
  .F.,(2,2),(4.712388980385,6.28318530718),.PIECEWISE_BEZIER_KNOTS.);
#4044 = CARTESIAN_POINT('',(1.570796326795,26.4));
#4045 = CARTESIAN_POINT('',(0.,26.4));
#4046 = ( GEOMETRIC_REPRESENTATION_CONTEXT(2) 
PARAMETRIC_REPRESENTATION_CONTEXT() REPRESENTATION_CONTEXT('2D SPACE',''
  ) );
#4047 = ORIENTED_EDGE('',*,*,#2149,.F.);
#4048 = ORIENTED_EDGE('',*,*,#4001,.F.);
#4049 = ADVANCED_FACE('',(#4050),#2440,.T.);
#4050 = FACE_BOUND('',#4051,.T.);
#4051 = EDGE_LOOP('',(#4052,#4074,#4075,#4102));
#4052 = ORIENTED_EDGE('',*,*,#4053,.F.);
#4053 = EDGE_CURVE('',#2402,#4054,#4056,.T.);
#4054 = VERTEX_POINT('',#4055);
#4055 = CARTESIAN_POINT('',(24.5,-24.4,-71.));
#4056 = SURFACE_CURVE('',#4057,(#4062,#4068),.PCURVE_S1.);
#4057 = CIRCLE('',#4058,1.);
#4058 = AXIS2_PLACEMENT_3D('',#4059,#4060,#4061);
#4059 = CARTESIAN_POINT('',(24.5,-23.4,-71.));
#4060 = DIRECTION('',(-1.,6.123233995737E-17,0.));
#4061 = DIRECTION('',(-6.123233995737E-17,-1.,0.));
#4062 = PCURVE('',#2440,#4063);
#4063 = DEFINITIONAL_REPRESENTATION('',(#4064),#4067);
#4064 = B_SPLINE_CURVE_WITH_KNOTS('',1,(#4065,#4066),.UNSPECIFIED.,.F.,
  .F.,(2,2),(4.712388980385,6.28318530718),.PIECEWISE_BEZIER_KNOTS.);
#4065 = CARTESIAN_POINT('',(1.570796326795,1.));
#4066 = CARTESIAN_POINT('',(0.,1.));
#4067 = ( GEOMETRIC_REPRESENTATION_CONTEXT(2) 
PARAMETRIC_REPRESENTATION_CONTEXT() REPRESENTATION_CONTEXT('2D SPACE',''
  ) );
#4068 = PCURVE('',#2498,#4069);
#4069 = DEFINITIONAL_REPRESENTATION('',(#4070),#4073);
#4070 = B_SPLINE_CURVE_WITH_KNOTS('',1,(#4071,#4072),.UNSPECIFIED.,.F.,
  .F.,(2,2),(4.712388980385,6.28318530718),.PIECEWISE_BEZIER_KNOTS.);
#4071 = CARTESIAN_POINT('',(1.570796326795,-1.570796326795));
#4072 = CARTESIAN_POINT('',(1.570796326795,0.));
#4073 = ( GEOMETRIC_REPRESENTATION_CONTEXT(2) 
PARAMETRIC_REPRESENTATION_CONTEXT() REPRESENTATION_CONTEXT('2D SPACE',''
  ) );
#4074 = ORIENTED_EDGE('',*,*,#2424,.T.);
#4075 = ORIENTED_EDGE('',*,*,#4076,.T.);
#4076 = EDGE_CURVE('',#2425,#4077,#4079,.T.);
#4077 = VERTEX_POINT('',#4078);
#4078 = CARTESIAN_POINT('',(33.5,-24.4,-71.));
#4079 = SURFACE_CURVE('',#4080,(#4085,#4091),.PCURVE_S1.);
#4080 = CIRCLE('',#4081,1.);
#4081 = AXIS2_PLACEMENT_3D('',#4082,#4083,#4084);
#4082 = CARTESIAN_POINT('',(33.5,-23.4,-71.));
#4083 = DIRECTION('',(-1.,-6.123233995737E-17,0.));
#4084 = DIRECTION('',(6.123233995737E-17,-1.,-0.));
#4085 = PCURVE('',#2440,#4086);
#4086 = DEFINITIONAL_REPRESENTATION('',(#4087),#4090);
#4087 = B_SPLINE_CURVE_WITH_KNOTS('',1,(#4088,#4089),.UNSPECIFIED.,.F.,
  .F.,(2,2),(4.712388980385,6.28318530718),.PIECEWISE_BEZIER_KNOTS.);
#4088 = CARTESIAN_POINT('',(1.570796326795,10.));
#4089 = CARTESIAN_POINT('',(0.,10.));
#4090 = ( GEOMETRIC_REPRESENTATION_CONTEXT(2) 
PARAMETRIC_REPRESENTATION_CONTEXT() REPRESENTATION_CONTEXT('2D SPACE',''
  ) );
#4091 = PCURVE('',#4092,#4097);
#4092 = SPHERICAL_SURFACE('',#4093,1.);
#4093 = AXIS2_PLACEMENT_3D('',#4094,#4095,#4096);
#4094 = CARTESIAN_POINT('',(33.5,-23.4,-71.));
#4095 = DIRECTION('',(0.,0.,1.));
#4096 = DIRECTION('',(1.,0.,-0.));
#4097 = DEFINITIONAL_REPRESENTATION('',(#4098),#4101);
#4098 = B_SPLINE_CURVE_WITH_KNOTS('',1,(#4099,#4100),.UNSPECIFIED.,.F.,
  .F.,(2,2),(4.712388980385,6.28318530718),.PIECEWISE_BEZIER_KNOTS.);
#4099 = CARTESIAN_POINT('',(-1.570796326795,-1.570796326795));
#4100 = CARTESIAN_POINT('',(-1.570796326795,0.));
#4101 = ( GEOMETRIC_REPRESENTATION_CONTEXT(2) 
PARAMETRIC_REPRESENTATION_CONTEXT() REPRESENTATION_CONTEXT('2D SPACE',''
  ) );
#4102 = ORIENTED_EDGE('',*,*,#4103,.F.);
#4103 = EDGE_CURVE('',#4054,#4077,#4104,.T.);
#4104 = SURFACE_CURVE('',#4105,(#4109,#4116),.PCURVE_S1.);
#4105 = LINE('',#4106,#4107);
#4106 = CARTESIAN_POINT('',(23.5,-24.4,-71.));
#4107 = VECTOR('',#4108,1.);
#4108 = DIRECTION('',(1.,0.,0.));
#4109 = PCURVE('',#2440,#4110);
#4110 = DEFINITIONAL_REPRESENTATION('',(#4111),#4115);
#4111 = LINE('',#4112,#4113);
#4112 = CARTESIAN_POINT('',(0.,0.));
#4113 = VECTOR('',#4114,1.);
#4114 = DIRECTION('',(0.,1.));
#4115 = ( GEOMETRIC_REPRESENTATION_CONTEXT(2) 
PARAMETRIC_REPRESENTATION_CONTEXT() REPRESENTATION_CONTEXT('2D SPACE',''
  ) );
#4116 = PCURVE('',#4117,#4122);
#4117 = PLANE('',#4118);
#4118 = AXIS2_PLACEMENT_3D('',#4119,#4120,#4121);
#4119 = CARTESIAN_POINT('',(23.5,-24.4,-72.));
#4120 = DIRECTION('',(0.,1.,0.));
#4121 = DIRECTION('',(0.,0.,1.));
#4122 = DEFINITIONAL_REPRESENTATION('',(#4123),#4127);
#4123 = LINE('',#4124,#4125);
#4124 = CARTESIAN_POINT('',(1.,0.));
#4125 = VECTOR('',#4126,1.);
#4126 = DIRECTION('',(0.,1.));
#4127 = ( GEOMETRIC_REPRESENTATION_CONTEXT(2) 
PARAMETRIC_REPRESENTATION_CONTEXT() REPRESENTATION_CONTEXT('2D SPACE',''
  ) );
#4128 = ADVANCED_FACE('',(#4129),#2466,.T.);
#4129 = FACE_BOUND('',#4130,.T.);
#4130 = EDGE_LOOP('',(#4131,#4153,#4154,#4155));
#4131 = ORIENTED_EDGE('',*,*,#4132,.F.);
#4132 = EDGE_CURVE('',#2425,#4133,#4135,.T.);
#4133 = VERTEX_POINT('',#4134);
#4134 = CARTESIAN_POINT('',(34.5,-23.4,-71.));
#4135 = SURFACE_CURVE('',#4136,(#4141,#4147),.PCURVE_S1.);
#4136 = CIRCLE('',#4137,1.);
#4137 = AXIS2_PLACEMENT_3D('',#4138,#4139,#4140);
#4138 = CARTESIAN_POINT('',(33.5,-23.4,-71.));
#4139 = DIRECTION('',(0.,-1.,0.));
#4140 = DIRECTION('',(1.,0.,0.));
#4141 = PCURVE('',#2466,#4142);
#4142 = DEFINITIONAL_REPRESENTATION('',(#4143),#4146);
#4143 = B_SPLINE_CURVE_WITH_KNOTS('',1,(#4144,#4145),.UNSPECIFIED.,.F.,
  .F.,(2,2),(4.712388980385,6.28318530718),.PIECEWISE_BEZIER_KNOTS.);
#4144 = CARTESIAN_POINT('',(1.570796326795,1.));
#4145 = CARTESIAN_POINT('',(0.,1.));
#4146 = ( GEOMETRIC_REPRESENTATION_CONTEXT(2) 
PARAMETRIC_REPRESENTATION_CONTEXT() REPRESENTATION_CONTEXT('2D SPACE',''
  ) );
#4147 = PCURVE('',#4092,#4148);
#4148 = DEFINITIONAL_REPRESENTATION('',(#4149),#4152);
#4149 = B_SPLINE_CURVE_WITH_KNOTS('',1,(#4150,#4151),.UNSPECIFIED.,.F.,
  .F.,(2,2),(4.712388980385,6.28318530718),.PIECEWISE_BEZIER_KNOTS.);
#4150 = CARTESIAN_POINT('',(0.,-1.570796326795));
#4151 = CARTESIAN_POINT('',(0.,0.));
#4152 = ( GEOMETRIC_REPRESENTATION_CONTEXT(2) 
PARAMETRIC_REPRESENTATION_CONTEXT() REPRESENTATION_CONTEXT('2D SPACE',''
  ) );
#4153 = ORIENTED_EDGE('',*,*,#2452,.T.);
#4154 = ORIENTED_EDGE('',*,*,#4028,.T.);
#4155 = ORIENTED_EDGE('',*,*,#4156,.F.);
#4156 = EDGE_CURVE('',#4133,#3974,#4157,.T.);
#4157 = SURFACE_CURVE('',#4158,(#4162,#4169),.PCURVE_S1.);
#4158 = LINE('',#4159,#4160);
#4159 = CARTESIAN_POINT('',(34.5,-24.4,-71.));
#4160 = VECTOR('',#4161,1.);
#4161 = DIRECTION('',(0.,1.,0.));
#4162 = PCURVE('',#2466,#4163);
#4163 = DEFINITIONAL_REPRESENTATION('',(#4164),#4168);
#4164 = LINE('',#4165,#4166);
#4165 = CARTESIAN_POINT('',(0.,0.));
#4166 = VECTOR('',#4167,1.);
#4167 = DIRECTION('',(0.,1.));
#4168 = ( GEOMETRIC_REPRESENTATION_CONTEXT(2) 
PARAMETRIC_REPRESENTATION_CONTEXT() REPRESENTATION_CONTEXT('2D SPACE',''
  ) );
#4169 = PCURVE('',#3989,#4170);
#4170 = DEFINITIONAL_REPRESENTATION('',(#4171),#4175);
#4171 = LINE('',#4172,#4173);
#4172 = CARTESIAN_POINT('',(1.,0.));
#4173 = VECTOR('',#4174,1.);
#4174 = DIRECTION('',(0.,-1.));
#4175 = ( GEOMETRIC_REPRESENTATION_CONTEXT(2) 
PARAMETRIC_REPRESENTATION_CONTEXT() REPRESENTATION_CONTEXT('2D SPACE',''
  ) );
#4176 = ADVANCED_FACE('',(#4177),#2498,.T.);
#4177 = FACE_BOUND('',#4178,.T.);
#4178 = EDGE_LOOP('',(#4179,#4180,#4181));
#4179 = ORIENTED_EDGE('',*,*,#2482,.F.);
#4180 = ORIENTED_EDGE('',*,*,#4053,.T.);
#4181 = ORIENTED_EDGE('',*,*,#4182,.F.);
#4182 = EDGE_CURVE('',#2483,#4054,#4183,.T.);
#4183 = SURFACE_CURVE('',#4184,(#4189,#4196),.PCURVE_S1.);
#4184 = CIRCLE('',#4185,1.);
#4185 = AXIS2_PLACEMENT_3D('',#4186,#4187,#4188);
#4186 = CARTESIAN_POINT('',(24.5,-23.4,-71.));
#4187 = DIRECTION('',(0.,0.,1.));
#4188 = DIRECTION('',(-1.,0.,0.));
#4189 = PCURVE('',#2498,#4190);
#4190 = DEFINITIONAL_REPRESENTATION('',(#4191),#4195);
#4191 = LINE('',#4192,#4193);
#4192 = CARTESIAN_POINT('',(0.,0.));
#4193 = VECTOR('',#4194,1.);
#4194 = DIRECTION('',(1.,0.));
#4195 = ( GEOMETRIC_REPRESENTATION_CONTEXT(2) 
PARAMETRIC_REPRESENTATION_CONTEXT() REPRESENTATION_CONTEXT('2D SPACE',''
  ) );
#4196 = PCURVE('',#2551,#4197);
#4197 = DEFINITIONAL_REPRESENTATION('',(#4198),#4202);
#4198 = LINE('',#4199,#4200);
#4199 = CARTESIAN_POINT('',(0.,1.));
#4200 = VECTOR('',#4201,1.);
#4201 = DIRECTION('',(1.,0.));
#4202 = ( GEOMETRIC_REPRESENTATION_CONTEXT(2) 
PARAMETRIC_REPRESENTATION_CONTEXT() REPRESENTATION_CONTEXT('2D SPACE',''
  ) );
#4203 = ADVANCED_FACE('',(#4204),#2551,.T.);
#4204 = FACE_BOUND('',#4205,.T.);
#4205 = EDGE_LOOP('',(#4206,#4207,#4208,#4231));
#4206 = ORIENTED_EDGE('',*,*,#2535,.F.);
#4207 = ORIENTED_EDGE('',*,*,#4182,.T.);
#4208 = ORIENTED_EDGE('',*,*,#4209,.T.);
#4209 = EDGE_CURVE('',#4054,#4210,#4212,.T.);
#4210 = VERTEX_POINT('',#4211);
#4211 = CARTESIAN_POINT('',(24.5,-24.4,-56.));
#4212 = SURFACE_CURVE('',#4213,(#4217,#4224),.PCURVE_S1.);
#4213 = LINE('',#4214,#4215);
#4214 = CARTESIAN_POINT('',(24.5,-24.4,-72.));
#4215 = VECTOR('',#4216,1.);
#4216 = DIRECTION('',(0.,0.,1.));
#4217 = PCURVE('',#2551,#4218);
#4218 = DEFINITIONAL_REPRESENTATION('',(#4219),#4223);
#4219 = LINE('',#4220,#4221);
#4220 = CARTESIAN_POINT('',(1.570796326795,0.));
#4221 = VECTOR('',#4222,1.);
#4222 = DIRECTION('',(0.,1.));
#4223 = ( GEOMETRIC_REPRESENTATION_CONTEXT(2) 
PARAMETRIC_REPRESENTATION_CONTEXT() REPRESENTATION_CONTEXT('2D SPACE',''
  ) );
#4224 = PCURVE('',#4117,#4225);
#4225 = DEFINITIONAL_REPRESENTATION('',(#4226),#4230);
#4226 = LINE('',#4227,#4228);
#4227 = CARTESIAN_POINT('',(0.,1.));
#4228 = VECTOR('',#4229,1.);
#4229 = DIRECTION('',(1.,0.));
#4230 = ( GEOMETRIC_REPRESENTATION_CONTEXT(2) 
PARAMETRIC_REPRESENTATION_CONTEXT() REPRESENTATION_CONTEXT('2D SPACE',''
  ) );
#4231 = ORIENTED_EDGE('',*,*,#4232,.F.);
#4232 = EDGE_CURVE('',#2536,#4210,#4233,.T.);
#4233 = SURFACE_CURVE('',#4234,(#4239,#4246),.PCURVE_S1.);
#4234 = CIRCLE('',#4235,1.);
#4235 = AXIS2_PLACEMENT_3D('',#4236,#4237,#4238);
#4236 = CARTESIAN_POINT('',(24.5,-23.4,-56.));
#4237 = DIRECTION('',(0.,0.,1.));
#4238 = DIRECTION('',(-1.,0.,0.));
#4239 = PCURVE('',#2551,#4240);
#4240 = DEFINITIONAL_REPRESENTATION('',(#4241),#4245);
#4241 = LINE('',#4242,#4243);
#4242 = CARTESIAN_POINT('',(0.,16.));
#4243 = VECTOR('',#4244,1.);
#4244 = DIRECTION('',(1.,0.));
#4245 = ( GEOMETRIC_REPRESENTATION_CONTEXT(2) 
PARAMETRIC_REPRESENTATION_CONTEXT() REPRESENTATION_CONTEXT('2D SPACE',''
  ) );
#4246 = PCURVE('',#2605,#4247);
#4247 = DEFINITIONAL_REPRESENTATION('',(#4248),#4252);
#4248 = LINE('',#4249,#4250);
#4249 = CARTESIAN_POINT('',(-0.,0.));
#4250 = VECTOR('',#4251,1.);
#4251 = DIRECTION('',(-1.,0.));
#4252 = ( GEOMETRIC_REPRESENTATION_CONTEXT(2) 
PARAMETRIC_REPRESENTATION_CONTEXT() REPRESENTATION_CONTEXT('2D SPACE',''
  ) );
#4253 = ADVANCED_FACE('',(#4254),#2605,.T.);
#4254 = FACE_BOUND('',#4255,.F.);
#4255 = EDGE_LOOP('',(#4256,#4257,#4277));
#4256 = ORIENTED_EDGE('',*,*,#2589,.F.);
#4257 = ORIENTED_EDGE('',*,*,#4258,.T.);
#4258 = EDGE_CURVE('',#2590,#4210,#4259,.T.);
#4259 = SURFACE_CURVE('',#4260,(#4265,#4271),.PCURVE_S1.);
#4260 = CIRCLE('',#4261,1.);
#4261 = AXIS2_PLACEMENT_3D('',#4262,#4263,#4264);
#4262 = CARTESIAN_POINT('',(24.5,-23.4,-56.));
#4263 = DIRECTION('',(1.,-6.123233995737E-17,0.));
#4264 = DIRECTION('',(-6.123233995737E-17,-1.,0.));
#4265 = PCURVE('',#2605,#4266);
#4266 = DEFINITIONAL_REPRESENTATION('',(#4267),#4270);
#4267 = B_SPLINE_CURVE_WITH_KNOTS('',1,(#4268,#4269),.UNSPECIFIED.,.F.,
  .F.,(2,2),(4.712388980385,6.28318530718),.PIECEWISE_BEZIER_KNOTS.);
#4268 = CARTESIAN_POINT('',(-1.570796326795,-1.570796326795));
#4269 = CARTESIAN_POINT('',(-1.570796326795,0.));
#4270 = ( GEOMETRIC_REPRESENTATION_CONTEXT(2) 
PARAMETRIC_REPRESENTATION_CONTEXT() REPRESENTATION_CONTEXT('2D SPACE',''
  ) );
#4271 = PCURVE('',#2659,#4272);
#4272 = DEFINITIONAL_REPRESENTATION('',(#4273),#4276);
#4273 = B_SPLINE_CURVE_WITH_KNOTS('',1,(#4274,#4275),.UNSPECIFIED.,.F.,
  .F.,(2,2),(4.712388980385,6.28318530718),.PIECEWISE_BEZIER_KNOTS.);
#4274 = CARTESIAN_POINT('',(-1.570796326795,1.));
#4275 = CARTESIAN_POINT('',(0.,1.));
#4276 = ( GEOMETRIC_REPRESENTATION_CONTEXT(2) 
PARAMETRIC_REPRESENTATION_CONTEXT() REPRESENTATION_CONTEXT('2D SPACE',''
  ) );
#4277 = ORIENTED_EDGE('',*,*,#4232,.F.);
#4278 = ADVANCED_FACE('',(#4279),#2659,.T.);
#4279 = FACE_BOUND('',#4280,.F.);
#4280 = EDGE_LOOP('',(#4281,#4282,#4283,#4310));
#4281 = ORIENTED_EDGE('',*,*,#4258,.F.);
#4282 = ORIENTED_EDGE('',*,*,#2643,.T.);
#4283 = ORIENTED_EDGE('',*,*,#4284,.T.);
#4284 = EDGE_CURVE('',#2644,#4285,#4287,.T.);
#4285 = VERTEX_POINT('',#4286);
#4286 = CARTESIAN_POINT('',(33.5,-24.4,-56.));
#4287 = SURFACE_CURVE('',#4288,(#4293,#4299),.PCURVE_S1.);
#4288 = CIRCLE('',#4289,1.);
#4289 = AXIS2_PLACEMENT_3D('',#4290,#4291,#4292);
#4290 = CARTESIAN_POINT('',(33.5,-23.4,-56.));
#4291 = DIRECTION('',(1.,6.123233995737E-17,0.));
#4292 = DIRECTION('',(6.123233995737E-17,-1.,0.));
#4293 = PCURVE('',#2659,#4294);
#4294 = DEFINITIONAL_REPRESENTATION('',(#4295),#4298);
#4295 = B_SPLINE_CURVE_WITH_KNOTS('',1,(#4296,#4297),.UNSPECIFIED.,.F.,
  .F.,(2,2),(4.712388980385,6.28318530718),.PIECEWISE_BEZIER_KNOTS.);
#4296 = CARTESIAN_POINT('',(-1.570796326795,10.));
#4297 = CARTESIAN_POINT('',(0.,10.));
#4298 = ( GEOMETRIC_REPRESENTATION_CONTEXT(2) 
PARAMETRIC_REPRESENTATION_CONTEXT() REPRESENTATION_CONTEXT('2D SPACE',''
  ) );
#4299 = PCURVE('',#4300,#4305);
#4300 = SPHERICAL_SURFACE('',#4301,1.);
#4301 = AXIS2_PLACEMENT_3D('',#4302,#4303,#4304);
#4302 = CARTESIAN_POINT('',(33.5,-23.4,-56.));
#4303 = DIRECTION('',(-0.,-0.,-1.));
#4304 = DIRECTION('',(1.,0.,0.));
#4305 = DEFINITIONAL_REPRESENTATION('',(#4306),#4309);
#4306 = B_SPLINE_CURVE_WITH_KNOTS('',1,(#4307,#4308),.UNSPECIFIED.,.F.,
  .F.,(2,2),(4.712388980385,6.28318530718),.PIECEWISE_BEZIER_KNOTS.);
#4307 = CARTESIAN_POINT('',(1.570796326795,-1.570796326795));
#4308 = CARTESIAN_POINT('',(1.570796326795,0.));
#4309 = ( GEOMETRIC_REPRESENTATION_CONTEXT(2) 
PARAMETRIC_REPRESENTATION_CONTEXT() REPRESENTATION_CONTEXT('2D SPACE',''
  ) );
#4310 = ORIENTED_EDGE('',*,*,#4311,.F.);
#4311 = EDGE_CURVE('',#4210,#4285,#4312,.T.);
#4312 = SURFACE_CURVE('',#4313,(#4317,#4324),.PCURVE_S1.);
#4313 = LINE('',#4314,#4315);
#4314 = CARTESIAN_POINT('',(23.5,-24.4,-56.));
#4315 = VECTOR('',#4316,1.);
#4316 = DIRECTION('',(1.,0.,0.));
#4317 = PCURVE('',#2659,#4318);
#4318 = DEFINITIONAL_REPRESENTATION('',(#4319),#4323);
#4319 = LINE('',#4320,#4321);
#4320 = CARTESIAN_POINT('',(-0.,0.));
#4321 = VECTOR('',#4322,1.);
#4322 = DIRECTION('',(-0.,1.));
#4323 = ( GEOMETRIC_REPRESENTATION_CONTEXT(2) 
PARAMETRIC_REPRESENTATION_CONTEXT() REPRESENTATION_CONTEXT('2D SPACE',''
  ) );
#4324 = PCURVE('',#4117,#4325);
#4325 = DEFINITIONAL_REPRESENTATION('',(#4326),#4330);
#4326 = LINE('',#4327,#4328);
#4327 = CARTESIAN_POINT('',(16.,0.));
#4328 = VECTOR('',#4329,1.);
#4329 = DIRECTION('',(0.,1.));
#4330 = ( GEOMETRIC_REPRESENTATION_CONTEXT(2) 
PARAMETRIC_REPRESENTATION_CONTEXT() REPRESENTATION_CONTEXT('2D SPACE',''
  ) );
#4331 = ADVANCED_FACE('',(#4332),#2685,.T.);
#4332 = FACE_BOUND('',#4333,.F.);
#4333 = EDGE_LOOP('',(#4334,#4356,#4357,#4358));
#4334 = ORIENTED_EDGE('',*,*,#4335,.F.);
#4335 = EDGE_CURVE('',#2644,#4336,#4338,.T.);
#4336 = VERTEX_POINT('',#4337);
#4337 = CARTESIAN_POINT('',(34.5,-23.4,-56.));
#4338 = SURFACE_CURVE('',#4339,(#4344,#4350),.PCURVE_S1.);
#4339 = CIRCLE('',#4340,1.);
#4340 = AXIS2_PLACEMENT_3D('',#4341,#4342,#4343);
#4341 = CARTESIAN_POINT('',(33.5,-23.4,-56.));
#4342 = DIRECTION('',(-0.,1.,0.));
#4343 = DIRECTION('',(1.,0.,0.));
#4344 = PCURVE('',#2685,#4345);
#4345 = DEFINITIONAL_REPRESENTATION('',(#4346),#4349);
#4346 = B_SPLINE_CURVE_WITH_KNOTS('',1,(#4347,#4348),.UNSPECIFIED.,.F.,
  .F.,(2,2),(4.712388980385,6.28318530718),.PIECEWISE_BEZIER_KNOTS.);
#4347 = CARTESIAN_POINT('',(-1.570796326795,1.));
#4348 = CARTESIAN_POINT('',(0.,1.));
#4349 = ( GEOMETRIC_REPRESENTATION_CONTEXT(2) 
PARAMETRIC_REPRESENTATION_CONTEXT() REPRESENTATION_CONTEXT('2D SPACE',''
  ) );
#4350 = PCURVE('',#4300,#4351);
#4351 = DEFINITIONAL_REPRESENTATION('',(#4352),#4355);
#4352 = B_SPLINE_CURVE_WITH_KNOTS('',1,(#4353,#4354),.UNSPECIFIED.,.F.,
  .F.,(2,2),(4.712388980385,6.28318530718),.PIECEWISE_BEZIER_KNOTS.);
#4353 = CARTESIAN_POINT('',(0.,-1.570796326795));
#4354 = CARTESIAN_POINT('',(0.,0.));
#4355 = ( GEOMETRIC_REPRESENTATION_CONTEXT(2) 
PARAMETRIC_REPRESENTATION_CONTEXT() REPRESENTATION_CONTEXT('2D SPACE',''
  ) );
#4356 = ORIENTED_EDGE('',*,*,#2671,.T.);
#4357 = ORIENTED_EDGE('',*,*,#3948,.F.);
#4358 = ORIENTED_EDGE('',*,*,#4359,.F.);
#4359 = EDGE_CURVE('',#4336,#3926,#4360,.T.);
#4360 = SURFACE_CURVE('',#4361,(#4365,#4372),.PCURVE_S1.);
#4361 = LINE('',#4362,#4363);
#4362 = CARTESIAN_POINT('',(34.5,-24.4,-56.));
#4363 = VECTOR('',#4364,1.);
#4364 = DIRECTION('',(0.,1.,0.));
#4365 = PCURVE('',#2685,#4366);
#4366 = DEFINITIONAL_REPRESENTATION('',(#4367),#4371);
#4367 = LINE('',#4368,#4369);
#4368 = CARTESIAN_POINT('',(-0.,0.));
#4369 = VECTOR('',#4370,1.);
#4370 = DIRECTION('',(-0.,1.));
#4371 = ( GEOMETRIC_REPRESENTATION_CONTEXT(2) 
PARAMETRIC_REPRESENTATION_CONTEXT() REPRESENTATION_CONTEXT('2D SPACE',''
  ) );
#4372 = PCURVE('',#3989,#4373);
#4373 = DEFINITIONAL_REPRESENTATION('',(#4374),#4378);
#4374 = LINE('',#4375,#4376);
#4375 = CARTESIAN_POINT('',(16.,0.));
#4376 = VECTOR('',#4377,1.);
#4377 = DIRECTION('',(0.,-1.));
#4378 = ( GEOMETRIC_REPRESENTATION_CONTEXT(2) 
PARAMETRIC_REPRESENTATION_CONTEXT() REPRESENTATION_CONTEXT('2D SPACE',''
  ) );
#4379 = ADVANCED_FACE('',(#4380),#2745,.T.);
#4380 = FACE_BOUND('',#4381,.T.);
#4381 = EDGE_LOOP('',(#4382,#4383,#4384,#4405));
#4382 = ORIENTED_EDGE('',*,*,#2804,.T.);
#4383 = ORIENTED_EDGE('',*,*,#2729,.T.);
#4384 = ORIENTED_EDGE('',*,*,#4385,.T.);
#4385 = EDGE_CURVE('',#2730,#3789,#4386,.T.);
#4386 = SURFACE_CURVE('',#4387,(#4391,#4398),.PCURVE_S1.);
#4387 = LINE('',#4388,#4389);
#4388 = CARTESIAN_POINT('',(33.5,2.,-48.6));
#4389 = VECTOR('',#4390,1.);
#4390 = DIRECTION('',(0.,1.,0.));
#4391 = PCURVE('',#2745,#4392);
#4392 = DEFINITIONAL_REPRESENTATION('',(#4393),#4397);
#4393 = LINE('',#4394,#4395);
#4394 = CARTESIAN_POINT('',(68.,0.));
#4395 = VECTOR('',#4396,1.);
#4396 = DIRECTION('',(0.,1.));
#4397 = ( GEOMETRIC_REPRESENTATION_CONTEXT(2) 
PARAMETRIC_REPRESENTATION_CONTEXT() REPRESENTATION_CONTEXT('2D SPACE',''
  ) );
#4398 = PCURVE('',#3885,#4399);
#4399 = DEFINITIONAL_REPRESENTATION('',(#4400),#4404);
#4400 = LINE('',#4401,#4402);
#4401 = CARTESIAN_POINT('',(-1.570796326795,0.));
#4402 = VECTOR('',#4403,1.);
#4403 = DIRECTION('',(-0.,1.));
#4404 = ( GEOMETRIC_REPRESENTATION_CONTEXT(2) 
PARAMETRIC_REPRESENTATION_CONTEXT() REPRESENTATION_CONTEXT('2D SPACE',''
  ) );
#4405 = ORIENTED_EDGE('',*,*,#3788,.F.);
#4406 = ADVANCED_FACE('',(#4407),#3063,.T.);
#4407 = FACE_BOUND('',#4408,.F.);
#4408 = EDGE_LOOP('',(#4409,#4431,#4432,#4454));
#4409 = ORIENTED_EDGE('',*,*,#4410,.F.);
#4410 = EDGE_CURVE('',#3025,#4411,#4413,.T.);
#4411 = VERTEX_POINT('',#4412);
#4412 = CARTESIAN_POINT('',(-33.5,-24.4,-56.));
#4413 = SURFACE_CURVE('',#4414,(#4419,#4425),.PCURVE_S1.);
#4414 = CIRCLE('',#4415,1.);
#4415 = AXIS2_PLACEMENT_3D('',#4416,#4417,#4418);
#4416 = CARTESIAN_POINT('',(-33.5,-23.4,-56.));
#4417 = DIRECTION('',(1.,-6.123233995737E-17,0.));
#4418 = DIRECTION('',(-6.123233995737E-17,-1.,0.));
#4419 = PCURVE('',#3063,#4420);
#4420 = DEFINITIONAL_REPRESENTATION('',(#4421),#4424);
#4421 = B_SPLINE_CURVE_WITH_KNOTS('',1,(#4422,#4423),.UNSPECIFIED.,.F.,
  .F.,(2,2),(4.712388980385,6.28318530718),.PIECEWISE_BEZIER_KNOTS.);
#4422 = CARTESIAN_POINT('',(-1.570796326795,1.));
#4423 = CARTESIAN_POINT('',(0.,1.));
#4424 = ( GEOMETRIC_REPRESENTATION_CONTEXT(2) 
PARAMETRIC_REPRESENTATION_CONTEXT() REPRESENTATION_CONTEXT('2D SPACE',''
  ) );
#4425 = PCURVE('',#3380,#4426);
#4426 = DEFINITIONAL_REPRESENTATION('',(#4427),#4430);
#4427 = B_SPLINE_CURVE_WITH_KNOTS('',1,(#4428,#4429),.UNSPECIFIED.,.F.,
  .F.,(2,2),(4.712388980385,6.28318530718),.PIECEWISE_BEZIER_KNOTS.);
#4428 = CARTESIAN_POINT('',(-1.570796326795,-1.570796326795));
#4429 = CARTESIAN_POINT('',(-1.570796326795,0.));
#4430 = ( GEOMETRIC_REPRESENTATION_CONTEXT(2) 
PARAMETRIC_REPRESENTATION_CONTEXT() REPRESENTATION_CONTEXT('2D SPACE',''
  ) );
#4431 = ORIENTED_EDGE('',*,*,#3047,.T.);
#4432 = ORIENTED_EDGE('',*,*,#4433,.T.);
#4433 = EDGE_CURVE('',#3048,#4434,#4436,.T.);
#4434 = VERTEX_POINT('',#4435);
#4435 = CARTESIAN_POINT('',(-24.5,-24.4,-56.));
#4436 = SURFACE_CURVE('',#4437,(#4442,#4448),.PCURVE_S1.);
#4437 = CIRCLE('',#4438,1.);
#4438 = AXIS2_PLACEMENT_3D('',#4439,#4440,#4441);
#4439 = CARTESIAN_POINT('',(-24.5,-23.4,-56.));
#4440 = DIRECTION('',(1.,6.123233995737E-17,0.));
#4441 = DIRECTION('',(6.123233995737E-17,-1.,0.));
#4442 = PCURVE('',#3063,#4443);
#4443 = DEFINITIONAL_REPRESENTATION('',(#4444),#4447);
#4444 = B_SPLINE_CURVE_WITH_KNOTS('',1,(#4445,#4446),.UNSPECIFIED.,.F.,
  .F.,(2,2),(4.712388980385,6.28318530718),.PIECEWISE_BEZIER_KNOTS.);
#4445 = CARTESIAN_POINT('',(-1.570796326795,10.));
#4446 = CARTESIAN_POINT('',(0.,10.));
#4447 = ( GEOMETRIC_REPRESENTATION_CONTEXT(2) 
PARAMETRIC_REPRESENTATION_CONTEXT() REPRESENTATION_CONTEXT('2D SPACE',''
  ) );
#4448 = PCURVE('',#3116,#4449);
#4449 = DEFINITIONAL_REPRESENTATION('',(#4450),#4453);
#4450 = B_SPLINE_CURVE_WITH_KNOTS('',1,(#4451,#4452),.UNSPECIFIED.,.F.,
  .F.,(2,2),(4.712388980385,6.28318530718),.PIECEWISE_BEZIER_KNOTS.);
#4451 = CARTESIAN_POINT('',(1.570796326795,-1.570796326795));
#4452 = CARTESIAN_POINT('',(1.570796326795,0.));
#4453 = ( GEOMETRIC_REPRESENTATION_CONTEXT(2) 
PARAMETRIC_REPRESENTATION_CONTEXT() REPRESENTATION_CONTEXT('2D SPACE',''
  ) );
#4454 = ORIENTED_EDGE('',*,*,#4455,.F.);
#4455 = EDGE_CURVE('',#4411,#4434,#4456,.T.);
#4456 = SURFACE_CURVE('',#4457,(#4461,#4468),.PCURVE_S1.);
#4457 = LINE('',#4458,#4459);
#4458 = CARTESIAN_POINT('',(-34.5,-24.4,-56.));
#4459 = VECTOR('',#4460,1.);
#4460 = DIRECTION('',(1.,0.,0.));
#4461 = PCURVE('',#3063,#4462);
#4462 = DEFINITIONAL_REPRESENTATION('',(#4463),#4467);
#4463 = LINE('',#4464,#4465);
#4464 = CARTESIAN_POINT('',(-0.,0.));
#4465 = VECTOR('',#4466,1.);
#4466 = DIRECTION('',(-0.,1.));
#4467 = ( GEOMETRIC_REPRESENTATION_CONTEXT(2) 
PARAMETRIC_REPRESENTATION_CONTEXT() REPRESENTATION_CONTEXT('2D SPACE',''
  ) );
#4468 = PCURVE('',#4469,#4474);
#4469 = PLANE('',#4470);
#4470 = AXIS2_PLACEMENT_3D('',#4471,#4472,#4473);
#4471 = CARTESIAN_POINT('',(-34.5,-24.4,-72.));
#4472 = DIRECTION('',(0.,1.,0.));
#4473 = DIRECTION('',(0.,0.,1.));
#4474 = DEFINITIONAL_REPRESENTATION('',(#4475),#4479);
#4475 = LINE('',#4476,#4477);
#4476 = CARTESIAN_POINT('',(16.,0.));
#4477 = VECTOR('',#4478,1.);
#4478 = DIRECTION('',(0.,1.));
#4479 = ( GEOMETRIC_REPRESENTATION_CONTEXT(2) 
PARAMETRIC_REPRESENTATION_CONTEXT() REPRESENTATION_CONTEXT('2D SPACE',''
  ) );
#4480 = ADVANCED_FACE('',(#4481),#3116,.T.);
#4481 = FACE_BOUND('',#4482,.T.);
#4482 = EDGE_LOOP('',(#4483,#4484,#4485));
#4483 = ORIENTED_EDGE('',*,*,#3100,.F.);
#4484 = ORIENTED_EDGE('',*,*,#4433,.T.);
#4485 = ORIENTED_EDGE('',*,*,#4486,.F.);
#4486 = EDGE_CURVE('',#3101,#4434,#4487,.T.);
#4487 = SURFACE_CURVE('',#4488,(#4493,#4500),.PCURVE_S1.);
#4488 = CIRCLE('',#4489,1.);
#4489 = AXIS2_PLACEMENT_3D('',#4490,#4491,#4492);
#4490 = CARTESIAN_POINT('',(-24.5,-23.4,-56.));
#4491 = DIRECTION('',(0.,0.,-1.));
#4492 = DIRECTION('',(1.,0.,0.));
#4493 = PCURVE('',#3116,#4494);
#4494 = DEFINITIONAL_REPRESENTATION('',(#4495),#4499);
#4495 = LINE('',#4496,#4497);
#4496 = CARTESIAN_POINT('',(0.,0.));
#4497 = VECTOR('',#4498,1.);
#4498 = DIRECTION('',(1.,0.));
#4499 = ( GEOMETRIC_REPRESENTATION_CONTEXT(2) 
PARAMETRIC_REPRESENTATION_CONTEXT() REPRESENTATION_CONTEXT('2D SPACE',''
  ) );
#4500 = PCURVE('',#3169,#4501);
#4501 = DEFINITIONAL_REPRESENTATION('',(#4502),#4506);
#4502 = LINE('',#4503,#4504);
#4503 = CARTESIAN_POINT('',(-0.,16.));
#4504 = VECTOR('',#4505,1.);
#4505 = DIRECTION('',(-1.,0.));
#4506 = ( GEOMETRIC_REPRESENTATION_CONTEXT(2) 
PARAMETRIC_REPRESENTATION_CONTEXT() REPRESENTATION_CONTEXT('2D SPACE',''
  ) );
#4507 = ADVANCED_FACE('',(#4508),#3169,.T.);
#4508 = FACE_BOUND('',#4509,.F.);
#4509 = EDGE_LOOP('',(#4510,#4511,#4535,#4556));
#4510 = ORIENTED_EDGE('',*,*,#3153,.F.);
#4511 = ORIENTED_EDGE('',*,*,#4512,.T.);
#4512 = EDGE_CURVE('',#3154,#4513,#4515,.T.);
#4513 = VERTEX_POINT('',#4514);
#4514 = CARTESIAN_POINT('',(-24.5,-24.4,-71.));
#4515 = SURFACE_CURVE('',#4516,(#4521,#4528),.PCURVE_S1.);
#4516 = CIRCLE('',#4517,1.);
#4517 = AXIS2_PLACEMENT_3D('',#4518,#4519,#4520);
#4518 = CARTESIAN_POINT('',(-24.5,-23.4,-71.));
#4519 = DIRECTION('',(0.,-0.,-1.));
#4520 = DIRECTION('',(1.,0.,-0.));
#4521 = PCURVE('',#3169,#4522);
#4522 = DEFINITIONAL_REPRESENTATION('',(#4523),#4527);
#4523 = LINE('',#4524,#4525);
#4524 = CARTESIAN_POINT('',(-0.,1.));
#4525 = VECTOR('',#4526,1.);
#4526 = DIRECTION('',(-1.,0.));
#4527 = ( GEOMETRIC_REPRESENTATION_CONTEXT(2) 
PARAMETRIC_REPRESENTATION_CONTEXT() REPRESENTATION_CONTEXT('2D SPACE',''
  ) );
#4528 = PCURVE('',#3223,#4529);
#4529 = DEFINITIONAL_REPRESENTATION('',(#4530),#4534);
#4530 = LINE('',#4531,#4532);
#4531 = CARTESIAN_POINT('',(-0.,0.));
#4532 = VECTOR('',#4533,1.);
#4533 = DIRECTION('',(-1.,0.));
#4534 = ( GEOMETRIC_REPRESENTATION_CONTEXT(2) 
PARAMETRIC_REPRESENTATION_CONTEXT() REPRESENTATION_CONTEXT('2D SPACE',''
  ) );
#4535 = ORIENTED_EDGE('',*,*,#4536,.T.);
#4536 = EDGE_CURVE('',#4513,#4434,#4537,.T.);
#4537 = SURFACE_CURVE('',#4538,(#4542,#4549),.PCURVE_S1.);
#4538 = LINE('',#4539,#4540);
#4539 = CARTESIAN_POINT('',(-24.5,-24.4,-72.));
#4540 = VECTOR('',#4541,1.);
#4541 = DIRECTION('',(0.,0.,1.));
#4542 = PCURVE('',#3169,#4543);
#4543 = DEFINITIONAL_REPRESENTATION('',(#4544),#4548);
#4544 = LINE('',#4545,#4546);
#4545 = CARTESIAN_POINT('',(-1.570796326795,0.));
#4546 = VECTOR('',#4547,1.);
#4547 = DIRECTION('',(-0.,1.));
#4548 = ( GEOMETRIC_REPRESENTATION_CONTEXT(2) 
PARAMETRIC_REPRESENTATION_CONTEXT() REPRESENTATION_CONTEXT('2D SPACE',''
  ) );
#4549 = PCURVE('',#4469,#4550);
#4550 = DEFINITIONAL_REPRESENTATION('',(#4551),#4555);
#4551 = LINE('',#4552,#4553);
#4552 = CARTESIAN_POINT('',(0.,10.));
#4553 = VECTOR('',#4554,1.);
#4554 = DIRECTION('',(1.,0.));
#4555 = ( GEOMETRIC_REPRESENTATION_CONTEXT(2) 
PARAMETRIC_REPRESENTATION_CONTEXT() REPRESENTATION_CONTEXT('2D SPACE',''
  ) );
#4556 = ORIENTED_EDGE('',*,*,#4486,.F.);
#4557 = ADVANCED_FACE('',(#4558),#3223,.T.);
#4558 = FACE_BOUND('',#4559,.F.);
#4559 = EDGE_LOOP('',(#4560,#4561,#4581));
#4560 = ORIENTED_EDGE('',*,*,#3207,.F.);
#4561 = ORIENTED_EDGE('',*,*,#4562,.T.);
#4562 = EDGE_CURVE('',#3208,#4513,#4563,.T.);
#4563 = SURFACE_CURVE('',#4564,(#4569,#4575),.PCURVE_S1.);
#4564 = CIRCLE('',#4565,1.);
#4565 = AXIS2_PLACEMENT_3D('',#4566,#4567,#4568);
#4566 = CARTESIAN_POINT('',(-24.5,-23.4,-71.));
#4567 = DIRECTION('',(-1.,-6.123233995737E-17,0.));
#4568 = DIRECTION('',(6.123233995737E-17,-1.,-0.));
#4569 = PCURVE('',#3223,#4570);
#4570 = DEFINITIONAL_REPRESENTATION('',(#4571),#4574);
#4571 = B_SPLINE_CURVE_WITH_KNOTS('',1,(#4572,#4573),.UNSPECIFIED.,.F.,
  .F.,(2,2),(4.712388980385,6.28318530718),.PIECEWISE_BEZIER_KNOTS.);
#4572 = CARTESIAN_POINT('',(-1.570796326795,-1.570796326795));
#4573 = CARTESIAN_POINT('',(-1.570796326795,0.));
#4574 = ( GEOMETRIC_REPRESENTATION_CONTEXT(2) 
PARAMETRIC_REPRESENTATION_CONTEXT() REPRESENTATION_CONTEXT('2D SPACE',''
  ) );
#4575 = PCURVE('',#3297,#4576);
#4576 = DEFINITIONAL_REPRESENTATION('',(#4577),#4580);
#4577 = B_SPLINE_CURVE_WITH_KNOTS('',1,(#4578,#4579),.UNSPECIFIED.,.F.,
  .F.,(2,2),(4.712388980385,6.28318530718),.PIECEWISE_BEZIER_KNOTS.);
#4578 = CARTESIAN_POINT('',(1.570796326795,10.));
#4579 = CARTESIAN_POINT('',(0.,10.));
#4580 = ( GEOMETRIC_REPRESENTATION_CONTEXT(2) 
PARAMETRIC_REPRESENTATION_CONTEXT() REPRESENTATION_CONTEXT('2D SPACE',''
  ) );
#4581 = ORIENTED_EDGE('',*,*,#4512,.F.);
#4582 = ADVANCED_FACE('',(#4583),#3297,.T.);
#4583 = FACE_BOUND('',#4584,.T.);
#4584 = EDGE_LOOP('',(#4585,#4607,#4608,#4609));
#4585 = ORIENTED_EDGE('',*,*,#4586,.F.);
#4586 = EDGE_CURVE('',#3261,#4587,#4589,.T.);
#4587 = VERTEX_POINT('',#4588);
#4588 = CARTESIAN_POINT('',(-33.5,-24.4,-71.));
#4589 = SURFACE_CURVE('',#4590,(#4595,#4601),.PCURVE_S1.);
#4590 = CIRCLE('',#4591,1.);
#4591 = AXIS2_PLACEMENT_3D('',#4592,#4593,#4594);
#4592 = CARTESIAN_POINT('',(-33.5,-23.4,-71.));
#4593 = DIRECTION('',(-1.,6.123233995737E-17,0.));
#4594 = DIRECTION('',(-6.123233995737E-17,-1.,0.));
#4595 = PCURVE('',#3297,#4596);
#4596 = DEFINITIONAL_REPRESENTATION('',(#4597),#4600);
#4597 = B_SPLINE_CURVE_WITH_KNOTS('',1,(#4598,#4599),.UNSPECIFIED.,.F.,
  .F.,(2,2),(4.712388980385,6.28318530718),.PIECEWISE_BEZIER_KNOTS.);
#4598 = CARTESIAN_POINT('',(1.570796326795,1.));
#4599 = CARTESIAN_POINT('',(0.,1.));
#4600 = ( GEOMETRIC_REPRESENTATION_CONTEXT(2) 
PARAMETRIC_REPRESENTATION_CONTEXT() REPRESENTATION_CONTEXT('2D SPACE',''
  ) );
#4601 = PCURVE('',#3591,#4602);
#4602 = DEFINITIONAL_REPRESENTATION('',(#4603),#4606);
#4603 = B_SPLINE_CURVE_WITH_KNOTS('',1,(#4604,#4605),.UNSPECIFIED.,.F.,
  .F.,(2,2),(4.712388980385,6.28318530718),.PIECEWISE_BEZIER_KNOTS.);
#4604 = CARTESIAN_POINT('',(1.570796326795,-1.570796326795));
#4605 = CARTESIAN_POINT('',(1.570796326795,0.));
#4606 = ( GEOMETRIC_REPRESENTATION_CONTEXT(2) 
PARAMETRIC_REPRESENTATION_CONTEXT() REPRESENTATION_CONTEXT('2D SPACE',''
  ) );
#4607 = ORIENTED_EDGE('',*,*,#3283,.T.);
#4608 = ORIENTED_EDGE('',*,*,#4562,.T.);
#4609 = ORIENTED_EDGE('',*,*,#4610,.F.);
#4610 = EDGE_CURVE('',#4587,#4513,#4611,.T.);
#4611 = SURFACE_CURVE('',#4612,(#4616,#4623),.PCURVE_S1.);
#4612 = LINE('',#4613,#4614);
#4613 = CARTESIAN_POINT('',(-34.5,-24.4,-71.));
#4614 = VECTOR('',#4615,1.);
#4615 = DIRECTION('',(1.,0.,0.));
#4616 = PCURVE('',#3297,#4617);
#4617 = DEFINITIONAL_REPRESENTATION('',(#4618),#4622);
#4618 = LINE('',#4619,#4620);
#4619 = CARTESIAN_POINT('',(0.,0.));
#4620 = VECTOR('',#4621,1.);
#4621 = DIRECTION('',(0.,1.));
#4622 = ( GEOMETRIC_REPRESENTATION_CONTEXT(2) 
PARAMETRIC_REPRESENTATION_CONTEXT() REPRESENTATION_CONTEXT('2D SPACE',''
  ) );
#4623 = PCURVE('',#4469,#4624);
#4624 = DEFINITIONAL_REPRESENTATION('',(#4625),#4629);
#4625 = LINE('',#4626,#4627);
#4626 = CARTESIAN_POINT('',(1.,0.));
#4627 = VECTOR('',#4628,1.);
#4628 = DIRECTION('',(0.,1.));
#4629 = ( GEOMETRIC_REPRESENTATION_CONTEXT(2) 
PARAMETRIC_REPRESENTATION_CONTEXT() REPRESENTATION_CONTEXT('2D SPACE',''
  ) );
#4630 = ADVANCED_FACE('',(#4631),#3380,.T.);
#4631 = FACE_BOUND('',#4632,.F.);
#4632 = EDGE_LOOP('',(#4633,#4634,#4635));
#4633 = ORIENTED_EDGE('',*,*,#3364,.F.);
#4634 = ORIENTED_EDGE('',*,*,#4410,.T.);
#4635 = ORIENTED_EDGE('',*,*,#4636,.F.);
#4636 = EDGE_CURVE('',#3365,#4411,#4637,.T.);
#4637 = SURFACE_CURVE('',#4638,(#4643,#4650),.PCURVE_S1.);
#4638 = CIRCLE('',#4639,1.);
#4639 = AXIS2_PLACEMENT_3D('',#4640,#4641,#4642);
#4640 = CARTESIAN_POINT('',(-33.5,-23.4,-56.));
#4641 = DIRECTION('',(0.,0.,1.));
#4642 = DIRECTION('',(-1.,0.,0.));
#4643 = PCURVE('',#3380,#4644);
#4644 = DEFINITIONAL_REPRESENTATION('',(#4645),#4649);
#4645 = LINE('',#4646,#4647);
#4646 = CARTESIAN_POINT('',(-0.,0.));
#4647 = VECTOR('',#4648,1.);
#4648 = DIRECTION('',(-1.,0.));
#4649 = ( GEOMETRIC_REPRESENTATION_CONTEXT(2) 
PARAMETRIC_REPRESENTATION_CONTEXT() REPRESENTATION_CONTEXT('2D SPACE',''
  ) );
#4650 = PCURVE('',#3433,#4651);
#4651 = DEFINITIONAL_REPRESENTATION('',(#4652),#4656);
#4652 = LINE('',#4653,#4654);
#4653 = CARTESIAN_POINT('',(0.,16.));
#4654 = VECTOR('',#4655,1.);
#4655 = DIRECTION('',(1.,0.));
#4656 = ( GEOMETRIC_REPRESENTATION_CONTEXT(2) 
PARAMETRIC_REPRESENTATION_CONTEXT() REPRESENTATION_CONTEXT('2D SPACE',''
  ) );
#4657 = ADVANCED_FACE('',(#4658),#3433,.T.);
#4658 = FACE_BOUND('',#4659,.T.);
#4659 = EDGE_LOOP('',(#4660,#4661,#4683,#4704));
#4660 = ORIENTED_EDGE('',*,*,#3417,.F.);
#4661 = ORIENTED_EDGE('',*,*,#4662,.T.);
#4662 = EDGE_CURVE('',#3418,#4587,#4663,.T.);
#4663 = SURFACE_CURVE('',#4664,(#4669,#4676),.PCURVE_S1.);
#4664 = CIRCLE('',#4665,1.);
#4665 = AXIS2_PLACEMENT_3D('',#4666,#4667,#4668);
#4666 = CARTESIAN_POINT('',(-33.5,-23.4,-71.));
#4667 = DIRECTION('',(0.,0.,1.));
#4668 = DIRECTION('',(-1.,0.,0.));
#4669 = PCURVE('',#3433,#4670);
#4670 = DEFINITIONAL_REPRESENTATION('',(#4671),#4675);
#4671 = LINE('',#4672,#4673);
#4672 = CARTESIAN_POINT('',(0.,1.));
#4673 = VECTOR('',#4674,1.);
#4674 = DIRECTION('',(1.,0.));
#4675 = ( GEOMETRIC_REPRESENTATION_CONTEXT(2) 
PARAMETRIC_REPRESENTATION_CONTEXT() REPRESENTATION_CONTEXT('2D SPACE',''
  ) );
#4676 = PCURVE('',#3591,#4677);
#4677 = DEFINITIONAL_REPRESENTATION('',(#4678),#4682);
#4678 = LINE('',#4679,#4680);
#4679 = CARTESIAN_POINT('',(0.,0.));
#4680 = VECTOR('',#4681,1.);
#4681 = DIRECTION('',(1.,0.));
#4682 = ( GEOMETRIC_REPRESENTATION_CONTEXT(2) 
PARAMETRIC_REPRESENTATION_CONTEXT() REPRESENTATION_CONTEXT('2D SPACE',''
  ) );
#4683 = ORIENTED_EDGE('',*,*,#4684,.T.);
#4684 = EDGE_CURVE('',#4587,#4411,#4685,.T.);
#4685 = SURFACE_CURVE('',#4686,(#4690,#4697),.PCURVE_S1.);
#4686 = LINE('',#4687,#4688);
#4687 = CARTESIAN_POINT('',(-33.5,-24.4,-72.));
#4688 = VECTOR('',#4689,1.);
#4689 = DIRECTION('',(0.,0.,1.));
#4690 = PCURVE('',#3433,#4691);
#4691 = DEFINITIONAL_REPRESENTATION('',(#4692),#4696);
#4692 = LINE('',#4693,#4694);
#4693 = CARTESIAN_POINT('',(1.570796326795,0.));
#4694 = VECTOR('',#4695,1.);
#4695 = DIRECTION('',(0.,1.));
#4696 = ( GEOMETRIC_REPRESENTATION_CONTEXT(2) 
PARAMETRIC_REPRESENTATION_CONTEXT() REPRESENTATION_CONTEXT('2D SPACE',''
  ) );
#4697 = PCURVE('',#4469,#4698);
#4698 = DEFINITIONAL_REPRESENTATION('',(#4699),#4703);
#4699 = LINE('',#4700,#4701);
#4700 = CARTESIAN_POINT('',(0.,1.));
#4701 = VECTOR('',#4702,1.);
#4702 = DIRECTION('',(1.,0.));
#4703 = ( GEOMETRIC_REPRESENTATION_CONTEXT(2) 
PARAMETRIC_REPRESENTATION_CONTEXT() REPRESENTATION_CONTEXT('2D SPACE',''
  ) );
#4704 = ORIENTED_EDGE('',*,*,#4636,.F.);
#4705 = ADVANCED_FACE('',(#4706,#4809),#3487,.T.);
#4706 = FACE_BOUND('',#4707,.T.);
#4707 = EDGE_LOOP('',(#4708,#4731,#4732,#4755,#4783));
#4708 = ORIENTED_EDGE('',*,*,#4709,.F.);
#4709 = EDGE_CURVE('',#3471,#4710,#4712,.T.);
#4710 = VERTEX_POINT('',#4711);
#4711 = CARTESIAN_POINT('',(-26.89267151745,-22.8,-67.15));
#4712 = SURFACE_CURVE('',#4713,(#4717,#4724),.PCURVE_S1.);
#4713 = LINE('',#4714,#4715);
#4714 = CARTESIAN_POINT('',(-35.5,-22.8,-67.15));
#4715 = VECTOR('',#4716,1.);
#4716 = DIRECTION('',(1.,0.,0.));
#4717 = PCURVE('',#3487,#4718);
#4718 = DEFINITIONAL_REPRESENTATION('',(#4719),#4723);
#4719 = LINE('',#4720,#4721);
#4720 = CARTESIAN_POINT('',(6.5,-3.65));
#4721 = VECTOR('',#4722,1.);
#4722 = DIRECTION('',(-1.,0.));
#4723 = ( GEOMETRIC_REPRESENTATION_CONTEXT(2) 
PARAMETRIC_REPRESENTATION_CONTEXT() REPRESENTATION_CONTEXT('2D SPACE',''
  ) );
#4724 = PCURVE('',#3563,#4725);
#4725 = DEFINITIONAL_REPRESENTATION('',(#4726),#4730);
#4726 = LINE('',#4727,#4728);
#4727 = CARTESIAN_POINT('',(8.607328482542,0.));
#4728 = VECTOR('',#4729,1.);
#4729 = DIRECTION('',(-1.,0.));
#4730 = ( GEOMETRIC_REPRESENTATION_CONTEXT(2) 
PARAMETRIC_REPRESENTATION_CONTEXT() REPRESENTATION_CONTEXT('2D SPACE',''
  ) );
#4731 = ORIENTED_EDGE('',*,*,#3470,.T.);
#4732 = ORIENTED_EDGE('',*,*,#4733,.T.);
#4733 = EDGE_CURVE('',#3473,#4734,#4736,.T.);
#4734 = VERTEX_POINT('',#4735);
#4735 = CARTESIAN_POINT('',(-26.89267151745,-22.8,-59.85));
#4736 = SURFACE_CURVE('',#4737,(#4741,#4748),.PCURVE_S1.);
#4737 = LINE('',#4738,#4739);
#4738 = CARTESIAN_POINT('',(-35.5,-22.8,-59.85));
#4739 = VECTOR('',#4740,1.);
#4740 = DIRECTION('',(1.,0.,0.));
#4741 = PCURVE('',#3487,#4742);
#4742 = DEFINITIONAL_REPRESENTATION('',(#4743),#4747);
#4743 = LINE('',#4744,#4745);
#4744 = CARTESIAN_POINT('',(6.5,3.65));
#4745 = VECTOR('',#4746,1.);
#4746 = DIRECTION('',(-1.,0.));
#4747 = ( GEOMETRIC_REPRESENTATION_CONTEXT(2) 
PARAMETRIC_REPRESENTATION_CONTEXT() REPRESENTATION_CONTEXT('2D SPACE',''
  ) );
#4748 = PCURVE('',#3513,#4749);
#4749 = DEFINITIONAL_REPRESENTATION('',(#4750),#4754);
#4750 = LINE('',#4751,#4752);
#4751 = CARTESIAN_POINT('',(-4.392671517458,0.));
#4752 = VECTOR('',#4753,1.);
#4753 = DIRECTION('',(1.,0.));
#4754 = ( GEOMETRIC_REPRESENTATION_CONTEXT(2) 
PARAMETRIC_REPRESENTATION_CONTEXT() REPRESENTATION_CONTEXT('2D SPACE',''
  ) );
#4755 = ORIENTED_EDGE('',*,*,#4756,.T.);
#4756 = EDGE_CURVE('',#4734,#4757,#4759,.T.);
#4757 = VERTEX_POINT('',#4758);
#4758 = CARTESIAN_POINT('',(-24.78534303491,-22.8,-63.5));
#4759 = SURFACE_CURVE('',#4760,(#4764,#4771),.PCURVE_S1.);
#4760 = LINE('',#4761,#4762);
#4761 = CARTESIAN_POINT('',(-26.89267151745,-22.8,-59.85));
#4762 = VECTOR('',#4763,1.);
#4763 = DIRECTION('',(0.5,0.,-0.866025403784));
#4764 = PCURVE('',#3487,#4765);
#4765 = DEFINITIONAL_REPRESENTATION('',(#4766),#4770);
#4766 = LINE('',#4767,#4768);
#4767 = CARTESIAN_POINT('',(-2.107328482542,3.65));
#4768 = VECTOR('',#4769,1.);
#4769 = DIRECTION('',(-0.5,-0.866025403784));
#4770 = ( GEOMETRIC_REPRESENTATION_CONTEXT(2) 
PARAMETRIC_REPRESENTATION_CONTEXT() REPRESENTATION_CONTEXT('2D SPACE',''
  ) );
#4771 = PCURVE('',#4772,#4777);
#4772 = PLANE('',#4773);
#4773 = AXIS2_PLACEMENT_3D('',#4774,#4775,#4776);
#4774 = CARTESIAN_POINT('',(-26.89267151745,-22.8,-59.85));
#4775 = DIRECTION('',(-0.866025403784,0.,-0.5));
#4776 = DIRECTION('',(0.5,0.,-0.866025403784));
#4777 = DEFINITIONAL_REPRESENTATION('',(#4778),#4782);
#4778 = LINE('',#4779,#4780);
#4779 = CARTESIAN_POINT('',(0.,0.));
#4780 = VECTOR('',#4781,1.);
#4781 = DIRECTION('',(1.,-0.));
#4782 = ( GEOMETRIC_REPRESENTATION_CONTEXT(2) 
PARAMETRIC_REPRESENTATION_CONTEXT() REPRESENTATION_CONTEXT('2D SPACE',''
  ) );
#4783 = ORIENTED_EDGE('',*,*,#4784,.T.);
#4784 = EDGE_CURVE('',#4757,#4710,#4785,.T.);
#4785 = SURFACE_CURVE('',#4786,(#4790,#4797),.PCURVE_S1.);
#4786 = LINE('',#4787,#4788);
#4787 = CARTESIAN_POINT('',(-24.78534303491,-22.8,-63.5));
#4788 = VECTOR('',#4789,1.);
#4789 = DIRECTION('',(-0.5,0.,-0.866025403784));
#4790 = PCURVE('',#3487,#4791);
#4791 = DEFINITIONAL_REPRESENTATION('',(#4792),#4796);
#4792 = LINE('',#4793,#4794);
#4793 = CARTESIAN_POINT('',(-4.214656965084,0.));
#4794 = VECTOR('',#4795,1.);
#4795 = DIRECTION('',(0.5,-0.866025403784));
#4796 = ( GEOMETRIC_REPRESENTATION_CONTEXT(2) 
PARAMETRIC_REPRESENTATION_CONTEXT() REPRESENTATION_CONTEXT('2D SPACE',''
  ) );
#4797 = PCURVE('',#4798,#4803);
#4798 = PLANE('',#4799);
#4799 = AXIS2_PLACEMENT_3D('',#4800,#4801,#4802);
#4800 = CARTESIAN_POINT('',(-24.78534303491,-22.8,-63.5));
#4801 = DIRECTION('',(-0.866025403784,0.,0.5));
#4802 = DIRECTION('',(-0.5,0.,-0.866025403784));
#4803 = DEFINITIONAL_REPRESENTATION('',(#4804),#4808);
#4804 = LINE('',#4805,#4806);
#4805 = CARTESIAN_POINT('',(0.,0.));
#4806 = VECTOR('',#4807,1.);
#4807 = DIRECTION('',(1.,0.));
#4808 = ( GEOMETRIC_REPRESENTATION_CONTEXT(2) 
PARAMETRIC_REPRESENTATION_CONTEXT() REPRESENTATION_CONTEXT('2D SPACE',''
  ) );
#4809 = FACE_BOUND('',#4810,.T.);
#4810 = EDGE_LOOP('',(#4811));
#4811 = ORIENTED_EDGE('',*,*,#4812,.F.);
#4812 = EDGE_CURVE('',#4813,#4813,#4815,.T.);
#4813 = VERTEX_POINT('',#4814);
#4814 = CARTESIAN_POINT('',(-29.,-22.8,-61.35));
#4815 = SURFACE_CURVE('',#4816,(#4821,#4828),.PCURVE_S1.);
#4816 = CIRCLE('',#4817,2.15);
#4817 = AXIS2_PLACEMENT_3D('',#4818,#4819,#4820);
#4818 = CARTESIAN_POINT('',(-29.,-22.8,-63.5));
#4819 = DIRECTION('',(0.,1.,0.));
#4820 = DIRECTION('',(0.,-0.,1.));
#4821 = PCURVE('',#3487,#4822);
#4822 = DEFINITIONAL_REPRESENTATION('',(#4823),#4827);
#4823 = CIRCLE('',#4824,2.15);
#4824 = AXIS2_PLACEMENT_2D('',#4825,#4826);
#4825 = CARTESIAN_POINT('',(0.,0.));
#4826 = DIRECTION('',(0.,1.));
#4827 = ( GEOMETRIC_REPRESENTATION_CONTEXT(2) 
PARAMETRIC_REPRESENTATION_CONTEXT() REPRESENTATION_CONTEXT('2D SPACE',''
  ) );
#4828 = PCURVE('',#4829,#4834);
#4829 = CYLINDRICAL_SURFACE('',#4830,2.15);
#4830 = AXIS2_PLACEMENT_3D('',#4831,#4832,#4833);
#4831 = CARTESIAN_POINT('',(-29.,-24.6,-63.5));
#4832 = DIRECTION('',(0.,1.,0.));
#4833 = DIRECTION('',(0.,-0.,1.));
#4834 = DEFINITIONAL_REPRESENTATION('',(#4835),#4839);
#4835 = LINE('',#4836,#4837);
#4836 = CARTESIAN_POINT('',(0.,1.8));
#4837 = VECTOR('',#4838,1.);
#4838 = DIRECTION('',(1.,0.));
#4839 = ( GEOMETRIC_REPRESENTATION_CONTEXT(2) 
PARAMETRIC_REPRESENTATION_CONTEXT() REPRESENTATION_CONTEXT('2D SPACE',''
  ) );
#4840 = ADVANCED_FACE('',(#4841),#3563,.T.);
#4841 = FACE_BOUND('',#4842,.T.);
#4842 = EDGE_LOOP('',(#4843,#4844,#4867,#4888));
#4843 = ORIENTED_EDGE('',*,*,#4709,.T.);
#4844 = ORIENTED_EDGE('',*,*,#4845,.T.);
#4845 = EDGE_CURVE('',#4710,#4846,#4848,.T.);
#4846 = VERTEX_POINT('',#4847);
#4847 = CARTESIAN_POINT('',(-26.89267151745,-19.4,-67.15));
#4848 = SURFACE_CURVE('',#4849,(#4853,#4860),.PCURVE_S1.);
#4849 = LINE('',#4850,#4851);
#4850 = CARTESIAN_POINT('',(-26.89267151745,-22.8,-67.15));
#4851 = VECTOR('',#4852,1.);
#4852 = DIRECTION('',(0.,1.,0.));
#4853 = PCURVE('',#3563,#4854);
#4854 = DEFINITIONAL_REPRESENTATION('',(#4855),#4859);
#4855 = LINE('',#4856,#4857);
#4856 = CARTESIAN_POINT('',(0.,0.));
#4857 = VECTOR('',#4858,1.);
#4858 = DIRECTION('',(0.,-1.));
#4859 = ( GEOMETRIC_REPRESENTATION_CONTEXT(2) 
PARAMETRIC_REPRESENTATION_CONTEXT() REPRESENTATION_CONTEXT('2D SPACE',''
  ) );
#4860 = PCURVE('',#4798,#4861);
#4861 = DEFINITIONAL_REPRESENTATION('',(#4862),#4866);
#4862 = LINE('',#4863,#4864);
#4863 = CARTESIAN_POINT('',(4.214656965084,0.));
#4864 = VECTOR('',#4865,1.);
#4865 = DIRECTION('',(0.,-1.));
#4866 = ( GEOMETRIC_REPRESENTATION_CONTEXT(2) 
PARAMETRIC_REPRESENTATION_CONTEXT() REPRESENTATION_CONTEXT('2D SPACE',''
  ) );
#4867 = ORIENTED_EDGE('',*,*,#4868,.T.);
#4868 = EDGE_CURVE('',#4846,#3525,#4869,.T.);
#4869 = SURFACE_CURVE('',#4870,(#4874,#4881),.PCURVE_S1.);
#4870 = LINE('',#4871,#4872);
#4871 = CARTESIAN_POINT('',(-26.89267151745,-19.4,-67.15));
#4872 = VECTOR('',#4873,1.);
#4873 = DIRECTION('',(-1.,0.,0.));
#4874 = PCURVE('',#3563,#4875);
#4875 = DEFINITIONAL_REPRESENTATION('',(#4876),#4880);
#4876 = LINE('',#4877,#4878);
#4877 = CARTESIAN_POINT('',(0.,-3.4));
#4878 = VECTOR('',#4879,1.);
#4879 = DIRECTION('',(1.,0.));
#4880 = ( GEOMETRIC_REPRESENTATION_CONTEXT(2) 
PARAMETRIC_REPRESENTATION_CONTEXT() REPRESENTATION_CONTEXT('2D SPACE',''
  ) );
#4881 = PCURVE('',#3539,#4882);
#4882 = DEFINITIONAL_REPRESENTATION('',(#4883),#4887);
#4883 = LINE('',#4884,#4885);
#4884 = CARTESIAN_POINT('',(-2.107328482542,-3.65));
#4885 = VECTOR('',#4886,1.);
#4886 = DIRECTION('',(1.,0.));
#4887 = ( GEOMETRIC_REPRESENTATION_CONTEXT(2) 
PARAMETRIC_REPRESENTATION_CONTEXT() REPRESENTATION_CONTEXT('2D SPACE',''
  ) );
#4888 = ORIENTED_EDGE('',*,*,#3550,.T.);
#4889 = ADVANCED_FACE('',(#4890,#4961),#3539,.F.);
#4890 = FACE_BOUND('',#4891,.F.);
#4891 = EDGE_LOOP('',(#4892,#4893,#4916,#4939,#4960));
#4892 = ORIENTED_EDGE('',*,*,#3524,.T.);
#4893 = ORIENTED_EDGE('',*,*,#4894,.F.);
#4894 = EDGE_CURVE('',#4895,#3499,#4897,.T.);
#4895 = VERTEX_POINT('',#4896);
#4896 = CARTESIAN_POINT('',(-26.89267151745,-19.4,-59.85));
#4897 = SURFACE_CURVE('',#4898,(#4902,#4909),.PCURVE_S1.);
#4898 = LINE('',#4899,#4900);
#4899 = CARTESIAN_POINT('',(-26.89267151745,-19.4,-59.85));
#4900 = VECTOR('',#4901,1.);
#4901 = DIRECTION('',(-1.,0.,0.));
#4902 = PCURVE('',#3539,#4903);
#4903 = DEFINITIONAL_REPRESENTATION('',(#4904),#4908);
#4904 = LINE('',#4905,#4906);
#4905 = CARTESIAN_POINT('',(-2.107328482542,3.65));
#4906 = VECTOR('',#4907,1.);
#4907 = DIRECTION('',(1.,0.));
#4908 = ( GEOMETRIC_REPRESENTATION_CONTEXT(2) 
PARAMETRIC_REPRESENTATION_CONTEXT() REPRESENTATION_CONTEXT('2D SPACE',''
  ) );
#4909 = PCURVE('',#3513,#4910);
#4910 = DEFINITIONAL_REPRESENTATION('',(#4911),#4915);
#4911 = LINE('',#4912,#4913);
#4912 = CARTESIAN_POINT('',(4.214656965084,-3.4));
#4913 = VECTOR('',#4914,1.);
#4914 = DIRECTION('',(-1.,-0.));
#4915 = ( GEOMETRIC_REPRESENTATION_CONTEXT(2) 
PARAMETRIC_REPRESENTATION_CONTEXT() REPRESENTATION_CONTEXT('2D SPACE',''
  ) );
#4916 = ORIENTED_EDGE('',*,*,#4917,.T.);
#4917 = EDGE_CURVE('',#4895,#4918,#4920,.T.);
#4918 = VERTEX_POINT('',#4919);
#4919 = CARTESIAN_POINT('',(-24.78534303491,-19.4,-63.5));
#4920 = SURFACE_CURVE('',#4921,(#4925,#4932),.PCURVE_S1.);
#4921 = LINE('',#4922,#4923);
#4922 = CARTESIAN_POINT('',(-26.89267151745,-19.4,-59.85));
#4923 = VECTOR('',#4924,1.);
#4924 = DIRECTION('',(0.5,0.,-0.866025403784));
#4925 = PCURVE('',#3539,#4926);
#4926 = DEFINITIONAL_REPRESENTATION('',(#4927),#4931);
#4927 = LINE('',#4928,#4929);
#4928 = CARTESIAN_POINT('',(-2.107328482542,3.65));
#4929 = VECTOR('',#4930,1.);
#4930 = DIRECTION('',(-0.5,-0.866025403784));
#4931 = ( GEOMETRIC_REPRESENTATION_CONTEXT(2) 
PARAMETRIC_REPRESENTATION_CONTEXT() REPRESENTATION_CONTEXT('2D SPACE',''
  ) );
#4932 = PCURVE('',#4772,#4933);
#4933 = DEFINITIONAL_REPRESENTATION('',(#4934),#4938);
#4934 = LINE('',#4935,#4936);
#4935 = CARTESIAN_POINT('',(0.,-3.4));
#4936 = VECTOR('',#4937,1.);
#4937 = DIRECTION('',(1.,-0.));
#4938 = ( GEOMETRIC_REPRESENTATION_CONTEXT(2) 
PARAMETRIC_REPRESENTATION_CONTEXT() REPRESENTATION_CONTEXT('2D SPACE',''
  ) );
#4939 = ORIENTED_EDGE('',*,*,#4940,.T.);
#4940 = EDGE_CURVE('',#4918,#4846,#4941,.T.);
#4941 = SURFACE_CURVE('',#4942,(#4946,#4953),.PCURVE_S1.);
#4942 = LINE('',#4943,#4944);
#4943 = CARTESIAN_POINT('',(-24.78534303491,-19.4,-63.5));
#4944 = VECTOR('',#4945,1.);
#4945 = DIRECTION('',(-0.5,0.,-0.866025403784));
#4946 = PCURVE('',#3539,#4947);
#4947 = DEFINITIONAL_REPRESENTATION('',(#4948),#4952);
#4948 = LINE('',#4949,#4950);
#4949 = CARTESIAN_POINT('',(-4.214656965084,0.));
#4950 = VECTOR('',#4951,1.);
#4951 = DIRECTION('',(0.5,-0.866025403784));
#4952 = ( GEOMETRIC_REPRESENTATION_CONTEXT(2) 
PARAMETRIC_REPRESENTATION_CONTEXT() REPRESENTATION_CONTEXT('2D SPACE',''
  ) );
#4953 = PCURVE('',#4798,#4954);
#4954 = DEFINITIONAL_REPRESENTATION('',(#4955),#4959);
#4955 = LINE('',#4956,#4957);
#4956 = CARTESIAN_POINT('',(0.,-3.4));
#4957 = VECTOR('',#4958,1.);
#4958 = DIRECTION('',(1.,0.));
#4959 = ( GEOMETRIC_REPRESENTATION_CONTEXT(2) 
PARAMETRIC_REPRESENTATION_CONTEXT() REPRESENTATION_CONTEXT('2D SPACE',''
  ) );
#4960 = ORIENTED_EDGE('',*,*,#4868,.T.);
#4961 = FACE_BOUND('',#4962,.F.);
#4962 = EDGE_LOOP('',(#4963));
#4963 = ORIENTED_EDGE('',*,*,#4964,.F.);
#4964 = EDGE_CURVE('',#4965,#4965,#4967,.T.);
#4965 = VERTEX_POINT('',#4966);
#4966 = CARTESIAN_POINT('',(-29.,-19.4,-61.35));
#4967 = SURFACE_CURVE('',#4968,(#4973,#4980),.PCURVE_S1.);
#4968 = CIRCLE('',#4969,2.15);
#4969 = AXIS2_PLACEMENT_3D('',#4970,#4971,#4972);
#4970 = CARTESIAN_POINT('',(-29.,-19.4,-63.5));
#4971 = DIRECTION('',(0.,1.,0.));
#4972 = DIRECTION('',(0.,-0.,1.));
#4973 = PCURVE('',#3539,#4974);
#4974 = DEFINITIONAL_REPRESENTATION('',(#4975),#4979);
#4975 = CIRCLE('',#4976,2.15);
#4976 = AXIS2_PLACEMENT_2D('',#4977,#4978);
#4977 = CARTESIAN_POINT('',(0.,0.));
#4978 = DIRECTION('',(0.,1.));
#4979 = ( GEOMETRIC_REPRESENTATION_CONTEXT(2) 
PARAMETRIC_REPRESENTATION_CONTEXT() REPRESENTATION_CONTEXT('2D SPACE',''
  ) );
#4980 = PCURVE('',#4981,#4986);
#4981 = CYLINDRICAL_SURFACE('',#4982,2.15);
#4982 = AXIS2_PLACEMENT_3D('',#4983,#4984,#4985);
#4983 = CARTESIAN_POINT('',(-29.,-24.6,-63.5));
#4984 = DIRECTION('',(0.,1.,0.));
#4985 = DIRECTION('',(0.,-0.,1.));
#4986 = DEFINITIONAL_REPRESENTATION('',(#4987),#4991);
#4987 = LINE('',#4988,#4989);
#4988 = CARTESIAN_POINT('',(0.,5.2));
#4989 = VECTOR('',#4990,1.);
#4990 = DIRECTION('',(1.,0.));
#4991 = ( GEOMETRIC_REPRESENTATION_CONTEXT(2) 
PARAMETRIC_REPRESENTATION_CONTEXT() REPRESENTATION_CONTEXT('2D SPACE',''
  ) );
#4992 = ADVANCED_FACE('',(#4993),#3513,.T.);
#4993 = FACE_BOUND('',#4994,.T.);
#4994 = EDGE_LOOP('',(#4995,#4996,#4997,#4998));
#4995 = ORIENTED_EDGE('',*,*,#4733,.F.);
#4996 = ORIENTED_EDGE('',*,*,#3498,.T.);
#4997 = ORIENTED_EDGE('',*,*,#4894,.F.);
#4998 = ORIENTED_EDGE('',*,*,#4999,.F.);
#4999 = EDGE_CURVE('',#4734,#4895,#5000,.T.);
#5000 = SURFACE_CURVE('',#5001,(#5005,#5012),.PCURVE_S1.);
#5001 = LINE('',#5002,#5003);
#5002 = CARTESIAN_POINT('',(-26.89267151745,-22.8,-59.85));
#5003 = VECTOR('',#5004,1.);
#5004 = DIRECTION('',(0.,1.,0.));
#5005 = PCURVE('',#3513,#5006);
#5006 = DEFINITIONAL_REPRESENTATION('',(#5007),#5011);
#5007 = LINE('',#5008,#5009);
#5008 = CARTESIAN_POINT('',(4.214656965084,0.));
#5009 = VECTOR('',#5010,1.);
#5010 = DIRECTION('',(0.,-1.));
#5011 = ( GEOMETRIC_REPRESENTATION_CONTEXT(2) 
PARAMETRIC_REPRESENTATION_CONTEXT() REPRESENTATION_CONTEXT('2D SPACE',''
  ) );
#5012 = PCURVE('',#4772,#5013);
#5013 = DEFINITIONAL_REPRESENTATION('',(#5014),#5018);
#5014 = LINE('',#5015,#5016);
#5015 = CARTESIAN_POINT('',(0.,0.));
#5016 = VECTOR('',#5017,1.);
#5017 = DIRECTION('',(0.,-1.));
#5018 = ( GEOMETRIC_REPRESENTATION_CONTEXT(2) 
PARAMETRIC_REPRESENTATION_CONTEXT() REPRESENTATION_CONTEXT('2D SPACE',''
  ) );
#5019 = ADVANCED_FACE('',(#5020),#3591,.T.);
#5020 = FACE_BOUND('',#5021,.T.);
#5021 = EDGE_LOOP('',(#5022,#5023,#5024));
#5022 = ORIENTED_EDGE('',*,*,#3577,.F.);
#5023 = ORIENTED_EDGE('',*,*,#4586,.T.);
#5024 = ORIENTED_EDGE('',*,*,#4662,.F.);
#5025 = ADVANCED_FACE('',(#5026),#3624,.T.);
#5026 = FACE_BOUND('',#5027,.T.);
#5027 = EDGE_LOOP('',(#5028,#5029,#5030));
#5028 = ORIENTED_EDGE('',*,*,#3660,.F.);
#5029 = ORIENTED_EDGE('',*,*,#3610,.T.);
#5030 = ORIENTED_EDGE('',*,*,#3736,.F.);
#5031 = ADVANCED_FACE('',(#5032),#3773,.T.);
#5032 = FACE_BOUND('',#5033,.T.);
#5033 = EDGE_LOOP('',(#5034,#5035,#5036));
#5034 = ORIENTED_EDGE('',*,*,#3759,.F.);
#5035 = ORIENTED_EDGE('',*,*,#3811,.T.);
#5036 = ORIENTED_EDGE('',*,*,#5037,.F.);
#5037 = EDGE_CURVE('',#3714,#3789,#5038,.T.);
#5038 = SURFACE_CURVE('',#5039,(#5044,#5051),.PCURVE_S1.);
#5039 = CIRCLE('',#5040,1.);
#5040 = AXIS2_PLACEMENT_3D('',#5041,#5042,#5043);
#5041 = CARTESIAN_POINT('',(33.5,5.,-49.6));
#5042 = DIRECTION('',(-0.,-1.,0.));
#5043 = DIRECTION('',(1.,-0.,0.));
#5044 = PCURVE('',#3773,#5045);
#5045 = DEFINITIONAL_REPRESENTATION('',(#5046),#5050);
#5046 = LINE('',#5047,#5048);
#5047 = CARTESIAN_POINT('',(0.,0.));
#5048 = VECTOR('',#5049,1.);
#5049 = DIRECTION('',(1.,0.));
#5050 = ( GEOMETRIC_REPRESENTATION_CONTEXT(2) 
PARAMETRIC_REPRESENTATION_CONTEXT() REPRESENTATION_CONTEXT('2D SPACE',''
  ) );
#5051 = PCURVE('',#3885,#5052);
#5052 = DEFINITIONAL_REPRESENTATION('',(#5053),#5057);
#5053 = LINE('',#5054,#5055);
#5054 = CARTESIAN_POINT('',(-0.,3.));
#5055 = VECTOR('',#5056,1.);
#5056 = DIRECTION('',(-1.,0.));
#5057 = ( GEOMETRIC_REPRESENTATION_CONTEXT(2) 
PARAMETRIC_REPRESENTATION_CONTEXT() REPRESENTATION_CONTEXT('2D SPACE',''
  ) );
#5058 = ADVANCED_FACE('',(#5059),#3885,.T.);
#5059 = FACE_BOUND('',#5060,.F.);
#5060 = EDGE_LOOP('',(#5061,#5062,#5063,#5064));
#5061 = ORIENTED_EDGE('',*,*,#3900,.F.);
#5062 = ORIENTED_EDGE('',*,*,#4385,.T.);
#5063 = ORIENTED_EDGE('',*,*,#5037,.F.);
#5064 = ORIENTED_EDGE('',*,*,#3871,.F.);
#5065 = ADVANCED_FACE('',(#5066,#5097),#3989,.T.);
#5066 = FACE_BOUND('',#5067,.T.);
#5067 = EDGE_LOOP('',(#5068,#5094,#5095,#5096));
#5068 = ORIENTED_EDGE('',*,*,#5069,.F.);
#5069 = EDGE_CURVE('',#4133,#4336,#5070,.T.);
#5070 = SURFACE_CURVE('',#5071,(#5075,#5082),.PCURVE_S1.);
#5071 = LINE('',#5072,#5073);
#5072 = CARTESIAN_POINT('',(34.5,-23.4,-72.));
#5073 = VECTOR('',#5074,1.);
#5074 = DIRECTION('',(0.,0.,1.));
#5075 = PCURVE('',#3989,#5076);
#5076 = DEFINITIONAL_REPRESENTATION('',(#5077),#5081);
#5077 = LINE('',#5078,#5079);
#5078 = CARTESIAN_POINT('',(0.,-1.));
#5079 = VECTOR('',#5080,1.);
#5080 = DIRECTION('',(1.,0.));
#5081 = ( GEOMETRIC_REPRESENTATION_CONTEXT(2) 
PARAMETRIC_REPRESENTATION_CONTEXT() REPRESENTATION_CONTEXT('2D SPACE',''
  ) );
#5082 = PCURVE('',#5083,#5088);
#5083 = CYLINDRICAL_SURFACE('',#5084,1.);
#5084 = AXIS2_PLACEMENT_3D('',#5085,#5086,#5087);
#5085 = CARTESIAN_POINT('',(33.5,-23.4,-72.));
#5086 = DIRECTION('',(0.,0.,1.));
#5087 = DIRECTION('',(1.,0.,-0.));
#5088 = DEFINITIONAL_REPRESENTATION('',(#5089),#5093);
#5089 = LINE('',#5090,#5091);
#5090 = CARTESIAN_POINT('',(-0.,0.));
#5091 = VECTOR('',#5092,1.);
#5092 = DIRECTION('',(-0.,1.));
#5093 = ( GEOMETRIC_REPRESENTATION_CONTEXT(2) 
PARAMETRIC_REPRESENTATION_CONTEXT() REPRESENTATION_CONTEXT('2D SPACE',''
  ) );
#5094 = ORIENTED_EDGE('',*,*,#4156,.T.);
#5095 = ORIENTED_EDGE('',*,*,#3973,.T.);
#5096 = ORIENTED_EDGE('',*,*,#4359,.F.);
#5097 = FACE_BOUND('',#5098,.T.);
#5098 = EDGE_LOOP('',(#5099,#5127,#5153,#5179));
#5099 = ORIENTED_EDGE('',*,*,#5100,.F.);
#5100 = EDGE_CURVE('',#5101,#5103,#5105,.T.);
#5101 = VERTEX_POINT('',#5102);
#5102 = CARTESIAN_POINT('',(34.5,-19.4,-67.15));
#5103 = VERTEX_POINT('',#5104);
#5104 = CARTESIAN_POINT('',(34.5,-19.4,-59.85));
#5105 = SURFACE_CURVE('',#5106,(#5110,#5116),.PCURVE_S1.);
#5106 = LINE('',#5107,#5108);
#5107 = CARTESIAN_POINT('',(34.5,-19.4,-67.75));
#5108 = VECTOR('',#5109,1.);
#5109 = DIRECTION('',(0.,0.,1.));
#5110 = PCURVE('',#3989,#5111);
#5111 = DEFINITIONAL_REPRESENTATION('',(#5112),#5115);
#5112 = B_SPLINE_CURVE_WITH_KNOTS('',1,(#5113,#5114),.UNSPECIFIED.,.F.,
  .F.,(2,2),(0.6,7.9),.PIECEWISE_BEZIER_KNOTS.);
#5113 = CARTESIAN_POINT('',(4.85,-5.));
#5114 = CARTESIAN_POINT('',(12.15,-5.));
#5115 = ( GEOMETRIC_REPRESENTATION_CONTEXT(2) 
PARAMETRIC_REPRESENTATION_CONTEXT() REPRESENTATION_CONTEXT('2D SPACE',''
  ) );
#5116 = PCURVE('',#5117,#5122);
#5117 = PLANE('',#5118);
#5118 = AXIS2_PLACEMENT_3D('',#5119,#5120,#5121);
#5119 = CARTESIAN_POINT('',(29.,-19.4,-63.5));
#5120 = DIRECTION('',(0.,1.,0.));
#5121 = DIRECTION('',(1.,0.,0.));
#5122 = DEFINITIONAL_REPRESENTATION('',(#5123),#5126);
#5123 = B_SPLINE_CURVE_WITH_KNOTS('',1,(#5124,#5125),.UNSPECIFIED.,.F.,
  .F.,(2,2),(0.6,7.9),.PIECEWISE_BEZIER_KNOTS.);
#5124 = CARTESIAN_POINT('',(5.5,3.65));
#5125 = CARTESIAN_POINT('',(5.5,-3.65));
#5126 = ( GEOMETRIC_REPRESENTATION_CONTEXT(2) 
PARAMETRIC_REPRESENTATION_CONTEXT() REPRESENTATION_CONTEXT('2D SPACE',''
  ) );
#5127 = ORIENTED_EDGE('',*,*,#5128,.T.);
#5128 = EDGE_CURVE('',#5101,#5129,#5131,.T.);
#5129 = VERTEX_POINT('',#5130);
#5130 = CARTESIAN_POINT('',(34.5,-22.8,-67.15));
#5131 = SURFACE_CURVE('',#5132,(#5136,#5142),.PCURVE_S1.);
#5132 = LINE('',#5133,#5134);
#5133 = CARTESIAN_POINT('',(34.5,-23.6,-67.15));
#5134 = VECTOR('',#5135,1.);
#5135 = DIRECTION('',(0.,-1.,0.));
#5136 = PCURVE('',#3989,#5137);
#5137 = DEFINITIONAL_REPRESENTATION('',(#5138),#5141);
#5138 = B_SPLINE_CURVE_WITH_KNOTS('',1,(#5139,#5140),.UNSPECIFIED.,.F.,
  .F.,(2,2),(-4.2,-0.8),.PIECEWISE_BEZIER_KNOTS.);
#5139 = CARTESIAN_POINT('',(4.85,-5.));
#5140 = CARTESIAN_POINT('',(4.85,-1.6));
#5141 = ( GEOMETRIC_REPRESENTATION_CONTEXT(2) 
PARAMETRIC_REPRESENTATION_CONTEXT() REPRESENTATION_CONTEXT('2D SPACE',''
  ) );
#5142 = PCURVE('',#5143,#5148);
#5143 = PLANE('',#5144);
#5144 = AXIS2_PLACEMENT_3D('',#5145,#5146,#5147);
#5145 = CARTESIAN_POINT('',(31.107328482542,-22.8,-67.15));
#5146 = DIRECTION('',(-1.05367818432E-16,0.,1.));
#5147 = DIRECTION('',(-1.,0.,-1.05367818432E-16));
#5148 = DEFINITIONAL_REPRESENTATION('',(#5149),#5152);
#5149 = B_SPLINE_CURVE_WITH_KNOTS('',1,(#5150,#5151),.UNSPECIFIED.,.F.,
  .F.,(2,2),(-4.2,-0.8),.PIECEWISE_BEZIER_KNOTS.);
#5150 = CARTESIAN_POINT('',(-3.392671517458,-3.4));
#5151 = CARTESIAN_POINT('',(-3.392671517458,0.));
#5152 = ( GEOMETRIC_REPRESENTATION_CONTEXT(2) 
PARAMETRIC_REPRESENTATION_CONTEXT() REPRESENTATION_CONTEXT('2D SPACE',''
  ) );
#5153 = ORIENTED_EDGE('',*,*,#5154,.T.);
#5154 = EDGE_CURVE('',#5129,#5155,#5157,.T.);
#5155 = VERTEX_POINT('',#5156);
#5156 = CARTESIAN_POINT('',(34.5,-22.8,-59.85));
#5157 = SURFACE_CURVE('',#5158,(#5162,#5168),.PCURVE_S1.);
#5158 = LINE('',#5159,#5160);
#5159 = CARTESIAN_POINT('',(34.5,-22.8,-67.75));
#5160 = VECTOR('',#5161,1.);
#5161 = DIRECTION('',(0.,0.,1.));
#5162 = PCURVE('',#3989,#5163);
#5163 = DEFINITIONAL_REPRESENTATION('',(#5164),#5167);
#5164 = B_SPLINE_CURVE_WITH_KNOTS('',1,(#5165,#5166),.UNSPECIFIED.,.F.,
  .F.,(2,2),(0.6,7.9),.PIECEWISE_BEZIER_KNOTS.);
#5165 = CARTESIAN_POINT('',(4.85,-1.6));
#5166 = CARTESIAN_POINT('',(12.15,-1.6));
#5167 = ( GEOMETRIC_REPRESENTATION_CONTEXT(2) 
PARAMETRIC_REPRESENTATION_CONTEXT() REPRESENTATION_CONTEXT('2D SPACE',''
  ) );
#5168 = PCURVE('',#5169,#5174);
#5169 = PLANE('',#5170);
#5170 = AXIS2_PLACEMENT_3D('',#5171,#5172,#5173);
#5171 = CARTESIAN_POINT('',(29.,-22.8,-63.5));
#5172 = DIRECTION('',(0.,1.,0.));
#5173 = DIRECTION('',(1.,0.,0.));
#5174 = DEFINITIONAL_REPRESENTATION('',(#5175),#5178);
#5175 = B_SPLINE_CURVE_WITH_KNOTS('',1,(#5176,#5177),.UNSPECIFIED.,.F.,
  .F.,(2,2),(0.6,7.9),.PIECEWISE_BEZIER_KNOTS.);
#5176 = CARTESIAN_POINT('',(5.5,3.65));
#5177 = CARTESIAN_POINT('',(5.5,-3.65));
#5178 = ( GEOMETRIC_REPRESENTATION_CONTEXT(2) 
PARAMETRIC_REPRESENTATION_CONTEXT() REPRESENTATION_CONTEXT('2D SPACE',''
  ) );
#5179 = ORIENTED_EDGE('',*,*,#5180,.T.);
#5180 = EDGE_CURVE('',#5155,#5103,#5181,.T.);
#5181 = SURFACE_CURVE('',#5182,(#5186,#5192),.PCURVE_S1.);
#5182 = LINE('',#5183,#5184);
#5183 = CARTESIAN_POINT('',(34.5,-23.6,-59.85));
#5184 = VECTOR('',#5185,1.);
#5185 = DIRECTION('',(-0.,1.,0.));
#5186 = PCURVE('',#3989,#5187);
#5187 = DEFINITIONAL_REPRESENTATION('',(#5188),#5191);
#5188 = B_SPLINE_CURVE_WITH_KNOTS('',1,(#5189,#5190),.UNSPECIFIED.,.F.,
  .F.,(2,2),(0.8,4.2),.PIECEWISE_BEZIER_KNOTS.);
#5189 = CARTESIAN_POINT('',(12.15,-1.6));
#5190 = CARTESIAN_POINT('',(12.15,-5.));
#5191 = ( GEOMETRIC_REPRESENTATION_CONTEXT(2) 
PARAMETRIC_REPRESENTATION_CONTEXT() REPRESENTATION_CONTEXT('2D SPACE',''
  ) );
#5192 = PCURVE('',#5193,#5198);
#5193 = PLANE('',#5194);
#5194 = AXIS2_PLACEMENT_3D('',#5195,#5196,#5197);
#5195 = CARTESIAN_POINT('',(26.892671517458,-22.8,-59.85));
#5196 = DIRECTION('',(6.322069105919E-16,0.,-1.));
#5197 = DIRECTION('',(1.,0.,6.322069105919E-16));
#5198 = DEFINITIONAL_REPRESENTATION('',(#5199),#5202);
#5199 = B_SPLINE_CURVE_WITH_KNOTS('',1,(#5200,#5201),.UNSPECIFIED.,.F.,
  .F.,(2,2),(0.8,4.2),.PIECEWISE_BEZIER_KNOTS.);
#5200 = CARTESIAN_POINT('',(7.607328482542,0.));
#5201 = CARTESIAN_POINT('',(7.607328482542,-3.4));
#5202 = ( GEOMETRIC_REPRESENTATION_CONTEXT(2) 
PARAMETRIC_REPRESENTATION_CONTEXT() REPRESENTATION_CONTEXT('2D SPACE',''
  ) );
#5203 = ADVANCED_FACE('',(#5204,#5230),#4117,.F.);
#5204 = FACE_BOUND('',#5205,.F.);
#5205 = EDGE_LOOP('',(#5206,#5207,#5208,#5229));
#5206 = ORIENTED_EDGE('',*,*,#4209,.T.);
#5207 = ORIENTED_EDGE('',*,*,#4311,.T.);
#5208 = ORIENTED_EDGE('',*,*,#5209,.F.);
#5209 = EDGE_CURVE('',#4077,#4285,#5210,.T.);
#5210 = SURFACE_CURVE('',#5211,(#5215,#5222),.PCURVE_S1.);
#5211 = LINE('',#5212,#5213);
#5212 = CARTESIAN_POINT('',(33.5,-24.4,-72.));
#5213 = VECTOR('',#5214,1.);
#5214 = DIRECTION('',(0.,0.,1.));
#5215 = PCURVE('',#4117,#5216);
#5216 = DEFINITIONAL_REPRESENTATION('',(#5217),#5221);
#5217 = LINE('',#5218,#5219);
#5218 = CARTESIAN_POINT('',(0.,10.));
#5219 = VECTOR('',#5220,1.);
#5220 = DIRECTION('',(1.,0.));
#5221 = ( GEOMETRIC_REPRESENTATION_CONTEXT(2) 
PARAMETRIC_REPRESENTATION_CONTEXT() REPRESENTATION_CONTEXT('2D SPACE',''
  ) );
#5222 = PCURVE('',#5083,#5223);
#5223 = DEFINITIONAL_REPRESENTATION('',(#5224),#5228);
#5224 = LINE('',#5225,#5226);
#5225 = CARTESIAN_POINT('',(-1.570796326795,0.));
#5226 = VECTOR('',#5227,1.);
#5227 = DIRECTION('',(-0.,1.));
#5228 = ( GEOMETRIC_REPRESENTATION_CONTEXT(2) 
PARAMETRIC_REPRESENTATION_CONTEXT() REPRESENTATION_CONTEXT('2D SPACE',''
  ) );
#5229 = ORIENTED_EDGE('',*,*,#4103,.F.);
#5230 = FACE_BOUND('',#5231,.F.);
#5231 = EDGE_LOOP('',(#5232));
#5232 = ORIENTED_EDGE('',*,*,#5233,.F.);
#5233 = EDGE_CURVE('',#5234,#5234,#5236,.T.);
#5234 = VERTEX_POINT('',#5235);
#5235 = CARTESIAN_POINT('',(29.,-24.4,-61.35));
#5236 = SURFACE_CURVE('',#5237,(#5242,#5249),.PCURVE_S1.);
#5237 = CIRCLE('',#5238,2.15);
#5238 = AXIS2_PLACEMENT_3D('',#5239,#5240,#5241);
#5239 = CARTESIAN_POINT('',(29.,-24.4,-63.5));
#5240 = DIRECTION('',(0.,1.,0.));
#5241 = DIRECTION('',(0.,-0.,1.));
#5242 = PCURVE('',#4117,#5243);
#5243 = DEFINITIONAL_REPRESENTATION('',(#5244),#5248);
#5244 = CIRCLE('',#5245,2.15);
#5245 = AXIS2_PLACEMENT_2D('',#5246,#5247);
#5246 = CARTESIAN_POINT('',(8.5,5.5));
#5247 = DIRECTION('',(1.,0.));
#5248 = ( GEOMETRIC_REPRESENTATION_CONTEXT(2) 
PARAMETRIC_REPRESENTATION_CONTEXT() REPRESENTATION_CONTEXT('2D SPACE',''
  ) );
#5249 = PCURVE('',#5250,#5255);
#5250 = CYLINDRICAL_SURFACE('',#5251,2.15);
#5251 = AXIS2_PLACEMENT_3D('',#5252,#5253,#5254);
#5252 = CARTESIAN_POINT('',(29.,-24.6,-63.5));
#5253 = DIRECTION('',(0.,1.,0.));
#5254 = DIRECTION('',(0.,-0.,1.));
#5255 = DEFINITIONAL_REPRESENTATION('',(#5256),#5260);
#5256 = LINE('',#5257,#5258);
#5257 = CARTESIAN_POINT('',(0.,0.2));
#5258 = VECTOR('',#5259,1.);
#5259 = DIRECTION('',(1.,0.));
#5260 = ( GEOMETRIC_REPRESENTATION_CONTEXT(2) 
PARAMETRIC_REPRESENTATION_CONTEXT() REPRESENTATION_CONTEXT('2D SPACE',''
  ) );
#5261 = ADVANCED_FACE('',(#5262),#4092,.T.);
#5262 = FACE_BOUND('',#5263,.F.);
#5263 = EDGE_LOOP('',(#5264,#5265,#5266));
#5264 = ORIENTED_EDGE('',*,*,#4132,.F.);
#5265 = ORIENTED_EDGE('',*,*,#4076,.T.);
#5266 = ORIENTED_EDGE('',*,*,#5267,.F.);
#5267 = EDGE_CURVE('',#4133,#4077,#5268,.T.);
#5268 = SURFACE_CURVE('',#5269,(#5274,#5281),.PCURVE_S1.);
#5269 = CIRCLE('',#5270,1.);
#5270 = AXIS2_PLACEMENT_3D('',#5271,#5272,#5273);
#5271 = CARTESIAN_POINT('',(33.5,-23.4,-71.));
#5272 = DIRECTION('',(0.,-0.,-1.));
#5273 = DIRECTION('',(1.,0.,-0.));
#5274 = PCURVE('',#4092,#5275);
#5275 = DEFINITIONAL_REPRESENTATION('',(#5276),#5280);
#5276 = LINE('',#5277,#5278);
#5277 = CARTESIAN_POINT('',(-0.,0.));
#5278 = VECTOR('',#5279,1.);
#5279 = DIRECTION('',(-1.,0.));
#5280 = ( GEOMETRIC_REPRESENTATION_CONTEXT(2) 
PARAMETRIC_REPRESENTATION_CONTEXT() REPRESENTATION_CONTEXT('2D SPACE',''
  ) );
#5281 = PCURVE('',#5083,#5282);
#5282 = DEFINITIONAL_REPRESENTATION('',(#5283),#5287);
#5283 = LINE('',#5284,#5285);
#5284 = CARTESIAN_POINT('',(-0.,1.));
#5285 = VECTOR('',#5286,1.);
#5286 = DIRECTION('',(-1.,0.));
#5287 = ( GEOMETRIC_REPRESENTATION_CONTEXT(2) 
PARAMETRIC_REPRESENTATION_CONTEXT() REPRESENTATION_CONTEXT('2D SPACE',''
  ) );
#5288 = ADVANCED_FACE('',(#5289),#4300,.T.);
#5289 = FACE_BOUND('',#5290,.T.);
#5290 = EDGE_LOOP('',(#5291,#5292,#5293));
#5291 = ORIENTED_EDGE('',*,*,#4335,.F.);
#5292 = ORIENTED_EDGE('',*,*,#4284,.T.);
#5293 = ORIENTED_EDGE('',*,*,#5294,.F.);
#5294 = EDGE_CURVE('',#4336,#4285,#5295,.T.);
#5295 = SURFACE_CURVE('',#5296,(#5301,#5308),.PCURVE_S1.);
#5296 = CIRCLE('',#5297,1.);
#5297 = AXIS2_PLACEMENT_3D('',#5298,#5299,#5300);
#5298 = CARTESIAN_POINT('',(33.5,-23.4,-56.));
#5299 = DIRECTION('',(0.,0.,-1.));
#5300 = DIRECTION('',(1.,0.,0.));
#5301 = PCURVE('',#4300,#5302);
#5302 = DEFINITIONAL_REPRESENTATION('',(#5303),#5307);
#5303 = LINE('',#5304,#5305);
#5304 = CARTESIAN_POINT('',(0.,0.));
#5305 = VECTOR('',#5306,1.);
#5306 = DIRECTION('',(1.,0.));
#5307 = ( GEOMETRIC_REPRESENTATION_CONTEXT(2) 
PARAMETRIC_REPRESENTATION_CONTEXT() REPRESENTATION_CONTEXT('2D SPACE',''
  ) );
#5308 = PCURVE('',#5083,#5309);
#5309 = DEFINITIONAL_REPRESENTATION('',(#5310),#5314);
#5310 = LINE('',#5311,#5312);
#5311 = CARTESIAN_POINT('',(-0.,16.));
#5312 = VECTOR('',#5313,1.);
#5313 = DIRECTION('',(-1.,0.));
#5314 = ( GEOMETRIC_REPRESENTATION_CONTEXT(2) 
PARAMETRIC_REPRESENTATION_CONTEXT() REPRESENTATION_CONTEXT('2D SPACE',''
  ) );
#5315 = ADVANCED_FACE('',(#5316,#5322),#4469,.F.);
#5316 = FACE_BOUND('',#5317,.F.);
#5317 = EDGE_LOOP('',(#5318,#5319,#5320,#5321));
#5318 = ORIENTED_EDGE('',*,*,#4684,.T.);
#5319 = ORIENTED_EDGE('',*,*,#4455,.T.);
#5320 = ORIENTED_EDGE('',*,*,#4536,.F.);
#5321 = ORIENTED_EDGE('',*,*,#4610,.F.);
#5322 = FACE_BOUND('',#5323,.F.);
#5323 = EDGE_LOOP('',(#5324));
#5324 = ORIENTED_EDGE('',*,*,#5325,.F.);
#5325 = EDGE_CURVE('',#5326,#5326,#5328,.T.);
#5326 = VERTEX_POINT('',#5327);
#5327 = CARTESIAN_POINT('',(-29.,-24.4,-61.35));
#5328 = SURFACE_CURVE('',#5329,(#5334,#5341),.PCURVE_S1.);
#5329 = CIRCLE('',#5330,2.15);
#5330 = AXIS2_PLACEMENT_3D('',#5331,#5332,#5333);
#5331 = CARTESIAN_POINT('',(-29.,-24.4,-63.5));
#5332 = DIRECTION('',(0.,1.,0.));
#5333 = DIRECTION('',(0.,-0.,1.));
#5334 = PCURVE('',#4469,#5335);
#5335 = DEFINITIONAL_REPRESENTATION('',(#5336),#5340);
#5336 = CIRCLE('',#5337,2.15);
#5337 = AXIS2_PLACEMENT_2D('',#5338,#5339);
#5338 = CARTESIAN_POINT('',(8.5,5.5));
#5339 = DIRECTION('',(1.,0.));
#5340 = ( GEOMETRIC_REPRESENTATION_CONTEXT(2) 
PARAMETRIC_REPRESENTATION_CONTEXT() REPRESENTATION_CONTEXT('2D SPACE',''
  ) );
#5341 = PCURVE('',#4829,#5342);
#5342 = DEFINITIONAL_REPRESENTATION('',(#5343),#5347);
#5343 = LINE('',#5344,#5345);
#5344 = CARTESIAN_POINT('',(0.,0.2));
#5345 = VECTOR('',#5346,1.);
#5346 = DIRECTION('',(1.,0.));
#5347 = ( GEOMETRIC_REPRESENTATION_CONTEXT(2) 
PARAMETRIC_REPRESENTATION_CONTEXT() REPRESENTATION_CONTEXT('2D SPACE',''
  ) );
#5348 = ADVANCED_FACE('',(#5349),#4798,.T.);
#5349 = FACE_BOUND('',#5350,.T.);
#5350 = EDGE_LOOP('',(#5351,#5372,#5373,#5374));
#5351 = ORIENTED_EDGE('',*,*,#5352,.T.);
#5352 = EDGE_CURVE('',#4757,#4918,#5353,.T.);
#5353 = SURFACE_CURVE('',#5354,(#5358,#5365),.PCURVE_S1.);
#5354 = LINE('',#5355,#5356);
#5355 = CARTESIAN_POINT('',(-24.78534303491,-22.8,-63.5));
#5356 = VECTOR('',#5357,1.);
#5357 = DIRECTION('',(0.,1.,0.));
#5358 = PCURVE('',#4798,#5359);
#5359 = DEFINITIONAL_REPRESENTATION('',(#5360),#5364);
#5360 = LINE('',#5361,#5362);
#5361 = CARTESIAN_POINT('',(0.,0.));
#5362 = VECTOR('',#5363,1.);
#5363 = DIRECTION('',(0.,-1.));
#5364 = ( GEOMETRIC_REPRESENTATION_CONTEXT(2) 
PARAMETRIC_REPRESENTATION_CONTEXT() REPRESENTATION_CONTEXT('2D SPACE',''
  ) );
#5365 = PCURVE('',#4772,#5366);
#5366 = DEFINITIONAL_REPRESENTATION('',(#5367),#5371);
#5367 = LINE('',#5368,#5369);
#5368 = CARTESIAN_POINT('',(4.214656965084,-0.));
#5369 = VECTOR('',#5370,1.);
#5370 = DIRECTION('',(0.,-1.));
#5371 = ( GEOMETRIC_REPRESENTATION_CONTEXT(2) 
PARAMETRIC_REPRESENTATION_CONTEXT() REPRESENTATION_CONTEXT('2D SPACE',''
  ) );
#5372 = ORIENTED_EDGE('',*,*,#4940,.T.);
#5373 = ORIENTED_EDGE('',*,*,#4845,.F.);
#5374 = ORIENTED_EDGE('',*,*,#4784,.F.);
#5375 = ADVANCED_FACE('',(#5376),#4772,.T.);
#5376 = FACE_BOUND('',#5377,.T.);
#5377 = EDGE_LOOP('',(#5378,#5379,#5380,#5381));
#5378 = ORIENTED_EDGE('',*,*,#4999,.T.);
#5379 = ORIENTED_EDGE('',*,*,#4917,.T.);
#5380 = ORIENTED_EDGE('',*,*,#5352,.F.);
#5381 = ORIENTED_EDGE('',*,*,#4756,.F.);
#5382 = ADVANCED_FACE('',(#5383),#4829,.F.);
#5383 = FACE_BOUND('',#5384,.F.);
#5384 = EDGE_LOOP('',(#5385,#5386,#5407,#5408));
#5385 = ORIENTED_EDGE('',*,*,#4812,.F.);
#5386 = ORIENTED_EDGE('',*,*,#5387,.F.);
#5387 = EDGE_CURVE('',#5326,#4813,#5388,.T.);
#5388 = SEAM_CURVE('',#5389,(#5393,#5400),.PCURVE_S1.);
#5389 = LINE('',#5390,#5391);
#5390 = CARTESIAN_POINT('',(-29.,-24.6,-61.35));
#5391 = VECTOR('',#5392,1.);
#5392 = DIRECTION('',(0.,1.,0.));
#5393 = PCURVE('',#4829,#5394);
#5394 = DEFINITIONAL_REPRESENTATION('',(#5395),#5399);
#5395 = LINE('',#5396,#5397);
#5396 = CARTESIAN_POINT('',(6.28318530718,-0.));
#5397 = VECTOR('',#5398,1.);
#5398 = DIRECTION('',(0.,1.));
#5399 = ( GEOMETRIC_REPRESENTATION_CONTEXT(2) 
PARAMETRIC_REPRESENTATION_CONTEXT() REPRESENTATION_CONTEXT('2D SPACE',''
  ) );
#5400 = PCURVE('',#4829,#5401);
#5401 = DEFINITIONAL_REPRESENTATION('',(#5402),#5406);
#5402 = LINE('',#5403,#5404);
#5403 = CARTESIAN_POINT('',(0.,-0.));
#5404 = VECTOR('',#5405,1.);
#5405 = DIRECTION('',(0.,1.));
#5406 = ( GEOMETRIC_REPRESENTATION_CONTEXT(2) 
PARAMETRIC_REPRESENTATION_CONTEXT() REPRESENTATION_CONTEXT('2D SPACE',''
  ) );
#5407 = ORIENTED_EDGE('',*,*,#5325,.T.);
#5408 = ORIENTED_EDGE('',*,*,#5387,.T.);
#5409 = ADVANCED_FACE('',(#5410),#4981,.F.);
#5410 = FACE_BOUND('',#5411,.F.);
#5411 = EDGE_LOOP('',(#5412,#5435,#5462,#5463));
#5412 = ORIENTED_EDGE('',*,*,#5413,.T.);
#5413 = EDGE_CURVE('',#4965,#5414,#5416,.T.);
#5414 = VERTEX_POINT('',#5415);
#5415 = CARTESIAN_POINT('',(-29.,-11.9,-61.35));
#5416 = SEAM_CURVE('',#5417,(#5421,#5428),.PCURVE_S1.);
#5417 = LINE('',#5418,#5419);
#5418 = CARTESIAN_POINT('',(-29.,-24.6,-61.35));
#5419 = VECTOR('',#5420,1.);
#5420 = DIRECTION('',(0.,1.,0.));
#5421 = PCURVE('',#4981,#5422);
#5422 = DEFINITIONAL_REPRESENTATION('',(#5423),#5427);
#5423 = LINE('',#5424,#5425);
#5424 = CARTESIAN_POINT('',(6.28318530718,-0.));
#5425 = VECTOR('',#5426,1.);
#5426 = DIRECTION('',(0.,1.));
#5427 = ( GEOMETRIC_REPRESENTATION_CONTEXT(2) 
PARAMETRIC_REPRESENTATION_CONTEXT() REPRESENTATION_CONTEXT('2D SPACE',''
  ) );
#5428 = PCURVE('',#4981,#5429);
#5429 = DEFINITIONAL_REPRESENTATION('',(#5430),#5434);
#5430 = LINE('',#5431,#5432);
#5431 = CARTESIAN_POINT('',(0.,-0.));
#5432 = VECTOR('',#5433,1.);
#5433 = DIRECTION('',(0.,1.));
#5434 = ( GEOMETRIC_REPRESENTATION_CONTEXT(2) 
PARAMETRIC_REPRESENTATION_CONTEXT() REPRESENTATION_CONTEXT('2D SPACE',''
  ) );
#5435 = ORIENTED_EDGE('',*,*,#5436,.F.);
#5436 = EDGE_CURVE('',#5414,#5414,#5437,.T.);
#5437 = SURFACE_CURVE('',#5438,(#5443,#5450),.PCURVE_S1.);
#5438 = CIRCLE('',#5439,2.15);
#5439 = AXIS2_PLACEMENT_3D('',#5440,#5441,#5442);
#5440 = CARTESIAN_POINT('',(-29.,-11.9,-63.5));
#5441 = DIRECTION('',(0.,1.,0.));
#5442 = DIRECTION('',(0.,-0.,1.));
#5443 = PCURVE('',#4981,#5444);
#5444 = DEFINITIONAL_REPRESENTATION('',(#5445),#5449);
#5445 = LINE('',#5446,#5447);
#5446 = CARTESIAN_POINT('',(0.,12.7));
#5447 = VECTOR('',#5448,1.);
#5448 = DIRECTION('',(1.,0.));
#5449 = ( GEOMETRIC_REPRESENTATION_CONTEXT(2) 
PARAMETRIC_REPRESENTATION_CONTEXT() REPRESENTATION_CONTEXT('2D SPACE',''
  ) );
#5450 = PCURVE('',#5451,#5456);
#5451 = PLANE('',#5452);
#5452 = AXIS2_PLACEMENT_3D('',#5453,#5454,#5455);
#5453 = CARTESIAN_POINT('',(-29.,-11.9,-63.5));
#5454 = DIRECTION('',(0.,1.,0.));
#5455 = DIRECTION('',(0.,-0.,1.));
#5456 = DEFINITIONAL_REPRESENTATION('',(#5457),#5461);
#5457 = CIRCLE('',#5458,2.15);
#5458 = AXIS2_PLACEMENT_2D('',#5459,#5460);
#5459 = CARTESIAN_POINT('',(0.,0.));
#5460 = DIRECTION('',(1.,0.));
#5461 = ( GEOMETRIC_REPRESENTATION_CONTEXT(2) 
PARAMETRIC_REPRESENTATION_CONTEXT() REPRESENTATION_CONTEXT('2D SPACE',''
  ) );
#5462 = ORIENTED_EDGE('',*,*,#5413,.F.);
#5463 = ORIENTED_EDGE('',*,*,#4964,.T.);
#5464 = ADVANCED_FACE('',(#5465),#5083,.T.);
#5465 = FACE_BOUND('',#5466,.F.);
#5466 = EDGE_LOOP('',(#5467,#5468,#5469,#5470));
#5467 = ORIENTED_EDGE('',*,*,#5069,.F.);
#5468 = ORIENTED_EDGE('',*,*,#5267,.T.);
#5469 = ORIENTED_EDGE('',*,*,#5209,.T.);
#5470 = ORIENTED_EDGE('',*,*,#5294,.F.);
#5471 = ADVANCED_FACE('',(#5472,#5575),#5117,.F.);
#5472 = FACE_BOUND('',#5473,.F.);
#5473 = EDGE_LOOP('',(#5474,#5475,#5498,#5526,#5554));
#5474 = ORIENTED_EDGE('',*,*,#5100,.F.);
#5475 = ORIENTED_EDGE('',*,*,#5476,.F.);
#5476 = EDGE_CURVE('',#5477,#5101,#5479,.T.);
#5477 = VERTEX_POINT('',#5478);
#5478 = CARTESIAN_POINT('',(26.892671517458,-19.4,-67.15));
#5479 = SURFACE_CURVE('',#5480,(#5484,#5491),.PCURVE_S1.);
#5480 = LINE('',#5481,#5482);
#5481 = CARTESIAN_POINT('',(26.892671517458,-19.4,-67.15));
#5482 = VECTOR('',#5483,1.);
#5483 = DIRECTION('',(1.,0.,0.));
#5484 = PCURVE('',#5117,#5485);
#5485 = DEFINITIONAL_REPRESENTATION('',(#5486),#5490);
#5486 = LINE('',#5487,#5488);
#5487 = CARTESIAN_POINT('',(-2.107328482542,3.65));
#5488 = VECTOR('',#5489,1.);
#5489 = DIRECTION('',(1.,0.));
#5490 = ( GEOMETRIC_REPRESENTATION_CONTEXT(2) 
PARAMETRIC_REPRESENTATION_CONTEXT() REPRESENTATION_CONTEXT('2D SPACE',''
  ) );
#5491 = PCURVE('',#5143,#5492);
#5492 = DEFINITIONAL_REPRESENTATION('',(#5493),#5497);
#5493 = LINE('',#5494,#5495);
#5494 = CARTESIAN_POINT('',(4.214656965084,-3.4));
#5495 = VECTOR('',#5496,1.);
#5496 = DIRECTION('',(-1.,0.));
#5497 = ( GEOMETRIC_REPRESENTATION_CONTEXT(2) 
PARAMETRIC_REPRESENTATION_CONTEXT() REPRESENTATION_CONTEXT('2D SPACE',''
  ) );
#5498 = ORIENTED_EDGE('',*,*,#5499,.T.);
#5499 = EDGE_CURVE('',#5477,#5500,#5502,.T.);
#5500 = VERTEX_POINT('',#5501);
#5501 = CARTESIAN_POINT('',(24.785343034916,-19.4,-63.5));
#5502 = SURFACE_CURVE('',#5503,(#5507,#5514),.PCURVE_S1.);
#5503 = LINE('',#5504,#5505);
#5504 = CARTESIAN_POINT('',(26.892671517458,-19.4,-67.15));
#5505 = VECTOR('',#5506,1.);
#5506 = DIRECTION('',(-0.5,0.,0.866025403784));
#5507 = PCURVE('',#5117,#5508);
#5508 = DEFINITIONAL_REPRESENTATION('',(#5509),#5513);
#5509 = LINE('',#5510,#5511);
#5510 = CARTESIAN_POINT('',(-2.107328482542,3.65));
#5511 = VECTOR('',#5512,1.);
#5512 = DIRECTION('',(-0.5,-0.866025403784));
#5513 = ( GEOMETRIC_REPRESENTATION_CONTEXT(2) 
PARAMETRIC_REPRESENTATION_CONTEXT() REPRESENTATION_CONTEXT('2D SPACE',''
  ) );
#5514 = PCURVE('',#5515,#5520);
#5515 = PLANE('',#5516);
#5516 = AXIS2_PLACEMENT_3D('',#5517,#5518,#5519);
#5517 = CARTESIAN_POINT('',(26.892671517458,-22.8,-67.15));
#5518 = DIRECTION('',(0.866025403784,0.,0.5));
#5519 = DIRECTION('',(-0.5,0.,0.866025403784));
#5520 = DEFINITIONAL_REPRESENTATION('',(#5521),#5525);
#5521 = LINE('',#5522,#5523);
#5522 = CARTESIAN_POINT('',(0.,-3.4));
#5523 = VECTOR('',#5524,1.);
#5524 = DIRECTION('',(1.,0.));
#5525 = ( GEOMETRIC_REPRESENTATION_CONTEXT(2) 
PARAMETRIC_REPRESENTATION_CONTEXT() REPRESENTATION_CONTEXT('2D SPACE',''
  ) );
#5526 = ORIENTED_EDGE('',*,*,#5527,.T.);
#5527 = EDGE_CURVE('',#5500,#5528,#5530,.T.);
#5528 = VERTEX_POINT('',#5529);
#5529 = CARTESIAN_POINT('',(26.892671517458,-19.4,-59.85));
#5530 = SURFACE_CURVE('',#5531,(#5535,#5542),.PCURVE_S1.);
#5531 = LINE('',#5532,#5533);
#5532 = CARTESIAN_POINT('',(24.785343034916,-19.4,-63.5));
#5533 = VECTOR('',#5534,1.);
#5534 = DIRECTION('',(0.5,0.,0.866025403784));
#5535 = PCURVE('',#5117,#5536);
#5536 = DEFINITIONAL_REPRESENTATION('',(#5537),#5541);
#5537 = LINE('',#5538,#5539);
#5538 = CARTESIAN_POINT('',(-4.214656965084,0.));
#5539 = VECTOR('',#5540,1.);
#5540 = DIRECTION('',(0.5,-0.866025403784));
#5541 = ( GEOMETRIC_REPRESENTATION_CONTEXT(2) 
PARAMETRIC_REPRESENTATION_CONTEXT() REPRESENTATION_CONTEXT('2D SPACE',''
  ) );
#5542 = PCURVE('',#5543,#5548);
#5543 = PLANE('',#5544);
#5544 = AXIS2_PLACEMENT_3D('',#5545,#5546,#5547);
#5545 = CARTESIAN_POINT('',(24.785343034916,-22.8,-63.5));
#5546 = DIRECTION('',(0.866025403784,0.,-0.5));
#5547 = DIRECTION('',(0.5,0.,0.866025403784));
#5548 = DEFINITIONAL_REPRESENTATION('',(#5549),#5553);
#5549 = LINE('',#5550,#5551);
#5550 = CARTESIAN_POINT('',(0.,-3.4));
#5551 = VECTOR('',#5552,1.);
#5552 = DIRECTION('',(1.,0.));
#5553 = ( GEOMETRIC_REPRESENTATION_CONTEXT(2) 
PARAMETRIC_REPRESENTATION_CONTEXT() REPRESENTATION_CONTEXT('2D SPACE',''
  ) );
#5554 = ORIENTED_EDGE('',*,*,#5555,.T.);
#5555 = EDGE_CURVE('',#5528,#5103,#5556,.T.);
#5556 = SURFACE_CURVE('',#5557,(#5561,#5568),.PCURVE_S1.);
#5557 = LINE('',#5558,#5559);
#5558 = CARTESIAN_POINT('',(26.892671517458,-19.4,-59.85));
#5559 = VECTOR('',#5560,1.);
#5560 = DIRECTION('',(1.,0.,0.));
#5561 = PCURVE('',#5117,#5562);
#5562 = DEFINITIONAL_REPRESENTATION('',(#5563),#5567);
#5563 = LINE('',#5564,#5565);
#5564 = CARTESIAN_POINT('',(-2.107328482542,-3.65));
#5565 = VECTOR('',#5566,1.);
#5566 = DIRECTION('',(1.,0.));
#5567 = ( GEOMETRIC_REPRESENTATION_CONTEXT(2) 
PARAMETRIC_REPRESENTATION_CONTEXT() REPRESENTATION_CONTEXT('2D SPACE',''
  ) );
#5568 = PCURVE('',#5193,#5569);
#5569 = DEFINITIONAL_REPRESENTATION('',(#5570),#5574);
#5570 = LINE('',#5571,#5572);
#5571 = CARTESIAN_POINT('',(0.,-3.4));
#5572 = VECTOR('',#5573,1.);
#5573 = DIRECTION('',(1.,0.));
#5574 = ( GEOMETRIC_REPRESENTATION_CONTEXT(2) 
PARAMETRIC_REPRESENTATION_CONTEXT() REPRESENTATION_CONTEXT('2D SPACE',''
  ) );
#5575 = FACE_BOUND('',#5576,.F.);
#5576 = EDGE_LOOP('',(#5577));
#5577 = ORIENTED_EDGE('',*,*,#5578,.F.);
#5578 = EDGE_CURVE('',#5579,#5579,#5581,.T.);
#5579 = VERTEX_POINT('',#5580);
#5580 = CARTESIAN_POINT('',(29.,-19.4,-61.35));
#5581 = SURFACE_CURVE('',#5582,(#5587,#5594),.PCURVE_S1.);
#5582 = CIRCLE('',#5583,2.15);
#5583 = AXIS2_PLACEMENT_3D('',#5584,#5585,#5586);
#5584 = CARTESIAN_POINT('',(29.,-19.4,-63.5));
#5585 = DIRECTION('',(0.,1.,0.));
#5586 = DIRECTION('',(0.,-0.,1.));
#5587 = PCURVE('',#5117,#5588);
#5588 = DEFINITIONAL_REPRESENTATION('',(#5589),#5593);
#5589 = CIRCLE('',#5590,2.15);
#5590 = AXIS2_PLACEMENT_2D('',#5591,#5592);
#5591 = CARTESIAN_POINT('',(0.,0.));
#5592 = DIRECTION('',(0.,-1.));
#5593 = ( GEOMETRIC_REPRESENTATION_CONTEXT(2) 
PARAMETRIC_REPRESENTATION_CONTEXT() REPRESENTATION_CONTEXT('2D SPACE',''
  ) );
#5594 = PCURVE('',#5595,#5600);
#5595 = CYLINDRICAL_SURFACE('',#5596,2.15);
#5596 = AXIS2_PLACEMENT_3D('',#5597,#5598,#5599);
#5597 = CARTESIAN_POINT('',(29.,-24.6,-63.5));
#5598 = DIRECTION('',(0.,1.,0.));
#5599 = DIRECTION('',(0.,-0.,1.));
#5600 = DEFINITIONAL_REPRESENTATION('',(#5601),#5605);
#5601 = LINE('',#5602,#5603);
#5602 = CARTESIAN_POINT('',(0.,5.2));
#5603 = VECTOR('',#5604,1.);
#5604 = DIRECTION('',(1.,0.));
#5605 = ( GEOMETRIC_REPRESENTATION_CONTEXT(2) 
PARAMETRIC_REPRESENTATION_CONTEXT() REPRESENTATION_CONTEXT('2D SPACE',''
  ) );
#5606 = ADVANCED_FACE('',(#5607),#5193,.T.);
#5607 = FACE_BOUND('',#5608,.T.);
#5608 = EDGE_LOOP('',(#5609,#5632,#5653,#5654));
#5609 = ORIENTED_EDGE('',*,*,#5610,.T.);
#5610 = EDGE_CURVE('',#5155,#5611,#5613,.T.);
#5611 = VERTEX_POINT('',#5612);
#5612 = CARTESIAN_POINT('',(26.892671517458,-22.8,-59.85));
#5613 = SURFACE_CURVE('',#5614,(#5618,#5625),.PCURVE_S1.);
#5614 = LINE('',#5615,#5616);
#5615 = CARTESIAN_POINT('',(35.5,-22.8,-59.85));
#5616 = VECTOR('',#5617,1.);
#5617 = DIRECTION('',(-1.,0.,0.));
#5618 = PCURVE('',#5193,#5619);
#5619 = DEFINITIONAL_REPRESENTATION('',(#5620),#5624);
#5620 = LINE('',#5621,#5622);
#5621 = CARTESIAN_POINT('',(8.607328482542,0.));
#5622 = VECTOR('',#5623,1.);
#5623 = DIRECTION('',(-1.,-0.));
#5624 = ( GEOMETRIC_REPRESENTATION_CONTEXT(2) 
PARAMETRIC_REPRESENTATION_CONTEXT() REPRESENTATION_CONTEXT('2D SPACE',''
  ) );
#5625 = PCURVE('',#5169,#5626);
#5626 = DEFINITIONAL_REPRESENTATION('',(#5627),#5631);
#5627 = LINE('',#5628,#5629);
#5628 = CARTESIAN_POINT('',(6.5,-3.65));
#5629 = VECTOR('',#5630,1.);
#5630 = DIRECTION('',(-1.,0.));
#5631 = ( GEOMETRIC_REPRESENTATION_CONTEXT(2) 
PARAMETRIC_REPRESENTATION_CONTEXT() REPRESENTATION_CONTEXT('2D SPACE',''
  ) );
#5632 = ORIENTED_EDGE('',*,*,#5633,.T.);
#5633 = EDGE_CURVE('',#5611,#5528,#5634,.T.);
#5634 = SURFACE_CURVE('',#5635,(#5639,#5646),.PCURVE_S1.);
#5635 = LINE('',#5636,#5637);
#5636 = CARTESIAN_POINT('',(26.892671517458,-22.8,-59.85));
#5637 = VECTOR('',#5638,1.);
#5638 = DIRECTION('',(0.,1.,0.));
#5639 = PCURVE('',#5193,#5640);
#5640 = DEFINITIONAL_REPRESENTATION('',(#5641),#5645);
#5641 = LINE('',#5642,#5643);
#5642 = CARTESIAN_POINT('',(0.,0.));
#5643 = VECTOR('',#5644,1.);
#5644 = DIRECTION('',(0.,-1.));
#5645 = ( GEOMETRIC_REPRESENTATION_CONTEXT(2) 
PARAMETRIC_REPRESENTATION_CONTEXT() REPRESENTATION_CONTEXT('2D SPACE',''
  ) );
#5646 = PCURVE('',#5543,#5647);
#5647 = DEFINITIONAL_REPRESENTATION('',(#5648),#5652);
#5648 = LINE('',#5649,#5650);
#5649 = CARTESIAN_POINT('',(4.214656965084,0.));
#5650 = VECTOR('',#5651,1.);
#5651 = DIRECTION('',(0.,-1.));
#5652 = ( GEOMETRIC_REPRESENTATION_CONTEXT(2) 
PARAMETRIC_REPRESENTATION_CONTEXT() REPRESENTATION_CONTEXT('2D SPACE',''
  ) );
#5653 = ORIENTED_EDGE('',*,*,#5555,.T.);
#5654 = ORIENTED_EDGE('',*,*,#5180,.F.);
#5655 = ADVANCED_FACE('',(#5656,#5727),#5169,.T.);
#5656 = FACE_BOUND('',#5657,.T.);
#5657 = EDGE_LOOP('',(#5658,#5659,#5660,#5683,#5706));
#5658 = ORIENTED_EDGE('',*,*,#5610,.F.);
#5659 = ORIENTED_EDGE('',*,*,#5154,.F.);
#5660 = ORIENTED_EDGE('',*,*,#5661,.T.);
#5661 = EDGE_CURVE('',#5129,#5662,#5664,.T.);
#5662 = VERTEX_POINT('',#5663);
#5663 = CARTESIAN_POINT('',(26.892671517458,-22.8,-67.15));
#5664 = SURFACE_CURVE('',#5665,(#5669,#5676),.PCURVE_S1.);
#5665 = LINE('',#5666,#5667);
#5666 = CARTESIAN_POINT('',(35.5,-22.8,-67.15));
#5667 = VECTOR('',#5668,1.);
#5668 = DIRECTION('',(-1.,0.,0.));
#5669 = PCURVE('',#5169,#5670);
#5670 = DEFINITIONAL_REPRESENTATION('',(#5671),#5675);
#5671 = LINE('',#5672,#5673);
#5672 = CARTESIAN_POINT('',(6.5,3.65));
#5673 = VECTOR('',#5674,1.);
#5674 = DIRECTION('',(-1.,0.));
#5675 = ( GEOMETRIC_REPRESENTATION_CONTEXT(2) 
PARAMETRIC_REPRESENTATION_CONTEXT() REPRESENTATION_CONTEXT('2D SPACE',''
  ) );
#5676 = PCURVE('',#5143,#5677);
#5677 = DEFINITIONAL_REPRESENTATION('',(#5678),#5682);
#5678 = LINE('',#5679,#5680);
#5679 = CARTESIAN_POINT('',(-4.392671517458,0.));
#5680 = VECTOR('',#5681,1.);
#5681 = DIRECTION('',(1.,0.));
#5682 = ( GEOMETRIC_REPRESENTATION_CONTEXT(2) 
PARAMETRIC_REPRESENTATION_CONTEXT() REPRESENTATION_CONTEXT('2D SPACE',''
  ) );
#5683 = ORIENTED_EDGE('',*,*,#5684,.T.);
#5684 = EDGE_CURVE('',#5662,#5685,#5687,.T.);
#5685 = VERTEX_POINT('',#5686);
#5686 = CARTESIAN_POINT('',(24.785343034916,-22.8,-63.5));
#5687 = SURFACE_CURVE('',#5688,(#5692,#5699),.PCURVE_S1.);
#5688 = LINE('',#5689,#5690);
#5689 = CARTESIAN_POINT('',(26.892671517458,-22.8,-67.15));
#5690 = VECTOR('',#5691,1.);
#5691 = DIRECTION('',(-0.5,0.,0.866025403784));
#5692 = PCURVE('',#5169,#5693);
#5693 = DEFINITIONAL_REPRESENTATION('',(#5694),#5698);
#5694 = LINE('',#5695,#5696);
#5695 = CARTESIAN_POINT('',(-2.107328482542,3.65));
#5696 = VECTOR('',#5697,1.);
#5697 = DIRECTION('',(-0.5,-0.866025403784));
#5698 = ( GEOMETRIC_REPRESENTATION_CONTEXT(2) 
PARAMETRIC_REPRESENTATION_CONTEXT() REPRESENTATION_CONTEXT('2D SPACE',''
  ) );
#5699 = PCURVE('',#5515,#5700);
#5700 = DEFINITIONAL_REPRESENTATION('',(#5701),#5705);
#5701 = LINE('',#5702,#5703);
#5702 = CARTESIAN_POINT('',(0.,0.));
#5703 = VECTOR('',#5704,1.);
#5704 = DIRECTION('',(1.,0.));
#5705 = ( GEOMETRIC_REPRESENTATION_CONTEXT(2) 
PARAMETRIC_REPRESENTATION_CONTEXT() REPRESENTATION_CONTEXT('2D SPACE',''
  ) );
#5706 = ORIENTED_EDGE('',*,*,#5707,.T.);
#5707 = EDGE_CURVE('',#5685,#5611,#5708,.T.);
#5708 = SURFACE_CURVE('',#5709,(#5713,#5720),.PCURVE_S1.);
#5709 = LINE('',#5710,#5711);
#5710 = CARTESIAN_POINT('',(24.785343034916,-22.8,-63.5));
#5711 = VECTOR('',#5712,1.);
#5712 = DIRECTION('',(0.5,0.,0.866025403784));
#5713 = PCURVE('',#5169,#5714);
#5714 = DEFINITIONAL_REPRESENTATION('',(#5715),#5719);
#5715 = LINE('',#5716,#5717);
#5716 = CARTESIAN_POINT('',(-4.214656965084,0.));
#5717 = VECTOR('',#5718,1.);
#5718 = DIRECTION('',(0.5,-0.866025403784));
#5719 = ( GEOMETRIC_REPRESENTATION_CONTEXT(2) 
PARAMETRIC_REPRESENTATION_CONTEXT() REPRESENTATION_CONTEXT('2D SPACE',''
  ) );
#5720 = PCURVE('',#5543,#5721);
#5721 = DEFINITIONAL_REPRESENTATION('',(#5722),#5726);
#5722 = LINE('',#5723,#5724);
#5723 = CARTESIAN_POINT('',(0.,0.));
#5724 = VECTOR('',#5725,1.);
#5725 = DIRECTION('',(1.,0.));
#5726 = ( GEOMETRIC_REPRESENTATION_CONTEXT(2) 
PARAMETRIC_REPRESENTATION_CONTEXT() REPRESENTATION_CONTEXT('2D SPACE',''
  ) );
#5727 = FACE_BOUND('',#5728,.T.);
#5728 = EDGE_LOOP('',(#5729));
#5729 = ORIENTED_EDGE('',*,*,#5730,.F.);
#5730 = EDGE_CURVE('',#5731,#5731,#5733,.T.);
#5731 = VERTEX_POINT('',#5732);
#5732 = CARTESIAN_POINT('',(29.,-22.8,-61.35));
#5733 = SURFACE_CURVE('',#5734,(#5739,#5746),.PCURVE_S1.);
#5734 = CIRCLE('',#5735,2.15);
#5735 = AXIS2_PLACEMENT_3D('',#5736,#5737,#5738);
#5736 = CARTESIAN_POINT('',(29.,-22.8,-63.5));
#5737 = DIRECTION('',(0.,1.,0.));
#5738 = DIRECTION('',(0.,-0.,1.));
#5739 = PCURVE('',#5169,#5740);
#5740 = DEFINITIONAL_REPRESENTATION('',(#5741),#5745);
#5741 = CIRCLE('',#5742,2.15);
#5742 = AXIS2_PLACEMENT_2D('',#5743,#5744);
#5743 = CARTESIAN_POINT('',(0.,0.));
#5744 = DIRECTION('',(0.,-1.));
#5745 = ( GEOMETRIC_REPRESENTATION_CONTEXT(2) 
PARAMETRIC_REPRESENTATION_CONTEXT() REPRESENTATION_CONTEXT('2D SPACE',''
  ) );
#5746 = PCURVE('',#5250,#5747);
#5747 = DEFINITIONAL_REPRESENTATION('',(#5748),#5752);
#5748 = LINE('',#5749,#5750);
#5749 = CARTESIAN_POINT('',(0.,1.8));
#5750 = VECTOR('',#5751,1.);
#5751 = DIRECTION('',(1.,0.));
#5752 = ( GEOMETRIC_REPRESENTATION_CONTEXT(2) 
PARAMETRIC_REPRESENTATION_CONTEXT() REPRESENTATION_CONTEXT('2D SPACE',''
  ) );
#5753 = ADVANCED_FACE('',(#5754),#5143,.T.);
#5754 = FACE_BOUND('',#5755,.T.);
#5755 = EDGE_LOOP('',(#5756,#5757,#5758,#5759));
#5756 = ORIENTED_EDGE('',*,*,#5661,.F.);
#5757 = ORIENTED_EDGE('',*,*,#5128,.F.);
#5758 = ORIENTED_EDGE('',*,*,#5476,.F.);
#5759 = ORIENTED_EDGE('',*,*,#5760,.F.);
#5760 = EDGE_CURVE('',#5662,#5477,#5761,.T.);
#5761 = SURFACE_CURVE('',#5762,(#5766,#5773),.PCURVE_S1.);
#5762 = LINE('',#5763,#5764);
#5763 = CARTESIAN_POINT('',(26.892671517458,-22.8,-67.15));
#5764 = VECTOR('',#5765,1.);
#5765 = DIRECTION('',(0.,1.,0.));
#5766 = PCURVE('',#5143,#5767);
#5767 = DEFINITIONAL_REPRESENTATION('',(#5768),#5772);
#5768 = LINE('',#5769,#5770);
#5769 = CARTESIAN_POINT('',(4.214656965084,-0.));
#5770 = VECTOR('',#5771,1.);
#5771 = DIRECTION('',(0.,-1.));
#5772 = ( GEOMETRIC_REPRESENTATION_CONTEXT(2) 
PARAMETRIC_REPRESENTATION_CONTEXT() REPRESENTATION_CONTEXT('2D SPACE',''
  ) );
#5773 = PCURVE('',#5515,#5774);
#5774 = DEFINITIONAL_REPRESENTATION('',(#5775),#5779);
#5775 = LINE('',#5776,#5777);
#5776 = CARTESIAN_POINT('',(0.,0.));
#5777 = VECTOR('',#5778,1.);
#5778 = DIRECTION('',(0.,-1.));
#5779 = ( GEOMETRIC_REPRESENTATION_CONTEXT(2) 
PARAMETRIC_REPRESENTATION_CONTEXT() REPRESENTATION_CONTEXT('2D SPACE',''
  ) );
#5780 = ADVANCED_FACE('',(#5781),#5250,.F.);
#5781 = FACE_BOUND('',#5782,.F.);
#5782 = EDGE_LOOP('',(#5783,#5784,#5805,#5806));
#5783 = ORIENTED_EDGE('',*,*,#5730,.F.);
#5784 = ORIENTED_EDGE('',*,*,#5785,.F.);
#5785 = EDGE_CURVE('',#5234,#5731,#5786,.T.);
#5786 = SEAM_CURVE('',#5787,(#5791,#5798),.PCURVE_S1.);
#5787 = LINE('',#5788,#5789);
#5788 = CARTESIAN_POINT('',(29.,-24.6,-61.35));
#5789 = VECTOR('',#5790,1.);
#5790 = DIRECTION('',(0.,1.,0.));
#5791 = PCURVE('',#5250,#5792);
#5792 = DEFINITIONAL_REPRESENTATION('',(#5793),#5797);
#5793 = LINE('',#5794,#5795);
#5794 = CARTESIAN_POINT('',(6.28318530718,-0.));
#5795 = VECTOR('',#5796,1.);
#5796 = DIRECTION('',(0.,1.));
#5797 = ( GEOMETRIC_REPRESENTATION_CONTEXT(2) 
PARAMETRIC_REPRESENTATION_CONTEXT() REPRESENTATION_CONTEXT('2D SPACE',''
  ) );
#5798 = PCURVE('',#5250,#5799);
#5799 = DEFINITIONAL_REPRESENTATION('',(#5800),#5804);
#5800 = LINE('',#5801,#5802);
#5801 = CARTESIAN_POINT('',(0.,-0.));
#5802 = VECTOR('',#5803,1.);
#5803 = DIRECTION('',(0.,1.));
#5804 = ( GEOMETRIC_REPRESENTATION_CONTEXT(2) 
PARAMETRIC_REPRESENTATION_CONTEXT() REPRESENTATION_CONTEXT('2D SPACE',''
  ) );
#5805 = ORIENTED_EDGE('',*,*,#5233,.T.);
#5806 = ORIENTED_EDGE('',*,*,#5785,.T.);
#5807 = ADVANCED_FACE('',(#5808),#5451,.F.);
#5808 = FACE_BOUND('',#5809,.F.);
#5809 = EDGE_LOOP('',(#5810));
#5810 = ORIENTED_EDGE('',*,*,#5436,.T.);
#5811 = ADVANCED_FACE('',(#5812),#5543,.T.);
#5812 = FACE_BOUND('',#5813,.T.);
#5813 = EDGE_LOOP('',(#5814,#5835,#5836,#5837));
#5814 = ORIENTED_EDGE('',*,*,#5815,.T.);
#5815 = EDGE_CURVE('',#5685,#5500,#5816,.T.);
#5816 = SURFACE_CURVE('',#5817,(#5821,#5828),.PCURVE_S1.);
#5817 = LINE('',#5818,#5819);
#5818 = CARTESIAN_POINT('',(24.785343034916,-22.8,-63.5));
#5819 = VECTOR('',#5820,1.);
#5820 = DIRECTION('',(0.,1.,0.));
#5821 = PCURVE('',#5543,#5822);
#5822 = DEFINITIONAL_REPRESENTATION('',(#5823),#5827);
#5823 = LINE('',#5824,#5825);
#5824 = CARTESIAN_POINT('',(0.,0.));
#5825 = VECTOR('',#5826,1.);
#5826 = DIRECTION('',(0.,-1.));
#5827 = ( GEOMETRIC_REPRESENTATION_CONTEXT(2) 
PARAMETRIC_REPRESENTATION_CONTEXT() REPRESENTATION_CONTEXT('2D SPACE',''
  ) );
#5828 = PCURVE('',#5515,#5829);
#5829 = DEFINITIONAL_REPRESENTATION('',(#5830),#5834);
#5830 = LINE('',#5831,#5832);
#5831 = CARTESIAN_POINT('',(4.214656965084,0.));
#5832 = VECTOR('',#5833,1.);
#5833 = DIRECTION('',(0.,-1.));
#5834 = ( GEOMETRIC_REPRESENTATION_CONTEXT(2) 
PARAMETRIC_REPRESENTATION_CONTEXT() REPRESENTATION_CONTEXT('2D SPACE',''
  ) );
#5835 = ORIENTED_EDGE('',*,*,#5527,.T.);
#5836 = ORIENTED_EDGE('',*,*,#5633,.F.);
#5837 = ORIENTED_EDGE('',*,*,#5707,.F.);
#5838 = ADVANCED_FACE('',(#5839),#5515,.T.);
#5839 = FACE_BOUND('',#5840,.T.);
#5840 = EDGE_LOOP('',(#5841,#5842,#5843,#5844));
#5841 = ORIENTED_EDGE('',*,*,#5760,.T.);
#5842 = ORIENTED_EDGE('',*,*,#5499,.T.);
#5843 = ORIENTED_EDGE('',*,*,#5815,.F.);
#5844 = ORIENTED_EDGE('',*,*,#5684,.F.);
#5845 = ADVANCED_FACE('',(#5846),#5595,.F.);
#5846 = FACE_BOUND('',#5847,.F.);
#5847 = EDGE_LOOP('',(#5848,#5871,#5898,#5899));
#5848 = ORIENTED_EDGE('',*,*,#5849,.T.);
#5849 = EDGE_CURVE('',#5579,#5850,#5852,.T.);
#5850 = VERTEX_POINT('',#5851);
#5851 = CARTESIAN_POINT('',(29.,-11.9,-61.35));
#5852 = SEAM_CURVE('',#5853,(#5857,#5864),.PCURVE_S1.);
#5853 = LINE('',#5854,#5855);
#5854 = CARTESIAN_POINT('',(29.,-24.6,-61.35));
#5855 = VECTOR('',#5856,1.);
#5856 = DIRECTION('',(0.,1.,0.));
#5857 = PCURVE('',#5595,#5858);
#5858 = DEFINITIONAL_REPRESENTATION('',(#5859),#5863);
#5859 = LINE('',#5860,#5861);
#5860 = CARTESIAN_POINT('',(6.28318530718,-0.));
#5861 = VECTOR('',#5862,1.);
#5862 = DIRECTION('',(0.,1.));
#5863 = ( GEOMETRIC_REPRESENTATION_CONTEXT(2) 
PARAMETRIC_REPRESENTATION_CONTEXT() REPRESENTATION_CONTEXT('2D SPACE',''
  ) );
#5864 = PCURVE('',#5595,#5865);
#5865 = DEFINITIONAL_REPRESENTATION('',(#5866),#5870);
#5866 = LINE('',#5867,#5868);
#5867 = CARTESIAN_POINT('',(0.,-0.));
#5868 = VECTOR('',#5869,1.);
#5869 = DIRECTION('',(0.,1.));
#5870 = ( GEOMETRIC_REPRESENTATION_CONTEXT(2) 
PARAMETRIC_REPRESENTATION_CONTEXT() REPRESENTATION_CONTEXT('2D SPACE',''
  ) );
#5871 = ORIENTED_EDGE('',*,*,#5872,.F.);
#5872 = EDGE_CURVE('',#5850,#5850,#5873,.T.);
#5873 = SURFACE_CURVE('',#5874,(#5879,#5886),.PCURVE_S1.);
#5874 = CIRCLE('',#5875,2.15);
#5875 = AXIS2_PLACEMENT_3D('',#5876,#5877,#5878);
#5876 = CARTESIAN_POINT('',(29.,-11.9,-63.5));
#5877 = DIRECTION('',(0.,1.,0.));
#5878 = DIRECTION('',(0.,-0.,1.));
#5879 = PCURVE('',#5595,#5880);
#5880 = DEFINITIONAL_REPRESENTATION('',(#5881),#5885);
#5881 = LINE('',#5882,#5883);
#5882 = CARTESIAN_POINT('',(0.,12.7));
#5883 = VECTOR('',#5884,1.);
#5884 = DIRECTION('',(1.,0.));
#5885 = ( GEOMETRIC_REPRESENTATION_CONTEXT(2) 
PARAMETRIC_REPRESENTATION_CONTEXT() REPRESENTATION_CONTEXT('2D SPACE',''
  ) );
#5886 = PCURVE('',#5887,#5892);
#5887 = PLANE('',#5888);
#5888 = AXIS2_PLACEMENT_3D('',#5889,#5890,#5891);
#5889 = CARTESIAN_POINT('',(29.,-11.9,-63.5));
#5890 = DIRECTION('',(0.,1.,0.));
#5891 = DIRECTION('',(0.,-0.,1.));
#5892 = DEFINITIONAL_REPRESENTATION('',(#5893),#5897);
#5893 = CIRCLE('',#5894,2.15);
#5894 = AXIS2_PLACEMENT_2D('',#5895,#5896);
#5895 = CARTESIAN_POINT('',(0.,0.));
#5896 = DIRECTION('',(1.,0.));
#5897 = ( GEOMETRIC_REPRESENTATION_CONTEXT(2) 
PARAMETRIC_REPRESENTATION_CONTEXT() REPRESENTATION_CONTEXT('2D SPACE',''
  ) );
#5898 = ORIENTED_EDGE('',*,*,#5849,.F.);
#5899 = ORIENTED_EDGE('',*,*,#5578,.T.);
#5900 = ADVANCED_FACE('',(#5901),#5887,.F.);
#5901 = FACE_BOUND('',#5902,.F.);
#5902 = EDGE_LOOP('',(#5903));
#5903 = ORIENTED_EDGE('',*,*,#5872,.T.);
#5904 = ( GEOMETRIC_REPRESENTATION_CONTEXT(3) 
GLOBAL_UNCERTAINTY_ASSIGNED_CONTEXT((#5908)) 
GLOBAL_UNIT_ASSIGNED_CONTEXT((#5905,#5906,#5907)) REPRESENTATION_CONTEXT
('Context #1','3D Context with UNIT and UNCERTAINTY') );
#5905 = ( LENGTH_UNIT() NAMED_UNIT(*) SI_UNIT(.MILLI.,.METRE.) );
#5906 = ( NAMED_UNIT(*) PLANE_ANGLE_UNIT() SI_UNIT($,.RADIAN.) );
#5907 = ( NAMED_UNIT(*) SI_UNIT($,.STERADIAN.) SOLID_ANGLE_UNIT() );
#5908 = UNCERTAINTY_MEASURE_WITH_UNIT(LENGTH_MEASURE(2.E-06),#5905,
  'distance_accuracy_value','confusion accuracy');
#5909 = PRODUCT_RELATED_PRODUCT_CATEGORY('part',$,(#7));
ENDSEC;
END-ISO-10303-21;
